rollout_idx,rollout_step,truth_step_idx,event_subtype_id,feasible_action_count,selected_action_idx,best_action_idx,selected_candidate_cost,best_candidate_cost,candidate_cost_regret,selected_action_rank,selected_action_probability,max_action_probability,policy_entropy,q_top_action_idx,q_oracle_best_rank,selected_q_value,oracle_best_q_value
0,0,33300,1,22,18,19,0.16215237975120544,0.09973311424255371,0.06241926550865173,15,0.08929259330034256,0.08929259330034256,3.019900321960449,-1,,,
0,1,33301,1,1,18,18,0.14974495768547058,0.14974495768547058,0.0,1,1.0,1.0,-0.0,-1,,,
0,2,33302,1,1,18,18,0.13594366610050201,0.13594366610050201,0.0,1,1.0,1.0,-0.0,-1,,,
0,3,33303,1,1,18,18,0.12509241700172424,0.12509241700172424,0.0,1,1.0,1.0,-0.0,-1,,,
0,4,33304,1,1,18,18,0.11639437079429626,0.11639437079429626,0.0,1,1.0,1.0,-0.0,-1,,,
0,5,33305,1,1,18,18,0.107368603348732,0.107368603348732,0.0,1,1.0,1.0,-0.0,-1,,,
0,6,33306,1,22,18,14,0.10525447875261307,0.05076618865132332,0.05448829010128975,18,0.10502069443464279,0.10502069443464279,2.9822072982788086,-1,,,
0,7,33307,1,22,18,14,0.10480564832687378,0.05544150993227959,0.04936413839459419,18,0.11412165313959122,0.11412165313959122,2.971360445022583,-1,,,
0,8,33308,1,22,18,14,0.10630573332309723,0.05404652655124664,0.052259206771850586,17,0.12620148062705994,0.12620148062705994,2.938976287841797,-1,,,
0,9,33309,1,22,18,14,0.10952186584472656,0.057629965245723724,0.05189190059900284,17,0.1206103190779686,0.1206103190779686,2.9501802921295166,-1,,,
0,10,33310,1,22,18,14,0.11395201086997986,0.04642443731427193,0.06752757355570793,17,0.11398458480834961,0.11398458480834961,2.9636735916137695,-1,,,
0,11,33311,1,22,18,14,0.12031308561563492,0.05510641261935234,0.06520667299628258,18,0.12076632678508759,0.12076632678508759,2.943826198577881,-1,,,
0,12,33312,1,22,18,14,0.12493819743394852,0.04733893275260925,0.07759926468133926,19,0.12496887892484665,0.12496887892484665,2.9373011589050293,-1,,,
0,13,33313,1,22,18,14,0.1276138424873352,0.05701765418052673,0.07059618830680847,18,0.11142406612634659,0.11142406612634659,2.9740183353424072,-1,,,
0,14,33314,1,22,18,14,0.13119323551654816,0.0431118942797184,0.08808134123682976,19,0.11560172587633133,0.11560172587633133,2.9646048545837402,-1,,,
0,15,33315,1,22,18,14,0.13402913510799408,0.048305150121450424,0.08572398498654366,19,0.11457847058773041,0.11457847058773041,2.9666216373443604,-1,,,
0,16,33316,1,22,18,14,0.13314644992351532,0.04499664902687073,0.08814980089664459,20,0.11642200499773026,0.11642200499773026,2.9619522094726562,-1,,,
0,17,33317,1,22,18,14,0.13394387066364288,0.042720310389995575,0.09122356027364731,20,0.14883801341056824,0.14883801341056824,2.8732941150665283,-1,,,
0,18,33318,1,22,18,14,0.13485312461853027,0.045288246124982834,0.08956487849354744,19,0.11330101639032364,0.11330101639032364,2.969341516494751,-1,,,
0,19,33319,1,22,18,14,0.13599561154842377,0.051783859729766846,0.08421175181865692,19,0.10939052700996399,0.10939052700996399,2.9772846698760986,-1,,,
0,20,33320,1,22,18,14,0.13456657528877258,0.04288536310195923,0.09168121218681335,20,0.10967271775007248,0.10967271775007248,2.976966619491577,-1,,,
0,21,33321,1,22,18,14,0.13552460074424744,0.04271990805864334,0.0928046926856041,20,0.10712976008653641,0.10712976008653641,2.982848882675171,-1,,,
0,22,33322,1,22,18,14,0.13628506660461426,0.04656064882874489,0.08972441777586937,20,0.1089523658156395,0.1089523658156395,2.979041576385498,-1,,,
0,23,33323,1,22,18,14,0.1362733542919159,0.048204727470874786,0.08806862682104111,20,0.11420891433954239,0.11420891433954239,2.968021869659424,-1,,,
0,24,33324,1,22,18,14,0.13733042776584625,0.042061738669872284,0.09526868909597397,22,0.10517755150794983,0.10517755150794983,2.9868857860565186,-1,,,
0,25,33325,1,22,18,19,0.1375453770160675,0.056627869606018066,0.08091750741004944,21,0.110087089240551,0.110087089240551,2.972829580307007,-1,,,
0,26,33326,1,22,18,14,0.13862468302249908,0.043085504323244095,0.09553917869925499,21,0.10277418047189713,0.10277418047189713,2.993285655975342,-1,,,
0,27,33327,1,22,18,14,0.1385623961687088,0.04464403912425041,0.09391835704445839,21,0.10508839786052704,0.10508839786052704,2.978895425796509,-1,,,
0,28,33328,1,22,18,14,0.14073295891284943,0.04256981238722801,0.09816314652562141,21,0.10593953728675842,0.10593953728675842,2.9806501865386963,-1,,,
0,29,33329,1,22,18,14,0.14400902390480042,0.04484007880091667,0.09916894510388374,21,0.10713347792625427,0.10713347792625427,2.9751203060150146,-1,,,
0,30,33330,1,22,18,14,0.14494164288043976,0.04188799113035202,0.10305365175008774,21,0.10585922002792358,0.10585922002792358,2.9877758026123047,-1,,,
0,31,33331,1,22,18,14,0.147281214594841,0.043993838131427765,0.10328737646341324,22,0.12117582559585571,0.12117582559585571,2.9482991695404053,-1,,,
0,32,33332,1,22,18,14,0.15044039487838745,0.045128706842660904,0.10531168803572655,22,0.10994060337543488,0.10994060337543488,2.968139886856079,-1,,,
0,33,33333,1,22,18,14,0.1555798053741455,0.05085726082324982,0.10472254455089569,22,0.11810996383428574,0.11810996383428574,2.961793899536133,-1,,,
0,34,33334,1,22,18,14,0.1565581113100052,0.04809313639998436,0.10846497491002083,22,0.11152460426092148,0.11152460426092148,2.97475528717041,-1,,,
0,35,33335,1,22,18,14,0.15684492886066437,0.05442299321293831,0.10242193564772606,22,0.12013841420412064,0.12013841420412064,2.9556617736816406,-1,,,
0,36,33336,1,22,18,14,0.16148711740970612,0.05763597786426544,0.10385113954544067,22,0.12093063443899155,0.12093063443899155,2.946831703186035,-1,,,
0,37,33337,1,22,18,4,0.16304995119571686,0.06324516981840134,0.09980478137731552,22,0.11844290792942047,0.11844290792942047,2.959071636199951,-1,,,
0,38,33338,1,22,18,4,0.16436856985092163,0.06374341994524002,0.10062514990568161,22,0.1370621621608734,0.1370621621608734,2.901059150695801,-1,,,
0,39,33339,1,22,18,4,0.2055816799402237,0.07661138474941254,0.12897029519081116,22,0.12752753496170044,0.12752753496170044,2.923105239868164,-1,,,
0,40,33340,1,22,18,4,0.24460701644420624,0.09119023382663727,0.15341678261756897,22,0.11457382887601852,0.11457382887601852,2.955379009246826,-1,,,
0,41,33341,1,22,18,4,0.28270724415779114,0.10704503953456879,0.17566220462322235,22,0.133487731218338,0.133487731218338,2.9079949855804443,-1,,,
0,42,33342,1,22,18,6,0.3181011378765106,0.11543674021959305,0.20266439765691757,22,0.14072617888450623,0.14072617888450623,2.887483596801758,-1,,,
0,43,33343,1,22,18,6,0.3682659864425659,0.13375113904476166,0.23451484739780426,22,0.12971189618110657,0.12971189618110657,2.917914390563965,-1,,,
0,44,33344,1,22,18,6,0.4127776324748993,0.15420472621917725,0.25857290625572205,21,0.14400166273117065,0.14400166273117065,2.8644163608551025,-1,,,
0,45,33345,1,22,18,6,0.46225088834762573,0.16948553919792175,0.292765349149704,22,0.14419952034950256,0.14419952034950256,2.85880708694458,-1,,,
0,46,33346,0,22,18,3,0.5065911412239075,0.18790675699710846,0.318684384226799,22,0.14449548721313477,0.14449548721313477,2.869547128677368,-1,,,
0,47,33347,0,22,18,6,0.5234302878379822,0.1858237236738205,0.3376065641641617,21,0.14274416863918304,0.14274416863918304,2.870149850845337,-1,,,
0,48,33348,0,22,18,3,0.5336783528327942,0.18222472071647644,0.35145363211631775,22,0.1418198198080063,0.1418198198080063,2.876143455505371,-1,,,
0,49,33349,0,22,18,3,0.5449599623680115,0.17809751629829407,0.3668624460697174,22,0.13656742870807648,0.13656742870807648,2.9028096199035645,-1,,,
0,50,33350,0,22,18,3,0.5615797638893127,0.17161647975444794,0.3899632841348648,22,0.13130439817905426,0.13130439817905426,2.8837931156158447,-1,,,
0,51,33351,0,22,18,3,0.6584553122520447,0.1767442673444748,0.4817110449075699,21,0.11625057458877563,0.11625057458877563,2.9014177322387695,-1,,,
0,52,33352,0,22,18,3,0.7443171739578247,0.1543813943862915,0.5899357795715332,22,0.12021350115537643,0.12021350115537643,2.899238348007202,-1,,,
0,53,33353,0,22,18,3,0.8481912016868591,0.13303476572036743,0.7151564359664917,22,0.1145513504743576,0.1145513504743576,2.908447742462158,-1,,,
0,54,33354,0,22,18,3,0.9479979872703552,0.1298293173313141,0.8181686699390411,22,0.11238604784011841,0.11238604784011841,2.9103012084960938,-1,,,
0,55,33355,0,22,18,3,1.0515565872192383,0.12581464648246765,0.9257419407367706,22,0.09869695454835892,0.09869695454835892,2.943586826324463,-1,,,
0,56,33356,0,22,18,19,1.1269053220748901,0.13091570138931274,0.9959896206855774,22,0.09693733602762222,0.09693733602762222,2.946910858154297,-1,,,
0,57,33357,0,22,18,3,1.219720482826233,0.12916487455368042,1.0905556082725525,22,0.0963335931301117,0.0963335931301117,2.9525768756866455,-1,,,
0,58,33358,3,22,18,19,1.3153183460235596,0.14410509169101715,1.1712132543325424,21,0.0956505611538887,0.0956505611538887,2.9546432495117188,-1,,,
0,59,33359,3,22,18,3,1.324334740638733,0.1387496441602707,1.1855850964784622,22,0.09582020342350006,0.09582020342350006,2.954946517944336,-1,,,
0,60,33360,3,22,18,19,1.3303911685943604,0.15190647542476654,1.1784846931695938,22,0.10089793801307678,0.10089793801307678,2.94779109954834,-1,,,
0,61,33361,3,22,18,3,1.327844262123108,0.14100562036037445,1.1868386417627335,22,0.10801825672388077,0.10801825672388077,2.9207208156585693,-1,,,
0,62,33362,3,22,18,19,1.348097562789917,0.14498846232891083,1.2031091004610062,22,0.09907779842615128,0.09907779842615128,2.937556266784668,-1,,,
0,63,33363,3,22,18,19,1.3518085479736328,0.1418701708316803,1.2099383771419525,22,0.09796697646379471,0.09796697646379471,2.9422664642333984,-1,,,
0,64,33364,3,22,18,3,1.3904474973678589,0.1500791609287262,1.2403683364391327,22,0.09610486775636673,0.09610486775636673,2.9486939907073975,-1,,,
0,65,33365,3,22,18,17,1.4126206636428833,0.1414143294095993,1.271206334233284,22,0.11473237723112106,0.11473237723112106,2.905268669128418,-1,,,
0,66,33366,3,22,18,17,1.46518075466156,0.14056475460529327,1.3246160000562668,22,0.11055771261453629,0.11055771261453629,2.905543804168701,-1,,,
0,67,33367,3,22,18,17,1.4952201843261719,0.1275637447834015,1.3676564395427704,22,0.11887134611606598,0.11887134611606598,2.8868348598480225,-1,,,
0,68,33368,3,22,18,17,1.550041913986206,0.1202617809176445,1.4297801330685616,22,0.11458630859851837,0.11458630859851837,2.8951449394226074,-1,,,
0,69,33369,3,22,18,3,1.5940179824829102,0.11960630118846893,1.4744116812944412,22,0.12313137948513031,0.12313137948513031,2.881164073944092,-1,,,
0,70,33370,3,22,18,3,1.6415072679519653,0.12331918627023697,1.5181880816817284,22,0.09943517297506332,0.09943517297506332,2.9331917762756348,-1,,,
0,71,33371,3,22,18,3,1.6784948110580444,0.11483314633369446,1.56366166472435,22,0.1445351094007492,0.1445351094007492,2.8646695613861084,-1,,,
0,72,33372,3,22,18,3,1.5880049467086792,0.12740813195705414,1.460596814751625,22,0.13727405667304993,0.13727405667304993,2.8701157569885254,-1,,,
0,73,33373,3,22,18,3,1.4865461587905884,0.14530505239963531,1.341241106390953,22,0.1375688910484314,0.1375688910484314,2.875443696975708,-1,,,
0,74,33374,3,22,18,1,1.3606480360031128,0.16185905039310455,1.1987889856100082,22,0.13777576386928558,0.13777576386928558,2.882866621017456,-1,,,
0,75,33375,3,22,18,3,1.241693377494812,0.17156808078289032,1.0701252967119217,22,0.13705871999263763,0.13705871999263763,2.896761417388916,-1,,,
0,76,33376,3,22,18,3,1.12673020362854,0.17503583431243896,0.9516943693161011,22,0.1299564242362976,0.1299564242362976,2.902975559234619,-1,,,
0,77,33377,3,22,18,5,1.0012428760528564,0.18983261287212372,0.8114102631807327,22,0.13225403428077698,0.13225403428077698,2.9124438762664795,-1,,,
0,78,33378,3,22,18,1,0.8608171939849854,0.1836613267660141,0.6771558672189713,22,0.1321580857038498,0.1321580857038498,2.9170007705688477,-1,,,
0,79,33379,0,22,18,3,0.7280394434928894,0.1752154380083084,0.552824005484581,22,0.131279855966568,0.131279855966568,2.917088747024536,-1,,,
0,80,33380,0,22,18,3,0.7370670437812805,0.19101674854755402,0.5460502952337265,21,0.13134025037288666,0.13134025037288666,2.918268918991089,-1,,,
0,81,33381,0,22,18,3,0.7534736394882202,0.2075866460800171,0.5458869934082031,22,0.13302850723266602,0.13302850723266602,2.9154906272888184,-1,,,
0,82,33382,0,22,18,3,0.764677107334137,0.2167610377073288,0.5479160696268082,22,0.13325391709804535,0.13325391709804535,2.9112648963928223,-1,,,
0,83,33383,0,22,18,3,0.781286358833313,0.23853643238544464,0.5427499264478683,22,0.11676087975502014,0.11676087975502014,2.950939893722534,-1,,,
0,84,33384,0,22,18,3,0.7401794791221619,0.27412480115890503,0.46605467796325684,21,0.11395218968391418,0.11395218968391418,2.9553885459899902,-1,,,
0,85,33385,0,22,18,3,0.7068918943405151,0.3053087890148163,0.40158310532569885,22,0.1351373791694641,0.1351373791694641,2.9093754291534424,-1,,,
0,86,33386,0,22,18,3,0.6693621277809143,0.3332515060901642,0.3361106216907501,22,0.14185132086277008,0.14185132086277008,2.8901307582855225,-1,,,
0,87,33387,0,22,18,3,0.6349561810493469,0.35859358310699463,0.2763625979423523,22,0.13796329498291016,0.13796329498291016,2.901409387588501,-1,,,
0,88,33388,0,22,18,3,0.5789380073547363,0.34888532757759094,0.23005267977714539,22,0.13839811086654663,0.13839811086654663,2.899336814880371,-1,,,
0,89,33389,0,22,18,3,0.5134097933769226,0.33463728427886963,0.17877250909805298,21,0.13958406448364258,0.13958406448364258,2.8919105529785156,-1,,,
0,90,33390,0,22,18,3,0.44659700989723206,0.3177608847618103,0.12883612513542175,18,0.14112676680088043,0.14112676680088043,2.888859272003174,-1,,,
0,91,33391,2,22,18,3,0.3782395124435425,0.2780624330043793,0.10017707943916321,19,0.10993917286396027,0.10993917286396027,2.9736363887786865,-1,,,
0,92,33392,2,22,18,3,0.35249775648117065,0.22524259984493256,0.1272551566362381,19,0.09819330275058746,0.09819330275058746,2.9970500469207764,-1,,,
0,93,33393,2,22,18,3,0.3212287724018097,0.17885549366474152,0.14237327873706818,20,0.10236772894859314,0.10236772894859314,2.988401174545288,-1,,,
0,94,33394,2,22,18,3,0.2882327437400818,0.14391115307807922,0.14432159066200256,20,0.10592886805534363,0.10592886805534363,2.981376886367798,-1,,,
0,95,33395,2,22,18,3,0.25135740637779236,0.11002852022647858,0.14132888615131378,21,0.15015390515327454,0.15015390515327454,2.862534761428833,-1,,,
0,96,33396,2,22,18,17,0.2227664589881897,0.14961081743240356,0.07315564155578613,5,0.15830349922180176,0.15830349922180176,2.845182180404663,-1,,,
0,97,33397,2,22,18,6,0.20236606895923615,0.14584773778915405,0.05651833117008209,14,0.1244310811161995,0.1244310811161995,2.9328935146331787,-1,,,
0,98,33398,2,22,18,3,0.18066264688968658,0.15499164164066315,0.025671005249023438,15,0.12097100913524628,0.12097100913524628,2.9406793117523193,-1,,,
0,99,33399,2,22,18,3,0.16143465042114258,0.14548714458942413,0.015947505831718445,5,0.14145176112651825,0.14145176112651825,2.8912670612335205,-1,,,
0,100,33400,2,22,18,3,0.14694799482822418,0.14201627671718597,0.004931718111038208,3,0.12307950854301453,0.12307950854301453,2.934072494506836,-1,,,
0,101,33401,2,22,18,16,0.13615307211875916,0.13342241942882538,0.002730652689933777,2,0.10467948764562607,0.10467948764562607,2.98535418510437,-1,,,
0,102,33402,2,22,18,16,0.13002054393291473,0.11889227479696274,0.011128269135951996,3,0.10831453651189804,0.10831453651189804,2.9769959449768066,-1,,,
0,103,33403,2,22,18,3,0.12906689941883087,0.1168602854013443,0.012206614017486572,7,0.1227695569396019,0.1227695569396019,2.9344229698181152,-1,,,
0,104,33404,2,22,18,3,0.13532708585262299,0.09477861225605011,0.040548473596572876,12,0.1273096352815628,0.1273096352815628,2.926560163497925,-1,,,
0,105,33405,2,22,18,3,0.13641367852687836,0.0845036581158638,0.05191002041101456,14,0.12632602453231812,0.12632602453231812,2.9313278198242188,-1,,,
0,106,33406,2,22,18,21,0.13329926133155823,0.0866980329155922,0.046601228415966034,15,0.11105867475271225,0.11105867475271225,2.970794439315796,-1,,,
0,107,33407,2,22,18,21,0.1330982893705368,0.08616983890533447,0.04692845046520233,15,0.13290159404277802,0.13290159404277802,2.909480094909668,-1,,,
0,108,33408,2,22,18,7,0.13035036623477936,0.08508893102407455,0.0452614352107048,16,0.13225647807121277,0.13225647807121277,2.9100539684295654,-1,,,
0,109,33409,2,22,18,19,0.1309865415096283,0.08688309788703918,0.04410344362258911,16,0.12547321617603302,0.12547321617603302,2.9269492626190186,-1,,,
0,110,33410,2,22,18,19,0.1301233321428299,0.09279271960258484,0.037330612540245056,8,0.14010941982269287,0.14010941982269287,2.8948071002960205,-1,,,
0,111,33411,2,22,18,19,0.13441523909568787,0.10921285301446915,0.02520238608121872,7,0.1379125863313675,0.1379125863313675,2.8997480869293213,-1,,,
0,112,33412,2,22,18,19,0.1343250274658203,0.12111696600914001,0.013208061456680298,5,0.1484256088733673,0.1484256088733673,2.8694589138031006,-1,,,
0,113,33413,2,22,18,16,0.14556586742401123,0.13534629344940186,0.010219573974609375,8,0.12977619469165802,0.12977619469165802,2.9198057651519775,-1,,,
0,114,33414,2,22,18,13,0.16324931383132935,0.14182937145233154,0.021419942378997803,13,0.10866022109985352,0.10866022109985352,2.9760398864746094,-1,,,
0,115,33415,2,22,18,13,0.17727446556091309,0.1435980498790741,0.03367641568183899,15,0.136680468916893,0.136680468916893,2.9005980491638184,-1,,,
0,116,33416,2,22,18,11,0.19138288497924805,0.15287737548351288,0.03850550949573517,18,0.13464337587356567,0.13464337587356567,2.9083755016326904,-1,,,
0,117,33417,2,22,18,12,0.20837238430976868,0.161328986287117,0.04704339802265167,18,0.12505605816841125,0.12505605816841125,2.9318771362304688,-1,,,
0,118,33418,2,22,18,5,0.24328923225402832,0.1908874660730362,0.052401766180992126,16,0.14184151589870453,0.14184151589870453,2.8888962268829346,-1,,,
0,119,33419,2,22,18,1,0.2702043056488037,0.21376736462116241,0.056436941027641296,17,0.13361848890781403,0.13361848890781403,2.909534215927124,-1,,,
0,120,33420,2,22,18,5,0.3497330844402313,0.2931164503097534,0.056616634130477905,16,0.1144431009888649,0.1144431009888649,2.9543869495391846,-1,,,
0,121,33421,2,22,18,1,0.6533734202384949,0.5887240767478943,0.06464934349060059,17,0.1046312227845192,0.1046312227845192,2.9839985370635986,-1,,,
0,122,33422,2,22,18,1,1.0227569341659546,0.9623755216598511,0.060381412506103516,16,0.10761004686355591,0.10761004686355591,2.978916883468628,-1,,,
0,123,33423,2,22,18,0,1.6194062232971191,1.5619935989379883,0.05741262435913086,13,0.10144620388746262,0.10144620388746262,2.9900708198547363,-1,,,
0,124,33424,2,22,18,1,2.291996955871582,2.2347397804260254,0.05725717544555664,11,0.09709989279508591,0.09709989279508591,2.998401165008545,-1,,,
0,125,33425,2,22,18,0,3.0699257850646973,2.9917609691619873,0.07816481590270996,14,0.10034062713384628,0.10034062713384628,2.9909474849700928,-1,,,
0,126,33426,2,22,18,0,3.8350751399993896,3.7598049640655518,0.07527017593383789,13,0.0986621156334877,0.0986621156334877,2.9930553436279297,-1,,,
0,127,33427,2,22,18,0,4.602319717407227,4.499442100524902,0.10287761688232422,16,0.10041539371013641,0.10041539371013641,2.9891440868377686,-1,,,
0,128,33428,2,22,18,0,5.254920959472656,5.2135233879089355,0.0413975715637207,12,0.10150685906410217,0.10150685906410217,2.9872055053710938,-1,,,
0,129,33429,2,22,18,16,5.404451847076416,5.376544952392578,0.02790689468383789,6,0.12255005538463593,0.12255005538463593,2.9346578121185303,-1,,,
0,130,33430,2,22,18,17,5.467763900756836,5.407765865325928,0.0599980354309082,5,0.13071642816066742,0.13071642816066742,2.915283679962158,-1,,,
0,131,33431,2,22,18,17,5.057530879974365,4.998483657836914,0.05904722213745117,6,0.13612796366214752,0.13612796366214752,2.9027655124664307,-1,,,
0,132,33432,2,22,18,17,4.539632797241211,4.477695465087891,0.06193733215332031,6,0.13117526471614838,0.13117526471614838,2.911799430847168,-1,,,
0,133,33433,2,22,18,17,3.8349380493164062,3.7703611850738525,0.06457686424255371,6,0.13839788734912872,0.13839788734912872,2.8972270488739014,-1,,,
0,134,33434,2,22,18,17,3.2462568283081055,3.1806650161743164,0.06559181213378906,17,0.11526431888341904,0.11526431888341904,2.954023599624634,-1,,,
0,135,33435,2,22,18,19,2.6820850372314453,2.61999773979187,0.062087297439575195,7,0.1286204606294632,0.1286204606294632,2.9235777854919434,-1,,,
0,136,33436,2,22,18,19,2.201282501220703,2.1392035484313965,0.06207895278930664,17,0.11833382397890091,0.11833382397890091,2.957881450653076,-1,,,
0,137,33437,2,22,18,19,1.9894663095474243,1.925093650817871,0.06437265872955322,6,0.12889567017555237,0.12889567017555237,2.9337260723114014,-1,,,
0,138,33438,2,22,18,12,1.7934426069259644,1.7059653997421265,0.08747720718383789,22,0.11719798296689987,0.11719798296689987,2.962836265563965,-1,,,
0,139,33439,2,22,18,17,1.8340359926223755,1.7659993171691895,0.06803667545318604,6,0.15640777349472046,0.15640777349472046,2.850414514541626,-1,,,
0,140,33440,2,22,18,1,1.904512882232666,1.810759425163269,0.09375345706939697,22,0.16441307961940765,0.16441307961940765,2.830667495727539,-1,,,
0,141,33441,2,22,18,17,2.029906749725342,1.962860107421875,0.0670466423034668,21,0.11642078310251236,0.11642078310251236,2.96562123298645,-1,,,
0,142,33442,2,22,18,10,1.907442331314087,1.7792084217071533,0.1282339096069336,22,0.12302820384502411,0.12302820384502411,2.9500081539154053,-1,,,
0,143,33443,2,22,18,4,1.7252235412597656,1.6006487607955933,0.12457478046417236,19,0.10936564952135086,0.10936564952135086,2.9772565364837646,-1,,,
0,144,33444,2,22,18,4,1.4996991157531738,1.3572293519973755,0.14246976375579834,20,0.1245390847325325,0.1245390847325325,2.9352705478668213,-1,,,
0,145,33445,2,22,18,6,1.3059265613555908,1.137459397315979,0.16846716403961182,20,0.14463458955287933,0.14463458955287933,2.8880412578582764,-1,,,
0,146,33446,2,22,18,10,1.1042612791061401,0.906182587146759,0.1980786919593811,21,0.1442473828792572,0.1442473828792572,2.8876986503601074,-1,,,
0,147,33447,2,22,18,10,0.9098092317581177,0.7112360596656799,0.19857317209243774,21,0.13324737548828125,0.13324737548828125,2.9109556674957275,-1,,,
0,148,33448,2,22,18,6,0.6908013820648193,0.4905693829059601,0.20023199915885925,21,0.11400928348302841,0.11400928348302841,2.9564895629882812,-1,,,
0,149,33449,2,22,18,6,0.4889117181301117,0.3426629900932312,0.1462487280368805,19,0.11772600561380386,0.11772600561380386,2.947995901107788,-1,,,
0,150,33450,2,22,18,19,0.41825637221336365,0.3262636363506317,0.09199273586273193,5,0.1631225347518921,0.1631225347518921,2.8390438556671143,-1,,,
0,151,33451,2,22,18,17,0.37726926803588867,0.2942722737789154,0.08299699425697327,5,0.16224049031734467,0.16224049031734467,2.8451273441314697,-1,,,
0,152,33452,2,22,18,6,0.356496125459671,0.2783066928386688,0.0781894326210022,16,0.13287471234798431,0.13287471234798431,2.9203286170959473,-1,,,
0,153,33453,2,22,18,4,0.30839118361473083,0.24471838772296906,0.06367279589176178,21,0.133546382188797,0.133546382188797,2.916438102722168,-1,,,
0,154,33454,2,22,18,12,0.2647629976272583,0.19625982642173767,0.06850317120552063,22,0.12957334518432617,0.12957334518432617,2.9207682609558105,-1,,,
0,155,33455,2,22,18,17,0.22393541038036346,0.16560250520706177,0.0583329051733017,22,0.12099061906337738,0.12099061906337738,2.938297986984253,-1,,,
0,156,33456,2,22,18,14,0.22249634563922882,0.14498117566108704,0.07751516997814178,22,0.13818415999412537,0.13818415999412537,2.9012815952301025,-1,,,
0,157,33457,2,22,18,14,0.22760599851608276,0.12000320106744766,0.1076027974486351,19,0.1379251927137375,0.1379251927137375,2.897164821624756,-1,,,
0,158,33458,2,22,18,19,0.2369517683982849,0.1215866208076477,0.11536514759063721,20,0.13729339838027954,0.13729339838027954,2.9010767936706543,-1,,,
0,159,33459,2,22,18,19,0.23251666128635406,0.10539707541465759,0.12711958587169647,17,0.12477070838212967,0.12477070838212967,2.931025981903076,-1,,,
0,160,33460,2,22,18,19,0.2295307219028473,0.08730947971343994,0.14222124218940735,20,0.1143125519156456,0.1143125519156456,2.964770793914795,-1,,,
0,161,33461,2,22,18,19,0.22457046806812286,0.0793643668293953,0.14520610123872757,14,0.14779549837112427,0.14779549837112427,2.871849298477173,-1,,,
0,162,33462,2,22,18,19,0.21717235445976257,0.0790090262889862,0.13816332817077637,6,0.15340377390384674,0.15340377390384674,2.8445165157318115,-1,,,
0,163,33463,2,22,18,19,0.24926137924194336,0.09770333021879196,0.1515580490231514,19,0.14852191507816315,0.14852191507816315,2.8493545055389404,-1,,,
0,164,33464,2,22,18,19,0.2711770832538605,0.11186172068119049,0.15931536257266998,18,0.15488718450069427,0.15488718450069427,2.8451948165893555,-1,,,
0,165,33465,2,22,18,19,0.2963220775127411,0.12158460170030594,0.17473747581243515,18,0.1551825851202011,0.1551825851202011,2.8450374603271484,-1,,,
0,166,33466,2,22,18,19,0.30616679787635803,0.12367889285087585,0.18248790502548218,19,0.1506073921918869,0.1506073921918869,2.86517596244812,-1,,,
0,167,33467,2,22,18,19,0.3415343165397644,0.12733186781406403,0.21420244872570038,21,0.14776019752025604,0.14776019752025604,2.862401247024536,-1,,,
0,168,33468,2,22,18,17,0.37654152512550354,0.1263149529695511,0.25022657215595245,22,0.14143437147140503,0.14143437147140503,2.872453451156616,-1,,,
0,169,33469,2,22,18,17,0.42202210426330566,0.13325421512126923,0.28876788914203644,22,0.13989615440368652,0.13989615440368652,2.8855180740356445,-1,,,
0,170,33470,0,22,18,3,0.46909594535827637,0.14025937020778656,0.3288365751504898,22,0.13725675642490387,0.13725675642490387,2.8876686096191406,-1,,,
0,171,33471,0,22,18,6,0.4855809211730957,0.14394736289978027,0.34163355827331543,21,0.13534627854824066,0.13534627854824066,2.901648998260498,-1,,,
0,172,33472,0,22,18,3,0.4949195086956024,0.14673466980457306,0.34818483889102936,22,0.1351221203804016,0.1351221203804016,2.9071743488311768,-1,,,
0,173,33473,0,22,18,3,0.5025503039360046,0.13794395327568054,0.3646063506603241,22,0.13074727356433868,0.13074727356433868,2.91656756401062,-1,,,
0,174,33474,0,22,18,6,0.5140370726585388,0.14920994639396667,0.36482712626457214,22,0.13232089579105377,0.13232089579105377,2.9145007133483887,-1,,,
0,175,33475,0,22,18,3,0.5246584415435791,0.1508481502532959,0.3738102912902832,22,0.13447292149066925,0.13447292149066925,2.913301706314087,-1,,,
0,176,33476,0,22,18,3,0.48494523763656616,0.1348675787448883,0.35007765889167786,22,0.13756662607192993,0.13756662607192993,2.90744686126709,-1,,,
0,177,33477,0,22,18,6,0.4364621043205261,0.12432900071144104,0.3121331036090851,21,0.1326485425233841,0.1326485425233841,2.915865182876587,-1,,,
0,178,33478,0,22,18,3,0.3935628831386566,0.1198367327451706,0.273726150393486,22,0.1329549252986908,0.1329549252986908,2.911684036254883,-1,,,
0,179,33479,0,22,18,3,0.34760773181915283,0.10992398858070374,0.2376837432384491,21,0.1353932023048401,0.1353932023048401,2.9045772552490234,-1,,,
0,180,33480,0,22,18,4,0.30295926332473755,0.09386519342660904,0.2090940698981285,22,0.13913647830486298,0.13913647830486298,2.8934166431427,-1,,,
0,181,33481,0,22,18,4,0.25560733675956726,0.08222537487745285,0.1733819618821144,22,0.13855217397212982,0.13855217397212982,2.897658109664917,-1,,,
0,182,33482,0,22,18,4,0.21198149025440216,0.07240065932273865,0.1395808309316635,22,0.14079363644123077,0.14079363644123077,2.893733024597168,-1,,,
0,183,33483,1,22,18,4,0.16209527850151062,0.06301012635231018,0.09908515214920044,22,0.14579235017299652,0.14579235017299652,2.882162094116211,-1,,,
0,184,33484,1,22,18,6,0.1615268588066101,0.06799440830945969,0.09353245049715042,22,0.14661142230033875,0.14661142230033875,2.868037223815918,-1,,,
0,185,33485,1,22,18,15,0.1609773337841034,0.0664042979478836,0.09457303583621979,22,0.1393452286720276,0.1393452286720276,2.901230812072754,-1,,,
0,186,33486,1,22,18,6,0.16203078627586365,0.0710257887840271,0.09100499749183655,22,0.14922985434532166,0.14922985434532166,2.868319272994995,-1,,,
0,187,33487,1,22,18,6,0.15665413439273834,0.06865446269512177,0.08799967169761658,21,0.14511939883232117,0.14511939883232117,2.885375499725342,-1,,,
0,188,33488,1,22,18,6,0.15726161003112793,0.07265783101320267,0.08460377901792526,22,0.13721071183681488,0.13721071183681488,2.9070327281951904,-1,,,
0,189,33489,1,22,18,15,0.15504024922847748,0.06781011074781418,0.0872301384806633,22,0.14795073866844177,0.14795073866844177,2.8721327781677246,-1,,,
0,190,33490,1,22,18,6,0.15348182618618011,0.07279420644044876,0.08068761974573135,22,0.14066705107688904,0.14066705107688904,2.8978426456451416,-1,,,
0,191,33491,1,22,18,15,0.15215225517749786,0.07314043492078781,0.07901182025671005,22,0.12226278334856033,0.12226278334856033,2.9450266361236572,-1,,,
0,192,33492,1,22,18,15,0.15072797238826752,0.07598835974931717,0.07473961263895035,22,0.14133192598819733,0.14133192598819733,2.896066427230835,-1,,,
0,193,33493,1,22,18,15,0.1491508036851883,0.07504060864448547,0.07411019504070282,22,0.1314617395401001,0.1314617395401001,2.9217514991760254,-1,,,
0,194,33494,1,22,18,15,0.14774972200393677,0.07413942366838455,0.07361029833555222,22,0.10894481837749481,0.10894481837749481,2.9809975624084473,-1,,,
0,195,33495,1,22,18,7,0.14608457684516907,0.07090818136930466,0.07517639547586441,22,0.11709734052419662,0.11709734052419662,2.9636802673339844,-1,,,
0,196,33496,1,22,18,15,0.14491882920265198,0.07430480420589447,0.07061402499675751,22,0.11207907646894455,0.11207907646894455,2.974788188934326,-1,,,
0,197,33497,1,22,18,15,0.14353781938552856,0.07560981065034866,0.0679280087351799,22,0.11019961535930634,0.11019961535930634,2.978116512298584,-1,,,
0,198,33498,1,22,18,15,0.14350390434265137,0.0703812837600708,0.07312262058258057,22,0.11407627165317535,0.11407627165317535,2.9697282314300537,-1,,,
0,199,33499,1,22,18,11,0.1418626308441162,0.07408679276704788,0.06777583807706833,22,0.1150464341044426,0.1150464341044426,2.9676194190979004,-1,,,
0,200,33500,1,22,18,7,0.1430644989013672,0.07125727832317352,0.07180722057819366,22,0.10422468185424805,0.10422468185424805,2.9890952110290527,-1,,,
0,201,33501,1,22,18,15,0.14508795738220215,0.07239373028278351,0.07269422709941864,22,0.10674550384283066,0.10674550384283066,2.9840331077575684,-1,,,
0,202,33502,1,22,18,7,0.1458105742931366,0.07198557257652283,0.07382500171661377,22,0.1080455482006073,0.1080455482006073,2.9790382385253906,-1,,,
0,203,33503,1,22,18,7,0.14800462126731873,0.07126718759536743,0.0767374336719513,22,0.10472182929515839,0.10472182929515839,2.985517740249634,-1,,,
0,204,33504,1,22,18,11,0.14808636903762817,0.07444888353347778,0.07363748550415039,22,0.10409792512655258,0.10409792512655258,2.987508773803711,-1,,,
0,205,33505,1,22,18,15,0.14927253127098083,0.06969793140888214,0.0795745998620987,22,0.10538820922374725,0.10538820922374725,2.985731363296509,-1,,,
0,206,33506,1,22,18,15,0.14874771237373352,0.0717424675822258,0.07700524479150772,22,0.10554975271224976,0.10554975271224976,2.985250949859619,-1,,,
0,207,33507,1,22,18,3,0.15139108896255493,0.0770144984126091,0.07437659054994583,22,0.10593577474355698,0.10593577474355698,2.983661651611328,-1,,,
0,208,33508,1,22,18,15,0.15215548872947693,0.07417929917573929,0.07797618955373764,22,0.10904707759618759,0.10904707759618759,2.9773335456848145,-1,,,
0,209,33509,1,22,18,15,0.15064233541488647,0.07501805573701859,0.07562427967786789,22,0.11335121095180511,0.11335121095180511,2.967672109603882,-1,,,
0,210,33510,1,22,18,4,0.15019695460796356,0.07403221726417542,0.07616473734378815,21,0.10849769413471222,0.10849769413471222,2.977694511413574,-1,,,
0,211,33511,1,22,18,4,0.15219058096408844,0.07089878618717194,0.0812917947769165,22,0.1063542515039444,0.1063542515039444,2.9817793369293213,-1,,,
0,212,33512,1,22,18,4,0.15393701195716858,0.07059784233570099,0.08333916962146759,22,0.11026937514543533,0.11026937514543533,2.9692482948303223,-1,,,
0,213,33513,1,22,18,15,0.15445594489574432,0.07249516248703003,0.0819607824087143,22,0.11878190189599991,0.11878190189599991,2.949932813644409,-1,,,
0,214,33514,1,22,18,15,0.15760181844234467,0.07488001883029938,0.08272179961204529,22,0.10964488983154297,0.10964488983154297,2.9725871086120605,-1,,,
0,215,33515,1,22,18,6,0.1580798625946045,0.07838591188192368,0.07969395071268082,21,0.12578028440475464,0.12578028440475464,2.9303619861602783,-1,,,
0,216,33516,1,22,18,11,0.15824082493782043,0.07672202587127686,0.08151879906654358,22,0.11692935228347778,0.11692935228347778,2.9569034576416016,-1,,,
0,217,33517,1,22,18,6,0.15903273224830627,0.07382011413574219,0.08521261811256409,22,0.1095942035317421,0.1095942035317421,2.979434013366699,-1,,,
0,218,33518,1,22,18,6,0.16034585237503052,0.07091037929058075,0.08943547308444977,22,0.11515926569700241,0.11515926569700241,2.9677772521972656,-1,,,
0,219,33519,1,22,18,6,0.16013692319393158,0.07004270702600479,0.09009421616792679,22,0.1323888897895813,0.1323888897895813,2.9226372241973877,-1,,,
0,220,33520,1,22,18,6,0.15859438478946686,0.07027173787355423,0.08832264691591263,22,0.12121930718421936,0.12121930718421936,2.950230598449707,-1,,,
0,221,33521,1,22,18,6,0.15771493315696716,0.07330840826034546,0.0844065248966217,22,0.13164906203746796,0.13164906203746796,2.9254472255706787,-1,,,
0,222,33522,1,22,18,6,0.1570369005203247,0.08092760294675827,0.07610929757356644,22,0.11117053776979446,0.11117053776979446,2.9771924018859863,-1,,,
0,223,33523,1,22,18,15,0.1574927270412445,0.08073471486568451,0.07675801217556,22,0.1072303056716919,0.1072303056716919,2.9846177101135254,-1,,,
0,224,33524,1,22,18,7,0.1565714329481125,0.0781852975487709,0.07838613539934158,22,0.109764963388443,0.109764963388443,2.9786672592163086,-1,,,
0,225,33525,1,22,18,7,0.15730179846286774,0.0790986642241478,0.07820313423871994,22,0.1259668618440628,0.1259668618440628,2.938068151473999,-1,,,
0,226,33526,1,22,18,11,0.1584194004535675,0.07891228049993515,0.07950711995363235,22,0.11990778893232346,0.11990778893232346,2.9512522220611572,-1,,,
0,227,33527,1,22,18,11,0.15852884948253632,0.08195749670267105,0.07657135277986526,22,0.123931385576725,0.123931385576725,2.9381697177886963,-1,,,
0,228,33528,1,22,18,15,0.15937329828739166,0.07931892573833466,0.080054372549057,22,0.11965154111385345,0.11965154111385345,2.9471981525421143,-1,,,
0,229,33529,1,22,18,11,0.1651327908039093,0.0772378221154213,0.087894968688488,22,0.11462262272834778,0.11462262272834778,2.9531137943267822,-1,,,
0,230,33530,1,22,18,7,0.16947053372859955,0.08384160697460175,0.0856289267539978,22,0.12273288518190384,0.12273288518190384,2.937544584274292,-1,,,
0,231,33531,1,22,18,11,0.17218618094921112,0.07698951661586761,0.0951966643333435,22,0.12821313738822937,0.12821313738822937,2.9293322563171387,-1,,,
0,232,33532,1,22,18,11,0.17548024654388428,0.07666430622339249,0.09881594032049179,22,0.1263732612133026,0.1263732612133026,2.932610273361206,-1,,,
0,233,33533,1,22,18,11,0.1792866587638855,0.08144527673721313,0.09784138202667236,22,0.13151513040065765,0.13151513040065765,2.920072555541992,-1,,,
0,234,33534,1,22,18,11,0.1825866550207138,0.08296045660972595,0.09962619841098785,22,0.13789436221122742,0.13789436221122742,2.904599189758301,-1,,,
0,235,33535,1,22,18,11,0.1854708045721054,0.08314210176467896,0.10232870280742645,22,0.14491021633148193,0.14491021633148193,2.885175943374634,-1,,,
0,236,33536,1,22,18,11,0.1865297257900238,0.08313121646642685,0.10339850932359695,22,0.12106718868017197,0.12106718868017197,2.9513509273529053,-1,,,
0,237,33537,1,22,18,4,0.185838520526886,0.08435943722724915,0.10147908329963684,21,0.12848180532455444,0.12848180532455444,2.928205728530884,-1,,,
0,238,33538,1,22,18,4,0.1840667575597763,0.07956202328205109,0.10450473427772522,21,0.13091333210468292,0.13091333210468292,2.9215879440307617,-1,,,
0,239,33539,1,22,18,6,0.17993326485157013,0.07570693641901016,0.10422632843255997,22,0.11117783933877945,0.11117783933877945,2.9752111434936523,-1,,,
0,240,33540,1,22,18,6,0.17904959619045258,0.07507356256246567,0.10397603362798691,22,0.11444888263940811,0.11444888263940811,2.967589855194092,-1,,,
0,241,33541,1,22,18,6,0.17843350768089294,0.07853173464536667,0.09990177303552628,22,0.11164794117212296,0.11164794117212296,2.974630355834961,-1,,,
0,242,33542,1,22,18,6,0.18038952350616455,0.08142782002687454,0.09896170347929001,22,0.10491553694009781,0.10491553694009781,2.988473892211914,-1,,,
0,243,33543,1,22,18,6,0.17793811857700348,0.07737825065851212,0.10055986791849136,22,0.11146760731935501,0.11146760731935501,2.974836587905884,-1,,,
0,244,33544,1,22,18,6,0.17813317477703094,0.08000897616147995,0.098124198615551,22,0.11296330392360687,0.11296330392360687,2.9709184169769287,-1,,,
0,245,33545,1,22,18,6,0.17921777069568634,0.0822448879480362,0.09697288274765015,22,0.10411063581705093,0.10411063581705093,2.9886651039123535,-1,,,
0,246,33546,1,22,18,6,0.1792750507593155,0.08266165852546692,0.09661339223384857,22,0.10716278851032257,0.10716278851032257,2.983175277709961,-1,,,
0,247,33547,1,22,18,7,0.179560586810112,0.07984782755374908,0.09971275925636292,22,0.1058819442987442,0.1058819442987442,2.9849395751953125,-1,,,
0,248,33548,1,22,18,6,0.17558050155639648,0.0826331377029419,0.09294736385345459,22,0.10258852690458298,0.10258852690458298,2.9910130500793457,-1,,,
0,249,33549,1,22,18,7,0.17256030440330505,0.08071338385343552,0.09184692054986954,22,0.10570238530635834,0.10570238530635834,2.981314182281494,-1,,,
0,250,33550,1,22,18,6,0.16671870648860931,0.0897793099284172,0.07693939656019211,20,0.10871927440166473,0.10871927440166473,2.965306520462036,-1,,,
0,251,33551,1,22,18,15,0.16443106532096863,0.08373933285474777,0.08069173246622086,21,0.11192678660154343,0.11192678660154343,2.965306520462036,-1,,,
0,252,33552,1,22,18,15,0.16024526953697205,0.07824279367923737,0.08200247585773468,21,0.10913331061601639,0.10913331061601639,2.9680798053741455,-1,,,
0,253,33553,1,22,18,15,0.15661615133285522,0.08675330132246017,0.06986285001039505,20,0.1226491928100586,0.1226491928100586,2.9400479793548584,-1,,,
0,254,33554,1,22,18,7,0.15373539924621582,0.07548558712005615,0.07824981212615967,22,0.1252240091562271,0.1252240091562271,2.9323079586029053,-1,,,
0,255,33555,1,22,18,6,0.15252141654491425,0.07874144613742828,0.07377997040748596,22,0.1293332725763321,0.1293332725763321,2.9239883422851562,-1,,,
0,256,33556,1,22,18,7,0.15364423394203186,0.07125578075647354,0.08238845318555832,22,0.14553485810756683,0.14553485810756683,2.882864236831665,-1,,,
0,257,33557,1,22,18,11,0.15429508686065674,0.07388096302747726,0.08041412383317947,22,0.13563425838947296,0.13563425838947296,2.9102091789245605,-1,,,
0,258,33558,1,22,18,11,0.153009831905365,0.07800838351249695,0.07500144839286804,21,0.134511798620224,0.134511798620224,2.912989616394043,-1,,,
0,259,33559,1,22,18,11,0.153599813580513,0.07639006525278091,0.07720974832773209,22,0.1368739902973175,0.1368739902973175,2.906508207321167,-1,,,
0,260,33560,1,22,18,7,0.1522199958562851,0.07344765216112137,0.07877234369516373,22,0.15071558952331543,0.15071558952331543,2.867217540740967,-1,,,
0,261,33561,1,22,18,7,0.1505328118801117,0.0767446979880333,0.0737881138920784,22,0.12202868610620499,0.12202868610620499,2.9496448040008545,-1,,,
0,262,33562,1,22,18,11,0.14755681157112122,0.07533000409603119,0.07222680747509003,22,0.1319660097360611,0.1319660097360611,2.919602870941162,-1,,,
0,263,33563,1,22,18,15,0.14705471694469452,0.07643602788448334,0.07061868906021118,22,0.133382648229599,0.133382648229599,2.91629958152771,-1,,,
0,264,33564,1,22,18,3,0.14517003297805786,0.07966137677431107,0.0655086562037468,21,0.11335145682096481,0.11335145682096481,2.9708468914031982,-1,,,
0,265,33565,1,22,18,4,0.14379972219467163,0.07607865333557129,0.06772106885910034,22,0.11352337151765823,0.11352337151765823,2.971059799194336,-1,,,
0,266,33566,1,22,18,6,0.1425563544034958,0.0733901783823967,0.06916617602109909,22,0.11419368535280228,0.11419368535280228,2.969325065612793,-1,,,
0,267,33567,1,22,18,15,0.1426488161087036,0.07105663418769836,0.07159218192100525,22,0.10835719108581543,0.10835719108581543,2.98117995262146,-1,,,
0,268,33568,1,22,18,15,0.1478509157896042,0.07190229743719101,0.07594861835241318,22,0.11192158609628677,0.11192158609628677,2.9741764068603516,-1,,,
0,269,33569,1,22,18,6,0.1479402780532837,0.07304386794567108,0.07489641010761261,22,0.11378456652164459,0.11378456652164459,2.970672130584717,-1,,,
0,270,33570,1,22,18,6,0.15039575099945068,0.07499236613512039,0.07540338486433029,22,0.1150452122092247,0.1150452122092247,2.9621589183807373,-1,,,
0,271,33571,1,22,18,6,0.15091903507709503,0.07624982297420502,0.07466921210289001,22,0.11328452080488205,0.11328452080488205,2.9632084369659424,-1,,,
0,272,33572,1,22,18,11,0.15312491357326508,0.07813463360071182,0.07499027997255325,22,0.11096540093421936,0.11096540093421936,2.9668996334075928,-1,,,
0,273,33573,1,22,18,11,0.1514609158039093,0.07657765597105026,0.07488325983285904,22,0.10573276877403259,0.10573276877403259,2.975144624710083,-1,,,
0,274,33574,1,22,18,11,0.15123818814754486,0.07912684231996536,0.0721113458275795,22,0.10684788972139359,0.10684788972139359,2.975062608718872,-1,,,
0,275,33575,1,22,18,11,0.14958439767360687,0.07746616750955582,0.07211823016405106,22,0.10997819900512695,0.10997819900512695,2.9719655513763428,-1,,,
0,276,33576,1,22,18,11,0.14663726091384888,0.08085565268993378,0.0657816082239151,21,0.1178475096821785,0.1178475096821785,2.960587978363037,-1,,,
0,277,33577,1,22,18,15,0.1481122225522995,0.07743421941995621,0.07067800313234329,22,0.11945197731256485,0.11945197731256485,2.9562861919403076,-1,,,
0,278,33578,1,22,18,6,0.14842991530895233,0.07618051022291183,0.0722494050860405,22,0.11988279968500137,0.11988279968500137,2.9551808834075928,-1,,,
0,279,33579,1,22,18,6,0.15170754492282867,0.0725473165512085,0.07916022837162018,22,0.12135951966047287,0.12135951966047287,2.9514596462249756,-1,,,
0,280,33580,1,22,18,6,0.155561625957489,0.07317022979259491,0.0823913961648941,22,0.13962893187999725,0.13962893187999725,2.900474786758423,-1,,,
0,281,33581,1,22,18,7,0.16079846024513245,0.07239822298288345,0.08840023726224899,22,0.13167090713977814,0.13167090713977814,2.918304443359375,-1,,,
0,282,33582,1,22,18,7,0.16456034779548645,0.07444220781326294,0.09011813998222351,22,0.12591610848903656,0.12591610848903656,2.933924674987793,-1,,,
0,283,33583,1,22,18,7,0.16802211105823517,0.07643056660890579,0.09159154444932938,22,0.10727554559707642,0.10727554559707642,2.981607675552368,-1,,,
0,284,33584,1,22,18,7,0.16984526813030243,0.0756157636642456,0.09422950446605682,22,0.11113946884870529,0.11113946884870529,2.969024658203125,-1,,,
0,285,33585,1,22,18,6,0.1649683713912964,0.0813402608036995,0.0836281105875969,22,0.11620309203863144,0.11620309203863144,2.9563844203948975,-1,,,
0,286,33586,1,22,18,15,0.16210833191871643,0.08056999742984772,0.08153833448886871,22,0.11564901471138,0.11564901471138,2.9639577865600586,-1,,,
0,287,33587,1,22,18,15,0.16080379486083984,0.0829930454492569,0.07781074941158295,21,0.1161377876996994,0.1161377876996994,2.9642341136932373,-1,,,
0,288,33588,1,22,18,6,0.15643095970153809,0.08343036472797394,0.07300059497356415,21,0.11310166865587234,0.11310166865587234,2.9709177017211914,-1,,,
0,289,33589,1,22,18,3,0.15521134436130524,0.08070994913578033,0.0745013952255249,21,0.10756734758615494,0.10756734758615494,2.9825973510742188,-1,,,
0,290,33590,1,22,18,6,0.15349701046943665,0.08136685937643051,0.07213015109300613,22,0.12938128411769867,0.12938128411769867,2.9255893230438232,-1,,,
0,291,33591,1,22,18,6,0.2190638929605484,0.09664542227983475,0.12241847068071365,22,0.13264860212802887,0.13264860212802887,2.9174928665161133,-1,,,
0,292,33592,1,22,18,6,0.28683608770370483,0.11086961627006531,0.17596647143363953,22,0.1199229434132576,0.1199229434132576,2.9465930461883545,-1,,,
0,293,33593,1,22,18,6,0.357409805059433,0.1281503140926361,0.22925949096679688,21,0.11681682616472244,0.11681682616472244,2.959214687347412,-1,,,
0,294,33594,1,22,18,3,0.4313836693763733,0.14495506882667542,0.2864286005496979,21,0.11015910655260086,0.11015910655260086,2.9699950218200684,-1,,,
0,295,33595,1,22,18,3,0.5040866732597351,0.14875516295433044,0.35533151030540466,22,0.11149486899375916,0.11149486899375916,2.966529369354248,-1,,,
0,296,33596,1,22,18,3,0.5748448967933655,0.1549915075302124,0.4198533892631531,22,0.133060485124588,0.133060485124588,2.915303945541382,-1,,,
0,297,33597,1,22,18,3,0.6482127904891968,0.1779431402683258,0.47026965022087097,22,0.13236764073371887,0.13236764073371887,2.9137914180755615,-1,,,
0,298,33598,0,22,18,3,0.7185640931129456,0.17938855290412903,0.5391755402088165,22,0.13277047872543335,0.13277047872543335,2.90728497505188,-1,,,
0,299,33599,0,22,18,3,0.7231419682502747,0.1935473084449768,0.5295946598052979,22,0.13406488299369812,0.13406488299369812,2.9067649841308594,-1,,,
0,300,33600,0,22,18,3,0.726732075214386,0.19307197630405426,0.5336600989103317,22,0.1361684799194336,0.1361684799194336,2.900059461593628,-1,,,
0,301,33601,0,22,18,3,0.7352387309074402,0.19993680715560913,0.535301923751831,21,0.13894861936569214,0.13894861936569214,2.8935203552246094,-1,,,
0,302,33602,0,22,18,5,0.7410192489624023,0.20319893956184387,0.5378203094005585,22,0.13879236578941345,0.13879236578941345,2.89176607131958,-1,,,
0,303,33603,0,22,18,3,0.74406898021698,0.1978394091129303,0.5462295711040497,22,0.1150706484913826,0.1150706484913826,2.905076742172241,-1,,,
0,304,33604,0,22,18,3,0.9182738661766052,0.20109516382217407,0.7171787023544312,22,0.12157553434371948,0.12157553434371948,2.888214349746704,-1,,,
0,305,33605,0,22,18,1,1.0888419151306152,0.19309484958648682,0.8957470655441284,22,0.13513168692588806,0.13513168692588806,2.8678603172302246,-1,,,
0,306,33606,0,22,18,12,1.2672302722930908,0.20392362773418427,1.0633066445589066,22,0.1454669088125229,0.1454669088125229,2.865588426589966,-1,,,
0,307,33607,0,22,18,14,1.4441816806793213,0.19465459883213043,1.2495270818471909,22,0.13602513074874878,0.13602513074874878,2.86991024017334,-1,,,
0,308,33608,0,22,18,12,1.6309270858764648,0.18813613057136536,1.4427909553050995,22,0.1244039461016655,0.1244039461016655,2.876774787902832,-1,,,
0,309,33609,0,22,18,12,1.8167299032211304,0.2075684815645218,1.6091614216566086,22,0.11223183572292328,0.11223183572292328,2.901169538497925,-1,,,
0,310,33610,0,22,18,12,2.008323907852173,0.2320348471403122,1.7762890607118607,22,0.1162295937538147,0.1162295937538147,2.891433000564575,-1,,,
0,311,33611,3,22,18,12,2.203376531600952,0.2671981453895569,1.9361783862113953,22,0.11124006658792496,0.11124006658792496,2.900878429412842,-1,,,
0,312,33612,3,22,18,12,2.225095748901367,0.2747495472431183,1.950346201658249,22,0.12535768747329712,0.12535768747329712,2.875715732574463,-1,,,
0,313,33613,3,22,18,12,2.2442522048950195,0.29451310634613037,1.9497390985488892,22,0.10168812423944473,0.10168812423944473,2.9306435585021973,-1,,,
0,314,33614,3,22,18,12,2.260326862335205,0.30697503685951233,1.9533518254756927,22,0.10019320249557495,0.10019320249557495,2.9344940185546875,-1,,,
0,315,33615,3,22,18,12,2.294973850250244,0.3553019165992737,1.9396719336509705,22,0.10660439729690552,0.10660439729690552,2.9148170948028564,-1,,,
0,316,33616,3,22,18,12,2.3085577487945557,0.3402371406555176,1.968320608139038,22,0.1068400964140892,0.1068400964140892,2.9160876274108887,-1,,,
0,317,33617,3,22,18,8,2.320979356765747,0.3416770100593567,1.9793023467063904,22,0.10653762519359589,0.10653762519359589,2.9209423065185547,-1,,,
0,318,33618,3,22,18,10,2.333287477493286,0.3472699224948883,1.9860175549983978,22,0.09879835695028305,0.09879835695028305,2.9419171810150146,-1,,,
0,319,33619,3,22,18,10,2.32601261138916,0.3235493302345276,2.0024632811546326,22,0.09521152079105377,0.09521152079105377,2.949420213699341,-1,,,
0,320,33620,3,22,18,8,2.326223611831665,0.30630162358283997,2.019921988248825,22,0.09538346529006958,0.09538346529006958,2.9514005184173584,-1,,,
0,321,33621,3,22,18,8,2.306091070175171,0.28737929463386536,2.0187117755413055,22,0.0972142443060875,0.0972142443060875,2.9490604400634766,-1,,,
0,322,33622,3,22,18,10,2.3000833988189697,0.30772101879119873,1.992362380027771,22,0.1259647160768509,0.1259647160768509,2.901003122329712,-1,,,
0,323,33623,3,22,18,10,2.278599739074707,0.2922952175140381,1.986304521560669,21,0.10366600006818771,0.10366600006818771,2.9362545013427734,-1,,,
0,324,33624,3,22,18,10,2.259321928024292,0.28938940167427063,1.9699325263500214,22,0.10740520805120468,0.10740520805120468,2.922258138656616,-1,,,
0,325,33625,3,22,18,10,2.236696243286133,0.2930065095424652,1.9436897337436676,22,0.10460425168275833,0.10460425168275833,2.9261679649353027,-1,,,
0,326,33626,3,22,18,10,2.2151477336883545,0.28255990147590637,1.9325878322124481,22,0.10095661878585815,0.10095661878585815,2.9351203441619873,-1,,,
0,327,33627,3,22,18,10,2.1903204917907715,0.27990958094596863,1.9104109108448029,22,0.11884845048189163,0.11884845048189163,2.900923490524292,-1,,,
0,328,33628,3,22,18,10,2.1578662395477295,0.2987789213657379,1.8590873181819916,22,0.14215412735939026,0.14215412735939026,2.8669118881225586,-1,,,
0,329,33629,3,22,18,10,2.1352696418762207,0.2881469130516052,1.8471227288246155,22,0.11217448115348816,0.11217448115348816,2.9063384532928467,-1,,,
0,330,33630,3,22,18,10,2.102919101715088,0.301500141620636,1.801418960094452,22,0.10386940836906433,0.10386940836906433,2.9296343326568604,-1,,,
0,331,33631,3,22,18,10,2.0663628578186035,0.3371896743774414,1.729173183441162,22,0.11581350862979889,0.11581350862979889,2.8976211547851562,-1,,,
0,332,33632,3,22,18,8,2.017547369003296,0.33020782470703125,1.6873395442962646,22,0.1188022792339325,0.1188022792339325,2.886932373046875,-1,,,
0,333,33633,3,22,18,8,1.9410181045532227,0.3340799808502197,1.606938123703003,22,0.1176210343837738,0.1176210343837738,2.8897593021392822,-1,,,
0,334,33634,3,22,18,8,1.866934061050415,0.37496644258499146,1.4919676184654236,21,0.09948663413524628,0.09948663413524628,2.934703826904297,-1,,,
0,335,33635,3,22,18,10,1.7890100479125977,0.36600932478904724,1.4230007231235504,22,0.095718614757061,0.095718614757061,2.943455219268799,-1,,,
0,336,33636,3,22,18,10,1.7147947549819946,0.37111130356788635,1.3436834514141083,22,0.09509147703647614,0.09509147703647614,2.946392059326172,-1,,,
0,337,33637,3,22,18,10,1.6349209547042847,0.38123223185539246,1.2536887228488922,22,0.09548470377922058,0.09548470377922058,2.9475579261779785,-1,,,
0,338,33638,3,22,18,8,1.5520217418670654,0.4254893362522125,1.126532405614853,22,0.09522402286529541,0.09522402286529541,2.9506137371063232,-1,,,
0,339,33639,3,22,18,10,1.4561073780059814,0.3891351819038391,1.0669721961021423,21,0.0943969339132309,0.0943969339132309,2.953787088394165,-1,,,
0,340,33640,3,22,18,8,1.370756983757019,0.37836459279060364,0.9923923909664154,22,0.09315945208072662,0.09315945208072662,2.9565892219543457,-1,,,
0,341,33641,3,22,18,10,1.2970223426818848,0.3571264147758484,0.9398959279060364,22,0.0926588922739029,0.0926588922739029,2.9535892009735107,-1,,,
0,342,33642,3,22,18,10,1.209546446800232,0.3371610641479492,0.8723853826522827,22,0.09248670935630798,0.09248670935630798,2.9562888145446777,-1,,,
0,343,33643,3,22,18,12,1.1303657293319702,0.31179913878440857,0.8185665905475616,22,0.0930158868432045,0.0930158868432045,2.9573323726654053,-1,,,
0,344,33644,3,22,18,12,1.0587176084518433,0.28514760732650757,0.7735700011253357,22,0.09312201291322708,0.09312201291322708,2.958998441696167,-1,,,
0,345,33645,3,22,18,12,1.0004557371139526,0.24520817399024963,0.755247563123703,22,0.09347061812877655,0.09347061812877655,2.9594204425811768,-1,,,
0,346,33646,3,22,18,12,0.9420861601829529,0.21928000450134277,0.7228061556816101,22,0.09318632632493973,0.09318632632493973,2.9592807292938232,-1,,,
0,347,33647,3,22,18,5,0.886435866355896,0.20371118187904358,0.6827246844768524,22,0.09397931396961212,0.09397931396961212,2.958773136138916,-1,,,
0,348,33648,3,22,18,5,0.8476378917694092,0.1950952559709549,0.6525426357984543,22,0.09631792455911636,0.09631792455911636,2.9544119834899902,-1,,,
0,349,33649,3,22,18,5,0.8244144916534424,0.18161049485206604,0.6428039968013763,22,0.12072113156318665,0.12072113156318665,2.907179832458496,-1,,,
0,350,33650,3,22,18,5,0.8154029846191406,0.1564742624759674,0.6589287221431732,22,0.11896952986717224,0.11896952986717224,2.9031646251678467,-1,,,
0,351,33651,3,22,18,6,0.8238052129745483,0.18695418536663055,0.6368510276079178,22,0.11848190426826477,0.11848190426826477,2.910642623901367,-1,,,
0,352,33652,3,22,18,5,0.8360828161239624,0.1733187586069107,0.6627640575170517,22,0.11901403218507767,0.11901403218507767,2.9032020568847656,-1,,,
0,353,33653,3,22,18,6,0.8584194779396057,0.16039125621318817,0.6980282217264175,22,0.12016267329454422,0.12016267329454422,2.898078680038452,-1,,,
0,354,33654,3,22,18,4,0.8951935768127441,0.1390373408794403,0.7561562359333038,22,0.12559515237808228,0.12559515237808228,2.8911890983581543,-1,,,
0,355,33655,3,22,18,6,0.948976457118988,0.1377376765012741,0.8112387806177139,22,0.14234241843223572,0.14234241843223572,2.871328592300415,-1,,,
0,356,33656,3,22,18,19,0.9202050566673279,0.12670409679412842,0.7935009598731995,22,0.14267797768115997,0.14267797768115997,2.860483169555664,-1,,,
0,357,33657,3,22,18,19,0.8886905908584595,0.1261005699634552,0.7625900208950043,22,0.14662757515907288,0.14662757515907288,2.855458974838257,-1,,,
0,358,33658,3,22,18,6,0.8511356115341187,0.12141074985265732,0.7297248616814613,22,0.14508314430713654,0.14508314430713654,2.867213726043701,-1,,,
0,359,33659,3,22,18,6,0.8167343139648438,0.12696389853954315,0.6897704154253006,22,0.14045065641403198,0.14045065641403198,2.868321418762207,-1,,,
0,360,33660,3,22,18,6,0.7688878774642944,0.129378542304039,0.6395093351602554,22,0.14436350762844086,0.14436350762844086,2.872258186340332,-1,,,
0,361,33661,3,22,18,3,0.7075437903404236,0.13256369531154633,0.5749800950288773,22,0.13739565014839172,0.13739565014839172,2.8905460834503174,-1,,,
0,362,33662,3,22,18,3,0.6392197608947754,0.13423822820186615,0.5049815326929092,22,0.13794222474098206,0.13794222474098206,2.8947622776031494,-1,,,
0,363,33663,0,22,18,3,0.562531054019928,0.1424214094877243,0.4201096445322037,21,0.13382452726364136,0.13382452726364136,2.9025495052337646,-1,,,
0,364,33664,0,22,18,3,0.5671143531799316,0.1382344365119934,0.42887991666793823,21,0.13225829601287842,0.13225829601287842,2.9158101081848145,-1,,,
0,365,33665,0,22,18,3,0.5722371339797974,0.14181718230247498,0.4304199516773224,22,0.13250930607318878,0.13250930607318878,2.9132297039031982,-1,,,
0,366,33666,0,22,18,3,0.5766022801399231,0.14743904769420624,0.42916323244571686,22,0.1304093897342682,0.1304093897342682,2.919773817062378,-1,,,
0,367,33667,0,22,18,3,0.5800171494483948,0.15122370421886444,0.42879344522953033,21,0.12969304621219635,0.12969304621219635,2.9245147705078125,-1,,,
0,368,33668,0,22,18,3,0.537026047706604,0.1578340232372284,0.3791920244693756,21,0.13257579505443573,0.13257579505443573,2.9174933433532715,-1,,,
0,369,33669,0,22,18,3,0.5059455633163452,0.16605359315872192,0.3398919701576233,22,0.11812012642621994,0.11812012642621994,2.9480881690979004,-1,,,
0,370,33670,0,22,18,5,0.46113020181655884,0.16205860674381256,0.2990715950727463,21,0.12808513641357422,0.12808513641357422,2.927095890045166,-1,,,
0,371,33671,0,22,18,1,0.42218294739723206,0.16373097896575928,0.2584519684314728,21,0.10437486320734024,0.10437486320734024,2.983215808868408,-1,,,
0,372,33672,0,22,18,12,0.38608014583587646,0.15125542879104614,0.23482471704483032,20,0.102069191634655,0.102069191634655,2.987987756729126,-1,,,
0,373,33673,0,22,18,12,0.34546902775764465,0.14172682166099548,0.20374220609664917,20,0.0992836207151413,0.0992836207151413,2.993258476257324,-1,,,
0,374,33674,0,22,18,12,0.2983056604862213,0.13660810887813568,0.16169755160808563,20,0.09863816201686859,0.09863816201686859,2.9941139221191406,-1,,,
0,375,33675,2,22,18,4,0.24287377297878265,0.12357570976018906,0.1192980632185936,19,0.09833603352308273,0.09833603352308273,2.9941108226776123,-1,,,
0,376,33676,2,22,18,15,0.2357497662305832,0.11438657343387604,0.12136319279670715,19,0.09801127761602402,0.09801127761602402,2.9947926998138428,-1,,,
0,377,33677,2,22,18,6,0.23183538019657135,0.11228463798761368,0.11955074220895767,17,0.10282808542251587,0.10282808542251587,2.984675407409668,-1,,,
0,378,33678,2,22,18,4,0.23213617503643036,0.10466261953115463,0.12747355550527573,20,0.11274129152297974,0.11274129152297974,2.958294630050659,-1,,,
0,379,33679,2,22,18,6,0.22787350416183472,0.09606917947530746,0.13180432468652725,21,0.11315232515335083,0.11315232515335083,2.9662647247314453,-1,,,
0,380,33680,2,22,18,17,0.2063320428133011,0.1211925521492958,0.08513949066400528,5,0.10554485768079758,0.10554485768079758,2.9820218086242676,-1,,,
0,381,33681,2,22,18,6,0.19832953810691833,0.11766675859689713,0.08066277951002121,13,0.1042499765753746,0.1042499765753746,2.984337091445923,-1,,,
0,382,33682,2,22,18,6,0.18547269701957703,0.1079416424036026,0.07753105461597443,13,0.10126807540655136,0.10126807540655136,2.9898035526275635,-1,,,
0,383,33683,2,22,18,6,0.17377233505249023,0.10210757702589035,0.07166475802659988,12,0.1044754609465599,0.1044754609465599,2.983362913131714,-1,,,
1,0,33684,2,22,18,17,0.22805891931056976,0.13874810934066772,0.08931080996990204,18,0.07716012746095657,0.07716012746095657,3.0315990447998047,-1,,,
1,1,33685,2,1,18,18,0.19433598220348358,0.19433598220348358,0.0,1,1.0,1.0,-0.0,-1,,,
1,2,33686,2,1,18,18,0.16886933147907257,0.16886933147907257,0.0,1,1.0,1.0,-0.0,-1,,,
1,3,33687,2,1,18,18,0.1453709751367569,0.1453709751367569,0.0,1,1.0,1.0,-0.0,-1,,,
1,4,33688,2,1,18,18,0.1299503594636917,0.1299503594636917,0.0,1,1.0,1.0,-0.0,-1,,,
1,5,33689,2,1,18,18,0.11745364964008331,0.11745364964008331,0.0,1,1.0,1.0,-0.0,-1,,,
1,6,33690,2,22,18,3,0.11477690190076828,0.09218046069145203,0.022596441209316254,9,0.13566946983337402,0.13566946983337402,2.9084055423736572,-1,,,
1,7,33691,2,22,18,3,0.11184549331665039,0.09884065389633179,0.013004839420318604,9,0.12430284172296524,0.12430284172296524,2.929457902908325,-1,,,
1,8,33692,2,22,18,3,0.11053566634654999,0.09169642627239227,0.018839240074157715,10,0.12116118520498276,0.12116118520498276,2.9391586780548096,-1,,,
1,9,33693,2,22,18,3,0.11715608090162277,0.096833236515522,0.02032284438610077,12,0.10932695120573044,0.10932695120573044,2.964538812637329,-1,,,
1,10,33694,2,22,18,21,0.12686412036418915,0.0854620561003685,0.04140206426382065,14,0.1404106318950653,0.1404106318950653,2.895089626312256,-1,,,
1,11,33695,2,22,18,6,0.22489894926548004,0.12185004353523254,0.1030489057302475,17,0.140023335814476,0.140023335814476,2.8963441848754883,-1,,,
1,12,33696,2,22,18,6,0.31226232647895813,0.1410219818353653,0.17124034464359283,18,0.13506050407886505,0.13506050407886505,2.9037110805511475,-1,,,
1,13,33697,2,22,18,6,0.40750783681869507,0.1656261384487152,0.24188169836997986,17,0.14124710857868195,0.14124710857868195,2.8912837505340576,-1,,,
1,14,33698,2,22,18,4,0.5010138154029846,0.1919795274734497,0.3090342879295349,21,0.14493949711322784,0.14493949711322784,2.879133462905884,-1,,,
1,15,33699,2,22,18,5,0.5932669043540955,0.20113880932331085,0.3921280950307846,22,0.1466396301984787,0.1466396301984787,2.8739190101623535,-1,,,
1,16,33700,2,22,18,3,0.675303041934967,0.20669667422771454,0.4686063677072525,22,0.14217357337474823,0.14217357337474823,2.8723862171173096,-1,,,
1,17,33701,2,22,18,3,0.7602781057357788,0.21771445870399475,0.5425636470317841,22,0.14507338404655457,0.14507338404655457,2.8589253425598145,-1,,,
1,18,33702,0,22,18,1,0.8458037972450256,0.22188474237918854,0.6239190548658371,22,0.14455930888652802,0.14455930888652802,2.8674728870391846,-1,,,
1,19,33703,0,22,18,5,0.8445188403129578,0.22699500620365143,0.6175238341093063,21,0.1442711055278778,0.1442711055278778,2.8597946166992188,-1,,,
1,20,33704,0,22,18,3,0.8465605974197388,0.21954762935638428,0.6270129680633545,22,0.14553037285804749,0.14553037285804749,2.857968330383301,-1,,,
1,21,33705,0,22,18,1,0.8436252474784851,0.21956659853458405,0.6240586489439011,22,0.14685502648353577,0.14685502648353577,2.8582510948181152,-1,,,
1,22,33706,0,22,18,3,0.8456567525863647,0.22286590933799744,0.6227908432483673,20,0.14172960817813873,0.14172960817813873,2.8726227283477783,-1,,,
1,23,33707,0,22,18,3,0.8463826179504395,0.23123200237751007,0.6151506155729294,22,0.14258359372615814,0.14258359372615814,2.8672587871551514,-1,,,
1,24,33708,0,22,18,5,0.8536492586135864,0.22387298941612244,0.629776269197464,22,0.1485234498977661,0.1485234498977661,2.876089334487915,-1,,,
1,25,33709,0,22,18,1,0.7731249928474426,0.20250524580478668,0.570619747042656,22,0.14491811394691467,0.14491811394691467,2.8817660808563232,-1,,,
1,26,33710,0,22,18,1,0.6946739554405212,0.18462109565734863,0.5100528597831726,22,0.14169888198375702,0.14169888198375702,2.895771026611328,-1,,,
1,27,33711,0,22,18,3,0.6096019148826599,0.16024360060691833,0.4493583142757416,22,0.13500532507896423,0.13500532507896423,2.916533946990967,-1,,,
1,28,33712,0,22,18,1,0.5304951071739197,0.14690440893173218,0.3835906982421875,22,0.1362728327512741,0.1362728327512741,2.9139206409454346,-1,,,
1,29,33713,0,22,18,3,0.4504559636116028,0.12957672774791718,0.3208792358636856,22,0.13416688144207,0.13416688144207,2.919429063796997,-1,,,
1,30,33714,0,22,18,3,0.3640025556087494,0.11984477937221527,0.24415777623653412,22,0.11430113762617111,0.11430113762617111,2.970820665359497,-1,,,
1,31,33715,0,22,18,6,0.2766413986682892,0.11741901934146881,0.15922237932682037,22,0.11727584898471832,0.11727584898471832,2.9640884399414062,-1,,,
1,32,33716,1,22,18,11,0.19340313971042633,0.09066909551620483,0.1027340441942215,22,0.1238810196518898,0.1238810196518898,2.9434263706207275,-1,,,
1,33,33717,1,22,18,11,0.1947241574525833,0.09938575327396393,0.09533840417861938,22,0.11244235187768936,0.11244235187768936,2.9737489223480225,-1,,,
1,34,33718,1,22,18,11,0.18955932557582855,0.0982842966914177,0.09127502888441086,21,0.1127319484949112,0.1127319484949112,2.9725074768066406,-1,,,
1,35,33719,1,22,18,11,0.1906043291091919,0.09234151244163513,0.09826281666755676,22,0.11247704178094864,0.11247704178094864,2.972299575805664,-1,,,
1,36,33720,1,22,18,11,0.19199515879154205,0.09667595475912094,0.09531920403242111,22,0.11023008078336716,0.11023008078336716,2.9767940044403076,-1,,,
1,37,33721,1,22,18,11,0.19104401767253876,0.09042699635028839,0.10061702132225037,21,0.11064822226762772,0.11064822226762772,2.9752960205078125,-1,,,
1,38,33722,1,22,18,11,0.1902472972869873,0.08963573724031448,0.10061156004667282,22,0.11368711292743683,0.11368711292743683,2.9684598445892334,-1,,,
1,39,33723,1,22,18,11,0.19031351804733276,0.08635511249303818,0.10395840555429459,21,0.11655949801206589,0.11655949801206589,2.9564554691314697,-1,,,
1,40,33724,1,22,18,11,0.19080457091331482,0.09340106695890427,0.09740350395441055,22,0.10870927572250366,0.10870927572250366,2.979572296142578,-1,,,
1,41,33725,1,22,18,11,0.18753108382225037,0.09208270162343979,0.09544838219881058,22,0.10613611340522766,0.10613611340522766,2.9847025871276855,-1,,,
1,42,33726,1,22,18,11,0.1877206414937973,0.08757820725440979,0.10014243423938751,22,0.10985515266656876,0.10985515266656876,2.9713292121887207,-1,,,
1,43,33727,1,22,18,11,0.18441921472549438,0.09346945583820343,0.09094975888729095,21,0.1061568409204483,0.1061568409204483,2.9843451976776123,-1,,,
1,44,33728,1,22,18,7,0.1842958927154541,0.09372398257255554,0.09057191014289856,22,0.10912726819515228,0.10912726819515228,2.973381519317627,-1,,,
1,45,33729,1,22,18,11,0.18205122649669647,0.0917595848441124,0.09029164165258408,22,0.12508612871170044,0.12508612871170044,2.9360039234161377,-1,,,
1,46,33730,1,22,18,11,0.1801460236310959,0.09346150606870651,0.08668451756238937,22,0.10681892186403275,0.10681892186403275,2.984265089035034,-1,,,
1,47,33731,1,22,18,11,0.1800646036863327,0.09311811625957489,0.08694648742675781,22,0.10963241755962372,0.10963241755962372,2.9682297706604004,-1,,,
1,48,33732,1,22,18,11,0.1770627498626709,0.09232039004564285,0.08474235981702805,20,0.10816031694412231,0.10816031694412231,2.9824395179748535,-1,,,
1,49,33733,1,22,18,21,0.17635512351989746,0.08556660264730453,0.09078852087259293,22,0.1068291962146759,0.1068291962146759,2.984966993331909,-1,,,
1,50,33734,1,22,18,11,0.1747850775718689,0.09443449229001999,0.08035058528184891,22,0.10903026163578033,0.10903026163578033,2.980591297149658,-1,,,
1,51,33735,1,22,18,11,0.17585858702659607,0.09041973203420639,0.08543885499238968,22,0.10972029715776443,0.10972029715776443,2.9785749912261963,-1,,,
1,52,33736,1,22,18,11,0.17292657494544983,0.09009110182523727,0.08283547312021255,22,0.10839889198541641,0.10839889198541641,2.981077194213867,-1,,,
1,53,33737,1,22,18,11,0.17089712619781494,0.0921492949128151,0.07874783128499985,21,0.11645115166902542,0.11645115166902542,2.9645488262176514,-1,,,
1,54,33738,1,22,18,6,0.16897383332252502,0.09443129599094391,0.07454253733158112,20,0.10475054383277893,0.10475054383277893,2.988029956817627,-1,,,
1,55,33739,1,22,18,21,0.16552665829658508,0.08904486894607544,0.07648178935050964,20,0.10705529898405075,0.10705529898405075,2.9763855934143066,-1,,,
1,56,33740,1,22,18,11,0.16183117032051086,0.08787272870540619,0.07395844161510468,20,0.10935614258050919,0.10935614258050919,2.9747440814971924,-1,,,
1,57,33741,1,22,18,21,0.16184577345848083,0.0915478765964508,0.07029789686203003,20,0.10553043335676193,0.10553043335676193,2.982454538345337,-1,,,
1,58,33742,1,22,18,11,0.16122500598430634,0.09548696130514145,0.06573804467916489,20,0.11275883764028549,0.11275883764028549,2.962865114212036,-1,,,
1,59,33743,1,22,18,11,0.158822163939476,0.08980900794267654,0.06901315599679947,20,0.10754349827766418,0.10754349827766418,2.9708974361419678,-1,,,
1,60,33744,1,22,18,7,0.2546387016773224,0.1352313607931137,0.11940734088420868,22,0.1135391816496849,0.1135391816496849,2.9574334621429443,-1,,,
1,61,33745,1,22,18,6,0.34920838475227356,0.15719187259674072,0.19201651215553284,22,0.1346011757850647,0.1346011757850647,2.9097988605499268,-1,,,
1,62,33746,1,22,18,6,0.4442377984523773,0.18207809329032898,0.26215970516204834,22,0.1293625682592392,0.1293625682592392,2.922121524810791,-1,,,
1,63,33747,1,22,18,3,0.5414955019950867,0.20492056012153625,0.3365749418735504,22,0.13142277300357819,0.13142277300357819,2.915113925933838,-1,,,
1,64,33748,1,22,18,3,0.6360403299331665,0.22772331535816193,0.4083170145750046,22,0.1388813704252243,0.1388813704252243,2.896158218383789,-1,,,
1,65,33749,1,22,18,3,0.7288118600845337,0.2359672486782074,0.4928446114063263,22,0.14412227272987366,0.14412227272987366,2.869863748550415,-1,,,
1,66,33750,1,22,18,3,0.8233950734138489,0.2498466968536377,0.5735483765602112,22,0.14464473724365234,0.14464473724365234,2.8656656742095947,-1,,,
1,67,33751,0,22,18,1,0.923408567905426,0.2427065670490265,0.6807020008563995,22,0.14432108402252197,0.14432108402252197,2.868802309036255,-1,,,
1,68,33752,0,22,18,1,0.9214710593223572,0.24842433631420135,0.6730467230081558,21,0.14240343868732452,0.14240343868732452,2.866403341293335,-1,,,
1,69,33753,0,22,18,3,0.9214025139808655,0.24230781197547913,0.6790947020053864,22,0.1432444453239441,0.1432444453239441,2.8636603355407715,-1,,,
1,70,33754,0,22,18,3,0.913136899471283,0.23586973547935486,0.6772671639919281,22,0.14644749462604523,0.14644749462604523,2.859821319580078,-1,,,
1,71,33755,0,22,18,3,0.9104881286621094,0.2312532216310501,0.6792349070310593,22,0.14192326366901398,0.14192326366901398,2.8722569942474365,-1,,,
1,72,33756,0,22,18,3,0.8973738551139832,0.2284887284040451,0.668885126709938,22,0.11571485549211502,0.11571485549211502,2.8913681507110596,-1,,,
1,73,33757,0,22,18,3,1.09685480594635,0.255128413438797,0.8417263925075531,22,0.13694070279598236,0.13694070279598236,2.8691771030426025,-1,,,
1,74,33758,0,22,18,12,1.2905315160751343,0.2640947997570038,1.0264367163181305,22,0.11988115310668945,0.11988115310668945,2.8884809017181396,-1,,,
1,75,33759,0,22,18,12,1.4973851442337036,0.30052635073661804,1.1968587934970856,21,0.11174093931913376,0.11174093931913376,2.9053990840911865,-1,,,
1,76,33760,0,22,18,12,1.6879489421844482,0.336623877286911,1.3513250648975372,22,0.1190052255988121,0.1190052255988121,2.899216413497925,-1,,,
1,77,33761,0,22,18,8,1.8816471099853516,0.35689258575439453,1.524754524230957,22,0.12965233623981476,0.12965233623981476,2.896926164627075,-1,,,
1,78,33762,0,22,18,8,2.0646910667419434,0.3350582420825958,1.7296328246593475,22,0.12687893211841583,0.12687893211841583,2.9028384685516357,-1,,,
1,79,33763,0,22,18,8,2.2557244300842285,0.3545994758605957,1.9011249542236328,22,0.1316348761320114,0.1316348761320114,2.9055747985839844,-1,,,
1,80,33764,3,22,18,8,2.426724910736084,0.3930410146713257,2.0336838960647583,22,0.1051078587770462,0.1051078587770462,2.9339025020599365,-1,,,
1,81,33765,3,22,18,8,2.3966126441955566,0.37638869881629944,2.020223945379257,22,0.09910683333873749,0.09910683333873749,2.9471590518951416,-1,,,
1,82,33766,3,22,18,8,2.356367349624634,0.38996031880378723,1.9664070308208466,22,0.10308919847011566,0.10308919847011566,2.9436233043670654,-1,,,
1,83,33767,3,22,18,8,2.310472249984741,0.35659465193748474,1.9538775980472565,22,0.12811309099197388,0.12811309099197388,2.8953356742858887,-1,,,
1,84,33768,3,22,18,8,2.264784812927246,0.3590949773788452,1.9056898355484009,22,0.12162119895219803,0.12162119895219803,2.898894786834717,-1,,,
1,85,33769,3,22,18,8,2.220928192138672,0.3247228264808655,1.8962053656578064,22,0.1321927160024643,0.1321927160024643,2.883880615234375,-1,,,
1,86,33770,3,22,18,10,2.174929141998291,0.3189201354980469,1.8560090065002441,22,0.11510910093784332,0.11510910093784332,2.9059438705444336,-1,,,
1,87,33771,3,22,18,10,2.1274256706237793,0.288216233253479,1.8392094373703003,22,0.11031310260295868,0.11031310260295868,2.9146311283111572,-1,,,
1,88,33772,3,22,18,10,2.098198652267456,0.2717282176017761,1.82647043466568,22,0.11285662651062012,0.11285662651062012,2.9064390659332275,-1,,,
1,89,33773,3,22,18,10,2.064234495162964,0.2684881091117859,1.795746386051178,22,0.104830302298069,0.104830302298069,2.9292263984680176,-1,,,
1,90,33774,3,22,18,10,2.0330452919006348,0.2722194790840149,1.7608258128166199,22,0.10065752267837524,0.10065752267837524,2.9348883628845215,-1,,,
1,91,33775,3,22,18,10,1.9967867136001587,0.26885494589805603,1.7279317677021027,22,0.12691523134708405,0.12691523134708405,2.8690569400787354,-1,,,
1,92,33776,3,22,18,10,1.9785586595535278,0.2826210856437683,1.6959375739097595,22,0.12086860835552216,0.12086860835552216,2.886746883392334,-1,,,
1,93,33777,3,22,18,10,1.9453622102737427,0.2761790454387665,1.6691831648349762,22,0.11253776401281357,0.11253776401281357,2.894625425338745,-1,,,
1,94,33778,3,22,18,10,1.920287847518921,0.2787618339061737,1.6415260136127472,22,0.09827277064323425,0.09827277064323425,2.937847375869751,-1,,,
1,95,33779,3,22,18,10,1.883833408355713,0.2649441361427307,1.6188892722129822,22,0.09619925916194916,0.09619925916194916,2.940619945526123,-1,,,
1,96,33780,3,22,18,8,1.8573532104492188,0.2524886429309845,1.6048645675182343,22,0.094378761947155,0.094378761947155,2.948155164718628,-1,,,
1,97,33781,3,22,18,10,1.812538504600525,0.25368037819862366,1.5588581264019012,22,0.09583459049463272,0.09583459049463272,2.947103977203369,-1,,,
1,98,33782,3,22,18,10,1.7778847217559814,0.26699212193489075,1.5108925998210907,22,0.09762611985206604,0.09762611985206604,2.9470348358154297,-1,,,
1,99,33783,3,22,18,10,1.7301421165466309,0.2788383662700653,1.4513037502765656,22,0.13140805065631866,0.13140805065631866,2.8913702964782715,-1,,,
1,100,33784,3,22,18,10,1.690727949142456,0.282049298286438,1.408678650856018,22,0.11159645020961761,0.11159645020961761,2.913738250732422,-1,,,
1,101,33785,3,22,18,10,1.656255841255188,0.28229227662086487,1.3739635646343231,22,0.09547827392816544,0.09547827392816544,2.942810535430908,-1,,,
1,102,33786,3,22,18,10,1.6401886940002441,0.2814234793186188,1.3587652146816254,22,0.09885094314813614,0.09885094314813614,2.9408860206604004,-1,,,
1,103,33787,3,22,18,10,1.6192595958709717,0.27791741490364075,1.341342180967331,22,0.09691184759140015,0.09691184759140015,2.946089506149292,-1,,,
1,104,33788,3,22,18,10,1.6059136390686035,0.2812134921550751,1.3247001469135284,22,0.11091452091932297,0.11091452091932297,2.9177634716033936,-1,,,
1,105,33789,3,22,18,10,1.601375699043274,0.28575730323791504,1.3156183958053589,22,0.1303568184375763,0.1303568184375763,2.8945844173431396,-1,,,
1,106,33790,3,22,18,8,1.5986549854278564,0.2836415767669678,1.3150134086608887,22,0.0997018963098526,0.0997018963098526,2.9418210983276367,-1,,,
1,107,33791,3,22,18,10,1.5952348709106445,0.28554224967956543,1.309692621231079,22,0.11964107304811478,0.11964107304811478,2.912315845489502,-1,,,
1,108,33792,3,22,18,10,1.5837749242782593,0.26991525292396545,1.3138596713542938,22,0.12804877758026123,0.12804877758026123,2.897305488586426,-1,,,
1,109,33793,3,22,18,8,1.5825355052947998,0.26277679204940796,1.3197587132453918,21,0.11825841665267944,0.11825841665267944,2.9071712493896484,-1,,,
1,110,33794,3,22,18,10,1.57451331615448,0.24886590242385864,1.3256474137306213,22,0.12779876589775085,0.12779876589775085,2.8877995014190674,-1,,,
1,111,33795,3,22,18,10,1.5677584409713745,0.22770649194717407,1.3400519490242004,22,0.11805763840675354,0.11805763840675354,2.8992092609405518,-1,,,
1,112,33796,3,22,18,10,1.5578137636184692,0.2138119637966156,1.3440017998218536,22,0.11815764755010605,0.11815764755010605,2.8971779346466064,-1,,,
1,113,33797,3,22,18,10,1.5573623180389404,0.19891555607318878,1.3584467619657516,22,0.11777212470769882,0.11777212470769882,2.8911361694335938,-1,,,
1,114,33798,3,22,18,10,1.5540462732315063,0.20317821204662323,1.3508680611848831,22,0.13899263739585876,0.13899263739585876,2.854978561401367,-1,,,
1,115,33799,3,22,18,10,1.543015718460083,0.20464569330215454,1.3383700251579285,22,0.14257650077342987,0.14257650077342987,2.859513759613037,-1,,,
1,116,33800,3,22,18,8,1.5516151189804077,0.21220575273036957,1.3394093662500381,22,0.13653889298439026,0.13653889298439026,2.8545753955841064,-1,,,
1,117,33801,3,22,18,10,1.5527501106262207,0.21866914629936218,1.3340809643268585,22,0.13980020582675934,0.13980020582675934,2.857821464538574,-1,,,
1,118,33802,3,22,18,8,1.5457782745361328,0.23054295778274536,1.3152353167533875,22,0.13738341629505157,0.13738341629505157,2.856107234954834,-1,,,
1,119,33803,3,22,18,8,1.5326803922653198,0.21134883165359497,1.3213315606117249,22,0.12780995666980743,0.12780995666980743,2.874335527420044,-1,,,
1,120,33804,3,22,18,10,1.5281007289886475,0.21036352217197418,1.3177372068166733,22,0.14137659966945648,0.14137659966945648,2.864694118499756,-1,,,
1,121,33805,3,22,18,10,1.5124127864837646,0.22121667861938477,1.2911961078643799,22,0.13081184029579163,0.13081184029579163,2.8708431720733643,-1,,,
1,122,33806,3,22,18,10,1.4893317222595215,0.24561737477779388,1.2437143474817276,22,0.13732056319713593,0.13732056319713593,2.8886780738830566,-1,,,
1,123,33807,3,22,18,10,1.476443886756897,0.2491762638092041,1.2272676229476929,22,0.10478628426790237,0.10478628426790237,2.927610397338867,-1,,,
1,124,33808,3,22,18,10,1.4629173278808594,0.2535131573677063,1.209404170513153,21,0.13329438865184784,0.13329438865184784,2.894512414932251,-1,,,
1,125,33809,3,22,18,10,1.4555946588516235,0.24203747510910034,1.2135571837425232,22,0.11814440041780472,0.11814440041780472,2.9019930362701416,-1,,,
1,126,33810,3,22,18,10,1.448331594467163,0.2171490639448166,1.2311825305223465,22,0.1312268227338791,0.1312268227338791,2.8956856727600098,-1,,,
1,127,33811,3,22,18,10,1.4544063806533813,0.20222675800323486,1.2521796226501465,22,0.12403503060340881,0.12403503060340881,2.8985140323638916,-1,,,
1,128,33812,3,22,18,10,1.4614760875701904,0.18088090419769287,1.2805951833724976,22,0.11841072887182236,0.11841072887182236,2.908679485321045,-1,,,
1,129,33813,3,22,18,10,1.4882633686065674,0.17977070808410645,1.308492660522461,22,0.10658268630504608,0.10658268630504608,2.925896167755127,-1,,,
1,130,33814,3,22,18,10,1.5050665140151978,0.18380169570446014,1.3212648183107376,22,0.10688545554876328,0.10688545554876328,2.931913137435913,-1,,,
1,131,33815,3,22,18,10,1.5227426290512085,0.206984743475914,1.3157578855752945,22,0.09991580247879028,0.09991580247879028,2.944021224975586,-1,,,
1,132,33816,3,22,18,8,1.5485316514968872,0.22228702902793884,1.3262446224689484,22,0.11732017248868942,0.11732017248868942,2.9052724838256836,-1,,,
1,133,33817,3,22,18,8,1.557052731513977,0.20615509152412415,1.350897639989853,22,0.1254962980747223,0.1254962980747223,2.8959527015686035,-1,,,
1,134,33818,3,22,18,8,1.5751444101333618,0.2154434472322464,1.3597009629011154,22,0.12480457872152328,0.12480457872152328,2.8885977268218994,-1,,,
1,135,33819,3,22,18,8,1.5937613248825073,0.23172692954540253,1.3620343953371048,22,0.1218886524438858,0.1218886524438858,2.8922550678253174,-1,,,
1,136,33820,3,22,18,14,1.6192708015441895,0.25436675548553467,1.3649040460586548,22,0.11456043273210526,0.11456043273210526,2.906291961669922,-1,,,
1,137,33821,3,22,18,10,1.6345345973968506,0.23628520965576172,1.3982493877410889,22,0.0979500487446785,0.0979500487446785,2.938976287841797,-1,,,
1,138,33822,3,22,18,8,1.6638445854187012,0.22196491062641144,1.4418796747922897,22,0.10197658091783524,0.10197658091783524,2.9314873218536377,-1,,,
1,139,33823,3,22,18,8,1.6947007179260254,0.2256244421005249,1.4690762758255005,22,0.10375678539276123,0.10375678539276123,2.9317615032196045,-1,,,
1,140,33824,3,22,18,8,1.6952650547027588,0.20369182527065277,1.491573229432106,22,0.11073441803455353,0.11073441803455353,2.8993306159973145,-1,,,
1,141,33825,3,22,18,8,1.7051196098327637,0.20767982304096222,1.4974397867918015,22,0.10192077606916428,0.10192077606916428,2.9267725944519043,-1,,,
1,142,33826,3,22,18,8,1.7116804122924805,0.2188684493303299,1.4928119629621506,22,0.11768028885126114,0.11768028885126114,2.8876118659973145,-1,,,
1,143,33827,3,22,18,14,1.7067945003509521,0.2089851051568985,1.4978093951940536,22,0.11890117079019547,0.11890117079019547,2.888529062271118,-1,,,
1,144,33828,3,22,18,8,1.6945525407791138,0.2363986372947693,1.4581539034843445,22,0.11591270565986633,0.11591270565986633,2.8995766639709473,-1,,,
1,145,33829,3,22,18,14,1.684669017791748,0.20477008819580078,1.4798989295959473,22,0.10309246927499771,0.10309246927499771,2.9277172088623047,-1,,,
1,146,33830,3,22,18,14,1.6725072860717773,0.22047562897205353,1.4520316570997238,22,0.09698059409856796,0.09698059409856796,2.9400362968444824,-1,,,
1,147,33831,3,22,18,14,1.6694560050964355,0.21806307137012482,1.4513929337263107,22,0.09861566126346588,0.09861566126346588,2.941457748413086,-1,,,
1,148,33832,3,22,18,14,1.6868834495544434,0.21802614629268646,1.468857303261757,22,0.10699234157800674,0.10699234157800674,2.9158592224121094,-1,,,
1,149,33833,3,22,18,14,1.690549373626709,0.23585234582424164,1.4546970278024673,22,0.09842444956302643,0.09842444956302643,2.940781831741333,-1,,,
1,150,33834,3,22,18,14,1.7021199464797974,0.2589225471019745,1.4431973993778229,22,0.09651455283164978,0.09651455283164978,2.947946786880493,-1,,,
1,151,33835,3,22,18,10,1.7141379117965698,0.2434307038784027,1.4707072079181671,22,0.09659072011709213,0.09659072011709213,2.9480583667755127,-1,,,
1,152,33836,3,22,18,10,1.7339377403259277,0.2465142011642456,1.4874235391616821,22,0.09434942901134491,0.09434942901134491,2.9556548595428467,-1,,,
1,153,33837,3,22,18,10,1.7384532690048218,0.2458944171667099,1.4925588518381119,22,0.09497980773448944,0.09497980773448944,2.955500841140747,-1,,,
1,154,33838,3,22,18,10,1.7451484203338623,0.24544097483158112,1.4997074455022812,22,0.09524300694465637,0.09524300694465637,2.956279754638672,-1,,,
1,155,33839,3,22,18,10,1.7440714836120605,0.24333684146404266,1.5007346421480179,22,0.094838447868824,0.094838447868824,2.959435224533081,-1,,,
1,156,33840,3,22,18,10,1.735769271850586,0.22778251767158508,1.5079867541790009,20,0.11257323622703552,0.11257323622703552,2.917215347290039,-1,,,
1,157,33841,3,22,18,10,1.7298558950424194,0.24098829925060272,1.4888675957918167,22,0.12057826668024063,0.12057826668024063,2.903564929962158,-1,,,
1,158,33842,3,22,18,10,1.7149490118026733,0.24408212304115295,1.4708668887615204,22,0.10721231251955032,0.10721231251955032,2.9191431999206543,-1,,,
1,159,33843,3,22,18,10,1.702211856842041,0.23869965970516205,1.463512197136879,22,0.11471053212881088,0.11471053212881088,2.908931255340576,-1,,,
1,160,33844,3,22,18,10,1.6751405000686646,0.2316572070121765,1.443483293056488,22,0.11372977495193481,0.11372977495193481,2.9039900302886963,-1,,,
1,161,33845,3,22,18,10,1.6572294235229492,0.21885041892528534,1.4383790045976639,22,0.12477947771549225,0.12477947771549225,2.887171506881714,-1,,,
1,162,33846,3,22,18,10,1.635467290878296,0.2280750423669815,1.4073922485113144,22,0.13502758741378784,0.13502758741378784,2.8600244522094727,-1,,,
1,163,33847,3,22,18,10,1.6178873777389526,0.22420109808444977,1.3936862796545029,22,0.13849268853664398,0.13849268853664398,2.858060121536255,-1,,,
1,164,33848,3,22,18,10,1.5918176174163818,0.22492696344852448,1.3668906539678574,22,0.0968620777130127,0.0968620777130127,2.9423365592956543,-1,,,
1,165,33849,3,22,18,10,1.5596657991409302,0.23797181248664856,1.3216939866542816,22,0.10096854716539383,0.10096854716539383,2.935115337371826,-1,,,
1,166,33850,3,22,18,10,1.5447052717208862,0.24746182560920715,1.297243446111679,22,0.10040699690580368,0.10040699690580368,2.9332354068756104,-1,,,
1,167,33851,3,22,18,10,1.5314909219741821,0.22478251159191132,1.3067084103822708,22,0.139152392745018,0.139152392745018,2.854092597961426,-1,,,
1,168,33852,3,22,18,10,1.5220376253128052,0.20831821858882904,1.3137194067239761,22,0.12229034304618835,0.12229034304618835,2.8779373168945312,-1,,,
1,169,33853,3,22,18,10,1.5124260187149048,0.1929168999195099,1.319509118795395,22,0.1296786367893219,0.1296786367893219,2.880668878555298,-1,,,
1,170,33854,3,22,18,10,1.517646074295044,0.23779620230197906,1.2798498719930649,22,0.09990465641021729,0.09990465641021729,2.932342052459717,-1,,,
1,171,33855,3,22,18,10,1.5073145627975464,0.22947709262371063,1.2778374701738358,22,0.10445491224527359,0.10445491224527359,2.92079758644104,-1,,,
1,172,33856,3,22,18,10,1.506162166595459,0.2592739760875702,1.2468881905078888,22,0.12216577678918839,0.12216577678918839,2.9020588397979736,-1,,,
1,173,33857,3,22,18,10,1.5204652547836304,0.21115627884864807,1.3093089759349823,22,0.12772104144096375,0.12772104144096375,2.8746867179870605,-1,,,
1,174,33858,3,22,18,10,1.5291869640350342,0.200564444065094,1.3286225199699402,22,0.1331043541431427,0.1331043541431427,2.895958185195923,-1,,,
1,175,33859,3,22,18,10,1.530603051185608,0.19877173006534576,1.3318313211202621,22,0.11923926323652267,0.11923926323652267,2.9050354957580566,-1,,,
1,176,33860,3,22,18,10,1.529236078262329,0.2068452388048172,1.322390839457512,22,0.127706840634346,0.127706840634346,2.911888360977173,-1,,,
1,177,33861,3,22,18,10,1.5314818620681763,0.20017743110656738,1.3313044309616089,22,0.1238875761628151,0.1238875761628151,2.9062705039978027,-1,,,
1,178,33862,3,22,18,8,1.5315990447998047,0.20447351038455963,1.327125534415245,22,0.09944430738687515,0.09944430738687515,2.94268536567688,-1,,,
1,179,33863,3,22,18,10,1.5426594018936157,0.22472985088825226,1.3179295510053635,22,0.10036840289831161,0.10036840289831161,2.9422523975372314,-1,,,
1,180,33864,3,22,18,10,1.5462266206741333,0.23432569205760956,1.3119009286165237,22,0.10435131192207336,0.10435131192207336,2.9421589374542236,-1,,,
1,181,33865,3,22,18,8,1.5493364334106445,0.22605417668819427,1.3232822567224503,22,0.09785196930170059,0.09785196930170059,2.9481120109558105,-1,,,
1,182,33866,3,22,18,10,1.5550310611724854,0.22127161920070648,1.3337594419717789,21,0.09726151823997498,0.09726151823997498,2.9532532691955566,-1,,,
1,183,33867,3,22,18,10,1.5767290592193604,0.21652331948280334,1.360205739736557,22,0.11306194216012955,0.11306194216012955,2.9094793796539307,-1,,,
1,184,33868,3,22,18,10,1.5853931903839111,0.22834576666355133,1.3570474237203598,22,0.10641814768314362,0.10641814768314362,2.917182445526123,-1,,,
1,185,33869,3,22,18,10,1.5888725519180298,0.23037749528884888,1.358495056629181,22,0.09776194393634796,0.09776194393634796,2.940192699432373,-1,,,
1,186,33870,3,22,18,10,1.5967952013015747,0.24805165827274323,1.3487435430288315,22,0.09657924622297287,0.09657924622297287,2.9454658031463623,-1,,,
1,187,33871,3,22,18,10,1.605454921722412,0.21378378570079803,1.391671136021614,21,0.09876692295074463,0.09876692295074463,2.937281370162964,-1,,,
1,188,33872,3,22,18,10,1.5699942111968994,0.23959879577159882,1.3303954154253006,22,0.09642501920461655,0.09642501920461655,2.9426159858703613,-1,,,
1,189,33873,3,22,18,10,1.5487744808197021,0.2525263726711273,1.2962481081485748,22,0.10300589352846146,0.10300589352846146,2.934823513031006,-1,,,
1,190,33874,3,22,18,10,1.537406086921692,0.2499091774225235,1.2874969094991684,22,0.12212137132883072,0.12212137132883072,2.8789632320404053,-1,,,
1,191,33875,3,22,18,10,1.5163044929504395,0.2644639313220978,1.2518405616283417,21,0.12069079279899597,0.12069079279899597,2.8917534351348877,-1,,,
1,192,33876,3,22,18,10,1.4948313236236572,0.2504097819328308,1.2444215416908264,22,0.11593864113092422,0.11593864113092422,2.9094433784484863,-1,,,
1,193,33877,3,22,18,10,1.4781945943832397,0.2488258332014084,1.2293687611818314,21,0.11234686523675919,0.11234686523675919,2.908841848373413,-1,,,
1,194,33878,3,22,18,10,1.4591460227966309,0.24946263432502747,1.2096833884716034,22,0.09820003062486649,0.09820003062486649,2.9352221488952637,-1,,,
1,195,33879,3,22,18,8,1.4514033794403076,0.3040032982826233,1.1474000811576843,22,0.10169395059347153,0.10169395059347153,2.9331376552581787,-1,,,
1,196,33880,3,22,18,10,1.4712269306182861,0.25487205386161804,1.216354876756668,22,0.09647808969020844,0.09647808969020844,2.9421708583831787,-1,,,
1,197,33881,3,22,18,10,1.4792349338531494,0.23990362882614136,1.239331305027008,22,0.09558973461389542,0.09558973461389542,2.948629856109619,-1,,,
1,198,33882,3,22,18,10,1.4871046543121338,0.2380342036485672,1.2490704506635666,22,0.0949653759598732,0.0949653759598732,2.9547271728515625,-1,,,
1,199,33883,3,22,18,10,1.48504638671875,0.22448250651359558,1.2605638802051544,22,0.10163559019565582,0.10163559019565582,2.9499757289886475,-1,,,
1,200,33884,3,22,18,10,1.5107665061950684,0.22229072451591492,1.2884757816791534,22,0.12452953308820724,0.12452953308820724,2.914621114730835,-1,,,
1,201,33885,3,22,18,8,1.5263757705688477,0.23022887110710144,1.2961468994617462,22,0.11313864588737488,0.11313864588737488,2.9148993492126465,-1,,,
1,202,33886,3,22,18,10,1.5361729860305786,0.22684909403324127,1.3093238919973373,22,0.11391715705394745,0.11391715705394745,2.915614604949951,-1,,,
1,203,33887,3,22,18,10,1.5209249258041382,0.23755194246768951,1.2833729833364487,22,0.1180574893951416,0.1180574893951416,2.9138741493225098,-1,,,
1,204,33888,3,22,18,10,1.5419878959655762,0.20424355566501617,1.33774434030056,22,0.10169530659914017,0.10169530659914017,2.935476541519165,-1,,,
1,205,33889,3,22,18,10,1.5510066747665405,0.18192102015018463,1.369085654616356,22,0.11492402851581573,0.11492402851581573,2.9082398414611816,-1,,,
1,206,33890,3,22,18,10,1.5588794946670532,0.16873958706855774,1.3901399075984955,22,0.12993144989013672,0.12993144989013672,2.8808887004852295,-1,,,
1,207,33891,3,22,18,10,1.5503630638122559,0.17914973199367523,1.3712133318185806,22,0.10526768863201141,0.10526768863201141,2.927286386489868,-1,,,
1,208,33892,3,22,18,8,1.5522375106811523,0.19948339462280273,1.3527541160583496,22,0.14262738823890686,0.14262738823890686,2.8709073066711426,-1,,,
1,209,33893,3,22,18,8,1.4238941669464111,0.2257673144340515,1.1981268525123596,22,0.1390695720911026,0.1390695720911026,2.8858489990234375,-1,,,
1,210,33894,3,22,18,8,1.2950905561447144,0.24553915858268738,1.049551397562027,22,0.1388106793165207,0.1388106793165207,2.874171495437622,-1,,,
1,211,33895,3,22,18,8,1.1862345933914185,0.27876701951026917,0.9074675738811493,22,0.14164601266384125,0.14164601266384125,2.8644723892211914,-1,,,
1,212,33896,3,22,18,1,1.056650161743164,0.2550642788410187,0.8015858829021454,22,0.14456872642040253,0.14456872642040253,2.8544063568115234,-1,,,
1,213,33897,3,22,18,14,0.9475101232528687,0.2465982884168625,0.7009118348360062,22,0.13877326250076294,0.13877326250076294,2.8617398738861084,-1,,,
1,214,33898,3,22,18,5,0.8171831965446472,0.2238195538520813,0.5933636426925659,22,0.14599020779132843,0.14599020779132843,2.864812135696411,-1,,,
1,215,33899,3,22,18,1,0.7107081413269043,0.19861695170402527,0.512091189622879,22,0.145320862531662,0.145320862531662,2.8656182289123535,-1,,,
1,216,33900,0,22,18,5,0.5945538878440857,0.17118673026561737,0.4233671575784683,21,0.14140984416007996,0.14140984416007996,2.885714292526245,-1,,,
1,217,33901,0,22,18,1,0.6043564081192017,0.1752873957157135,0.42906901240348816,22,0.14045105874538422,0.14045105874538422,2.877776861190796,-1,,,
1,218,33902,0,22,18,1,0.6156637072563171,0.17219719290733337,0.44346651434898376,22,0.13781225681304932,0.13781225681304932,2.891145706176758,-1,,,
1,219,33903,0,22,18,3,0.6190919876098633,0.16232526302337646,0.4567667245864868,22,0.13553433120250702,0.13553433120250702,2.898926019668579,-1,,,
1,220,33904,0,22,18,1,0.6270124316215515,0.16046005487442017,0.46655237674713135,22,0.13375164568424225,0.13375164568424225,2.9150125980377197,-1,,,
1,221,33905,0,22,18,5,0.5684353709220886,0.16029314696788788,0.40814222395420074,22,0.12930428981781006,0.12930428981781006,2.9272572994232178,-1,,,
1,222,33906,0,22,18,3,0.5176013708114624,0.16550807654857635,0.35209329426288605,22,0.13153910636901855,0.13153910636901855,2.921142816543579,-1,,,
1,223,33907,0,22,18,1,0.4886244833469391,0.18428897857666016,0.30433550477027893,22,0.13094237446784973,0.13094237446784973,2.923523426055908,-1,,,
1,224,33908,0,22,18,3,0.4948451519012451,0.25105759501457214,0.24378755688667297,20,0.12982222437858582,0.12982222437858582,2.924468994140625,-1,,,
1,225,33909,0,22,18,3,0.511918842792511,0.33479607105255127,0.17712277173995972,22,0.12167691439390182,0.12167691439390182,2.940488576889038,-1,,,
1,226,33910,0,22,18,3,0.530464768409729,0.4271853566169739,0.10327941179275513,17,0.11552094668149948,0.11552094668149948,2.9513816833496094,-1,,,
1,227,33911,0,22,18,3,0.548050045967102,0.49801915884017944,0.05003088712692261,14,0.10343895852565765,0.10343895852565765,2.9861669540405273,-1,,,
1,228,33912,2,22,18,0,0.5615555047988892,0.5169917941093445,0.04456371068954468,6,0.11352473497390747,0.11352473497390747,2.9572651386260986,-1,,,
1,229,33913,2,22,18,11,0.635765552520752,0.5841616988182068,0.051603853702545166,11,0.12240960448980331,0.12240960448980331,2.9363412857055664,-1,,,
1,230,33914,2,22,18,0,0.6936832666397095,0.6454585790634155,0.048224687576293945,8,0.14139987528324127,0.14139987528324127,2.8841917514801025,-1,,,
1,231,33915,2,22,18,0,0.723954439163208,0.6754332184791565,0.048521220684051514,10,0.12046203762292862,0.12046203762292862,2.9407167434692383,-1,,,
1,232,33916,2,22,18,0,0.6981751322746277,0.6134519577026367,0.08472317457199097,17,0.1364298313856125,0.1364298313856125,2.901503801345825,-1,,,
1,233,33917,2,22,18,11,0.6398497223854065,0.5320103168487549,0.10783940553665161,20,0.12469536066055298,0.12469536066055298,2.9293813705444336,-1,,,
1,234,33918,2,22,18,11,0.5748776197433472,0.4589405953884125,0.11593702435493469,21,0.11151868104934692,0.11151868104934692,2.9697649478912354,-1,,,
1,235,33919,2,22,18,5,0.5133252143859863,0.3641088306903839,0.14921638369560242,21,0.14833244681358337,0.14833244681358337,2.870680332183838,-1,,,
1,236,33920,2,22,18,3,0.45259368419647217,0.2933802008628845,0.15921348333358765,21,0.148861363530159,0.148861363530159,2.8512396812438965,-1,,,
1,237,33921,2,22,18,3,0.38024279475212097,0.2178567349910736,0.16238605976104736,21,0.14244996011257172,0.14244996011257172,2.8870277404785156,-1,,,
1,238,33922,2,22,18,6,0.3149760365486145,0.14928413927555084,0.16569189727306366,20,0.14187099039554596,0.14187099039554596,2.8914096355438232,-1,,,
1,239,33923,2,22,18,17,0.25559139251708984,0.14856930077075958,0.10702209174633026,14,0.14561766386032104,0.14561766386032104,2.8816323280334473,-1,,,
1,240,33924,2,22,18,17,0.20405304431915283,0.12069616466760635,0.08335687965154648,5,0.11672388762235641,0.11672388762235641,2.9614768028259277,-1,,,
1,241,33925,2,22,18,17,0.184673011302948,0.10586196929216385,0.07881104201078415,18,0.12817327678203583,0.12817327678203583,2.926821231842041,-1,,,
1,242,33926,2,22,18,3,0.16634643077850342,0.10444637387990952,0.0619000568985939,18,0.12475176155567169,0.12475176155567169,2.9365134239196777,-1,,,
1,243,33927,2,22,18,17,0.14638985693454742,0.10234217345714569,0.04404768347740173,15,0.10991467535495758,0.10991467535495758,2.975620985031128,-1,,,
1,244,33928,2,22,18,1,0.12355013191699982,0.09259063005447388,0.03095950186252594,14,0.12244097888469696,0.12244097888469696,2.939075231552124,-1,,,
1,245,33929,2,22,18,4,0.11699242889881134,0.09395945072174072,0.023032978177070618,14,0.13135898113250732,0.13135898113250732,2.916996479034424,-1,,,
1,246,33930,2,22,18,6,0.11725852638483047,0.09837668389081955,0.018881842494010925,12,0.12888069450855255,0.12888069450855255,2.92008113861084,-1,,,
1,247,33931,2,22,18,7,0.12353606522083282,0.09057099372148514,0.03296507149934769,14,0.1063055694103241,0.1063055694103241,2.980503559112549,-1,,,
1,248,33932,2,22,18,3,0.12464538961648941,0.09123558551073074,0.03340980410575867,14,0.10763141512870789,0.10763141512870789,2.9775567054748535,-1,,,
1,249,33933,2,22,18,15,0.12003401666879654,0.0813535526394844,0.038680464029312134,15,0.10365203022956848,0.10365203022956848,2.9844377040863037,-1,,,
1,250,33934,2,22,18,7,0.1233225166797638,0.08169105648994446,0.041631460189819336,14,0.10983987897634506,0.10983987897634506,2.9719128608703613,-1,,,
1,251,33935,2,22,18,7,0.12915678322315216,0.09451977163553238,0.03463701158761978,14,0.11601874232292175,0.11601874232292175,2.95034122467041,-1,,,
1,252,33936,2,22,18,7,0.137141615152359,0.11364734917879105,0.023494265973567963,13,0.13014675676822662,0.13014675676822662,2.919168710708618,-1,,,
1,253,33937,2,22,18,7,0.14768876135349274,0.13140186667442322,0.01628689467906952,11,0.1400771588087082,0.1400771588087082,2.892221212387085,-1,,,
1,254,33938,2,22,18,3,0.1647539734840393,0.16024799644947052,0.004505977034568787,2,0.1289692521095276,0.1289692521095276,2.919487237930298,-1,,,
1,255,33939,2,22,18,13,0.1824841946363449,0.17501705884933472,0.007467135787010193,3,0.1298336237668991,0.1298336237668991,2.9174931049346924,-1,,,
1,256,33940,2,22,18,13,0.20254121720790863,0.17895236611366272,0.02358885109424591,6,0.11334086954593658,0.11334086954593658,2.965034246444702,-1,,,
1,257,33941,2,22,18,0,0.27230894565582275,0.22474032640457153,0.04756861925125122,6,0.10356193780899048,0.10356193780899048,2.985553026199341,-1,,,
1,258,33942,2,22,18,0,0.33213457465171814,0.2718472480773926,0.06028732657432556,6,0.10842397809028625,0.10842397809028625,2.9757161140441895,-1,,,
1,259,33943,2,22,18,0,0.39006638526916504,0.32007482647895813,0.06999155879020691,6,0.12561087310314178,0.12561087310314178,2.9332680702209473,-1,,,
1,260,33944,2,22,18,0,0.44725239276885986,0.37930577993392944,0.06794661283493042,6,0.10578806698322296,0.10578806698322296,2.984295129776001,-1,,,
1,261,33945,2,22,18,0,0.4997153878211975,0.4396972060203552,0.060018181800842285,6,0.10561305284500122,0.10561305284500122,2.98401141166687,-1,,,
1,262,33946,2,22,18,0,0.5367534160614014,0.4815484285354614,0.05520498752593994,10,0.10050122439861298,0.10050122439861298,2.991645336151123,-1,,,
1,263,33947,2,22,18,11,0.5707487463951111,0.5250534415245056,0.04569530487060547,12,0.09793440997600555,0.09793440997600555,2.996617078781128,-1,,,
1,264,33948,2,22,18,1,0.6051881909370422,0.544134259223938,0.06105393171310425,20,0.10129425674676895,0.10129425674676895,2.988614559173584,-1,,,
1,265,33949,2,22,18,5,0.5981999635696411,0.4782349467277527,0.11996501684188843,21,0.09948697686195374,0.09948697686195374,2.9925615787506104,-1,,,
1,266,33950,2,22,18,4,0.5717795491218567,0.3991137146949768,0.17266583442687988,22,0.14070896804332733,0.14070896804332733,2.8924903869628906,-1,,,
1,267,33951,2,22,18,4,0.607965350151062,0.3535310924053192,0.2544342577457428,22,0.1433219015598297,0.1433219015598297,2.887266159057617,-1,,,
1,268,33952,2,22,18,6,0.6422702074050903,0.3010130226612091,0.3412571847438812,22,0.1383911669254303,0.1383911669254303,2.898922920227051,-1,,,
1,269,33953,2,22,18,6,0.6684461236000061,0.2546961307525635,0.4137499928474426,22,0.1363295465707779,0.1363295465707779,2.9031920433044434,-1,,,
1,270,33954,2,22,18,6,0.6855214834213257,0.2687726318836212,0.41674885153770447,22,0.1374407708644867,0.1374407708644867,2.9008753299713135,-1,,,
1,271,33955,2,22,18,6,0.7104911208152771,0.21433965861797333,0.49615146219730377,21,0.13707514107227325,0.13707514107227325,2.9025235176086426,-1,,,
1,272,33956,2,22,18,1,0.7266566753387451,0.16465240716934204,0.5620042681694031,22,0.13255664706230164,0.13255664706230164,2.9154303073883057,-1,,,
1,273,33957,2,22,18,17,0.7396361827850342,0.22462376952171326,0.5150124132633209,18,0.14708705246448517,0.14708705246448517,2.877223491668701,-1,,,
1,274,33958,0,22,18,3,0.7671845555305481,0.21576136350631714,0.551423192024231,22,0.14266365766525269,0.14266365766525269,2.8864428997039795,-1,,,
1,275,33959,0,22,18,5,0.739533543586731,0.2129453420639038,0.5265882015228271,22,0.1400999128818512,0.1400999128818512,2.8946492671966553,-1,,,
1,276,33960,0,22,18,5,0.7192506790161133,0.18788376450538635,0.5313669145107269,22,0.1395529955625534,0.1395529955625534,2.890488624572754,-1,,,
1,277,33961,0,22,18,1,0.6994338631629944,0.18143436312675476,0.5179995000362396,21,0.13790573179721832,0.13790573179721832,2.8927993774414062,-1,,,
1,278,33962,0,22,18,5,0.6977370381355286,0.17478474974632263,0.5229522883892059,22,0.14203889667987823,0.14203889667987823,2.885113477706909,-1,,,
1,279,33963,0,22,18,5,0.626996636390686,0.1568460464477539,0.47015058994293213,21,0.14493882656097412,0.14493882656097412,2.884528398513794,-1,,,
1,280,33964,0,22,18,5,0.5638724565505981,0.15348322689533234,0.4103892296552658,22,0.14744684100151062,0.14744684100151062,2.870222806930542,-1,,,
1,281,33965,0,22,18,5,0.5020545721054077,0.14136745035648346,0.36068712174892426,21,0.14219076931476593,0.14219076931476593,2.8922202587127686,-1,,,
1,282,33966,0,22,18,12,0.44545382261276245,0.125286266207695,0.32016755640506744,22,0.12295883893966675,0.12295883893966675,2.9464824199676514,-1,,,
1,283,33967,0,22,18,5,0.38735222816467285,0.1105109304189682,0.27684129774570465,22,0.12121179699897766,0.12121179699897766,2.9509472846984863,-1,,,
1,284,33968,0,22,18,5,0.3225902020931244,0.10245164483785629,0.2201385572552681,22,0.12209826707839966,0.12209826707839966,2.948573350906372,-1,,,
1,285,33969,0,22,18,4,0.26487818360328674,0.08928412199020386,0.17559406161308289,22,0.12080218642950058,0.12080218642950058,2.952451467514038,-1,,,
1,286,33970,1,22,18,6,0.1996423751115799,0.07725635915994644,0.12238601595163345,22,0.1233460083603859,0.1233460083603859,2.9471685886383057,-1,,,
1,287,33971,1,22,18,6,0.1934189349412918,0.0720161497592926,0.1214027851819992,22,0.11490274220705032,0.11490274220705032,2.965980291366577,-1,,,
1,288,33972,1,22,18,6,0.1880011260509491,0.07192973047494888,0.11607139557600021,22,0.10664178431034088,0.10664178431034088,2.983586311340332,-1,,,
1,289,33973,1,22,18,6,0.18372416496276855,0.07514014095067978,0.10858402401208878,22,0.10916310548782349,0.10916310548782349,2.97526478767395,-1,,,
1,290,33974,1,22,18,6,0.1812431812286377,0.07796315848827362,0.10328002274036407,22,0.10542305558919907,0.10542305558919907,2.9881365299224854,-1,,,
1,291,33975,1,22,18,6,0.17733459174633026,0.08064284175634384,0.09669174998998642,21,0.10800815373659134,0.10800815373659134,2.9831042289733887,-1,,,
1,292,33976,1,22,18,6,0.17155100405216217,0.07934246212244034,0.09220854192972183,22,0.11726274341344833,0.11726274341344833,2.957254648208618,-1,,,
1,293,33977,1,22,18,7,0.16848725080490112,0.08864736557006836,0.07983988523483276,22,0.11504481732845306,0.11504481732845306,2.958172082901001,-1,,,
1,294,33978,1,22,18,7,0.16798123717308044,0.08743371814489365,0.0805475190281868,22,0.11664675176143646,0.11664675176143646,2.957336902618408,-1,,,
1,295,33979,1,22,18,11,0.16871784627437592,0.08739826083183289,0.08131958544254303,22,0.12335594743490219,0.12335594743490219,2.9425203800201416,-1,,,
1,296,33980,1,22,18,11,0.16836057603359222,0.08314118534326553,0.08521939069032669,22,0.11396964639425278,0.11396964639425278,2.9636597633361816,-1,,,
1,297,33981,1,22,18,11,0.166670560836792,0.08283302932977676,0.08383753150701523,22,0.11422717571258545,0.11422717571258545,2.959839105606079,-1,,,
1,298,33982,1,22,18,11,0.16924746334552765,0.08316903561353683,0.08607842773199081,22,0.12919248640537262,0.12919248640537262,2.9285025596618652,-1,,,
1,299,33983,1,22,18,11,0.16352765262126923,0.08662797510623932,0.07689967751502991,21,0.13651040196418762,0.13651040196418762,2.9111642837524414,-1,,,
1,300,33984,1,22,18,11,0.16143840551376343,0.07550345361232758,0.08593495190143585,22,0.1176040843129158,0.1176040843129158,2.9614861011505127,-1,,,
1,301,33985,1,22,18,11,0.16009213030338287,0.08339783549308777,0.0766942948102951,21,0.13547934591770172,0.13547934591770172,2.9127724170684814,-1,,,
1,302,33986,1,22,18,11,0.1599246859550476,0.08406483381986618,0.07585985213518143,22,0.11633280664682388,0.11633280664682388,2.9626193046569824,-1,,,
1,303,33987,1,22,18,7,0.16523055732250214,0.08272580057382584,0.0825047567486763,22,0.12679924070835114,0.12679924070835114,2.938119411468506,-1,,,
1,304,33988,1,22,18,7,0.1645885854959488,0.08328568935394287,0.08130289614200592,22,0.1455349326133728,0.1455349326133728,2.8789572715759277,-1,,,
1,305,33989,1,22,18,7,0.1653582602739334,0.07854291796684265,0.08681534230709076,22,0.14014378190040588,0.14014378190040588,2.894827127456665,-1,,,
1,306,33990,1,22,18,11,0.16377615928649902,0.08532097935676575,0.07845517992973328,21,0.11933551728725433,0.11933551728725433,2.9442708492279053,-1,,,
1,307,33991,1,22,18,15,0.16790921986103058,0.07691645622253418,0.0909927636384964,22,0.12916845083236694,0.12916845083236694,2.925339460372925,-1,,,
1,308,33992,1,22,18,7,0.16785937547683716,0.07164674252271652,0.09621263295412064,22,0.12059173732995987,0.12059173732995987,2.945918560028076,-1,,,
1,309,33993,1,22,18,15,0.1683490127325058,0.0741320252418518,0.09421698749065399,22,0.11327127367258072,0.11327127367258072,2.970076084136963,-1,,,
1,310,33994,1,22,18,11,0.17177827656269073,0.08011877536773682,0.09165950119495392,22,0.11676076799631119,0.11676076799631119,2.962428569793701,-1,,,
1,311,33995,1,22,18,4,0.16963207721710205,0.07663223892450333,0.09299983829259872,22,0.11495953053236008,0.11495953053236008,2.9664957523345947,-1,,,
1,312,33996,1,22,18,4,0.16825799643993378,0.07240284979343414,0.09585514664649963,22,0.11958387494087219,0.11958387494087219,2.956632614135742,-1,,,
1,313,33997,1,22,18,4,0.16724109649658203,0.06950888782739639,0.09773220866918564,22,0.13369709253311157,0.13369709253311157,2.9135379791259766,-1,,,
1,314,33998,1,22,18,4,0.2219834178686142,0.08143622428178787,0.14054719358682632,22,0.1329033523797989,0.1329033523797989,2.914816379547119,-1,,,
1,315,33999,1,22,18,3,0.27028122544288635,0.09112273901700974,0.17915848642587662,22,0.11930660903453827,0.11930660903453827,2.9506614208221436,-1,,,
1,316,34000,1,22,18,3,0.3133417069911957,0.09839120507240295,0.21495050191879272,22,0.11079759150743484,0.11079759150743484,2.9685981273651123,-1,,,
1,317,34001,1,22,18,3,0.3646591007709503,0.11098814755678177,0.25367095321416855,22,0.10559584945440292,0.10559584945440292,2.977649211883545,-1,,,
1,318,34002,1,22,18,3,0.4083744287490845,0.11454027891159058,0.2938341498374939,19,0.11126758903265,0.11126758903265,2.9674899578094482,-1,,,
1,319,34003,1,22,18,3,0.457229346036911,0.12513938546180725,0.33208996057510376,22,0.13159939646720886,0.13159939646720886,2.9198930263519287,-1,,,
1,320,34004,1,22,18,3,0.5038641095161438,0.13460612297058105,0.36925798654556274,22,0.13318060338497162,0.13318060338497162,2.9112677574157715,-1,,,
1,321,34005,0,22,18,3,0.5539858341217041,0.13798584043979645,0.41599999368190765,22,0.13229863345623016,0.13229863345623016,2.913623809814453,-1,,,
1,322,34006,0,22,18,5,0.5378641486167908,0.13246800005435944,0.40539614856243134,22,0.13182781636714935,0.13182781636714935,2.9160633087158203,-1,,,
1,323,34007,0,22,18,1,0.540652871131897,0.1305040866136551,0.4101487845182419,22,0.13345898687839508,0.13345898687839508,2.908391237258911,-1,,,
1,324,34008,0,22,18,5,0.53786700963974,0.13062188029289246,0.40724512934684753,22,0.13860410451889038,0.13860410451889038,2.8968329429626465,-1,,,
1,325,34009,0,22,18,3,0.5279176831245422,0.12649257481098175,0.4014251083135605,21,0.13696806132793427,0.13696806132793427,2.8947017192840576,-1,,,
1,326,34010,0,22,18,3,0.5194905400276184,0.12598025798797607,0.39351028203964233,22,0.14129216969013214,0.14129216969013214,2.8844451904296875,-1,,,
1,327,34011,0,22,18,3,0.5184935331344604,0.12300776690244675,0.3954857662320137,22,0.14262674748897552,0.14262674748897552,2.8806440830230713,-1,,,
1,328,34012,0,22,18,3,0.5136507749557495,0.11670263856649399,0.3969481363892555,22,0.14184445142745972,0.14184445142745972,2.876232385635376,-1,,,
1,329,34013,0,22,18,3,0.5063887238502502,0.12321524322032928,0.38317348062992096,22,0.14342203736305237,0.14342203736305237,2.866882085800171,-1,,,
1,330,34014,0,22,18,3,0.5074222683906555,0.12488750368356705,0.38253476470708847,22,0.1494046449661255,0.1494046449661255,2.8584482669830322,-1,,,
1,331,34015,0,22,18,3,0.4972248077392578,0.12001891434192657,0.37720589339733124,20,0.14708773791790009,0.14708773791790009,2.8624472618103027,-1,,,
1,332,34016,0,22,18,3,0.4948233366012573,0.12387534976005554,0.3709479868412018,22,0.14755398035049438,0.14755398035049438,2.8641090393066406,-1,,,
1,333,34017,0,22,18,3,0.4954359829425812,0.11762652546167374,0.37780945748090744,22,0.14758142828941345,0.14758142828941345,2.8560431003570557,-1,,,
1,334,34018,0,22,18,3,0.48382383584976196,0.114179827272892,0.36964400857686996,22,0.14467282593250275,0.14467282593250275,2.863541841506958,-1,,,
1,335,34019,0,22,18,3,0.47499707341194153,0.1155259758234024,0.3594710975885391,22,0.14129789173603058,0.14129789173603058,2.874035358428955,-1,,,
1,336,34020,0,22,18,3,0.4682345390319824,0.11780048906803131,0.3504340499639511,22,0.14038249850273132,0.14038249850273132,2.8768205642700195,-1,,,
1,337,34021,0,22,18,3,0.46097037196159363,0.1103096678853035,0.35066070407629013,22,0.14002156257629395,0.14002156257629395,2.893949031829834,-1,,,
1,338,34022,0,22,18,3,0.44385626912117004,0.12572889029979706,0.318127378821373,21,0.13529422879219055,0.13529422879219055,2.900481700897217,-1,,,
1,339,34023,0,22,18,3,0.43195998668670654,0.12090779095888138,0.31105219572782516,22,0.13596311211585999,0.13596311211585999,2.897707462310791,-1,,,
1,340,34024,0,22,18,3,0.41368597745895386,0.12064260989427567,0.2930433675646782,22,0.13248926401138306,0.13248926401138306,2.9115591049194336,-1,,,
1,341,34025,0,22,18,3,0.3868107199668884,0.1217566654086113,0.26505405455827713,19,0.13311684131622314,0.13311684131622314,2.907857656478882,-1,,,
1,342,34026,0,22,18,3,0.3712514042854309,0.12671281397342682,0.2445385903120041,21,0.13286779820919037,0.13286779820919037,2.9100935459136963,-1,,,
1,343,34027,0,22,18,3,0.3484039604663849,0.127301424741745,0.2211025357246399,19,0.13011090457439423,0.13011090457439423,2.9229116439819336,-1,,,
1,344,34028,0,22,18,3,0.33273380994796753,0.13517630100250244,0.1975575089454651,20,0.1319853812456131,0.1319853812456131,2.9175472259521484,-1,,,
1,345,34029,0,22,18,3,0.3148481845855713,0.13908635079860687,0.17576183378696442,20,0.13049466907978058,0.13049466907978058,2.9176065921783447,-1,,,
1,346,34030,0,22,18,3,0.3064236044883728,0.14799192547798157,0.15843167901039124,21,0.13336120545864105,0.13336120545864105,2.914308547973633,-1,,,
1,347,34031,0,22,18,3,0.29204368591308594,0.1596226990222931,0.13242098689079285,21,0.1324307918548584,0.1324307918548584,2.910538911819458,-1,,,
1,348,34032,0,22,18,3,0.28690648078918457,0.1694474071264267,0.11745907366275787,21,0.13301625847816467,0.13301625847816467,2.9110872745513916,-1,,,
1,349,34033,0,22,18,5,0.2846320867538452,0.1949712187051773,0.08966086804866791,21,0.1369684636592865,0.1369684636592865,2.8990085124969482,-1,,,
1,350,34034,0,22,18,3,0.28434494137763977,0.2012171447277069,0.08312779664993286,20,0.14084850251674652,0.14084850251674652,2.8860342502593994,-1,,,
1,351,34035,0,22,18,3,0.27965453267097473,0.21331030130386353,0.0663442313671112,18,0.14081208407878876,0.14081208407878876,2.8775405883789062,-1,,,
1,352,34036,0,22,18,12,0.276183158159256,0.23082400858402252,0.04535914957523346,13,0.14515893161296844,0.14515893161296844,2.8710763454437256,-1,,,
1,353,34037,0,22,18,17,0.26925525069236755,0.2397126853466034,0.02954256534576416,11,0.14426498115062714,0.14426498115062714,2.8697140216827393,-1,,,
1,354,34038,0,22,18,3,0.2677304446697235,0.25438717007637024,0.013343274593353271,9,0.14857672154903412,0.14857672154903412,2.858671188354492,-1,,,
1,355,34039,0,22,18,17,0.26645323634147644,0.2476639598608017,0.018789276480674744,6,0.14358830451965332,0.14358830451965332,2.8662383556365967,-1,,,
1,356,34040,0,22,18,3,0.2670232057571411,0.2519422471523285,0.015080958604812622,4,0.1458623707294464,0.1458623707294464,2.8458337783813477,-1,,,
1,357,34041,0,22,18,17,0.2711428105831146,0.2544829547405243,0.016659855842590332,5,0.14510555565357208,0.14510555565357208,2.8498873710632324,-1,,,
1,358,34042,0,22,18,3,0.2731955349445343,0.2576011121273041,0.015594422817230225,4,0.14316332340240479,0.14316332340240479,2.867248296737671,-1,,,
1,359,34043,0,22,18,3,0.27503281831741333,0.25796788930892944,0.017064929008483887,6,0.14298602938652039,0.14298602938652039,2.8677167892456055,-1,,,
1,360,34044,0,22,18,3,0.27223336696624756,0.25560498237609863,0.016628384590148926,3,0.1394810676574707,0.1394810676574707,2.8826699256896973,-1,,,
1,361,34045,0,22,18,3,0.28044363856315613,0.2579568922519684,0.022486746311187744,6,0.13957205414772034,0.13957205414772034,2.8848955631256104,-1,,,
1,362,34046,0,22,18,3,0.2834078073501587,0.2548133134841919,0.028594493865966797,7,0.1381371021270752,0.1381371021270752,2.8946025371551514,-1,,,
1,363,34047,0,22,18,3,0.2862538993358612,0.25642088055610657,0.02983301877975464,7,0.13465653359889984,0.13465653359889984,2.906555652618408,-1,,,
1,364,34048,0,22,18,12,0.28836002945899963,0.2593463659286499,0.02901366353034973,7,0.1337665617465973,0.1337665617465973,2.912783622741699,-1,,,
1,365,34049,0,22,18,3,0.2910477817058563,0.2604812681674957,0.030566513538360596,7,0.13252867758274078,0.13252867758274078,2.9120304584503174,-1,,,
1,366,34050,0,22,18,8,0.2950124144554138,0.26817843317985535,0.02683398127555847,7,0.12897920608520508,0.12897920608520508,2.9236156940460205,-1,,,
1,367,34051,0,22,18,8,0.30246612429618835,0.2711629867553711,0.03130313754081726,7,0.12974116206169128,0.12974116206169128,2.923022985458374,-1,,,
1,368,34052,0,22,18,8,0.315145343542099,0.27925416827201843,0.035891175270080566,7,0.1324937641620636,0.1324937641620636,2.9130537509918213,-1,,,
1,369,34053,0,22,18,8,0.32090461254119873,0.2917207181453705,0.029183894395828247,8,0.1309644877910614,0.1309644877910614,2.9172613620758057,-1,,,
1,370,34054,0,22,18,8,0.3244873583316803,0.303315132856369,0.02117222547531128,3,0.1313048154115677,0.1313048154115677,2.9165728092193604,-1,,,
1,371,34055,0,22,18,8,0.3296608030796051,0.2989666759967804,0.030694127082824707,7,0.13370086252689362,0.13370086252689362,2.905848264694214,-1,,,
1,372,34056,0,22,18,8,0.3338701128959656,0.30468979477882385,0.029180318117141724,3,0.1341051608324051,0.1341051608324051,2.904914140701294,-1,,,
1,373,34057,0,22,18,8,0.340877503156662,0.29682356119155884,0.04405394196510315,7,0.1393878310918808,0.1393878310918808,2.8897714614868164,-1,,,
1,374,34058,0,22,18,8,0.34452447295188904,0.30530405044555664,0.0392204225063324,7,0.13933855295181274,0.13933855295181274,2.8879778385162354,-1,,,
1,375,34059,0,22,18,8,0.34830501675605774,0.2924700975418091,0.05583491921424866,7,0.13974376022815704,0.13974376022815704,2.8825900554656982,-1,,,
1,376,34060,0,22,18,8,0.34668833017349243,0.31015893816947937,0.03652939200401306,7,0.1386006474494934,0.1386006474494934,2.8839118480682373,-1,,,
1,377,34061,0,22,18,8,0.34482264518737793,0.28509655594825745,0.05972608923912048,8,0.142348051071167,0.142348051071167,2.869746208190918,-1,,,
1,378,34062,0,22,18,8,0.3489142060279846,0.286329448223114,0.0625847578048706,8,0.14427152276039124,0.14427152276039124,2.8590638637542725,-1,,,
1,379,34063,0,22,18,8,0.34930866956710815,0.2807917296886444,0.06851693987846375,8,0.147330641746521,0.147330641746521,2.857318162918091,-1,,,
1,380,34064,0,22,18,8,0.3579058051109314,0.3122611939907074,0.045644611120224,9,0.1488140970468521,0.1488140970468521,2.8538553714752197,-1,,,
1,381,34065,0,22,18,8,0.34996235370635986,0.2630946934223175,0.08686766028404236,10,0.14716117084026337,0.14716117084026337,2.8614261150360107,-1,,,
1,382,34066,0,22,18,17,0.3545103073120117,0.24799519777297974,0.10651510953903198,15,0.14549040794372559,0.14549040794372559,2.851968765258789,-1,,,
1,383,34067,0,22,18,17,0.33438071608543396,0.23243474960327148,0.10194596648216248,11,0.14148740470409393,0.14148740470409393,2.87269926071167,-1,,,
2,0,34116,0,22,6,3,0.22991406917572021,0.18673796951770782,0.04317609965801239,5,0.07715540379285812,0.07715540379285812,3.042289972305298,-1,,,
2,1,34117,0,1,6,6,0.22638829052448273,0.22638829052448273,0.0,1,1.0,1.0,-0.0,-1,,,
2,2,34118,0,1,6,6,0.22022885084152222,0.22022885084152222,0.0,1,1.0,1.0,-0.0,-1,,,
2,3,34119,0,1,6,6,0.21589918434619904,0.21589918434619904,0.0,1,1.0,1.0,-0.0,-1,,,
2,4,34120,0,1,6,6,0.21354316174983978,0.21354316174983978,0.0,1,1.0,1.0,-0.0,-1,,,
2,5,34121,0,1,6,6,0.2116844207048416,0.2116844207048416,0.0,1,1.0,1.0,-0.0,-1,,,
2,6,34122,0,22,6,3,0.20871004462242126,0.18370115756988525,0.02500888705253601,2,0.11065644025802612,0.11065644025802612,2.9215407371520996,-1,,,
2,7,34123,0,22,6,3,0.20855680108070374,0.18643389642238617,0.022122904658317566,4,0.10890553146600723,0.10890553146600723,2.925450086593628,-1,,,
2,8,34124,0,22,6,3,0.2081499546766281,0.18088866770267487,0.027261286973953247,4,0.11109211295843124,0.11109211295843124,2.919771194458008,-1,,,
2,9,34125,0,22,6,3,0.20771260559558868,0.18306611478328705,0.024646490812301636,4,0.11273312568664551,0.11273312568664551,2.9045374393463135,-1,,,
2,10,34126,0,22,6,3,0.2093939483165741,0.17662042379379272,0.03277352452278137,5,0.1134052723646164,0.1134052723646164,2.9030585289001465,-1,,,
2,11,34127,0,22,6,3,0.21153563261032104,0.18328233063220978,0.028253301978111267,6,0.11367642134428024,0.11367642134428024,2.8969790935516357,-1,,,
2,12,34128,0,22,6,3,0.2100399136543274,0.17263440787792206,0.037405505776405334,5,0.11230313777923584,0.11230313777923584,2.9011242389678955,-1,,,
2,13,34129,0,22,6,3,0.20860043168067932,0.17811119556427002,0.030489236116409302,4,0.11429832130670547,0.11429832130670547,2.889416217803955,-1,,,
2,14,34130,0,22,6,3,0.20844340324401855,0.17053396999835968,0.037909433245658875,5,0.11550309509038925,0.11550309509038925,2.8881120681762695,-1,,,
2,15,34131,0,22,6,3,0.20793652534484863,0.1765461415052414,0.03139038383960724,5,0.11675895750522614,0.11675895750522614,2.882462978363037,-1,,,
2,16,34132,0,22,6,3,0.20717227458953857,0.17204098403453827,0.035131290555000305,4,0.11690720170736313,0.11690720170736313,2.8750619888305664,-1,,,
2,17,34133,0,22,6,3,0.20576100051403046,0.17521920800209045,0.030541792511940002,4,0.11882338672876358,0.11882338672876358,2.8725268840789795,-1,,,
2,18,34134,0,22,6,3,0.20707058906555176,0.1738937944173813,0.03317679464817047,5,0.12110431492328644,0.12110431492328644,2.8571784496307373,-1,,,
2,19,34135,0,22,6,3,0.2067042738199234,0.1770751029253006,0.029629170894622803,5,0.12137983739376068,0.12137983739376068,2.8581159114837646,-1,,,
2,20,34136,0,22,6,3,0.20741938054561615,0.1748894602060318,0.03252992033958435,5,0.1211470440030098,0.1211470440030098,2.8592216968536377,-1,,,
2,21,34137,0,22,6,3,0.21069864928722382,0.1813032180070877,0.02939543128013611,5,0.12129272520542145,0.12129272520542145,2.861862897872925,-1,,,
2,22,34138,0,22,6,3,0.21121305227279663,0.17966590821743011,0.031547144055366516,5,0.12280317395925522,0.12280317395925522,2.846372604370117,-1,,,
2,23,34139,0,22,6,3,0.2115229368209839,0.17790988087654114,0.03361305594444275,4,0.12419021874666214,0.12419021874666214,2.8327322006225586,-1,,,
2,24,34140,0,22,6,3,0.21458899974822998,0.1835509091615677,0.031038090586662292,4,0.1250763088464737,0.1250763088464737,2.831822395324707,-1,,,
2,25,34141,0,22,6,3,0.21586085855960846,0.17500180006027222,0.04085905849933624,5,0.12324085831642151,0.12324085831642151,2.846264123916626,-1,,,
2,26,34142,0,22,6,3,0.21547462046146393,0.17928127944469452,0.03619334101676941,5,0.12264637649059296,0.12264637649059296,2.838853120803833,-1,,,
2,27,34143,0,22,6,3,0.2136923372745514,0.1802377849817276,0.03345455229282379,5,0.11949310451745987,0.11949310451745987,2.861985921859741,-1,,,
2,28,34144,0,22,6,3,0.21001644432544708,0.1745578646659851,0.035458579659461975,6,0.1166360154747963,0.1166360154747963,2.8807127475738525,-1,,,
2,29,34145,0,22,6,3,0.21616610884666443,0.1677095592021942,0.048456549644470215,6,0.11408135294914246,0.11408135294914246,2.894558906555176,-1,,,
2,30,34146,0,22,6,3,0.2169388085603714,0.1757572889328003,0.041181519627571106,8,0.11492392420768738,0.11492392420768738,2.898908853530884,-1,,,
2,31,34147,0,22,6,3,0.21640637516975403,0.17587344348430634,0.04053293168544769,5,0.11511196941137314,0.11511196941137314,2.8874552249908447,-1,,,
2,32,34148,0,22,6,3,0.2154628485441208,0.17621199786663055,0.039250850677490234,3,0.11623603850603104,0.11623603850603104,2.8793232440948486,-1,,,
2,33,34149,0,22,6,3,0.219119131565094,0.17780181765556335,0.04131731390953064,7,0.11420226842164993,0.11420226842164993,2.888457775115967,-1,,,
2,34,34150,0,22,6,3,0.2211046814918518,0.1832011491060257,0.03790353238582611,6,0.11675796657800674,0.11675796657800674,2.879230499267578,-1,,,
2,35,34151,0,22,6,3,0.22537730634212494,0.1781073361635208,0.047269970178604126,9,0.11775878071784973,0.11775878071784973,2.8706343173980713,-1,,,
2,36,34152,0,22,6,3,0.2306630164384842,0.18834100663661957,0.042322009801864624,9,0.1187829002737999,0.1187829002737999,2.860271453857422,-1,,,
2,37,34153,0,22,6,3,0.2212783396244049,0.18563151359558105,0.03564682602882385,5,0.12377920746803284,0.12377920746803284,2.8128902912139893,-1,,,
2,38,34154,0,22,6,3,0.22068846225738525,0.18555882573127747,0.03512963652610779,5,0.1231774315237999,0.1231774315237999,2.8255319595336914,-1,,,
2,39,34155,0,22,6,3,0.2206953465938568,0.18354196846485138,0.03715337812900543,5,0.12142794579267502,0.12142794579267502,2.845149517059326,-1,,,
2,40,34156,0,22,6,3,0.22121970355510712,0.1838647574186325,0.03735494613647461,5,0.12377510219812393,0.12377510219812393,2.8301467895507812,-1,,,
2,41,34157,0,22,6,3,0.22005990147590637,0.1779221147298813,0.042137786746025085,5,0.12400918453931808,0.12400918453931808,2.8321266174316406,-1,,,
2,42,34158,0,22,6,3,0.22029271721839905,0.17818580567836761,0.04210691154003143,5,0.12304151058197021,0.12304151058197021,2.828705310821533,-1,,,
2,43,34159,0,22,6,3,0.22155442833900452,0.1715543270111084,0.05000010132789612,5,0.12430500984191895,0.12430500984191895,2.835266590118408,-1,,,
2,44,34160,0,22,6,3,0.21990320086479187,0.1777922660112381,0.04211093485355377,5,0.12506896257400513,0.12506896257400513,2.832793951034546,-1,,,
2,45,34161,0,22,6,3,0.21982556581497192,0.18580374121665955,0.03402182459831238,6,0.1251710206270218,0.1251710206270218,2.823200225830078,-1,,,
2,46,34162,0,22,6,3,0.2248784303665161,0.18400560319423676,0.04087282717227936,6,0.12775655090808868,0.12775655090808868,2.8099913597106934,-1,,,
2,47,34163,0,22,6,3,0.22389547526836395,0.18244686722755432,0.04144860804080963,6,0.12800660729408264,0.12800660729408264,2.804107189178467,-1,,,
2,48,34164,0,22,6,3,0.22203952074050903,0.186649888753891,0.03538963198661804,5,0.12832105159759521,0.12832105159759521,2.8000640869140625,-1,,,
2,49,34165,0,22,6,3,0.2218301147222519,0.18076898157596588,0.04106113314628601,4,0.12752355635166168,0.12752355635166168,2.8024797439575195,-1,,,
2,50,34166,0,22,6,3,0.2217244952917099,0.1862301081418991,0.03549438714981079,5,0.12443017959594727,0.12443017959594727,2.823835849761963,-1,,,
2,51,34167,0,22,6,3,0.22105038166046143,0.18060451745986938,0.04044586420059204,4,0.12377183139324188,0.12377183139324188,2.8319969177246094,-1,,,
2,52,34168,0,22,6,5,0.2226911187171936,0.18385803699493408,0.03883308172225952,5,0.12028976529836655,0.12028976529836655,2.8542897701263428,-1,,,
2,53,34169,0,22,6,3,0.22568683326244354,0.18075083196163177,0.04493600130081177,6,0.11873108893632889,0.11873108893632889,2.8697352409362793,-1,,,
2,54,34170,0,22,6,3,0.22634434700012207,0.1863386034965515,0.04000574350357056,5,0.11909554153680801,0.11909554153680801,2.8657758235931396,-1,,,
2,55,34171,0,22,6,3,0.23298953473567963,0.19227363169193268,0.04071590304374695,5,0.11806115508079529,0.11806115508079529,2.8721280097961426,-1,,,
2,56,34172,0,22,6,3,0.24074570834636688,0.19409915804862976,0.04664655029773712,5,0.11740889400243759,0.11740889400243759,2.873147487640381,-1,,,
2,57,34173,0,22,6,3,0.24425937235355377,0.19501814246177673,0.04924122989177704,5,0.11958259344100952,0.11958259344100952,2.8628745079040527,-1,,,
2,58,34174,0,22,6,3,0.24771277606487274,0.20133927464485168,0.04637350142002106,5,0.12003284692764282,0.12003284692764282,2.851473093032837,-1,,,
2,59,34175,0,22,6,3,0.252594530582428,0.20009678602218628,0.0524977445602417,5,0.119511179625988,0.119511179625988,2.8518927097320557,-1,,,
2,60,34176,0,22,6,5,0.25331586599349976,0.2028380036354065,0.05047786235809326,8,0.12111252546310425,0.12111252546310425,2.851766586303711,-1,,,
2,61,34177,0,22,6,3,0.2551600933074951,0.2040659338235855,0.05109415948390961,8,0.11967067420482635,0.11967067420482635,2.8592073917388916,-1,,,
2,62,34178,0,22,6,3,0.2548482120037079,0.2061156928539276,0.04873251914978027,7,0.12132826447486877,0.12132826447486877,2.8508472442626953,-1,,,
2,63,34179,0,22,6,3,0.25072410702705383,0.2062450796365738,0.04447902739048004,7,0.12026038020849228,0.12026038020849228,2.8468852043151855,-1,,,
2,64,34180,0,22,6,3,0.2443424016237259,0.2028243988752365,0.04151800274848938,6,0.12287774682044983,0.12287774682044983,2.8428568840026855,-1,,,
2,65,34181,0,22,6,3,0.24150046706199646,0.20492951571941376,0.0365709513425827,8,0.12380767613649368,0.12380767613649368,2.8331663608551025,-1,,,
2,66,34182,0,22,6,3,0.2361016422510147,0.20026476681232452,0.035836875438690186,6,0.1256546527147293,0.1256546527147293,2.817317008972168,-1,,,
2,67,34183,0,22,6,3,0.22770830988883972,0.19773845374584198,0.02996985614299774,3,0.1281687617301941,0.1281687617301941,2.792102575302124,-1,,,
2,68,34184,0,22,6,3,0.22458848357200623,0.1918184608221054,0.03277002274990082,5,0.1286507099866867,0.1286507099866867,2.7978551387786865,-1,,,
2,69,34185,0,22,6,3,0.22280901670455933,0.18015079200267792,0.04265822470188141,5,0.1272418051958084,0.1272418051958084,2.797773838043213,-1,,,
2,70,34186,0,22,6,3,0.22023756802082062,0.1861095279455185,0.034128040075302124,4,0.12864162027835846,0.12864162027835846,2.7978806495666504,-1,,,
2,71,34187,0,22,6,3,0.2223053127527237,0.18899962306022644,0.03330568969249725,6,0.12888550758361816,0.12888550758361816,2.791579246520996,-1,,,
2,72,34188,0,22,6,3,0.22798356413841248,0.1953868865966797,0.03259667754173279,4,0.12813615798950195,0.12813615798950195,2.800509214401245,-1,,,
2,73,34189,0,22,6,3,0.23092308640480042,0.20255696773529053,0.028366118669509888,4,0.12630701065063477,0.12630701065063477,2.8094425201416016,-1,,,
2,74,34190,0,22,6,3,0.2417174130678177,0.215582013130188,0.0261353999376297,5,0.12563832104206085,0.12563832104206085,2.818516969680786,-1,,,
2,75,34191,0,22,6,3,0.25558823347091675,0.22997920215129852,0.025609031319618225,5,0.12263263761997223,0.12263263761997223,2.842087507247925,-1,,,
2,76,34192,0,22,6,3,0.26757383346557617,0.24609190225601196,0.02148193120956421,5,0.12022094428539276,0.12022094428539276,2.8532066345214844,-1,,,
2,77,34193,0,22,6,3,0.2772067189216614,0.24535931646823883,0.031847402453422546,2,0.11800658702850342,0.11800658702850342,2.869055986404419,-1,,,
2,78,34194,0,22,6,3,0.28717076778411865,0.2564324736595154,0.03073829412460327,4,0.11803644150495529,0.11803644150495529,2.870408535003662,-1,,,
2,79,34195,0,22,6,12,0.2923010289669037,0.26883506774902344,0.02346596121788025,5,0.116895891726017,0.116895891726017,2.8677480220794678,-1,,,
2,80,34196,0,22,6,3,0.2929234206676483,0.2601560950279236,0.03276732563972473,4,0.11806108057498932,0.11806108057498932,2.8696200847625732,-1,,,
2,81,34197,0,22,6,3,0.2943436801433563,0.24960170686244965,0.04474197328090668,7,0.11762575805187225,0.11762575805187225,2.870795488357544,-1,,,
2,82,34198,0,22,6,3,0.28888392448425293,0.2535099685192108,0.035373955965042114,5,0.11636004596948624,0.11636004596948624,2.871870994567871,-1,,,
2,83,34199,0,22,6,3,0.28093159198760986,0.23190239071846008,0.04902920126914978,5,0.11482899636030197,0.11482899636030197,2.8851494789123535,-1,,,
2,84,34200,0,22,6,3,0.27630171179771423,0.2327681928873062,0.04353351891040802,7,0.11483903974294662,0.11483903974294662,2.8871703147888184,-1,,,
2,85,34201,0,22,6,3,0.2696875333786011,0.22557780146598816,0.044109731912612915,8,0.11463607847690582,0.11463607847690582,2.889418363571167,-1,,,
2,86,34202,0,22,6,3,0.2703069746494293,0.21657516062259674,0.05373181402683258,8,0.11386359483003616,0.11386359483003616,2.893580198287964,-1,,,
2,87,34203,0,22,6,1,0.2634216248989105,0.22230103611946106,0.04112058877944946,8,0.11327629536390305,0.11327629536390305,2.8981025218963623,-1,,,
2,88,34204,0,22,6,3,0.25428101420402527,0.1973123550415039,0.05696865916252136,9,0.1121157705783844,0.1121157705783844,2.9005186557769775,-1,,,
2,89,34205,0,22,6,3,0.246015265583992,0.20141837000846863,0.044596895575523376,7,0.1123088151216507,0.1123088151216507,2.9042000770568848,-1,,,
2,90,34206,0,22,6,3,0.2378527671098709,0.19536465406417847,0.042488113045692444,7,0.1125626266002655,0.1125626266002655,2.8917036056518555,-1,,,
2,91,34207,0,22,6,1,0.23391476273536682,0.19922025501728058,0.03469450771808624,7,0.11420080065727234,0.11420080065727234,2.898998975753784,-1,,,
2,92,34208,0,22,6,3,0.23172801733016968,0.17851276695728302,0.05321525037288666,7,0.1127222329378128,0.1127222329378128,2.9105701446533203,-1,,,
2,93,34209,0,22,6,3,0.23162619769573212,0.1866779923439026,0.04494820535182953,10,0.11305123567581177,0.11305123567581177,2.9101927280426025,-1,,,
2,94,34210,0,22,6,3,0.22137300670146942,0.15799355506896973,0.0633794516324997,10,0.11957260966300964,0.11957260966300964,2.854330062866211,-1,,,
2,95,34211,0,22,6,3,0.22552986443042755,0.1640831083059311,0.06144675612449646,9,0.11659540235996246,0.11659540235996246,2.8835465908050537,-1,,,
2,96,34212,0,22,6,3,0.23152711987495422,0.1658516526222229,0.06567546725273132,10,0.11204930394887924,0.11204930394887924,2.907670736312866,-1,,,
2,97,34213,0,22,6,3,0.23699896037578583,0.15647660195827484,0.08052235841751099,8,0.10462721437215805,0.10462721437215805,2.9485979080200195,-1,,,
2,98,34214,0,22,6,3,0.24282318353652954,0.15980400145053864,0.0830191820859909,7,0.10632142424583435,0.10632142424583435,2.9364173412323,-1,,,
2,99,34215,0,22,6,3,0.24445633590221405,0.1791192591190338,0.06533707678318024,7,0.10059662908315659,0.10059662908315659,2.9733917713165283,-1,,,
2,100,34216,0,22,6,3,0.2425519973039627,0.19230560958385468,0.05024638772010803,7,0.0993712991476059,0.0993712991476059,2.974576950073242,-1,,,
2,101,34217,0,22,6,3,0.240186870098114,0.18394368886947632,0.056243181228637695,7,0.09767387807369232,0.09767387807369232,2.983596086502075,-1,,,
2,102,34218,0,22,6,3,0.23947946727275848,0.2029450237751007,0.036534443497657776,6,0.09816665947437286,0.09816665947437286,2.9793529510498047,-1,,,
2,103,34219,0,22,6,3,0.2356100082397461,0.19290870428085327,0.04270130395889282,6,0.09848041832447052,0.09848041832447052,2.977733612060547,-1,,,
2,104,34220,0,22,6,3,0.22951740026474,0.1858653724193573,0.04365202784538269,6,0.10673555731773376,0.10673555731773376,2.9209671020507812,-1,,,
2,105,34221,0,22,6,3,0.22473536431789398,0.18774522840976715,0.03699013590812683,6,0.10732954740524292,0.10732954740524292,2.9269933700561523,-1,,,
2,106,34222,0,22,6,3,0.21896496415138245,0.18115906417369843,0.03780589997768402,6,0.10797876119613647,0.10797876119613647,2.9272372722625732,-1,,,
2,107,34223,0,22,6,3,0.2126292884349823,0.18213887512683868,0.030490413308143616,6,0.10836032778024673,0.10836032778024673,2.9258482456207275,-1,,,
2,108,34224,0,22,6,3,0.2067931592464447,0.17549122869968414,0.03130193054676056,6,0.11059050261974335,0.11059050261974335,2.916837692260742,-1,,,
2,109,34225,0,22,6,3,0.20036929845809937,0.17264510691165924,0.027724191546440125,5,0.11311223357915878,0.11311223357915878,2.9019505977630615,-1,,,
2,110,34226,0,22,6,3,0.19864021241664886,0.17269054055213928,0.025949671864509583,4,0.1160941794514656,0.1160941794514656,2.88413405418396,-1,,,
2,111,34227,0,22,6,3,0.19209237396717072,0.16671888530254364,0.025373488664627075,2,0.11738276481628418,0.11738276481628418,2.876929759979248,-1,,,
2,112,34228,0,22,6,3,0.18722882866859436,0.1727873831987381,0.014441445469856262,4,0.1191750094294548,0.1191750094294548,2.865229368209839,-1,,,
2,113,34229,0,22,6,3,0.183125302195549,0.16559383273124695,0.017531469464302063,2,0.1210203766822815,0.1210203766822815,2.8598921298980713,-1,,,
2,114,34230,0,22,6,3,0.17958390712738037,0.1769023984670639,0.0026815086603164673,2,0.11992480605840683,0.11992480605840683,2.864792585372925,-1,,,
2,115,34231,0,22,6,3,0.1781807839870453,0.17476096749305725,0.003419816493988037,2,0.12269277125597,0.12269277125597,2.8430402278900146,-1,,,
2,116,34232,0,22,6,3,0.17672908306121826,0.1750459372997284,0.0016831457614898682,2,0.12528108060359955,0.12528108060359955,2.830609083175659,-1,,,
2,117,34233,0,22,6,3,0.17687872052192688,0.1689772605895996,0.00790145993232727,2,0.1261623501777649,0.1261623501777649,2.818014621734619,-1,,,
2,118,34234,0,22,6,6,0.17497438192367554,0.17497438192367554,0.0,1,0.12684869766235352,0.12684869766235352,2.81162691116333,-1,,,
2,119,34235,0,22,6,6,0.1779462844133377,0.1779462844133377,0.0,1,0.12615035474300385,0.12615035474300385,2.823718786239624,-1,,,
2,120,34236,0,22,6,6,0.1776425987482071,0.1776425987482071,0.0,1,0.12350086867809296,0.12350086867809296,2.83681321144104,-1,,,
2,121,34237,0,22,6,6,0.17596016824245453,0.17596016824245453,0.0,1,0.12372344732284546,0.12372344732284546,2.8379344940185547,-1,,,
2,122,34238,0,22,6,2,0.1730995923280716,0.16801589727401733,0.00508369505405426,2,0.12194190174341202,0.12194190174341202,2.848332166671753,-1,,,
2,123,34239,0,22,6,2,0.1684088557958603,0.1630553901195526,0.005353465676307678,2,0.12036953866481781,0.12036953866481781,2.862788438796997,-1,,,
2,124,34240,0,22,6,6,0.16317711770534515,0.16317711770534515,0.0,1,0.1191469132900238,0.1191469132900238,2.8713996410369873,-1,,,
2,125,34241,0,22,6,6,0.15842579305171967,0.15842579305171967,0.0,1,0.1194310262799263,0.1194310262799263,2.8628664016723633,-1,,,
2,126,34242,0,22,6,3,0.15342548489570618,0.14976541697978973,0.003660067915916443,2,0.11727623641490936,0.11727623641490936,2.8696067333221436,-1,,,
2,127,34243,0,22,6,6,0.14717914164066315,0.14717914164066315,0.0,1,0.11946379393339157,0.11946379393339157,2.856984853744507,-1,,,
2,128,34244,0,22,6,3,0.14213280379772186,0.13402166962623596,0.008111134171485901,2,0.1176825538277626,0.1176825538277626,2.8651793003082275,-1,,,
2,129,34245,0,22,6,6,0.13745202124118805,0.13745202124118805,0.0,1,0.11552286893129349,0.11552286893129349,2.885268211364746,-1,,,
2,130,34246,0,22,6,3,0.1357734501361847,0.13145333528518677,0.004320114850997925,2,0.114764004945755,0.114764004945755,2.88804030418396,-1,,,
2,131,34247,0,22,6,2,0.13281260430812836,0.13246901333332062,0.00034359097480773926,2,0.11430490016937256,0.11430490016937256,2.8931939601898193,-1,,,
2,132,34248,0,22,6,3,0.14130595326423645,0.13450685143470764,0.006799101829528809,3,0.11388573050498962,0.11388573050498962,2.895416021347046,-1,,,
2,133,34249,0,22,6,4,0.13932658731937408,0.1392671763896942,5.9410929679870605e-05,2,0.11674489080905914,0.11674489080905914,2.8799386024475098,-1,,,
2,134,34250,0,22,6,6,0.13666105270385742,0.13666105270385742,0.0,1,0.11686597764492035,0.11686597764492035,2.875103235244751,-1,,,
2,135,34251,0,22,6,6,0.1369551122188568,0.1369551122188568,0.0,1,0.11961857974529266,0.11961857974529266,2.8654940128326416,-1,,,
2,136,34252,0,22,6,6,0.1409936547279358,0.1409936547279358,0.0,1,0.11837935447692871,0.11837935447692871,2.8686084747314453,-1,,,
2,137,34253,0,22,6,2,0.14706644415855408,0.14690472185611725,0.0001617223024368286,2,0.12110619992017746,0.12110619992017746,2.8578410148620605,-1,,,
2,138,34254,0,22,6,2,0.1552325189113617,0.14362043142318726,0.011612087488174438,4,0.12050564587116241,0.12050564587116241,2.8570098876953125,-1,,,
2,139,34255,0,22,6,2,0.16162735223770142,0.14731934666633606,0.014308005571365356,4,0.12228268384933472,0.12228268384933472,2.853393316268921,-1,,,
2,140,34256,0,22,6,3,0.15711680054664612,0.15061774849891663,0.006499052047729492,4,0.1265142261981964,0.1265142261981964,2.7966086864471436,-1,,,
2,141,34257,0,22,6,3,0.1626288741827011,0.14598575234413147,0.01664312183856964,2,0.1258055716753006,0.1258055716753006,2.812262773513794,-1,,,
2,142,34258,0,22,6,3,0.1666203737258911,0.15067526698112488,0.015945106744766235,3,0.12322795391082764,0.12322795391082764,2.832655668258667,-1,,,
2,143,34259,0,22,6,3,0.17162925004959106,0.14508898556232452,0.02654026448726654,4,0.12334365397691727,0.12334365397691727,2.8439128398895264,-1,,,
2,144,34260,0,22,6,3,0.1730891615152359,0.1471986323595047,0.0258905291557312,4,0.12289750576019287,0.12289750576019287,2.8505666255950928,-1,,,
2,145,34261,0,22,6,3,0.17315934598445892,0.14470121264457703,0.028458133339881897,4,0.12187713384628296,0.12187713384628296,2.850015640258789,-1,,,
2,146,34262,0,22,6,3,0.17222778499126434,0.14166264235973358,0.03056514263153076,2,0.11919661611318588,0.11919661611318588,2.8742833137512207,-1,,,
2,147,34263,0,22,6,3,0.17211242020130157,0.15659695863723755,0.015515461564064026,3,0.115637868642807,0.115637868642807,2.890707492828369,-1,,,
2,148,34264,0,22,6,3,0.1726340353488922,0.13591545820236206,0.03671857714653015,4,0.11233397573232651,0.11233397573232651,2.9076473712921143,-1,,,
2,149,34265,0,22,6,3,0.16980606317520142,0.13799253106117249,0.03181353211402893,5,0.10910449177026749,0.10910449177026749,2.922161817550659,-1,,,
2,150,34266,0,22,6,3,0.16937631368637085,0.13074687123298645,0.0386294424533844,5,0.11040244996547699,0.11040244996547699,2.920027732849121,-1,,,
2,151,34267,0,22,6,3,0.1671745926141739,0.13573281466960907,0.03144177794456482,4,0.11075925081968307,0.11075925081968307,2.9165525436401367,-1,,,
2,152,34268,0,22,6,3,0.1697603315114975,0.12746009230613708,0.04230023920536041,6,0.11039672046899796,0.11039672046899796,2.917509078979492,-1,,,
2,153,34269,0,22,6,3,0.1668497771024704,0.12892396748065948,0.03792580962181091,7,0.10886406898498535,0.10886406898498535,2.9252495765686035,-1,,,
2,154,34270,0,22,6,3,0.16277600824832916,0.12172023206949234,0.04105577617883682,5,0.10979534685611725,0.10979534685611725,2.916853427886963,-1,,,
2,155,34271,0,22,6,3,0.16171231865882874,0.12183501571416855,0.03987730294466019,6,0.10677967965602875,0.10677967965602875,2.931898355484009,-1,,,
2,156,34272,0,22,6,3,0.16141626238822937,0.12197886407375336,0.03943739831447601,5,0.10724436491727829,0.10724436491727829,2.933764934539795,-1,,,
2,157,34273,0,22,6,3,0.16300815343856812,0.12000805884599686,0.04300009459257126,8,0.10723000019788742,0.10723000019788742,2.925414562225342,-1,,,
2,158,34274,0,22,6,3,0.16318826377391815,0.1261673867702484,0.03702087700366974,6,0.10761892050504684,0.10761892050504684,2.9306230545043945,-1,,,
2,159,34275,0,22,6,3,0.16305036842823029,0.13348379731178284,0.02956657111644745,5,0.10717236995697021,0.10717236995697021,2.9303250312805176,-1,,,
2,160,34276,0,22,6,3,0.1609746217727661,0.12992267310619354,0.03105194866657257,4,0.10320135205984116,0.10320135205984116,2.9577832221984863,-1,,,
2,161,34277,0,22,6,3,0.16374707221984863,0.13931599259376526,0.024431079626083374,4,0.109466053545475,0.109466053545475,2.926172971725464,-1,,,
2,162,34278,0,22,6,3,0.16809521615505219,0.1317375749349594,0.03635764122009277,3,0.11305391788482666,0.11305391788482666,2.909083366394043,-1,,,
2,163,34279,0,22,6,3,0.17173118889331818,0.14313873648643494,0.02859245240688324,3,0.11625935137271881,0.11625935137271881,2.8907315731048584,-1,,,
2,164,34280,0,22,6,3,0.17743101716041565,0.14275725185871124,0.03467376530170441,4,0.11818896979093552,0.11818896979093552,2.8706672191619873,-1,,,
2,165,34281,0,22,6,3,0.18066656589508057,0.15224865078926086,0.028417915105819702,5,0.11909151077270508,0.11909151077270508,2.872553586959839,-1,,,
2,166,34282,0,22,6,3,0.1825127750635147,0.1478363573551178,0.03467641770839691,6,0.1178467646241188,0.1178467646241188,2.884666681289673,-1,,,
2,167,34283,0,22,6,3,0.18251079320907593,0.1506221443414688,0.03188864886760712,5,0.11931795626878738,0.11931795626878738,2.8743526935577393,-1,,,
2,168,34284,0,22,6,3,0.180081307888031,0.1500491201877594,0.030032187700271606,6,0.11675726622343063,0.11675726622343063,2.893195152282715,-1,,,
2,169,34285,0,22,6,3,0.17944560945034027,0.1466093361377716,0.032836273312568665,6,0.1166309341788292,0.1166309341788292,2.889497756958008,-1,,,
2,170,34286,0,22,6,3,0.17745792865753174,0.14721539616584778,0.03024253249168396,5,0.11435266584157944,0.11435266584157944,2.9001264572143555,-1,,,
2,171,34287,0,22,6,3,0.1750488132238388,0.14373968541622162,0.03130912780761719,5,0.1126391664147377,0.1126391664147377,2.908869504928589,-1,,,
2,172,34288,0,22,6,3,0.169548898935318,0.14211472868919373,0.027434170246124268,2,0.11144443601369858,0.11144443601369858,2.9112725257873535,-1,,,
2,173,34289,0,22,6,3,0.16848477721214294,0.14185164868831635,0.0266331285238266,5,0.11133743822574615,0.11133743822574615,2.9188907146453857,-1,,,
2,174,34290,0,22,6,3,0.1669808328151703,0.1525133103132248,0.014467522501945496,3,0.11272775381803513,0.11272775381803513,2.910787582397461,-1,,,
2,175,34291,0,22,6,3,0.16960030794143677,0.15420402586460114,0.015396282076835632,4,0.11425033956766129,0.11425033956766129,2.9013142585754395,-1,,,
2,176,34292,0,22,6,3,0.1715102195739746,0.1613057255744934,0.010204493999481201,2,0.1148485541343689,0.1148485541343689,2.894146680831909,-1,,,
2,177,34293,0,22,6,3,0.17026597261428833,0.1569974571466446,0.013268515467643738,3,0.11460934579372406,0.11460934579372406,2.8931071758270264,-1,,,
2,178,34294,0,22,6,3,0.16732025146484375,0.15053066611289978,0.01678958535194397,2,0.11338066309690475,0.11338066309690475,2.897651433944702,-1,,,
2,179,34295,0,22,6,3,0.17513969540596008,0.1515001356601715,0.023639559745788574,5,0.1143677607178688,0.1143677607178688,2.8950047492980957,-1,,,
2,180,34296,0,22,6,3,0.17579101026058197,0.15381231904029846,0.02197869122028351,4,0.11430373042821884,0.11430373042821884,2.892791509628296,-1,,,
2,181,34297,0,22,6,3,0.17183513939380646,0.15159183740615845,0.02024330198764801,2,0.11508714407682419,0.11508714407682419,2.889768123626709,-1,,,
2,182,34298,0,22,6,3,0.17048463225364685,0.1524142175912857,0.018070414662361145,2,0.11488699167966843,0.11488699167966843,2.8891193866729736,-1,,,
2,183,34299,0,22,6,3,0.16631874442100525,0.15365839004516602,0.012660354375839233,3,0.11818195134401321,0.11818195134401321,2.873948812484741,-1,,,
2,184,34300,0,22,6,3,0.15993066132068634,0.151423379778862,0.00850728154182434,2,0.11790239065885544,0.11790239065885544,2.8727264404296875,-1,,,
2,185,34301,0,22,6,2,0.15848195552825928,0.1579657942056656,0.000516161322593689,2,0.12115160375833511,0.12115160375833511,2.853994607925415,-1,,,
2,186,34302,0,22,6,2,0.1590190827846527,0.15411631762981415,0.004902765154838562,3,0.12298566102981567,0.12298566102981567,2.845602512359619,-1,,,
2,187,34303,0,22,6,6,0.1472400426864624,0.1472400426864624,0.0,1,0.12892819941043854,0.12892819941043854,2.772111177444458,-1,,,
2,188,34304,0,22,6,6,0.145896777510643,0.145896777510643,0.0,1,0.12871742248535156,0.12871742248535156,2.7950336933135986,-1,,,
2,189,34305,0,22,6,6,0.14464446902275085,0.14464446902275085,0.0,1,0.12686759233474731,0.12686759233474731,2.799588441848755,-1,,,
2,190,34306,0,22,6,6,0.14231771230697632,0.14231771230697632,0.0,1,0.1268426924943924,0.1268426924943924,2.811208963394165,-1,,,
2,191,34307,0,22,6,6,0.1416364312171936,0.1416364312171936,0.0,1,0.1261155903339386,0.1261155903339386,2.822787284851074,-1,,,
2,192,34308,0,22,6,6,0.14844894409179688,0.14844894409179688,0.0,1,0.12414216995239258,0.12414216995239258,2.8189408779144287,-1,,,
2,193,34309,0,22,6,6,0.1485985368490219,0.1485985368490219,0.0,1,0.12249235808849335,0.12249235808849335,2.8433303833007812,-1,,,
2,194,34310,0,22,6,6,0.14835886657238007,0.14835886657238007,0.0,1,0.11987582594156265,0.11987582594156265,2.8642377853393555,-1,,,
2,195,34311,0,22,6,2,0.152241051197052,0.14624524116516113,0.005995810031890869,2,0.11680010706186295,0.11680010706186295,2.883316993713379,-1,,,
2,196,34312,0,22,6,2,0.15380585193634033,0.1422559916973114,0.01154986023902893,2,0.11580988019704819,0.11580988019704819,2.8874850273132324,-1,,,
2,197,34313,0,22,6,6,0.15696540474891663,0.15696540474891663,0.0,1,0.11498115211725235,0.11498115211725235,2.8844833374023438,-1,,,
2,198,34314,0,22,6,3,0.15986570715904236,0.15884150564670563,0.001024201512336731,2,0.11464175581932068,0.11464175581932068,2.8869986534118652,-1,,,
2,199,34315,0,22,6,3,0.16418662667274475,0.16324134171009064,0.0009452849626541138,2,0.11554961651563644,0.11554961651563644,2.8874950408935547,-1,,,
2,200,34316,0,22,6,3,0.16445736587047577,0.16013342142105103,0.004323944449424744,2,0.1154354065656662,0.1154354065656662,2.8837130069732666,-1,,,
2,201,34317,0,22,6,3,0.16875669360160828,0.16692179441452026,0.0018348991870880127,2,0.1137893944978714,0.1137893944978714,2.8869316577911377,-1,,,
2,202,34318,0,22,6,3,0.17626920342445374,0.16827110946178436,0.007998093962669373,2,0.11334739625453949,0.11334739625453949,2.896714448928833,-1,,,
2,203,34319,0,22,6,6,0.17974558472633362,0.17974558472633362,0.0,1,0.11338555067777634,0.11338555067777634,2.894439220428467,-1,,,
2,204,34320,0,22,6,3,0.18227528035640717,0.18211787939071655,0.0001574009656906128,2,0.1144406795501709,0.1144406795501709,2.8873538970947266,-1,,,
2,205,34321,0,22,6,6,0.18790224194526672,0.18790224194526672,0.0,1,0.11528605222702026,0.11528605222702026,2.888122320175171,-1,,,
2,206,34322,0,22,6,6,0.19009986519813538,0.19009986519813538,0.0,1,0.11624396592378616,0.11624396592378616,2.885491371154785,-1,,,
2,207,34323,0,22,6,6,0.18592368066310883,0.18592368066310883,0.0,1,0.11720044910907745,0.11720044910907745,2.873173236846924,-1,,,
2,208,34324,0,22,6,6,0.1819498986005783,0.1819498986005783,0.0,1,0.11752885580062866,0.11752885580062866,2.87695050239563,-1,,,
2,209,34325,0,22,6,6,0.17450915277004242,0.17450915277004242,0.0,1,0.11549793928861618,0.11549793928861618,2.88647198677063,-1,,,
2,210,34326,0,22,6,6,0.16323772072792053,0.16323772072792053,0.0,1,0.1191350519657135,0.1191350519657135,2.8706138134002686,-1,,,
2,211,34327,0,22,6,3,0.1547626107931137,0.1547403782606125,2.2232532501220703e-05,2,0.11807181686162949,0.11807181686162949,2.8768441677093506,-1,,,
2,212,34328,0,22,6,3,0.14849472045898438,0.14078229665756226,0.007712423801422119,2,0.11911781132221222,0.11911781132221222,2.871929407119751,-1,,,
2,213,34329,0,22,6,3,0.1383054554462433,0.12693139910697937,0.011374056339263916,2,0.12081345915794373,0.12081345915794373,2.860652446746826,-1,,,
2,214,34330,0,22,6,3,0.1332089900970459,0.12946277856826782,0.003746211528778076,2,0.11931441724300385,0.11931441724300385,2.8749191761016846,-1,,,
2,215,34331,0,22,6,3,0.13333432376384735,0.12067092210054398,0.012663401663303375,4,0.11729568243026733,0.11729568243026733,2.8844547271728516,-1,,,
2,216,34332,0,22,6,3,0.13484586775302887,0.1262788325548172,0.00856703519821167,4,0.11433837562799454,0.11433837562799454,2.902561902999878,-1,,,
2,217,34333,0,22,6,3,0.14196179807186127,0.136220321059227,0.005741477012634277,4,0.11072570830583572,0.11072570830583572,2.919994831085205,-1,,,
2,218,34334,0,22,6,3,0.14733102917671204,0.14610756933689117,0.0012234598398208618,2,0.1059088334441185,0.1059088334441185,2.944105386734009,-1,,,
2,219,34335,0,22,6,6,0.15211686491966248,0.15211686491966248,0.0,1,0.10303881764411926,0.10303881764411926,2.960700511932373,-1,,,
2,220,34336,0,22,6,6,0.15520261228084564,0.15520261228084564,0.0,1,0.10050978511571884,0.10050978511571884,2.9694173336029053,-1,,,
2,221,34337,0,22,6,6,0.1616085022687912,0.1616085022687912,0.0,1,0.10175161808729172,0.10175161808729172,2.961580991744995,-1,,,
2,222,34338,0,22,6,6,0.16712811589241028,0.16712811589241028,0.0,1,0.1001763567328453,0.1001763567328453,2.969573497772217,-1,,,
2,223,34339,0,22,6,6,0.1716846078634262,0.1716846078634262,0.0,1,0.10246804356575012,0.10246804356575012,2.959812879562378,-1,,,
2,224,34340,0,22,6,6,0.1796588897705078,0.1796588897705078,0.0,1,0.10339412093162537,0.10339412093162537,2.946606159210205,-1,,,
2,225,34341,0,22,6,6,0.181535005569458,0.181535005569458,0.0,1,0.10406369715929031,0.10406369715929031,2.95143985748291,-1,,,
2,226,34342,0,22,6,3,0.1849546730518341,0.16971994936466217,0.015234723687171936,6,0.10523424297571182,0.10523424297571182,2.941953659057617,-1,,,
2,227,34343,0,22,6,2,0.18541187047958374,0.17450086772441864,0.0109110027551651,6,0.1072896420955658,0.1072896420955658,2.92969012260437,-1,,,
2,228,34344,0,22,6,3,0.18592149019241333,0.15865099430084229,0.027270495891571045,5,0.10936921089887619,0.10936921089887619,2.9237728118896484,-1,,,
2,229,34345,0,22,6,3,0.1836395114660263,0.15664730966091156,0.026992201805114746,5,0.111293725669384,0.111293725669384,2.9138898849487305,-1,,,
2,230,34346,0,22,6,3,0.1824333667755127,0.15620259940624237,0.026230767369270325,2,0.11464522778987885,0.11464522778987885,2.8943827152252197,-1,,,
2,231,34347,0,22,6,3,0.180599182844162,0.1515624076128006,0.02903677523136139,4,0.11640863120555878,0.11640863120555878,2.8857216835021973,-1,,,
2,232,34348,0,22,6,3,0.1751078963279724,0.14676152169704437,0.02834637463092804,2,0.11985974758863449,0.11985974758863449,2.8686769008636475,-1,,,
2,233,34349,0,22,6,3,0.17162339389324188,0.1427466869354248,0.028876706957817078,4,0.11757481843233109,0.11757481843233109,2.8752079010009766,-1,,,
2,234,34350,0,22,6,3,0.16818955540657043,0.1434699296951294,0.02471962571144104,3,0.12003114819526672,0.12003114819526672,2.855898141860962,-1,,,
2,235,34351,0,22,6,3,0.1668870747089386,0.1415926069021225,0.0252944678068161,4,0.12035110592842102,0.12035110592842102,2.8643927574157715,-1,,,
2,236,34352,0,22,6,3,0.16625246405601501,0.14185106754302979,0.02440139651298523,5,0.11990184336900711,0.11990184336900711,2.866255283355713,-1,,,
2,237,34353,0,22,6,3,0.16603481769561768,0.14131155610084534,0.02472326159477234,4,0.12052412331104279,0.12052412331104279,2.8652565479278564,-1,,,
2,238,34354,0,22,6,3,0.16466285288333893,0.13712742924690247,0.027535423636436462,4,0.12027773261070251,0.12027773261070251,2.8667423725128174,-1,,,
2,239,34355,0,22,6,3,0.1627407968044281,0.14259812235832214,0.020142674446105957,2,0.1213449016213417,0.1213449016213417,2.8578779697418213,-1,,,
2,240,34356,0,22,6,3,0.1638084352016449,0.1356254518032074,0.0281829833984375,4,0.1188143640756607,0.1188143640756607,2.8782365322113037,-1,,,
2,241,34357,0,22,6,3,0.16411636769771576,0.14259153604507446,0.021524831652641296,4,0.11717596650123596,0.11717596650123596,2.8856301307678223,-1,,,
2,242,34358,0,22,6,3,0.1677796095609665,0.13933102786540985,0.02844858169555664,4,0.11662182956933975,0.11662182956933975,2.8886961936950684,-1,,,
2,243,34359,0,22,6,3,0.16835905611515045,0.1396540254354477,0.02870503067970276,2,0.11641368269920349,0.11641368269920349,2.888270139694214,-1,,,
2,244,34360,0,22,6,3,0.16776031255722046,0.13825629651546478,0.029504016041755676,5,0.11477488279342651,0.11477488279342651,2.9023702144622803,-1,,,
2,245,34361,0,22,6,3,0.16953131556510925,0.1452973484992981,0.024233967065811157,4,0.11572790145874023,0.11572790145874023,2.8910655975341797,-1,,,
2,246,34362,0,22,6,3,0.16935941576957703,0.1453458070755005,0.024013608694076538,5,0.11390015482902527,0.11390015482902527,2.9042131900787354,-1,,,
2,247,34363,0,22,6,3,0.1708487868309021,0.14906306564807892,0.02178572118282318,4,0.11191415786743164,0.11191415786743164,2.9093077182769775,-1,,,
2,248,34364,0,22,6,3,0.16687211394309998,0.15413689613342285,0.012735217809677124,4,0.1131993979215622,0.1131993979215622,2.901261806488037,-1,,,
2,249,34365,0,22,6,3,0.16597530245780945,0.1492934674024582,0.016681835055351257,2,0.1124529168009758,0.1124529168009758,2.904266119003296,-1,,,
2,250,34366,0,22,6,3,0.16120752692222595,0.14688467979431152,0.014322847127914429,2,0.11323489993810654,0.11323489993810654,2.8873634338378906,-1,,,
2,251,34367,0,22,6,3,0.16043776273727417,0.145890474319458,0.014547288417816162,4,0.11361607909202576,0.11361607909202576,2.896059274673462,-1,,,
2,252,34368,0,22,6,3,0.15913449227809906,0.15282279253005981,0.006311699748039246,2,0.1146351769566536,0.1146351769566536,2.8901185989379883,-1,,,
2,253,34369,0,22,6,3,0.157389834523201,0.15101905167102814,0.0063707828521728516,2,0.11562320590019226,0.11562320590019226,2.8789355754852295,-1,,,
2,254,34370,0,22,6,6,0.15861515700817108,0.15861515700817108,0.0,1,0.11682768166065216,0.11682768166065216,2.8753936290740967,-1,,,
2,255,34371,0,22,6,6,0.1576981544494629,0.1576981544494629,0.0,1,0.11843296885490417,0.11843296885490417,2.868124008178711,-1,,,
2,256,34372,0,22,6,6,0.16169528663158417,0.16169528663158417,0.0,1,0.12014928460121155,0.12014928460121155,2.850364923477173,-1,,,
2,257,34373,0,22,6,6,0.16347485780715942,0.16347485780715942,0.0,1,0.12399160116910934,0.12399160116910934,2.8351380825042725,-1,,,
2,258,34374,0,22,6,6,0.16792303323745728,0.16792303323745728,0.0,1,0.12460017204284668,0.12460017204284668,2.8292994499206543,-1,,,
2,259,34375,0,22,6,4,0.17008548974990845,0.16936415433883667,0.0007213354110717773,2,0.12508687376976013,0.12508687376976013,2.8274266719818115,-1,,,
2,260,34376,0,22,6,4,0.17356282472610474,0.1713075339794159,0.0022552907466888428,2,0.1246606856584549,0.1246606856584549,2.8329265117645264,-1,,,
2,261,34377,0,22,6,6,0.1751718968153,0.1751718968153,0.0,1,0.12573575973510742,0.12573575973510742,2.818223714828491,-1,,,
2,262,34378,0,22,6,6,0.17258328199386597,0.17258328199386597,0.0,1,0.12418098002672195,0.12418098002672195,2.8189570903778076,-1,,,
2,263,34379,0,22,6,4,0.17152881622314453,0.17103053629398346,0.0004982799291610718,2,0.12497866153717041,0.12497866153717041,2.8279566764831543,-1,,,
2,264,34380,0,22,6,6,0.16814634203910828,0.16814634203910828,0.0,1,0.12421846389770508,0.12421846389770508,2.8294129371643066,-1,,,
2,265,34381,0,22,6,6,0.16679517924785614,0.16679517924785614,0.0,1,0.12514722347259521,0.12514722347259521,2.829441547393799,-1,,,
2,266,34382,0,22,6,6,0.16425903141498566,0.16425903141498566,0.0,1,0.1233675554394722,0.1233675554394722,2.8327889442443848,-1,,,
2,267,34383,0,22,6,6,0.16459384560585022,0.16459384560585022,0.0,1,0.12235934287309647,0.12235934287309647,2.843783378601074,-1,,,
2,268,34384,0,22,6,6,0.16182012856006622,0.16182012856006622,0.0,1,0.12029404193162918,0.12029404193162918,2.8515095710754395,-1,,,
2,269,34385,0,22,6,6,0.16079378128051758,0.16079378128051758,0.0,1,0.12003961205482483,0.12003961205482483,2.851482629776001,-1,,,
2,270,34386,0,22,6,6,0.16353721916675568,0.16353721916675568,0.0,1,0.11965642869472504,0.11965642869472504,2.8579790592193604,-1,,,
2,271,34387,0,22,6,6,0.16677944362163544,0.16677944362163544,0.0,1,0.11901083588600159,0.11901083588600159,2.8653404712677,-1,,,
2,272,34388,0,22,6,6,0.1685517579317093,0.1685517579317093,0.0,1,0.11924422532320023,0.11924422532320023,2.861013889312744,-1,,,
2,273,34389,0,22,6,6,0.17318978905677795,0.17318978905677795,0.0,1,0.11778382211923599,0.11778382211923599,2.867241859436035,-1,,,
2,274,34390,0,22,6,6,0.18196041882038116,0.18196041882038116,0.0,1,0.11856941878795624,0.11856941878795624,2.8664791584014893,-1,,,
2,275,34391,0,22,6,3,0.19064535200595856,0.18887946009635925,0.0017658919095993042,2,0.11905527859926224,0.11905527859926224,2.859915256500244,-1,,,
2,276,34392,0,22,6,2,0.2046263962984085,0.19842582941055298,0.00620056688785553,3,0.11909573525190353,0.11909573525190353,2.8613803386688232,-1,,,
2,277,34393,0,22,6,2,0.21819689869880676,0.2058231085538864,0.012373790144920349,4,0.12000036239624023,0.12000036239624023,2.8580105304718018,-1,,,
2,278,34394,0,22,6,2,0.2290080338716507,0.21379198133945465,0.015216052532196045,4,0.12112855911254883,0.12112855911254883,2.8524398803710938,-1,,,
2,279,34395,0,22,6,3,0.2366742491722107,0.222253680229187,0.014420568943023682,3,0.12319080531597137,0.12319080531597137,2.8336222171783447,-1,,,
2,280,34396,0,22,6,3,0.24414856731891632,0.22763656079769135,0.016512006521224976,5,0.12447003275156021,0.12447003275156021,2.8324358463287354,-1,,,
2,281,34397,0,22,6,3,0.24529100954532623,0.22440491616725922,0.020886093378067017,3,0.12391423434019089,0.12391423434019089,2.830925226211548,-1,,,
2,282,34398,0,22,6,3,0.2417059987783432,0.22356893122196198,0.018137067556381226,2,0.12724103033542633,0.12724103033542633,2.8067641258239746,-1,,,
2,283,34399,0,22,6,3,0.2365148961544037,0.2180609256029129,0.018453970551490784,2,0.12898549437522888,0.12898549437522888,2.7912652492523193,-1,,,
2,284,34400,0,22,6,3,0.23129121959209442,0.21377480030059814,0.017516419291496277,5,0.12648704648017883,0.12648704648017883,2.7875587940216064,-1,,,
2,285,34401,0,22,9,12,0.4335687756538391,0.18618144094944,0.2473873347043991,19,0.11518310010433197,0.11518310010433197,2.824671506881714,-1,,,
2,286,34402,0,1,9,9,0.46800607442855835,0.46800607442855835,0.0,1,1.0,1.0,-0.0,-1,,,
2,287,34403,0,1,9,9,0.4617375135421753,0.4617375135421753,0.0,1,1.0,1.0,-0.0,-1,,,
2,288,34404,0,1,9,9,0.4513152837753296,0.4513152837753296,0.0,1,1.0,1.0,-0.0,-1,,,
2,289,34405,0,1,9,9,0.4448792338371277,0.4448792338371277,0.0,1,1.0,1.0,-0.0,-1,,,
2,290,34406,0,1,9,9,0.4493207633495331,0.4493207633495331,0.0,1,1.0,1.0,-0.0,-1,,,
2,291,34407,0,22,9,8,0.444485068321228,0.24562737345695496,0.19885769486427307,10,0.22488410770893097,0.22488410770893097,2.592420816421509,-1,,,
2,292,34408,3,22,9,8,0.44922998547554016,0.255416601896286,0.19381338357925415,11,0.13496209681034088,0.13496209681034088,2.84743070602417,-1,,,
2,293,34409,3,22,9,8,0.4384179413318634,0.23449447751045227,0.20392346382141113,12,0.12913921475410461,0.12913921475410461,2.859954595565796,-1,,,
2,294,34410,3,22,9,8,0.4257766008377075,0.23601852357387543,0.1897580772638321,11,0.1270992010831833,0.1270992010831833,2.868007183074951,-1,,,
2,295,34411,3,22,9,8,0.4243660271167755,0.20623289048671722,0.2181331366300583,12,0.1254608929157257,0.1254608929157257,2.875312328338623,-1,,,
2,296,34412,3,22,9,8,0.42730697989463806,0.2133559137582779,0.21395106613636017,12,0.12882153689861298,0.12882153689861298,2.8629209995269775,-1,,,
2,297,34413,3,22,9,8,0.42844006419181824,0.20682892203330994,0.2216111421585083,12,0.13278838992118835,0.13278838992118835,2.852051258087158,-1,,,
2,298,34414,3,22,9,8,0.41791003942489624,0.18806271255016327,0.22984732687473297,12,0.15137362480163574,0.15137362480163574,2.8101813793182373,-1,,,
2,299,34415,3,22,9,8,0.41262027621269226,0.18674302101135254,0.22587725520133972,12,0.12822586297988892,0.12822586297988892,2.8698954582214355,-1,,,
2,300,34416,3,22,9,8,0.4072445034980774,0.18230630457401276,0.22493819892406464,11,0.14946073293685913,0.14946073293685913,2.8156163692474365,-1,,,
2,301,34417,3,22,9,8,0.3989643156528473,0.18438759446144104,0.21457672119140625,11,0.14740662276744843,0.14740662276744843,2.821226119995117,-1,,,
2,302,34418,3,22,9,10,0.38557904958724976,0.1898687332868576,0.19571031630039215,11,0.1510811746120453,0.1510811746120453,2.808271646499634,-1,,,
2,303,34419,3,22,9,10,0.3787756562232971,0.20735201239585876,0.17142364382743835,8,0.19023902714252472,0.19023902714252472,2.697164297103882,-1,,,
2,304,34420,3,22,9,8,0.3672237694263458,0.21267741918563843,0.1545463502407074,7,0.23131930828094482,0.23131930828094482,2.5742106437683105,-1,,,
2,305,34421,3,22,9,8,0.35852473974227905,0.21037009358406067,0.14815464615821838,7,0.15669353306293488,0.15669353306293488,2.791992425918579,-1,,,
2,306,34422,3,22,9,10,0.3587116599082947,0.222122460603714,0.1365891993045807,7,0.23999547958374023,0.23999547958374023,2.548508405685425,-1,,,
2,307,34423,3,22,9,10,0.3542279005050659,0.20803144574165344,0.14619645476341248,8,0.16665925085544586,0.16665925085544586,2.7619245052337646,-1,,,
2,308,34424,3,22,9,10,0.34554314613342285,0.20305581390857697,0.1424873322248459,8,0.22661511600017548,0.22661511600017548,2.60345721244812,-1,,,
2,309,34425,3,22,9,10,0.34732452034950256,0.17891475558280945,0.16840976476669312,11,0.21028171479701996,0.21028171479701996,2.63919997215271,-1,,,
2,310,34426,3,22,9,10,0.3547534942626953,0.1547294557094574,0.20002403855323792,12,0.15248960256576538,0.15248960256576538,2.796926975250244,-1,,,
2,311,34427,3,22,9,10,0.3628377616405487,0.13814640045166016,0.22469136118888855,12,0.14791058003902435,0.14791058003902435,2.8145766258239746,-1,,,
2,312,34428,3,22,9,10,0.3766557574272156,0.12132059037685394,0.25533516705036163,12,0.17874355614185333,0.17874355614185333,2.725041389465332,-1,,,
2,313,34429,3,22,9,10,0.3947124779224396,0.12188570946455002,0.27282676845788956,12,0.17866991460323334,0.17866991460323334,2.7343664169311523,-1,,,
2,314,34430,3,22,9,10,0.4120716154575348,0.11964070051908493,0.29243091493844986,12,0.24506057798862457,0.24506057798862457,2.5376574993133545,-1,,,
2,315,34431,3,22,9,10,0.4233954846858978,0.13761837780475616,0.28577710688114166,12,0.2501460611820221,0.2501460611820221,2.536942958831787,-1,,,
2,316,34432,3,22,9,6,0.42956069111824036,0.15943142771720886,0.2701292634010315,12,0.23052270710468292,0.23052270710468292,2.598287582397461,-1,,,
2,317,34433,3,22,9,10,0.4368895888328552,0.182144433259964,0.25474515557289124,12,0.23229435086250305,0.23229435086250305,2.588625192642212,-1,,,
2,318,34434,3,22,9,6,0.43887388706207275,0.20199047029018402,0.23688341677188873,12,0.2343122661113739,0.2343122661113739,2.5812246799468994,-1,,,
2,319,34435,3,22,9,6,0.44274505972862244,0.21043287217617035,0.2323121875524521,12,0.22415988147258759,0.22415988147258759,2.5993363857269287,-1,,,
2,320,34436,3,22,9,6,0.4419025778770447,0.207077756524086,0.23482482135295868,12,0.23985104262828827,0.23985104262828827,2.5530622005462646,-1,,,
2,321,34437,3,22,9,8,0.43512076139450073,0.20804592967033386,0.22707483172416687,12,0.2393653392791748,0.2393653392791748,2.5511932373046875,-1,,,
2,322,34438,0,22,9,8,0.4248429536819458,0.19416098296642303,0.23068197071552277,12,0.23896494507789612,0.23896494507789612,2.5522491931915283,-1,,,
2,323,34439,0,22,9,8,0.42894697189331055,0.1860930323600769,0.24285393953323364,12,0.24136601388454437,0.24136601388454437,2.5438170433044434,-1,,,
2,324,34440,0,22,9,10,0.4374011158943176,0.1945122480392456,0.24288886785507202,12,0.24167400598526,0.24167400598526,2.542612075805664,-1,,,
2,325,34441,0,22,9,8,0.4403230547904968,0.19117854535579681,0.2491445094347,12,0.23892666399478912,0.23892666399478912,2.5330071449279785,-1,,,
2,326,34442,0,22,9,8,0.44513145089149475,0.20425713062286377,0.24087432026863098,12,0.14806310832500458,0.14806310832500458,2.7588107585906982,-1,,,
2,327,34443,0,22,9,3,0.4476226270198822,0.23351027071475983,0.21411235630512238,12,0.1381591260433197,0.1381591260433197,2.7738490104675293,-1,,,
2,328,34444,0,22,18,6,0.5522810816764832,0.26741623878479004,0.2848648428916931,20,0.1151435449719429,0.1151435449719429,2.926891803741455,-1,,,
2,329,34445,0,1,18,18,0.572821319103241,0.572821319103241,0.0,1,1.0,1.0,-0.0,-1,,,
2,330,34446,0,1,18,18,0.5870816111564636,0.5870816111564636,0.0,1,1.0,1.0,-0.0,-1,,,
2,331,34447,0,1,18,18,0.5663565397262573,0.5663565397262573,0.0,1,1.0,1.0,-0.0,-1,,,
2,332,34448,0,1,18,18,0.5307157039642334,0.5307157039642334,0.0,1,1.0,1.0,-0.0,-1,,,
2,333,34449,0,1,18,18,0.4767596423625946,0.4767596423625946,0.0,1,1.0,1.0,-0.0,-1,,,
2,334,34450,2,22,18,14,0.4196990728378296,0.36524122953414917,0.05445784330368042,18,0.16584262251853943,0.16584262251853943,2.809549331665039,-1,,,
2,335,34451,2,22,18,7,0.36635512113571167,0.3265500068664551,0.03980511426925659,17,0.18532493710517883,0.18532493710517883,2.724702835083008,-1,,,
2,336,34452,2,22,18,0,0.3170994818210602,0.2937588095664978,0.023340672254562378,12,0.19116242229938507,0.19116242229938507,2.701575517654419,-1,,,
2,337,34453,2,22,18,16,0.2758530080318451,0.27170419692993164,0.004148811101913452,4,0.16187351942062378,0.16187351942062378,2.8264365196228027,-1,,,
2,338,34454,2,22,18,0,0.24995161592960358,0.2430572211742401,0.006894394755363464,4,0.1355770081281662,0.1355770081281662,2.9078824520111084,-1,,,
2,339,34455,2,22,18,20,0.2612287104129791,0.2460157871246338,0.015212923288345337,2,0.1495450735092163,0.1495450735092163,2.869793176651001,-1,,,
2,340,34456,2,22,18,20,0.28497782349586487,0.264652281999588,0.020325541496276855,2,0.15258246660232544,0.15258246660232544,2.8576340675354004,-1,,,
2,341,34457,2,22,18,20,0.31853222846984863,0.2803596556186676,0.03817257285118103,6,0.11818740516901016,0.11818740516901016,2.95906925201416,-1,,,
2,342,34458,2,22,18,7,0.3552471399307251,0.2762261927127838,0.07902094721794128,15,0.15752151608467102,0.15752151608467102,2.8440704345703125,-1,,,
2,343,34459,2,22,18,9,0.3953463137149811,0.30968016386032104,0.08566614985466003,10,0.1709846407175064,0.1709846407175064,2.801105499267578,-1,,,
2,344,34460,2,22,18,7,0.43583279848098755,0.30859124660491943,0.12724155187606812,18,0.17235833406448364,0.17235833406448364,2.7982218265533447,-1,,,
2,345,34461,2,22,18,7,0.47596287727355957,0.3522828221321106,0.12368005514144897,16,0.18452711403369904,0.18452711403369904,2.7372374534606934,-1,,,
2,346,34462,2,22,18,7,0.5273434519767761,0.41882970929145813,0.108513742685318,15,0.1550368368625641,0.1550368368625641,2.848731279373169,-1,,,
2,347,34463,2,22,18,7,0.5976260304450989,0.5060493350028992,0.09157669544219971,14,0.12686271965503693,0.12686271965503693,2.9353644847869873,-1,,,
2,348,34464,2,22,18,9,0.6740968823432922,0.601617157459259,0.0724797248840332,10,0.14012183248996735,0.14012183248996735,2.8944618701934814,-1,,,
2,349,34465,2,22,18,7,0.769606351852417,0.6932795643806458,0.07632678747177124,11,0.12961407005786896,0.12961407005786896,2.9281959533691406,-1,,,
2,350,34466,2,22,18,9,0.8599820733070374,0.7752312421798706,0.08475083112716675,15,0.12142884731292725,0.12142884731292725,2.948673963546753,-1,,,
2,351,34467,2,22,18,7,0.9476572871208191,0.8446201086044312,0.10303717851638794,16,0.11491434276103973,0.11491434276103973,2.964247226715088,-1,,,
2,352,34468,2,22,18,7,0.9748508930206299,0.8348178267478943,0.1400330662727356,16,0.12480064481496811,0.12480064481496811,2.9398245811462402,-1,,,
2,353,34469,2,22,18,7,0.9764665365219116,0.8453384637832642,0.13112807273864746,16,0.18773554265499115,0.18773554265499115,2.7167019844055176,-1,,,
2,354,34470,2,22,18,7,0.9319642186164856,0.8333486914634705,0.09861552715301514,16,0.17006650567054749,0.17006650567054749,2.7947916984558105,-1,,,
2,355,34471,2,22,18,7,0.8407101035118103,0.7429432272911072,0.09776687622070312,18,0.16409313678741455,0.16409313678741455,2.8181397914886475,-1,,,
2,356,34472,2,22,18,15,0.7342207431793213,0.6980868577957153,0.03613388538360596,11,0.16232307255268097,0.16232307255268097,2.8216843605041504,-1,,,
2,357,34473,2,22,18,15,0.6077022552490234,0.5856347680091858,0.022067487239837646,9,0.12730403244495392,0.12730403244495392,2.9334139823913574,-1,,,
2,358,34474,2,22,18,21,0.46656033396720886,0.45056116580963135,0.015999168157577515,4,0.18251779675483704,0.18251779675483704,2.7358579635620117,-1,,,
2,359,34475,2,22,18,16,0.3434942960739136,0.33518630266189575,0.008307993412017822,3,0.1551378071308136,0.1551378071308136,2.8446433544158936,-1,,,
2,360,34476,2,22,18,16,0.2822553217411041,0.27881520986557007,0.0034401118755340576,2,0.13331973552703857,0.13331973552703857,2.918915033340454,-1,,,
2,361,34477,2,22,18,18,0.23360608518123627,0.23360608518123627,0.0,1,0.1704796701669693,0.1704796701669693,2.8015825748443604,-1,,,
2,362,34478,2,22,18,18,0.2092815637588501,0.2092815637588501,0.0,1,0.15732744336128235,0.15732744336128235,2.843775749206543,-1,,,
2,363,34479,2,22,18,18,0.2050931602716446,0.2050931602716446,0.0,1,0.172283336520195,0.172283336520195,2.797792434692383,-1,,,
2,364,34480,2,22,18,20,0.2086130529642105,0.18818289041519165,0.02043016254901886,3,0.133036807179451,0.133036807179451,2.9214353561401367,-1,,,
2,365,34481,2,22,18,20,0.21221044659614563,0.17238108813762665,0.03982935845851898,3,0.15281334519386292,0.15281334519386292,2.86073637008667,-1,,,
2,366,34482,2,22,18,0,0.23338685929775238,0.18489722907543182,0.04848963022232056,16,0.13533475995063782,0.13533475995063782,2.9093010425567627,-1,,,
2,367,34483,2,22,18,0,0.22274529933929443,0.16902278363704681,0.05372251570224762,17,0.1825992316007614,0.1825992316007614,2.7273783683776855,-1,,,
2,368,34484,2,22,18,19,0.2593068480491638,0.19125251471996307,0.06805433332920074,20,0.18198539316654205,0.18198539316654205,2.7353813648223877,-1,,,
2,369,34485,2,22,18,14,0.30539754033088684,0.20045603811740875,0.10494150221347809,20,0.17878898978233337,0.17878898978233337,2.7272582054138184,-1,,,
2,370,34486,2,22,18,19,0.34948575496673584,0.2073218673467636,0.14216388761997223,21,0.1773013323545456,0.1773013323545456,2.7654621601104736,-1,,,
2,371,34487,2,22,18,10,0.39512595534324646,0.21334883570671082,0.18177711963653564,20,0.18148273229599,0.18148273229599,2.727405309677124,-1,,,
2,372,34488,2,22,18,8,0.4365611672401428,0.21668709814548492,0.2198740690946579,20,0.18112929165363312,0.18112929165363312,2.748840093612671,-1,,,
2,373,34489,2,22,18,8,0.483360230922699,0.20924077928066254,0.27411945164203644,18,0.17508451640605927,0.17508451640605927,2.705960512161255,-1,,,
2,374,34490,2,22,18,10,0.535811185836792,0.23649299144744873,0.29931819438934326,18,0.17581786215305328,0.17581786215305328,2.6950135231018066,-1,,,
2,375,34491,0,22,18,8,0.6050814986228943,0.2659483551979065,0.3391331434249878,20,0.18037085235118866,0.18037085235118866,2.696930170059204,-1,,,
2,376,34492,0,22,18,8,0.6100029349327087,0.2547774314880371,0.35522550344467163,19,0.17547444999217987,0.17547444999217987,2.6876466274261475,-1,,,
2,377,34493,0,22,18,8,0.6126356720924377,0.24912326037883759,0.36351241171360016,18,0.1766211986541748,0.1766211986541748,2.677069664001465,-1,,,
2,378,34494,0,22,18,8,0.617449164390564,0.2588944733142853,0.3585546910762787,19,0.17645163834095,0.17645163834095,2.6694846153259277,-1,,,
2,379,34495,0,22,18,8,0.6193254590034485,0.2660815417766571,0.3532439172267914,18,0.18568672239780426,0.18568672239780426,2.6603941917419434,-1,,,
2,380,34496,0,22,18,10,0.6271113157272339,0.26922616362571716,0.3578851521015167,19,0.18159668147563934,0.18159668147563934,2.6617398262023926,-1,,,
2,381,34497,0,22,18,8,0.631604015827179,0.304821252822876,0.326782763004303,20,0.18858622014522552,0.18858622014522552,2.675959587097168,-1,,,
2,382,34498,0,22,18,10,0.6222131848335266,0.32366952300071716,0.29854366183280945,18,0.17859777808189392,0.17859777808189392,2.735948085784912,-1,,,
2,383,34499,0,22,18,6,0.5896590948104858,0.3314102292060852,0.25824886560440063,15,0.18163760006427765,0.18163760006427765,2.723778009414673,-1,,,
3,0,34500,0,22,2,17,0.17361903190612793,0.10428153723478317,0.06933749467134476,22,0.07252295315265656,0.07252295315265656,3.0464179515838623,-1,,,
3,1,34501,0,1,2,2,0.1690901219844818,0.1690901219844818,0.0,1,1.0,1.0,-0.0,-1,,,
3,2,34502,0,1,2,2,0.16450193524360657,0.16450193524360657,0.0,1,1.0,1.0,-0.0,-1,,,
3,3,34503,1,1,2,2,0.15919581055641174,0.15919581055641174,0.0,1,1.0,1.0,-0.0,-1,,,
3,4,34504,1,1,2,2,0.15970826148986816,0.15970826148986816,0.0,1,1.0,1.0,-0.0,-1,,,
3,5,34505,1,1,2,2,0.15798726677894592,0.15798726677894592,0.0,1,1.0,1.0,-0.0,-1,,,
3,6,34506,1,22,18,4,0.1332695633172989,0.05896209180355072,0.07430747151374817,20,0.10493338108062744,0.10493338108062744,2.9839468002319336,-1,,,
3,7,34507,1,1,18,18,0.12652060389518738,0.12652060389518738,0.0,1,1.0,1.0,-0.0,-1,,,
3,8,34508,1,1,18,18,0.11967422813177109,0.11967422813177109,0.0,1,1.0,1.0,-0.0,-1,,,
3,9,34509,1,1,18,18,0.11454935371875763,0.11454935371875763,0.0,1,1.0,1.0,-0.0,-1,,,
3,10,34510,1,1,18,18,0.11326628178358078,0.11326628178358078,0.0,1,1.0,1.0,-0.0,-1,,,
3,11,34511,1,1,18,18,0.11140548437833786,0.11140548437833786,0.0,1,1.0,1.0,-0.0,-1,,,
3,12,34512,1,22,18,4,0.1158989667892456,0.04967684671282768,0.06622212007641792,21,0.10555287450551987,0.10555287450551987,2.985752582550049,-1,,,
3,13,34513,1,22,18,4,0.1219877302646637,0.04703807830810547,0.07494965195655823,21,0.10858325660228729,0.10858325660228729,2.9793527126312256,-1,,,
3,14,34514,1,22,18,4,0.1296502947807312,0.048195019364356995,0.0814552754163742,22,0.11816263943910599,0.11816263943910599,2.952486991882324,-1,,,
3,15,34515,1,22,18,4,0.13869349658489227,0.052308328449726105,0.08638516813516617,22,0.11118876934051514,0.11118876934051514,2.9657533168792725,-1,,,
3,16,34516,1,22,18,19,0.14142438769340515,0.055511508136987686,0.08591287955641747,22,0.11462389677762985,0.11462389677762985,2.9554381370544434,-1,,,
3,17,34517,1,22,18,17,0.14591294527053833,0.05686553940176964,0.08904740586876869,22,0.10809917002916336,0.10809917002916336,2.9799273014068604,-1,,,
3,18,34518,1,22,18,17,0.1511106938123703,0.056683499366045,0.0944271944463253,22,0.10731420665979385,0.10731420665979385,2.9820756912231445,-1,,,
3,19,34519,1,22,18,17,0.15364715456962585,0.05934494733810425,0.0943022072315216,22,0.10715798288583755,0.10715798288583755,2.981884717941284,-1,,,
3,20,34520,1,22,18,17,0.1505870670080185,0.06171204522252083,0.08887502178549767,22,0.13330647349357605,0.13330647349357605,2.916146755218506,-1,,,
3,21,34521,1,22,18,17,0.14999911189079285,0.05724935233592987,0.09274975955486298,22,0.130925253033638,0.130925253033638,2.923463821411133,-1,,,
3,22,34522,1,22,18,17,0.1461726278066635,0.060837507247924805,0.08533512055873871,22,0.11937745660543442,0.11937745660543442,2.956054449081421,-1,,,
3,23,34523,1,22,18,17,0.1411636918783188,0.06003735214471817,0.08112633973360062,22,0.12362594902515411,0.12362594902515411,2.9407694339752197,-1,,,
3,24,34524,1,22,18,17,0.14084824919700623,0.06389982253313065,0.07694842666387558,22,0.12063416093587875,0.12063416093587875,2.9463846683502197,-1,,,
3,25,34525,1,22,18,17,0.13980033993721008,0.05788527801632881,0.08191506192088127,22,0.11919146776199341,0.11919146776199341,2.9509437084198,-1,,,
3,26,34526,1,22,18,12,0.13398477435112,0.07204985618591309,0.06193491816520691,20,0.12367948889732361,0.12367948889732361,2.9427361488342285,-1,,,
3,27,34527,1,22,18,17,0.13105496764183044,0.06460121273994446,0.06645375490188599,21,0.11044613271951675,0.11044613271951675,2.978421688079834,-1,,,
3,28,34528,1,22,18,10,0.12958216667175293,0.06951490789651871,0.06006725877523422,21,0.1113540530204773,0.1113540530204773,2.9675259590148926,-1,,,
3,29,34529,1,22,18,11,0.1275937557220459,0.07399773597717285,0.05359601974487305,20,0.11405087262392044,0.11405087262392044,2.9709997177124023,-1,,,
3,30,34530,1,22,18,11,0.12528295814990997,0.0639052465558052,0.06137771159410477,20,0.11540324240922928,0.11540324240922928,2.9665963649749756,-1,,,
3,31,34531,1,22,18,11,0.1231396272778511,0.06590934842824936,0.057230278849601746,19,0.12612059712409973,0.12612059712409973,2.9390206336975098,-1,,,
3,32,34532,1,22,18,17,0.12302534282207489,0.0650184154510498,0.058006927371025085,20,0.11171940714120865,0.11171940714120865,2.9754884243011475,-1,,,
3,33,34533,1,22,18,21,0.12462618947029114,0.0689309760928154,0.05569521337747574,22,0.10912858694791794,0.10912858694791794,2.9803924560546875,-1,,,
3,34,34534,1,22,18,17,0.1238592341542244,0.05759422108530998,0.06626501306891441,20,0.12064802646636963,0.12064802646636963,2.9549005031585693,-1,,,
3,35,34535,1,22,18,17,0.1270999312400818,0.06526996940374374,0.06182996183633804,22,0.11155093461275101,0.11155093461275101,2.9737772941589355,-1,,,
3,36,34536,1,22,18,12,0.13094985485076904,0.06717154383659363,0.06377831101417542,22,0.10646360367536545,0.10646360367536545,2.9830164909362793,-1,,,
3,37,34537,1,22,18,12,0.13359495997428894,0.07180104404687881,0.061793915927410126,21,0.12309104949235916,0.12309104949235916,2.9422929286956787,-1,,,
3,38,34538,1,22,18,17,0.1329674869775772,0.062361616641283035,0.07060587033629417,22,0.11050737649202347,0.11050737649202347,2.9758481979370117,-1,,,
3,39,34539,1,22,18,15,0.13614509999752045,0.07434209436178207,0.06180300563573837,21,0.1116538941860199,0.1116538941860199,2.9668850898742676,-1,,,
3,40,34540,1,22,18,12,0.13852211833000183,0.07128725945949554,0.06723485887050629,21,0.12207948416471481,0.12207948416471481,2.9433774948120117,-1,,,
3,41,34541,1,22,18,17,0.1376681625843048,0.06921588629484177,0.06845227628946304,22,0.11777999997138977,0.11777999997138977,2.9536707401275635,-1,,,
3,42,34542,1,22,18,21,0.13886304199695587,0.06353742629289627,0.0753256157040596,22,0.1233590692281723,0.1233590692281723,2.935013771057129,-1,,,
3,43,34543,1,22,18,11,0.14863570034503937,0.09371808916330338,0.05491761118173599,19,0.13642889261245728,0.13642889261245728,2.9003615379333496,-1,,,
3,44,34544,1,22,18,3,0.1605147123336792,0.11269422620534897,0.04782048612833023,18,0.12993234395980835,0.12993234395980835,2.9184043407440186,-1,,,
3,45,34545,1,22,18,8,0.17701460421085358,0.11814242601394653,0.05887217819690704,20,0.13722297549247742,0.13722297549247742,2.8990886211395264,-1,,,
3,46,34546,1,22,18,5,0.19226570427417755,0.12753841280937195,0.0647272914648056,21,0.1349020004272461,0.1349020004272461,2.9052164554595947,-1,,,
3,47,34547,1,22,18,5,0.21018047630786896,0.14018498361110687,0.06999549269676208,20,0.1342352032661438,0.1342352032661438,2.907158136367798,-1,,,
3,48,34548,1,22,18,5,0.2350378781557083,0.15984858572483063,0.07518929243087769,19,0.14056460559368134,0.14056460559368134,2.8741931915283203,-1,,,
3,49,34549,1,22,18,17,0.25593847036361694,0.16154354810714722,0.09439492225646973,21,0.14077304303646088,0.14077304303646088,2.8807945251464844,-1,,,
3,50,34550,0,22,18,3,0.279957115650177,0.1824064552783966,0.0975506603717804,16,0.13499563932418823,0.13499563932418823,2.8989691734313965,-1,,,
3,51,34551,0,22,18,1,0.29418033361434937,0.183479443192482,0.11070089042186737,22,0.13474488258361816,0.13474488258361816,2.895775079727173,-1,,,
3,52,34552,0,22,18,17,0.310486376285553,0.17822585999965668,0.1322605162858963,22,0.1358865350484848,0.1358865350484848,2.9031076431274414,-1,,,
3,53,34553,0,22,18,19,0.31777429580688477,0.18315516412258148,0.13461913168430328,22,0.1322893500328064,0.1322893500328064,2.9112820625305176,-1,,,
3,54,34554,0,22,18,17,0.33614885807037354,0.17286808788776398,0.16328077018260956,22,0.13180483877658844,0.13180483877658844,2.918071985244751,-1,,,
3,55,34555,0,22,18,5,0.3463755249977112,0.17331703007221222,0.17305849492549896,22,0.1327356994152069,0.1327356994152069,2.907595157623291,-1,,,
3,56,34556,0,22,18,8,0.3841191530227661,0.2029031664133072,0.18121598660945892,22,0.12597468495368958,0.12597468495368958,2.8984737396240234,-1,,,
3,57,34557,0,22,18,17,0.42417871952056885,0.20215575397014618,0.22202296555042267,22,0.10443487763404846,0.10443487763404846,2.9347915649414062,-1,,,
3,58,34558,0,22,18,8,0.47892844676971436,0.209570974111557,0.26935747265815735,22,0.11586897820234299,0.11586897820234299,2.9095234870910645,-1,,,
3,59,34559,0,22,18,3,0.5228456258773804,0.21700721979141235,0.305838406085968,22,0.13396261632442474,0.13396261632442474,2.9060988426208496,-1,,,
3,60,34560,0,22,18,15,0.5715383887290955,0.21560759842395782,0.35593079030513763,22,0.13686509430408478,0.13686509430408478,2.8956503868103027,-1,,,
3,61,34561,0,22,18,15,0.6260284781455994,0.21120361983776093,0.41482485830783844,22,0.13675998151302338,0.13675998151302338,2.883925676345825,-1,,,
3,62,34562,0,22,18,15,0.6759918928146362,0.22731050848960876,0.44868138432502747,22,0.1363377422094345,0.1363377422094345,2.880767583847046,-1,,,
3,63,34563,3,22,18,15,0.7279059886932373,0.2418423444032669,0.4860636442899704,22,0.12292426079511642,0.12292426079511642,2.8922226428985596,-1,,,
3,64,34564,3,22,18,17,0.7319941520690918,0.21347270905971527,0.5185214430093765,22,0.12801030278205872,0.12801030278205872,2.8797597885131836,-1,,,
3,65,34565,3,22,18,19,0.7543925046920776,0.2093505859375,0.5450419187545776,22,0.12816666066646576,0.12816666066646576,2.8804407119750977,-1,,,
3,66,34566,3,22,18,19,0.7734671831130981,0.18506315350532532,0.5884040296077728,21,0.10727651417255402,0.10727651417255402,2.921065092086792,-1,,,
3,67,34567,3,22,18,17,0.8099586367607117,0.19002583622932434,0.6199328005313873,22,0.12125886976718903,0.12125886976718903,2.8794963359832764,-1,,,
3,68,34568,3,22,18,19,0.8434408903121948,0.16730961203575134,0.6761312782764435,22,0.11878084391355515,0.11878084391355515,2.884232759475708,-1,,,
3,69,34569,3,22,18,17,0.8788524866104126,0.13201011717319489,0.7468423694372177,22,0.14321735501289368,0.14321735501289368,2.8523266315460205,-1,,,
3,70,34570,3,22,18,19,0.9244206547737122,0.1306053251028061,0.7938153296709061,22,0.14670918881893158,0.14670918881893158,2.8519961833953857,-1,,,
3,71,34571,3,22,18,19,0.978920578956604,0.1174284815788269,0.8614920973777771,22,0.14598512649536133,0.14598512649536133,2.8638854026794434,-1,,,
3,72,34572,3,22,18,19,1.043051838874817,0.11385228484869003,0.9291995540261269,22,0.10737732797861099,0.10737732797861099,2.9000773429870605,-1,,,
3,73,34573,3,22,18,4,1.1025114059448242,0.11383991688489914,0.9886714890599251,22,0.09967880696058273,0.09967880696058273,2.9288558959960938,-1,,,
3,74,34574,3,22,18,1,1.1479376554489136,0.11411577463150024,1.0338218808174133,22,0.12906679511070251,0.12906679511070251,2.890450954437256,-1,,,
3,75,34575,3,22,18,5,1.198615550994873,0.10500640422105789,1.0936091467738152,22,0.12235397100448608,0.12235397100448608,2.8870813846588135,-1,,,
3,76,34576,3,22,18,5,1.2445749044418335,0.09704791754484177,1.1475269868969917,22,0.11061406880617142,0.11061406880617142,2.9070041179656982,-1,,,
3,77,34577,3,22,18,5,1.286954641342163,0.09709803760051727,1.1898566037416458,22,0.12189017981290817,0.12189017981290817,2.8994529247283936,-1,,,
3,78,34578,3,22,18,5,1.3239433765411377,0.1097714975476265,1.2141718789935112,22,0.10026717185974121,0.10026717185974121,2.9380881786346436,-1,,,
3,79,34579,3,22,18,5,1.370941400527954,0.11026812344789505,1.260673277080059,22,0.09475093334913254,0.09475093334913254,2.9493823051452637,-1,,,
3,80,34580,3,22,18,5,1.4326115846633911,0.11550296097993851,1.3171086236834526,22,0.09998354315757751,0.09998354315757751,2.9450957775115967,-1,,,
3,81,34581,3,22,18,5,1.4835118055343628,0.1347348988056183,1.3487769067287445,22,0.09664115309715271,0.09664115309715271,2.9510605335235596,-1,,,
3,82,34582,3,22,18,1,1.5470579862594604,0.1471264511346817,1.3999315351247787,22,0.09782452881336212,0.09782452881336212,2.9522314071655273,-1,,,
3,83,34583,3,22,18,14,1.589463710784912,0.16905221343040466,1.4204114973545074,22,0.09677331149578094,0.09677331149578094,2.954293966293335,-1,,,
3,84,34584,3,22,18,14,1.6479936838150024,0.1809057891368866,1.4670878946781158,22,0.09519622474908829,0.09519622474908829,2.959575653076172,-1,,,
3,85,34585,3,22,18,14,1.702993392944336,0.20941241085529327,1.4935809820890427,22,0.10674026608467102,0.10674026608467102,2.9221222400665283,-1,,,
3,86,34586,3,22,18,8,1.768502950668335,0.23002594709396362,1.5384770035743713,22,0.11328018456697464,0.11328018456697464,2.9133987426757812,-1,,,
3,87,34587,3,22,18,8,1.8049917221069336,0.20594094693660736,1.5990507751703262,22,0.10121530294418335,0.10121530294418335,2.9329419136047363,-1,,,
3,88,34588,3,22,18,8,1.839999794960022,0.2052791714668274,1.6347206234931946,22,0.09644030034542084,0.09644030034542084,2.946159601211548,-1,,,
3,89,34589,3,22,18,8,1.887433409690857,0.2240886092185974,1.6633448004722595,22,0.1052640900015831,0.1052640900015831,2.919182777404785,-1,,,
3,90,34590,3,22,18,8,1.9154995679855347,0.22439636290073395,1.6911032050848007,22,0.09972404688596725,0.09972404688596725,2.9361159801483154,-1,,,
3,91,34591,3,22,18,8,1.9345407485961914,0.22110764682292938,1.713433101773262,22,0.11265060305595398,0.11265060305595398,2.899725914001465,-1,,,
3,92,34592,3,22,18,8,1.9444693326950073,0.24160559475421906,1.7028637379407883,22,0.1453612595796585,0.1453612595796585,2.8516733646392822,-1,,,
3,93,34593,3,22,18,8,1.8072117567062378,0.298223078250885,1.5089886784553528,22,0.13617512583732605,0.13617512583732605,2.862835645675659,-1,,,
3,94,34594,3,22,18,8,1.6593739986419678,0.30450180172920227,1.3548721969127655,22,0.12158714234828949,0.12158714234828949,2.8915772438049316,-1,,,
3,95,34595,3,22,18,8,1.5146803855895996,0.32546427845954895,1.1892161071300507,22,0.14095059037208557,0.14095059037208557,2.8640403747558594,-1,,,
3,96,34596,3,22,18,8,1.3691017627716064,0.34506091475486755,1.024040848016739,22,0.1314438432455063,0.1314438432455063,2.8793468475341797,-1,,,
3,97,34597,3,22,18,12,1.2117104530334473,0.32248279452323914,0.8892276585102081,20,0.13072143495082855,0.13072143495082855,2.8825364112854004,-1,,,
3,98,34598,3,22,18,5,1.0666214227676392,0.31123948097229004,0.7553819417953491,22,0.137295663356781,0.137295663356781,2.8969473838806152,-1,,,
3,99,34599,3,22,18,3,0.9297353625297546,0.29261088371276855,0.6371244788169861,22,0.13510267436504364,0.13510267436504364,2.902477264404297,-1,,,
3,100,34600,0,22,18,5,0.7842124104499817,0.2550199627876282,0.5291924476623535,22,0.13559652864933014,0.13559652864933014,2.9020307064056396,-1,,,
3,101,34601,0,22,18,6,0.788458526134491,0.2521136403083801,0.5363448858261108,22,0.13358710706233978,0.13358710706233978,2.909487009048462,-1,,,
3,102,34602,0,22,18,3,0.7946951389312744,0.24774132668972015,0.5469538122415543,22,0.13160039484500885,0.13160039484500885,2.920443058013916,-1,,,
3,103,34603,0,22,18,1,0.8010128736495972,0.2559374272823334,0.5450754463672638,22,0.13148340582847595,0.13148340582847595,2.9137001037597656,-1,,,
3,104,34604,0,22,18,3,0.8023228645324707,0.25025349855422974,0.552069365978241,21,0.13098260760307312,0.13098260760307312,2.9215691089630127,-1,,,
3,105,34605,0,22,18,3,0.7294490933418274,0.2440876066684723,0.4853614866733551,22,0.12766918540000916,0.12766918540000916,2.9280073642730713,-1,,,
3,106,34606,0,22,18,1,0.6543256044387817,0.24621717631816864,0.4081084281206131,21,0.13341295719146729,0.13341295719146729,2.910827398300171,-1,,,
3,107,34607,0,22,18,3,0.5861758589744568,0.24096828699111938,0.3452075719833374,21,0.12241239100694656,0.12241239100694656,2.9389634132385254,-1,,,
3,108,34608,0,22,18,3,0.5186712741851807,0.24107085168361664,0.277600422501564,21,0.11839532107114792,0.11839532107114792,2.9465084075927734,-1,,,
3,109,34609,0,22,18,3,0.4513612985610962,0.24681860208511353,0.20454269647598267,19,0.13911578059196472,0.13911578059196472,2.8929073810577393,-1,,,
3,110,34610,0,22,18,3,0.38244712352752686,0.2603027820587158,0.12214434146881104,13,0.13968199491500854,0.13968199491500854,2.896059274673462,-1,,,
3,111,34611,0,22,18,3,0.31725820899009705,0.2783736288547516,0.03888458013534546,9,0.12129737436771393,0.12129737436771393,2.9382691383361816,-1,,,
3,112,34612,2,22,18,11,0.27578046917915344,0.25036391615867615,0.025416553020477295,5,0.13255274295806885,0.13255274295806885,2.913771152496338,-1,,,
3,113,34613,2,22,18,11,0.3006769120693207,0.26615771651268005,0.034519195556640625,6,0.10981389880180359,0.10981389880180359,2.973875045776367,-1,,,
3,114,34614,2,22,18,11,0.3182416260242462,0.2784174084663391,0.039824217557907104,6,0.09838168323040009,0.09838168323040009,2.9959216117858887,-1,,,
3,115,34615,2,22,18,11,0.3409498929977417,0.2937580943107605,0.0471917986869812,7,0.10008993744850159,0.10008993744850159,2.9925239086151123,-1,,,
3,116,34616,2,22,18,11,0.3622121512889862,0.31741079688072205,0.04480135440826416,7,0.10362444072961807,0.10362444072961807,2.9856247901916504,-1,,,
3,117,34617,2,22,18,11,0.38236066699028015,0.3361988961696625,0.046161770820617676,7,0.09974842518568039,0.09974842518568039,2.9919328689575195,-1,,,
3,118,34618,2,22,18,11,0.3930884599685669,0.3539077341556549,0.03918072581291199,7,0.10270355641841888,0.10270355641841888,2.986579179763794,-1,,,
3,119,34619,2,22,18,11,0.40508219599723816,0.3647705912590027,0.040311604738235474,5,0.12073826789855957,0.12073826789855957,2.9392144680023193,-1,,,
3,120,34620,2,22,18,11,0.38637709617614746,0.3328862190246582,0.05349087715148926,9,0.12193263322114944,0.12193263322114944,2.9360733032226562,-1,,,
3,121,34621,2,22,18,3,0.36289334297180176,0.31474003195762634,0.048153311014175415,15,0.10973704606294632,0.10973704606294632,2.9744651317596436,-1,,,
3,122,34622,2,22,18,11,0.3505706787109375,0.29092106223106384,0.05964961647987366,13,0.1301714926958084,0.1301714926958084,2.9184131622314453,-1,,,
3,123,34623,2,22,18,3,0.3341619670391083,0.23996073007583618,0.0942012369632721,20,0.1356147676706314,0.1356147676706314,2.904384136199951,-1,,,
3,124,34624,2,22,18,1,0.3166651129722595,0.20713858306407928,0.10952652990818024,20,0.12374737858772278,0.12374737858772278,2.930752992630005,-1,,,
3,125,34625,2,22,18,3,0.2867748737335205,0.1696821004152298,0.11709277331829071,21,0.12397598475217819,0.12397598475217819,2.9332854747772217,-1,,,
3,126,34626,2,22,18,6,0.2643011212348938,0.13534042239189148,0.12896069884300232,17,0.1397184580564499,0.1397184580564499,2.899339437484741,-1,,,
3,127,34627,2,22,18,5,0.31741395592689514,0.12548522651195526,0.19192872941493988,22,0.1407545506954193,0.1407545506954193,2.895110607147217,-1,,,
3,128,34628,2,22,18,17,0.3762604296207428,0.15518976747989655,0.22107066214084625,15,0.14447884261608124,0.14447884261608124,2.886883020401001,-1,,,
3,129,34629,2,22,18,6,0.44210854172706604,0.1634596735239029,0.27864886820316315,18,0.14070917665958405,0.14070917665958405,2.8973641395568848,-1,,,
3,130,34630,2,22,18,4,0.5086364150047302,0.182063028216362,0.3265733867883682,20,0.14079774916172028,0.14079774916172028,2.894808769226074,-1,,,
3,131,34631,2,22,18,17,0.5622984766960144,0.20547863841056824,0.35681983828544617,18,0.14328669011592865,0.14328669011592865,2.8895132541656494,-1,,,
3,132,34632,2,22,18,5,0.6218388080596924,0.19454894959926605,0.42728985846042633,21,0.13792438805103302,0.13792438805103302,2.89420485496521,-1,,,
3,133,34633,2,22,18,3,0.6935233473777771,0.20236478745937347,0.4911585599184036,22,0.13836216926574707,0.13836216926574707,2.8927056789398193,-1,,,
3,134,34634,0,22,18,3,0.7659357190132141,0.21972094476222992,0.5462147742509842,21,0.14080476760864258,0.14080476760864258,2.8822312355041504,-1,,,
3,135,34635,0,22,18,3,0.7529306411743164,0.21645985543727875,0.5364707857370377,22,0.14465589821338654,0.14465589821338654,2.8747897148132324,-1,,,
3,136,34636,0,22,18,3,0.7503558993339539,0.21222925186157227,0.5381266474723816,22,0.14235340058803558,0.14235340058803558,2.876194477081299,-1,,,
3,137,34637,0,22,18,3,0.7471948862075806,0.22160570323467255,0.525589182972908,22,0.1458440124988556,0.1458440124988556,2.8667116165161133,-1,,,
3,138,34638,0,22,18,1,0.7401480078697205,0.22184991836547852,0.5182980895042419,19,0.15001116693019867,0.15001116693019867,2.8664698600769043,-1,,,
3,139,34639,0,22,18,3,0.6697401404380798,0.19739899039268494,0.4723411500453949,22,0.14892199635505676,0.14892199635505676,2.8723037242889404,-1,,,
3,140,34640,0,22,18,5,0.5981325507164001,0.1795753538608551,0.41855719685554504,22,0.14618968963623047,0.14618968963623047,2.881134033203125,-1,,,
3,141,34641,0,22,18,1,0.5240927338600159,0.16151654720306396,0.3625761866569519,22,0.15025949478149414,0.15025949478149414,2.8610761165618896,-1,,,
3,142,34642,0,22,18,5,0.44966959953308105,0.13876080513000488,0.31090879440307617,22,0.15127956867218018,0.15127956867218018,2.8663418292999268,-1,,,
3,143,34643,0,22,18,1,0.38415512442588806,0.11994711309671402,0.26420801132917404,22,0.15016621351242065,0.15016621351242065,2.8690993785858154,-1,,,
3,144,34644,0,22,18,6,0.3084576427936554,0.11203855276107788,0.19641909003257751,22,0.14096258580684662,0.14096258580684662,2.892507553100586,-1,,,
3,145,34645,0,22,18,6,0.2352246344089508,0.09882041066884995,0.13640422374010086,22,0.1162605732679367,0.1162605732679367,2.964942455291748,-1,,,
3,146,34646,1,22,18,7,0.1598203033208847,0.07781799137592316,0.08200231194496155,22,0.12661077082157135,0.12661077082157135,2.9355809688568115,-1,,,
3,147,34647,1,22,18,11,0.15947005152702332,0.08318489789962769,0.07628515362739563,22,0.11567535996437073,0.11567535996437073,2.966834783554077,-1,,,
3,148,34648,1,22,18,11,0.15922951698303223,0.0816948264837265,0.07753469049930573,22,0.11466988176107407,0.11466988176107407,2.968235969543457,-1,,,
3,149,34649,1,22,18,7,0.16057880222797394,0.07950949668884277,0.08106930553913116,22,0.12650959193706512,0.12650959193706512,2.937879800796509,-1,,,
3,150,34650,1,22,18,7,0.1572263538837433,0.0806460976600647,0.07658025622367859,22,0.11894106864929199,0.11894106864929199,2.9607043266296387,-1,,,
3,151,34651,1,22,18,11,0.16050150990486145,0.08000563830137253,0.08049587160348892,22,0.10876312851905823,0.10876312851905823,2.981771945953369,-1,,,
3,152,34652,1,22,18,11,0.15989355742931366,0.08376782387495041,0.07612573355436325,22,0.12698021531105042,0.12698021531105042,2.934335470199585,-1,,,
3,153,34653,1,22,18,21,0.16096235811710358,0.08214954286813736,0.07881281524896622,22,0.11294101178646088,0.11294101178646088,2.965297222137451,-1,,,
3,154,34654,1,22,18,11,0.16190437972545624,0.08184364438056946,0.08006073534488678,22,0.11098088324069977,0.11098088324069977,2.965029239654541,-1,,,
3,155,34655,1,22,18,6,0.16564688086509705,0.08406521379947662,0.08158166706562042,22,0.1188582181930542,0.1188582181930542,2.951364040374756,-1,,,
3,156,34656,1,22,18,6,0.16756652295589447,0.07981471717357635,0.08775180578231812,22,0.12318254262208939,0.12318254262208939,2.940812826156616,-1,,,
3,157,34657,1,22,18,11,0.16785334050655365,0.07985799759626389,0.08799534291028976,22,0.10868342965841293,0.10868342965841293,2.9801864624023438,-1,,,
3,158,34658,1,22,18,11,0.17326435446739197,0.08517162501811981,0.08809272944927216,22,0.12442569434642792,0.12442569434642792,2.9447386264801025,-1,,,
3,159,34659,1,22,18,11,0.1731412410736084,0.08257243037223816,0.09056881070137024,21,0.12060757726430893,0.12060757726430893,2.95255184173584,-1,,,
3,160,34660,1,22,18,11,0.17650127410888672,0.07974714785814285,0.09675412625074387,22,0.14560168981552124,0.14560168981552124,2.8810441493988037,-1,,,
3,161,34661,1,22,18,7,0.17810103297233582,0.09151842445135117,0.08658260852098465,22,0.13035054504871368,0.13035054504871368,2.9208502769470215,-1,,,
3,162,34662,1,22,18,11,0.18223120272159576,0.09307438880205154,0.08915681391954422,22,0.14112359285354614,0.14112359285354614,2.890348434448242,-1,,,
3,163,34663,1,22,18,7,0.18300746381282806,0.08762418478727341,0.09538327902555466,22,0.12380127608776093,0.12380127608776093,2.931854724884033,-1,,,
3,164,34664,1,22,18,7,0.18014490604400635,0.09530971944332123,0.08483518660068512,21,0.12580975890159607,0.12580975890159607,2.9337034225463867,-1,,,
3,165,34665,1,22,18,7,0.18366102874279022,0.0876065045595169,0.09605452418327332,22,0.1098155751824379,0.1098155751824379,2.977354049682617,-1,,,
3,166,34666,1,22,18,6,0.18267491459846497,0.09023533016443253,0.09243958443403244,22,0.11674504727125168,0.11674504727125168,2.9620203971862793,-1,,,
3,167,34667,1,22,18,6,0.18239626288414001,0.08700273185968399,0.09539353102445602,22,0.11820998787879944,0.11820998787879944,2.9594204425811768,-1,,,
3,168,34668,1,22,18,6,0.1800217181444168,0.0850265622138977,0.0949951559305191,22,0.14562493562698364,0.14562493562698364,2.882661819458008,-1,,,
3,169,34669,1,22,18,6,0.18095435202121735,0.08901792764663696,0.09193642437458038,22,0.1425677090883255,0.1425677090883255,2.8947792053222656,-1,,,
3,170,34670,1,22,18,7,0.17773552238941193,0.09398005157709122,0.08375547081232071,21,0.126420259475708,0.126420259475708,2.935927391052246,-1,,,
3,171,34671,1,22,18,11,0.1740454137325287,0.0918426364660263,0.08220277726650238,20,0.10595771670341492,0.10595771670341492,2.9802088737487793,-1,,,
3,172,34672,1,22,18,21,0.17410819232463837,0.08484257012605667,0.0892656221985817,20,0.10969947278499603,0.10969947278499603,2.9728972911834717,-1,,,
3,173,34673,1,22,18,11,0.17137911915779114,0.09035652875900269,0.08102259039878845,20,0.11632177233695984,0.11632177233695984,2.9576807022094727,-1,,,
3,174,34674,1,22,18,11,0.16938400268554688,0.09331788867712021,0.07606611400842667,20,0.12950767576694489,0.12950767576694489,2.9297566413879395,-1,,,
3,175,34675,1,22,18,11,0.16969256103038788,0.09144984185695648,0.0782427191734314,20,0.12677094340324402,0.12677094340324402,2.9341084957122803,-1,,,
3,176,34676,1,22,18,11,0.1668430119752884,0.09056593477725983,0.07627707719802856,20,0.12881264090538025,0.12881264090538025,2.929694652557373,-1,,,
3,177,34677,1,22,18,11,0.1662139594554901,0.09486483037471771,0.0713491290807724,20,0.11163312941789627,0.11163312941789627,2.974780321121216,-1,,,
3,178,34678,1,22,18,11,0.166178897023201,0.08639547973871231,0.07978341728448868,20,0.12897229194641113,0.12897229194641113,2.9255268573760986,-1,,,
3,179,34679,1,22,18,21,0.16791903972625732,0.08846844732761383,0.0794505923986435,20,0.1337691843509674,0.1337691843509674,2.9179556369781494,-1,,,
3,180,34680,1,22,18,11,0.16794215142726898,0.08870025724172592,0.07924189418554306,19,0.1353125274181366,0.1353125274181366,2.9089505672454834,-1,,,
3,181,34681,1,22,18,11,0.16845367848873138,0.08582612127065659,0.0826275572180748,19,0.1398877054452896,0.1398877054452896,2.9013237953186035,-1,,,
3,182,34682,1,22,18,11,0.16718047857284546,0.0857435092329979,0.08143696933984756,20,0.13864658772945404,0.13864658772945404,2.9028189182281494,-1,,,
3,183,34683,1,22,18,11,0.16367322206497192,0.09354833513498306,0.07012488692998886,17,0.10853594541549683,0.10853594541549683,2.9800736904144287,-1,,,
3,184,34684,1,22,18,11,0.16207389533519745,0.0954931378364563,0.06658075749874115,18,0.14295028150081635,0.14295028150081635,2.890211820602417,-1,,,
3,185,34685,1,22,18,11,0.15893766283988953,0.09137853980064392,0.0675591230392456,18,0.13672257959842682,0.13672257959842682,2.9020776748657227,-1,,,
3,186,34686,1,22,18,11,0.15498647093772888,0.09371257573366165,0.06127389520406723,19,0.13955023884773254,0.13955023884773254,2.900031805038452,-1,,,
3,187,34687,1,22,18,11,0.15568487346172333,0.09120836853981018,0.06447650492191315,18,0.12094860523939133,0.12094860523939133,2.9513442516326904,-1,,,
3,188,34688,1,22,18,11,0.1562572717666626,0.08839010447263718,0.06786716729402542,18,0.14060479402542114,0.14060479402542114,2.895400285720825,-1,,,
3,189,34689,1,22,18,11,0.15694572031497955,0.08644645661115646,0.07049926370382309,18,0.11235915869474411,0.11235915869474411,2.9665262699127197,-1,,,
3,190,34690,1,22,18,11,0.15903685986995697,0.08940564095973969,0.06963121891021729,19,0.11506548523902893,0.11506548523902893,2.9661428928375244,-1,,,
3,191,34691,1,22,18,21,0.16458097100257874,0.09031853079795837,0.07426244020462036,20,0.11878618597984314,0.11878618597984314,2.9579503536224365,-1,,,
3,192,34692,1,22,18,11,0.16963385045528412,0.08438210189342499,0.08525174856185913,20,0.11068695038557053,0.11068695038557053,2.9770028591156006,-1,,,
3,193,34693,1,22,18,11,0.17245280742645264,0.08638252317905426,0.08607028424739838,20,0.10773837566375732,0.10773837566375732,2.9833292961120605,-1,,,
3,194,34694,1,22,18,11,0.17406079173088074,0.08497398346662521,0.08908680826425552,20,0.1336408108472824,0.1336408108472824,2.914952039718628,-1,,,
3,195,34695,1,22,18,11,0.17069673538208008,0.08831083029508591,0.08238590508699417,19,0.1221996322274208,0.1221996322274208,2.9438161849975586,-1,,,
3,196,34696,1,22,18,11,0.17162856459617615,0.09157434850931168,0.08005421608686447,20,0.10611124336719513,0.10611124336719513,2.9872677326202393,-1,,,
3,197,34697,1,22,18,11,0.16825805604457855,0.09320051223039627,0.07505754381418228,20,0.10791036486625671,0.10791036486625671,2.9744927883148193,-1,,,
3,198,34698,1,22,18,6,0.23070409893989563,0.11781191825866699,0.11289218068122864,22,0.11867223680019379,0.11867223680019379,2.952528715133667,-1,,,
3,199,34699,1,22,18,6,0.2888959050178528,0.1299198865890503,0.1589760184288025,21,0.1113184317946434,0.1113184317946434,2.96720814704895,-1,,,
3,200,34700,1,22,18,6,0.3512395918369293,0.1436888873577118,0.20755070447921753,22,0.12926889955997467,0.12926889955997467,2.9231479167938232,-1,,,
3,201,34701,1,22,18,3,0.42275911569595337,0.15903006494045258,0.2637290507555008,22,0.13102534413337708,0.13102534413337708,2.920341730117798,-1,,,
3,202,34702,1,22,18,3,0.4893702268600464,0.17379562556743622,0.31557460129261017,22,0.11903731524944305,0.11903731524944305,2.949688196182251,-1,,,
3,203,34703,1,22,18,6,0.558305025100708,0.1898031234741211,0.3685019016265869,22,0.13461384177207947,0.13461384177207947,2.905639886856079,-1,,,
3,204,34704,1,22,18,3,0.6151382327079773,0.20081818103790283,0.41432005167007446,22,0.13639001548290253,0.13639001548290253,2.8990607261657715,-1,,,
3,205,34705,0,22,18,3,0.6840735077857971,0.20622672140598297,0.47784678637981415,22,0.13946068286895752,0.13946068286895752,2.8887312412261963,-1,,,
3,206,34706,0,22,18,3,0.682807207107544,0.19793085753917694,0.484876349568367,22,0.1394115388393402,0.1394115388393402,2.888474702835083,-1,,,
3,207,34707,0,22,18,3,0.6822336912155151,0.1929924041032791,0.489241287112236,22,0.1413692831993103,0.1413692831993103,2.8814525604248047,-1,,,
3,208,34708,0,22,18,1,0.6784862279891968,0.1894138902425766,0.4890723377466202,22,0.14164334535598755,0.14164334535598755,2.8773651123046875,-1,,,
3,209,34709,0,22,18,3,0.6796278953552246,0.19052694737911224,0.48910094797611237,20,0.1403961479663849,0.1403961479663849,2.8749330043792725,-1,,,
3,210,34710,0,22,18,5,0.6758288741111755,0.20102860033512115,0.4748002737760544,21,0.14096517860889435,0.14096517860889435,2.8690409660339355,-1,,,
3,211,34711,0,22,18,5,0.8261292576789856,0.22670413553714752,0.5994251221418381,22,0.1307578980922699,0.1307578980922699,2.866297960281372,-1,,,
3,212,34712,0,22,18,8,0.9801350235939026,0.2358691245317459,0.7442658990621567,22,0.13382746279239655,0.13382746279239655,2.8548543453216553,-1,,,
3,213,34713,0,22,18,8,1.145490288734436,0.2103179395198822,0.9351723492145538,22,0.1354633867740631,0.1354633867740631,2.8572447299957275,-1,,,
3,214,34714,0,22,18,8,1.3142454624176025,0.17915266752243042,1.1350927948951721,22,0.13990482687950134,0.13990482687950134,2.8538622856140137,-1,,,
3,215,34715,0,22,18,10,1.4868659973144531,0.19090399146080017,1.295962005853653,22,0.14161860942840576,0.14161860942840576,2.8545026779174805,-1,,,
3,216,34716,0,22,18,8,1.6643474102020264,0.17958571016788483,1.4847617000341415,22,0.110723115503788,0.110723115503788,2.9040753841400146,-1,,,
3,217,34717,0,22,18,10,1.8482403755187988,0.19201931357383728,1.6562210619449615,22,0.13508611917495728,0.13508611917495728,2.8764193058013916,-1,,,
3,218,34718,3,22,18,8,2.0352869033813477,0.24210195243358612,1.7931849509477615,22,0.10249439626932144,0.10249439626932144,2.9282619953155518,-1,,,
3,219,34719,3,22,18,8,2.069838523864746,0.24556581676006317,1.824272707104683,22,0.10979010909795761,0.10979010909795761,2.912966012954712,-1,,,
3,220,34720,3,22,18,8,2.0961239337921143,0.24181155860424042,1.8543123751878738,22,0.11450166255235672,0.11450166255235672,2.9041433334350586,-1,,,
3,221,34721,3,22,18,8,2.1126091480255127,0.2871565818786621,1.8254525661468506,22,0.10107787698507309,0.10107787698507309,2.936357259750366,-1,,,
3,222,34722,3,22,18,8,2.1310715675354004,0.31643491983413696,1.8146366477012634,22,0.10160268843173981,0.10160268843173981,2.938671588897705,-1,,,
3,223,34723,3,22,18,8,2.1349849700927734,0.3329414427280426,1.8020435273647308,22,0.1105816587805748,0.1105816587805748,2.914905071258545,-1,,,
3,224,34724,3,22,18,1,2.143496036529541,0.3213350176811218,1.8221610188484192,22,0.09982610493898392,0.09982610493898392,2.941127061843872,-1,,,
3,225,34725,3,22,18,12,2.1406331062316895,0.2914976179599762,1.8491354882717133,22,0.12512677907943726,0.12512677907943726,2.902635335922241,-1,,,
3,226,34726,3,22,18,12,2.136279821395874,0.32099464535713196,1.815285176038742,22,0.12350909411907196,0.12350909411907196,2.901238203048706,-1,,,
3,227,34727,3,22,18,12,2.1429247856140137,0.3220283091068268,1.820896476507187,22,0.10214647650718689,0.10214647650718689,2.935999631881714,-1,,,
3,228,34728,3,22,18,12,2.1528661251068115,0.32224005460739136,1.8306260704994202,22,0.09650187194347382,0.09650187194347382,2.950252056121826,-1,,,
3,229,34729,3,22,18,14,2.150221586227417,0.34396204352378845,1.8062595427036285,22,0.09654354304075241,0.09654354304075241,2.9500622749328613,-1,,,
3,230,34730,3,22,18,8,2.161729097366333,0.3075278103351593,1.8542012870311737,22,0.09553214907646179,0.09553214907646179,2.9530365467071533,-1,,,
3,231,34731,3,22,18,12,2.1746907234191895,0.3239116966724396,1.8507790267467499,22,0.09984950721263885,0.09984950721263885,2.946349859237671,-1,,,
3,232,34732,3,22,18,12,2.1768999099731445,0.3240725100040436,1.852827399969101,22,0.09647128731012344,0.09647128731012344,2.9532454013824463,-1,,,
3,233,34733,3,22,18,12,2.1774730682373047,0.3111226558685303,1.8663504123687744,22,0.09599817544221878,0.09599817544221878,2.9533755779266357,-1,,,
3,234,34734,3,22,18,12,2.1944823265075684,0.2998853325843811,1.8945969939231873,22,0.0967998132109642,0.0967998132109642,2.9505443572998047,-1,,,
3,235,34735,3,22,18,12,2.1957130432128906,0.30420684814453125,1.8915061950683594,22,0.09550603479146957,0.09550603479146957,2.9512903690338135,-1,,,
3,236,34736,3,22,18,12,2.201078414916992,0.3149662911891937,1.8861121237277985,22,0.11136984825134277,0.11136984825134277,2.9048752784729004,-1,,,
3,237,34737,3,22,18,12,2.2115275859832764,0.2757871747016907,1.9357404112815857,22,0.12206842005252838,0.12206842005252838,2.885586738586426,-1,,,
3,238,34738,3,22,18,12,2.214383840560913,0.2920597195625305,1.9223241209983826,22,0.12074659764766693,0.12074659764766693,2.8928098678588867,-1,,,
3,239,34739,3,22,18,12,2.05120587348938,0.2928389608860016,1.7583669126033783,22,0.12288704514503479,0.12288704514503479,2.8934731483459473,-1,,,
3,240,34740,3,22,18,12,1.8821094036102295,0.3110532760620117,1.5710561275482178,22,0.1293153017759323,0.1293153017759323,2.882556200027466,-1,,,
3,241,34741,3,22,18,12,1.7157456874847412,0.32750192284584045,1.3882437646389008,22,0.12520913779735565,0.12520913779735565,2.8914504051208496,-1,,,
3,242,34742,3,22,18,12,1.5371990203857422,0.30703258514404297,1.2301664352416992,22,0.13970109820365906,0.13970109820365906,2.883345365524292,-1,,,
3,243,34743,3,22,18,1,1.362227201461792,0.29956191778182983,1.0626652836799622,22,0.13587786257266998,0.13587786257266998,2.8948333263397217,-1,,,
3,244,34744,3,22,18,3,1.1911333799362183,0.27970391511917114,0.9114294648170471,22,0.13336102664470673,0.13336102664470673,2.9042820930480957,-1,,,
3,245,34745,3,22,18,3,1.019713044166565,0.2470083087682724,0.7727047353982925,22,0.13256634771823883,0.13256634771823883,2.9124815464019775,-1,,,
3,246,34746,0,22,18,3,0.8398167490959167,0.22785602509975433,0.6119607239961624,22,0.13061104714870453,0.13061104714870453,2.91860294342041,-1,,,
3,247,34747,0,22,18,3,0.8375842571258545,0.22580397129058838,0.6117802858352661,21,0.1310119777917862,0.1310119777917862,2.9223804473876953,-1,,,
3,248,34748,0,22,18,3,0.8357385396957397,0.22240562736988068,0.6133329123258591,22,0.13243697583675385,0.13243697583675385,2.9131128787994385,-1,,,
3,249,34749,0,22,18,3,0.8380418419837952,0.23637400567531586,0.6016678363084793,22,0.13047733902931213,0.13047733902931213,2.918215036392212,-1,,,
3,250,34750,0,22,18,3,0.8352758884429932,0.2380494624376297,0.5972264260053635,22,0.13177841901779175,0.13177841901779175,2.920154571533203,-1,,,
3,251,34751,0,22,18,3,0.7532982230186462,0.22767974436283112,0.5256184786558151,22,0.13709840178489685,0.13709840178489685,2.9030768871307373,-1,,,
3,252,34752,0,22,18,5,0.7072693109512329,0.26854726672172546,0.43872204422950745,22,0.12077466398477554,0.12077466398477554,2.9426372051239014,-1,,,
3,253,34753,0,22,18,3,0.6586283445358276,0.29277536273002625,0.3658529818058014,22,0.11315435916185379,0.11315435916185379,2.9578309059143066,-1,,,
3,254,34754,0,22,18,3,0.6114790439605713,0.313655823469162,0.2978232204914093,22,0.11154814809560776,0.11154814809560776,2.9707727432250977,-1,,,
3,255,34755,0,22,18,3,0.5636651515960693,0.36374303698539734,0.199922114610672,20,0.12052683532238007,0.12052683532238007,2.9419748783111572,-1,,,
3,256,34756,0,22,18,3,0.523798406124115,0.39088311791419983,0.13291528820991516,15,0.1413855105638504,0.1413855105638504,2.890449285507202,-1,,,
3,257,34757,0,22,18,3,0.46968570351600647,0.4048786163330078,0.06480708718299866,12,0.140785351395607,0.140785351395607,2.8915717601776123,-1,,,
3,258,34758,2,22,18,11,0.4229169487953186,0.38947924971580505,0.03343769907951355,8,0.1492433100938797,0.1492433100938797,2.8670597076416016,-1,,,
3,259,34759,2,22,18,13,0.4528941214084625,0.42264440655708313,0.030249714851379395,10,0.11770718544721603,0.11770718544721603,2.9470114707946777,-1,,,
3,260,34760,2,22,18,3,0.45585012435913086,0.372199684381485,0.08365043997764587,19,0.11089853197336197,0.11089853197336197,2.971712589263916,-1,,,
3,261,34761,2,22,18,1,0.4382948577404022,0.3215305805206299,0.11676427721977234,20,0.1107901930809021,0.1107901930809021,2.970564603805542,-1,,,
3,262,34762,2,22,18,3,0.41601523756980896,0.2823648452758789,0.13365039229393005,20,0.14963331818580627,0.14963331818580627,2.8555824756622314,-1,,,
3,263,34763,2,22,18,3,0.3858201503753662,0.2332419753074646,0.1525781750679016,21,0.13282185792922974,0.13282185792922974,2.9138071537017822,-1,,,
3,264,34764,2,22,18,3,0.3517974317073822,0.20588912069797516,0.14590831100940704,21,0.11900293081998825,0.11900293081998825,2.947711706161499,-1,,,
3,265,34765,2,22,18,3,0.3087334632873535,0.17383404076099396,0.13489942252635956,21,0.14868104457855225,0.14868104457855225,2.8706350326538086,-1,,,
3,266,34766,2,22,18,6,0.26776278018951416,0.16870829463005066,0.0990544855594635,17,0.14772553741931915,0.14772553741931915,2.875046491622925,-1,,,
3,267,34767,2,22,18,3,0.23055876791477203,0.13744603097438812,0.09311273694038391,16,0.13554130494594574,0.13554130494594574,2.9052414894104004,-1,,,
3,268,34768,2,22,18,17,0.1887340545654297,0.1841052919626236,0.004628762602806091,2,0.12807990610599518,0.12807990610599518,2.929272174835205,-1,,,
3,269,34769,2,22,18,3,0.16473980247974396,0.13336801528930664,0.03137178719043732,10,0.13846424221992493,0.13846424221992493,2.9037489891052246,-1,,,
3,270,34770,2,22,18,3,0.1448144167661667,0.12292976677417755,0.021884649991989136,5,0.10408975929021835,0.10408975929021835,2.985948085784912,-1,,,
3,271,34771,2,22,18,3,0.13004043698310852,0.11767397820949554,0.012366458773612976,6,0.09778586030006409,0.09778586030006409,2.997361421585083,-1,,,
3,272,34772,2,22,18,21,0.12168645858764648,0.11400902271270752,0.007677435874938965,6,0.12845824658870697,0.12845824658870697,2.9277896881103516,-1,,,
3,273,34773,2,22,18,3,0.1276170015335083,0.10753688961267471,0.020080111920833588,6,0.11097968369722366,0.11097968369722366,2.962212085723877,-1,,,
3,274,34774,2,22,18,3,0.13385622203350067,0.10568531602621078,0.028170906007289886,11,0.09857967495918274,0.09857967495918274,2.9949049949645996,-1,,,
3,275,34775,2,22,18,3,0.13615034520626068,0.1009078100323677,0.035242535173892975,13,0.10021321475505829,0.10021321475505829,2.9911999702453613,-1,,,
3,276,34776,2,22,18,7,0.1371849924325943,0.09513808786869049,0.04204690456390381,13,0.09916487336158752,0.09916487336158752,2.9925971031188965,-1,,,
3,277,34777,2,22,18,21,0.14263416826725006,0.08717375248670578,0.05546041578054428,15,0.0993783175945282,0.0993783175945282,2.992485284805298,-1,,,
3,278,34778,2,22,18,12,0.14592915773391724,0.08984602242708206,0.056083135306835175,15,0.10401338338851929,0.10401338338851929,2.9830167293548584,-1,,,
3,279,34779,2,22,18,12,0.15796853601932526,0.0938342735171318,0.06413426250219345,16,0.10530421882867813,0.10530421882867813,2.9804959297180176,-1,,,
3,280,34780,2,22,18,7,0.15856027603149414,0.09135357290506363,0.06720670312643051,18,0.11959924548864365,0.11959924548864365,2.942073345184326,-1,,,
3,281,34781,2,22,18,6,0.15701834857463837,0.0985310971736908,0.05848725140094757,18,0.11356242001056671,0.11356242001056671,2.956362009048462,-1,,,
3,282,34782,2,22,18,4,0.1558479517698288,0.09750832617282867,0.05833962559700012,17,0.13123400509357452,0.13123400509357452,2.913062572479248,-1,,,
3,283,34783,2,22,18,17,0.1572134792804718,0.10119065642356873,0.056022822856903076,17,0.13507145643234253,0.13507145643234253,2.9034810066223145,-1,,,
3,284,34784,2,22,18,7,0.1530262976884842,0.09475856274366379,0.058267734944820404,16,0.10879360139369965,0.10879360139369965,2.975834369659424,-1,,,
3,285,34785,2,22,18,7,0.1457214504480362,0.09391704946756363,0.051804400980472565,14,0.09960851818323135,0.09960851818323135,2.9937689304351807,-1,,,
3,286,34786,2,22,18,7,0.142661452293396,0.09930609166622162,0.04335536062717438,14,0.154433473944664,0.154433473944664,2.845993995666504,-1,,,
3,287,34787,2,22,18,6,0.20348522067070007,0.12210449576377869,0.08138072490692139,17,0.15911765396595,0.15911765396595,2.8408989906311035,-1,,,
3,288,34788,2,22,18,4,0.27269649505615234,0.13735461235046387,0.13534188270568848,18,0.14967525005340576,0.14967525005340576,2.855494737625122,-1,,,
3,289,34789,2,22,18,6,0.3458298146724701,0.15181882679462433,0.19401098787784576,18,0.14557617902755737,0.14557617902755737,2.8722352981567383,-1,,,
3,290,34790,2,22,18,6,0.42253604531288147,0.17039231956005096,0.2521437257528305,19,0.14664976298809052,0.14664976298809052,2.8783414363861084,-1,,,
3,291,34791,2,22,18,3,0.5001635551452637,0.17720484733581543,0.32295870780944824,21,0.13799859583377838,0.13799859583377838,2.897970199584961,-1,,,
3,292,34792,2,22,18,3,0.5831753015518188,0.17718848586082458,0.40598681569099426,21,0.13709020614624023,0.13709020614624023,2.905038595199585,-1,,,
3,293,34793,2,22,18,3,0.6778228282928467,0.1789349764585495,0.4988878518342972,22,0.13158735632896423,0.13158735632896423,2.917635679244995,-1,,,
3,294,34794,0,22,18,3,0.7661872506141663,0.19886445999145508,0.5673227906227112,22,0.1305272877216339,0.1305272877216339,2.9171698093414307,-1,,,
3,295,34795,0,22,18,1,0.7808323502540588,0.20105651021003723,0.5797758400440216,22,0.12889301776885986,0.12889301776885986,2.9242446422576904,-1,,,
3,296,34796,0,22,18,3,0.7959104180335999,0.19395753741264343,0.6019528806209564,22,0.13087338209152222,0.13087338209152222,2.9188232421875,-1,,,
3,297,34797,0,22,18,3,0.8023097515106201,0.19700375199317932,0.6053059995174408,22,0.13101284205913544,0.13101284205913544,2.9168200492858887,-1,,,
3,298,34798,0,22,18,3,0.8131717443466187,0.2018488645553589,0.6113228797912598,22,0.13345973193645477,0.13345973193645477,2.9150259494781494,-1,,,
3,299,34799,0,22,18,5,0.817547082901001,0.21277089416980743,0.6047761887311935,22,0.13215231895446777,0.13215231895446777,2.9105067253112793,-1,,,
3,300,34800,0,22,18,3,0.8257217407226562,0.2124502807855606,0.6132714599370956,21,0.13308246433734894,0.13308246433734894,2.906611680984497,-1,,,
3,301,34801,0,22,18,3,0.8261059522628784,0.22472764551639557,0.6013783067464828,20,0.13553963601589203,0.13553963601589203,2.911879062652588,-1,,,
3,302,34802,0,22,18,3,0.746318519115448,0.20531213283538818,0.5410063862800598,22,0.13835275173187256,0.13835275173187256,2.9048025608062744,-1,,,
3,303,34803,0,22,18,5,0.6660935878753662,0.19330017268657684,0.47279341518878937,22,0.14451341331005096,0.14451341331005096,2.880955219268799,-1,,,
3,304,34804,0,22,18,1,0.5888763666152954,0.1717979460954666,0.4170784205198288,22,0.14401467144489288,0.14401467144489288,2.8880465030670166,-1,,,
3,305,34805,0,22,18,3,0.515713095664978,0.16366830468177795,0.3520447909832001,22,0.14403599500656128,0.14403599500656128,2.864297389984131,-1,,,
3,306,34806,0,22,18,3,0.4336836338043213,0.13639472424983978,0.2972889095544815,22,0.14883758127689362,0.14883758127689362,2.8719167709350586,-1,,,
3,307,34807,0,22,18,3,0.35574159026145935,0.12740738689899445,0.2283342033624649,22,0.13201089203357697,0.13201089203357697,2.919172525405884,-1,,,
3,308,34808,0,22,18,3,0.2735174298286438,0.11643441766500473,0.15708301216363907,22,0.13930374383926392,0.13930374383926392,2.8967881202697754,-1,,,
3,309,34809,1,22,18,7,0.18718066811561584,0.0924188569188118,0.09476181119680405,21,0.14812630414962769,0.14812630414962769,2.864732027053833,-1,,,
3,310,34810,1,22,18,11,0.18705244362354279,0.09274870902299881,0.09430373460054398,21,0.1306719332933426,0.1306719332933426,2.923896551132202,-1,,,
3,311,34811,1,22,18,7,0.18825842440128326,0.08870962262153625,0.09954880177974701,21,0.14979593455791473,0.14979593455791473,2.868276834487915,-1,,,
3,312,34812,1,22,18,11,0.18771471083164215,0.09049594402313232,0.09721876680850983,20,0.13847234845161438,0.13847234845161438,2.903022050857544,-1,,,
3,313,34813,1,22,18,11,0.18210197985172272,0.09136209636926651,0.09073988348245621,19,0.12407186627388,0.12407186627388,2.9419264793395996,-1,,,
3,314,34814,1,22,18,11,0.18127888441085815,0.08605454862117767,0.09522433578968048,20,0.11389410495758057,0.11389410495758057,2.9698493480682373,-1,,,
3,315,34815,1,22,18,11,0.1760561466217041,0.09430206567049026,0.08175408095121384,20,0.11485633999109268,0.11485633999109268,2.9677231311798096,-1,,,
3,316,34816,1,22,18,11,0.17471417784690857,0.08276201039552689,0.09195216745138168,20,0.11077489703893661,0.11077489703893661,2.9770073890686035,-1,,,
3,317,34817,1,22,18,11,0.17367234826087952,0.08609490841627121,0.0875774398446083,20,0.11284837126731873,0.11284837126731873,2.9725914001464844,-1,,,
3,318,34818,1,22,18,11,0.16980785131454468,0.08798649162054062,0.08182135969400406,20,0.11364880949258804,0.11364880949258804,2.970494031906128,-1,,,
3,319,34819,1,22,18,11,0.16698908805847168,0.08420827239751816,0.08278081566095352,19,0.12224314361810684,0.12224314361810684,2.9454383850097656,-1,,,
3,320,34820,1,22,18,11,0.16439852118492126,0.09057030826807022,0.07382821291685104,20,0.104509636759758,0.104509636759758,2.981861114501953,-1,,,
3,321,34821,1,22,18,11,0.1643362045288086,0.09119860827922821,0.07313759624958038,20,0.1074855774641037,0.1074855774641037,2.974651575088501,-1,,,
3,322,34822,1,22,18,11,0.16407202184200287,0.0919460877776146,0.07212593406438828,19,0.1072024405002594,0.1072024405002594,2.971473217010498,-1,,,
3,323,34823,1,22,18,11,0.16548766195774078,0.09568635374307632,0.06980130821466446,19,0.10713037103414536,0.10713037103414536,2.9781301021575928,-1,,,
3,324,34824,1,22,18,11,0.16498997807502747,0.09541131556034088,0.06957866251468658,18,0.10440909117460251,0.10440909117460251,2.989384651184082,-1,,,
3,325,34825,1,22,18,7,0.16389626264572144,0.0881628766655922,0.07573338598012924,20,0.11472465097904205,0.11472465097904205,2.9669036865234375,-1,,,
3,326,34826,1,22,18,11,0.16430026292800903,0.08720661699771881,0.07709364593029022,20,0.117047980427742,0.117047980427742,2.961568593978882,-1,,,
3,327,34827,1,22,18,11,0.16319631040096283,0.0850830078125,0.07811330258846283,20,0.11874504387378693,0.11874504387378693,2.957242250442505,-1,,,
3,328,34828,1,22,18,11,0.16101959347724915,0.08473995327949524,0.0762796401977539,19,0.12165006250143051,0.12165006250143051,2.949906826019287,-1,,,
3,329,34829,1,22,18,11,0.16159062087535858,0.08848311752080917,0.07310750335454941,19,0.11590968072414398,0.11590968072414398,2.9622955322265625,-1,,,
3,330,34830,1,22,18,11,0.15893547236919403,0.09574995189905167,0.06318552047014236,18,0.10594788938760757,0.10594788938760757,2.983323097229004,-1,,,
3,331,34831,1,22,18,11,0.15868934988975525,0.09272301197052002,0.06596633791923523,20,0.10485868901014328,0.10485868901014328,2.9867453575134277,-1,,,
3,332,34832,1,22,18,11,0.15597042441368103,0.08954048901796341,0.06642993539571762,20,0.10456012934446335,0.10456012934446335,2.9868648052215576,-1,,,
3,333,34833,1,22,18,11,0.15713997185230255,0.08686660975217819,0.07027336210012436,20,0.1070006936788559,0.1070006936788559,2.982409954071045,-1,,,
3,334,34834,1,22,18,21,0.15617893636226654,0.09168189764022827,0.06449703872203827,19,0.10831949859857559,0.10831949859857559,2.980111598968506,-1,,,
3,335,34835,1,22,18,21,0.15654416382312775,0.08196929842233658,0.07457486540079117,20,0.10839052498340607,0.10839052498340607,2.9796953201293945,-1,,,
3,336,34836,1,22,18,21,0.1571115404367447,0.07794463634490967,0.07916690409183502,20,0.10761713236570358,0.10761713236570358,2.98211669921875,-1,,,
3,337,34837,1,22,18,11,0.15643151104450226,0.0940595492720604,0.062371961772441864,18,0.10266643017530441,0.10266643017530441,2.9922351837158203,-1,,,
3,338,34838,1,22,18,11,0.15944533050060272,0.09509363770484924,0.06435169279575348,18,0.10300204157829285,0.10300204157829285,2.9898340702056885,-1,,,
3,339,34839,1,22,18,11,0.15916980803012848,0.09288627654314041,0.06628353148698807,19,0.10448571294546127,0.10448571294546127,2.9832096099853516,-1,,,
3,340,34840,1,22,18,11,0.16001126170158386,0.09436794370412827,0.0656433179974556,20,0.10475939512252808,0.10475939512252808,2.980243682861328,-1,,,
3,341,34841,1,22,18,11,0.15997931361198425,0.08915882557630539,0.07082048803567886,20,0.10466117411851883,0.10466117411851883,2.9820070266723633,-1,,,
3,342,34842,1,22,18,11,0.16449511051177979,0.08769427984952927,0.07680083066225052,20,0.10569611936807632,0.10569611936807632,2.979534149169922,-1,,,
3,343,34843,1,22,18,11,0.16557246446609497,0.09441383183002472,0.07115863263607025,20,0.10580568015575409,0.10580568015575409,2.9799492359161377,-1,,,
3,344,34844,1,22,18,11,0.16817522048950195,0.09485717117786407,0.07331804931163788,20,0.11525189131498337,0.11525189131498337,2.9593710899353027,-1,,,
3,345,34845,1,22,18,21,0.16702629625797272,0.08899955451488495,0.07802674174308777,20,0.13095708191394806,0.13095708191394806,2.9248464107513428,-1,,,
3,346,34846,1,22,18,11,0.1677117794752121,0.09541689604520798,0.07229488343000412,19,0.13206321001052856,0.13206321001052856,2.9160683155059814,-1,,,
3,347,34847,1,22,18,7,0.2530623972415924,0.13673976063728333,0.11632263660430908,22,0.13019013404846191,0.13019013404846191,2.9230661392211914,-1,,,
3,348,34848,1,22,18,3,0.3454044759273529,0.16473303735256195,0.18067143857479095,22,0.13517607748508453,0.13517607748508453,2.9065537452697754,-1,,,
3,349,34849,1,22,18,3,0.42826518416404724,0.18181127309799194,0.2464539110660553,22,0.13563786447048187,0.13563786447048187,2.9054348468780518,-1,,,
3,350,34850,1,22,18,3,0.5093348026275635,0.19399167597293854,0.31534312665462494,22,0.13821034133434296,0.13821034133434296,2.899603843688965,-1,,,
3,351,34851,1,22,18,3,0.5898119807243347,0.20295631885528564,0.3868556618690491,22,0.14061111211776733,0.14061111211776733,2.885493040084839,-1,,,
3,352,34852,1,22,18,3,0.6797304153442383,0.20795071125030518,0.4717797040939331,22,0.14218401908874512,0.14218401908874512,2.8742733001708984,-1,,,
3,353,34853,1,22,18,3,0.763228714466095,0.21341584622859955,0.5498128682374954,22,0.14448221027851105,0.14448221027851105,2.8642690181732178,-1,,,
3,354,34854,0,22,18,3,0.8543952107429504,0.22098520398139954,0.6334100067615509,22,0.14484454691410065,0.14484454691410065,2.8644533157348633,-1,,,
3,355,34855,0,22,18,3,0.8500896692276001,0.222459614276886,0.6276300549507141,22,0.14658212661743164,0.14658212661743164,2.8501052856445312,-1,,,
3,356,34856,0,22,18,3,0.8514713644981384,0.2321634143590927,0.6193079501390457,22,0.14514455199241638,0.14514455199241638,2.8633577823638916,-1,,,
3,357,34857,0,22,18,3,0.8534016609191895,0.23172162473201752,0.6216800361871719,22,0.14407630264759064,0.14407630264759064,2.862731695175171,-1,,,
3,358,34858,0,22,18,3,0.8618342876434326,0.24097779393196106,0.6208564937114716,22,0.14406083524227142,0.14406083524227142,2.857295036315918,-1,,,
3,359,34859,0,22,18,1,1.0504217147827148,0.2615838348865509,0.7888378798961639,22,0.12203500419855118,0.12203500419855118,2.877634286880493,-1,,,
3,360,34860,0,22,18,1,1.245368480682373,0.2702513039112091,0.9751171767711639,22,0.1211019903421402,0.1211019903421402,2.8832905292510986,-1,,,
3,361,34861,0,22,18,5,1.434544324874878,0.2921675741672516,1.1423767507076263,22,0.11403585225343704,0.11403585225343704,2.8967630863189697,-1,,,
3,362,34862,0,22,18,12,1.6166062355041504,0.3108673691749573,1.3057388663291931,22,0.1294490247964859,0.1294490247964859,2.880282402038574,-1,,,
3,363,34863,0,22,18,12,1.7862780094146729,0.31084102392196655,1.4754369854927063,22,0.13595397770404816,0.13595397770404816,2.8856992721557617,-1,,,
3,364,34864,0,22,18,12,1.9616529941558838,0.3204360604286194,1.6412169337272644,22,0.1177944615483284,0.1177944615483284,2.898981809616089,-1,,,
3,365,34865,0,22,18,12,2.1467161178588867,0.361915647983551,1.7848004698753357,22,0.11290796101093292,0.11290796101093292,2.9092140197753906,-1,,,
3,366,34866,3,22,18,12,2.3225486278533936,0.42563000321388245,1.896918624639511,21,0.102804034948349,0.102804034948349,2.9370906352996826,-1,,,
3,367,34867,3,22,18,14,2.331404685974121,0.4576455056667328,1.8737591803073883,22,0.10585122555494308,0.10585122555494308,2.923917531967163,-1,,,
3,368,34868,3,22,18,8,2.311079978942871,0.4275839924812317,1.8834959864616394,22,0.12427274137735367,0.12427274137735367,2.901810884475708,-1,,,
3,369,34869,3,22,18,12,2.3136744499206543,0.40569084882736206,1.9079836010932922,22,0.1123473271727562,0.1123473271727562,2.9204180240631104,-1,,,
3,370,34870,3,22,18,8,2.3120028972625732,0.40390825271606445,1.9080946445465088,22,0.10963096469640732,0.10963096469640732,2.920985221862793,-1,,,
3,371,34871,3,22,18,10,2.3299853801727295,0.40333235263824463,1.9266530275344849,22,0.11630348861217499,0.11630348861217499,2.9123153686523438,-1,,,
3,372,34872,3,22,18,10,2.3227672576904297,0.40735024213790894,1.9154170155525208,22,0.11753939837217331,0.11753939837217331,2.907733201980591,-1,,,
3,373,34873,3,22,18,8,2.330594062805176,0.39401987195014954,1.9365741908550262,22,0.1151750236749649,0.1151750236749649,2.9078927040100098,-1,,,
3,374,34874,3,22,18,10,2.3356003761291504,0.38070327043533325,1.9548971056938171,22,0.13271242380142212,0.13271242380142212,2.8790974617004395,-1,,,
3,375,34875,3,22,18,10,2.3358473777770996,0.3823997378349304,1.9534476399421692,21,0.13248443603515625,0.13248443603515625,2.881294012069702,-1,,,
3,376,34876,3,22,18,10,2.3363258838653564,0.3830362558364868,1.9532896280288696,22,0.11791689693927765,0.11791689693927765,2.8962295055389404,-1,,,
3,377,34877,3,22,18,10,2.3339266777038574,0.3866181969642639,1.9473084807395935,22,0.1410209983587265,0.1410209983587265,2.8614614009857178,-1,,,
3,378,34878,3,22,18,10,2.3302931785583496,0.39412373304367065,1.936169445514679,22,0.13901378214359283,0.13901378214359283,2.8584609031677246,-1,,,
3,379,34879,3,22,18,10,2.3339717388153076,0.44531941413879395,1.8886523246765137,22,0.1146283894777298,0.1146283894777298,2.8961832523345947,-1,,,
3,380,34880,3,22,18,12,2.353823184967041,0.5023603439331055,1.8514628410339355,22,0.14602218568325043,0.14602218568325043,2.848860502243042,-1,,,
3,381,34881,3,22,18,12,2.341675043106079,0.5401448011398315,1.8015302419662476,22,0.14512990415096283,0.14512990415096283,2.8518497943878174,-1,,,
3,382,34882,3,22,18,8,2.336582660675049,0.6266284584999084,1.7099542021751404,20,0.1409192681312561,0.1409192681312561,2.8637654781341553,-1,,,
3,383,34883,3,22,18,1,2.2888875007629395,0.6874237656593323,1.6014637351036072,22,0.14348949491977692,0.14348949491977692,2.8685834407806396,-1,,,
4,0,34884,3,22,6,8,0.545578122138977,0.41433313488960266,0.1312449872493744,10,0.0754646435379982,0.0754646435379982,3.0447309017181396,-1,,,
4,1,34885,3,1,6,6,0.471530944108963,0.471530944108963,0.0,1,1.0,1.0,-0.0,-1,,,
4,2,34886,3,1,6,6,0.40305861830711365,0.40305861830711365,0.0,1,1.0,1.0,-0.0,-1,,,
4,3,34887,3,1,6,6,0.341158002614975,0.341158002614975,0.0,1,1.0,1.0,-0.0,-1,,,
4,4,34888,0,1,6,6,0.2727526128292084,0.2727526128292084,0.0,1,1.0,1.0,-0.0,-1,,,
4,5,34889,0,1,6,6,0.26980265974998474,0.26980265974998474,0.0,1,1.0,1.0,-0.0,-1,,,
4,6,34890,0,22,6,3,0.2642415165901184,0.22829097509384155,0.035950541496276855,4,0.12311270087957382,0.12311270087957382,2.83480167388916,-1,,,
4,7,34891,0,22,6,1,0.26836374402046204,0.20368874073028564,0.06467500329017639,13,0.12300940603017807,0.12300940603017807,2.83955717086792,-1,,,
4,8,34892,0,22,6,3,0.26773643493652344,0.22481806576251984,0.0429183691740036,10,0.12440010905265808,0.12440010905265808,2.820892095565796,-1,,,
4,9,34893,0,22,6,3,0.24089562892913818,0.19313272833824158,0.047762900590896606,11,0.11771625280380249,0.11771625280380249,2.8519983291625977,-1,,,
4,10,34894,0,22,18,3,0.21870166063308716,0.16964037716388702,0.049061283469200134,12,0.11555694788694382,0.11555694788694382,2.915286064147949,-1,,,
4,11,34895,0,1,18,18,0.19416235387325287,0.19416235387325287,0.0,1,1.0,1.0,-0.0,-1,,,
4,12,34896,0,1,18,18,0.16371320188045502,0.16371320188045502,0.0,1,1.0,1.0,-0.0,-1,,,
4,13,34897,0,1,18,18,0.13724851608276367,0.13724851608276367,0.0,1,1.0,1.0,-0.0,-1,,,
4,14,34898,0,1,18,18,0.11417153477668762,0.11417153477668762,0.0,1,1.0,1.0,-0.0,-1,,,
4,15,34899,0,1,18,18,0.09215513616800308,0.09215513616800308,0.0,1,1.0,1.0,-0.0,-1,,,
4,16,34900,2,22,18,6,0.07474857568740845,0.06939852982759476,0.00535004585981369,5,0.12212329357862473,0.12212329357862473,2.9431631565093994,-1,,,
4,17,34901,2,22,18,6,0.08075199276208878,0.07063723355531693,0.01011475920677185,6,0.1793026626110077,0.1793026626110077,2.73138427734375,-1,,,
4,18,34902,2,22,18,19,0.085654117166996,0.07772976160049438,0.007924355566501617,4,0.15151312947273254,0.15151312947273254,2.8550808429718018,-1,,,
4,19,34903,2,22,18,19,0.09016890078783035,0.07249308377504349,0.017675817012786865,2,0.12008241564035416,0.12008241564035416,2.9485530853271484,-1,,,
4,20,34904,2,22,18,19,0.09363386034965515,0.06965696811676025,0.023976892232894897,8,0.11080805957317352,0.11080805957317352,2.9696226119995117,-1,,,
4,21,34905,2,22,18,19,0.09968305379152298,0.07089585065841675,0.02878720313310623,9,0.11091840267181396,0.11091840267181396,2.9693427085876465,-1,,,
4,22,34906,2,22,18,19,0.1025921031832695,0.09083344787359238,0.011758655309677124,3,0.10939867049455643,0.10939867049455643,2.97224760055542,-1,,,
4,23,34907,2,22,18,19,0.10658492892980576,0.08384770900011063,0.02273721992969513,8,0.11058730632066727,0.11058730632066727,2.96972918510437,-1,,,
4,24,34908,2,22,18,19,0.10959282517433167,0.08679382503032684,0.022799000144004822,5,0.1090778112411499,0.1090778112411499,2.972888946533203,-1,,,
4,25,34909,2,22,18,19,0.11176527291536331,0.08407147973775864,0.027693793177604675,5,0.10853412747383118,0.10853412747383118,2.973700523376465,-1,,,
4,26,34910,2,22,18,17,0.11309000849723816,0.09037070721387863,0.022719301283359528,5,0.10844261199235916,0.10844261199235916,2.9739646911621094,-1,,,
4,27,34911,2,22,18,19,0.11207737028598785,0.09832897782325745,0.013748392462730408,6,0.10853273421525955,0.10853273421525955,2.9736478328704834,-1,,,
4,28,34912,2,22,18,10,0.1117158904671669,0.09987257421016693,0.01184331625699997,5,0.1084052249789238,0.1084052249789238,2.9731955528259277,-1,,,
4,29,34913,2,22,18,10,0.11278314143419266,0.08379094302654266,0.028992198407649994,6,0.10829848051071167,0.10829848051071167,2.9737939834594727,-1,,,
4,30,34914,2,22,18,10,0.11729346215724945,0.10025004297494888,0.017043419182300568,6,0.1085733026266098,0.1085733026266098,2.9726762771606445,-1,,,
4,31,34915,2,22,18,9,0.11704308539628983,0.10232476890087128,0.014718316495418549,7,0.15922202169895172,0.15922202169895172,2.8336751461029053,-1,,,
4,32,34916,2,22,18,17,0.13018597662448883,0.12210872024297714,0.008077256381511688,2,0.15810784697532654,0.15810784697532654,2.834714651107788,-1,,,
4,33,34917,2,22,18,18,0.1394951343536377,0.1394951343536377,0.0,1,0.15728037059307098,0.15728037059307098,2.839153528213501,-1,,,
4,34,34918,2,22,18,18,0.1544339954853058,0.1544339954853058,0.0,1,0.15868696570396423,0.15868696570396423,2.8344902992248535,-1,,,
4,35,34919,2,22,18,18,0.1700541079044342,0.1700541079044342,0.0,1,0.15758831799030304,0.15758831799030304,2.836857557296753,-1,,,
4,36,34920,2,22,18,18,0.1841127574443817,0.1841127574443817,0.0,1,0.15948596596717834,0.15948596596717834,2.8286266326904297,-1,,,
4,37,34921,2,22,18,18,0.19959039986133575,0.19959039986133575,0.0,1,0.16830769181251526,0.16830769181251526,2.7643826007843018,-1,,,
4,38,34922,2,22,18,18,0.21326591074466705,0.21326591074466705,0.0,1,0.16922517120838165,0.16922517120838165,2.759770154953003,-1,,,
4,39,34923,0,22,18,3,0.2273506075143814,0.2196529656648636,0.007697641849517822,2,0.17240406572818756,0.17240406572818756,2.749521493911743,-1,,,
4,40,34924,0,22,18,3,0.22725027799606323,0.22322840988636017,0.004021868109703064,3,0.1727581024169922,0.1727581024169922,2.7405662536621094,-1,,,
4,41,34925,0,22,18,1,0.23184630274772644,0.2256447672843933,0.00620153546333313,7,0.17263901233673096,0.17263901233673096,2.7372641563415527,-1,,,
4,42,34926,0,22,18,3,0.23133209347724915,0.22588615119457245,0.005445942282676697,2,0.17258955538272858,0.17258955538272858,2.727865219116211,-1,,,
4,43,34927,0,22,18,3,0.23047257959842682,0.21736913919448853,0.013103440403938293,2,0.1809137612581253,0.1809137612581253,2.726860523223877,-1,,,
4,44,34928,0,22,18,3,0.2109813392162323,0.20274700224399567,0.008234336972236633,3,0.1804284006357193,0.1804284006357193,2.743877649307251,-1,,,
4,45,34929,0,22,18,3,0.18809901177883148,0.18292248249053955,0.005176529288291931,2,0.17547892034053802,0.17547892034053802,2.719820022583008,-1,,,
4,46,34930,0,22,18,3,0.16583219170570374,0.16041581332683563,0.005416378378868103,3,0.17962594330310822,0.17962594330310822,2.7139360904693604,-1,,,
4,47,34931,0,22,18,6,0.1454981118440628,0.13588187098503113,0.009616240859031677,3,0.17844964563846588,0.17844964563846588,2.7383499145507812,-1,,,
4,48,34932,0,22,18,6,0.12622712552547455,0.11771257221698761,0.008514553308486938,4,0.17509672045707703,0.17509672045707703,2.735773801803589,-1,,,
4,49,34933,0,22,18,6,0.10492625832557678,0.09277015924453735,0.012156099081039429,3,0.15397551655769348,0.15397551655769348,2.8470005989074707,-1,,,
4,50,34934,0,22,18,6,0.08553951978683472,0.0773964375257492,0.00814308226108551,3,0.16419248282909393,0.16419248282909393,2.809936046600342,-1,,,
4,51,34935,1,22,18,6,0.06542595475912094,0.052834175527095795,0.012591779232025146,3,0.14053724706172943,0.14053724706172943,2.8905606269836426,-1,,,
4,52,34936,1,22,18,6,0.0651870146393776,0.05276093631982803,0.01242607831954956,3,0.15975342690944672,0.15975342690944672,2.827897787094116,-1,,,
4,53,34937,1,22,18,6,0.06512276828289032,0.05508580431342125,0.01003696396946907,3,0.13280683755874634,0.13280683755874634,2.9142849445343018,-1,,,
4,54,34938,1,22,18,6,0.06470658630132675,0.055642783641815186,0.009063802659511566,3,0.13396011292934418,0.13396011292934418,2.912234306335449,-1,,,
4,55,34939,1,22,18,6,0.06516033411026001,0.05310691148042679,0.012053422629833221,3,0.1473873108625412,0.1473873108625412,2.871090888977051,-1,,,
4,56,34940,1,22,18,6,0.06581384688615799,0.05474444478750229,0.0110694020986557,3,0.14565210044384003,0.14565210044384003,2.8767268657684326,-1,,,
4,57,34941,1,22,18,6,0.06544020771980286,0.051687680184841156,0.0137525275349617,3,0.1234092116355896,0.1234092116355896,2.9407958984375,-1,,,
4,58,34942,1,22,18,6,0.06590829789638519,0.0509314090013504,0.01497688889503479,2,0.15625208616256714,0.15625208616256714,2.8404247760772705,-1,,,
4,59,34943,1,22,18,6,0.06657575070858002,0.05094970390200615,0.015626046806573868,4,0.13949772715568542,0.13949772715568542,2.8907642364501953,-1,,,
4,60,34944,1,22,18,6,0.06723625957965851,0.050344813615083694,0.016891445964574814,4,0.13744567334651947,0.13744567334651947,2.895904064178467,-1,,,
4,61,34945,1,22,18,6,0.06795355677604675,0.051836706697940826,0.016116850078105927,4,0.1667591780424118,0.1667591780424118,2.787774085998535,-1,,,
4,62,34946,1,22,18,6,0.0684594064950943,0.0526253804564476,0.015834026038646698,4,0.14860427379608154,0.14860427379608154,2.8622493743896484,-1,,,
4,63,34947,1,22,18,6,0.06846944242715836,0.05345713719725609,0.015012305229902267,4,0.12494917958974838,0.12494917958974838,2.934169292449951,-1,,,
4,64,34948,1,22,18,6,0.06830840557813644,0.05510345473885536,0.013204950839281082,4,0.13633303344249725,0.13633303344249725,2.9030306339263916,-1,,,
4,65,34949,1,22,18,6,0.06870570778846741,0.056362975388765335,0.012342732399702072,4,0.1391383707523346,0.1391383707523346,2.893167734146118,-1,,,
4,66,34950,1,22,18,6,0.06896510720252991,0.05760740488767624,0.011357702314853668,4,0.13349561393260956,0.13349561393260956,2.9102282524108887,-1,,,
4,67,34951,1,22,18,6,0.06922642141580582,0.05787729471921921,0.011349126696586609,5,0.16752488911151886,0.16752488911151886,2.7968690395355225,-1,,,
4,68,34952,1,22,18,6,0.06948545575141907,0.06040814891457558,0.00907730683684349,3,0.156903475522995,0.156903475522995,2.8370697498321533,-1,,,
4,69,34953,1,22,18,6,0.06894958764314651,0.06240322068333626,0.006546366959810257,5,0.14563335478305817,0.14563335478305817,2.86753249168396,-1,,,
4,70,34954,1,22,18,6,0.06889329105615616,0.06238606199622154,0.006507229059934616,4,0.13593032956123352,0.13593032956123352,2.8980460166931152,-1,,,
4,71,34955,1,22,18,6,0.06966372579336166,0.06523974984884262,0.004423975944519043,4,0.14357730746269226,0.14357730746269226,2.8751134872436523,-1,,,
4,72,34956,1,22,18,6,0.06993325054645538,0.06646959483623505,0.003463655710220337,4,0.14095906913280487,0.14095906913280487,2.8798699378967285,-1,,,
4,73,34957,1,22,18,6,0.07003683596849442,0.06699194014072418,0.003044895827770233,2,0.15347011387348175,0.15347011387348175,2.843216896057129,-1,,,
4,74,34958,1,22,18,6,0.07018081098794937,0.06947159767150879,0.0007092133164405823,2,0.15090961754322052,0.15090961754322052,2.8562097549438477,-1,,,
4,75,34959,1,22,18,6,0.07006938755512238,0.06995120644569397,0.00011818110942840576,2,0.15393997728824615,0.15393997728824615,2.8443212509155273,-1,,,
4,76,34960,1,22,18,6,0.07007729262113571,0.06937118619680405,0.000706106424331665,2,0.15908671915531158,0.15908671915531158,2.8100781440734863,-1,,,
4,77,34961,1,22,18,19,0.07084251195192337,0.06665287166833878,0.004189640283584595,3,0.16045615077018738,0.16045615077018738,2.8162317276000977,-1,,,
4,78,34962,1,22,18,18,0.07123790681362152,0.07123790681362152,0.0,1,0.16320765018463135,0.16320765018463135,2.8080968856811523,-1,,,
4,79,34963,1,22,18,18,0.07085152715444565,0.07085152715444565,0.0,1,0.15683908760547638,0.15683908760547638,2.834074020385742,-1,,,
4,80,34964,1,22,18,18,0.07082179933786392,0.07082179933786392,0.0,1,0.1254349946975708,0.1254349946975708,2.9348995685577393,-1,,,
4,81,34965,1,22,18,19,0.07318085432052612,0.07313388586044312,4.696846008300781e-05,2,0.1270693838596344,0.1270693838596344,2.931190013885498,-1,,,
4,82,34966,1,22,18,5,0.07404839992523193,0.07349850237369537,0.0005498975515365601,2,0.13291683793067932,0.13291683793067932,2.915649652481079,-1,,,
4,83,34967,1,22,18,18,0.07568185776472092,0.07568185776472092,0.0,1,0.1315504014492035,0.1315504014492035,2.9189841747283936,-1,,,
4,84,34968,1,22,18,18,0.07568719983100891,0.07568719983100891,0.0,1,0.16216352581977844,0.16216352581977844,2.8005483150482178,-1,,,
4,85,34969,1,22,18,6,0.1070900559425354,0.09144105762243271,0.01564899832010269,7,0.16430938243865967,0.16430938243865967,2.7897067070007324,-1,,,
4,86,34970,1,22,18,3,0.14055372774600983,0.1071474477648735,0.03340627998113632,10,0.1369161158800125,0.1369161158800125,2.890458106994629,-1,,,
4,87,34971,1,22,18,6,0.17115388810634613,0.11987864971160889,0.051275238394737244,11,0.13604728877544403,0.13604728877544403,2.891695499420166,-1,,,
4,88,34972,1,22,18,6,0.20367799699306488,0.13829278945922852,0.06538520753383636,11,0.1382381021976471,0.1382381021976471,2.885127067565918,-1,,,
4,89,34973,1,22,18,6,0.23404823243618011,0.1548871546983719,0.07916107773780823,10,0.13316474854946136,0.13316474854946136,2.899428367614746,-1,,,
4,90,34974,1,22,18,3,0.26763808727264404,0.17692747712135315,0.0907106101512909,11,0.1683742105960846,0.1683742105960846,2.7598659992218018,-1,,,
4,91,34975,1,22,18,6,0.2995281517505646,0.19169571995735168,0.10783243179321289,11,0.16612182557582855,0.16612182557582855,2.74664568901062,-1,,,
4,92,34976,0,22,18,6,0.3364523649215698,0.19985288381576538,0.13659948110580444,11,0.17062757909297943,0.17062757909297943,2.751114845275879,-1,,,
4,93,34977,0,22,18,3,0.3409454822540283,0.20471884310245514,0.13622663915157318,11,0.17037618160247803,0.17037618160247803,2.7415614128112793,-1,,,
4,94,34978,0,22,18,3,0.3440619707107544,0.19635047018527985,0.14771150052547455,11,0.17009274661540985,0.17009274661540985,2.735806941986084,-1,,,
4,95,34979,0,22,18,3,0.35122567415237427,0.19976258277893066,0.1514630913734436,11,0.1652805507183075,0.1652805507183075,2.7482593059539795,-1,,,
4,96,34980,0,22,18,3,0.35922306776046753,0.20711392164230347,0.15210914611816406,11,0.1412869393825531,0.1412869393825531,2.79409122467041,-1,,,
4,97,34981,0,22,18,3,0.42980217933654785,0.23310430347919464,0.1966978758573532,12,0.11581220477819443,0.11581220477819443,2.873368501663208,-1,,,
4,98,34982,0,22,18,3,0.5081225037574768,0.2775858938694,0.23053660988807678,13,0.13028043508529663,0.13028043508529663,2.8279361724853516,-1,,,
4,99,34983,0,22,18,6,0.5920801162719727,0.3283621370792389,0.26371797919273376,13,0.12864673137664795,0.12864673137664795,2.835832357406616,-1,,,
4,100,34984,0,22,18,6,0.6855133175849915,0.3767024278640747,0.30881088972091675,12,0.10911683738231659,0.10911683738231659,2.896289825439453,-1,,,
4,101,34985,0,22,18,6,0.784400999546051,0.4304840564727783,0.3539169430732727,12,0.10724463313817978,0.10724463313817978,2.9069104194641113,-1,,,
4,102,34986,0,22,18,19,0.8893722891807556,0.4664098024368286,0.422962486743927,12,0.11912130564451218,0.11912130564451218,2.8666348457336426,-1,,,
4,103,34987,0,22,18,19,0.9934819936752319,0.5043333172798157,0.48914867639541626,12,0.142141655087471,0.142141655087471,2.8206534385681152,-1,,,
4,104,34988,3,22,18,19,1.0998461246490479,0.5420882105827332,0.5577579140663147,12,0.12655524909496307,0.12655524909496307,2.8490569591522217,-1,,,
4,105,34989,3,22,18,19,1.1466386318206787,0.5440303683280945,0.6026082634925842,12,0.11192844808101654,0.11192844808101654,2.893683433532715,-1,,,
4,106,34990,3,22,18,19,1.1844236850738525,0.5311040878295898,0.6533195972442627,12,0.10839884728193283,0.10839884728193283,2.9036662578582764,-1,,,
4,107,34991,3,22,18,19,1.2156342267990112,0.5057852268218994,0.7098489999771118,12,0.12134543806314468,0.12134543806314468,2.8657538890838623,-1,,,
4,108,34992,3,22,18,19,1.236494779586792,0.5086195468902588,0.7278752326965332,12,0.10538633167743683,0.10538633167743683,2.9100751876831055,-1,,,
4,109,34993,3,22,18,19,1.2529815435409546,0.4314684569835663,0.8215130865573883,12,0.10871920734643936,0.10871920734643936,2.906351089477539,-1,,,
4,110,34994,3,22,18,19,1.2619816064834595,0.43724584579467773,0.8247357606887817,12,0.108836330473423,0.108836330473423,2.904940605163574,-1,,,
4,111,34995,3,22,18,19,1.2699767351150513,0.4122202694416046,0.8577564656734467,12,0.12726663053035736,0.12726663053035736,2.842817544937134,-1,,,
4,112,34996,3,22,18,19,1.2729523181915283,0.4022549092769623,0.870697408914566,12,0.11825528740882874,0.11825528740882874,2.867170810699463,-1,,,
4,113,34997,3,22,18,19,1.276180386543274,0.4056219756603241,0.8705584108829498,12,0.13025502860546112,0.13025502860546112,2.8312408924102783,-1,,,
4,114,34998,3,22,18,19,1.2813401222229004,0.4189591407775879,0.8623809814453125,12,0.10718021541833878,0.10718021541833878,2.8976519107818604,-1,,,
4,115,34999,3,22,18,19,1.2885193824768066,0.42611217498779297,0.8624072074890137,12,0.11838290840387344,0.11838290840387344,2.861670732498169,-1,,,
4,116,35000,3,22,18,19,1.293350100517273,0.40775659680366516,0.8855935037136078,12,0.14826680719852448,0.14826680719852448,2.782975435256958,-1,,,
4,117,35001,3,22,18,19,1.2995505332946777,0.4068066477775574,0.8927438855171204,12,0.10537678003311157,0.10537678003311157,2.9026308059692383,-1,,,
4,118,35002,3,22,18,19,1.3061155080795288,0.40086671710014343,0.9052487909793854,12,0.12522108852863312,0.12522108852863312,2.8346023559570312,-1,,,
4,119,35003,3,22,18,19,1.309262990951538,0.39417290687561035,0.9150900840759277,12,0.13846446573734283,0.13846446573734283,2.7984554767608643,-1,,,
4,120,35004,3,22,18,19,1.3091565370559692,0.3882814049720764,0.9208751320838928,12,0.14807261526584625,0.14807261526584625,2.7816035747528076,-1,,,
4,121,35005,3,22,18,19,1.3012042045593262,0.3837088346481323,0.9174953699111938,12,0.12496689707040787,0.12496689707040787,2.8367791175842285,-1,,,
4,122,35006,3,22,18,19,1.2871164083480835,0.37955209612846375,0.9075643122196198,12,0.10510145872831345,0.10510145872831345,2.9081578254699707,-1,,,
4,123,35007,3,22,18,19,1.2652888298034668,0.38389354944229126,0.8813952803611755,12,0.10791575908660889,0.10791575908660889,2.896024703979492,-1,,,
4,124,35008,3,22,18,19,1.2358510494232178,0.3853314220905304,0.8505196273326874,12,0.10716232657432556,0.10716232657432556,2.904311418533325,-1,,,
4,125,35009,3,22,18,19,1.1965055465698242,0.38496288657188416,0.8115426599979401,12,0.10582815110683441,0.10582815110683441,2.912388563156128,-1,,,
4,126,35010,3,22,18,17,1.1486600637435913,0.3827715218067169,0.7658885419368744,12,0.10287266224622726,0.10287266224622726,2.922830581665039,-1,,,
4,127,35011,3,22,18,17,1.0977685451507568,0.372035413980484,0.7257331311702728,12,0.10386090725660324,0.10386090725660324,2.921826124191284,-1,,,
4,128,35012,3,22,18,17,1.04276704788208,0.36149322986602783,0.6812738180160522,12,0.09956157952547073,0.09956157952547073,2.9331603050231934,-1,,,
4,129,35013,3,22,18,17,0.9851105809211731,0.36267584562301636,0.6224347352981567,12,0.10938304662704468,0.10938304662704468,2.915534496307373,-1,,,
4,130,35014,3,22,18,17,0.9264021515846252,0.3495157063007355,0.5768864452838898,12,0.12025227397680283,0.12025227397680283,2.867945671081543,-1,,,
4,131,35015,3,22,18,17,0.8684972524642944,0.3390696942806244,0.52942755818367,12,0.10332555323839188,0.10332555323839188,2.9162850379943848,-1,,,
4,132,35016,3,22,18,17,0.8163202404975891,0.3344523310661316,0.4818679094314575,12,0.10663536190986633,0.10663536190986633,2.908660888671875,-1,,,
4,133,35017,3,22,18,17,0.7710247039794922,0.32466253638267517,0.446362167596817,12,0.13846957683563232,0.13846957683563232,2.8218204975128174,-1,,,
4,134,35018,3,22,18,19,0.732011079788208,0.3290514051914215,0.4029596745967865,12,0.11972387135028839,0.11972387135028839,2.8652355670928955,-1,,,
4,135,35019,3,22,18,3,0.70107102394104,0.31506529450416565,0.3860057294368744,12,0.11076849699020386,0.11076849699020386,2.894667863845825,-1,,,
4,136,35020,3,22,18,19,0.680011510848999,0.31014934182167053,0.3698621690273285,10,0.10524807125329971,0.10524807125329971,2.9115848541259766,-1,,,
4,137,35021,3,22,18,19,0.6668179631233215,0.3107776939868927,0.35604026913642883,10,0.1283123791217804,0.1283123791217804,2.8348898887634277,-1,,,
4,138,35022,3,22,18,19,0.6621659994125366,0.3072633445262909,0.3549026548862457,10,0.13158810138702393,0.13158810138702393,2.8236615657806396,-1,,,
4,139,35023,3,22,18,19,0.6665026545524597,0.3064485490322113,0.3600541055202484,10,0.16233019530773163,0.16233019530773163,2.750142812728882,-1,,,
4,140,35024,3,22,18,19,0.679741621017456,0.3105950951576233,0.36914652585983276,10,0.12754032015800476,0.12754032015800476,2.828411817550659,-1,,,
4,141,35025,3,22,18,19,0.7012414336204529,0.3174641728401184,0.3837772607803345,10,0.10633447766304016,0.10633447766304016,2.8985519409179688,-1,,,
4,142,35026,3,22,18,19,0.7309949398040771,0.3256208598613739,0.40537407994270325,10,0.10177670419216156,0.10177670419216156,2.9137072563171387,-1,,,
4,143,35027,3,22,18,19,0.7670198082923889,0.3418061137199402,0.42521369457244873,11,0.1062348410487175,0.1062348410487175,2.902397394180298,-1,,,
4,144,35028,3,22,18,19,0.808657705783844,0.3543601930141449,0.4542975127696991,11,0.10556677728891373,0.10556677728891373,2.907846450805664,-1,,,
4,145,35029,3,22,18,19,0.8585603833198547,0.3750198483467102,0.48354053497314453,12,0.1060037687420845,0.1060037687420845,2.9096839427948,-1,,,
4,146,35030,3,22,18,19,0.913663923740387,0.3955189883708954,0.5181449353694916,12,0.10584273189306259,0.10584273189306259,2.913801670074463,-1,,,
4,147,35031,3,22,18,19,0.9710949063301086,0.399536669254303,0.5715582370758057,12,0.09993020445108414,0.09993020445108414,2.9287188053131104,-1,,,
4,148,35032,3,22,18,19,1.0291439294815063,0.4128907322883606,0.6162531971931458,12,0.09899236261844635,0.09899236261844635,2.931671619415283,-1,,,
4,149,35033,3,22,18,19,1.0873194932937622,0.41812485456466675,0.6691946387290955,12,0.09939490258693695,0.09939490258693695,2.931828737258911,-1,,,
4,150,35034,3,22,18,19,1.144410490989685,0.42580923438072205,0.718601256608963,12,0.09957559406757355,0.09957559406757355,2.9323232173919678,-1,,,
4,151,35035,3,22,18,19,1.2004159688949585,0.43711432814598083,0.7633016407489777,12,0.11425469070672989,0.11425469070672989,2.8783681392669678,-1,,,
4,152,35036,3,22,18,19,1.2524733543395996,0.4505629241466522,0.8019104301929474,12,0.1107829213142395,0.1107829213142395,2.8982341289520264,-1,,,
4,153,35037,3,22,18,19,1.2990162372589111,0.45752179622650146,0.8414944410324097,12,0.1014452651143074,0.1014452651143074,2.9225597381591797,-1,,,
4,154,35038,3,22,18,19,1.3387713432312012,0.48178890347480774,0.8569824397563934,12,0.10508475452661514,0.10508475452661514,2.915642261505127,-1,,,
4,155,35039,3,22,18,19,1.3734073638916016,0.4918447732925415,0.8815625905990601,12,0.12543243169784546,0.12543243169784546,2.859739303588867,-1,,,
4,156,35040,3,22,18,19,1.4010554552078247,0.5185409188270569,0.8825145363807678,12,0.12904973328113556,0.12904973328113556,2.847243309020996,-1,,,
4,157,35041,3,22,18,19,1.4192339181900024,0.5386074781417847,0.8806264400482178,12,0.1216537356376648,0.1216537356376648,2.862823009490967,-1,,,
4,158,35042,3,22,18,19,1.4308123588562012,0.5437204837799072,0.887091875076294,12,0.10639315843582153,0.10639315843582153,2.907515048980713,-1,,,
4,159,35043,3,22,18,19,1.4313207864761353,0.5505822896957397,0.8807384967803955,12,0.1039087250828743,0.1039087250828743,2.915637969970703,-1,,,
4,160,35044,3,22,18,19,1.421664834022522,0.5412449240684509,0.880419909954071,12,0.10653036087751389,0.10653036087751389,2.9079530239105225,-1,,,
4,161,35045,3,22,18,19,1.4031115770339966,0.5662516951560974,0.8368598818778992,12,0.10430791974067688,0.10430791974067688,2.9196267127990723,-1,,,
4,162,35046,3,22,18,19,1.3796837329864502,0.5119299292564392,0.867753803730011,12,0.12708061933517456,0.12708061933517456,2.8408892154693604,-1,,,
4,163,35047,3,22,18,19,1.3528666496276855,0.5279604196548462,0.8249062299728394,12,0.12488804012537003,0.12488804012537003,2.8408024311065674,-1,,,
4,164,35048,3,22,18,19,1.325907588005066,0.5295423269271851,0.7963652610778809,12,0.1366623193025589,0.1366623193025589,2.809786558151245,-1,,,
4,165,35049,3,22,18,19,1.3014662265777588,0.5201076865196228,0.781358540058136,12,0.14356163144111633,0.14356163144111633,2.7925477027893066,-1,,,
4,166,35050,3,22,18,19,1.2814730405807495,0.5423579216003418,0.7391151189804077,12,0.145138680934906,0.145138680934906,2.7848715782165527,-1,,,
4,167,35051,3,22,18,19,1.2679071426391602,0.537823498249054,0.7300836443901062,12,0.13993598520755768,0.13993598520755768,2.8120012283325195,-1,,,
4,168,35052,3,22,18,19,1.2622734308242798,0.5414786338806152,0.7207947969436646,12,0.11102193593978882,0.11102193593978882,2.890071392059326,-1,,,
4,169,35053,3,22,18,3,1.2639267444610596,0.5179040431976318,0.7460227012634277,12,0.10987512767314911,0.10987512767314911,2.89309024810791,-1,,,
4,170,35054,3,22,18,19,1.2713977098464966,0.5447565913200378,0.7266411185264587,12,0.10859905183315277,0.10859905183315277,2.899122714996338,-1,,,
4,171,35055,3,22,18,19,1.2860956192016602,0.5385755896568298,0.7475200295448303,12,0.1238875463604927,0.1238875463604927,2.842522144317627,-1,,,
4,172,35056,3,22,18,19,1.30411958694458,0.533359169960022,0.7707604169845581,12,0.11123558133840561,0.11123558133840561,2.8908193111419678,-1,,,
4,173,35057,3,22,18,19,1.3259378671646118,0.5228052139282227,0.8031326532363892,12,0.10896376520395279,0.10896376520395279,2.9017536640167236,-1,,,
4,174,35058,3,22,18,19,1.3514900207519531,0.5075696110725403,0.8439204096794128,12,0.10860767960548401,0.10860767960548401,2.904890537261963,-1,,,
4,175,35059,3,22,18,19,1.375464677810669,0.48820963501930237,0.8872550427913666,12,0.12038887292146683,0.12038887292146683,2.8692705631256104,-1,,,
4,176,35060,3,22,18,19,1.4017541408538818,0.48569220304489136,0.9160619378089905,12,0.14148209989070892,0.14148209989070892,2.8222715854644775,-1,,,
4,177,35061,3,22,18,19,1.4307713508605957,0.45270514488220215,0.9780662059783936,12,0.14041286706924438,0.14041286706924438,2.821146011352539,-1,,,
4,178,35062,3,22,18,19,1.4617884159088135,0.4466041624546051,1.0151842534542084,12,0.12596634030342102,0.12596634030342102,2.853240966796875,-1,,,
4,179,35063,3,22,18,19,1.492037296295166,0.4403071403503418,1.0517301559448242,12,0.12989571690559387,0.12989571690559387,2.8447623252868652,-1,,,
4,180,35064,3,22,18,19,1.525240182876587,0.4838676154613495,1.0413725674152374,12,0.14719802141189575,0.14719802141189575,2.807361125946045,-1,,,
4,181,35065,3,22,18,19,1.5560656785964966,0.43327826261520386,1.1227874159812927,12,0.15349087119102478,0.15349087119102478,2.788464069366455,-1,,,
4,182,35066,3,22,18,19,1.5813063383102417,0.4783006012439728,1.103005737066269,12,0.10915116220712662,0.10915116220712662,2.900977611541748,-1,,,
4,183,35067,3,22,18,19,1.5956518650054932,0.4973554015159607,1.0982964634895325,12,0.12375638633966446,0.12375638633966446,2.8535025119781494,-1,,,
4,184,35068,3,22,18,3,1.6127264499664307,0.49832120537757874,1.114405244588852,12,0.1374746412038803,0.1374746412038803,2.8130881786346436,-1,,,
4,185,35069,3,22,18,19,1.6215592622756958,0.5332705974578857,1.08828866481781,12,0.1519913524389267,0.1519913524389267,2.7734286785125732,-1,,,
4,186,35070,3,22,18,19,1.623966932296753,0.5454102754592896,1.0785566568374634,12,0.16719788312911987,0.16719788312911987,2.7453746795654297,-1,,,
4,187,35071,3,22,18,19,1.6114983558654785,0.5489897131919861,1.0625086426734924,12,0.14726480841636658,0.14726480841636658,2.7881009578704834,-1,,,
4,188,35072,3,22,18,19,1.5992916822433472,0.5604219436645508,1.0388697385787964,12,0.10802002996206284,0.10802002996206284,2.8951592445373535,-1,,,
4,189,35073,3,22,18,19,1.5850796699523926,0.5589480996131897,1.0261315703392029,12,0.10301608592271805,0.10301608592271805,2.9125688076019287,-1,,,
4,190,35074,3,22,18,19,1.5622410774230957,0.5543579459190369,1.0078831315040588,12,0.1601443737745285,0.1601443737745285,2.7490992546081543,-1,,,
4,191,35075,3,22,18,19,1.540804386138916,0.5532798171043396,0.9875245690345764,12,0.12646575272083282,0.12646575272083282,2.8275837898254395,-1,,,
4,192,35076,3,22,18,19,1.5158871412277222,0.5544933676719666,0.9613937735557556,12,0.12290602922439575,0.12290602922439575,2.840407133102417,-1,,,
4,193,35077,3,22,18,19,1.4912587404251099,0.5599416494369507,0.9313170909881592,12,0.1242985799908638,0.1242985799908638,2.8402085304260254,-1,,,
4,194,35078,3,22,18,19,1.4648441076278687,0.5590079426765442,0.9058361649513245,12,0.14316771924495697,0.14316771924495697,2.803514242172241,-1,,,
4,195,35079,3,22,18,19,1.4454448223114014,0.5671451091766357,0.8782997131347656,12,0.1213107630610466,0.1213107630610466,2.8581104278564453,-1,,,
4,196,35080,3,22,18,19,1.4205546379089355,0.5753920078277588,0.8451626300811768,12,0.12670545279979706,0.12670545279979706,2.8381006717681885,-1,,,
4,197,35081,3,22,18,19,1.3932149410247803,0.5716993808746338,0.8215155601501465,12,0.12032432854175568,0.12032432854175568,2.8598787784576416,-1,,,
4,198,35082,3,22,18,19,1.3692643642425537,0.5709223747253418,0.7983419895172119,12,0.10173190385103226,0.10173190385103226,2.918050527572632,-1,,,
4,199,35083,3,22,18,17,1.3551595211029053,0.5897934436798096,0.7653660774230957,12,0.1549113690853119,0.1549113690853119,2.8031461238861084,-1,,,
4,200,35084,3,22,18,17,1.2324270009994507,0.5660956501960754,0.6663313508033752,12,0.1598876714706421,0.1598876714706421,2.8000762462615967,-1,,,
4,201,35085,3,22,18,19,1.1099663972854614,0.5316706895828247,0.5782957077026367,12,0.15655860304832458,0.15655860304832458,2.798316717147827,-1,,,
4,202,35086,3,22,18,19,0.9838542938232422,0.49673891067504883,0.48711538314819336,12,0.15315288305282593,0.15315288305282593,2.799072265625,-1,,,
4,203,35087,3,22,18,17,0.8655656576156616,0.44477570056915283,0.4207899570465088,12,0.15797977149486542,0.15797977149486542,2.7955174446105957,-1,,,
4,204,35088,3,22,18,3,0.743385374546051,0.41860514879226685,0.3247802257537842,12,0.139820396900177,0.139820396900177,2.823352813720703,-1,,,
4,205,35089,3,22,18,19,0.6220518946647644,0.3721039593219757,0.2499479353427887,12,0.16087257862091064,0.16087257862091064,2.78609299659729,-1,,,
4,206,35090,3,22,18,6,0.503273606300354,0.3062954545021057,0.1969781517982483,12,0.16165347397327423,0.16165347397327423,2.7802867889404297,-1,,,
4,207,35091,0,22,18,3,0.3818318247795105,0.2449420690536499,0.1368897557258606,13,0.1628328412771225,0.1628328412771225,2.7739145755767822,-1,,,
4,208,35092,0,22,18,3,0.36899739503860474,0.24583515524864197,0.12316223978996277,12,0.16522538661956787,0.16522538661956787,2.765030860900879,-1,,,
4,209,35093,0,22,18,3,0.3596022427082062,0.2402959018945694,0.11930634081363678,13,0.16482150554656982,0.16482150554656982,2.762333631515503,-1,,,
4,210,35094,0,22,18,3,0.3598267436027527,0.24467304348945618,0.11515370011329651,12,0.16302908957004547,0.16302908957004547,2.7595784664154053,-1,,,
4,211,35095,0,22,18,6,0.36240354180336,0.24930605292320251,0.11309748888015747,13,0.14177733659744263,0.14177733659744263,2.8811397552490234,-1,,,
4,212,35096,0,22,18,6,0.386446475982666,0.2936711311340332,0.09277534484863281,12,0.1328280121088028,0.1328280121088028,2.9151971340179443,-1,,,
4,213,35097,0,22,18,3,0.4293670058250427,0.34484395384788513,0.08452305197715759,11,0.13264474272727966,0.13264474272727966,2.9074108600616455,-1,,,
4,214,35098,0,22,18,6,0.46916788816452026,0.39971405267715454,0.06945383548736572,11,0.11993323266506195,0.11993323266506195,2.948411464691162,-1,,,
4,215,35099,0,22,18,4,0.5105855464935303,0.4547121524810791,0.05587339401245117,12,0.1170700415968895,0.1170700415968895,2.9548251628875732,-1,,,
4,216,35100,0,22,18,3,0.5248918533325195,0.4841846227645874,0.04070723056793213,12,0.1161060705780983,0.1161060705780983,2.957251787185669,-1,,,
4,217,35101,0,22,18,6,0.528238832950592,0.4962243139743805,0.03201451897621155,11,0.12852545082569122,0.12852545082569122,2.9193801879882812,-1,,,
4,218,35102,0,22,18,4,0.5320861339569092,0.5089773535728455,0.02310878038406372,9,0.15460336208343506,0.15460336208343506,2.845076084136963,-1,,,
4,219,35103,2,22,18,4,0.5248627066612244,0.5130476355552673,0.011815071105957031,8,0.14276961982250214,0.14276961982250214,2.880317211151123,-1,,,
4,220,35104,2,22,18,4,0.4896276593208313,0.4741542637348175,0.015473395586013794,11,0.1360176056623459,0.1360176056623459,2.899683713912964,-1,,,
4,221,35105,2,22,18,4,0.4376809597015381,0.41264447569847107,0.025036484003067017,14,0.15197892487049103,0.15197892487049103,2.8533053398132324,-1,,,
4,222,35106,2,22,18,4,0.3779396116733551,0.350637286901474,0.027302324771881104,12,0.13744820654392242,0.13744820654392242,2.8953940868377686,-1,,,
4,223,35107,2,22,18,10,0.3186459541320801,0.2893548309803009,0.029291123151779175,16,0.15385770797729492,0.15385770797729492,2.847625255584717,-1,,,
4,224,35108,2,22,18,8,0.27917444705963135,0.2615114748477936,0.01766297221183777,10,0.11711995303630829,0.11711995303630829,2.954982042312622,-1,,,
4,225,35109,2,22,18,8,0.24747644364833832,0.22989939153194427,0.017577052116394043,10,0.12160169333219528,0.12160169333219528,2.9447214603424072,-1,,,
4,226,35110,2,22,18,5,0.21207894384860992,0.18923601508140564,0.022842928767204285,13,0.10945164412260056,0.10945164412260056,2.9718520641326904,-1,,,
4,227,35111,2,22,18,3,0.1843228042125702,0.16870050132274628,0.015622302889823914,4,0.10943660140037537,0.10943660140037537,2.971644878387451,-1,,,
4,228,35112,2,22,18,17,0.1610812395811081,0.15780533850193024,0.0032759010791778564,3,0.10984399169683456,0.10984399169683456,2.970522165298462,-1,,,
4,229,35113,2,22,18,17,0.13752606511116028,0.12654051184654236,0.01098555326461792,2,0.11651432514190674,0.11651432514190674,2.955559730529785,-1,,,
4,230,35114,2,22,18,3,0.12783847749233246,0.12426610291004181,0.0035723745822906494,4,0.12367945909500122,0.12367945909500122,2.936899185180664,-1,,,
4,231,35115,2,22,18,18,0.11728183925151825,0.11728183925151825,0.0,1,0.14373743534088135,0.14373743534088135,2.876889944076538,-1,,,
4,232,35116,2,22,18,3,0.11145681142807007,0.10591748356819153,0.00553932785987854,2,0.15342505276203156,0.15342505276203156,2.84611177444458,-1,,,
4,233,35117,2,22,18,3,0.11144696921110153,0.09814463555812836,0.013302333652973175,5,0.13642683625221252,0.13642683625221252,2.8970627784729004,-1,,,
4,234,35118,2,22,18,18,0.11272750049829483,0.11272750049829483,0.0,1,0.15406186878681183,0.15406186878681183,2.844522714614868,-1,,,
4,235,35119,2,22,18,17,0.11354925483465195,0.10874038934707642,0.004808865487575531,2,0.1363854557275772,0.1363854557275772,2.8976895809173584,-1,,,
4,236,35120,2,22,18,19,0.11741821467876434,0.10914546251296997,0.008272752165794373,4,0.14279088377952576,0.14279088377952576,2.8797836303710938,-1,,,
4,237,35121,2,22,18,19,0.11769934743642807,0.11568281799554825,0.0020165294408798218,2,0.14731493592262268,0.14731493592262268,2.8645434379577637,-1,,,
4,238,35122,2,22,18,19,0.11661625653505325,0.10448146611452103,0.012134790420532227,6,0.17039963603019714,0.17039963603019714,2.749631643295288,-1,,,
4,239,35123,2,22,18,8,0.11659298092126846,0.11132434755563736,0.0052686333656311035,7,0.17148281633853912,0.17148281633853912,2.7782857418060303,-1,,,
4,240,35124,2,22,18,8,0.11916118860244751,0.1098957508802414,0.009265437722206116,7,0.1372208595275879,0.1372208595275879,2.8959195613861084,-1,,,
4,241,35125,2,22,18,9,0.12045342475175858,0.11352767795324326,0.00692574679851532,2,0.16842544078826904,0.16842544078826904,2.7799489498138428,-1,,,
4,242,35126,2,22,18,8,0.1857231706380844,0.16448771953582764,0.021235451102256775,4,0.1663513332605362,0.1663513332605362,2.794224977493286,-1,,,
4,243,35127,2,22,18,19,0.25643783807754517,0.2016863226890564,0.05475151538848877,12,0.16582664847373962,0.16582664847373962,2.7885708808898926,-1,,,
4,244,35128,2,22,18,19,0.33111461997032166,0.23676805198192596,0.09434656798839569,12,0.15731462836265564,0.15731462836265564,2.7974090576171875,-1,,,
4,245,35129,2,22,18,19,0.41072794795036316,0.2715320289134979,0.13919591903686523,12,0.15761485695838928,0.15761485695838928,2.805093288421631,-1,,,
4,246,35130,2,22,18,3,0.5025536417961121,0.3018513023853302,0.20070233941078186,12,0.16137400269508362,0.16137400269508362,2.817828416824341,-1,,,
4,247,35131,2,22,18,3,0.5988965630531311,0.3201999068260193,0.2786966562271118,12,0.15684013068675995,0.15684013068675995,2.813021183013916,-1,,,
4,248,35132,2,22,18,5,0.6969260573387146,0.33949723839759827,0.35742881894111633,13,0.15641525387763977,0.15641525387763977,2.811717987060547,-1,,,
4,249,35133,0,22,18,1,0.7977348566055298,0.35287272930145264,0.44486212730407715,13,0.1573410928249359,0.1573410928249359,2.808640480041504,-1,,,
4,250,35134,0,22,18,19,0.8439143896102905,0.35879266262054443,0.4851217269897461,13,0.156410813331604,0.156410813331604,2.799689292907715,-1,,,
4,251,35135,0,22,18,19,0.8933019042015076,0.3741776645183563,0.5191242396831512,13,0.1584290713071823,0.1584290713071823,2.799149751663208,-1,,,
4,252,35136,0,22,18,19,0.9439483880996704,0.3701978325843811,0.5737505555152893,13,0.1586170643568039,0.1586170643568039,2.79410457611084,-1,,,
4,253,35137,0,22,18,19,1.0032992362976074,0.3754160404205322,0.6278831958770752,13,0.15962882339954376,0.15962882339954376,2.794280529022217,-1,,,
4,254,35138,0,22,18,19,1.1367512941360474,0.48819947242736816,0.6485518217086792,13,0.16011102497577667,0.16011102497577667,2.782318115234375,-1,,,
4,255,35139,0,22,18,14,1.2736567258834839,0.5929585695266724,0.6806981563568115,14,0.16310320794582367,0.16310320794582367,2.77679181098938,-1,,,
4,256,35140,0,22,18,14,1.383056879043579,0.6454864144325256,0.7375704646110535,16,0.16344653069972992,0.16344653069972992,2.8042309284210205,-1,,,
4,257,35141,0,22,18,14,1.461819052696228,0.6883162260055542,0.7735028266906738,17,0.16713210940361023,0.16713210940361023,2.7775776386260986,-1,,,
4,258,35142,0,22,18,14,1.506709337234497,0.727763295173645,0.778946042060852,17,0.17050354182720184,0.17050354182720184,2.7667734622955322,-1,,,
4,259,35143,0,22,18,14,1.5140265226364136,0.8094042539596558,0.7046222686767578,18,0.16738361120224,0.16738361120224,2.7482035160064697,-1,,,
4,260,35144,0,22,18,14,1.4930614233016968,0.9116227626800537,0.5814386606216431,18,0.16890442371368408,0.16890442371368408,2.7482800483703613,-1,,,
4,261,35145,1,22,18,14,1.4238593578338623,1.0550719499588013,0.36878740787506104,18,0.16210144758224487,0.16210144758224487,2.8161418437957764,-1,,,
4,262,35146,1,22,18,3,1.2306530475616455,1.0782618522644043,0.1523911952972412,18,0.12990263104438782,0.12990263104438782,2.9168789386749268,-1,,,
4,263,35147,1,22,18,9,0.9968311190605164,0.9859908819198608,0.010840237140655518,3,0.12786293029785156,0.12786293029785156,2.9250991344451904,-1,,,
4,264,35148,1,22,18,9,0.7847093343734741,0.7768382430076599,0.007871091365814209,3,0.13540825247764587,0.13540825247764587,2.9035050868988037,-1,,,
4,265,35149,1,22,18,9,0.5993168354034424,0.5943045616149902,0.0050122737884521484,2,0.13245129585266113,0.13245129585266113,2.913994550704956,-1,,,
4,266,35150,1,22,18,9,0.43660077452659607,0.43463262915611267,0.0019681453704833984,2,0.15392644703388214,0.15392644703388214,2.8453989028930664,-1,,,
4,267,35151,1,22,18,18,0.3020673394203186,0.3020673394203186,0.0,1,0.1206107959151268,0.1206107959151268,2.9464991092681885,-1,,,
4,268,35152,1,22,18,18,0.20552952587604523,0.20552952587604523,0.0,1,0.11640859395265579,0.11640859395265579,2.9577038288116455,-1,,,
4,269,35153,1,22,18,18,0.1654714196920395,0.1654714196920395,0.0,1,0.11636152863502502,0.11636152863502502,2.9581637382507324,-1,,,
4,270,35154,1,22,18,18,0.17815440893173218,0.17815440893173218,0.0,1,0.12104597687721252,0.12104597687721252,2.94691801071167,-1,,,
4,271,35155,1,22,18,18,0.2537120580673218,0.2537120580673218,0.0,1,0.12767626345157623,0.12767626345157623,2.9248316287994385,-1,,,
4,272,35156,1,22,18,18,0.33395498991012573,0.33395498991012573,0.0,1,0.14116427302360535,0.14116427302360535,2.8886256217956543,-1,,,
4,273,35157,1,22,18,18,0.4265303611755371,0.4265303611755371,0.0,1,0.11918388307094574,0.11918388307094574,2.9472804069519043,-1,,,
4,274,35158,1,22,18,18,0.5348963737487793,0.5348963737487793,0.0,1,0.12659305334091187,0.12659305334091187,2.921502113342285,-1,,,
4,275,35159,1,22,18,19,0.6534360647201538,0.5303594470024109,0.12307661771774292,12,0.12160199880599976,0.12160199880599976,2.9440841674804688,-1,,,
4,276,35160,1,22,18,19,0.751479983329773,0.5259732604026794,0.2255067229270935,12,0.12357422709465027,0.12357422709465027,2.9381208419799805,-1,,,
4,277,35161,1,22,18,19,0.8282791376113892,0.5194063782691956,0.3088727593421936,12,0.13350172340869904,0.13350172340869904,2.910714626312256,-1,,,
4,278,35162,1,22,18,10,0.8996850252151489,0.5248237252235413,0.37486129999160767,14,0.13210879266262054,0.13210879266262054,2.9151530265808105,-1,,,
4,279,35163,1,22,18,19,0.9251164793968201,0.4899730086326599,0.43514347076416016,15,0.12581683695316315,0.12581683695316315,2.9324681758880615,-1,,,
4,280,35164,1,22,18,19,0.9584817886352539,0.4846747815608978,0.4738070070743561,15,0.1565006822347641,0.1565006822347641,2.8336544036865234,-1,,,
4,281,35165,1,22,18,6,0.974220335483551,0.4741474390029907,0.5000728964805603,17,0.1436651647090912,0.1436651647090912,2.8683366775512695,-1,,,
4,282,35166,1,22,18,8,0.989942729473114,0.442068487405777,0.547874242067337,16,0.14006784558296204,0.14006784558296204,2.8847665786743164,-1,,,
4,283,35167,1,22,18,4,1.0047415494918823,0.4140855669975281,0.5906559824943542,16,0.14327357709407806,0.14327357709407806,2.8732991218566895,-1,,,
4,284,35168,1,22,18,4,1.0245451927185059,0.3988078832626343,0.6257373094558716,16,0.12290573120117188,0.12290573120117188,2.9380979537963867,-1,,,
4,285,35169,1,22,18,4,1.0435398817062378,0.3985781967639923,0.6449616849422455,16,0.13561832904815674,0.13561832904815674,2.8910250663757324,-1,,,
4,286,35170,1,22,18,4,1.03978431224823,0.3853873610496521,0.6543969511985779,17,0.14369088411331177,0.14369088411331177,2.8737504482269287,-1,,,
4,287,35171,1,22,18,4,1.056151032447815,0.3981110155582428,0.6580400168895721,17,0.12907370924949646,0.12907370924949646,2.9206652641296387,-1,,,
4,288,35172,1,22,18,6,1.0536655187606812,0.43031901121139526,0.6233465075492859,17,0.12261571735143661,0.12261571735143661,2.9402713775634766,-1,,,
4,289,35173,1,22,18,6,1.0605015754699707,0.4644389748573303,0.5960626006126404,17,0.12549301981925964,0.12549301981925964,2.933610439300537,-1,,,
4,290,35174,1,22,18,6,1.0485440492630005,0.4831475615501404,0.5653964877128601,17,0.1300763338804245,0.1300763338804245,2.9171011447906494,-1,,,
4,291,35175,1,22,18,4,1.0470858812332153,0.5372968316078186,0.5097890496253967,17,0.13077324628829956,0.13077324628829956,2.9177258014678955,-1,,,
4,292,35176,1,22,18,8,1.0836275815963745,0.5670737624168396,0.5165538191795349,17,0.12790878117084503,0.12790878117084503,2.927175521850586,-1,,,
4,293,35177,1,22,18,8,1.1586474180221558,0.6435221433639526,0.5151252746582031,17,0.12453757226467133,0.12453757226467133,2.929924249649048,-1,,,
4,294,35178,1,22,18,10,1.2749489545822144,0.6946823596954346,0.5802665948867798,17,0.1199832558631897,0.1199832558631897,2.945941925048828,-1,,,
4,295,35179,1,22,18,10,1.398474931716919,0.7317527532577515,0.6667221784591675,17,0.11374734342098236,0.11374734342098236,2.964844226837158,-1,,,
4,296,35180,1,22,18,19,1.5559474229812622,0.8207818269729614,0.7351655960083008,17,0.12548644840717316,0.12548644840717316,2.9349775314331055,-1,,,
4,297,35181,1,22,18,10,1.7259804010391235,0.8863405585289001,0.8396398425102234,17,0.13185441493988037,0.13185441493988037,2.9108126163482666,-1,,,
4,298,35182,1,22,18,14,1.8942410945892334,0.9949507713317871,0.8992903232574463,17,0.1419365257024765,0.1419365257024765,2.875739097595215,-1,,,
4,299,35183,1,22,18,14,2.028003692626953,1.0190000534057617,1.0090036392211914,17,0.15888790786266327,0.15888790786266327,2.8246829509735107,-1,,,
4,300,35184,1,22,18,14,2.08203387260437,1.0075628757476807,1.0744709968566895,17,0.14643988013267517,0.14643988013267517,2.8686156272888184,-1,,,
4,301,35185,1,22,18,14,2.0595877170562744,0.9793038368225098,1.0802838802337646,17,0.12257979810237885,0.12257979810237885,2.9373648166656494,-1,,,
4,302,35186,1,22,18,14,1.973688006401062,0.9688482284545898,1.0048397779464722,18,0.13526460528373718,0.13526460528373718,2.9011549949645996,-1,,,
4,303,35187,1,22,18,14,1.8462717533111572,0.9619210958480835,0.8843506574630737,18,0.15750159323215485,0.15750159323215485,2.8272933959960938,-1,,,
4,304,35188,1,22,18,14,1.6537814140319824,0.9870821237564087,0.6666992902755737,18,0.16851110756397247,0.16851110756397247,2.769888162612915,-1,,,
4,305,35189,1,22,18,12,1.4163321256637573,0.9917131662368774,0.4246189594268799,18,0.1569349318742752,0.1569349318742752,2.8296523094177246,-1,,,
4,306,35190,1,22,18,12,1.162355661392212,1.0291212797164917,0.13323438167572021,17,0.13533416390419006,0.13533416390419006,2.9036831855773926,-1,,,
4,307,35191,1,22,18,13,0.8987135887145996,0.8749640583992004,0.02374953031539917,7,0.15683293342590332,0.15683293342590332,2.814955472946167,-1,,,
4,308,35192,1,22,18,9,0.8135514855384827,0.7789110541343689,0.03464043140411377,7,0.1625373363494873,0.1625373363494873,2.7890892028808594,-1,,,
4,309,35193,1,22,18,9,0.7734728455543518,0.7150129675865173,0.05845987796783447,7,0.1627984195947647,0.1627984195947647,2.784181833267212,-1,,,
4,310,35194,1,22,18,9,0.7644386887550354,0.6876476407051086,0.07679104804992676,5,0.16497604548931122,0.16497604548931122,2.760737657546997,-1,,,
4,311,35195,1,22,18,17,0.7899031043052673,0.6879805326461792,0.10192257165908813,11,0.1606813371181488,0.1606813371181488,2.7968804836273193,-1,,,
4,312,35196,1,22,18,17,0.8518525958061218,0.6137726306915283,0.2380799651145935,13,0.14729657769203186,0.14729657769203186,2.8540291786193848,-1,,,
4,313,35197,1,22,18,12,0.9435034394264221,0.5518293380737305,0.39167410135269165,17,0.16305623948574066,0.16305623948574066,2.764486789703369,-1,,,
4,314,35198,1,22,18,5,1.0572128295898438,0.538220226764679,0.5189926028251648,17,0.16449561715126038,0.16449561715126038,2.764655351638794,-1,,,
4,315,35199,0,22,18,17,1.1944104433059692,0.5306758880615234,0.6637345552444458,17,0.16135957837104797,0.16135957837104797,2.777031183242798,-1,,,
4,316,35200,0,22,18,17,1.1949912309646606,0.4957582950592041,0.6992329359054565,17,0.15735220909118652,0.15735220909118652,2.7695443630218506,-1,,,
4,317,35201,0,22,18,17,1.1913384199142456,0.4885638952255249,0.7027745246887207,17,0.15785399079322815,0.15785399079322815,2.792734146118164,-1,,,
4,318,35202,0,22,18,17,1.1887561082839966,0.46893173456192017,0.7198243737220764,18,0.15454211831092834,0.15454211831092834,2.8069405555725098,-1,,,
4,319,35203,0,22,18,17,1.177968978881836,0.47131258249282837,0.7066563963890076,17,0.15458720922470093,0.15458720922470093,2.808546543121338,-1,,,
4,320,35204,0,22,18,17,1.1659677028656006,0.4585410952568054,0.7074266076087952,17,0.15400834381580353,0.15400834381580353,2.813188314437866,-1,,,
4,321,35205,0,22,18,17,1.1489768028259277,0.4488644301891327,0.700112372636795,17,0.15575502812862396,0.15575502812862396,2.8050124645233154,-1,,,
4,322,35206,0,22,18,17,1.1309237480163574,0.443074494600296,0.6878492534160614,17,0.15686026215553284,0.15686026215553284,2.8058040142059326,-1,,,
4,323,35207,0,22,18,12,1.1087440252304077,0.4436866343021393,0.6650573909282684,17,0.15904608368873596,0.15904608368873596,2.806884765625,-1,,,
4,324,35208,0,22,18,17,1.0839906930923462,0.43925848603248596,0.6447322070598602,17,0.15816093981266022,0.15816093981266022,2.79683780670166,-1,,,
4,325,35209,0,22,18,17,1.055305004119873,0.43814778327941895,0.6171572208404541,17,0.16090212762355804,0.16090212762355804,2.7866735458374023,-1,,,
4,326,35210,0,22,18,17,1.0244230031967163,0.4394483268260956,0.5849746763706207,17,0.1612757444381714,0.1612757444381714,2.7785427570343018,-1,,,
4,327,35211,0,22,18,17,0.9980140924453735,0.4321434795856476,0.565870612859726,17,0.16373929381370544,0.16373929381370544,2.7785534858703613,-1,,,
4,328,35212,0,22,18,17,0.9690248966217041,0.4303610920906067,0.5386638045310974,17,0.16414543986320496,0.16414543986320496,2.770317792892456,-1,,,
4,329,35213,0,22,18,17,0.9406294822692871,0.425652414560318,0.5149770677089691,17,0.16613788902759552,0.16613788902759552,2.761352777481079,-1,,,
4,330,35214,0,22,18,17,0.9147201776504517,0.42050307989120483,0.4942170977592468,17,0.1642385870218277,0.1642385870218277,2.754607915878296,-1,,,
4,331,35215,0,22,18,17,0.8928024172782898,0.41369232535362244,0.47911009192466736,17,0.1655084788799286,0.1655084788799286,2.745788097381592,-1,,,
4,332,35216,0,22,18,17,0.8743090629577637,0.4119947552680969,0.46231430768966675,16,0.1649170070886612,0.1649170070886612,2.7444424629211426,-1,,,
4,333,35217,0,22,18,17,0.8588545918464661,0.43297871947288513,0.42587587237358093,16,0.16516846418380737,0.16516846418380737,2.750230073928833,-1,,,
4,334,35218,0,22,18,17,0.8516832590103149,0.42457032203674316,0.4271129369735718,16,0.16465838253498077,0.16465838253498077,2.747100830078125,-1,,,
4,335,35219,0,22,18,12,0.8464580774307251,0.43201664090156555,0.41444143652915955,17,0.16528263688087463,0.16528263688087463,2.7521212100982666,-1,,,
4,336,35220,0,22,18,12,0.848163902759552,0.427591472864151,0.420572429895401,17,0.16138066351413727,0.16138066351413727,2.7626709938049316,-1,,,
4,337,35221,0,22,18,17,0.8501652479171753,0.43410149216651917,0.41606375575065613,18,0.15868602693080902,0.15868602693080902,2.7746050357818604,-1,,,
4,338,35222,0,22,18,3,0.855703592300415,0.43970566987991333,0.4159979224205017,17,0.16069945693016052,0.16069945693016052,2.775792360305786,-1,,,
4,339,35223,0,22,18,14,0.863925039768219,0.4437800645828247,0.4201449751853943,17,0.15936048328876495,0.15936048328876495,2.7882251739501953,-1,,,
4,340,35224,0,22,18,14,0.8715220093727112,0.45231732726097107,0.4192046821117401,17,0.15708787739276886,0.15708787739276886,2.793471574783325,-1,,,
4,341,35225,0,22,18,19,0.8855155110359192,0.45886048674583435,0.42665502429008484,17,0.15474340319633484,0.15474340319633484,2.8031647205352783,-1,,,
4,342,35226,0,22,18,14,0.9039970636367798,0.4622858464717865,0.4417112171649933,17,0.1535458117723465,0.1535458117723465,2.8097236156463623,-1,,,
4,343,35227,0,22,18,8,0.920508623123169,0.4706004858016968,0.44990813732147217,17,0.156375914812088,0.156375914812088,2.808281421661377,-1,,,
4,344,35228,0,22,18,8,0.9338011741638184,0.4761704206466675,0.4576307535171509,17,0.1560843586921692,0.1560843586921692,2.803391456604004,-1,,,
4,345,35229,0,22,18,19,0.9503680467605591,0.48162734508514404,0.46874070167541504,17,0.15702688694000244,0.15702688694000244,2.808833360671997,-1,,,
4,346,35230,0,22,18,8,0.9642404913902283,0.4839238226413727,0.4803166687488556,17,0.15680968761444092,0.15680968761444092,2.8007962703704834,-1,,,
4,347,35231,0,22,18,12,0.9756937623023987,0.48889127373695374,0.48680248856544495,17,0.15716396272182465,0.15716396272182465,2.7996017932891846,-1,,,
4,348,35232,0,22,18,17,0.9883350729942322,0.4679540693759918,0.5203810036182404,17,0.15991975367069244,0.15991975367069244,2.8001298904418945,-1,,,
4,349,35233,0,22,18,17,0.9939547777175903,0.46683841943740845,0.5271163582801819,17,0.1596408486366272,0.1596408486366272,2.793423652648926,-1,,,
4,350,35234,0,22,18,8,0.995319128036499,0.46327096223831177,0.5320481657981873,17,0.1615126132965088,0.1615126132965088,2.774561643600464,-1,,,
4,351,35235,0,22,18,17,0.9942080974578857,0.4560786783695221,0.5381294190883636,17,0.16236956417560577,0.16236956417560577,2.7721478939056396,-1,,,
4,352,35236,0,22,18,17,0.9915580153465271,0.45325198769569397,0.5383060276508331,17,0.1638573259115219,0.1638573259115219,2.7706801891326904,-1,,,
4,353,35237,0,22,18,17,0.9876242876052856,0.44631096720695496,0.5413133203983307,17,0.16295485198497772,0.16295485198497772,2.761854648590088,-1,,,
4,354,35238,0,22,18,12,0.9792287945747375,0.4486537277698517,0.5305750668048859,16,0.1670871376991272,0.1670871376991272,2.764676332473755,-1,,,
4,355,35239,0,22,18,12,0.9741653203964233,0.4644913375377655,0.5096739828586578,16,0.165391743183136,0.165391743183136,2.752734899520874,-1,,,
4,356,35240,0,22,18,17,0.9648472666740417,0.46231138706207275,0.502535879611969,16,0.16437359154224396,0.16437359154224396,2.7468326091766357,-1,,,
4,357,35241,0,22,18,17,0.959001362323761,0.4802171289920807,0.4787842333316803,17,0.16568902134895325,0.16568902134895325,2.7475290298461914,-1,,,
4,358,35242,0,22,18,5,0.9499082565307617,0.4827621281147003,0.4671461284160614,16,0.1660987138748169,0.1660987138748169,2.7462334632873535,-1,,,
4,359,35243,0,22,18,12,0.9400535225868225,0.46838679909706116,0.47166672348976135,17,0.1637655347585678,0.1637655347585678,2.750654697418213,-1,,,
4,360,35244,0,22,18,5,0.932127833366394,0.4725930988788605,0.45953473448753357,17,0.16437485814094543,0.16437485814094543,2.7627408504486084,-1,,,
4,361,35245,0,22,18,8,0.9212649464607239,0.4612351953983307,0.4600297510623932,17,0.16251793503761292,0.16251793503761292,2.7680790424346924,-1,,,
4,362,35246,0,22,18,1,0.9091802835464478,0.458944171667099,0.45023611187934875,16,0.16019275784492493,0.16019275784492493,2.7813222408294678,-1,,,
4,363,35247,0,22,18,8,0.8954350352287292,0.4539128839969635,0.44152215123176575,16,0.15966229140758514,0.15966229140758514,2.784015417098999,-1,,,
4,364,35248,0,22,18,3,0.8806052207946777,0.4473437964916229,0.4332614243030548,16,0.15801522135734558,0.15801522135734558,2.788440465927124,-1,,,
4,365,35249,0,22,18,8,0.86727374792099,0.4350331723690033,0.4322405755519867,16,0.15732496976852417,0.15732496976852417,2.8019139766693115,-1,,,
4,366,35250,0,22,18,8,0.856715738773346,0.4329184591770172,0.42379727959632874,16,0.15672419965267181,0.15672419965267181,2.808807373046875,-1,,,
4,367,35251,0,22,18,8,0.8467959761619568,0.4303964674472809,0.4163995087146759,16,0.15536494553089142,0.15536494553089142,2.808852195739746,-1,,,
4,368,35252,0,22,18,8,0.8370058536529541,0.42102956771850586,0.41597628593444824,16,0.1565803587436676,0.1565803587436676,2.812314987182617,-1,,,
4,369,35253,0,22,18,8,0.8324880003929138,0.42727285623550415,0.40521514415740967,16,0.15435771644115448,0.15435771644115448,2.811863899230957,-1,,,
4,370,35254,0,22,18,17,0.830480694770813,0.4254046380519867,0.4050760567188263,16,0.15503869950771332,0.15503869950771332,2.808253765106201,-1,,,
4,371,35255,0,22,18,8,0.830903172492981,0.4158564805984497,0.41504669189453125,17,0.1577710062265396,0.1577710062265396,2.797163248062134,-1,,,
4,372,35256,0,22,18,17,0.8320417404174805,0.42910245060920715,0.4029392898082733,19,0.1566166877746582,0.1566166877746582,2.800717830657959,-1,,,
4,373,35257,0,22,18,8,0.8315616250038147,0.4267113506793976,0.4048502743244171,16,0.15882596373558044,0.15882596373558044,2.791292428970337,-1,,,
4,374,35258,0,22,18,8,0.8316775560379028,0.4225207567214966,0.40915679931640625,16,0.16151608526706696,0.16151608526706696,2.7825207710266113,-1,,,
4,375,35259,0,22,18,14,0.8335575461387634,0.4263439178466797,0.40721362829208374,16,0.16156631708145142,0.16156631708145142,2.7766129970550537,-1,,,
4,376,35260,0,22,18,14,0.8406581282615662,0.42834705114364624,0.4123110771179199,16,0.16181479394435883,0.16181479394435883,2.7677321434020996,-1,,,
4,377,35261,0,22,18,14,0.8413767218589783,0.4325818419456482,0.4087948799133301,16,0.16626310348510742,0.16626310348510742,2.758014678955078,-1,,,
4,378,35262,0,22,18,14,0.8431547284126282,0.43505799770355225,0.4080967307090759,16,0.16448089480400085,0.16448089480400085,2.7498440742492676,-1,,,
4,379,35263,0,22,18,14,0.8406478762626648,0.440315306186676,0.40033257007598877,15,0.168418288230896,0.168418288230896,2.7476189136505127,-1,,,
4,380,35264,0,22,18,14,0.8460878133773804,0.451898455619812,0.39418935775756836,16,0.16651146113872528,0.16651146113872528,2.7502217292785645,-1,,,
4,381,35265,0,22,18,14,0.8540660738945007,0.45029035210609436,0.40377572178840637,18,0.1665765941143036,0.1665765941143036,2.7591521739959717,-1,,,
4,382,35266,0,22,18,6,0.8590629696846008,0.4644264876842499,0.39463648200035095,18,0.16320689022541046,0.16320689022541046,2.7501325607299805,-1,,,
4,383,35267,0,22,18,19,0.8764623999595642,0.4626813232898712,0.413781076669693,19,0.16276921331882477,0.16276921331882477,2.7594399452209473,-1,,,
5,0,35609,0,22,6,3,0.2642577588558197,0.23131969571113586,0.03293806314468384,3,0.06908341497182846,0.06908341497182846,3.0661332607269287,-1,,,
5,1,35610,0,1,6,6,0.2595668137073517,0.2595668137073517,0.0,1,1.0,1.0,-0.0,-1,,,
5,2,35611,0,1,6,6,0.25445425510406494,0.25445425510406494,0.0,1,1.0,1.0,-0.0,-1,,,
5,3,35612,0,1,6,6,0.2507666051387787,0.2507666051387787,0.0,1,1.0,1.0,-0.0,-1,,,
5,4,35613,0,1,6,6,0.24419642984867096,0.24419642984867096,0.0,1,1.0,1.0,-0.0,-1,,,
5,5,35614,0,1,6,6,0.23446322977542877,0.23446322977542877,0.0,1,1.0,1.0,-0.0,-1,,,
5,6,35615,0,22,6,3,0.22550848126411438,0.2143941968679428,0.01111428439617157,3,0.10543709248304367,0.10543709248304367,2.9458205699920654,-1,,,
5,7,35616,0,22,6,3,0.22039693593978882,0.20389968156814575,0.016497254371643066,2,0.10769739747047424,0.10769739747047424,2.935617685317993,-1,,,
5,8,35617,0,22,6,3,0.2162846475839615,0.20867536962032318,0.007609277963638306,2,0.11215467751026154,0.11215467751026154,2.9048750400543213,-1,,,
5,9,35618,0,22,6,3,0.21026526391506195,0.1958482712507248,0.014416992664337158,2,0.11663727462291718,0.11663727462291718,2.8839030265808105,-1,,,
5,10,35619,0,22,6,3,0.20482927560806274,0.20263822376728058,0.0021910518407821655,2,0.11874362081289291,0.11874362081289291,2.8758771419525146,-1,,,
5,11,35620,0,22,6,3,0.19613775610923767,0.18577781319618225,0.01035994291305542,2,0.12160144001245499,0.12160144001245499,2.853841543197632,-1,,,
5,12,35621,0,22,6,6,0.19287912547588348,0.19287912547588348,0.0,1,0.12222665548324585,0.12222665548324585,2.854995012283325,-1,,,
5,13,35622,0,22,6,3,0.19044210016727448,0.18511292338371277,0.0053291767835617065,2,0.12172215431928635,0.12172215431928635,2.8523409366607666,-1,,,
5,14,35623,0,22,6,6,0.18890200555324554,0.18890200555324554,0.0,1,0.12168154865503311,0.12168154865503311,2.8589682579040527,-1,,,
5,15,35624,0,22,6,6,0.1889171153306961,0.1889171153306961,0.0,1,0.12097413837909698,0.12097413837909698,2.8511290550231934,-1,,,
5,16,35625,0,22,6,6,0.19011685252189636,0.19011685252189636,0.0,1,0.12287677824497223,0.12287677824497223,2.8476085662841797,-1,,,
5,17,35626,0,22,6,6,0.19367057085037231,0.19367057085037231,0.0,1,0.12141521275043488,0.12141521275043488,2.8529891967773438,-1,,,
5,18,35627,0,22,6,6,0.1990428864955902,0.1990428864955902,0.0,1,0.123439721763134,0.123439721763134,2.8459043502807617,-1,,,
5,19,35628,0,22,6,3,0.20618395507335663,0.2024691104888916,0.003714844584465027,2,0.12382139265537262,0.12382139265537262,2.840097427368164,-1,,,
5,20,35629,0,22,6,3,0.2100265920162201,0.20855264365673065,0.001473948359489441,2,0.12233470380306244,0.12233470380306244,2.851112127304077,-1,,,
5,21,35630,0,22,6,3,0.21646572649478912,0.2021559625864029,0.01430976390838623,2,0.12164489924907684,0.12164489924907684,2.857119083404541,-1,,,
5,22,35631,0,22,6,3,0.2179676592350006,0.20085448026657104,0.017113178968429565,4,0.11866788566112518,0.11866788566112518,2.8666539192199707,-1,,,
5,23,35632,0,22,6,3,0.21771298348903656,0.1971435248851776,0.020569458603858948,2,0.11701156944036484,0.11701156944036484,2.8818776607513428,-1,,,
5,24,35633,0,22,6,3,0.21921956539154053,0.19287189841270447,0.02634766697883606,4,0.11401170492172241,0.11401170492172241,2.900374412536621,-1,,,
5,25,35634,0,22,6,3,0.21611621975898743,0.19560453295707703,0.0205116868019104,5,0.11257906258106232,0.11257906258106232,2.9069736003875732,-1,,,
5,26,35635,0,22,6,3,0.20507556200027466,0.19215936958789825,0.012916192412376404,4,0.11084988713264465,0.11084988713264465,2.9167556762695312,-1,,,
5,27,35636,0,22,6,3,0.20218253135681152,0.19484280049800873,0.007339730858802795,5,0.1120869591832161,0.1120869591832161,2.908874034881592,-1,,,
5,28,35637,0,22,6,2,0.2016705572605133,0.18760614097118378,0.014064416289329529,5,0.11379701644182205,0.11379701644182205,2.898881435394287,-1,,,
5,29,35638,0,22,6,3,0.19977478682994843,0.19276674091815948,0.00700804591178894,3,0.11592572182416916,0.11592572182416916,2.8805696964263916,-1,,,
5,30,35639,0,22,6,3,0.20579305291175842,0.20457027852535248,0.0012227743864059448,2,0.1181243360042572,0.1181243360042572,2.8730366230010986,-1,,,
5,31,35640,0,22,6,6,0.2134682536125183,0.2134682536125183,0.0,1,0.1163293644785881,0.1163293644785881,2.8732407093048096,-1,,,
5,32,35641,0,22,6,6,0.22019433975219727,0.22019433975219727,0.0,1,0.12047795206308365,0.12047795206308365,2.855713129043579,-1,,,
5,33,35642,0,22,6,6,0.23071803152561188,0.23071803152561188,0.0,1,0.1207619458436966,0.1207619458436966,2.853658676147461,-1,,,
5,34,35643,0,22,6,6,0.24680715799331665,0.24680715799331665,0.0,1,0.12330406159162521,0.12330406159162521,2.837078094482422,-1,,,
5,35,35644,0,22,6,6,0.2536090910434723,0.2536090910434723,0.0,1,0.12229356914758682,0.12229356914758682,2.8411965370178223,-1,,,
5,36,35645,0,22,6,6,0.2556593418121338,0.2556593418121338,0.0,1,0.12249987572431564,0.12249987572431564,2.844053030014038,-1,,,
5,37,35646,0,22,6,6,0.2567503750324249,0.2567503750324249,0.0,1,0.12044595927000046,0.12044595927000046,2.8523807525634766,-1,,,
5,38,35647,0,22,6,3,0.2516014575958252,0.2414519339799881,0.010149523615837097,3,0.12380966544151306,0.12380966544151306,2.8349101543426514,-1,,,
5,39,35648,0,22,6,3,0.24054589867591858,0.2248052954673767,0.01574060320854187,4,0.1244000792503357,0.1244000792503357,2.8350048065185547,-1,,,
5,40,35649,0,22,6,3,0.22662878036499023,0.2009906768798828,0.025638103485107422,5,0.12513761222362518,0.12513761222362518,2.8282532691955566,-1,,,
5,41,35650,0,22,6,12,0.21362370252609253,0.17802439630031586,0.03559930622577667,5,0.12322025001049042,0.12322025001049042,2.835273027420044,-1,,,
5,42,35651,0,22,6,5,0.2004237323999405,0.16067469120025635,0.03974904119968414,6,0.12205354124307632,0.12205354124307632,2.8548052310943604,-1,,,
5,43,35652,0,22,6,12,0.18818458914756775,0.13790835440158844,0.05027623474597931,6,0.11907226592302322,0.11907226592302322,2.8711726665496826,-1,,,
5,44,35653,0,22,6,3,0.17860345542430878,0.141206294298172,0.03739716112613678,6,0.11620412021875381,0.11620412021875381,2.8890440464019775,-1,,,
5,45,35654,0,22,6,3,0.17024357616901398,0.140276238322258,0.02996733784675598,6,0.11433533579111099,0.11433533579111099,2.903757095336914,-1,,,
5,46,35655,0,22,6,5,0.16634145379066467,0.13461963832378387,0.0317218154668808,7,0.11177734285593033,0.11177734285593033,2.910217523574829,-1,,,
5,47,35656,0,22,6,3,0.16933324933052063,0.15054447948932648,0.018788769841194153,7,0.10493165999650955,0.10493165999650955,2.947187662124634,-1,,,
5,48,35657,0,22,6,5,0.18054425716400146,0.15724021196365356,0.0233040452003479,7,0.1035752147436142,0.1035752147436142,2.9548020362854004,-1,,,
5,49,35658,0,22,6,3,0.18684399127960205,0.1760549545288086,0.010789036750793457,4,0.10026101022958755,0.10026101022958755,2.967162847518921,-1,,,
5,50,35659,0,22,6,1,0.19382061064243317,0.18701396882534027,0.0068066418170928955,6,0.09794668853282928,0.09794668853282928,2.9723503589630127,-1,,,
5,51,35660,0,22,6,3,0.19973938167095184,0.19454719126224518,0.005192190408706665,6,0.09918927401304245,0.09918927401304245,2.966798782348633,-1,,,
5,52,35661,0,22,6,3,0.20608162879943848,0.20254579186439514,0.003535836935043335,5,0.09257151931524277,0.09257151931524277,2.9920151233673096,-1,,,
5,53,35662,0,22,6,3,0.21406161785125732,0.20457997918128967,0.009481638669967651,7,0.09374835342168808,0.09374835342168808,2.9877583980560303,-1,,,
5,54,35663,0,22,6,5,0.22282302379608154,0.2078806310892105,0.014942392706871033,6,0.09697039425373077,0.09697039425373077,2.9784352779388428,-1,,,
5,55,35664,0,22,6,12,0.22473080456256866,0.20650449395179749,0.01822631061077118,6,0.0960986465215683,0.0960986465215683,2.979188919067383,-1,,,
5,56,35665,0,22,6,3,0.22256730496883392,0.2067805975675583,0.015786707401275635,3,0.09857174009084702,0.09857174009084702,2.9710700511932373,-1,,,
5,57,35666,0,22,6,12,0.22795654833316803,0.2030148208141327,0.02494172751903534,7,0.09815897792577744,0.09815897792577744,2.974125385284424,-1,,,
5,58,35667,0,22,6,12,0.23480959236621857,0.21872630715370178,0.016083285212516785,5,0.10073649138212204,0.10073649138212204,2.9650063514709473,-1,,,
5,59,35668,0,22,6,12,0.24060681462287903,0.22252750396728516,0.018079310655593872,7,0.09931382536888123,0.09931382536888123,2.965362787246704,-1,,,
5,60,35669,0,22,6,3,0.24417394399642944,0.23390133678913116,0.010272607207298279,5,0.09990250319242477,0.09990250319242477,2.9675095081329346,-1,,,
5,61,35670,0,22,6,3,0.24695776402950287,0.23220644891262054,0.014751315116882324,4,0.09932603687047958,0.09932603687047958,2.9725492000579834,-1,,,
5,62,35671,0,22,6,3,0.25028714537620544,0.23354893922805786,0.016738206148147583,3,0.098951555788517,0.098951555788517,2.970717191696167,-1,,,
5,63,35672,0,22,6,3,0.25500816106796265,0.24095025658607483,0.014057904481887817,4,0.09710459411144257,0.09710459411144257,2.9804983139038086,-1,,,
5,64,35673,0,22,6,12,0.25801077485084534,0.24181149899959564,0.016199275851249695,4,0.10290839523077011,0.10290839523077011,2.9530179500579834,-1,,,
5,65,35674,0,22,6,3,0.2572016716003418,0.25219008326530457,0.0050115883350372314,3,0.10247746109962463,0.10247746109962463,2.961871385574341,-1,,,
5,66,35675,0,22,6,12,0.2526947855949402,0.23880170285701752,0.013893082737922668,6,0.1016823947429657,0.1016823947429657,2.962157726287842,-1,,,
5,67,35676,0,22,6,18,0.2523465156555176,0.23126190900802612,0.021084606647491455,7,0.09828222543001175,0.09828222543001175,2.9783384799957275,-1,,,
5,68,35677,0,22,6,18,0.24916070699691772,0.23226647078990936,0.016894236207008362,6,0.09501976519823074,0.09501976519823074,2.991504430770874,-1,,,
5,69,35678,0,22,6,18,0.24437347054481506,0.23183795809745789,0.012535512447357178,4,0.09167101979255676,0.09167101979255676,3.0037684440612793,-1,,,
5,70,35679,0,22,6,18,0.23343051970005035,0.22241021692752838,0.011020302772521973,4,0.08879225701093674,0.08879225701093674,3.0141406059265137,-1,,,
5,71,35680,0,22,6,9,0.22710224986076355,0.21954108774662018,0.007561162114143372,3,0.0869707465171814,0.0869707465171814,3.016954183578491,-1,,,
5,72,35681,0,22,6,9,0.22074174880981445,0.21563783288002014,0.0051039159297943115,3,0.08677206188440323,0.08677206188440323,3.0210068225860596,-1,,,
5,73,35682,0,22,6,9,0.2180493175983429,0.208687424659729,0.009361892938613892,3,0.08611544966697693,0.08611544966697693,3.022019863128662,-1,,,
5,74,35683,0,22,6,18,0.21228070557117462,0.20519843697547913,0.007082268595695496,3,0.08746305108070374,0.08746305108070374,3.0138087272644043,-1,,,
5,75,35684,0,22,6,6,0.2036503553390503,0.2036503553390503,0.0,1,0.08539509028196335,0.08539509028196335,3.0182793140411377,-1,,,
5,76,35685,0,22,6,6,0.2000802606344223,0.2000802606344223,0.0,1,0.08487296849489212,0.08487296849489212,3.0239460468292236,-1,,,
5,77,35686,0,22,6,6,0.1976524293422699,0.1976524293422699,0.0,1,0.08492639660835266,0.08492639660835266,3.021383285522461,-1,,,
5,78,35687,0,22,6,10,0.1972588300704956,0.19012494385242462,0.007133886218070984,2,0.08816386759281158,0.08816386759281158,3.013800859451294,-1,,,
5,79,35688,0,22,6,10,0.1964201033115387,0.18930160999298096,0.007118493318557739,2,0.09177761524915695,0.09177761524915695,2.997468948364258,-1,,,
5,80,35689,0,22,6,10,0.19519326090812683,0.18987178802490234,0.005321472883224487,2,0.09234259277582169,0.09234259277582169,2.9947192668914795,-1,,,
5,81,35690,0,22,6,6,0.19102925062179565,0.19102925062179565,0.0,1,0.09474439173936844,0.09474439173936844,2.986344337463379,-1,,,
5,82,35691,0,22,6,6,0.19436989724636078,0.19436989724636078,0.0,1,0.09573794156312943,0.09573794156312943,2.982748031616211,-1,,,
5,83,35692,0,22,6,3,0.1994185745716095,0.19859641790390015,0.0008221566677093506,2,0.09565816074609756,0.09565816074609756,2.9849276542663574,-1,,,
5,84,35693,0,22,6,3,0.2061210721731186,0.2021128088235855,0.004008263349533081,3,0.0972515195608139,0.0972515195608139,2.9797768592834473,-1,,,
5,85,35694,0,22,6,3,0.2137109339237213,0.2072911113500595,0.006419822573661804,3,0.09880728274583817,0.09880728274583817,2.9755711555480957,-1,,,
5,86,35695,0,22,6,8,0.22346726059913635,0.21135738492012024,0.012109875679016113,5,0.10158950835466385,0.10158950835466385,2.964297294616699,-1,,,
5,87,35696,0,22,6,8,0.2318832278251648,0.22736045718193054,0.004522770643234253,4,0.10239751636981964,0.10239751636981964,2.960944652557373,-1,,,
5,88,35697,0,22,6,3,0.24185532331466675,0.2285076230764389,0.013347700238227844,6,0.10517778992652893,0.10517778992652893,2.942456007003784,-1,,,
5,89,35698,0,22,6,3,0.252420574426651,0.23516766726970673,0.017252907156944275,6,0.104554183781147,0.104554183781147,2.9550209045410156,-1,,,
5,90,35699,0,22,6,3,0.2620261609554291,0.2420533448457718,0.019972816109657288,5,0.10212641209363937,0.10212641209363937,2.967721700668335,-1,,,
5,91,35700,0,22,6,3,0.2716289758682251,0.24579310417175293,0.025835871696472168,6,0.10423418879508972,0.10423418879508972,2.956566333770752,-1,,,
5,92,35701,0,22,6,3,0.2788264751434326,0.24944330751895905,0.029383167624473572,7,0.10470966249704361,0.10470966249704361,2.954829454421997,-1,,,
5,93,35702,0,22,6,17,0.28375259041786194,0.25629815459251404,0.0274544358253479,6,0.10509644448757172,0.10509644448757172,2.946573257446289,-1,,,
5,94,35703,0,22,6,3,0.28678053617477417,0.24918979406356812,0.037590742111206055,7,0.10410688817501068,0.10410688817501068,2.953274965286255,-1,,,
5,95,35704,0,22,6,3,0.29007792472839355,0.2511843740940094,0.038893550634384155,7,0.10221385955810547,0.10221385955810547,2.964277982711792,-1,,,
5,96,35705,0,22,6,3,0.2919517457485199,0.2555193305015564,0.0364324152469635,7,0.10303694009780884,0.10303694009780884,2.9596755504608154,-1,,,
5,97,35706,0,22,6,3,0.2941170632839203,0.2526719570159912,0.04144510626792908,10,0.10320039093494415,0.10320039093494415,2.958028793334961,-1,,,
5,98,35707,0,22,6,3,0.2935801148414612,0.2369399070739746,0.05664020776748657,11,0.10341310501098633,0.10341310501098633,2.9572083950042725,-1,,,
5,99,35708,0,22,6,3,0.2939952611923218,0.23744134604930878,0.056553915143013,13,0.10374373197555542,0.10374373197555542,2.9498190879821777,-1,,,
5,100,35709,0,22,6,3,0.2935841977596283,0.23423689603805542,0.059347301721572876,13,0.10434024780988693,0.10434024780988693,2.9486255645751953,-1,,,
5,101,35710,0,22,6,3,0.29252806305885315,0.22940799593925476,0.06312006711959839,12,0.10516751557588577,0.10516751557588577,2.9392306804656982,-1,,,
5,102,35711,0,22,6,3,0.3052934408187866,0.2175741195678711,0.08771932125091553,11,0.10859370231628418,0.10859370231628418,2.927961587905884,-1,,,
5,103,35712,0,22,6,3,0.2960834503173828,0.2123539000749588,0.08372955024242401,9,0.10955104231834412,0.10955104231834412,2.9195940494537354,-1,,,
5,104,35713,0,22,6,3,0.2869085669517517,0.20906266570091248,0.07784590125083923,7,0.11113563925027847,0.11113563925027847,2.9107706546783447,-1,,,
5,105,35714,0,22,6,3,0.2752232551574707,0.19433704018592834,0.08088621497154236,7,0.11283690482378006,0.11283690482378006,2.8985114097595215,-1,,,
5,106,35715,0,22,6,3,0.26475992798805237,0.1928188055753708,0.07194112241268158,7,0.11394281685352325,0.11394281685352325,2.902329206466675,-1,,,
5,107,35716,0,22,6,3,0.24923460185527802,0.17519594728946686,0.07403865456581116,7,0.1152455061674118,0.1152455061674118,2.8957300186157227,-1,,,
5,108,35717,0,22,6,3,0.2347380816936493,0.18432341516017914,0.050414666533470154,7,0.11634094268083572,0.11634094268083572,2.890671730041504,-1,,,
5,109,35718,0,22,6,3,0.2235850989818573,0.18829147517681122,0.03529362380504608,7,0.11834035068750381,0.11834035068750381,2.878211498260498,-1,,,
5,110,35719,0,22,6,3,0.19745685160160065,0.16005849838256836,0.03739835321903229,6,0.12356400489807129,0.12356400489807129,2.8166844844818115,-1,,,
5,111,35720,0,22,6,3,0.19069455564022064,0.16831529140472412,0.02237926423549652,2,0.12088797241449356,0.12088797241449356,2.854344129562378,-1,,,
5,112,35721,0,22,6,6,0.1836729496717453,0.1836729496717453,0.0,1,0.11813697218894958,0.11813697218894958,2.863800048828125,-1,,,
5,113,35722,0,22,6,3,0.1820661723613739,0.1784493774175644,0.0036167949438095093,2,0.11873835325241089,0.11873835325241089,2.8758199214935303,-1,,,
5,114,35723,0,22,6,19,0.18118882179260254,0.17557866871356964,0.005610153079032898,3,0.1173829510807991,0.1173829510807991,2.883380174636841,-1,,,
5,115,35724,0,22,6,3,0.18084019422531128,0.1776537448167801,0.003186449408531189,3,0.11578194797039032,0.11578194797039032,2.891080856323242,-1,,,
5,116,35725,0,22,6,18,0.18025441467761993,0.1732998937368393,0.00695452094078064,4,0.11304755508899689,0.11304755508899689,2.902330160140991,-1,,,
5,117,35726,0,22,6,3,0.17954906821250916,0.16909058392047882,0.010458484292030334,4,0.11146634817123413,0.11146634817123413,2.9205877780914307,-1,,,
5,118,35727,0,22,6,3,0.18192729353904724,0.1638071984052658,0.018120095133781433,5,0.10821324586868286,0.10821324586868286,2.9309499263763428,-1,,,
5,119,35728,0,22,6,3,0.18695971369743347,0.16145481169223785,0.025504902005195618,5,0.10596418380737305,0.10596418380737305,2.940108060836792,-1,,,
5,120,35729,0,22,6,3,0.19299831986427307,0.155952587723732,0.03704573214054108,8,0.10356903821229935,0.10356903821229935,2.955573081970215,-1,,,
5,121,35730,0,22,6,3,0.1945265531539917,0.16081160306930542,0.03371495008468628,6,0.10161289572715759,0.10161289572715759,2.9608452320098877,-1,,,
5,122,35731,0,22,6,3,0.19229461252689362,0.15451659262180328,0.03777801990509033,8,0.09830064326524734,0.09830064326524734,2.9751265048980713,-1,,,
5,123,35732,0,22,6,3,0.1955842673778534,0.1611126810312271,0.03447158634662628,9,0.1025286540389061,0.1025286540389061,2.9558358192443848,-1,,,
5,124,35733,0,22,6,3,0.19758430123329163,0.1545739322900772,0.043010368943214417,10,0.10219921171665192,0.10219921171665192,2.954674482345581,-1,,,
5,125,35734,0,22,6,18,0.19729650020599365,0.1605159491300583,0.036780551075935364,12,0.09961891919374466,0.09961891919374466,2.967315912246704,-1,,,
5,126,35735,0,22,6,3,0.1930461823940277,0.1512821614742279,0.041764020919799805,6,0.10190393775701523,0.10190393775701523,2.960343360900879,-1,,,
5,127,35736,0,22,6,3,0.18768367171287537,0.14476123452186584,0.04292243719100952,7,0.10527633875608444,0.10527633875608444,2.941488742828369,-1,,,
5,128,35737,0,22,6,3,0.18128566443920135,0.1526421308517456,0.02864353358745575,5,0.1076778694987297,0.1076778694987297,2.9326331615448,-1,,,
5,129,35738,0,22,6,3,0.176323801279068,0.13927970826625824,0.03704409301280975,6,0.10834451764822006,0.10834451764822006,2.9278392791748047,-1,,,
5,130,35739,0,22,6,3,0.17767618596553802,0.13017776608467102,0.047498419880867004,8,0.10990473628044128,0.10990473628044128,2.9133846759796143,-1,,,
5,131,35740,0,22,6,3,0.17324113845825195,0.12717482447624207,0.04606631398200989,9,0.11000193655490875,0.11000193655490875,2.916203260421753,-1,,,
5,132,35741,0,22,6,3,0.17247238755226135,0.12642095983028412,0.046051427721977234,10,0.11181069165468216,0.11181069165468216,2.9069087505340576,-1,,,
5,133,35742,0,22,6,3,0.16972920298576355,0.12383624911308289,0.045892953872680664,7,0.11136342585086823,0.11136342585086823,2.9210782051086426,-1,,,
5,134,35743,0,22,6,3,0.1689627468585968,0.13864529132843018,0.030317455530166626,7,0.11361373960971832,0.11361373960971832,2.9050564765930176,-1,,,
5,135,35744,0,22,6,3,0.17521506547927856,0.139896422624588,0.03531864285469055,9,0.11399402469396591,0.11399402469396591,2.9025352001190186,-1,,,
5,136,35745,0,22,6,3,0.17469176650047302,0.1278504878282547,0.04684127867221832,9,0.11278846859931946,0.11278846859931946,2.8966472148895264,-1,,,
5,137,35746,0,22,6,3,0.1753407120704651,0.13537898659706116,0.03996172547340393,10,0.11323218792676926,0.11323218792676926,2.907412052154541,-1,,,
5,138,35747,0,22,6,3,0.17420150339603424,0.15118300914764404,0.023018494248390198,7,0.11263322085142136,0.11263322085142136,2.9173622131347656,-1,,,
5,139,35748,0,22,6,3,0.17708203196525574,0.15115433931350708,0.025927692651748657,9,0.11493557691574097,0.11493557691574097,2.896080732345581,-1,,,
5,140,35749,0,22,6,3,0.17989978194236755,0.14896929264068604,0.03093048930168152,9,0.11356988549232483,0.11356988549232483,2.907519578933716,-1,,,
5,141,35750,0,22,6,3,0.18421325087547302,0.14603202044963837,0.038181230425834656,8,0.11342862993478775,0.11342862993478775,2.9043819904327393,-1,,,
5,142,35751,0,22,6,18,0.18956796824932098,0.16886462271213531,0.02070334553718567,7,0.10886968672275543,0.10886968672275543,2.9351372718811035,-1,,,
5,143,35752,0,22,6,3,0.18840539455413818,0.1507355272769928,0.037669867277145386,11,0.11498080939054489,0.11498080939054489,2.875067949295044,-1,,,
5,144,35753,0,22,6,3,0.19262106716632843,0.1536100059747696,0.03901106119155884,8,0.11082206666469574,0.11082206666469574,2.9126110076904297,-1,,,
5,145,35754,0,22,6,3,0.1940692663192749,0.15749523043632507,0.03657403588294983,4,0.10663360357284546,0.10663360357284546,2.9378621578216553,-1,,,
5,146,35755,0,22,6,3,0.1915387511253357,0.1516970843076706,0.0398416668176651,5,0.10615384578704834,0.10615384578704834,2.937906265258789,-1,,,
5,147,35756,0,22,6,3,0.19120249152183533,0.15169855952262878,0.03950393199920654,4,0.10725492984056473,0.10725492984056473,2.9357244968414307,-1,,,
5,148,35757,0,22,6,3,0.18900136649608612,0.1419345885515213,0.04706677794456482,2,0.1075332835316658,0.1075332835316658,2.928154945373535,-1,,,
5,149,35758,0,22,6,3,0.18630331754684448,0.14206863939762115,0.04423467814922333,6,0.106795534491539,0.106795534491539,2.9329843521118164,-1,,,
5,150,35759,0,22,6,3,0.18292993307113647,0.13728241622447968,0.0456475168466568,6,0.10693207383155823,0.10693207383155823,2.9305241107940674,-1,,,
5,151,35760,0,22,6,3,0.17897069454193115,0.13474293053150177,0.04422776401042938,6,0.10815518349409103,0.10815518349409103,2.9236226081848145,-1,,,
5,152,35761,0,22,6,3,0.176726832985878,0.12994268536567688,0.04678414762020111,6,0.10928062349557877,0.10928062349557877,2.917792797088623,-1,,,
5,153,35762,0,22,6,3,0.17420382797718048,0.13202889263629913,0.04217493534088135,6,0.10974955558776855,0.10974955558776855,2.916609764099121,-1,,,
5,154,35763,0,22,6,3,0.17528977990150452,0.12790530920028687,0.04738447070121765,7,0.1120399534702301,0.1120399534702301,2.9071340560913086,-1,,,
5,155,35764,0,22,6,3,0.173307403922081,0.12830695509910583,0.04500044882297516,6,0.1131887286901474,0.1131887286901474,2.8977549076080322,-1,,,
5,156,35765,0,22,6,3,0.1726299226284027,0.12563367187976837,0.04699625074863434,6,0.11633079499006271,0.11633079499006271,2.8821828365325928,-1,,,
5,157,35766,0,22,6,3,0.17247000336647034,0.12761473655700684,0.0448552668094635,6,0.11631482094526291,0.11631482094526291,2.884876251220703,-1,,,
5,158,35767,0,22,6,3,0.17237570881843567,0.13030172884464264,0.04207397997379303,6,0.11802438646554947,0.11802438646554947,2.8758318424224854,-1,,,
5,159,35768,0,22,6,3,0.17267276346683502,0.14467330276966095,0.027999460697174072,6,0.1150512844324112,0.1150512844324112,2.8971405029296875,-1,,,
5,160,35769,0,22,6,3,0.1720130741596222,0.13774505257606506,0.03426802158355713,6,0.11565322428941727,0.11565322428941727,2.893949031829834,-1,,,
5,161,35770,0,22,6,3,0.17305074632167816,0.13547156751155853,0.03757917881011963,6,0.11644136160612106,0.11644136160612106,2.8937692642211914,-1,,,
5,162,35771,0,22,6,3,0.17411929368972778,0.13914941251277924,0.03496988117694855,6,0.11790631711483002,0.11790631711483002,2.8778858184814453,-1,,,
5,163,35772,0,22,6,3,0.17653252184391022,0.13874535262584686,0.037787169218063354,6,0.11671144515275955,0.11671144515275955,2.8923556804656982,-1,,,
5,164,35773,0,22,6,3,0.17688311636447906,0.14760996401309967,0.029273152351379395,6,0.11429590731859207,0.11429590731859207,2.9060802459716797,-1,,,
5,165,35774,0,22,6,3,0.17548884451389313,0.14316989481449127,0.032318949699401855,6,0.11374814063310623,0.11374814063310623,2.9069647789001465,-1,,,
5,166,35775,0,22,6,3,0.173773393034935,0.1502402275800705,0.023533165454864502,5,0.11245669424533844,0.11245669424533844,2.9145655632019043,-1,,,
5,167,35776,0,22,6,3,0.17121626436710358,0.14682160317897797,0.02439466118812561,4,0.11121070384979248,0.11121070384979248,2.922114372253418,-1,,,
5,168,35777,0,22,6,3,0.16871649026870728,0.15534886717796326,0.013367623090744019,2,0.11163382977247238,0.11163382977247238,2.9160568714141846,-1,,,
5,169,35778,0,22,6,3,0.16708561778068542,0.1535540521144867,0.01353156566619873,2,0.10876327008008957,0.10876327008008957,2.924175500869751,-1,,,
5,170,35779,0,22,6,6,0.16581991314888,0.16581991314888,0.0,1,0.10964584350585938,0.10964584350585938,2.925992965698242,-1,,,
5,171,35780,0,22,6,3,0.16285070776939392,0.16108465194702148,0.0017660558223724365,2,0.10874968767166138,0.10874968767166138,2.927626609802246,-1,,,
5,172,35781,0,22,6,6,0.16534438729286194,0.16534438729286194,0.0,1,0.10632811486721039,0.10632811486721039,2.9366097450256348,-1,,,
5,173,35782,0,22,6,6,0.16598963737487793,0.16598963737487793,0.0,1,0.1074475347995758,0.1074475347995758,2.9277358055114746,-1,,,
5,174,35783,0,22,6,3,0.1663878858089447,0.16406004130840302,0.002327844500541687,2,0.11025196313858032,0.11025196313858032,2.919405221939087,-1,,,
5,175,35784,0,22,6,6,0.16507336497306824,0.16507336497306824,0.0,1,0.11042970418930054,0.11042970418930054,2.9129602909088135,-1,,,
5,176,35785,0,22,6,6,0.1648743599653244,0.1648743599653244,0.0,1,0.11448895186185837,0.11448895186185837,2.896972417831421,-1,,,
5,177,35786,0,22,6,6,0.1627347469329834,0.1627347469329834,0.0,1,0.11744604259729385,0.11744604259729385,2.878087282180786,-1,,,
5,178,35787,0,22,6,3,0.16156166791915894,0.15640296041965485,0.005158707499504089,2,0.11945149302482605,0.11945149302482605,2.865086793899536,-1,,,
5,179,35788,0,22,6,3,0.16001944243907928,0.15867498517036438,0.0013444572687149048,2,0.11658274382352829,0.11658274382352829,2.8777928352355957,-1,,,
5,180,35789,0,22,6,6,0.15300150215625763,0.15300150215625763,0.0,1,0.12034126371145248,0.12034126371145248,2.8554561138153076,-1,,,
5,181,35790,0,22,6,6,0.15067684650421143,0.15067684650421143,0.0,1,0.11870025843381882,0.11870025843381882,2.8622632026672363,-1,,,
5,182,35791,0,22,6,6,0.150832399725914,0.150832399725914,0.0,1,0.11935295909643173,0.11935295909643173,2.872100591659546,-1,,,
5,183,35792,0,22,6,6,0.15307584404945374,0.15307584404945374,0.0,1,0.12128996104001999,0.12128996104001999,2.853346586227417,-1,,,
5,184,35793,0,22,6,6,0.15536706149578094,0.15536706149578094,0.0,1,0.12157150357961655,0.12157150357961655,2.8584842681884766,-1,,,
5,185,35794,0,22,6,0,0.16151942312717438,0.1561346799135208,0.0053847432136535645,3,0.12382344156503677,0.12382344156503677,2.836987018585205,-1,,,
5,186,35795,0,22,6,2,0.16323526203632355,0.1560651808977127,0.00717008113861084,2,0.12375536561012268,0.12375536561012268,2.8365042209625244,-1,,,
5,187,35796,0,22,6,2,0.1638171225786209,0.1524212509393692,0.011395871639251709,4,0.120838463306427,0.120838463306427,2.864330530166626,-1,,,
5,188,35797,0,22,6,2,0.16657859086990356,0.15595687925815582,0.010621711611747742,2,0.12169541418552399,0.12169541418552399,2.8585758209228516,-1,,,
5,189,35798,0,22,6,3,0.1676272302865982,0.16279497742652893,0.004832252860069275,2,0.11954730749130249,0.11954730749130249,2.873234987258911,-1,,,
5,190,35799,0,22,6,3,0.16382873058319092,0.16143791377544403,0.002390816807746887,2,0.12175911664962769,0.12175911664962769,2.855140447616577,-1,,,
5,191,35800,0,22,6,3,0.15781451761722565,0.14882248640060425,0.008992031216621399,2,0.12075703591108322,0.12075703591108322,2.851351737976074,-1,,,
5,192,35801,0,22,6,6,0.1518763154745102,0.1518763154745102,0.0,1,0.1178843230009079,0.1178843230009079,2.8714895248413086,-1,,,
5,193,35802,0,22,6,3,0.1450386643409729,0.14003127813339233,0.005007386207580566,2,0.11565139144659042,0.11565139144659042,2.889352560043335,-1,,,
5,194,35803,0,22,6,6,0.1402064710855484,0.1402064710855484,0.0,1,0.11391761898994446,0.11391761898994446,2.8957595825195312,-1,,,
5,195,35804,0,22,6,6,0.13696417212486267,0.13696417212486267,0.0,1,0.1128583699464798,0.1128583699464798,2.8996479511260986,-1,,,
5,196,35805,0,22,6,6,0.1332325041294098,0.1332325041294098,0.0,1,0.11232636123895645,0.11232636123895645,2.900195598602295,-1,,,
5,197,35806,0,22,6,6,0.13106392323970795,0.13106392323970795,0.0,1,0.11085508018732071,0.11085508018732071,2.908878803253174,-1,,,
5,198,35807,0,22,6,6,0.13300186395645142,0.13300186395645142,0.0,1,0.11031333357095718,0.11031333357095718,2.912022113800049,-1,,,
5,199,35808,0,22,6,3,0.13929493725299835,0.1358783096075058,0.0034166276454925537,2,0.11490164697170258,0.11490164697170258,2.892709732055664,-1,,,
5,200,35809,0,22,6,3,0.1425321400165558,0.13316312432289124,0.00936901569366455,2,0.11587730050086975,0.11587730050086975,2.8864307403564453,-1,,,
5,201,35810,0,22,6,3,0.1434430181980133,0.13042473793029785,0.013018280267715454,2,0.11826874315738678,0.11826874315738678,2.8725526332855225,-1,,,
5,202,35811,0,22,6,3,0.14483238756656647,0.12660010159015656,0.018232285976409912,4,0.1201421469449997,0.1201421469449997,2.859988212585449,-1,,,
5,203,35812,0,22,6,3,0.1459229290485382,0.1251753568649292,0.02074757218360901,4,0.11830002069473267,0.11830002069473267,2.8716421127319336,-1,,,
5,204,35813,0,22,6,3,0.1479032188653946,0.12553875148296356,0.02236446738243103,4,0.11809877306222916,0.11809877306222916,2.874694347381592,-1,,,
5,205,35814,0,22,6,3,0.14765094220638275,0.12345030158758163,0.024200640618801117,4,0.120383620262146,0.120383620262146,2.8637614250183105,-1,,,
5,206,35815,0,22,6,3,0.14729274809360504,0.12688250839710236,0.020410239696502686,4,0.12046466767787933,0.12046466767787933,2.8591318130493164,-1,,,
5,207,35816,0,22,6,3,0.1423240303993225,0.12480664253234863,0.017517387866973877,2,0.12167636305093765,0.12167636305093765,2.849308490753174,-1,,,
5,208,35817,0,22,6,3,0.14093121886253357,0.12556350231170654,0.015367716550827026,3,0.12292580306529999,0.12292580306529999,2.846942186355591,-1,,,
5,209,35818,0,22,6,3,0.1421637386083603,0.12998610734939575,0.012177631258964539,2,0.12204721570014954,0.12204721570014954,2.8416409492492676,-1,,,
5,210,35819,0,22,6,3,0.1406877487897873,0.1288144290447235,0.011873319745063782,2,0.12382607161998749,0.12382607161998749,2.845167398452759,-1,,,
5,211,35820,0,22,6,3,0.13941581547260284,0.1350904107093811,0.004325404763221741,2,0.12287057191133499,0.12287057191133499,2.850748300552368,-1,,,
5,212,35821,0,22,6,6,0.13826361298561096,0.13826361298561096,0.0,1,0.1225065290927887,0.1225065290927887,2.851545810699463,-1,,,
5,213,35822,0,22,6,6,0.1398034393787384,0.1398034393787384,0.0,1,0.12082165479660034,0.12082165479660034,2.8648505210876465,-1,,,
5,214,35823,0,22,6,3,0.14081650972366333,0.14015714824199677,0.0006593614816665649,2,0.12054762244224548,0.12054762244224548,2.8619444370269775,-1,,,
5,215,35824,0,22,6,6,0.14754003286361694,0.14754003286361694,0.0,1,0.11979740113019943,0.11979740113019943,2.8635590076446533,-1,,,
5,216,35825,0,22,6,6,0.15135736763477325,0.15135736763477325,0.0,1,0.11803565174341202,0.11803565174341202,2.870248556137085,-1,,,
5,217,35826,0,22,6,3,0.15424707531929016,0.14947828650474548,0.004768788814544678,2,0.11759159713983536,0.11759159713983536,2.8783316612243652,-1,,,
5,218,35827,0,22,6,3,0.1558946669101715,0.1496647298336029,0.0062299370765686035,2,0.11646164208650589,0.11646164208650589,2.885634660720825,-1,,,
5,219,35828,0,22,6,3,0.16154903173446655,0.15309248864650726,0.00845654308795929,3,0.11530093848705292,0.11530093848705292,2.888483762741089,-1,,,
5,220,35829,0,22,6,3,0.1656527817249298,0.15373988449573517,0.011912897229194641,2,0.11599447578191757,0.11599447578191757,2.880112409591675,-1,,,
5,221,35830,0,22,6,3,0.16766120493412018,0.15602296590805054,0.011638239026069641,2,0.11775137484073639,0.11775137484073639,2.8745625019073486,-1,,,
5,222,35831,0,22,6,3,0.17092421650886536,0.15364371240139008,0.01728050410747528,2,0.11750051379203796,0.11750051379203796,2.8689687252044678,-1,,,
5,223,35832,0,22,6,3,0.16981035470962524,0.15465278923511505,0.015157565474510193,2,0.1189674586057663,0.1189674586057663,2.8618688583374023,-1,,,
5,224,35833,0,22,6,3,0.17446750402450562,0.1518990397453308,0.022568464279174805,2,0.11967568844556808,0.11967568844556808,2.856802225112915,-1,,,
5,225,35834,0,22,6,3,0.17551767826080322,0.154126837849617,0.021390840411186218,2,0.12020068615674973,0.12020068615674973,2.8561251163482666,-1,,,
5,226,35835,0,22,6,3,0.179038405418396,0.1531485915184021,0.025889813899993896,5,0.1218501403927803,0.1218501403927803,2.8478822708129883,-1,,,
5,227,35836,0,22,6,3,0.17802372574806213,0.15678945183753967,0.02123427391052246,2,0.12287028878927231,0.12287028878927231,2.838799238204956,-1,,,
5,228,35837,0,22,6,3,0.17975378036499023,0.1562335044145584,0.023520275950431824,3,0.12334130704402924,0.12334130704402924,2.839944839477539,-1,,,
5,229,35838,0,22,6,3,0.18330183625221252,0.1629713773727417,0.020330458879470825,2,0.1252189576625824,0.1252189576625824,2.8277289867401123,-1,,,
5,230,35839,0,22,6,3,0.18469537794589996,0.16094914078712463,0.02374623715877533,4,0.12580350041389465,0.12580350041389465,2.817687511444092,-1,,,
5,231,35840,0,22,6,3,0.18872718513011932,0.16746599972248077,0.02126118540763855,4,0.1262161135673523,0.1262161135673523,2.8196585178375244,-1,,,
5,232,35841,0,22,6,3,0.19079658389091492,0.16482612490653992,0.025970458984375,2,0.12558245658874512,0.12558245658874512,2.817532777786255,-1,,,
5,233,35842,0,22,6,3,0.1940733939409256,0.17305897176265717,0.021014422178268433,2,0.1257108896970749,0.1257108896970749,2.8213369846343994,-1,,,
5,234,35843,0,22,6,3,0.19385485351085663,0.1772594153881073,0.01659543812274933,2,0.12442712485790253,0.12442712485790253,2.8271541595458984,-1,,,
5,235,35844,0,22,6,3,0.19745422899723053,0.17595116794109344,0.021503061056137085,2,0.12378443777561188,0.12378443777561188,2.8340797424316406,-1,,,
5,236,35845,0,22,6,3,0.19715392589569092,0.18215128779411316,0.015002638101577759,2,0.12206126749515533,0.12206126749515533,2.8469250202178955,-1,,,
5,237,35846,0,22,6,3,0.19646483659744263,0.17891258001327515,0.01755225658416748,2,0.12165733426809311,0.12165733426809311,2.8533899784088135,-1,,,
5,238,35847,0,22,6,3,0.1936941146850586,0.18217112123966217,0.011522993445396423,2,0.119828000664711,0.119828000664711,2.857438325881958,-1,,,
5,239,35848,0,22,6,3,0.19064265489578247,0.18503129482269287,0.0056113600730896,2,0.11730130016803741,0.11730130016803741,2.882798910140991,-1,,,
5,240,35849,0,22,6,6,0.18951699137687683,0.18951699137687683,0.0,1,0.11613426357507706,0.11613426357507706,2.8863930702209473,-1,,,
5,241,35850,0,22,6,6,0.185708150267601,0.185708150267601,0.0,1,0.11499390006065369,0.11499390006065369,2.889280080795288,-1,,,
5,242,35851,0,22,6,6,0.18469923734664917,0.18469923734664917,0.0,1,0.11180143058300018,0.11180143058300018,2.9070825576782227,-1,,,
5,243,35852,0,22,6,6,0.17776040732860565,0.17776040732860565,0.0,1,0.1108938604593277,0.1108938604593277,2.915463447570801,-1,,,
5,244,35853,0,22,6,6,0.1708860695362091,0.1708860695362091,0.0,1,0.1079201027750969,0.1079201027750969,2.9234890937805176,-1,,,
5,245,35854,0,22,6,6,0.164204940199852,0.164204940199852,0.0,1,0.10839908570051193,0.10839908570051193,2.922403573989868,-1,,,
5,246,35855,0,22,6,6,0.1597224771976471,0.1597224771976471,0.0,1,0.10990455746650696,0.10990455746650696,2.918307304382324,-1,,,
5,247,35856,0,22,6,6,0.1524415910243988,0.1524415910243988,0.0,1,0.11070258915424347,0.11070258915424347,2.912015676498413,-1,,,
5,248,35857,0,22,6,6,0.14583800733089447,0.14583800733089447,0.0,1,0.11241517215967178,0.11241517215967178,2.903573989868164,-1,,,
5,249,35858,0,22,6,6,0.1424546241760254,0.1424546241760254,0.0,1,0.11367057263851166,0.11367057263851166,2.898625612258911,-1,,,
5,250,35859,0,22,6,6,0.1422397345304489,0.1422397345304489,0.0,1,0.11283037811517715,0.11283037811517715,2.8960602283477783,-1,,,
5,251,35860,0,22,6,6,0.14261198043823242,0.14261198043823242,0.0,1,0.11275418102741241,0.11275418102741241,2.8978159427642822,-1,,,
5,252,35861,0,22,6,6,0.14737635850906372,0.14737635850906372,0.0,1,0.11387360841035843,0.11387360841035843,2.8959617614746094,-1,,,
5,253,35862,0,22,6,6,0.1502678245306015,0.1502678245306015,0.0,1,0.1137867420911789,0.1137867420911789,2.8985495567321777,-1,,,
5,254,35863,0,22,6,3,0.1542312204837799,0.14804607629776,0.0061851441860198975,3,0.11450031399726868,0.11450031399726868,2.8997185230255127,-1,,,
5,255,35864,0,22,6,3,0.1621955782175064,0.1545407474040985,0.007654830813407898,4,0.11439938843250275,0.11439938843250275,2.898721933364868,-1,,,
5,256,35865,0,22,6,3,0.16520270705223083,0.16338209807872772,0.0018206089735031128,2,0.11245600134134293,0.11245600134134293,2.911817789077759,-1,,,
5,257,35866,0,22,6,3,0.17034843564033508,0.14142447710037231,0.02892395853996277,5,0.11413242667913437,0.11413242667913437,2.8952038288116455,-1,,,
5,258,35867,0,22,6,3,0.17329998314380646,0.1422940492630005,0.03100593388080597,5,0.11321761459112167,0.11321761459112167,2.9040939807891846,-1,,,
5,259,35868,0,22,6,3,0.17902597784996033,0.1403675377368927,0.03865844011306763,6,0.11109483242034912,0.11109483242034912,2.9187819957733154,-1,,,
5,260,35869,0,22,6,3,0.18024258315563202,0.14294104278087616,0.03730154037475586,6,0.10832849144935608,0.10832849144935608,2.9338197708129883,-1,,,
5,261,35870,0,22,6,3,0.18449163436889648,0.13753750920295715,0.04695412516593933,7,0.1069432944059372,0.1069432944059372,2.940380334854126,-1,,,
5,262,35871,0,22,6,3,0.18712884187698364,0.14429815113544464,0.042830690741539,7,0.10831404477357864,0.10831404477357864,2.937005043029785,-1,,,
5,263,35872,0,22,6,3,0.1912326216697693,0.15533794462680817,0.03589467704296112,6,0.10529924929141998,0.10529924929141998,2.9496681690216064,-1,,,
5,264,35873,0,22,6,3,0.19819605350494385,0.16212846338748932,0.03606759011745453,6,0.1027781143784523,0.1027781143784523,2.958253860473633,-1,,,
5,265,35874,0,22,6,3,0.20875434577465057,0.1797189861536026,0.029035359621047974,8,0.10161646455526352,0.10161646455526352,2.963937759399414,-1,,,
5,266,35875,0,22,6,3,0.22150251269340515,0.1901259869337082,0.03137652575969696,8,0.1043228805065155,0.1043228805065155,2.9523444175720215,-1,,,
5,267,35876,0,22,6,18,0.24052107334136963,0.20634780824184418,0.03417326509952545,8,0.10569410771131516,0.10569410771131516,2.945044755935669,-1,,,
5,268,35877,0,22,6,3,0.2581687569618225,0.22234219312667847,0.03582656383514404,5,0.10714545845985413,0.10714545845985413,2.935107707977295,-1,,,
5,269,35878,0,22,6,3,0.2741484045982361,0.25584346055984497,0.018304944038391113,3,0.10948304831981659,0.10948304831981659,2.9216110706329346,-1,,,
5,270,35879,0,22,6,3,0.2889028489589691,0.25694242119789124,0.03196042776107788,3,0.11164484918117523,0.11164484918117523,2.909303903579712,-1,,,
5,271,35880,0,22,6,3,0.29940709471702576,0.2628234624862671,0.03658363223075867,3,0.11115673929452896,0.11115673929452896,2.9100751876831055,-1,,,
5,272,35881,0,22,6,3,0.3042190372943878,0.2649597227573395,0.03925931453704834,4,0.11354608088731766,0.11354608088731766,2.898555278778076,-1,,,
5,273,35882,0,22,6,3,0.3044392466545105,0.25098416209220886,0.053455084562301636,5,0.11638478934764862,0.11638478934764862,2.884943723678589,-1,,,
5,274,35883,0,22,6,3,0.30038416385650635,0.24080368876457214,0.059580475091934204,7,0.11806861311197281,0.11806861311197281,2.875871419906616,-1,,,
5,275,35884,0,22,6,3,0.28944480419158936,0.22784267365932465,0.06160213053226471,8,0.1163981631398201,0.1163981631398201,2.8807647228240967,-1,,,
5,276,35885,0,22,6,3,0.2805236279964447,0.2218463122844696,0.0586773157119751,8,0.11777737736701965,0.11777737736701965,2.8794851303100586,-1,,,
5,277,35886,0,22,6,3,0.2687864303588867,0.21343480050563812,0.055351629853248596,8,0.11543364077806473,0.11543364077806473,2.8793904781341553,-1,,,
5,278,35887,0,22,6,3,0.2612467110157013,0.21311630308628082,0.04813040792942047,8,0.11613019555807114,0.11613019555807114,2.889209747314453,-1,,,
5,279,35888,0,22,6,3,0.2507014870643616,0.21052280068397522,0.04017868638038635,8,0.11339528113603592,0.11339528113603592,2.907451868057251,-1,,,
5,280,35889,0,22,6,3,0.24142473936080933,0.21220865845680237,0.029216080904006958,8,0.1127067357301712,0.1127067357301712,2.907195568084717,-1,,,
5,281,35890,0,22,6,3,0.23128649592399597,0.20595712959766388,0.025329366326332092,8,0.10975572466850281,0.10975572466850281,2.9242773056030273,-1,,,
5,282,35891,0,22,6,3,0.2232324331998825,0.20756222307682037,0.015670210123062134,8,0.10615071654319763,0.10615071654319763,2.9439456462860107,-1,,,
5,283,35892,0,22,6,3,0.21672356128692627,0.2021367996931076,0.014586761593818665,5,0.10108205676078796,0.10108205676078796,2.964289426803589,-1,,,
5,284,35893,0,22,6,3,0.21226252615451813,0.20140230655670166,0.010860219597816467,3,0.10078267753124237,0.10078267753124237,2.970038414001465,-1,,,
5,285,35894,0,22,6,3,0.2123003602027893,0.2012721747159958,0.011028185486793518,7,0.0989646390080452,0.0989646390080452,2.973999500274658,-1,,,
5,286,35895,0,22,6,18,0.2112572193145752,0.19689299166202545,0.014364227652549744,4,0.09569363296031952,0.09569363296031952,2.9913442134857178,-1,,,
5,287,35896,0,22,6,18,0.21364463865756989,0.19375035166740417,0.01989428699016571,4,0.09522917121648788,0.09522917121648788,2.990123748779297,-1,,,
5,288,35897,0,22,6,18,0.21852217614650726,0.19908735156059265,0.019434824585914612,4,0.0940692126750946,0.0940692126750946,2.997847080230713,-1,,,
5,289,35898,0,22,6,18,0.2217213213443756,0.20313361287117004,0.018587708473205566,5,0.09154172241687775,0.09154172241687775,3.0021698474884033,-1,,,
5,290,35899,0,22,6,19,0.23078012466430664,0.21557477116584778,0.015205353498458862,2,0.08864595741033554,0.08864595741033554,3.010002374649048,-1,,,
5,291,35900,0,22,6,19,0.24438336491584778,0.23246397078037262,0.011919394135475159,5,0.08585699647665024,0.08585699647665024,3.012162446975708,-1,,,
5,292,35901,0,22,6,18,0.2608681321144104,0.2433142364025116,0.017553895711898804,8,0.08877779543399811,0.08877779543399811,3.006108045578003,-1,,,
5,293,35902,0,22,6,18,0.27330532670021057,0.24095475673675537,0.0323505699634552,12,0.09091299027204514,0.09091299027204514,3.001049041748047,-1,,,
5,294,35903,0,22,6,18,0.2836993336677551,0.24198128283023834,0.041718050837516785,12,0.09200537204742432,0.09200537204742432,2.991696834564209,-1,,,
5,295,35904,0,22,6,18,0.29191669821739197,0.24604356288909912,0.04587313532829285,13,0.09307248145341873,0.09307248145341873,2.9935083389282227,-1,,,
5,296,35905,0,22,6,18,0.2963120639324188,0.24458949267864227,0.05172257125377655,13,0.09326427429914474,0.09326427429914474,2.9910807609558105,-1,,,
5,297,35906,0,22,6,18,0.31517094373703003,0.24950183928012848,0.06566910445690155,12,0.09661845862865448,0.09661845862865448,2.964721202850342,-1,,,
5,298,35907,0,22,6,20,0.31885862350463867,0.24904638528823853,0.06981223821640015,8,0.10133963823318481,0.10133963823318481,2.9610602855682373,-1,,,
5,299,35908,0,22,6,20,0.31175166368484497,0.24125416576862335,0.07049749791622162,8,0.10361073911190033,0.10361073911190033,2.941348075866699,-1,,,
5,300,35909,0,22,6,20,0.2955499291419983,0.23293879628181458,0.06261113286018372,7,0.1003558486700058,0.1003558486700058,2.937265157699585,-1,,,
5,301,35910,0,22,6,19,0.28835049271583557,0.21094493567943573,0.07740555703639984,8,0.09744537621736526,0.09744537621736526,2.927107095718384,-1,,,
5,302,35911,0,22,6,19,0.28346583247184753,0.1988840103149414,0.08458182215690613,8,0.1064261868596077,0.1064261868596077,2.9213802814483643,-1,,,
5,303,35912,0,22,6,20,0.2784558832645416,0.1793641895055771,0.09909169375896454,7,0.10667368024587631,0.10667368024587631,2.921635389328003,-1,,,
5,304,35913,3,22,9,20,0.21688643097877502,0.18060822784900665,0.03627820312976837,4,0.09075949341058731,0.09075949341058731,2.9485020637512207,-1,,,
5,305,35914,3,1,9,9,0.17854012548923492,0.17854012548923492,0.0,1,1.0,1.0,-0.0,-1,,,
5,306,35915,3,1,9,9,0.15749233961105347,0.15749233961105347,0.0,1,1.0,1.0,-0.0,-1,,,
5,307,35916,3,1,9,9,0.14268280565738678,0.14268280565738678,0.0,1,1.0,1.0,-0.0,-1,,,
5,308,35917,3,1,9,9,0.1357489973306656,0.1357489973306656,0.0,1,1.0,1.0,-0.0,-1,,,
5,309,35918,3,1,9,9,0.13674262166023254,0.13674262166023254,0.0,1,1.0,1.0,-0.0,-1,,,
5,310,35919,3,22,9,19,0.13950347900390625,0.11376215517520905,0.025741323828697205,3,0.11698845028877258,0.11698845028877258,2.908848285675049,-1,,,
5,311,35920,3,22,9,19,0.14747363328933716,0.1097152903676033,0.037758342921733856,4,0.14890743792057037,0.14890743792057037,2.8307571411132812,-1,,,
5,312,35921,3,22,9,16,0.1552029252052307,0.12498310953378677,0.03021981567144394,4,0.18489868938922882,0.18489868938922882,2.754511594772339,-1,,,
5,313,35922,3,22,9,16,0.15921369194984436,0.12095683068037033,0.03825686126947403,3,0.16075313091278076,0.16075313091278076,2.8115615844726562,-1,,,
5,314,35923,3,22,9,16,0.17055629193782806,0.1188448891043663,0.05171140283346176,5,0.1571025401353836,0.1571025401353836,2.825073003768921,-1,,,
5,315,35924,3,22,9,16,0.17936581373214722,0.11752554029226303,0.061840273439884186,8,0.1719512939453125,0.1719512939453125,2.786142587661743,-1,,,
5,316,35925,3,22,9,16,0.19379597902297974,0.1214626356959343,0.07233334332704544,9,0.13702909648418427,0.13702909648418427,2.867903232574463,-1,,,
5,317,35926,3,22,9,16,0.20513802766799927,0.13227097690105438,0.07286705076694489,10,0.15686947107315063,0.15686947107315063,2.814981460571289,-1,,,
5,318,35927,3,22,9,0,0.21786898374557495,0.14189814031124115,0.0759708434343338,10,0.15736360847949982,0.15736360847949982,2.809844493865967,-1,,,
5,319,35928,3,22,9,0,0.22956207394599915,0.14390753209590912,0.08565454185009003,11,0.16931454837322235,0.16931454837322235,2.781273126602173,-1,,,
5,320,35929,3,22,9,21,0.24185924232006073,0.14045307040214539,0.10140617191791534,14,0.16074971854686737,0.16074971854686737,2.7956416606903076,-1,,,
5,321,35930,3,22,9,10,0.2572315037250519,0.12550312280654907,0.1317283809185028,14,0.18608200550079346,0.18608200550079346,2.7378103733062744,-1,,,
5,322,35931,3,22,9,10,0.26901692152023315,0.11851834505796432,0.15049857646226883,17,0.1457754373550415,0.1457754373550415,2.835533380508423,-1,,,
5,323,35932,3,22,9,10,0.28034019470214844,0.1128775030374527,0.16746269166469574,20,0.17276248335838318,0.17276248335838318,2.757533311843872,-1,,,
5,324,35933,3,22,9,19,0.2840676009654999,0.10665536671876907,0.1774122342467308,18,0.18976418673992157,0.18976418673992157,2.726571559906006,-1,,,
5,325,35934,3,22,9,19,0.29785916209220886,0.10579875856637955,0.19206040352582932,20,0.19304049015045166,0.19304049015045166,2.7142531871795654,-1,,,
5,326,35935,3,22,9,6,0.3120061457157135,0.10634645074605942,0.20565969496965408,21,0.12264669686555862,0.12264669686555862,2.8902244567871094,-1,,,
5,327,35936,3,22,9,6,0.3223643898963928,0.1055217832326889,0.21684260666370392,21,0.12435728311538696,0.12435728311538696,2.8848164081573486,-1,,,
5,328,35937,3,22,9,6,0.3350682854652405,0.0989893451333046,0.23607894033193588,20,0.21135084331035614,0.21135084331035614,2.6781671047210693,-1,,,
5,329,35938,3,22,9,6,0.3451794981956482,0.09584566950798035,0.24933382868766785,20,0.15394523739814758,0.15394523739814758,2.8163013458251953,-1,,,
5,330,35939,3,22,9,6,0.3621968924999237,0.09610666334629059,0.2660902291536331,21,0.2092609852552414,0.2092609852552414,2.682016611099243,-1,,,
5,331,35940,3,22,9,19,0.3814516067504883,0.08180511742830276,0.2996464893221855,21,0.16626815497875214,0.16626815497875214,2.7878482341766357,-1,,,
5,332,35941,3,22,9,19,0.40662604570388794,0.0831139087677002,0.32351213693618774,21,0.15439601242542267,0.15439601242542267,2.8250555992126465,-1,,,
5,333,35942,3,22,9,19,0.42619460821151733,0.0896473079919815,0.3365473002195358,21,0.14621980488300323,0.14621980488300323,2.8459150791168213,-1,,,
5,334,35943,3,22,9,4,0.4437517523765564,0.0911603569984436,0.3525913953781128,21,0.152297243475914,0.152297243475914,2.8233232498168945,-1,,,
5,335,35944,3,22,9,4,0.4657454490661621,0.0838438868522644,0.3819015622138977,21,0.16243457794189453,0.16243457794189453,2.8065226078033447,-1,,,
5,336,35945,3,22,9,4,0.4897817373275757,0.0921807512640953,0.3976009860634804,21,0.1950998604297638,0.1950998604297638,2.7346551418304443,-1,,,
5,337,35946,3,22,9,4,0.5150470733642578,0.09474033117294312,0.4203067421913147,21,0.15229512751102448,0.15229512751102448,2.8298301696777344,-1,,,
5,338,35947,3,22,9,19,0.5358578562736511,0.10447508096694946,0.43138277530670166,20,0.13848106563091278,0.13848106563091278,2.8619062900543213,-1,,,
5,339,35948,3,22,9,17,0.5571233034133911,0.09730003774166107,0.45982326567173004,21,0.12042424082756042,0.12042424082756042,2.90234637260437,-1,,,
5,340,35949,3,22,9,17,0.5770044326782227,0.10109366476535797,0.4759107679128647,21,0.1419593095779419,0.1419593095779419,2.8539745807647705,-1,,,
5,341,35950,3,22,9,1,0.5949494242668152,0.11659631878137589,0.4783531054854393,20,0.15876322984695435,0.15876322984695435,2.812342643737793,-1,,,
5,342,35951,3,22,9,4,0.610997200012207,0.11557288467884064,0.4954243153333664,20,0.12816675007343292,0.12816675007343292,2.879578113555908,-1,,,
5,343,35952,3,22,9,4,0.6304327845573425,0.10921704769134521,0.5212157368659973,20,0.11992442607879639,0.11992442607879639,2.9007327556610107,-1,,,
5,344,35953,3,22,9,4,0.6439983248710632,0.11649636179208755,0.5275019630789757,18,0.13889041543006897,0.13889041543006897,2.858246326446533,-1,,,
5,345,35954,3,22,9,4,0.653714656829834,0.09682793915271759,0.5568867176771164,20,0.17601075768470764,0.17601075768470764,2.774425745010376,-1,,,
5,346,35955,3,22,9,6,0.6182556748390198,0.09262223541736603,0.5256334394216537,19,0.19224843382835388,0.19224843382835388,2.724990129470825,-1,,,
5,347,35956,3,22,9,6,0.5810231566429138,0.09527609497308731,0.4857470616698265,18,0.20422135293483734,0.20422135293483734,2.697279930114746,-1,,,
5,348,35957,3,22,9,6,0.5428504943847656,0.10788890719413757,0.43496158719062805,19,0.1872921884059906,0.1872921884059906,2.7404556274414062,-1,,,
5,349,35958,3,22,9,6,0.5037646889686584,0.12435972690582275,0.3794049620628357,17,0.1880284547805786,0.1880284547805786,2.7428317070007324,-1,,,
5,350,35959,3,22,9,6,0.46727412939071655,0.13844288885593414,0.3288312405347824,17,0.21163426339626312,0.21163426339626312,2.6785500049591064,-1,,,
5,351,35960,3,22,9,6,0.42383018136024475,0.1422353982925415,0.28159478306770325,14,0.22498266398906708,0.22498266398906708,2.645665168762207,-1,,,
5,352,35961,3,22,9,6,0.38184577226638794,0.1539970487356186,0.22784872353076935,14,0.22450435161590576,0.22450435161590576,2.6485822200775146,-1,,,
5,353,35962,0,22,9,6,0.3447452187538147,0.15951894223690033,0.18522627651691437,15,0.22558721899986267,0.22558721899986267,2.647578001022339,-1,,,
5,354,35963,0,22,9,6,0.3480628430843353,0.1590060442686081,0.18905679881572723,13,0.22739845514297485,0.22739845514297485,2.6418919563293457,-1,,,
5,355,35964,0,22,9,6,0.35075268149375916,0.164966881275177,0.18578580021858215,14,0.22020293772220612,0.22020293772220612,2.6675901412963867,-1,,,
5,356,35965,0,22,9,6,0.3555605709552765,0.17339274287223816,0.18216782808303833,16,0.22297751903533936,0.22297751903533936,2.663058280944824,-1,,,
5,357,35966,0,22,9,6,0.3567672073841095,0.1748528778553009,0.1819143295288086,13,0.21536380052566528,0.21536380052566528,2.687932252883911,-1,,,
5,358,35967,0,22,9,6,0.35701918601989746,0.18968793749809265,0.1673312485218048,16,0.21325919032096863,0.21325919032096863,2.6934895515441895,-1,,,
5,359,35968,0,22,9,6,0.35585153102874756,0.18501314520835876,0.1708383858203888,13,0.2056514024734497,0.2056514024734497,2.7154407501220703,-1,,,
5,360,35969,0,22,9,6,0.35570359230041504,0.18357886373996735,0.1721247285604477,17,0.1801886260509491,0.1801886260509491,2.7748212814331055,-1,,,
5,361,35970,0,22,9,6,0.33054786920547485,0.17642711102962494,0.15412075817584991,14,0.18948286771774292,0.18948286771774292,2.7556896209716797,-1,,,
5,362,35971,0,22,9,6,0.30877089500427246,0.1644534170627594,0.14431747794151306,17,0.18881875276565552,0.18881875276565552,2.7592971324920654,-1,,,
5,363,35972,0,22,9,3,0.2911195158958435,0.15977667272090912,0.1313428431749344,18,0.12184536457061768,0.12184536457061768,2.9091107845306396,-1,,,
5,364,35973,0,22,9,3,0.2737772762775421,0.15007171034812927,0.12370556592941284,19,0.19806794822216034,0.19806794822216034,2.7339184284210205,-1,,,
5,365,35974,0,22,9,3,0.255964070558548,0.14587081968784332,0.11009325087070465,21,0.17687729001045227,0.17687729001045227,2.779913902282715,-1,,,
5,366,35975,0,22,9,3,0.24028706550598145,0.12532994151115417,0.11495712399482727,21,0.18163949251174927,0.18163949251174927,2.760477066040039,-1,,,
5,367,35976,0,22,9,6,0.22499389946460724,0.12375316768884659,0.10124073177576065,21,0.11311626434326172,0.11311626434326172,2.9164726734161377,-1,,,
5,368,35977,2,22,18,4,0.1975703239440918,0.09921295940876007,0.09835736453533173,20,0.0980735495686531,0.0980735495686531,3.0052309036254883,-1,,,
5,369,35978,2,1,18,18,0.1955350786447525,0.1955350786447525,0.0,1,1.0,1.0,-0.0,-1,,,
5,370,35979,2,1,18,18,0.193210169672966,0.193210169672966,0.0,1,1.0,1.0,-0.0,-1,,,
5,371,35980,2,1,18,18,0.1857234537601471,0.1857234537601471,0.0,1,1.0,1.0,-0.0,-1,,,
5,372,35981,2,1,18,18,0.1762782633304596,0.1762782633304596,0.0,1,1.0,1.0,-0.0,-1,,,
5,373,35982,2,1,18,18,0.1713060736656189,0.1713060736656189,0.0,1,1.0,1.0,-0.0,-1,,,
5,374,35983,2,22,18,6,0.16567039489746094,0.06865241378545761,0.09701798111200333,18,0.11242988705635071,0.11242988705635071,2.972287178039551,-1,,,
5,375,35984,2,22,18,6,0.16214334964752197,0.06596899777650833,0.09617435187101364,19,0.11767963320016861,0.11767963320016861,2.955226182937622,-1,,,
5,376,35985,2,22,18,19,0.15457914769649506,0.08324970304965973,0.07132944464683533,15,0.1353510320186615,0.1353510320186615,2.9111831188201904,-1,,,
5,377,35986,2,22,18,17,0.15311336517333984,0.08245963603258133,0.07065372914075851,16,0.11867118626832962,0.11867118626832962,2.952845335006714,-1,,,
5,378,35987,2,22,18,10,0.15143048763275146,0.07343374937772751,0.07799673825502396,17,0.1559915393590927,0.1559915393590927,2.851264238357544,-1,,,
5,379,35988,2,22,18,6,0.15254677832126617,0.07365685701370239,0.07888992130756378,16,0.15394409000873566,0.15394409000873566,2.856513261795044,-1,,,
5,380,35989,2,22,18,10,0.1517772078514099,0.08095129579305649,0.07082591205835342,13,0.16071689128875732,0.16071689128875732,2.834190845489502,-1,,,
5,381,35990,2,22,18,19,0.1535777747631073,0.08360864967107773,0.06996912509202957,12,0.16202221810817719,0.16202221810817719,2.829674482345581,-1,,,
5,382,35991,2,22,18,19,0.15503206849098206,0.09444408118724823,0.060587987303733826,7,0.1553276777267456,0.1553276777267456,2.82531476020813,-1,,,
