rollout_idx,rollout_step,truth_step_idx,event_subtype_id,feasible_action_count,selected_action_idx,best_action_idx,selected_candidate_cost,best_candidate_cost,candidate_cost_regret,selected_action_rank,selected_action_probability,max_action_probability,policy_entropy,q_top_action_idx,q_oracle_best_rank,selected_q_value,oracle_best_q_value
0,0,33300,3,22,0,2,0.19272847473621368,0.18545514345169067,0.00727333128452301,4,0.2004038691520691,0.2004038691520691,2.7790727615356445,-1,,,
0,1,33301,3,22,0,2,0.2006116360425949,0.1922951489686966,0.008316487073898315,5,0.19494637846946716,0.19494637846946716,2.787733554840088,-1,,,
0,2,33302,3,22,0,8,0.2101300060749054,0.1797362118959427,0.030393794178962708,9,0.17762216925621033,0.17762216925621033,2.829313039779663,-1,,,
0,3,33303,3,22,0,8,0.21971455216407776,0.17402157187461853,0.04569298028945923,13,0.18840152025222778,0.18840152025222778,2.8045945167541504,-1,,,
0,4,33304,3,22,0,8,0.22888807952404022,0.17305095493793488,0.05583712458610535,14,0.19821219146251678,0.19821219146251678,2.779817819595337,-1,,,
0,5,33305,3,22,0,1,0.23930177092552185,0.16512708365917206,0.07417468726634979,16,0.1836574375629425,0.1836574375629425,2.814453601837158,-1,,,
0,6,33306,3,22,0,5,0.24729466438293457,0.16843454539775848,0.07886011898517609,15,0.20326484739780426,0.20326484739780426,2.771484375,-1,,,
0,7,33307,0,22,0,5,0.2521556615829468,0.16850645840168,0.08364920318126678,15,0.18584927916526794,0.18584927916526794,2.809906005859375,-1,,,
0,8,33308,0,22,0,17,0.24638991057872772,0.16396142542362213,0.08242848515510559,17,0.18858982622623444,0.18858982622623444,2.8047935962677,-1,,,
0,9,33309,0,22,0,17,0.23954640328884125,0.1617831289768219,0.07776327431201935,17,0.1844942569732666,0.1844942569732666,2.8156626224517822,-1,,,
0,10,33310,0,22,0,17,0.23203381896018982,0.16786739230155945,0.06416642665863037,17,0.19615836441516876,0.19615836441516876,2.7862579822540283,-1,,,
0,11,33311,0,22,0,1,0.22365957498550415,0.17119242250919342,0.05246715247631073,17,0.197195366024971,0.197195366024971,2.78584623336792,-1,,,
0,12,33312,0,22,0,5,0.21482518315315247,0.17634271085262299,0.03848247230052948,17,0.18657487630844116,0.18657487630844116,2.8069121837615967,-1,,,
0,13,33313,0,22,0,18,0.20606201887130737,0.17701613903045654,0.02904587984085083,15,0.1832345724105835,0.1832345724105835,2.812290906906128,-1,,,
0,14,33314,0,22,0,18,0.19886882603168488,0.17053909599781036,0.02832973003387451,13,0.2493513971567154,0.2493513971567154,2.6613001823425293,-1,,,
0,15,33315,0,22,0,13,0.20894967019557953,0.16798853874206543,0.0409611314535141,16,0.24978192150592804,0.24978192150592804,2.6614606380462646,-1,,,
0,16,33316,0,22,0,13,0.22033581137657166,0.15140175819396973,0.06893405318260193,18,0.24459606409072876,0.24459606409072876,2.67215895652771,-1,,,
0,17,33317,0,22,0,13,0.23282474279403687,0.14781373739242554,0.08501100540161133,18,0.20779508352279663,0.20779508352279663,2.7567546367645264,-1,,,
0,18,33318,0,22,0,13,0.24649471044540405,0.14103782176971436,0.1054568886756897,18,0.19671276211738586,0.19671276211738586,2.7828006744384766,-1,,,
0,19,33319,0,22,0,13,0.2613925337791443,0.1449791043996811,0.1164134293794632,20,0.16870683431625366,0.16870683431625366,2.8388795852661133,-1,,,
0,20,33320,0,22,0,12,0.27742651104927063,0.13722005486488342,0.1402064561843872,20,0.23247624933719635,0.23247624933719635,2.703247547149658,-1,,,
0,21,33321,0,22,0,14,0.2935505509376526,0.12718917429447174,0.16636137664318085,20,0.26862600445747375,0.26862600445747375,2.6066677570343018,-1,,,
0,22,33322,1,22,0,14,0.309330016374588,0.11762253195047379,0.19170748442411423,20,0.2713013291358948,0.2713013291358948,2.60174298286438,-1,,,
0,23,33323,1,22,0,14,0.30948805809020996,0.11432038992643356,0.1951676681637764,20,0.23408138751983643,0.23408138751983643,2.6976771354675293,-1,,,
0,24,33324,1,22,0,14,0.3096470534801483,0.10873197019100189,0.20091508328914642,20,0.2677500247955322,0.2677500247955322,2.609182596206665,-1,,,
0,25,33325,1,22,0,14,0.3098433017730713,0.10773948580026627,0.20210381597280502,20,0.2551327645778656,0.2551327645778656,2.6438488960266113,-1,,,
0,26,33326,1,22,0,14,0.3100458085536957,0.11178509145975113,0.19826071709394455,21,0.22286063432693481,0.22286063432693481,2.7197482585906982,-1,,,
0,27,33327,1,22,0,14,0.3104218542575836,0.11568030714988708,0.19474154710769653,21,0.25914135575294495,0.25914135575294495,2.615415334701538,-1,,,
0,28,33328,1,22,0,19,0.3108219504356384,0.11126825958490372,0.1995536908507347,21,0.24820111691951752,0.24820111691951752,2.6273856163024902,-1,,,
0,29,33329,1,22,0,19,0.311358779668808,0.10585077106952667,0.2055080085992813,21,0.27774783968925476,0.27774783968925476,2.5831429958343506,-1,,,
0,30,33330,1,22,0,3,0.3119698464870453,0.0988781601190567,0.2130916863679886,22,0.2940686047077179,0.2940686047077179,2.539046049118042,-1,,,
0,31,33331,1,22,0,5,0.3125380575656891,0.09651274979114532,0.21602530777454376,22,0.28683578968048096,0.28683578968048096,2.552608013153076,-1,,,
0,32,33332,1,22,0,5,0.3131686747074127,0.09707886725664139,0.21608980745077133,22,0.2939052879810333,0.2939052879810333,2.5359866619110107,-1,,,
0,33,33333,1,22,0,4,0.31376728415489197,0.09831081330776215,0.21545647084712982,22,0.25791165232658386,0.25791165232658386,2.621464729309082,-1,,,
0,34,33334,1,22,0,4,0.31427210569381714,0.09810826182365417,0.21616384387016296,22,0.2620805501937866,0.2620805501937866,2.614089012145996,-1,,,
0,35,33335,1,22,0,5,0.3146868348121643,0.09443110972642899,0.22025572508573532,22,0.248432457447052,0.248432457447052,2.631953716278076,-1,,,
0,36,33336,1,22,0,5,0.3150750398635864,0.09348011016845703,0.2215949296951294,22,0.2748090922832489,0.2748090922832489,2.591789484024048,-1,,,
0,37,33337,1,22,0,5,0.315473735332489,0.09866705536842346,0.21680667996406555,22,0.2509271204471588,0.2509271204471588,2.645029067993164,-1,,,
0,38,33338,1,22,0,5,0.3154788613319397,0.10587719082832336,0.20960167050361633,22,0.2811431884765625,0.2811431884765625,2.5757341384887695,-1,,,
0,39,33339,1,22,0,5,0.3155905306339264,0.10765473544597626,0.20793579518795013,22,0.27199169993400574,0.27199169993400574,2.597240447998047,-1,,,
0,40,33340,1,22,0,5,0.3156711161136627,0.10388599336147308,0.21178512275218964,22,0.28214532136917114,0.28214532136917114,2.573633909225464,-1,,,
0,41,33341,1,22,0,5,0.31561851501464844,0.09885932505130768,0.21675918996334076,22,0.2764575481414795,0.2764575481414795,2.5894131660461426,-1,,,
0,42,33342,1,22,0,5,0.31569355726242065,0.09365425258874893,0.22203930467367172,22,0.2390829473733902,0.2390829473733902,2.684539318084717,-1,,,
0,43,33343,1,22,0,5,0.31576645374298096,0.09503383189439774,0.22073262184858322,22,0.2758539915084839,0.2758539915084839,2.5907626152038574,-1,,,
0,44,33344,1,22,0,5,0.3158704936504364,0.09849700331687927,0.21737349033355713,22,0.262005090713501,0.262005090713501,2.627687692642212,-1,,,
0,45,33345,1,22,0,5,0.31593233346939087,0.1041528731584549,0.21177946031093597,22,0.27317771315574646,0.27317771315574646,2.595597743988037,-1,,,
0,46,33346,1,22,0,5,0.3166722357273102,0.10386274755001068,0.2128094881772995,22,0.21656909584999084,0.21656909584999084,2.7498347759246826,-1,,,
0,47,33347,1,22,0,3,0.3173261284828186,0.10555806756019592,0.21176806092262268,22,0.23787954449653625,0.23787954449653625,2.6684112548828125,-1,,,
0,48,33348,1,22,0,5,0.3179282248020172,0.10553617030382156,0.21239205449819565,22,0.2299075722694397,0.2299075722694397,2.6704673767089844,-1,,,
0,49,33349,1,22,0,5,0.3188956379890442,0.11132857948541641,0.20756705850362778,22,0.24061210453510284,0.24061210453510284,2.640705108642578,-1,,,
0,50,33350,1,22,0,5,0.31973201036453247,0.12031153589487076,0.1994204744696617,22,0.24320422112941742,0.24320422112941742,2.629296064376831,-1,,,
0,51,33351,1,22,0,5,0.32055577635765076,0.13157683610916138,0.18897894024848938,22,0.2729701101779938,0.2729701101779938,2.5963377952575684,-1,,,
0,52,33352,1,22,0,3,0.3487721085548401,0.15322236716747284,0.19554974138736725,22,0.28561609983444214,0.28561609983444214,2.5643279552459717,-1,,,
0,53,33353,1,22,0,8,0.37755832076072693,0.1732836812734604,0.20427463948726654,22,0.29425927996635437,0.29425927996635437,2.5396695137023926,-1,,,
0,54,33354,1,22,0,8,0.4065721035003662,0.1893567442893982,0.21721535921096802,22,0.2902379035949707,0.2902379035949707,2.550950050354004,-1,,,
0,55,33355,1,22,0,8,0.4362523555755615,0.2068905085325241,0.22936184704303741,22,0.2918112576007843,0.2918112576007843,2.5461695194244385,-1,,,
0,56,33356,1,22,0,19,0.46698299050331116,0.20250403881072998,0.2644789516925812,22,0.2933622896671295,0.2933622896671295,2.5417985916137695,-1,,,
0,57,33357,1,22,0,19,0.4983444809913635,0.19133849442005157,0.30700598657131195,22,0.19087524712085724,0.19087524712085724,2.800609827041626,-1,,,
0,58,33358,1,22,0,19,0.5303798317909241,0.193155899643898,0.33722393214702606,22,0.19564493000507355,0.19564493000507355,2.7887485027313232,-1,,,
0,59,33359,0,22,0,19,0.56345534324646,0.20489220321178436,0.3585631400346756,22,0.19841782748699188,0.19841782748699188,2.783015727996826,-1,,,
0,60,33360,0,22,0,19,0.5703997015953064,0.21115338802337646,0.35924631357192993,22,0.18014191091060638,0.18014191091060638,2.8257625102996826,-1,,,
0,61,33361,0,22,0,19,0.5788429975509644,0.22304247319698334,0.355800524353981,22,0.18069693446159363,0.18069693446159363,2.8190789222717285,-1,,,
0,62,33362,0,22,0,19,0.5888126492500305,0.2374817132949829,0.3513309359550476,22,0.1832161843776703,0.1832161843776703,2.8188929557800293,-1,,,
0,63,33363,0,22,0,19,0.6002938747406006,0.2547400891780853,0.34555378556251526,22,0.17431959509849548,0.17431959509849548,2.8274428844451904,-1,,,
0,64,33364,0,22,0,6,0.6116793155670166,0.2705724239349365,0.3411068916320801,22,0.1542627364397049,0.1542627364397049,2.8940796852111816,-1,,,
0,65,33365,0,22,0,6,0.580683708190918,0.274033784866333,0.30664992332458496,22,0.11645261198282242,0.11645261198282242,2.9796934127807617,-1,,,
0,66,33366,0,22,0,6,0.5497721433639526,0.2755794823169708,0.2741926610469818,22,0.1310213804244995,0.1310213804244995,2.9473800659179688,-1,,,
0,67,33367,0,22,0,6,0.521446943283081,0.2822321355342865,0.23921480774879456,22,0.13745220005512238,0.13745220005512238,2.930039644241333,-1,,,
0,68,33368,0,22,0,6,0.49581843614578247,0.28879019618034363,0.20702823996543884,22,0.14907494187355042,0.14907494187355042,2.9040539264678955,-1,,,
0,69,33369,0,22,0,6,0.4695889949798584,0.2931336760520935,0.1764553189277649,22,0.1218736469745636,0.1218736469745636,2.966506004333496,-1,,,
0,70,33370,0,22,0,6,0.43983227014541626,0.28201958537101746,0.1578126847743988,22,0.07098890841007233,0.07098890841007233,3.045827627182007,-1,,,
0,71,33371,0,22,19,6,0.33527448773384094,0.25310513377189636,0.08216935396194458,16,0.06936880201101303,0.06936880201101303,3.046234369277954,-1,,,
0,72,33372,2,1,19,19,0.30953481793403625,0.30953481793403625,0.0,1,1.0,1.0,-0.0,-1,,,
0,73,33373,2,1,19,19,0.281535267829895,0.281535267829895,0.0,1,1.0,1.0,-0.0,-1,,,
0,74,33374,2,1,19,19,0.23897424340248108,0.23897424340248108,0.0,1,1.0,1.0,-0.0,-1,,,
0,75,33375,2,1,19,19,0.19898590445518494,0.19898590445518494,0.0,1,1.0,1.0,-0.0,-1,,,
0,76,33376,2,1,19,19,0.1650402843952179,0.1650402843952179,0.0,1,1.0,1.0,-0.0,-1,,,
0,77,33377,2,22,19,17,0.1354219913482666,0.12682203948497772,0.00859995186328888,3,0.11842259764671326,0.11842259764671326,2.985109567642212,-1,,,
0,78,33378,2,22,19,17,0.12786146998405457,0.1156952828168869,0.012166187167167664,4,0.11148863285779953,0.11148863285779953,3.0006556510925293,-1,,,
0,79,33379,2,22,19,16,0.12567447125911713,0.09854017943143845,0.02713429182767868,5,0.11204681545495987,0.11204681545495987,2.9981887340545654,-1,,,
0,80,33380,2,22,19,16,0.12435019016265869,0.09121443331241608,0.033135756850242615,6,0.11080500483512878,0.11080500483512878,3.000399589538574,-1,,,
0,81,33381,2,22,19,16,0.12199743092060089,0.08912616223096848,0.032871268689632416,5,0.10295621305704117,0.10295621305704117,3.013948678970337,-1,,,
0,82,33382,2,22,19,16,0.11925306171178818,0.09000217169523239,0.029250890016555786,5,0.09838090091943741,0.09838090091943741,3.0217370986938477,-1,,,
0,83,33383,2,22,19,16,0.1161760613322258,0.09160351008176804,0.024572551250457764,4,0.09590811282396317,0.09590811282396317,3.0279884338378906,-1,,,
0,84,33384,2,22,19,16,0.11450763046741486,0.09245103597640991,0.022056594491004944,4,0.09750154614448547,0.09750154614448547,3.0261473655700684,-1,,,
0,85,33385,2,22,19,16,0.11291974782943726,0.0938345342874527,0.019085213541984558,3,0.10285349190235138,0.10285349190235138,3.0159552097320557,-1,,,
0,86,33386,2,22,19,16,0.11069855839014053,0.09411926567554474,0.016579292714595795,4,0.10783545672893524,0.10783545672893524,3.002376079559326,-1,,,
0,87,33387,2,22,19,16,0.10835441946983337,0.09461817890405655,0.013736240565776825,4,0.12465972453355789,0.12465972453355789,2.9465482234954834,-1,,,
0,88,33388,2,22,19,16,0.12575125694274902,0.10563676059246063,0.02011449635028839,4,0.12431424856185913,0.12431424856185913,2.9549736976623535,-1,,,
0,89,33389,2,22,19,16,0.1445932239294052,0.12373247742652893,0.020860746502876282,4,0.12294679880142212,0.12294679880142212,2.9643797874450684,-1,,,
0,90,33390,2,22,19,16,0.16526776552200317,0.13390421867370605,0.03136354684829712,5,0.12363428622484207,0.12363428622484207,2.962662935256958,-1,,,
0,91,33391,2,22,19,16,0.18775387108325958,0.14849743247032166,0.03925643861293793,5,0.12259352207183838,0.12259352207183838,2.9566304683685303,-1,,,
0,92,33392,2,22,19,16,0.2107473462820053,0.1638648509979248,0.046882495284080505,8,0.12375205010175705,0.12375205010175705,2.9354400634765625,-1,,,
0,93,33393,2,22,19,18,0.23498040437698364,0.18788248300552368,0.04709792137145996,13,0.11224416643381119,0.11224416643381119,2.9100592136383057,-1,,,
0,94,33394,2,22,19,16,0.2600061893463135,0.2020585834980011,0.05794760584831238,14,0.11109069734811783,0.11109069734811783,2.9056739807128906,-1,,,
0,95,33395,0,22,19,18,0.2860911786556244,0.2091875970363617,0.0769035816192627,16,0.11260877549648285,0.11260877549648285,2.9114928245544434,-1,,,
0,96,33396,0,22,19,18,0.2954065799713135,0.22270993888378143,0.07269664108753204,16,0.11401647329330444,0.11401647329330444,2.911099672317505,-1,,,
0,97,33397,0,22,19,18,0.3069411516189575,0.24615567922592163,0.06078547239303589,16,0.11695487052202225,0.11695487052202225,2.9171714782714844,-1,,,
0,98,33398,0,22,19,3,0.31908270716667175,0.2750118672847748,0.04407083988189697,10,0.11784148216247559,0.11784148216247559,2.9137887954711914,-1,,,
0,99,33399,0,22,19,3,0.3291022777557373,0.286326140165329,0.042776137590408325,9,0.11817009001970291,0.11817009001970291,2.9130237102508545,-1,,,
0,100,33400,0,22,19,3,0.33740267157554626,0.30513304471969604,0.03226962685585022,9,0.11964115500450134,0.11964115500450134,2.963320016860962,-1,,,
0,101,33401,0,22,19,3,0.32392650842666626,0.29093286395072937,0.03299364447593689,6,0.12412826716899872,0.12412826716899872,2.9378578662872314,-1,,,
0,102,33402,0,22,19,3,0.31096479296684265,0.28427034616470337,0.026694446802139282,5,0.11965455859899521,0.11965455859899521,2.9637198448181152,-1,,,
0,103,33403,0,22,19,3,0.2973463833332062,0.27835986018180847,0.018986523151397705,5,0.122190460562706,0.122190460562706,2.9312286376953125,-1,,,
0,104,33404,0,22,19,6,0.28201839327812195,0.27817848324775696,0.0038399100303649902,5,0.11961208283901215,0.11961208283901215,2.9246630668640137,-1,,,
0,105,33405,0,22,19,19,0.2622556686401367,0.2622556686401367,0.0,1,0.11693903803825378,0.11693903803825378,2.916613817214966,-1,,,
0,106,33406,0,22,19,19,0.23788246512413025,0.23788246512413025,0.0,1,0.1114916279911995,0.1114916279911995,2.981229066848755,-1,,,
0,107,33407,0,22,19,19,0.22292053699493408,0.22292053699493408,0.0,1,0.12341338396072388,0.12341338396072388,2.9507088661193848,-1,,,
0,108,33408,3,22,19,17,0.22645635902881622,0.20888382196426392,0.017572537064552307,5,0.12526902556419373,0.12526902556419373,2.937211751937866,-1,,,
0,109,33409,3,22,19,17,0.273872435092926,0.2005961537361145,0.07327628135681152,7,0.12112478166818619,0.12112478166818619,2.94170880317688,-1,,,
0,110,33410,3,22,19,17,0.3277944326400757,0.2050401270389557,0.12275430560112,7,0.11925406008958817,0.11925406008958817,2.9671154022216797,-1,,,
0,111,33411,3,22,19,17,0.38220450282096863,0.20072995126247406,0.18147455155849457,9,0.11610468477010727,0.11610468477010727,2.974198579788208,-1,,,
0,112,33412,3,22,19,12,0.4285011887550354,0.2091137021780014,0.219387486577034,16,0.10453048348426819,0.10453048348426819,2.9876701831817627,-1,,,
0,113,33413,3,22,19,16,0.47464045882225037,0.19636565446853638,0.278274804353714,19,0.12194227427244186,0.12194227427244186,2.930701971054077,-1,,,
0,114,33414,3,22,19,21,0.5172268152236938,0.18349498510360718,0.33373183012008667,20,0.11297160387039185,0.11297160387039185,2.9148237705230713,-1,,,
0,115,33415,3,22,19,21,0.5464921593666077,0.21623210608959198,0.3302600532770157,20,0.1179392859339714,0.1179392859339714,2.9098405838012695,-1,,,
0,116,33416,3,22,19,10,0.5524490475654602,0.23433737456798553,0.31811167299747467,16,0.1241501048207283,0.1241501048207283,2.939026117324829,-1,,,
0,117,33417,3,22,19,10,0.5246198177337646,0.21922431886196136,0.3053954988718033,13,0.12396307289600372,0.12396307289600372,2.9539692401885986,-1,,,
0,118,33418,3,22,19,10,0.48026832938194275,0.19660775363445282,0.28366057574748993,12,0.12517479062080383,0.12517479062080383,2.9539453983306885,-1,,,
0,119,33419,3,22,19,10,0.42751285433769226,0.17452657222747803,0.25298628211021423,11,0.11788862943649292,0.11788862943649292,2.9765684604644775,-1,,,
0,120,33420,3,22,19,10,0.38260412216186523,0.16765917837619781,0.21494494378566742,11,0.12526310980319977,0.12526310980319977,2.9300479888916016,-1,,,
0,121,33421,3,22,19,8,0.34179985523223877,0.15334291756153107,0.1884569376707077,9,0.1262100487947464,0.1262100487947464,2.9281632900238037,-1,,,
0,122,33422,3,22,19,8,0.309453547000885,0.167368084192276,0.142085462808609,10,0.11665590852499008,0.11665590852499008,2.978309392929077,-1,,,
0,123,33423,3,22,19,8,0.28397709131240845,0.20728404819965363,0.07669304311275482,8,0.10653261095285416,0.10653261095285416,2.98919939994812,-1,,,
0,124,33424,3,22,19,15,0.26766154170036316,0.1842026263475418,0.08345891535282135,9,0.09831219166517258,0.09831219166517258,2.9984543323516846,-1,,,
0,125,33425,3,22,19,15,0.26598072052001953,0.18960587680339813,0.0763748437166214,11,0.10057569295167923,0.10057569295167923,2.990157127380371,-1,,,
0,126,33426,3,22,19,15,0.2744565010070801,0.2007703185081482,0.07368618249893188,11,0.10274892300367355,0.10274892300367355,2.9912147521972656,-1,,,
0,127,33427,3,22,19,17,0.2876133322715759,0.2158227413892746,0.07179059088230133,19,0.09708535671234131,0.09708535671234131,2.9959652423858643,-1,,,
0,128,33428,3,22,19,17,0.29542210698127747,0.21156644821166992,0.08385565876960754,18,0.09644310921430588,0.09644310921430588,2.991666555404663,-1,,,
0,129,33429,3,22,19,17,0.29678627848625183,0.21746325492858887,0.07932302355766296,17,0.09523231536149979,0.09523231536149979,2.9901108741760254,-1,,,
0,130,33430,3,22,19,17,0.2917787432670593,0.2245471030473709,0.06723164021968842,15,0.12182321399450302,0.12182321399450302,2.946143865585327,-1,,,
0,131,33431,3,22,19,12,0.3048498034477234,0.24273985624313354,0.062109947204589844,15,0.12356904149055481,0.12356904149055481,2.9437460899353027,-1,,,
0,132,33432,3,22,19,12,0.31283891201019287,0.2588866949081421,0.05395221710205078,15,0.12342032790184021,0.12342032790184021,2.9410743713378906,-1,,,
0,133,33433,3,22,19,12,0.31325000524520874,0.2678353190422058,0.04541468620300293,15,0.11831022053956985,0.11831022053956985,2.953564405441284,-1,,,
0,134,33434,3,22,19,12,0.30876362323760986,0.2705428898334503,0.038220733404159546,14,0.11932972073554993,0.11932972073554993,2.954148054122925,-1,,,
0,135,33435,3,22,19,3,0.3054628074169159,0.2597608268260956,0.04570198059082031,13,0.11754224449396133,0.11754224449396133,2.956092119216919,-1,,,
0,136,33436,3,22,19,3,0.307917058467865,0.2641146779060364,0.04380238056182861,11,0.11300282180309296,0.11300282180309296,2.907153606414795,-1,,,
0,137,33437,3,22,19,17,0.31410548090934753,0.2574518918991089,0.05665358901023865,9,0.11005214601755142,0.11005214601755142,2.9058873653411865,-1,,,
0,138,33438,0,22,19,12,0.3219473361968994,0.26373112201690674,0.058216214179992676,7,0.11049690842628479,0.11049690842628479,2.9059040546417236,-1,,,
0,139,33439,0,22,19,3,0.3078002631664276,0.24139375984668732,0.0664065033197403,7,0.112772636115551,0.112772636115551,2.9058635234832764,-1,,,
0,140,33440,0,22,19,3,0.29467976093292236,0.22968526184558868,0.06499449908733368,9,0.11279720067977905,0.11279720067977905,2.9084889888763428,-1,,,
0,141,33441,0,22,19,3,0.28300485014915466,0.220225527882576,0.06277932226657867,9,0.11311601102352142,0.11311601102352142,2.90918231010437,-1,,,
0,142,33442,0,22,19,3,0.273427814245224,0.2071903645992279,0.0662374496459961,8,0.11289287358522415,0.11289287358522415,2.911346435546875,-1,,,
0,143,33443,0,22,19,3,0.26097264885902405,0.1951196938753128,0.06585295498371124,7,0.11598178744316101,0.11598178744316101,2.9153764247894287,-1,,,
0,144,33444,0,22,19,3,0.24948950111865997,0.18496011197566986,0.06452938914299011,7,0.11818093806505203,0.11818093806505203,2.9344234466552734,-1,,,
0,145,33445,0,22,19,3,0.22179275751113892,0.1681176871061325,0.05367507040500641,6,0.113774374127388,0.113774374127388,2.9946694374084473,-1,,,
0,146,33446,0,22,19,3,0.19518990814685822,0.14712612330913544,0.04806378483772278,6,0.1153748631477356,0.1153748631477356,2.990931987762451,-1,,,
0,147,33447,0,22,19,3,0.17021912336349487,0.13943354785442352,0.03078557550907135,6,0.12399178743362427,0.12399178743362427,2.937138080596924,-1,,,
0,148,33448,0,22,19,17,0.14634768664836884,0.11532790213823318,0.03101978451013565,7,0.11882190406322479,0.11882190406322479,2.9812099933624268,-1,,,
0,149,33449,0,22,19,17,0.1264907568693161,0.11090460419654846,0.01558615267276764,4,0.12111316621303558,0.12111316621303558,2.976209878921509,-1,,,
0,150,33450,0,22,19,1,0.10717388242483139,0.1005781888961792,0.006595693528652191,4,0.12237576395273209,0.12237576395273209,2.9725401401519775,-1,,,
0,151,33451,0,22,19,19,0.09083911776542664,0.09083911776542664,0.0,1,0.11086811870336533,0.11086811870336533,2.9728729724884033,-1,,,
0,152,33452,1,22,19,19,0.07313992083072662,0.07313992083072662,0.0,1,0.11166465282440186,0.11166465282440186,2.9630610942840576,-1,,,
0,153,33453,1,22,19,19,0.07194280624389648,0.07194280624389648,0.0,1,0.11733025312423706,0.11733025312423706,2.9770283699035645,-1,,,
0,154,33454,1,22,19,17,0.071674644947052,0.06746481359004974,0.004209831357002258,2,0.0847252905368805,0.0847252905368805,3.014953374862671,-1,,,
0,155,33455,1,22,19,14,0.0745537057518959,0.06966619938611984,0.004887506365776062,3,0.09580674022436142,0.09580674022436142,3.015324831008911,-1,,,
0,156,33456,1,22,19,14,0.07322417199611664,0.06438657641410828,0.008837595582008362,2,0.09287580102682114,0.09287580102682114,3.0254433155059814,-1,,,
0,157,33457,1,22,19,5,0.07382886856794357,0.07141537964344025,0.0024134889245033264,2,0.11712571978569031,0.11712571978569031,2.9839253425598145,-1,,,
0,158,33458,1,22,19,5,0.0775817334651947,0.06934953480958939,0.008232198655605316,3,0.11201786249876022,0.11201786249876022,2.997683048248291,-1,,,
0,159,33459,1,22,19,5,0.08313959836959839,0.05875952169299126,0.024380076676607132,5,0.09997675567865372,0.09997675567865372,3.0149929523468018,-1,,,
0,160,33460,1,22,19,5,0.08656835556030273,0.066165991127491,0.020402364432811737,3,0.10553652793169022,0.10553652793169022,2.9903974533081055,-1,,,
0,161,33461,1,22,19,5,0.09284474700689316,0.07661335170269012,0.016231395304203033,4,0.11456724256277084,0.11456724256277084,2.968616008758545,-1,,,
0,162,33462,1,22,19,5,0.09242261201143265,0.06645355373620987,0.02596905827522278,6,0.09502186626195908,0.09502186626195908,3.0132052898406982,-1,,,
0,163,33463,1,22,19,17,0.09114989638328552,0.06435905396938324,0.026790842413902283,7,0.09040626883506775,0.09040626883506775,3.013075113296509,-1,,,
0,164,33464,1,22,19,5,0.09512634575366974,0.0744270533323288,0.020699292421340942,5,0.10165029019117355,0.10165029019117355,3.0063931941986084,-1,,,
0,165,33465,1,22,19,14,0.09232447296380997,0.07572995871305466,0.01659451425075531,3,0.09894535690546036,0.09894535690546036,3.0121498107910156,-1,,,
0,166,33466,1,22,19,3,0.08610372990369797,0.0730215534567833,0.013082176446914673,5,0.09954681992530823,0.09954681992530823,3.0114669799804688,-1,,,
0,167,33467,1,22,19,3,0.07881858199834824,0.06079357862472534,0.018025003373622894,6,0.11359853297472,0.11359853297472,2.9939048290252686,-1,,,
0,168,33468,1,22,19,5,0.07504964619874954,0.05572567135095596,0.01932397484779358,6,0.11919361352920532,0.11919361352920532,2.960671901702881,-1,,,
0,169,33469,1,22,19,3,0.0686955451965332,0.060324590653181076,0.008370954543352127,5,0.11126537621021271,0.11126537621021271,2.9941649436950684,-1,,,
0,170,33470,1,22,19,5,0.0689946785569191,0.053557947278022766,0.015436731278896332,5,0.09158186614513397,0.09158186614513397,2.9941842555999756,-1,,,
0,171,33471,1,22,19,5,0.06650291383266449,0.052517373114824295,0.013985540717840195,6,0.10053497552871704,0.10053497552871704,3.0019044876098633,-1,,,
0,172,33472,1,22,16,4,0.13092593848705292,0.05808999761939049,0.07283594086766243,17,0.10320161283016205,0.10320161283016205,2.971313953399658,-1,,,
0,173,33473,1,1,16,16,0.13788998126983643,0.13788998126983643,0.0,1,1.0,1.0,-0.0,-1,,,
0,174,33474,1,1,16,16,0.1421644389629364,0.1421644389629364,0.0,1,1.0,1.0,-0.0,-1,,,
0,175,33475,1,1,16,16,0.13907331228256226,0.13907331228256226,0.0,1,1.0,1.0,-0.0,-1,,,
0,176,33476,1,1,16,16,0.1349329948425293,0.1349329948425293,0.0,1,1.0,1.0,-0.0,-1,,,
0,177,33477,1,1,16,16,0.13307105004787445,0.13307105004787445,0.0,1,1.0,1.0,-0.0,-1,,,
0,178,33478,1,22,0,4,0.15611910820007324,0.06502607464790344,0.0910930335521698,22,0.1796874850988388,0.1796874850988388,2.7689101696014404,-1,,,
0,179,33479,1,1,0,0,0.16494357585906982,0.16494357585906982,0.0,1,1.0,1.0,-0.0,-1,,,
0,180,33480,1,1,0,0,0.17240628600120544,0.17240628600120544,0.0,1,1.0,1.0,-0.0,-1,,,
0,181,33481,1,1,0,0,0.17890256643295288,0.17890256643295288,0.0,1,1.0,1.0,-0.0,-1,,,
0,182,33482,1,1,0,0,0.18506772816181183,0.18506772816181183,0.0,1,1.0,1.0,-0.0,-1,,,
0,183,33483,1,1,0,0,0.1900167316198349,0.1900167316198349,0.0,1,1.0,1.0,-0.0,-1,,,
0,184,33484,1,22,0,8,0.22537554800510406,0.10822214186191559,0.11715340614318848,22,0.23532263934612274,0.23532263934612274,2.6924891471862793,-1,,,
0,185,33485,1,22,0,1,0.2588290572166443,0.13140913844108582,0.12741991877555847,22,0.27420586347579956,0.27420586347579956,2.600796937942505,-1,,,
0,186,33486,1,22,0,3,0.2918541729450226,0.13995766639709473,0.15189650654792786,22,0.203868106007576,0.203868106007576,2.759716033935547,-1,,,
0,187,33487,1,22,0,1,0.32225552201271057,0.16687791049480438,0.1553776115179062,22,0.19678598642349243,0.19678598642349243,2.7731716632843018,-1,,,
0,188,33488,1,22,0,3,0.3509107530117035,0.1569661945104599,0.1939445585012436,22,0.20693878829479218,0.20693878829479218,2.7514660358428955,-1,,,
0,189,33489,1,22,0,3,0.3786002993583679,0.15735416114330292,0.221246138215065,21,0.16451089084148407,0.16451089084148407,2.840588331222534,-1,,,
0,190,33490,1,22,0,3,0.40629303455352783,0.17113260924816132,0.23516042530536652,21,0.1656351238489151,0.1656351238489151,2.8368706703186035,-1,,,
0,191,33491,0,22,0,3,0.4323866665363312,0.18723183870315552,0.24515482783317566,21,0.1672305166721344,0.1672305166721344,2.8294618129730225,-1,,,
0,192,33492,0,22,0,3,0.4277428388595581,0.1920517086982727,0.2356911301612854,21,0.17061221599578857,0.17061221599578857,2.8254172801971436,-1,,,
0,193,33493,0,22,0,3,0.42342716455459595,0.18789011240005493,0.23553705215454102,21,0.16902101039886475,0.16902101039886475,2.8286285400390625,-1,,,
0,194,33494,0,22,0,3,0.41969937086105347,0.1930610090494156,0.22663836181163788,21,0.17826658487319946,0.17826658487319946,2.808959484100342,-1,,,
0,195,33495,0,22,0,3,0.41783609986305237,0.19961200654506683,0.21822409331798553,21,0.17407013475894928,0.17407013475894928,2.8200318813323975,-1,,,
0,196,33496,0,22,0,3,0.4168737530708313,0.2072019726037979,0.2096717804670334,22,0.17378243803977966,0.17378243803977966,2.821787118911743,-1,,,
0,197,33497,0,22,0,3,0.38539350032806396,0.1979883462190628,0.18740515410900116,22,0.14861448109149933,0.14861448109149933,2.891535997390747,-1,,,
0,198,33498,0,22,0,3,0.3543142080307007,0.18559759855270386,0.16871660947799683,22,0.1394583135843277,0.1394583135843277,2.914933443069458,-1,,,
0,199,33499,0,22,0,3,0.32369229197502136,0.1743941754102707,0.14929811656475067,22,0.16832229495048523,0.16832229495048523,2.839515209197998,-1,,,
0,200,33500,0,22,0,3,0.2888967990875244,0.15183085203170776,0.13706594705581665,22,0.11286566406488419,0.11286566406488419,2.976306438446045,-1,,,
0,201,33501,0,22,0,1,0.256988525390625,0.14693939685821533,0.11004912853240967,22,0.1260392665863037,0.1260392665863037,2.94865083694458,-1,,,
0,202,33502,0,22,0,1,0.22477586567401886,0.13101914525032043,0.09375672042369843,21,0.12246520817279816,0.12246520817279816,2.9548795223236084,-1,,,
0,203,33503,0,22,0,1,0.19146938621997833,0.11248272657394409,0.07898665964603424,21,0.15917885303497314,0.15917885303497314,2.8660287857055664,-1,,,
0,204,33504,2,22,0,5,0.15740373730659485,0.09608668088912964,0.06131705641746521,20,0.13069148361682892,0.13069148361682892,2.9329020977020264,-1,,,
0,205,33505,2,22,0,1,0.1543348878622055,0.09951622784137726,0.05481866002082825,20,0.13057950139045715,0.13057950139045715,2.937681198120117,-1,,,
0,206,33506,2,22,0,6,0.15250690281391144,0.09427995979785919,0.058226943016052246,20,0.11250710487365723,0.11250710487365723,2.9675512313842773,-1,,,
0,207,33507,2,22,0,6,0.1509743183851242,0.08738864958286285,0.06358566880226135,20,0.10136811435222626,0.10136811435222626,2.996931791305542,-1,,,
0,208,33508,2,22,0,6,0.15533924102783203,0.08996962755918503,0.065369613468647,20,0.09426146000623703,0.09426146000623703,3.0104470252990723,-1,,,
0,209,33509,2,22,4,6,0.09595442563295364,0.0860864669084549,0.009867958724498749,4,0.07480205595493317,0.07480205595493317,3.041893482208252,-1,,,
0,210,33510,2,1,4,4,0.08220440149307251,0.08220440149307251,0.0,1,1.0,1.0,-0.0,-1,,,
0,211,33511,2,1,4,4,0.07996159791946411,0.07996159791946411,0.0,1,1.0,1.0,-0.0,-1,,,
0,212,33512,2,1,4,4,0.07802136242389679,0.07802136242389679,0.0,1,1.0,1.0,-0.0,-1,,,
0,213,33513,2,1,4,4,0.07930160313844681,0.07930160313844681,0.0,1,1.0,1.0,-0.0,-1,,,
0,214,33514,2,1,4,4,0.07677523046731949,0.07677523046731949,0.0,1,1.0,1.0,-0.0,-1,,,
0,215,33515,2,22,19,4,0.11381454765796661,0.08164218068122864,0.032172366976737976,14,0.09474611282348633,0.09474611282348633,2.9667739868164062,-1,,,
0,216,33516,2,1,19,19,0.12715651094913483,0.12715651094913483,0.0,1,1.0,1.0,-0.0,-1,,,
0,217,33517,2,1,19,19,0.13755495846271515,0.13755495846271515,0.0,1,1.0,1.0,-0.0,-1,,,
0,218,33518,2,1,19,19,0.14991888403892517,0.14991888403892517,0.0,1,1.0,1.0,-0.0,-1,,,
0,219,33519,2,1,19,19,0.16220206022262573,0.16220206022262573,0.0,1,1.0,1.0,-0.0,-1,,,
0,220,33520,2,1,19,19,0.16514214873313904,0.16514214873313904,0.0,1,1.0,1.0,-0.0,-1,,,
0,221,33521,2,22,19,4,0.1654662936925888,0.09699279814958572,0.06847349554300308,21,0.09565315395593643,0.09565315395593643,3.0276942253112793,-1,,,
0,222,33522,2,22,19,4,0.16528083384037018,0.10121973603963852,0.06406109780073166,18,0.1031852439045906,0.1031852439045906,3.015389919281006,-1,,,
0,223,33523,2,22,19,4,0.1581234186887741,0.10527237504720688,0.05285104364156723,16,0.10438799113035202,0.10438799113035202,3.0144665241241455,-1,,,
0,224,33524,2,22,19,14,0.14992168545722961,0.10008284449577332,0.0498388409614563,13,0.09757639467716217,0.09757639467716217,3.0252773761749268,-1,,,
0,225,33525,2,22,19,4,0.14080993831157684,0.10995014756917953,0.03085979074239731,8,0.09880558401346207,0.09880558401346207,3.024193048477173,-1,,,
0,226,33526,2,22,19,14,0.13032999634742737,0.10802214592695236,0.022307850420475006,7,0.10832370072603226,0.10832370072603226,3.006654739379883,-1,,,
0,227,33527,2,22,19,16,0.11912523210048676,0.10137403756380081,0.017751194536685944,6,0.10602251440286636,0.10602251440286636,3.011233329772949,-1,,,
0,228,33528,2,22,19,16,0.11500131338834763,0.09573979675769806,0.019261516630649567,4,0.09944143146276474,0.09944143146276474,3.023207426071167,-1,,,
0,229,33529,2,22,19,21,0.1148592084646225,0.09657043218612671,0.01828877627849579,3,0.09894565492868423,0.09894565492868423,3.0242908000946045,-1,,,
0,230,33530,2,22,19,16,0.11939027905464172,0.09913457930088043,0.02025569975376129,4,0.10891450941562653,0.10891450941562653,3.0055642127990723,-1,,,
0,231,33531,2,22,19,16,0.12131305783987045,0.10223361104726791,0.01907944679260254,4,0.10644517838954926,0.10644517838954926,3.0078768730163574,-1,,,
0,232,33532,2,22,19,16,0.12030492722988129,0.10720109939575195,0.013103827834129333,3,0.12349863350391388,0.12349863350391388,2.955130100250244,-1,,,
0,233,33533,2,22,19,16,0.12258674204349518,0.1152212843298912,0.007365457713603973,2,0.12415031343698502,0.12415031343698502,2.955010175704956,-1,,,
0,234,33534,2,22,19,16,0.1267993301153183,0.12562203407287598,0.0011772960424423218,2,0.11249330639839172,0.11249330639839172,2.9980220794677734,-1,,,
0,235,33535,2,22,19,19,0.13232454657554626,0.13232454657554626,0.0,1,0.1045374870300293,0.1045374870300293,3.0124869346618652,-1,,,
0,236,33536,2,22,19,19,0.13859225809574127,0.13859225809574127,0.0,1,0.10885872691869736,0.10885872691869736,3.001781463623047,-1,,,
0,237,33537,2,22,19,19,0.1384742259979248,0.1384742259979248,0.0,1,0.10564874112606049,0.10564874112606049,3.0066936016082764,-1,,,
0,238,33538,2,22,19,19,0.1314568817615509,0.1314568817615509,0.0,1,0.11710049211978912,0.11710049211978912,2.914363145828247,-1,,,
0,239,33539,2,22,19,19,0.15826912224292755,0.15826912224292755,0.0,1,0.11864688247442245,0.11864688247442245,2.9155640602111816,-1,,,
0,240,33540,2,22,19,19,0.18744701147079468,0.18744701147079468,0.0,1,0.1279975026845932,0.1279975026845932,2.9378364086151123,-1,,,
0,241,33541,2,22,19,19,0.21249167621135712,0.21249167621135712,0.0,1,0.12639565765857697,0.12639565765857697,2.946021795272827,-1,,,
0,242,33542,2,22,19,17,0.23375196754932404,0.22470825910568237,0.009043708443641663,2,0.1277863085269928,0.1277863085269928,2.939309597015381,-1,,,
0,243,33543,2,22,19,17,0.2541481852531433,0.2280411720275879,0.02610701322555542,7,0.12945018708705902,0.12945018708705902,2.9413001537323,-1,,,
0,244,33544,2,22,19,17,0.2745952010154724,0.23462781310081482,0.03996738791465759,6,0.1205201968550682,0.1205201968550682,2.9123101234436035,-1,,,
0,245,33545,2,22,19,17,0.2978983521461487,0.24317879974842072,0.054719552397727966,7,0.12174583971500397,0.12174583971500397,2.9125518798828125,-1,,,
0,246,33546,0,22,19,17,0.32345911860466003,0.2604188919067383,0.06304022669792175,9,0.12236060202121735,0.12236060202121735,2.9199254512786865,-1,,,
0,247,33547,0,22,19,3,0.31966301798820496,0.24752771854400635,0.07213529944419861,14,0.12206753343343735,0.12206753343343735,2.9146978855133057,-1,,,
0,248,33548,0,22,19,3,0.3151482343673706,0.23691707849502563,0.07823115587234497,14,0.12005087733268738,0.12005087733268738,2.9171628952026367,-1,,,
0,249,33549,0,22,19,3,0.3126886188983917,0.2342657893896103,0.07842282950878143,14,0.11842664331197739,0.11842664331197739,2.9144649505615234,-1,,,
0,250,33550,0,22,19,3,0.3090710937976837,0.2292095571756363,0.07986153662204742,15,0.11814025044441223,0.11814025044441223,2.9179306030273438,-1,,,
0,251,33551,0,22,19,3,0.30026382207870483,0.21743187308311462,0.08283194899559021,13,0.12047068774700165,0.12047068774700165,2.9553334712982178,-1,,,
0,252,33552,0,22,19,3,0.2783823311328888,0.20954056084156036,0.06884177029132843,10,0.1223345473408699,0.1223345473408699,2.9410088062286377,-1,,,
0,253,33553,0,22,19,3,0.25999078154563904,0.2088867425918579,0.05110403895378113,15,0.11491352319717407,0.11491352319717407,2.9764888286590576,-1,,,
0,254,33554,0,22,19,3,0.24174164235591888,0.18316680192947388,0.05857484042644501,13,0.11094769835472107,0.11094769835472107,2.985926866531372,-1,,,
0,255,33555,0,22,19,18,0.22770053148269653,0.1595068871974945,0.06819364428520203,14,0.11460333317518234,0.11460333317518234,2.9755699634552,-1,,,
0,256,33556,0,22,19,18,0.21005767583847046,0.15476486086845398,0.05529281497001648,13,0.10445582121610641,0.10445582121610641,2.9904723167419434,-1,,,
0,257,33557,0,22,19,18,0.1911259889602661,0.14539535343647003,0.04573063552379608,12,0.10389672219753265,0.10389672219753265,2.989445209503174,-1,,,
0,258,33558,0,22,19,18,0.17246030271053314,0.12334062159061432,0.04911968111991882,13,0.10195823758840561,0.10195823758840561,2.993079423904419,-1,,,
0,259,33559,3,22,19,18,0.16003842651844025,0.09953135251998901,0.06050707399845123,12,0.1176600456237793,0.1176600456237793,2.9679760932922363,-1,,,
0,260,33560,3,22,19,18,0.16159585118293762,0.09736494719982147,0.06423090398311615,13,0.12197288125753403,0.12197288125753403,2.9239251613616943,-1,,,
0,261,33561,3,22,19,18,0.16336628794670105,0.12408915162086487,0.03927713632583618,11,0.12334407866001129,0.12334407866001129,2.932222604751587,-1,,,
0,262,33562,3,22,19,21,0.16729295253753662,0.1370401531457901,0.03025279939174652,10,0.11625263839960098,0.11625263839960098,2.9717438220977783,-1,,,
0,263,33563,3,22,19,17,0.16839270293712616,0.1561587154865265,0.01223398745059967,6,0.12301953881978989,0.12301953881978989,2.952265977859497,-1,,,
0,264,33564,3,22,19,21,0.17124150693416595,0.1461089849472046,0.025132521986961365,5,0.11633719503879547,0.11633719503879547,2.9705026149749756,-1,,,
0,265,33565,3,22,19,21,0.17574328184127808,0.15914824604988098,0.016595035791397095,2,0.12755165994167328,0.12755165994167328,2.932588577270508,-1,,,
0,266,33566,3,22,19,21,0.18585948646068573,0.15786457061767578,0.02799491584300995,5,0.12300633639097214,0.12300633639097214,2.9514217376708984,-1,,,
0,267,33567,3,22,19,21,0.20428155362606049,0.16641999781131744,0.03786155581474304,8,0.11668667942285538,0.11668667942285538,2.9743072986602783,-1,,,
0,268,33568,3,22,19,21,0.23170825839042664,0.18511421978473663,0.04659403860569,9,0.0987524464726448,0.0987524464726448,2.994457721710205,-1,,,
0,269,33569,3,22,19,21,0.26425230503082275,0.21396705508232117,0.05028524994850159,11,0.09721078723669052,0.09721078723669052,2.996335029602051,-1,,,
0,270,33570,3,22,19,21,0.3002023696899414,0.24183867871761322,0.058363690972328186,13,0.09609079360961914,0.09609079360961914,2.9955952167510986,-1,,,
0,271,33571,3,22,19,21,0.33543241024017334,0.2521568536758423,0.08327555656433105,18,0.1012633815407753,0.1012633815407753,2.9897778034210205,-1,,,
0,272,33572,3,22,19,21,0.3735605478286743,0.26429688930511475,0.10926365852355957,19,0.09872997552156448,0.09872997552156448,2.990785837173462,-1,,,
0,273,33573,3,22,19,8,0.41016334295272827,0.26080915331840515,0.14935418963432312,19,0.09516271948814392,0.09516271948814392,2.992536783218384,-1,,,
0,274,33574,3,22,19,8,0.44192004203796387,0.24148814380168915,0.20043189823627472,19,0.0957164466381073,0.0957164466381073,2.9874746799468994,-1,,,
0,275,33575,3,22,19,8,0.46345630288124084,0.22633486986160278,0.23712143301963806,17,0.09828689694404602,0.09828689694404602,2.9833168983459473,-1,,,
0,276,33576,3,22,19,9,0.48040950298309326,0.2311760038137436,0.24923349916934967,12,0.11154545098543167,0.11154545098543167,2.972896099090576,-1,,,
0,277,33577,3,22,19,7,0.49372148513793945,0.23899875581264496,0.2547227293252945,12,0.11094209551811218,0.11094209551811218,2.9786477088928223,-1,,,
0,278,33578,3,22,19,9,0.5083889961242676,0.23475171625614166,0.2736372798681259,12,0.09913254529237747,0.09913254529237747,2.989280939102173,-1,,,
0,279,33579,3,22,19,9,0.5281510353088379,0.22774235904216766,0.3004086762666702,13,0.09323233366012573,0.09323233366012573,2.994777202606201,-1,,,
0,280,33580,3,22,19,9,0.5488292574882507,0.24408316612243652,0.3047460913658142,17,0.09523821622133255,0.09523821622133255,2.9935977458953857,-1,,,
0,281,33581,3,22,19,20,0.568668007850647,0.25814881920814514,0.31051918864250183,19,0.1022031307220459,0.1022031307220459,2.9869136810302734,-1,,,
0,282,33582,3,22,19,20,0.5903159379959106,0.2624361217021942,0.32787981629371643,19,0.10072577744722366,0.10072577744722366,2.9940950870513916,-1,,,
0,283,33583,3,22,19,20,0.6137023568153381,0.2629992663860321,0.35070309042930603,19,0.11028041690587997,0.11028041690587997,2.9849588871002197,-1,,,
0,284,33584,3,22,19,9,0.6322323679924011,0.2672716975212097,0.3649606704711914,19,0.1082601323723793,0.1082601323723793,2.9858052730560303,-1,,,
0,285,33585,3,22,19,9,0.6421491503715515,0.26114124059677124,0.3810079097747803,19,0.11319105327129364,0.11319105327129364,2.9698433876037598,-1,,,
0,286,33586,3,22,19,9,0.6435372829437256,0.25777122378349304,0.38576605916023254,15,0.11324965953826904,0.11324965953826904,2.9728782176971436,-1,,,
0,287,33587,3,22,19,9,0.6349799633026123,0.25745725631713867,0.37752270698547363,13,0.12342667579650879,0.12342667579650879,2.9421589374542236,-1,,,
0,288,33588,3,22,19,9,0.6180383563041687,0.23592567443847656,0.38211268186569214,13,0.11440415680408478,0.11440415680408478,2.973400592803955,-1,,,
0,289,33589,3,22,19,9,0.5980362296104431,0.218323215842247,0.3797130137681961,12,0.10399781167507172,0.10399781167507172,2.9866294860839844,-1,,,
0,290,33590,3,22,19,20,0.575782835483551,0.22940267622470856,0.34638015925884247,12,0.09846105426549911,0.09846105426549911,2.992199182510376,-1,,,
0,291,33591,3,22,19,20,0.5537615418434143,0.24262012541294098,0.3111414164304733,12,0.0963839665055275,0.0963839665055275,2.997809886932373,-1,,,
0,292,33592,3,22,19,20,0.5319777131080627,0.26457902789115906,0.2673986852169037,14,0.10587595403194427,0.10587595403194427,2.982783079147339,-1,,,
0,293,33593,3,22,19,20,0.5125405788421631,0.28995564579963684,0.22258493304252625,13,0.10468126088380814,0.10468126088380814,2.9854915142059326,-1,,,
0,294,33594,3,22,19,8,0.49675846099853516,0.31556442379951477,0.18119403719902039,19,0.0984291136264801,0.0984291136264801,2.9892475605010986,-1,,,
0,295,33595,3,22,19,8,0.4831240475177765,0.2986077070236206,0.18451634049415588,18,0.11346874386072159,0.11346874386072159,2.974158763885498,-1,,,
0,296,33596,3,22,19,8,0.47032302618026733,0.3010345697402954,0.16928845643997192,18,0.10735650360584259,0.10735650360584259,2.980613946914673,-1,,,
0,297,33597,3,22,19,8,0.4593655467033386,0.28515487909317017,0.17421066761016846,18,0.11927621066570282,0.11927621066570282,2.947251319885254,-1,,,
0,298,33598,3,22,19,8,0.4497002363204956,0.2964340150356293,0.15326622128486633,18,0.12577097117900848,0.12577097117900848,2.9356400966644287,-1,,,
0,299,33599,3,22,19,8,0.43574967980384827,0.3033813238143921,0.13236835598945618,19,0.11803566664457321,0.11803566664457321,2.963366746902466,-1,,,
0,300,33600,3,22,19,20,0.42072534561157227,0.2902899980545044,0.13043534755706787,15,0.11384643614292145,0.11384643614292145,2.969770908355713,-1,,,
0,301,33601,3,22,19,20,0.40725311636924744,0.2778877317905426,0.12936538457870483,11,0.11888501048088074,0.11888501048088074,2.9594717025756836,-1,,,
0,302,33602,3,22,19,20,0.3932785391807556,0.2679901123046875,0.12528842687606812,12,0.12112690508365631,0.12112690508365631,2.9405717849731445,-1,,,
0,303,33603,3,22,19,20,0.3815726935863495,0.2733127176761627,0.10825997591018677,11,0.11546418815851212,0.11546418815851212,2.9187562465667725,-1,,,
0,304,33604,3,22,19,20,0.37317684292793274,0.3139536380767822,0.05922320485115051,10,0.1139385849237442,0.1139385849237442,2.90649676322937,-1,,,
0,305,33605,3,22,19,21,0.35808178782463074,0.30068665742874146,0.05739513039588928,10,0.11675763130187988,0.11675763130187988,2.9077820777893066,-1,,,
0,306,33606,3,22,19,21,0.3437715470790863,0.2978205978870392,0.04595094919204712,7,0.11844108998775482,0.11844108998775482,2.9109833240509033,-1,,,
0,307,33607,3,22,19,16,0.332210510969162,0.2771207392215729,0.05508977174758911,10,0.11734136193990707,0.11734136193990707,2.9119207859039307,-1,,,
0,308,33608,3,22,19,16,0.3205684721469879,0.2671661376953125,0.053402334451675415,9,0.11313147097826004,0.11313147097826004,2.9068944454193115,-1,,,
0,309,33609,3,22,19,16,0.3096802830696106,0.2506205141544342,0.05905976891517639,9,0.11187744140625,0.11187744140625,2.9056031703948975,-1,,,
0,310,33610,3,22,19,18,0.29733702540397644,0.2450898438692093,0.05224718153476715,11,0.11499417573213577,0.11499417573213577,2.915156126022339,-1,,,
0,311,33611,3,22,19,18,0.2856743037700653,0.2317347228527069,0.0539395809173584,11,0.11241882294416428,0.11241882294416428,2.9081926345825195,-1,,,
0,312,33612,0,22,19,18,0.27683451771736145,0.216693714261055,0.06014080345630646,12,0.11594431102275848,0.11594431102275848,2.917823076248169,-1,,,
0,313,33613,0,22,19,18,0.2782309055328369,0.2119622528553009,0.06626865267753601,14,0.11436985433101654,0.11436985433101654,2.909583568572998,-1,,,
0,314,33614,0,22,19,18,0.27974921464920044,0.20346896350383759,0.07628025114536285,14,0.11703309416770935,0.11703309416770935,2.9131391048431396,-1,,,
0,315,33615,0,22,19,18,0.2811812162399292,0.20822206139564514,0.07295915484428406,14,0.1177830696105957,0.1177830696105957,2.918365240097046,-1,,,
0,316,33616,0,22,19,18,0.2818405032157898,0.19669991731643677,0.08514058589935303,14,0.11975377053022385,0.11975377053022385,2.913132667541504,-1,,,
0,317,33617,0,22,19,18,0.2815741002559662,0.2029307335615158,0.07864336669445038,14,0.11877886205911636,0.11877886205911636,2.915537118911743,-1,,,
0,318,33618,0,22,19,18,0.28210777044296265,0.2083236426115036,0.07378412783145905,13,0.12242703139781952,0.12242703139781952,2.9497647285461426,-1,,,
0,319,33619,0,22,19,18,0.2566750645637512,0.19986550509929657,0.05680955946445465,11,0.12243127822875977,0.12243127822875977,2.9460957050323486,-1,,,
0,320,33620,0,22,19,18,0.23029734194278717,0.17977167665958405,0.050525665283203125,10,0.12318120896816254,0.12318120896816254,2.951011896133423,-1,,,
0,321,33621,0,22,19,18,0.2027440220117569,0.16381731629371643,0.038926705718040466,10,0.11395251750946045,0.11395251750946045,2.9873838424682617,-1,,,
0,322,33622,0,22,19,18,0.18064706027507782,0.15156613290309906,0.02908092737197876,9,0.11882562190294266,0.11882562190294266,2.977714776992798,-1,,,
0,323,33623,0,22,19,18,0.15198132395744324,0.1319645494222641,0.020016774535179138,4,0.1201237142086029,0.1201237142086029,2.9513888359069824,-1,,,
0,324,33624,0,22,19,18,0.12456779181957245,0.11536864936351776,0.009199142456054688,4,0.11572690308094025,0.11572690308094025,2.956982374191284,-1,,,
0,325,33625,0,22,19,19,0.09786233305931091,0.09786233305931091,0.0,1,0.11174314469099045,0.11174314469099045,2.984013795852661,-1,,,
0,326,33626,1,22,19,19,0.0721006765961647,0.0721006765961647,0.0,1,0.1110578402876854,0.1110578402876854,2.951258897781372,-1,,,
0,327,33627,1,22,19,19,0.07067004591226578,0.07067004591226578,0.0,1,0.09320806711912155,0.09320806711912155,3.0143208503723145,-1,,,
0,328,33628,1,22,19,19,0.06929462403059006,0.06929462403059006,0.0,1,0.09355749934911728,0.09355749934911728,3.0108604431152344,-1,,,
0,329,33629,1,22,19,19,0.0679415911436081,0.0679415911436081,0.0,1,0.09968559443950653,0.09968559443950653,3.010025978088379,-1,,,
0,330,33630,1,22,19,19,0.06061738356947899,0.06061738356947899,0.0,1,0.10111390054225922,0.10111390054225922,3.012824058532715,-1,,,
0,331,33631,1,22,19,19,0.05937734246253967,0.05937734246253967,0.0,1,0.099512979388237,0.099512979388237,3.021749496459961,-1,,,
0,332,33632,1,22,19,19,0.057564686983823776,0.057564686983823776,0.0,1,0.10895855724811554,0.10895855724811554,3.0046215057373047,-1,,,
0,333,33633,1,22,19,19,0.056014761328697205,0.056014761328697205,0.0,1,0.09680822491645813,0.09680822491645813,3.0081076622009277,-1,,,
0,334,33634,1,22,19,19,0.054015301167964935,0.054015301167964935,0.0,1,0.11551053822040558,0.11551053822040558,2.9701154232025146,-1,,,
0,335,33635,1,22,19,19,0.05424814671278,0.05424814671278,0.0,1,0.09813769161701202,0.09813769161701202,3.0078961849212646,-1,,,
0,336,33636,1,22,16,17,0.10819819569587708,0.05193978548049927,0.05625841021537781,18,0.0851505920290947,0.0851505920290947,3.013840436935425,-1,,,
0,337,33637,1,1,16,16,0.1180340126156807,0.1180340126156807,0.0,1,1.0,1.0,-0.0,-1,,,
0,338,33638,1,1,16,16,0.12408138066530228,0.12408138066530228,0.0,1,1.0,1.0,-0.0,-1,,,
0,339,33639,1,1,16,16,0.12437096983194351,0.12437096983194351,0.0,1,1.0,1.0,-0.0,-1,,,
0,340,33640,1,1,16,16,0.12335334718227386,0.12335334718227386,0.0,1,1.0,1.0,-0.0,-1,,,
0,341,33641,1,1,16,16,0.12248195707798004,0.12248195707798004,0.0,1,1.0,1.0,-0.0,-1,,,
0,342,33642,1,22,0,7,0.1601797342300415,0.08983120322227478,0.07034853100776672,19,0.15841089189052582,0.15841089189052582,2.7919564247131348,-1,,,
0,343,33643,1,1,0,0,0.16927868127822876,0.16927868127822876,0.0,1,1.0,1.0,-0.0,-1,,,
0,344,33644,1,1,0,0,0.17700359225273132,0.17700359225273132,0.0,1,1.0,1.0,-0.0,-1,,,
0,345,33645,1,1,0,0,0.18084362149238586,0.18084362149238586,0.0,1,1.0,1.0,-0.0,-1,,,
0,346,33646,1,1,0,0,0.18437224626541138,0.18437224626541138,0.0,1,1.0,1.0,-0.0,-1,,,
0,347,33647,1,1,0,0,0.1855623871088028,0.1855623871088028,0.0,1,1.0,1.0,-0.0,-1,,,
0,348,33648,1,22,0,21,0.1866742968559265,0.11009303480386734,0.07658126205205917,12,0.2723683714866638,0.2723683714866638,2.568890333175659,-1,,,
0,349,33649,1,22,0,15,0.18624523282051086,0.11004333943128586,0.076201893389225,12,0.29511788487434387,0.29511788487434387,2.5420353412628174,-1,,,
0,350,33650,1,22,0,15,0.18581928312778473,0.10820996016263962,0.07760932296514511,13,0.2854101359844208,0.2854101359844208,2.5685927867889404,-1,,,
0,351,33651,1,22,0,15,0.18435625731945038,0.10703849792480469,0.07731775939464569,16,0.27290910482406616,0.27290910482406616,2.5993974208831787,-1,,,
0,352,33652,1,22,0,15,0.18287166953086853,0.10685883462429047,0.07601283490657806,18,0.263020396232605,0.263020396232605,2.6208207607269287,-1,,,
0,353,33653,1,22,0,15,0.18102869391441345,0.10674852877855301,0.07428016513586044,19,0.2759222388267517,0.2759222388267517,2.5916945934295654,-1,,,
0,354,33654,1,22,0,15,0.1791352927684784,0.10682220757007599,0.0723130851984024,18,0.26919370889663696,0.26919370889663696,2.611365556716919,-1,,,
0,355,33655,1,22,0,21,0.17740486562252045,0.10655982047319412,0.07084504514932632,20,0.2567974030971527,0.2567974030971527,2.6391794681549072,-1,,,
0,356,33656,1,22,0,21,0.17604732513427734,0.10590291023254395,0.0701444149017334,21,0.25781604647636414,0.25781604647636414,2.6149725914001465,-1,,,
0,357,33657,1,22,0,21,0.1751149296760559,0.10462980717420578,0.07048512250185013,22,0.2626129984855652,0.2626129984855652,2.599292755126953,-1,,,
0,358,33658,1,22,0,21,0.1743738055229187,0.10392342507839203,0.07045038044452667,22,0.2683238089084625,0.2683238089084625,2.5886945724487305,-1,,,
0,359,33659,1,22,0,21,0.1740839183330536,0.10344595462083817,0.07063796371221542,22,0.2660752534866333,0.2660752534866333,2.5799691677093506,-1,,,
0,360,33660,1,22,0,21,0.17388896644115448,0.1033758893609047,0.07051307708024979,22,0.26761773228645325,0.26761773228645325,2.5759007930755615,-1,,,
0,361,33661,1,22,0,14,0.1739528477191925,0.10178202390670776,0.07217082381248474,22,0.2841262221336365,0.2841262221336365,2.5680325031280518,-1,,,
0,362,33662,1,22,0,14,0.1743156909942627,0.10179191827774048,0.07252377271652222,22,0.28936347365379333,0.28936347365379333,2.5577807426452637,-1,,,
0,363,33663,1,22,0,10,0.17467646300792694,0.10253936797380447,0.07213709503412247,22,0.29263660311698914,0.29263660311698914,2.5480587482452393,-1,,,
0,364,33664,1,22,0,10,0.1749209761619568,0.09882717579603195,0.07609380036592484,22,0.2854309678077698,0.2854309678077698,2.5644772052764893,-1,,,
0,365,33665,1,22,0,10,0.17539463937282562,0.0952259749174118,0.08016866445541382,22,0.29608818888664246,0.29608818888664246,2.5385079383850098,-1,,,
0,366,33666,1,22,0,10,0.17590948939323425,0.09356562793254852,0.08234386146068573,22,0.2930256128311157,0.2930256128311157,2.5443875789642334,-1,,,
0,367,33667,1,22,0,4,0.1764790117740631,0.09177535772323608,0.08470365405082703,22,0.29098132252693176,0.29098132252693176,2.5490570068359375,-1,,,
0,368,33668,1,22,0,4,0.19358578324317932,0.11403607577085495,0.07954970747232437,22,0.21270407736301422,0.21270407736301422,2.7385830879211426,-1,,,
0,369,33669,1,22,0,4,0.20995821058750153,0.13419386744499207,0.07576434314250946,22,0.2252952754497528,0.2252952754497528,2.7047624588012695,-1,,,
0,370,33670,1,22,0,5,0.22582046687602997,0.14472097158432007,0.0810994952917099,21,0.2752300798892975,0.2752300798892975,2.5875322818756104,-1,,,
0,371,33671,1,22,0,3,0.24143290519714355,0.15112973749637604,0.09030316770076752,20,0.20724324882030487,0.20724324882030487,2.745739459991455,-1,,,
0,372,33672,1,22,0,3,0.25696367025375366,0.15745656192302704,0.09950710833072662,18,0.245712012052536,0.245712012052536,2.656404495239258,-1,,,
0,373,33673,1,22,0,3,0.27193355560302734,0.16519658267498016,0.10673697292804718,16,0.1844664365053177,0.1844664365053177,2.7959494590759277,-1,,,
0,374,33674,1,22,0,3,0.28673043847084045,0.17277054488658905,0.1139598935842514,15,0.1817013919353485,0.1817013919353485,2.801304578781128,-1,,,
0,375,33675,0,22,0,5,0.3020097613334656,0.18360421061515808,0.1184055507183075,15,0.18020810186862946,0.18020810186862946,2.799128532409668,-1,,,
0,376,33676,0,22,0,5,0.301939457654953,0.1899167150259018,0.11202274262905121,14,0.19457702338695526,0.19457702338695526,2.771392822265625,-1,,,
0,377,33677,0,22,0,1,0.30136480927467346,0.19215676188468933,0.10920804738998413,16,0.18860086798667908,0.18860086798667908,2.78047776222229,-1,,,
0,378,33678,0,22,0,3,0.30113038420677185,0.18836688995361328,0.11276349425315857,17,0.18488380312919617,0.18488380312919617,2.7901782989501953,-1,,,
0,379,33679,0,22,0,3,0.30108970403671265,0.18364861607551575,0.1174410879611969,17,0.14039483666419983,0.14039483666419983,2.914886713027954,-1,,,
0,380,33680,0,22,0,3,0.3011951744556427,0.17643846571445465,0.12475670874118805,18,0.16964158415794373,0.16964158415794373,2.832124948501587,-1,,,
0,381,33681,0,22,0,3,0.3024424910545349,0.18395543098449707,0.11848706007003784,19,0.18212200701236725,0.18212200701236725,2.793748617172241,-1,,,
0,382,33682,0,22,0,3,0.30548399686813354,0.1879916787147522,0.11749231815338135,20,0.14714109897613525,0.14714109897613525,2.9030938148498535,-1,,,
0,383,33683,0,22,0,3,0.3104754686355591,0.19362764060497284,0.11684782803058624,16,0.18567009270191193,0.18567009270191193,2.7894461154937744,-1,,,
1,0,33684,0,22,0,6,0.45232462882995605,0.20112310349941254,0.2512015253305435,22,0.17411857843399048,0.17411857843399048,2.8378336429595947,-1,,,
1,1,33685,0,22,0,6,0.4130267798900604,0.18685013055801392,0.2261766493320465,22,0.13756892085075378,0.13756892085075378,2.930279016494751,-1,,,
1,2,33686,0,22,0,6,0.3731497824192047,0.16706165671348572,0.206088125705719,22,0.0749354287981987,0.0749354287981987,3.0385067462921143,-1,,,
1,3,33687,2,22,0,20,0.33670490980148315,0.13340133428573608,0.20330357551574707,22,0.1353810578584671,0.1353810578584671,2.938854932785034,-1,,,
1,4,33688,2,22,0,20,0.34749290347099304,0.13491150736808777,0.21258139610290527,22,0.07228869199752808,0.07228869199752808,3.0399537086486816,-1,,,
1,5,33689,2,22,0,20,0.35779932141304016,0.1356842815876007,0.22211503982543945,22,0.0748613178730011,0.0748613178730011,3.0375914573669434,-1,,,
1,6,33690,2,22,0,6,0.36897242069244385,0.12972132861614227,0.23925109207630157,22,0.07625018805265427,0.07625018805265427,3.0350501537323,-1,,,
1,7,33691,2,22,0,6,0.37589454650878906,0.12788106501102448,0.2480134814977646,22,0.18406420946121216,0.18406420946121216,2.821863889694214,-1,,,
1,8,33692,2,22,0,6,0.37984809279441833,0.12386558204889297,0.25598251074552536,22,0.10930170118808746,0.10930170118808746,2.979247570037842,-1,,,
1,9,33693,2,22,0,6,0.38005125522613525,0.13040877878665924,0.249642476439476,22,0.07049903273582458,0.07049903273582458,3.0450336933135986,-1,,,
1,10,33694,2,22,0,3,0.37916281819343567,0.1378716230392456,0.24129119515419006,22,0.08974575996398926,0.08974575996398926,3.0092146396636963,-1,,,
1,11,33695,2,22,0,3,0.3735552728176117,0.15270568430423737,0.22084958851337433,22,0.09177380055189133,0.09177380055189133,3.006855010986328,-1,,,
1,12,33696,2,22,0,3,0.37019723653793335,0.16657935082912445,0.2036178857088089,22,0.09589355438947678,0.09589355438947678,3.00650954246521,-1,,,
1,13,33697,2,22,0,3,0.3759448230266571,0.19987574219703674,0.17606908082962036,22,0.13228721916675568,0.13228721916675568,2.945786952972412,-1,,,
1,14,33698,2,22,0,3,0.376310259103775,0.23112525045871735,0.14518500864505768,21,0.1081814169883728,0.1081814169883728,2.9923322200775146,-1,,,
1,15,33699,2,22,19,20,0.42966175079345703,0.25743991136550903,0.172221839427948,22,0.07391431927680969,0.07391431927680969,3.0482687950134277,-1,,,
1,16,33700,2,1,19,19,0.46830835938453674,0.46830835938453674,0.0,1,1.0,1.0,-0.0,-1,,,
1,17,33701,2,1,19,19,0.4995580315589905,0.4995580315589905,0.0,1,1.0,1.0,-0.0,-1,,,
1,18,33702,2,1,19,19,0.510104775428772,0.510104775428772,0.0,1,1.0,1.0,-0.0,-1,,,
1,19,33703,2,1,19,19,0.5241945385932922,0.5241945385932922,0.0,1,1.0,1.0,-0.0,-1,,,
1,20,33704,2,1,19,19,0.5172903537750244,0.5172903537750244,0.0,1,1.0,1.0,-0.0,-1,,,
1,21,33705,2,22,19,3,0.46906453371047974,0.3566740155220032,0.11239051818847656,20,0.12405849248170853,0.12405849248170853,2.9486424922943115,-1,,,
1,22,33706,2,22,19,3,0.42557579278945923,0.3432571291923523,0.08231866359710693,19,0.12331344187259674,0.12331344187259674,2.9636378288269043,-1,,,
1,23,33707,2,22,19,6,0.3794235289096832,0.3292475938796997,0.05017593502998352,19,0.11492075026035309,0.11492075026035309,2.988356828689575,-1,,,
1,24,33708,2,22,19,13,0.35442766547203064,0.30775031447410583,0.046677350997924805,19,0.12376649677753448,0.12376649677753448,2.9365649223327637,-1,,,
1,25,33709,2,22,19,13,0.31641972064971924,0.2901446223258972,0.02627509832382202,14,0.12502050399780273,0.12502050399780273,2.95983624458313,-1,,,
1,26,33710,2,22,19,16,0.27832987904548645,0.25632569193840027,0.02200418710708618,9,0.1146501824259758,0.1146501824259758,2.9920759201049805,-1,,,
1,27,33711,2,22,19,16,0.2425418347120285,0.21693848073482513,0.02560335397720337,5,0.12095867842435837,0.12095867842435837,2.9355313777923584,-1,,,
1,28,33712,2,22,19,16,0.223714217543602,0.19537396728992462,0.028340250253677368,4,0.11819276958703995,0.11819276958703995,2.953073501586914,-1,,,
1,29,33713,2,22,19,16,0.22253115475177765,0.19806931912899017,0.024461835622787476,4,0.1071719154715538,0.1071719154715538,3.006399631500244,-1,,,
1,30,33714,2,22,19,16,0.2175406813621521,0.19349883496761322,0.02404184639453888,4,0.09942197799682617,0.09942197799682617,3.0185976028442383,-1,,,
1,31,33715,2,22,19,16,0.20441581308841705,0.18863585591316223,0.015779957175254822,3,0.09468992799520493,0.09468992799520493,3.0298357009887695,-1,,,
1,32,33716,2,22,19,21,0.18911877274513245,0.1811572015285492,0.007961571216583252,3,0.09537702798843384,0.09537702798843384,3.0297834873199463,-1,,,
1,33,33717,2,22,19,19,0.17873695492744446,0.17873695492744446,0.0,1,0.09537696093320847,0.09537696093320847,3.0292515754699707,-1,,,
1,34,33718,2,22,19,19,0.17077787220478058,0.17077787220478058,0.0,1,0.09894698858261108,0.09894698858261108,3.0231547355651855,-1,,,
1,35,33719,2,22,19,19,0.15912364423274994,0.15912364423274994,0.0,1,0.09969863295555115,0.09969863295555115,3.0227465629577637,-1,,,
1,36,33720,2,22,19,19,0.15134891867637634,0.15134891867637634,0.0,1,0.10816127806901932,0.10816127806901932,3.006941795349121,-1,,,
1,37,33721,2,22,19,19,0.1480475217103958,0.1480475217103958,0.0,1,0.12194227427244186,0.12194227427244186,2.972330331802368,-1,,,
1,38,33722,2,22,19,16,0.14119575917720795,0.13540665805339813,0.0057891011238098145,3,0.12285073846578598,0.12285073846578598,2.9682276248931885,-1,,,
1,39,33723,2,22,19,16,0.1378612369298935,0.12005269527435303,0.017808541655540466,3,0.11395828425884247,0.11395828425884247,2.9941015243530273,-1,,,
1,40,33724,2,22,19,16,0.14158780872821808,0.11094452440738678,0.0306432843208313,4,0.11713370680809021,0.11713370680809021,2.9836745262145996,-1,,,
1,41,33725,2,22,19,16,0.14624568819999695,0.11945521831512451,0.026790469884872437,3,0.1163291409611702,0.1163291409611702,2.986321449279785,-1,,,
1,42,33726,2,22,19,16,0.15347276628017426,0.13359452784061432,0.019878238439559937,3,0.1112275943160057,0.1112275943160057,2.995903730392456,-1,,,
1,43,33727,2,22,19,16,0.159339040517807,0.14404544234275818,0.015293598175048828,3,0.1080244779586792,0.1080244779586792,2.992156505584717,-1,,,
1,44,33728,2,22,19,16,0.1587594449520111,0.14986461400985718,0.00889483094215393,3,0.1133183166384697,0.1133183166384697,2.913949489593506,-1,,,
1,45,33729,2,22,19,21,0.15276701748371124,0.14241737127304077,0.010349646210670471,2,0.1188177764415741,0.1188177764415741,2.9287400245666504,-1,,,
1,46,33730,2,22,19,21,0.1644732505083084,0.15627983212471008,0.008193418383598328,3,0.11709026247262955,0.11709026247262955,2.9208786487579346,-1,,,
1,47,33731,2,22,19,16,0.17799416184425354,0.17264236509799957,0.005351796746253967,2,0.12040410935878754,0.12040410935878754,2.9246110916137695,-1,,,
1,48,33732,2,22,19,16,0.18615441024303436,0.17564553022384644,0.010508880019187927,2,0.12232491374015808,0.12232491374015808,2.9562039375305176,-1,,,
1,49,33733,2,22,19,16,0.19628451764583588,0.1853550523519516,0.010929465293884277,2,0.1278616189956665,0.1278616189956665,2.9485080242156982,-1,,,
1,50,33734,2,22,19,16,0.20549088716506958,0.20273226499557495,0.002758622169494629,2,0.1181902140378952,0.1181902140378952,2.925333261489868,-1,,,
1,51,33735,2,22,19,16,0.21779760718345642,0.21475137770175934,0.0030462294816970825,2,0.1168750524520874,0.1168750524520874,2.9209017753601074,-1,,,
1,52,33736,2,22,19,16,0.23370467126369476,0.21964018046855927,0.014064490795135498,5,0.11790303885936737,0.11790303885936737,2.916886568069458,-1,,,
1,53,33737,0,22,19,18,0.25616776943206787,0.23471727967262268,0.02145048975944519,4,0.11986608058214188,0.11986608058214188,2.917847156524658,-1,,,
1,54,33738,0,22,19,18,0.2652289569377899,0.2200096994638443,0.04521925747394562,10,0.12045377492904663,0.12045377492904663,2.9242186546325684,-1,,,
1,55,33739,0,22,19,18,0.2744450867176056,0.23291881382465363,0.041526272892951965,10,0.1244894340634346,0.1244894340634346,2.9200475215911865,-1,,,
1,56,33740,0,22,19,16,0.2838120460510254,0.23609372973442078,0.047718316316604614,9,0.1184152215719223,0.1184152215719223,2.9188554286956787,-1,,,
1,57,33741,0,22,19,16,0.2940286099910736,0.2482355833053589,0.04579302668571472,10,0.11713968217372894,0.11713968217372894,2.9188382625579834,-1,,,
1,58,33742,0,22,19,16,0.3026694655418396,0.262116402387619,0.04055306315422058,8,0.12011495977640152,0.12011495977640152,2.9265029430389404,-1,,,
1,59,33743,0,22,19,16,0.3022099733352661,0.28273525834083557,0.019474714994430542,5,0.11772884428501129,0.11772884428501129,2.923356771469116,-1,,,
1,60,33744,0,22,19,6,0.304294228553772,0.29961082339286804,0.004683405160903931,2,0.11232409626245499,0.11232409626245499,2.980682849884033,-1,,,
1,61,33745,0,22,19,6,0.3039844334125519,0.29838281869888306,0.005601614713668823,2,0.10449036955833435,0.10449036955833435,2.9881725311279297,-1,,,
1,62,33746,0,22,19,6,0.3072243630886078,0.30089324712753296,0.006331115961074829,3,0.11579876393079758,0.11579876393079758,2.967581033706665,-1,,,
1,63,33747,0,22,19,21,0.3152441382408142,0.2993888854980469,0.015855252742767334,4,0.10211636871099472,0.10211636871099472,2.9928290843963623,-1,,,
1,64,33748,0,22,19,21,0.32784798741340637,0.27436554431915283,0.05348244309425354,10,0.11185666173696518,0.11185666173696518,2.9805185794830322,-1,,,
1,65,33749,0,22,19,21,0.3381497859954834,0.2582544982433319,0.07989528775215149,10,0.11599522829055786,0.11599522829055786,2.963958978652954,-1,,,
1,66,33750,3,22,19,21,0.3445814847946167,0.24458850920200348,0.09999297559261322,9,0.11778508871793747,0.11778508871793747,2.9236056804656982,-1,,,
1,67,33751,3,22,19,21,0.35341182351112366,0.2389742136001587,0.11443760991096497,9,0.11301976442337036,0.11301976442337036,2.9731662273406982,-1,,,
1,68,33752,3,22,19,21,0.3571050763130188,0.24647900462150574,0.11062607169151306,10,0.10948130488395691,0.10948130488395691,2.9854180812835693,-1,,,
1,69,33753,3,22,19,21,0.3564940392971039,0.2576645314693451,0.09882950782775879,13,0.11993344873189926,0.11993344873189926,2.941540002822876,-1,,,
1,70,33754,3,22,19,21,0.35155412554740906,0.28473880887031555,0.0668153166770935,11,0.11863595992326736,0.11863595992326736,2.9560840129852295,-1,,,
1,71,33755,3,22,19,21,0.34071528911590576,0.28120097517967224,0.05951431393623352,11,0.12071798741817474,0.12071798741817474,2.920579433441162,-1,,,
1,72,33756,3,22,19,21,0.3234592378139496,0.27173909544944763,0.05172014236450195,12,0.1150907576084137,0.1150907576084137,2.9190216064453125,-1,,,
1,73,33757,3,22,19,21,0.3052940368652344,0.23697185516357422,0.06832218170166016,11,0.12213534116744995,0.12213534116744995,2.9499359130859375,-1,,,
1,74,33758,3,22,19,21,0.28955748677253723,0.2049991637468338,0.08455832302570343,9,0.12344339489936829,0.12344339489936829,2.9435019493103027,-1,,,
1,75,33759,3,22,19,18,0.2798236608505249,0.19409486651420593,0.08572879433631897,9,0.10408094525337219,0.10408094525337219,2.987377405166626,-1,,,
1,76,33760,3,22,19,18,0.2739262282848358,0.20456698536872864,0.06935924291610718,10,0.09640055894851685,0.09640055894851685,2.9957010746002197,-1,,,
1,77,33761,3,22,19,18,0.2681572437286377,0.21264711022377014,0.055510133504867554,9,0.1227719709277153,0.1227719709277153,2.942336320877075,-1,,,
1,78,33762,3,22,19,18,0.2600771486759186,0.22212527692317963,0.03795187175273895,8,0.12199392914772034,0.12199392914772034,2.930983304977417,-1,,,
1,79,33763,3,22,19,18,0.2489539533853531,0.22421184182167053,0.024742111563682556,5,0.12228984385728836,0.12228984385728836,2.9160830974578857,-1,,,
1,80,33764,3,22,19,18,0.25215423107147217,0.22976797819137573,0.022386252880096436,8,0.11928414553403854,0.11928414553403854,2.9171793460845947,-1,,,
1,81,33765,3,22,19,18,0.25928187370300293,0.22929193079471588,0.02998994290828705,8,0.12422797083854675,0.12422797083854675,2.933377742767334,-1,,,
1,82,33766,3,22,19,18,0.26973259449005127,0.23518893122673035,0.03454366326332092,10,0.11761923879384995,0.11761923879384995,2.9476492404937744,-1,,,
1,83,33767,3,22,19,18,0.278839647769928,0.2386573851108551,0.040182262659072876,11,0.1206885427236557,0.1206885427236557,2.920178174972534,-1,,,
1,84,33768,3,22,19,18,0.2844972312450409,0.2514975368976593,0.03299969434738159,10,0.11647842824459076,0.11647842824459076,2.9186348915100098,-1,,,
1,85,33769,3,22,19,3,0.2890470325946808,0.2556942105293274,0.033352822065353394,10,0.11224757879972458,0.11224757879972458,2.917755603790283,-1,,,
1,86,33770,3,22,19,3,0.29581916332244873,0.2686416804790497,0.027177482843399048,10,0.11292145401239395,0.11292145401239395,2.915756940841675,-1,,,
1,87,33771,0,22,19,3,0.30727633833885193,0.26152801513671875,0.04574832320213318,9,0.110407754778862,0.110407754778862,2.91139817237854,-1,,,
1,88,33772,0,22,19,3,0.30613625049591064,0.26224446296691895,0.0438917875289917,9,0.11228188127279282,0.11228188127279282,2.9148812294006348,-1,,,
1,89,33773,0,22,19,3,0.3033902943134308,0.2605772614479065,0.04281303286552429,9,0.11228463053703308,0.11228463053703308,2.9072651863098145,-1,,,
1,90,33774,0,22,19,3,0.2987857162952423,0.24862158298492432,0.05016413331031799,8,0.11340828984975815,0.11340828984975815,2.909024715423584,-1,,,
1,91,33775,0,22,19,3,0.29409781098365784,0.24501517415046692,0.04908263683319092,8,0.11074365675449371,0.11074365675449371,2.9098563194274902,-1,,,
1,92,33776,0,22,19,3,0.2895997166633606,0.2335004061460495,0.056099310517311096,10,0.11756981164216995,0.11756981164216995,2.932816743850708,-1,,,
1,93,33777,0,22,19,3,0.260746568441391,0.21718619763851166,0.043560370802879333,11,0.11650083214044571,0.11650083214044571,2.933875560760498,-1,,,
1,94,33778,0,22,19,3,0.2334158718585968,0.19218026101589203,0.04123561084270477,10,0.11452721059322357,0.11452721059322357,2.9816842079162598,-1,,,
1,95,33779,0,22,19,3,0.20367228984832764,0.1722596138715744,0.031412675976753235,6,0.11579430103302002,0.11579430103302002,2.9741010665893555,-1,,,
1,96,33780,0,22,19,3,0.17481409013271332,0.14585813879966736,0.02895595133304596,6,0.1148453801870346,0.1148453801870346,2.9900872707366943,-1,,,
1,97,33781,0,22,19,3,0.1465938538312912,0.12867389619350433,0.017919957637786865,4,0.11470384895801544,0.11470384895801544,2.989762306213379,-1,,,
1,98,33782,0,22,19,3,0.11898934096097946,0.10376368463039398,0.01522565633058548,4,0.11617016047239304,0.11617016047239304,2.990084409713745,-1,,,
1,99,33783,0,22,19,1,0.09224137663841248,0.084958016872406,0.00728335976600647,3,0.10400030761957169,0.10400030761957169,2.9990508556365967,-1,,,
1,100,33784,1,22,19,5,0.06723596155643463,0.06284434348344803,0.004391618072986603,4,0.0981210321187973,0.0981210321187973,3.0009918212890625,-1,,,
1,101,33785,1,22,19,17,0.07107187807559967,0.0641346201300621,0.006937257945537567,5,0.10849253088235855,0.10849253088235855,3.0030219554901123,-1,,,
1,102,33786,1,22,19,1,0.07439865171909332,0.06024738773703575,0.014151263982057571,6,0.11023525148630142,0.11023525148630142,2.986588954925537,-1,,,
1,103,33787,1,22,19,17,0.07895223051309586,0.057060446590185165,0.02189178392291069,5,0.11233630776405334,0.11233630776405334,2.9830031394958496,-1,,,
1,104,33788,1,22,19,5,0.0824485719203949,0.058344218879938126,0.024104353040456772,8,0.08592280745506287,0.08592280745506287,3.01227068901062,-1,,,
1,105,33789,1,22,19,17,0.0847809761762619,0.05822160094976425,0.02655937522649765,8,0.08374359458684921,0.08374359458684921,3.0190796852111816,-1,,,
1,106,33790,1,22,19,5,0.08584798872470856,0.06292379647493362,0.022924192249774933,8,0.08312303572893143,0.08312303572893143,3.0173470973968506,-1,,,
1,107,33791,1,22,19,5,0.08543886989355087,0.0645841732621193,0.02085469663143158,8,0.09711671620607376,0.09711671620607376,3.0159239768981934,-1,,,
1,108,33792,1,22,19,3,0.08502288907766342,0.0602182038128376,0.02480468526482582,7,0.10098353028297424,0.10098353028297424,3.006425380706787,-1,,,
1,109,33793,1,22,19,5,0.08274812996387482,0.06327709555625916,0.01947103440761566,7,0.10857672989368439,0.10857672989368439,3.0036990642547607,-1,,,
1,110,33794,1,22,19,3,0.07938963919878006,0.049087099730968475,0.030302539467811584,6,0.09465891867876053,0.09465891867876053,3.0182230472564697,-1,,,
1,111,33795,1,22,19,3,0.07612214237451553,0.049786411225795746,0.026335731148719788,8,0.11329737305641174,0.11329737305641174,2.9847359657287598,-1,,,
1,112,33796,1,22,19,3,0.07292203605175018,0.04649680480360985,0.026425231248140335,6,0.11516336351633072,0.11516336351633072,2.962212324142456,-1,,,
1,113,33797,1,22,19,5,0.07074226438999176,0.05211419612169266,0.018628068268299103,6,0.11309442669153214,0.11309442669153214,2.978823184967041,-1,,,
1,114,33798,1,22,0,3,0.1474708765745163,0.05544036254286766,0.09203051403164864,22,0.09103947877883911,0.09103947877883911,2.998486042022705,-1,,,
1,115,33799,1,1,0,0,0.16478537023067474,0.16478537023067474,0.0,1,1.0,1.0,-0.0,-1,,,
1,116,33800,1,1,0,0,0.17949733138084412,0.17949733138084412,0.0,1,1.0,1.0,-0.0,-1,,,
1,117,33801,1,1,0,0,0.18413448333740234,0.18413448333740234,0.0,1,1.0,1.0,-0.0,-1,,,
1,118,33802,1,1,0,0,0.1864124834537506,0.1864124834537506,0.0,1,1.0,1.0,-0.0,-1,,,
1,119,33803,1,1,0,0,0.18839429318904877,0.18839429318904877,0.0,1,1.0,1.0,-0.0,-1,,,
1,120,33804,1,22,0,3,0.19079545140266418,0.07356997579336166,0.11722547560930252,22,0.26865389943122864,0.26865389943122864,2.610720157623291,-1,,,
1,121,33805,1,22,0,3,0.19191581010818481,0.07681885361671448,0.11509695649147034,22,0.2759837210178375,0.2759837210178375,2.5958056449890137,-1,,,
1,122,33806,1,22,0,5,0.19342735409736633,0.07928977906703949,0.11413757503032684,22,0.2783701419830322,0.2783701419830322,2.5886223316192627,-1,,,
1,123,33807,1,22,0,5,0.19417299330234528,0.08172538876533508,0.11244760453701019,22,0.2853609025478363,0.2853609025478363,2.566685914993286,-1,,,
1,124,33808,1,22,0,5,0.19572001695632935,0.08501080423593521,0.11070921272039413,22,0.26578906178474426,0.26578906178474426,2.6133999824523926,-1,,,
1,125,33809,1,22,0,5,0.19719085097312927,0.088333860039711,0.10885699093341827,22,0.23393520712852478,0.23393520712852478,2.663961410522461,-1,,,
1,126,33810,1,22,0,17,0.19885839521884918,0.0881584882736206,0.11069990694522858,22,0.24343714118003845,0.24343714118003845,2.641209363937378,-1,,,
1,127,33811,1,22,0,17,0.1994572877883911,0.08975954353809357,0.10969774425029755,22,0.23646280169487,0.23646280169487,2.659428119659424,-1,,,
1,128,33812,1,22,0,14,0.19955027103424072,0.093022421002388,0.10652785003185272,22,0.22667860984802246,0.22667860984802246,2.65106463432312,-1,,,
1,129,33813,1,22,0,14,0.19917887449264526,0.09655290096998215,0.10262597352266312,22,0.23193278908729553,0.23193278908729553,2.639157295227051,-1,,,
1,130,33814,1,22,0,4,0.1981005072593689,0.1008227989077568,0.09727770835161209,22,0.2427862286567688,0.2427862286567688,2.619493246078491,-1,,,
1,131,33815,1,22,0,4,0.19778504967689514,0.09618981182575226,0.10159523785114288,22,0.2621571123600006,0.2621571123600006,2.599533796310425,-1,,,
1,132,33816,1,22,0,4,0.19745531678199768,0.08809185028076172,0.10936346650123596,22,0.2636362612247467,0.2636362612247467,2.5977087020874023,-1,,,
1,133,33817,1,22,0,4,0.19778120517730713,0.0845937579870224,0.11318744719028473,22,0.25964710116386414,0.25964710116386414,2.595956563949585,-1,,,
1,134,33818,1,22,0,4,0.19832521677017212,0.08324561268091202,0.1150796040892601,22,0.2627101540565491,0.2627101540565491,2.601020336151123,-1,,,
1,135,33819,1,22,0,4,0.19817541539669037,0.08208967745304108,0.11608573794364929,22,0.26776784658432007,0.26776784658432007,2.611876964569092,-1,,,
1,136,33820,1,22,0,4,0.19829317927360535,0.08113621175289154,0.1171569675207138,22,0.2724319398403168,0.2724319398403168,2.6025288105010986,-1,,,
1,137,33821,1,22,0,4,0.19825945794582367,0.0796012431383133,0.11865821480751038,22,0.2791157066822052,0.2791157066822052,2.5876755714416504,-1,,,
1,138,33822,1,22,0,4,0.19872787594795227,0.07832373678684235,0.12040413916110992,22,0.2751289904117584,0.2751289904117584,2.5976762771606445,-1,,,
1,139,33823,1,22,0,4,0.19886040687561035,0.07768574357032776,0.12117466330528259,22,0.2738562822341919,0.2738562822341919,2.5977542400360107,-1,,,
1,140,33824,1,22,0,4,0.19876468181610107,0.07903402298688889,0.11973065882921219,22,0.27624961733818054,0.27624961733818054,2.595005512237549,-1,,,
1,141,33825,1,22,0,4,0.1983100175857544,0.08119285851716995,0.11711715906858444,22,0.2801922857761383,0.2801922857761383,2.5826122760772705,-1,,,
1,142,33826,1,22,0,6,0.19828194379806519,0.0834549218416214,0.11482702195644379,22,0.2728414833545685,0.2728414833545685,2.5995869636535645,-1,,,
1,143,33827,1,22,0,6,0.19847017526626587,0.08405817300081253,0.11441200226545334,22,0.2181316614151001,0.2181316614151001,2.749314546585083,-1,,,
1,144,33828,1,22,0,6,0.1981840431690216,0.08449418842792511,0.1136898547410965,22,0.23148885369300842,0.23148885369300842,2.7076518535614014,-1,,,
1,145,33829,1,22,0,6,0.19759246706962585,0.0842818021774292,0.11331066489219666,22,0.27523988485336304,0.27523988485336304,2.5933611392974854,-1,,,
1,146,33830,1,22,0,6,0.19750116765499115,0.08572931587696075,0.1117718517780304,22,0.23429839313030243,0.23429839313030243,2.6906447410583496,-1,,,
1,147,33831,1,22,0,6,0.1976739466190338,0.08765602111816406,0.11001792550086975,22,0.2700680196285248,0.2700680196285248,2.6043994426727295,-1,,,
1,148,33832,1,22,0,4,0.1978195458650589,0.08770131319761276,0.11011823266744614,22,0.2779257595539093,0.2779257595539093,2.5762765407562256,-1,,,
1,149,33833,1,22,0,4,0.19790510833263397,0.08630348742008209,0.11160162091255188,22,0.2744963467121124,0.2744963467121124,2.589845657348633,-1,,,
1,150,33834,1,22,0,4,0.19802738726139069,0.0835336297750473,0.11449375748634338,22,0.2768958508968353,0.2768958508968353,2.574204444885254,-1,,,
1,151,33835,1,22,0,4,0.19819557666778564,0.08088641613721848,0.11730916053056717,22,0.2405548095703125,0.2405548095703125,2.633119821548462,-1,,,
1,152,33836,1,22,0,4,0.19878247380256653,0.0795346349477768,0.11924783885478973,22,0.2428257018327713,0.2428257018327713,2.628019094467163,-1,,,
1,153,33837,1,22,0,4,0.19970358908176422,0.07951454073190689,0.12018904834985733,22,0.24365030229091644,0.24365030229091644,2.621196746826172,-1,,,
1,154,33838,1,22,0,4,0.20027117431163788,0.07954715192317963,0.12072402238845825,22,0.25481733679771423,0.25481733679771423,2.5970747470855713,-1,,,
1,155,33839,1,22,0,4,0.2006116658449173,0.08075901120901108,0.11985265463590622,22,0.25257638096809387,0.25257638096809387,2.6036229133605957,-1,,,
1,156,33840,1,22,0,4,0.2012808620929718,0.08260631561279297,0.11867454648017883,22,0.2959526777267456,0.2959526777267456,2.537168025970459,-1,,,
1,157,33841,1,22,0,4,0.2236156016588211,0.11546924710273743,0.10814635455608368,22,0.28966832160949707,0.28966832160949707,2.5570755004882812,-1,,,
1,158,33842,1,22,0,3,0.24480591714382172,0.1301107257604599,0.11469519138336182,22,0.2858169972896576,0.2858169972896576,2.5680251121520996,-1,,,
1,159,33843,1,22,0,3,0.2651100754737854,0.13745689392089844,0.12765318155288696,22,0.2853770852088928,0.2853770852088928,2.5698132514953613,-1,,,
1,160,33844,1,22,0,3,0.28421398997306824,0.14968794584274292,0.13452604413032532,21,0.2856599986553192,0.2856599986553192,2.568424940109253,-1,,,
1,161,33845,1,22,0,3,0.30221548676490784,0.1618655025959015,0.14034998416900635,20,0.27948853373527527,0.27948853373527527,2.585684299468994,-1,,,
1,162,33846,1,22,0,3,0.31907570362091064,0.17489612102508545,0.1441795825958252,20,0.18097293376922607,0.18097293376922607,2.799422264099121,-1,,,
1,163,33847,1,22,0,3,0.3349730968475342,0.18778255581855774,0.14719054102897644,19,0.17215867340564728,0.17215867340564728,2.8148694038391113,-1,,,
1,164,33848,0,22,0,3,0.34991490840911865,0.19699062407016754,0.1529242843389511,19,0.16951493918895721,0.16951493918895721,2.8264732360839844,-1,,,
1,165,33849,0,22,0,3,0.3430899381637573,0.1958988457918167,0.1471910923719406,19,0.16906850039958954,0.16906850039958954,2.828213691711426,-1,,,
1,166,33850,0,22,0,3,0.33715391159057617,0.19475242495536804,0.14240148663520813,19,0.1800273209810257,0.1800273209810257,2.803274631500244,-1,,,
1,167,33851,0,22,0,3,0.3323419988155365,0.19333453476428986,0.13900746405124664,19,0.17670854926109314,0.17670854926109314,2.806110143661499,-1,,,
1,168,33852,0,22,0,3,0.3290179371833801,0.19119393825531006,0.13782399892807007,19,0.18522831797599792,0.18522831797599792,2.7894062995910645,-1,,,
1,169,33853,0,22,0,3,0.3271629810333252,0.18767325580120087,0.13948972523212433,19,0.18658065795898438,0.18658065795898438,2.7945568561553955,-1,,,
1,170,33854,0,22,0,3,0.327269583940506,0.18500787019729614,0.14226171374320984,19,0.18335184454917908,0.18335184454917908,2.8056063652038574,-1,,,
1,171,33855,0,22,0,3,0.30452731251716614,0.18225444853305817,0.12227286398410797,19,0.16236461699008942,0.16236461699008942,2.861818790435791,-1,,,
1,172,33856,0,22,0,3,0.28429847955703735,0.1685086488723755,0.11578983068466187,20,0.17179177701473236,0.17179177701473236,2.838935136795044,-1,,,
1,173,33857,0,22,0,3,0.26194965839385986,0.1663336604833603,0.09561599791049957,20,0.12710464000701904,0.12710464000701904,2.9507782459259033,-1,,,
1,174,33858,0,22,0,12,0.2414412647485733,0.1508057564496994,0.0906355082988739,21,0.1260286420583725,0.1260286420583725,2.9492218494415283,-1,,,
1,175,33859,0,22,0,12,0.21957676112651825,0.14180481433868408,0.07777194678783417,21,0.13788658380508423,0.13788658380508423,2.9267916679382324,-1,,,
1,176,33860,0,22,0,12,0.1963283121585846,0.12676474452018738,0.06956356763839722,21,0.12991046905517578,0.12991046905517578,2.9438984394073486,-1,,,
1,177,33861,0,22,0,17,0.17613932490348816,0.11169172823429108,0.06444759666919708,21,0.1649979203939438,0.1649979203939438,2.858471632003784,-1,,,
1,178,33862,2,22,4,17,0.11122586578130722,0.10293173789978027,0.008294127881526947,3,0.07608118653297424,0.07608118653297424,3.0374057292938232,-1,,,
1,179,33863,2,1,4,4,0.10550621151924133,0.10550621151924133,0.0,1,1.0,1.0,-0.0,-1,,,
1,180,33864,2,1,4,4,0.10094709694385529,0.10094709694385529,0.0,1,1.0,1.0,-0.0,-1,,,
1,181,33865,2,1,4,4,0.10320615768432617,0.10320615768432617,0.0,1,1.0,1.0,-0.0,-1,,,
1,182,33866,2,1,4,4,0.10095641762018204,0.10095641762018204,0.0,1,1.0,1.0,-0.0,-1,,,
1,183,33867,2,1,4,4,0.10366141051054001,0.10366141051054001,0.0,1,1.0,1.0,-0.0,-1,,,
1,184,33868,2,22,19,17,0.0950697734951973,0.08220279216766357,0.012866981327533722,7,0.08998313546180725,0.08998313546180725,2.9976322650909424,-1,,,
1,185,33869,2,1,19,19,0.09569419920444489,0.09569419920444489,0.0,1,1.0,1.0,-0.0,-1,,,
1,186,33870,2,1,19,19,0.09681391716003418,0.09681391716003418,0.0,1,1.0,1.0,-0.0,-1,,,
1,187,33871,2,1,19,19,0.10226809978485107,0.10226809978485107,0.0,1,1.0,1.0,-0.0,-1,,,
1,188,33872,2,1,19,19,0.1103147566318512,0.1103147566318512,0.0,1,1.0,1.0,-0.0,-1,,,
1,189,33873,2,1,19,19,0.128152996301651,0.128152996301651,0.0,1,1.0,1.0,-0.0,-1,,,
1,190,33874,2,22,19,17,0.14427725970745087,0.11737264692783356,0.02690461277961731,12,0.12413793802261353,0.12413793802261353,2.943150758743286,-1,,,
1,191,33875,2,22,19,17,0.16010107100009918,0.13114766776561737,0.02895340323448181,12,0.11324296146631241,0.11324296146631241,2.9871983528137207,-1,,,
1,192,33876,2,22,19,17,0.17493660748004913,0.1435386836528778,0.031397923827171326,14,0.11642472445964813,0.11642472445964813,2.9852864742279053,-1,,,
1,193,33877,2,22,19,17,0.19140025973320007,0.16077813506126404,0.030622124671936035,16,0.12615880370140076,0.12615880370140076,2.9431793689727783,-1,,,
1,194,33878,2,22,19,1,0.20818519592285156,0.1732625514268875,0.03492264449596405,17,0.10814967751502991,0.10814967751502991,3.0072879791259766,-1,,,
1,195,33879,2,22,19,14,0.21513967216014862,0.17883086204528809,0.036308810114860535,15,0.10550407320261002,0.10550407320261002,3.0099563598632812,-1,,,
1,196,33880,2,22,19,14,0.21706019341945648,0.1815924197435379,0.03546777367591858,13,0.10109232366085052,0.10109232366085052,3.017324924468994,-1,,,
1,197,33881,2,22,19,14,0.20078995823860168,0.17024700343608856,0.030542954802513123,10,0.10636318475008011,0.10636318475008011,3.0085301399230957,-1,,,
1,198,33882,2,22,19,14,0.18693310022354126,0.1675300896167755,0.019403010606765747,5,0.12180934101343155,0.12180934101343155,2.970043420791626,-1,,,
1,199,33883,2,22,19,14,0.17354251444339752,0.16355153918266296,0.009990975260734558,6,0.12437715381383896,0.12437715381383896,2.9521803855895996,-1,,,
1,200,33884,2,22,19,14,0.1647019237279892,0.1571783721446991,0.0075235515832901,4,0.11872774362564087,0.11872774362564087,2.9819328784942627,-1,,,
1,201,33885,2,22,19,15,0.15625427663326263,0.15165692567825317,0.0045973509550094604,3,0.11487464606761932,0.11487464606761932,2.9928877353668213,-1,,,
1,202,33886,2,22,19,10,0.15042376518249512,0.1379844844341278,0.01243928074836731,4,0.12038085609674454,0.12038085609674454,2.9790828227996826,-1,,,
1,203,33887,2,22,19,10,0.14926736056804657,0.1396113485097885,0.009656012058258057,4,0.12660793960094452,0.12660793960094452,2.956195831298828,-1,,,
1,204,33888,2,22,19,14,0.14952276647090912,0.13383503258228302,0.0156877338886261,6,0.11605466902256012,0.11605466902256012,2.9837183952331543,-1,,,
1,205,33889,2,22,19,17,0.16242967545986176,0.15536539256572723,0.0070642828941345215,2,0.10912975668907166,0.10912975668907166,2.999575614929199,-1,,,
1,206,33890,2,22,19,4,0.16584512591362,0.1334134340286255,0.03243169188499451,15,0.106459841132164,0.106459841132164,3.003305196762085,-1,,,
1,207,33891,2,22,19,14,0.16861097514629364,0.1350063681602478,0.03360460698604584,14,0.10245925188064575,0.10245925188064575,3.0144457817077637,-1,,,
1,208,33892,2,22,19,14,0.1575104296207428,0.1313580572605133,0.026152372360229492,11,0.09790468215942383,0.09790468215942383,3.0248944759368896,-1,,,
1,209,33893,2,22,19,14,0.14692407846450806,0.1214999109506607,0.02542416751384735,6,0.09791439026594162,0.09791439026594162,3.024322032928467,-1,,,
1,210,33894,2,22,19,14,0.13315318524837494,0.12089033424854279,0.012262850999832153,4,0.12334799766540527,0.12334799766540527,2.928215980529785,-1,,,
1,211,33895,2,22,19,14,0.14020952582359314,0.1391010731458664,0.0011084526777267456,2,0.1250479817390442,0.1250479817390442,2.934126853942871,-1,,,
1,212,33896,2,22,19,19,0.1457456350326538,0.1457456350326538,0.0,1,0.12615253031253815,0.12615253031253815,2.9429049491882324,-1,,,
1,213,33897,2,22,19,19,0.1474435031414032,0.1474435031414032,0.0,1,0.12698210775852203,0.12698210775852203,2.946488857269287,-1,,,
1,214,33898,2,22,19,19,0.1535700559616089,0.1535700559616089,0.0,1,0.12552990019321442,0.12552990019321442,2.958653688430786,-1,,,
1,215,33899,2,22,19,19,0.15985049307346344,0.15985049307346344,0.0,1,0.12502270936965942,0.12502270936965942,2.959507703781128,-1,,,
1,216,33900,2,22,19,19,0.17355133593082428,0.17355133593082428,0.0,1,0.11601939797401428,0.11601939797401428,2.9100964069366455,-1,,,
1,217,33901,2,22,19,3,0.1849704533815384,0.18419164419174194,0.0007788091897964478,2,0.11618605256080627,0.11618605256080627,2.9108223915100098,-1,,,
1,218,33902,0,22,19,3,0.19872155785560608,0.19203540682792664,0.006686151027679443,2,0.12039564549922943,0.12039564549922943,2.9164609909057617,-1,,,
1,219,33903,0,22,19,3,0.19134308397769928,0.1847204566001892,0.006622627377510071,2,0.12028134614229202,0.12028134614229202,2.9124021530151367,-1,,,
1,220,33904,0,22,19,3,0.18975764513015747,0.18115420639514923,0.00860343873500824,2,0.11902794986963272,0.11902794986963272,2.9118008613586426,-1,,,
1,221,33905,0,22,19,3,0.1913827359676361,0.18189404904842377,0.009488686919212341,2,0.12033884227275848,0.12033884227275848,2.909881591796875,-1,,,
1,222,33906,0,22,19,3,0.2003953605890274,0.19226866960525513,0.008126690983772278,3,0.12259651720523834,0.12259651720523834,2.909862756729126,-1,,,
1,223,33907,0,22,19,3,0.2106996327638626,0.19921690225601196,0.011482730507850647,3,0.12191592901945114,0.12191592901945114,2.9101996421813965,-1,,,
1,224,33908,0,22,19,3,0.2203913927078247,0.21680130064487457,0.0035900920629501343,2,0.12436184287071228,0.12436184287071228,2.922492027282715,-1,,,
1,225,33909,0,22,19,19,0.22110076248645782,0.22110076248645782,0.0,1,0.125388965010643,0.125388965010643,2.9263179302215576,-1,,,
1,226,33910,0,22,19,8,0.2184074968099594,0.20389345288276672,0.014514043927192688,3,0.12662135064601898,0.12662135064601898,2.936333656311035,-1,,,
1,227,33911,0,22,19,8,0.21021413803100586,0.18090127408504486,0.029312863945961,3,0.12130873650312424,0.12130873650312424,2.955216646194458,-1,,,
1,228,33912,0,22,19,8,0.20090605318546295,0.1686602532863617,0.03224579989910126,4,0.11450716108083725,0.11450716108083725,2.9791173934936523,-1,,,
1,229,33913,0,22,19,8,0.19816936552524567,0.16882526874542236,0.029344096779823303,8,0.11873581260442734,0.11873581260442734,2.9649341106414795,-1,,,
1,230,33914,0,22,19,20,0.19980311393737793,0.18452224135398865,0.015280872583389282,5,0.11545760184526443,0.11545760184526443,2.9757068157196045,-1,,,
1,231,33915,0,22,19,17,0.20512795448303223,0.19362816214561462,0.011499792337417603,4,0.11933645606040955,0.11933645606040955,2.957909345626831,-1,,,
1,232,33916,3,22,19,20,0.2127513587474823,0.19506177306175232,0.01768958568572998,8,0.10245835036039352,0.10245835036039352,2.994635581970215,-1,,,
1,233,33917,3,22,19,20,0.2360493242740631,0.197997584939003,0.03805173933506012,8,0.09576079994440079,0.09576079994440079,3.002291202545166,-1,,,
1,234,33918,3,22,19,20,0.2646718919277191,0.20819821953773499,0.05647367238998413,14,0.09614317864179611,0.09614317864179611,2.9987733364105225,-1,,,
1,235,33919,3,22,19,21,0.29627370834350586,0.18895889818668365,0.1073148101568222,16,0.11763499677181244,0.11763499677181244,2.9685311317443848,-1,,,
1,236,33920,3,22,19,20,0.32255956530570984,0.19821235537528992,0.12434720993041992,14,0.12388364970684052,0.12388364970684052,2.938039779663086,-1,,,
1,237,33921,3,22,19,20,0.33743467926979065,0.1952114999294281,0.14222317934036255,14,0.10543782263994217,0.10543782263994217,2.988430976867676,-1,,,
1,238,33922,3,22,19,8,0.34503716230392456,0.18041200935840607,0.1646251529455185,9,0.11440066248178482,0.11440066248178482,2.974546432495117,-1,,,
1,239,33923,3,22,19,8,0.3521263301372528,0.1741715669631958,0.177954763174057,7,0.11322730779647827,0.11322730779647827,2.972404956817627,-1,,,
1,240,33924,3,22,19,9,0.3570104241371155,0.16552641987800598,0.1914840042591095,7,0.1210375502705574,0.1210375502705574,2.9500925540924072,-1,,,
1,241,33925,3,22,19,9,0.35432520508766174,0.1667100489139557,0.18761515617370605,8,0.12486922740936279,0.12486922740936279,2.9478321075439453,-1,,,
1,242,33926,3,22,19,7,0.345623642206192,0.16987958550453186,0.17574405670166016,7,0.12033211439847946,0.12033211439847946,2.9649770259857178,-1,,,
1,243,33927,3,22,19,20,0.3354477882385254,0.18195340037345886,0.15349438786506653,8,0.1286102682352066,0.1286102682352066,2.9201738834381104,-1,,,
1,244,33928,3,22,19,20,0.3277180790901184,0.2309340089559555,0.0967840701341629,7,0.12895996868610382,0.12895996868610382,2.9123778343200684,-1,,,
1,245,33929,3,22,19,8,0.3241397738456726,0.26206448674201965,0.062075287103652954,13,0.1281832605600357,0.1281832605600357,2.9100372791290283,-1,,,
1,246,33930,3,22,19,21,0.31981152296066284,0.2756649851799011,0.04414653778076172,13,0.12399684637784958,0.12399684637784958,2.9118480682373047,-1,,,
1,247,33931,3,22,19,3,0.30976808071136475,0.29406923055648804,0.01569885015487671,5,0.1277514547109604,0.1277514547109604,2.9125821590423584,-1,,,
1,248,33932,3,22,19,3,0.300679475069046,0.27510714530944824,0.02557232975959778,5,0.12864570319652557,0.12864570319652557,2.9163057804107666,-1,,,
1,249,33933,3,22,19,3,0.2919612526893616,0.24829170107841492,0.043669551610946655,5,0.11862772703170776,0.11862772703170776,2.9105825424194336,-1,,,
1,250,33934,3,22,19,3,0.28888577222824097,0.24167849123477936,0.04720728099346161,9,0.11643505096435547,0.11643505096435547,2.9106411933898926,-1,,,
1,251,33935,0,22,19,3,0.2870224416255951,0.2211521565914154,0.06587028503417969,11,0.11611563712358475,0.11611563712358475,2.908734083175659,-1,,,
1,252,33936,0,22,19,3,0.28609800338745117,0.22016456723213196,0.06593343615531921,10,0.11564414948225021,0.11564414948225021,2.9083406925201416,-1,,,
1,253,33937,0,22,19,3,0.28423959016799927,0.21403978765010834,0.07019980251789093,12,0.11568024009466171,0.11568024009466171,2.9173941612243652,-1,,,
1,254,33938,0,22,5,3,0.22821290791034698,0.2131437361240387,0.015069171786308289,2,0.11262786388397217,0.11262786388397217,2.8904852867126465,-1,,,
1,255,33939,0,1,5,5,0.23029936850070953,0.23029936850070953,0.0,1,1.0,1.0,-0.0,-1,,,
1,256,33940,0,1,5,5,0.23647190630435944,0.23647190630435944,0.0,1,1.0,1.0,-0.0,-1,,,
1,257,33941,0,1,5,5,0.24297119677066803,0.24297119677066803,0.0,1,1.0,1.0,-0.0,-1,,,
1,258,33942,0,1,5,5,0.2463262975215912,0.2463262975215912,0.0,1,1.0,1.0,-0.0,-1,,,
1,259,33943,0,1,5,5,0.24647945165634155,0.24647945165634155,0.0,1,1.0,1.0,-0.0,-1,,,
1,260,33944,0,22,5,18,0.24559277296066284,0.23386959731578827,0.011723175644874573,6,0.17867177724838257,0.17867177724838257,2.7807252407073975,-1,,,
1,261,33945,0,22,5,3,0.24632452428340912,0.2275860458612442,0.018738478422164917,5,0.17399875819683075,0.17399875819683075,2.79644513130188,-1,,,
1,262,33946,0,22,5,3,0.2451501190662384,0.2289053350687027,0.016244783997535706,4,0.17522022128105164,0.17522022128105164,2.7935290336608887,-1,,,
1,263,33947,0,22,5,3,0.24053548276424408,0.22378675639629364,0.01674872636795044,3,0.1774899810552597,0.1774899810552597,2.7863762378692627,-1,,,
1,264,33948,0,22,5,3,0.23634815216064453,0.22070950269699097,0.015638649463653564,2,0.17366331815719604,0.17366331815719604,2.8022191524505615,-1,,,
1,265,33949,0,22,5,3,0.23258697986602783,0.21495763957500458,0.017629340291023254,3,0.17085067927837372,0.17085067927837372,2.7986795902252197,-1,,,
1,266,33950,0,22,5,3,0.2285653054714203,0.2115006297826767,0.01706467568874359,3,0.17732903361320496,0.17732903361320496,2.7853519916534424,-1,,,
1,267,33951,0,22,5,3,0.22516348958015442,0.2053854912519455,0.019777998328208923,3,0.1758752167224884,0.1758752167224884,2.7929368019104004,-1,,,
1,268,33952,0,22,5,3,0.2214086502790451,0.2072959542274475,0.014112696051597595,3,0.17129911482334137,0.17129911482334137,2.804464340209961,-1,,,
1,269,33953,0,22,5,3,0.2161911427974701,0.2049555480480194,0.011235594749450684,3,0.1796424686908722,0.1796424686908722,2.7813003063201904,-1,,,
1,270,33954,0,22,5,3,0.21434633433818817,0.20026029646396637,0.014086037874221802,3,0.17607282102108002,0.17607282102108002,2.798190116882324,-1,,,
1,271,33955,0,22,5,3,0.21349146962165833,0.1994752287864685,0.01401624083518982,4,0.17320001125335693,0.17320001125335693,2.8008217811584473,-1,,,
1,272,33956,0,22,5,3,0.2108544260263443,0.1978493183851242,0.013005107641220093,3,0.17366810142993927,0.17366810142993927,2.7976958751678467,-1,,,
1,273,33957,0,22,5,3,0.2109183818101883,0.1964241862297058,0.014494195580482483,4,0.16907672584056854,0.16907672584056854,2.8137128353118896,-1,,,
1,274,33958,0,22,5,3,0.2109399139881134,0.20289435982704163,0.008045554161071777,3,0.16626207530498505,0.16626207530498505,2.8169660568237305,-1,,,
1,275,33959,0,22,5,18,0.21101802587509155,0.19533148407936096,0.01568654179573059,5,0.16822467744350433,0.16822467744350433,2.8113291263580322,-1,,,
1,276,33960,0,22,5,18,0.2119917869567871,0.19835346937179565,0.013638317584991455,6,0.17314444482326508,0.17314444482326508,2.7950892448425293,-1,,,
1,277,33961,0,22,5,18,0.21231916546821594,0.19328683614730835,0.019032329320907593,6,0.17232036590576172,0.17232036590576172,2.79689359664917,-1,,,
1,278,33962,0,22,5,18,0.21468901634216309,0.1869475543498993,0.027741461992263794,6,0.1706732213497162,0.1706732213497162,2.800516128540039,-1,,,
1,279,33963,0,22,5,18,0.21874278783798218,0.18373027443885803,0.035012513399124146,7,0.17007367312908173,0.17007367312908173,2.803361415863037,-1,,,
1,280,33964,0,22,5,18,0.2240440547466278,0.18526077270507812,0.03878328204154968,7,0.16883663833141327,0.16883663833141327,2.804509401321411,-1,,,
1,281,33965,0,22,5,18,0.2277262955904007,0.19488421082496643,0.032842084765434265,6,0.16946637630462646,0.16946637630462646,2.8022029399871826,-1,,,
1,282,33966,0,22,5,18,0.2345094084739685,0.20569932460784912,0.028810083866119385,6,0.1679634004831314,0.1679634004831314,2.8069634437561035,-1,,,
1,283,33967,0,22,5,18,0.2428756058216095,0.2169959545135498,0.025879651308059692,7,0.16915132105350494,0.16915132105350494,2.8039462566375732,-1,,,
1,284,33968,0,22,5,18,0.24924203753471375,0.22672142088413239,0.02252061665058136,7,0.17310109734535217,0.17310109734535217,2.794356346130371,-1,,,
1,285,33969,0,22,5,3,0.25540056824684143,0.24323336780071259,0.012167200446128845,7,0.1745813637971878,0.1745813637971878,2.787454843521118,-1,,,
1,286,33970,0,22,5,3,0.2574305236339569,0.24762579798698425,0.009804725646972656,4,0.1763044148683548,0.1763044148683548,2.781435012817383,-1,,,
1,287,33971,0,22,5,3,0.25761935114860535,0.25143975019454956,0.006179600954055786,3,0.1766413003206253,0.1766413003206253,2.7833008766174316,-1,,,
1,288,33972,0,22,5,3,0.2566463053226471,0.24988120794296265,0.006765097379684448,3,0.17783696949481964,0.17783696949481964,2.7749383449554443,-1,,,
1,289,33973,0,22,5,1,0.253768652677536,0.2521996796131134,0.0015689730644226074,2,0.17338185012340546,0.17338185012340546,2.787076950073242,-1,,,
1,290,33974,0,22,5,3,0.24882027506828308,0.24695995450019836,0.0018603205680847168,2,0.17899714410305023,0.17899714410305023,2.7762210369110107,-1,,,
1,291,33975,0,22,5,5,0.24052824079990387,0.24052824079990387,0.0,1,0.17804668843746185,0.17804668843746185,2.7750935554504395,-1,,,
1,292,33976,0,22,5,3,0.23463422060012817,0.2265598326921463,0.008074387907981873,2,0.17665192484855652,0.17665192484855652,2.78300142288208,-1,,,
1,293,33977,0,22,5,3,0.22993841767311096,0.22782279551029205,0.0021156221628189087,2,0.17536841332912445,0.17536841332912445,2.7894234657287598,-1,,,
1,294,33978,0,22,5,3,0.22781425714492798,0.2150675505399704,0.01274670660495758,2,0.16853006184101105,0.16853006184101105,2.802859306335449,-1,,,
1,295,33979,0,22,5,3,0.2266005575656891,0.21770906448364258,0.008891493082046509,2,0.16898784041404724,0.16898784041404724,2.8051528930664062,-1,,,
1,296,33980,0,22,5,3,0.22480715811252594,0.21928948163986206,0.005517676472663879,2,0.16798457503318787,0.16798457503318787,2.8112168312072754,-1,,,
1,297,33981,0,22,5,3,0.2250269055366516,0.20622815191745758,0.01879875361919403,4,0.16610005497932434,0.16610005497932434,2.8214385509490967,-1,,,
1,298,33982,0,22,5,2,0.22419245541095734,0.1849551647901535,0.03923729062080383,7,0.16772642731666565,0.16772642731666565,2.8135764598846436,-1,,,
1,299,33983,0,22,5,2,0.2245217114686966,0.16746431589126587,0.057057395577430725,11,0.16673800349235535,0.16673800349235535,2.8181819915771484,-1,,,
1,300,33984,0,22,5,2,0.22184127569198608,0.16509594023227692,0.05674533545970917,11,0.16726170480251312,0.16726170480251312,2.816612720489502,-1,,,
1,301,33985,0,22,5,2,0.21665433049201965,0.1639280617237091,0.05272626876831055,10,0.16536939144134521,0.16536939144134521,2.8232197761535645,-1,,,
1,302,33986,0,22,5,2,0.20899948477745056,0.1559232473373413,0.05307623744010925,10,0.16431884467601776,0.16431884467601776,2.8228282928466797,-1,,,
1,303,33987,0,22,5,2,0.20116454362869263,0.1458674818277359,0.055297061800956726,8,0.16523350775241852,0.16523350775241852,2.8256492614746094,-1,,,
1,304,33988,0,22,5,2,0.19423064589500427,0.1556490659713745,0.03858157992362976,8,0.1661074012517929,0.1661074012517929,2.8202097415924072,-1,,,
1,305,33989,0,22,5,2,0.18628796935081482,0.15204980969429016,0.03423815965652466,8,0.166835218667984,0.166835218667984,2.8153207302093506,-1,,,
1,306,33990,0,22,5,2,0.1782633662223816,0.14558160305023193,0.03268176317214966,4,0.1685975044965744,0.1685975044965744,2.811403512954712,-1,,,
1,307,33991,0,22,5,2,0.1715686023235321,0.15157876908779144,0.01998983323574066,4,0.16854228079319,0.16854228079319,2.8123199939727783,-1,,,
1,308,33992,0,22,5,2,0.16698037087917328,0.1324124038219452,0.03456796705722809,5,0.16906361281871796,0.16906361281871796,2.8123481273651123,-1,,,
1,309,33993,0,22,5,18,0.16486719250679016,0.13459910452365875,0.03026808798313141,6,0.17127224802970886,0.17127224802970886,2.802586078643799,-1,,,
1,310,33994,0,22,5,18,0.16351714730262756,0.14528538286685944,0.018231764435768127,6,0.17192186415195465,0.17192186415195465,2.801265001296997,-1,,,
1,311,33995,0,22,5,3,0.1626565307378769,0.14927086234092712,0.013385668396949768,3,0.1712387502193451,0.1712387502193451,2.8031492233276367,-1,,,
1,312,33996,0,22,5,3,0.16201449930667877,0.1481444537639618,0.01387004554271698,6,0.17028020322322845,0.17028020322322845,2.809852361679077,-1,,,
1,313,33997,0,22,5,3,0.1628405600786209,0.1444973349571228,0.018343225121498108,7,0.17561548948287964,0.17561548948287964,2.79213809967041,-1,,,
1,314,33998,0,22,5,18,0.16408371925354004,0.13499532639980316,0.029088392853736877,6,0.17440785467624664,0.17440785467624664,2.798253297805786,-1,,,
1,315,33999,0,22,5,18,0.1654142290353775,0.14111565053462982,0.02429857850074768,6,0.17843838036060333,0.17843838036060333,2.7842562198638916,-1,,,
1,316,34000,0,22,5,18,0.16648124158382416,0.14084501564502716,0.025636225938796997,6,0.17458494007587433,0.17458494007587433,2.7972397804260254,-1,,,
1,317,34001,0,22,5,3,0.1669749915599823,0.14829643070697784,0.018678560853004456,4,0.17611999809741974,0.17611999809741974,2.7944130897521973,-1,,,
1,318,34002,0,22,5,3,0.16909845173358917,0.15234428644180298,0.016754165291786194,5,0.1724402755498886,0.1724402755498886,2.8040168285369873,-1,,,
1,319,34003,0,22,5,18,0.17039431631565094,0.14830367267131805,0.022090643644332886,7,0.1736173927783966,0.1736173927783966,2.8019654750823975,-1,,,
1,320,34004,0,22,5,3,0.17359258234500885,0.14946739375591278,0.02412518858909607,6,0.17193657159805298,0.17193657159805298,2.805480718612671,-1,,,
1,321,34005,0,22,5,3,0.17547710239887238,0.1506403237581253,0.02483677864074707,6,0.17228154838085175,0.17228154838085175,2.8056416511535645,-1,,,
1,322,34006,0,22,5,3,0.1758347451686859,0.15290309488773346,0.022931650280952454,4,0.16882726550102234,0.16882726550102234,2.8143928050994873,-1,,,
1,323,34007,0,22,5,3,0.17556297779083252,0.1462302953004837,0.029332682490348816,8,0.16959872841835022,0.16959872841835022,2.8131768703460693,-1,,,
1,324,34008,0,22,5,3,0.17571313679218292,0.14663171768188477,0.029081419110298157,7,0.1674588918685913,0.1674588918685913,2.817082643508911,-1,,,
1,325,34009,0,22,5,3,0.17612530291080475,0.14782018959522247,0.028305113315582275,8,0.16805054247379303,0.16805054247379303,2.8151674270629883,-1,,,
1,326,34010,0,22,5,3,0.17613552510738373,0.15098939836025238,0.025146126747131348,7,0.16815225780010223,0.16815225780010223,2.81439208984375,-1,,,
1,327,34011,0,22,5,3,0.1779422014951706,0.15081509947776794,0.02712710201740265,6,0.1608438640832901,0.1608438640832901,2.8289408683776855,-1,,,
1,328,34012,0,22,5,3,0.17846687138080597,0.15298928320407867,0.025477588176727295,7,0.16363993287086487,0.16363993287086487,2.8231446743011475,-1,,,
1,329,34013,0,22,5,3,0.1790762096643448,0.15365222096443176,0.025423988699913025,7,0.1676320880651474,0.1676320880651474,2.814382553100586,-1,,,
1,330,34014,0,22,5,3,0.1801801174879074,0.15173807740211487,0.02844204008579254,7,0.16678564250469208,0.16678564250469208,2.817633628845215,-1,,,
1,331,34015,0,22,5,18,0.1817043125629425,0.16075479984283447,0.020949512720108032,7,0.16945822536945343,0.16945822536945343,2.808041572570801,-1,,,
1,332,34016,0,22,5,3,0.1877155900001526,0.16529032588005066,0.02242526412010193,6,0.16765916347503662,0.16765916347503662,2.813429832458496,-1,,,
1,333,34017,0,22,5,3,0.18808309733867645,0.1507565826177597,0.03732651472091675,7,0.1707780659198761,0.1707780659198761,2.8065738677978516,-1,,,
1,334,34018,0,22,5,3,0.18850062787532806,0.1456167846918106,0.042883843183517456,8,0.17032256722450256,0.17032256722450256,2.8085076808929443,-1,,,
1,335,34019,0,22,5,3,0.18542976677417755,0.14743486046791077,0.037994906306266785,5,0.17116397619247437,0.17116397619247437,2.806533098220825,-1,,,
1,336,34020,0,22,5,3,0.18096739053726196,0.14709560573101044,0.033871784806251526,5,0.16969041526317596,0.16969041526317596,2.8071064949035645,-1,,,
1,337,34021,0,22,5,3,0.17735201120376587,0.14039258658885956,0.03695942461490631,7,0.17200781404972076,0.17200781404972076,2.8036117553710938,-1,,,
1,338,34022,0,22,5,3,0.17543867230415344,0.13431306183338165,0.04112561047077179,6,0.17366182804107666,0.17366182804107666,2.7990469932556152,-1,,,
1,339,34023,0,22,5,2,0.1745389997959137,0.13631555438041687,0.038223445415496826,5,0.1766510009765625,0.1766510009765625,2.789567708969116,-1,,,
1,340,34024,0,22,5,3,0.17197376489639282,0.13994301855564117,0.03203074634075165,4,0.18246382474899292,0.18246382474899292,2.768958330154419,-1,,,
1,341,34025,0,22,5,3,0.17360493540763855,0.1425350457429886,0.031069889664649963,5,0.17987358570098877,0.17987358570098877,2.7806665897369385,-1,,,
1,342,34026,0,22,5,3,0.17796577513217926,0.14179639518260956,0.0361693799495697,6,0.17624182999134064,0.17624182999134064,2.7902257442474365,-1,,,
1,343,34027,0,22,5,3,0.18486081063747406,0.1467997133731842,0.038061097264289856,6,0.1700967699289322,0.1700967699289322,2.8075830936431885,-1,,,
1,344,34028,0,22,5,3,0.1925886869430542,0.15882885456085205,0.03375983238220215,7,0.1727549135684967,0.1727549135684967,2.803417444229126,-1,,,
1,345,34029,0,22,5,6,0.2018423080444336,0.16716906428337097,0.03467324376106262,7,0.17018577456474304,0.17018577456474304,2.810593843460083,-1,,,
1,346,34030,0,22,5,6,0.21194662153720856,0.18162071704864502,0.030325904488563538,5,0.17083574831485748,0.17083574831485748,2.808162212371826,-1,,,
1,347,34031,0,22,5,6,0.22494369745254517,0.18790064752101898,0.037043049931526184,7,0.16829213500022888,0.16829213500022888,2.815459728240967,-1,,,
1,348,34032,0,22,5,3,0.2335215061903,0.19609232246875763,0.03742918372154236,4,0.17061573266983032,0.17061573266983032,2.8100578784942627,-1,,,
1,349,34033,0,22,5,3,0.2449294626712799,0.2042548656463623,0.0406745970249176,6,0.16523723304271698,0.16523723304271698,2.823423147201538,-1,,,
1,350,34034,0,22,5,3,0.2523571848869324,0.22550229728221893,0.02685488760471344,4,0.16604213416576385,0.16604213416576385,2.823507070541382,-1,,,
1,351,34035,0,22,5,3,0.25871729850769043,0.23261678218841553,0.026100516319274902,3,0.1677817851305008,0.1677817851305008,2.8148226737976074,-1,,,
1,352,34036,0,22,5,3,0.26181158423423767,0.23133407533168793,0.030477508902549744,3,0.16813839972019196,0.16813839972019196,2.816366195678711,-1,,,
1,353,34037,0,22,5,3,0.2607841491699219,0.23687012493610382,0.023914024233818054,3,0.16824385523796082,0.16824385523796082,2.8132266998291016,-1,,,
1,354,34038,0,22,5,3,0.2586311995983124,0.24223250150680542,0.016398698091506958,3,0.16823440790176392,0.16823440790176392,2.8137481212615967,-1,,,
1,355,34039,0,22,5,3,0.2545125484466553,0.24698907136917114,0.007523477077484131,3,0.1667264848947525,0.1667264848947525,2.8190009593963623,-1,,,
1,356,34040,0,22,5,1,0.25238099694252014,0.2507707178592682,0.0016102790832519531,3,0.1693764328956604,0.1693764328956604,2.81335711479187,-1,,,
1,357,34041,0,22,5,5,0.2502295672893524,0.2502295672893524,0.0,1,0.17059870064258575,0.17059870064258575,2.8096213340759277,-1,,,
1,358,34042,0,22,5,1,0.2572036385536194,0.25126928091049194,0.005934357643127441,3,0.16747301816940308,0.16747301816940308,2.8200016021728516,-1,,,
1,359,34043,0,22,5,1,0.2631240785121918,0.256908655166626,0.006215423345565796,2,0.16584260761737823,0.16584260761737823,2.8234829902648926,-1,,,
1,360,34044,0,22,5,4,0.27447739243507385,0.26982539892196655,0.0046519935131073,3,0.16721898317337036,0.16721898317337036,2.8190855979919434,-1,,,
1,361,34045,0,22,5,4,0.2914431095123291,0.26202723383903503,0.029415875673294067,6,0.16474062204360962,0.16474062204360962,2.828495979309082,-1,,,
1,362,34046,0,22,5,4,0.3124619424343109,0.2648145258426666,0.04764741659164429,9,0.16873201727867126,0.16873201727867126,2.8162314891815186,-1,,,
1,363,34047,0,22,5,4,0.3311937749385834,0.27250537276268005,0.05868840217590332,9,0.16273026168346405,0.16273026168346405,2.8321340084075928,-1,,,
1,364,34048,0,22,5,4,0.35192355513572693,0.2808406352996826,0.07108291983604431,9,0.16115690767765045,0.16115690767765045,2.837061643600464,-1,,,
1,365,34049,0,22,5,14,0.371246874332428,0.3186677396297455,0.052579134702682495,8,0.15373283624649048,0.15373283624649048,2.855452537536621,-1,,,
1,366,34050,0,22,5,6,0.38257622718811035,0.3360922932624817,0.04648393392562866,11,0.15991945564746857,0.15991945564746857,2.8371331691741943,-1,,,
1,367,34051,0,22,5,10,0.3955835998058319,0.3594447672367096,0.036138832569122314,16,0.15304966270923615,0.15304966270923615,2.858956813812256,-1,,,
1,368,34052,0,22,5,10,0.4059334099292755,0.37794291973114014,0.027990490198135376,13,0.1470477133989334,0.1470477133989334,2.8671998977661133,-1,,,
1,369,34053,0,22,5,13,0.41238823533058167,0.3850339651107788,0.027354270219802856,10,0.13733957707881927,0.13733957707881927,2.888242483139038,-1,,,
1,370,34054,0,22,5,13,0.41372212767601013,0.38007599115371704,0.03364613652229309,14,0.14023703336715698,0.14023703336715698,2.8808465003967285,-1,,,
1,371,34055,0,22,5,13,0.41414713859558105,0.3715577721595764,0.04258936643600464,13,0.1361227035522461,0.1361227035522461,2.888230085372925,-1,,,
1,372,34056,0,22,5,9,0.41592293977737427,0.3796706199645996,0.03625231981277466,13,0.13962788879871368,0.13962788879871368,2.8796114921569824,-1,,,
1,373,34057,0,22,5,9,0.4176620841026306,0.3764469027519226,0.04121518135070801,16,0.13875339925289154,0.13875339925289154,2.8838398456573486,-1,,,
1,374,34058,0,22,5,9,0.41768521070480347,0.3840924799442291,0.03359273076057434,13,0.1394244134426117,0.1394244134426117,2.879831075668335,-1,,,
1,375,34059,0,22,5,9,0.41892826557159424,0.3851451873779297,0.03378307819366455,13,0.13666397333145142,0.13666397333145142,2.885671377182007,-1,,,
1,376,34060,0,22,5,7,0.417875736951828,0.37965959310531616,0.03821614384651184,19,0.14074589312076569,0.14074589312076569,2.875427007675171,-1,,,
1,377,34061,0,22,5,15,0.41841739416122437,0.3745347559452057,0.04388263821601868,15,0.13616734743118286,0.13616734743118286,2.885708808898926,-1,,,
1,378,34062,0,22,5,15,0.41971462965011597,0.3813956081867218,0.038319021463394165,19,0.14013175666332245,0.14013175666332245,2.874983310699463,-1,,,
1,379,34063,0,22,5,15,0.42316970229148865,0.3943275511264801,0.028842151165008545,14,0.142476886510849,0.142476886510849,2.8673152923583984,-1,,,
1,380,34064,0,22,5,15,0.42068812251091003,0.3989575207233429,0.02173060178756714,12,0.14048391580581665,0.14048391580581665,2.871586561203003,-1,,,
1,381,34065,0,22,5,20,0.4165121912956238,0.4000001847743988,0.016512006521224976,10,0.13905999064445496,0.13905999064445496,2.877415895462036,-1,,,
1,382,34066,0,22,5,10,0.4162670373916626,0.40142640471458435,0.014840632677078247,12,0.1412264108657837,0.1412264108657837,2.8717000484466553,-1,,,
1,383,34067,0,22,5,0,0.40542542934417725,0.39598730206489563,0.009438127279281616,8,0.14012061059474945,0.14012061059474945,2.875246524810791,-1,,,
2,0,34452,0,22,0,5,0.23416996002197266,0.18320472538471222,0.05096523463726044,17,0.16966956853866577,0.16966956853866577,2.842578887939453,-1,,,
2,1,34453,0,22,0,5,0.23169121146202087,0.1816803216934204,0.050010889768600464,16,0.17702053487300873,0.17702053487300873,2.8250434398651123,-1,,,
2,2,34454,0,22,0,17,0.2298792600631714,0.1801120787858963,0.049767181277275085,15,0.19139133393764496,0.19139133393764496,2.7946112155914307,-1,,,
2,3,34455,0,22,0,17,0.22874407470226288,0.18434637784957886,0.04439769685268402,13,0.1834781914949417,0.1834781914949417,2.819502353668213,-1,,,
2,4,34456,0,22,0,3,0.22845210134983063,0.17255915701389313,0.0558929443359375,13,0.18075920641422272,0.18075920641422272,2.820596933364868,-1,,,
2,5,34457,0,22,0,17,0.22820545732975006,0.18179474771022797,0.046410709619522095,13,0.18059423565864563,0.18059423565864563,2.8258860111236572,-1,,,
2,6,34458,0,22,0,3,0.22738519310951233,0.16789132356643677,0.05949386954307556,14,0.19183564186096191,0.19183564186096191,2.7995808124542236,-1,,,
2,7,34459,0,22,0,3,0.2256477177143097,0.16731683909893036,0.058330878615379333,14,0.18695862591266632,0.18695862591266632,2.8078982830047607,-1,,,
2,8,34460,0,22,0,17,0.22276237607002258,0.16365613043308258,0.05910624563694,14,0.18594463169574738,0.18594463169574738,2.8148796558380127,-1,,,
2,9,34461,0,22,0,17,0.2194979339838028,0.16024258732795715,0.05925534665584564,13,0.2003563940525055,0.2003563940525055,2.77998423576355,-1,,,
2,10,34462,0,22,0,17,0.2166612148284912,0.15628620982170105,0.06037500500679016,14,0.18513339757919312,0.18513339757919312,2.81294322013855,-1,,,
2,11,34463,0,22,0,17,0.21495063602924347,0.16339021921157837,0.0515604168176651,16,0.18119655549526215,0.18119655549526215,2.8228914737701416,-1,,,
2,12,34464,0,22,0,17,0.21480996906757355,0.15713858604431152,0.057671383023262024,17,0.18854083120822906,0.18854083120822906,2.805493116378784,-1,,,
2,13,34465,0,22,0,17,0.21708571910858154,0.16148577630519867,0.055599942803382874,16,0.17862696945667267,0.17862696945667267,2.8301384449005127,-1,,,
2,14,34466,0,22,0,17,0.22202499210834503,0.17288437485694885,0.04914061725139618,15,0.1824600249528885,0.1824600249528885,2.817378520965576,-1,,,
2,15,34467,0,22,0,17,0.2294759452342987,0.17694228887557983,0.05253365635871887,16,0.18319743871688843,0.18319743871688843,2.812622547149658,-1,,,
2,16,34468,0,22,0,17,0.23971134424209595,0.17693036794662476,0.06278097629547119,16,0.1729992777109146,0.1729992777109146,2.829813241958618,-1,,,
2,17,34469,0,22,0,17,0.2515345811843872,0.17777614295482635,0.07375843822956085,17,0.16886569559574127,0.16886569559574127,2.8453149795532227,-1,,,
2,18,34470,0,22,0,17,0.26404786109924316,0.18028242886066437,0.0837654322385788,17,0.16355794668197632,0.16355794668197632,2.8562302589416504,-1,,,
2,19,34471,0,22,0,17,0.276779443025589,0.18825934827327728,0.0885200947523117,19,0.17264656722545624,0.17264656722545624,2.8323216438293457,-1,,,
2,20,34472,0,22,0,17,0.2889169156551361,0.18420222401618958,0.10471469163894653,21,0.16694076359272003,0.16694076359272003,2.8459978103637695,-1,,,
2,21,34473,0,22,0,17,0.2995011806488037,0.18513067066669464,0.11437050998210907,21,0.16969209909439087,0.16969209909439087,2.8369500637054443,-1,,,
2,22,34474,0,22,0,1,0.3081839382648468,0.18174032866954803,0.12644360959529877,21,0.16966962814331055,0.16966962814331055,2.8442511558532715,-1,,,
2,23,34475,0,22,0,3,0.3156256675720215,0.1723153293132782,0.1433103382587433,22,0.17290300130844116,0.17290300130844116,2.831103801727295,-1,,,
2,24,34476,0,22,0,3,0.3210657835006714,0.16961583495140076,0.15144994854927063,22,0.25446799397468567,0.25446799397468567,2.6457927227020264,-1,,,
2,25,34477,0,22,0,1,0.32254502177238464,0.161274716258049,0.16127030551433563,22,0.22883754968643188,0.22883754968643188,2.7118728160858154,-1,,,
2,26,34478,0,22,0,17,0.3228633999824524,0.14928537607192993,0.17357802391052246,22,0.25817519426345825,0.25817519426345825,2.634129762649536,-1,,,
2,27,34479,0,22,0,5,0.3219080865383148,0.12930230796337128,0.19260577857494354,22,0.2650865912437439,0.2650865912437439,2.6129415035247803,-1,,,
2,28,34480,0,22,0,5,0.3201727867126465,0.12589368224143982,0.19427910447120667,22,0.25366413593292236,0.25366413593292236,2.6480329036712646,-1,,,
2,29,34481,0,22,0,17,0.31816914677619934,0.1290884166955948,0.18908073008060455,22,0.2703914940357208,0.2703914940357208,2.5961596965789795,-1,,,
2,30,34482,0,22,0,17,0.3163803517818451,0.1274099200963974,0.1889704316854477,22,0.2551482915878296,0.2551482915878296,2.6342945098876953,-1,,,
2,31,34483,0,22,0,17,0.3142212927341461,0.11745358258485794,0.19676771014928818,22,0.22784167528152466,0.22784167528152466,2.705921173095703,-1,,,
2,32,34484,1,22,0,19,0.31197768449783325,0.11324514448642731,0.19873254001140594,22,0.2933543622493744,0.2933543622493744,2.540599822998047,-1,,,
2,33,34485,1,22,0,19,0.31205320358276367,0.10964726656675339,0.20240593701601028,22,0.2980470359325409,0.2980470359325409,2.5259437561035156,-1,,,
2,34,34486,1,22,0,17,0.3120291829109192,0.10225240886211395,0.20977677404880524,22,0.28310027718544006,0.28310027718544006,2.5650954246520996,-1,,,
2,35,34487,1,22,0,1,0.31198111176490784,0.10812127590179443,0.2038598358631134,22,0.257316917181015,0.257316917181015,2.62784481048584,-1,,,
2,36,34488,1,22,0,19,0.31206971406936646,0.10959013551473618,0.20247957855463028,22,0.2513095736503601,0.2513095736503601,2.630279541015625,-1,,,
2,37,34489,1,22,0,19,0.3121444880962372,0.11985205858945847,0.19229242950677872,22,0.25528061389923096,0.25528061389923096,2.6247997283935547,-1,,,
2,38,34490,1,22,0,19,0.31213268637657166,0.12265180796384811,0.18948087841272354,22,0.27204278111457825,0.27204278111457825,2.5977632999420166,-1,,,
2,39,34491,1,22,0,19,0.3120618462562561,0.12460271269083023,0.18745913356542587,22,0.24423184990882874,0.24423184990882874,2.665653944015503,-1,,,
2,40,34492,1,22,0,19,0.3119051456451416,0.12545154988765717,0.18645359575748444,22,0.25173309445381165,0.25173309445381165,2.643235683441162,-1,,,
2,41,34493,1,22,0,17,0.31173262000083923,0.11418405175209045,0.19754856824874878,22,0.2559932470321655,0.2559932470321655,2.626479148864746,-1,,,
2,42,34494,1,22,0,19,0.31152841448783875,0.11233304440975189,0.19919537007808685,22,0.2595349848270416,0.2595349848270416,2.6177797317504883,-1,,,
2,43,34495,1,22,0,19,0.3112397789955139,0.10494428128004074,0.20629549771547318,22,0.27178066968917847,0.27178066968917847,2.6002519130706787,-1,,,
2,44,34496,1,22,0,19,0.3108829855918884,0.10994864255189896,0.20093434303998947,22,0.27280065417289734,0.27280065417289734,2.597465753555298,-1,,,
2,45,34497,1,22,0,4,0.31048107147216797,0.11246322095394135,0.19801785051822662,22,0.276865154504776,0.276865154504776,2.5882375240325928,-1,,,
2,46,34498,1,22,0,4,0.3101370334625244,0.1177104264497757,0.19242660701274872,22,0.27619239687919617,0.27619239687919617,2.588561534881592,-1,,,
2,47,34499,1,22,0,14,0.3098068833351135,0.1125340387225151,0.19727284461259842,22,0.2795866131782532,0.2795866131782532,2.580075740814209,-1,,,
2,48,34500,1,22,0,17,0.309646874666214,0.11557667702436447,0.19407019764184952,22,0.2799615263938904,0.2799615263938904,2.5778911113739014,-1,,,
2,49,34501,1,22,0,17,0.30960813164711,0.1039680540561676,0.20564007759094238,22,0.2811879515647888,0.2811879515647888,2.573320150375366,-1,,,
2,50,34502,1,22,0,17,0.30984628200531006,0.10878583788871765,0.2010604441165924,22,0.2760779559612274,0.2760779559612274,2.587202310562134,-1,,,
2,51,34503,1,22,0,1,0.31040239334106445,0.10918085277080536,0.2012215405702591,22,0.2613389492034912,0.2613389492034912,2.6276586055755615,-1,,,
2,52,34504,1,22,0,1,0.3110513687133789,0.11065640300512314,0.20039496570825577,22,0.2697429358959198,0.2697429358959198,2.6063034534454346,-1,,,
2,53,34505,1,22,0,4,0.31198206543922424,0.11224011331796646,0.19974195212125778,22,0.27824074029922485,0.27824074029922485,2.5749146938323975,-1,,,
2,54,34506,1,22,0,4,0.3129691183567047,0.1164698526263237,0.196499265730381,22,0.24696096777915955,0.24696096777915955,2.645921468734741,-1,,,
2,55,34507,1,22,0,14,0.3140179514884949,0.11294592171907425,0.20107202976942062,22,0.26404038071632385,0.26404038071632385,2.623880386352539,-1,,,
2,56,34508,1,22,0,1,0.3176552653312683,0.1327308714389801,0.1849243938922882,22,0.2668253779411316,0.2668253779411316,2.613250494003296,-1,,,
2,57,34509,1,22,0,3,0.3205661475658417,0.13359175622463226,0.1869743913412094,22,0.2334306389093399,0.2334306389093399,2.6999738216400146,-1,,,
2,58,34510,1,22,0,3,0.3222270905971527,0.13417944312095642,0.1880476474761963,22,0.20760491490364075,0.20760491490364075,2.760708808898926,-1,,,
2,59,34511,1,22,0,3,0.3222970962524414,0.15043339133262634,0.17186370491981506,22,0.2843834161758423,0.2843834161758423,2.567038059234619,-1,,,
2,60,34512,1,22,0,3,0.3205094337463379,0.148212730884552,0.1722967028617859,22,0.29191896319389343,0.29191896319389343,2.5464847087860107,-1,,,
2,61,34513,1,22,0,3,0.316318541765213,0.17002926766872406,0.14628927409648895,22,0.17800427973270416,0.17800427973270416,2.8262815475463867,-1,,,
2,62,34514,1,22,0,3,0.31055110692977905,0.17767523229122162,0.13287587463855743,21,0.17529021203517914,0.17529021203517914,2.826653003692627,-1,,,
2,63,34515,0,22,0,14,0.30298784375190735,0.19546882808208466,0.10751901566982269,21,0.18046657741069794,0.18046657741069794,2.815535306930542,-1,,,
2,64,34516,0,22,0,14,0.29162636399269104,0.20188336074352264,0.0897430032491684,21,0.183467298746109,0.183467298746109,2.811744451522827,-1,,,
2,65,34517,0,22,0,6,0.2800680696964264,0.19546188414096832,0.08460618555545807,20,0.1703130006790161,0.1703130006790161,2.8365743160247803,-1,,,
2,66,34518,0,22,0,14,0.291172593832016,0.2430208921432495,0.04815170168876648,19,0.177972674369812,0.177972674369812,2.8234710693359375,-1,,,
2,67,34519,0,22,0,6,0.30577099323272705,0.2558150291442871,0.04995596408843994,17,0.1614723801612854,0.1614723801612854,2.8607494831085205,-1,,,
2,68,34520,0,22,0,6,0.32180577516555786,0.28453508019447327,0.037270694971084595,16,0.16561836004257202,0.16561836004257202,2.848383903503418,-1,,,
2,69,34521,0,22,0,6,0.33959949016571045,0.3117670714855194,0.02783241868019104,7,0.11254534870386124,0.11254534870386124,2.9859890937805176,-1,,,
2,70,34522,0,22,0,6,0.5228519439697266,0.49954402446746826,0.0233079195022583,8,0.11436000466346741,0.11436000466346741,2.982858419418335,-1,,,
2,71,34523,0,22,0,2,0.7113637924194336,0.6953850984573364,0.015978693962097168,11,0.15671895444393158,0.15671895444393158,2.8827571868896484,-1,,,
2,72,34524,0,22,0,2,0.9041875600814819,0.8810730576515198,0.023114502429962158,15,0.13087645173072815,0.13087645173072815,2.9478471279144287,-1,,,
2,73,34525,0,22,0,12,1.0996222496032715,1.057159662246704,0.04246258735656738,16,0.16122843325138092,0.16122843325138092,2.8756585121154785,-1,,,
2,74,34526,0,22,0,12,1.0976523160934448,1.0525885820388794,0.04506373405456543,10,0.12792246043682098,0.12792246043682098,2.953826904296875,-1,,,
2,75,34527,0,22,0,13,1.0789448022842407,1.0216984748840332,0.05724632740020752,11,0.1259489804506302,0.1259489804506302,2.953472137451172,-1,,,
2,76,34528,0,22,0,13,1.0647937059402466,0.9823916554450989,0.0824020504951477,10,0.12623697519302368,0.12623697519302368,2.9488959312438965,-1,,,
2,77,34529,2,22,0,13,1.0547996759414673,0.9448942542076111,0.1099054217338562,9,0.14617910981178284,0.14617910981178284,2.9120490550994873,-1,,,
2,78,34530,2,22,0,13,0.8809716105461121,0.7565509676933289,0.1244206428527832,7,0.11997459083795547,0.11997459083795547,2.9646472930908203,-1,,,
2,79,34531,2,22,0,13,0.7041425704956055,0.5819348692893982,0.12220770120620728,7,0.07410106062889099,0.07410106062889099,3.0414862632751465,-1,,,
2,80,34532,2,22,0,13,0.5249267816543579,0.3943634629249573,0.13056331872940063,8,0.07053778320550919,0.07053778320550919,3.043442726135254,-1,,,
2,81,34533,2,22,0,13,0.3451770842075348,0.2105420082807541,0.1346350759267807,16,0.07345348596572876,0.07345348596572876,3.0403614044189453,-1,,,
2,82,34534,2,22,0,13,0.34466904401779175,0.19906817376613617,0.14560087025165558,16,0.07478472590446472,0.07478472590446472,3.0386502742767334,-1,,,
2,83,34535,2,22,0,21,0.35937249660491943,0.20770882070064545,0.151663675904274,20,0.10964934527873993,0.10964934527873993,2.9872734546661377,-1,,,
2,84,34536,2,22,0,13,0.3696099817752838,0.2091217190027237,0.16048826277256012,20,0.10828055441379547,0.10828055441379547,2.991131067276001,-1,,,
2,85,34537,2,22,0,13,0.37594854831695557,0.21275866031646729,0.16318988800048828,19,0.07880289852619171,0.07880289852619171,3.0277252197265625,-1,,,
2,86,34538,2,22,19,13,0.32759883999824524,0.22159171104431152,0.10600712895393372,12,0.07223143428564072,0.07223143428564072,3.0486252307891846,-1,,,
2,87,34539,2,1,19,19,0.31699812412261963,0.31699812412261963,0.0,1,1.0,1.0,-0.0,-1,,,
2,88,34540,2,1,19,19,0.30566975474357605,0.30566975474357605,0.0,1,1.0,1.0,-0.0,-1,,,
2,89,34541,2,1,19,19,0.2977425456047058,0.2977425456047058,0.0,1,1.0,1.0,-0.0,-1,,,
2,90,34542,2,1,19,19,0.27908116579055786,0.27908116579055786,0.0,1,1.0,1.0,-0.0,-1,,,
2,91,34543,2,1,19,19,0.2597317099571228,0.2597317099571228,0.0,1,1.0,1.0,-0.0,-1,,,
2,92,34544,2,22,19,21,0.24239449203014374,0.20717616379261017,0.03521832823753357,6,0.1217099204659462,0.1217099204659462,2.966931104660034,-1,,,
2,93,34545,2,22,19,17,0.2207760363817215,0.21080949902534485,0.009966537356376648,2,0.12475734204053879,0.12475734204053879,2.9509921073913574,-1,,,
2,94,34546,2,22,19,19,0.23015336692333221,0.23015336692333221,0.0,1,0.11841214448213577,0.11841214448213577,2.981560230255127,-1,,,
2,95,34547,2,22,19,19,0.23947571218013763,0.23947571218013763,0.0,1,0.12265636026859283,0.12265636026859283,2.932009220123291,-1,,,
2,96,34548,2,22,19,19,0.2568982243537903,0.2568982243537903,0.0,1,0.12309055030345917,0.12309055030345917,2.931760787963867,-1,,,
2,97,34549,2,22,19,19,0.2780098617076874,0.2780098617076874,0.0,1,0.12785962224006653,0.12785962224006653,2.945375919342041,-1,,,
2,98,34550,2,22,19,19,0.30116069316864014,0.30116069316864014,0.0,1,0.12451811134815216,0.12451811134815216,2.9485559463500977,-1,,,
2,99,34551,2,22,19,4,0.31668752431869507,0.3062211871147156,0.010466337203979492,6,0.1231413409113884,0.1231413409113884,2.922576904296875,-1,,,
2,100,34552,2,22,19,4,0.3408222496509552,0.32455936074256897,0.01626288890838623,7,0.11806908249855042,0.11806908249855042,2.9827609062194824,-1,,,
2,101,34553,2,22,19,1,0.3692212700843811,0.3502561151981354,0.018965154886245728,7,0.1096181645989418,0.1096181645989418,2.9930145740509033,-1,,,
2,102,34554,2,22,19,5,0.36022138595581055,0.3445676565170288,0.01565372943878174,8,0.1220276728272438,0.1220276728272438,2.9674689769744873,-1,,,
2,103,34555,2,22,19,1,0.36198627948760986,0.34742677211761475,0.014559507369995117,8,0.13083933293819427,0.13083933293819427,2.931753158569336,-1,,,
2,104,34556,2,22,19,5,0.3793773353099823,0.36616045236587524,0.013216882944107056,8,0.11834786087274551,0.11834786087274551,2.980619430541992,-1,,,
2,105,34557,2,22,19,5,0.41020381450653076,0.3956794738769531,0.014524340629577637,8,0.11190879344940186,0.11190879344940186,2.9916300773620605,-1,,,
2,106,34558,2,22,19,1,0.4463721215724945,0.42708852887153625,0.019283592700958252,9,0.11700551211833954,0.11700551211833954,2.9844295978546143,-1,,,
2,107,34559,2,22,19,1,0.4949408173561096,0.47377321124076843,0.021167606115341187,12,0.09919104725122452,0.09919104725122452,3.0230088233947754,-1,,,
2,108,34560,2,22,19,4,0.5444619655609131,0.5042515397071838,0.04021042585372925,12,0.10721322149038315,0.10721322149038315,3.002537250518799,-1,,,
2,109,34561,2,22,19,4,0.6203381419181824,0.5688950419425964,0.05144309997558594,17,0.11822419613599777,0.11822419613599777,2.968810558319092,-1,,,
2,110,34562,2,22,19,3,0.7151390910148621,0.6410897374153137,0.07404935359954834,18,0.12514688074588776,0.12514688074588776,2.9496028423309326,-1,,,
2,111,34563,2,22,19,3,0.7792060375213623,0.7258238792419434,0.053382158279418945,17,0.12758567929267883,0.12758567929267883,2.942610025405884,-1,,,
2,112,34564,2,22,19,3,0.7927395105361938,0.7328674793243408,0.05987203121185303,18,0.10862857848405838,0.10862857848405838,2.9963715076446533,-1,,,
2,113,34565,2,22,19,1,0.7773858308792114,0.7134934067726135,0.0638924241065979,18,0.10846991091966629,0.10846991091966629,3.0059163570404053,-1,,,
2,114,34566,2,22,19,3,0.7578577995300293,0.7301251888275146,0.02773261070251465,13,0.12439383566379547,0.12439383566379547,2.9567131996154785,-1,,,
2,115,34567,2,22,19,3,0.7310369610786438,0.7051874995231628,0.025849461555480957,10,0.12583644688129425,0.12583644688129425,2.932694911956787,-1,,,
2,116,34568,2,22,19,3,0.7010965347290039,0.6734715700149536,0.027624964714050293,11,0.11981329321861267,0.11981329321861267,2.9536006450653076,-1,,,
2,117,34569,2,22,19,3,0.6127710342407227,0.590999960899353,0.02177107334136963,10,0.11085722595453262,0.11085722595453262,2.990936756134033,-1,,,
2,118,34570,2,22,19,5,0.5168054699897766,0.4876472055912018,0.02915826439857483,13,0.12318125367164612,0.12318125367164612,2.9611449241638184,-1,,,
2,119,34571,2,22,19,5,0.44208529591560364,0.41112542152404785,0.030959874391555786,12,0.12396326661109924,0.12396326661109924,2.956761360168457,-1,,,
2,120,34572,2,22,19,5,0.40463584661483765,0.37432971596717834,0.030306130647659302,11,0.11679792404174805,0.11679792404174805,2.977738618850708,-1,,,
2,121,34573,2,22,19,1,0.3709706664085388,0.3393478989601135,0.03162276744842529,12,0.10495901107788086,0.10495901107788086,3.006329298019409,-1,,,
2,122,34574,2,22,19,5,0.3318658769130707,0.27591651678085327,0.05594936013221741,19,0.12622418999671936,0.12622418999671936,2.9533562660217285,-1,,,
2,123,34575,2,22,19,6,0.29367631673812866,0.2551781237125397,0.03849819302558899,11,0.10853810608386993,0.10853810608386993,3.002220630645752,-1,,,
2,124,34576,2,22,19,3,0.2558019757270813,0.23379166424274445,0.022010311484336853,8,0.11037830263376236,0.11037830263376236,2.996180534362793,-1,,,
2,125,34577,2,22,19,18,0.24559460580348969,0.23199476301670074,0.01359984278678894,3,0.10986850410699844,0.10986850410699844,3.000924587249756,-1,,,
2,126,34578,2,22,19,14,0.22357609868049622,0.19178299605846405,0.031793102622032166,4,0.10415913909673691,0.10415913909673691,3.0125882625579834,-1,,,
2,127,34579,2,22,19,14,0.20075300335884094,0.1778978705406189,0.022855132818222046,11,0.10061484575271606,0.10061484575271606,3.0214500427246094,-1,,,
2,128,34580,2,22,19,12,0.172309011220932,0.16284623742103577,0.00946277379989624,5,0.09900417923927307,0.09900417923927307,3.02347993850708,-1,,,
2,129,34581,2,22,19,14,0.15046104788780212,0.1493331640958786,0.001127883791923523,2,0.10306373238563538,0.10306373238563538,3.016799211502075,-1,,,
2,130,34582,2,22,19,19,0.1343218833208084,0.1343218833208084,0.0,1,0.13008391857147217,0.13008391857147217,2.9423303604125977,-1,,,
2,131,34583,2,22,19,16,0.13519583642482758,0.13459962606430054,0.0005962103605270386,2,0.1285850703716278,0.1285850703716278,2.9378042221069336,-1,,,
2,132,34584,2,22,19,17,0.13574285805225372,0.13551652431488037,0.00022633373737335205,2,0.12725724279880524,0.12725724279880524,2.948150396347046,-1,,,
2,133,34585,2,22,19,16,0.13958129286766052,0.1354275494813919,0.004153743386268616,4,0.12682317197322845,0.12682317197322845,2.952439546585083,-1,,,
2,134,34586,2,22,19,18,0.15800446271896362,0.14307665824890137,0.014927804470062256,4,0.1253787875175476,0.1253787875175476,2.959587812423706,-1,,,
2,135,34587,2,22,19,16,0.17701667547225952,0.160808727145195,0.016207948327064514,5,0.1261064112186432,0.1261064112186432,2.952760934829712,-1,,,
2,136,34588,2,22,19,18,0.19639086723327637,0.17227619886398315,0.024114668369293213,10,0.11301950365304947,0.11301950365304947,2.909463405609131,-1,,,
2,137,34589,2,22,19,18,0.21528898179531097,0.18535387516021729,0.02993510663509369,10,0.11708078533411026,0.11708078533411026,2.920046329498291,-1,,,
2,138,34590,0,22,19,3,0.23345616459846497,0.1998562514781952,0.033599913120269775,9,0.11232564598321915,0.11232564598321915,2.906653642654419,-1,,,
2,139,34591,0,22,19,3,0.236073300242424,0.20476150512695312,0.031311795115470886,8,0.11248184740543365,0.11248184740543365,2.9085638523101807,-1,,,
2,140,34592,0,22,19,3,0.2389412373304367,0.21282412111759186,0.02611711621284485,7,0.11520799994468689,0.11520799994468689,2.9163739681243896,-1,,,
2,141,34593,0,22,19,3,0.24306482076644897,0.21906228363513947,0.02400253713130951,9,0.11446554958820343,0.11446554958820343,2.9119350910186768,-1,,,
2,142,34594,0,22,19,18,0.2490527480840683,0.22861501574516296,0.020437732338905334,7,0.11382148414850235,0.11382148414850235,2.9105241298675537,-1,,,
2,143,34595,0,22,19,3,0.25359630584716797,0.23696455359458923,0.016631752252578735,5,0.11672814935445786,0.11672814935445786,2.9086434841156006,-1,,,
2,144,34596,0,22,19,3,0.2574145197868347,0.24891525506973267,0.00849926471710205,4,0.11624784022569656,0.11624784022569656,2.9095840454101562,-1,,,
2,145,34597,0,22,19,3,0.2627487778663635,0.25308987498283386,0.009658902883529663,4,0.11977839469909668,0.11977839469909668,2.918703079223633,-1,,,
2,146,34598,0,22,19,8,0.25887954235076904,0.2517326772212982,0.007146865129470825,2,0.12347754091024399,0.12347754091024399,2.9203147888183594,-1,,,
2,147,34599,0,22,19,8,0.26163792610168457,0.2517662048339844,0.009871721267700195,2,0.12264181673526764,0.12264181673526764,2.9573886394500732,-1,,,
2,148,34600,0,22,19,8,0.2656431794166565,0.2392941415309906,0.026349037885665894,2,0.11589866131544113,0.11589866131544113,2.9760146141052246,-1,,,
2,149,34601,0,22,19,8,0.2666461765766144,0.23233026266098022,0.034315913915634155,3,0.10207892954349518,0.10207892954349518,2.993539810180664,-1,,,
2,150,34602,0,22,19,8,0.26804837584495544,0.23503056168556213,0.03301781415939331,4,0.10700885206460953,0.10700885206460953,2.985236406326294,-1,,,
2,151,34603,0,22,19,8,0.27274054288864136,0.25108596682548523,0.021654576063156128,3,0.11923039704561234,0.11923039704561234,2.9672584533691406,-1,,,
2,152,34604,0,22,19,8,0.2771620750427246,0.2751871347427368,0.001974940299987793,2,0.12665291130542755,0.12665291130542755,2.922258138656616,-1,,,
2,153,34605,3,22,19,20,0.28091543912887573,0.2554028332233429,0.025512605905532837,5,0.1143081784248352,0.1143081784248352,2.975956678390503,-1,,,
2,154,34606,3,22,19,20,0.2939107418060303,0.2319577932357788,0.061952948570251465,6,0.10178768634796143,0.10178768634796143,2.9868786334991455,-1,,,
2,155,34607,3,22,19,20,0.2966243326663971,0.22636981308460236,0.07025451958179474,6,0.10043417662382126,0.10043417662382126,2.983914613723755,-1,,,
2,156,34608,3,22,19,20,0.29409652948379517,0.2592542767524719,0.03484225273132324,6,0.11181031167507172,0.11181031167507172,2.9776418209075928,-1,,,
2,157,34609,3,22,19,6,0.2895667850971222,0.28123852610588074,0.008328258991241455,3,0.11588834971189499,0.11588834971189499,2.9705708026885986,-1,,,
2,158,34610,3,22,19,6,0.28587859869003296,0.2770632803440094,0.00881531834602356,3,0.11374003440141678,0.11374003440141678,2.977489948272705,-1,,,
2,159,34611,3,22,19,21,0.2809757888317108,0.263541579246521,0.01743420958518982,4,0.12073022127151489,0.12073022127151489,2.9430973529815674,-1,,,
2,160,34612,3,22,19,21,0.2787373661994934,0.22458189725875854,0.05415546894073486,9,0.11786995083093643,0.11786995083093643,2.9535844326019287,-1,,,
2,161,34613,3,22,19,16,0.2735849916934967,0.19365805387496948,0.07992693781852722,9,0.11727172881364822,0.11727172881364822,2.960141658782959,-1,,,
2,162,34614,3,22,19,16,0.2663342356681824,0.17333561182022095,0.09299862384796143,9,0.11854282021522522,0.11854282021522522,2.926795244216919,-1,,,
2,163,34615,3,22,19,18,0.2605811357498169,0.14350000023841858,0.11708113551139832,8,0.11314522475004196,0.11314522475004196,2.9753501415252686,-1,,,
2,164,34616,3,22,19,18,0.2567465603351593,0.12870870530605316,0.12803785502910614,8,0.11013028770685196,0.11013028770685196,2.9827258586883545,-1,,,
2,165,34617,3,22,19,18,0.2543986439704895,0.1287028193473816,0.1256958246231079,8,0.09711307287216187,0.09711307287216187,3.000791072845459,-1,,,
2,166,34618,3,22,19,18,0.24926817417144775,0.13098813593387604,0.11828003823757172,8,0.10212653875350952,0.10212653875350952,2.990907907485962,-1,,,
2,167,34619,3,22,19,18,0.2416461855173111,0.1393166482448578,0.10232953727245331,8,0.11704939603805542,0.11704939603805542,2.9675424098968506,-1,,,
2,168,34620,3,22,19,16,0.2329537719488144,0.14653412997722626,0.08641964197158813,8,0.11994784325361252,0.11994784325361252,2.949270009994507,-1,,,
2,169,34621,3,22,19,18,0.228288933634758,0.1406642645597458,0.08762466907501221,8,0.12426577508449554,0.12426577508449554,2.923508405685425,-1,,,
2,170,34622,3,22,19,18,0.22860999405384064,0.13178010284900665,0.09682989120483398,8,0.10018711537122726,0.10018711537122726,2.990656852722168,-1,,,
2,171,34623,3,22,19,18,0.23084339499473572,0.12991707026958466,0.10092632472515106,8,0.09674402326345444,0.09674402326345444,2.988041877746582,-1,,,
2,172,34624,3,22,19,16,0.23704800009727478,0.14047743380069733,0.09657056629657745,8,0.09611601382493973,0.09611601382493973,2.9909300804138184,-1,,,
2,173,34625,3,22,19,16,0.24700334668159485,0.1610826700925827,0.08592067658901215,8,0.096791572868824,0.096791572868824,2.993760824203491,-1,,,
2,174,34626,3,22,19,21,0.2630639970302582,0.16832169890403748,0.0947422981262207,8,0.0985225960612297,0.0985225960612297,2.9906270503997803,-1,,,
2,175,34627,3,22,19,21,0.28485164046287537,0.17067010700702667,0.1141815334558487,8,0.0954408347606659,0.0954408347606659,2.9958386421203613,-1,,,
2,176,34628,3,22,19,21,0.30761227011680603,0.18219158053398132,0.1254206895828247,8,0.12443403899669647,0.12443403899669647,2.9352974891662598,-1,,,
2,177,34629,3,22,19,21,0.31323564052581787,0.2111937254667282,0.10204191505908966,8,0.12380463629961014,0.12380463629961014,2.936739683151245,-1,,,
2,178,34630,3,22,19,21,0.3153612017631531,0.2398642748594284,0.07549692690372467,8,0.1196751818060875,0.1196751818060875,2.9449408054351807,-1,,,
2,179,34631,3,22,19,21,0.31717684864997864,0.2385321706533432,0.07864467799663544,9,0.11860757321119308,0.11860757321119308,2.945093870162964,-1,,,
2,180,34632,3,22,19,16,0.31539976596832275,0.24114635586738586,0.07425341010093689,9,0.11924156546592712,0.11924156546592712,2.9423277378082275,-1,,,
2,181,34633,3,22,19,16,0.3125306963920593,0.2263796329498291,0.08615106344223022,10,0.1155976876616478,0.1155976876616478,2.950024366378784,-1,,,
2,182,34634,3,22,19,18,0.3039659261703491,0.224558487534523,0.07940743863582611,8,0.11451899260282516,0.11451899260282516,2.9148902893066406,-1,,,
2,183,34635,3,22,19,16,0.2916784882545471,0.22411954402923584,0.06755894422531128,11,0.11104846000671387,0.11104846000671387,2.9080588817596436,-1,,,
2,184,34636,0,22,19,18,0.27700093388557434,0.20553958415985107,0.07146134972572327,13,0.11025875806808472,0.11025875806808472,2.9048922061920166,-1,,,
2,185,34637,0,22,19,18,0.27723580598831177,0.2035466879606247,0.07368911802768707,12,0.10984615236520767,0.10984615236520767,2.909045696258545,-1,,,
2,186,34638,0,22,19,18,0.27744820713996887,0.21113507449626923,0.06631313264369965,12,0.11233600974082947,0.11233600974082947,2.9102611541748047,-1,,,
2,187,34639,0,22,19,16,0.2782208025455475,0.21104024350643158,0.0671805590391159,12,0.11167657375335693,0.11167657375335693,2.908360242843628,-1,,,
2,188,34640,0,22,19,16,0.2786197364330292,0.21495608985424042,0.06366364657878876,11,0.11518294364213943,0.11518294364213943,2.9692697525024414,-1,,,
2,189,34641,0,22,19,16,0.2586526572704315,0.20780788362026215,0.05084477365016937,11,0.11572092771530151,0.11572092771530151,2.9629759788513184,-1,,,
2,190,34642,0,22,19,16,0.23826293647289276,0.1927853226661682,0.04547761380672455,13,0.11647088825702667,0.11647088825702667,2.933232307434082,-1,,,
2,191,34643,0,22,19,18,0.2174438089132309,0.1883740872144699,0.029069721698760986,9,0.11653848737478256,0.11653848737478256,2.9297826290130615,-1,,,
2,192,34644,0,22,19,18,0.19722291827201843,0.16700175404548645,0.030221164226531982,10,0.11925417929887772,0.11925417929887772,2.9303596019744873,-1,,,
2,193,34645,0,22,19,18,0.17837409675121307,0.14285536110401154,0.03551873564720154,10,0.1180642694234848,0.1180642694234848,2.91902756690979,-1,,,
2,194,34646,0,22,19,18,0.15999165177345276,0.10835947096347809,0.05163218080997467,10,0.11381656676530838,0.11381656676530838,2.9696784019470215,-1,,,
2,195,34647,0,22,19,16,0.14244525134563446,0.08818884938955307,0.05425640195608139,10,0.11145258694887161,0.11145258694887161,3.0002036094665527,-1,,,
2,196,34648,1,22,19,16,0.12481949478387833,0.06721825897693634,0.057601235806941986,10,0.12097439169883728,0.12097439169883728,2.977625846862793,-1,,,
2,197,34649,1,22,19,18,0.12865984439849854,0.07381321489810944,0.0548466295003891,11,0.1184050440788269,0.1184050440788269,2.9239542484283447,-1,,,
2,198,34650,1,22,19,16,0.1330501139163971,0.07192272692918777,0.06112738698720932,11,0.12009185552597046,0.12009185552597046,2.952207326889038,-1,,,
2,199,34651,1,22,19,16,0.1369006484746933,0.07195281982421875,0.06494782865047455,14,0.12067222595214844,0.12067222595214844,2.9623374938964844,-1,,,
2,200,34652,1,22,19,16,0.1409919261932373,0.06883908063173294,0.07215284556150436,14,0.11831970512866974,0.11831970512866974,2.9283487796783447,-1,,,
2,201,34653,1,22,19,16,0.14355404675006866,0.06838943064212799,0.07516461610794067,12,0.1026090458035469,0.1026090458035469,2.9925336837768555,-1,,,
2,202,34654,1,22,19,16,0.14522457122802734,0.06861663609743118,0.07660793513059616,13,0.09483640640974045,0.09483640640974045,3.0055253505706787,-1,,,
2,203,34655,1,22,19,16,0.14513811469078064,0.06822387129068375,0.0769142434000969,11,0.1169697493314743,0.1169697493314743,2.972552537918091,-1,,,
2,204,34656,1,22,19,16,0.14666730165481567,0.07021387666463852,0.07645342499017715,11,0.09631848335266113,0.09631848335266113,3.01210880279541,-1,,,
2,205,34657,1,22,19,16,0.1475086212158203,0.06911059468984604,0.07839802652597427,11,0.10366138815879822,0.10366138815879822,3.0049240589141846,-1,,,
2,206,34658,1,22,19,16,0.14918920397758484,0.07013016194105148,0.07905904203653336,11,0.11362487077713013,0.11362487077713013,2.9842641353607178,-1,,,
2,207,34659,1,22,19,16,0.1515447050333023,0.07034358382225037,0.08120112121105194,11,0.09545042365789413,0.09545042365789413,3.0105793476104736,-1,,,
2,208,34660,1,22,19,16,0.15333335101604462,0.0705721452832222,0.08276120573282242,12,0.08680766820907593,0.08680766820907593,3.008829355239868,-1,,,
2,209,34661,1,22,19,16,0.15601593255996704,0.06984063982963562,0.08617529273033142,13,0.08788718283176422,0.08788718283176422,3.0021231174468994,-1,,,
2,210,34662,1,22,0,16,0.10405846685171127,0.07103817909955978,0.03302028775215149,5,0.10176879167556763,0.10176879167556763,2.968033790588379,-1,,,
2,211,34663,1,1,0,0,0.10651656985282898,0.10651656985282898,0.0,1,1.0,1.0,-0.0,-1,,,
2,212,34664,1,1,0,0,0.11604122072458267,0.11604122072458267,0.0,1,1.0,1.0,-0.0,-1,,,
2,213,34665,1,1,0,0,0.12356559187173843,0.12356559187173843,0.0,1,1.0,1.0,-0.0,-1,,,
2,214,34666,1,1,0,0,0.12939633429050446,0.12939633429050446,0.0,1,1.0,1.0,-0.0,-1,,,
2,215,34667,1,1,0,0,0.13347434997558594,0.13347434997558594,0.0,1,1.0,1.0,-0.0,-1,,,
2,216,34668,1,22,0,21,0.13745160400867462,0.10557231307029724,0.03187929093837738,10,0.27906107902526855,0.27906107902526855,2.5868265628814697,-1,,,
2,217,34669,1,22,0,21,0.13941942155361176,0.10753665119409561,0.031882770359516144,10,0.22739507257938385,0.22739507257938385,2.700544595718384,-1,,,
2,218,34670,1,22,0,21,0.14166772365570068,0.11089078336954117,0.030776940286159515,10,0.26850321888923645,0.26850321888923645,2.605048418045044,-1,,,
2,219,34671,1,22,0,21,0.141445130109787,0.11386235803365707,0.027582772076129913,9,0.2762065827846527,0.2762065827846527,2.583134889602661,-1,,,
2,220,34672,1,22,0,21,0.14117546379566193,0.11643689125776291,0.024738572537899017,9,0.27796435356140137,0.27796435356140137,2.5842084884643555,-1,,,
2,221,34673,1,22,0,21,0.14026738703250885,0.1161060556769371,0.024161331355571747,9,0.28879037499427795,0.28879037499427795,2.550964832305908,-1,,,
2,222,34674,1,22,0,21,0.13892003893852234,0.1148289367556572,0.024091102182865143,9,0.29584866762161255,0.29584866762161255,2.5341267585754395,-1,,,
2,223,34675,1,22,0,21,0.13741210103034973,0.1143287941813469,0.023083306849002838,9,0.27703648805618286,0.27703648805618286,2.578933000564575,-1,,,
2,224,34676,1,22,0,21,0.13582593202590942,0.11336693167686462,0.0224590003490448,8,0.29548171162605286,0.29548171162605286,2.5350403785705566,-1,,,
2,225,34677,1,22,0,21,0.13451382517814636,0.11259645968675613,0.02191736549139023,7,0.28907468914985657,0.28907468914985657,2.5526511669158936,-1,,,
2,226,34678,1,22,0,21,0.13326993584632874,0.11221936345100403,0.021050572395324707,7,0.2747611701488495,0.2747611701488495,2.586758852005005,-1,,,
2,227,34679,1,22,0,21,0.13240472972393036,0.11267472803592682,0.01973000168800354,7,0.29950854182243347,0.29950854182243347,2.526353597640991,-1,,,
2,228,34680,1,22,0,21,0.1315021961927414,0.11206628382205963,0.019435912370681763,7,0.27610719203948975,0.27610719203948975,2.585561752319336,-1,,,
2,229,34681,1,22,0,21,0.130703404545784,0.11062043905258179,0.02008296549320221,7,0.27754515409469604,0.27754515409469604,2.584082841873169,-1,,,
2,230,34682,1,22,0,21,0.13030210137367249,0.10984405875205994,0.02045804262161255,7,0.260817289352417,0.260817289352417,2.615797996520996,-1,,,
2,231,34683,1,22,0,21,0.12982450425624847,0.1099112406373024,0.019913263618946075,7,0.29328954219818115,0.29328954219818115,2.545626163482666,-1,,,
2,232,34684,1,22,0,21,0.12949836254119873,0.10965835303068161,0.01984000951051712,7,0.29466521739959717,0.29466521739959717,2.5424773693084717,-1,,,
2,233,34685,1,22,0,21,0.1290750354528427,0.1100487932562828,0.019026242196559906,7,0.2695072293281555,0.2695072293281555,2.6071934700012207,-1,,,
2,234,34686,1,22,0,21,0.12934693694114685,0.10972212255001068,0.01962481439113617,7,0.2666259706020355,0.2666259706020355,2.6120619773864746,-1,,,
2,235,34687,1,22,0,21,0.12945124506950378,0.1094328910112381,0.020018354058265686,7,0.2796325981616974,0.2796325981616974,2.580183982849121,-1,,,
2,236,34688,1,22,0,21,0.12970872223377228,0.10886918753385544,0.02083953469991684,7,0.2724754214286804,0.2724754214286804,2.592409610748291,-1,,,
2,237,34689,1,22,0,21,0.1298314332962036,0.10978956520557404,0.020041868090629578,7,0.27101707458496094,0.27101707458496094,2.5967204570770264,-1,,,
2,238,34690,1,22,0,21,0.12992943823337555,0.10845360159873962,0.021475836634635925,7,0.27364280819892883,0.27364280819892883,2.5967211723327637,-1,,,
2,239,34691,1,22,0,21,0.13006295263767242,0.10858052968978882,0.021482422947883606,7,0.23200483620166779,0.23200483620166779,2.691194534301758,-1,,,
2,240,34692,1,22,0,21,0.14378201961517334,0.12253057211637497,0.02125144749879837,7,0.23827633261680603,0.23827633261680603,2.67507266998291,-1,,,
2,241,34693,1,22,0,21,0.15675240755081177,0.13940183818340302,0.017350569367408752,5,0.2967202663421631,0.2967202663421631,2.535320997238159,-1,,,
2,242,34694,1,22,0,18,0.16951245069503784,0.150676891207695,0.018835559487342834,6,0.2975510358810425,0.2975510358810425,2.5352983474731445,-1,,,
2,243,34695,1,22,0,18,0.18325668573379517,0.161283940076828,0.021972745656967163,6,0.3034500479698181,0.3034500479698181,2.516373872756958,-1,,,
2,244,34696,1,22,0,18,0.197891503572464,0.171124666929245,0.026766836643218994,5,0.3001865744590759,0.3001865744590759,2.522585391998291,-1,,,
2,245,34697,1,22,0,18,0.21424655616283417,0.18548157811164856,0.028764978051185608,6,0.197159543633461,0.197159543633461,2.764336347579956,-1,,,
2,246,34698,1,22,0,18,0.23190219700336456,0.2007005661725998,0.03120163083076477,8,0.1979602724313736,0.1979602724313736,2.7618019580841064,-1,,,
2,247,34699,0,22,0,18,0.2513148784637451,0.21483540534973145,0.03647947311401367,10,0.19818276166915894,0.19818276166915894,2.765496253967285,-1,,,
2,248,34700,0,22,0,3,0.2593936026096344,0.2132694125175476,0.04612419009208679,10,0.21365845203399658,0.21365845203399658,2.729606866836548,-1,,,
2,249,34701,0,22,0,6,0.26997554302215576,0.2214469462633133,0.04852859675884247,11,0.1947631686925888,0.1947631686925888,2.7727086544036865,-1,,,
2,250,34702,0,22,0,3,0.2826695740222931,0.2137829065322876,0.0688866674900055,14,0.20189383625984192,0.20189383625984192,2.752861976623535,-1,,,
2,251,34703,0,22,0,6,0.2955561876296997,0.22383823990821838,0.07171794772148132,14,0.19676576554775238,0.19676576554775238,2.7630631923675537,-1,,,
2,252,34704,0,22,0,6,0.30765554308891296,0.22560295462608337,0.08205258846282959,14,0.17463281750679016,0.17463281750679016,2.830336809158325,-1,,,
2,253,34705,0,22,0,3,0.3040813207626343,0.21311959624290466,0.09096172451972961,14,0.18576622009277344,0.18576622009277344,2.804795503616333,-1,,,
2,254,34706,0,22,0,3,0.2960101366043091,0.20535160601139069,0.0906585305929184,15,0.14211587607860565,0.14211587607860565,2.9178926944732666,-1,,,
2,255,34707,0,22,0,3,0.2859368324279785,0.19424864649772644,0.09168818593025208,15,0.11883530765771866,0.11883530765771866,2.9676952362060547,-1,,,
2,256,34708,0,22,0,12,0.2740364372730255,0.18778567016124725,0.08625076711177826,15,0.14375534653663635,0.14375534653663635,2.9109995365142822,-1,,,
2,257,34709,0,22,0,17,0.26173126697540283,0.17603422701358795,0.08569703996181488,16,0.13372208178043365,0.13372208178043365,2.9346349239349365,-1,,,
2,258,34710,0,22,0,17,0.24515175819396973,0.17661376297473907,0.06853799521923065,15,0.1766955703496933,0.1766955703496933,2.818737506866455,-1,,,
2,259,34711,0,22,0,10,0.21984511613845825,0.1662725955247879,0.05357252061367035,16,0.1402217149734497,0.1402217149734497,2.9234490394592285,-1,,,
2,260,34712,2,22,0,16,0.19286498427391052,0.17262002825737,0.020244956016540527,7,0.10191235691308975,0.10191235691308975,3.0006024837493896,-1,,,
2,261,34713,2,22,0,16,0.1886983960866928,0.17243176698684692,0.016266629099845886,7,0.12260344624519348,0.12260344624519348,2.9581902027130127,-1,,,
2,262,34714,2,22,0,16,0.1931248903274536,0.17883484065532684,0.01429004967212677,8,0.14170131087303162,0.14170131087303162,2.914506435394287,-1,,,
2,263,34715,2,22,0,16,0.1957724392414093,0.1811588555574417,0.01461358368396759,12,0.16042682528495789,0.16042682528495789,2.8662846088409424,-1,,,
2,264,34716,2,22,0,21,0.19952425360679626,0.17298458516597748,0.026539668440818787,17,0.1349126398563385,0.1349126398563385,2.934117317199707,-1,,,
2,265,34717,2,22,0,19,0.2004573494195938,0.16448280215263367,0.035974547266960144,15,0.10745557397603989,0.10745557397603989,2.989588499069214,-1,,,
2,266,34718,2,22,0,17,0.20191052556037903,0.16184744238853455,0.04006308317184448,18,0.0982816070318222,0.0982816070318222,3.003490924835205,-1,,,
2,267,34719,2,22,0,17,0.2116202414035797,0.16788727045059204,0.04373297095298767,17,0.1186838373541832,0.1186838373541832,2.970541477203369,-1,,,
2,268,34720,2,22,0,21,0.22371476888656616,0.19084946811199188,0.03286530077457428,16,0.14080944657325745,0.14080944657325745,2.9198553562164307,-1,,,
2,269,34721,2,22,0,21,0.22198614478111267,0.19586749374866486,0.026118651032447815,14,0.12352190911769867,0.12352190911769867,2.959216833114624,-1,,,
2,270,34722,2,22,0,20,0.2109827995300293,0.19456785917282104,0.016414940357208252,12,0.10660631954669952,0.10660631954669952,2.9893012046813965,-1,,,
2,271,34723,2,22,0,1,0.2026858627796173,0.17908844351768494,0.023597419261932373,10,0.10569225251674652,0.10569225251674652,2.9897685050964355,-1,,,
2,272,34724,2,22,0,1,0.1958530694246292,0.17789007723331451,0.017962992191314697,9,0.10091685503721237,0.10091685503721237,2.9996097087860107,-1,,,
2,273,34725,2,22,0,1,0.19377601146697998,0.18292321264743805,0.010852798819541931,9,0.10885210335254669,0.10885210335254669,2.9871556758880615,-1,,,
2,274,34726,2,22,0,4,0.19960340857505798,0.1898302137851715,0.009773194789886475,9,0.16166427731513977,0.16166427731513977,2.8691656589508057,-1,,,
2,275,34727,2,22,0,18,0.2105565369129181,0.2022179514169693,0.008338585495948792,7,0.12400014698505402,0.12400014698505402,2.9550905227661133,-1,,,
2,276,34728,2,22,0,1,0.2144612818956375,0.21364431083202362,0.0008169710636138916,4,0.11405821144580841,0.11405821144580841,2.975799322128296,-1,,,
2,277,34729,2,22,0,11,0.2227499932050705,0.21641072630882263,0.006339266896247864,2,0.10419948399066925,0.10419948399066925,2.995565891265869,-1,,,
2,278,34730,2,22,4,11,0.25231942534446716,0.23455959558486938,0.01775982975959778,13,0.07576435059309006,0.07576435059309006,3.039078950881958,-1,,,
2,279,34731,2,1,4,4,0.34138017892837524,0.34138017892837524,0.0,1,1.0,1.0,-0.0,-1,,,
2,280,34732,2,1,4,4,0.6546531319618225,0.6546531319618225,0.0,1,1.0,1.0,-0.0,-1,,,
2,281,34733,2,1,4,4,1.1842442750930786,1.1842442750930786,0.0,1,1.0,1.0,-0.0,-1,,,
2,282,34734,2,1,4,4,1.7213679552078247,1.7213679552078247,0.0,1,1.0,1.0,-0.0,-1,,,
2,283,34735,2,1,4,4,2.2952239513397217,2.2952239513397217,0.0,1,1.0,1.0,-0.0,-1,,,
2,284,34736,2,22,19,2,2.914552927017212,2.838350296020508,0.0762026309967041,18,0.08339300006628036,0.08339300006628036,3.0340051651000977,-1,,,
2,285,34737,2,1,19,19,3.5516579151153564,3.5516579151153564,0.0,1,1.0,1.0,-0.0,-1,,,
2,286,34738,2,1,19,19,4.192193984985352,4.192193984985352,0.0,1,1.0,1.0,-0.0,-1,,,
2,287,34739,2,1,19,19,4.695989608764648,4.695989608764648,0.0,1,1.0,1.0,-0.0,-1,,,
2,288,34740,2,1,19,19,4.655844211578369,4.655844211578369,0.0,1,1.0,1.0,-0.0,-1,,,
2,289,34741,2,1,19,19,4.174495697021484,4.174495697021484,0.0,1,1.0,1.0,-0.0,-1,,,
2,290,34742,2,22,19,18,3.708587646484375,3.612791061401367,0.09579658508300781,8,0.09756620228290558,0.09756620228290558,3.0272057056427,-1,,,
2,291,34743,2,22,19,18,3.1662395000457764,3.1022872924804688,0.06395220756530762,6,0.10671691596508026,0.10671691596508026,3.008816957473755,-1,,,
2,292,34744,2,22,19,17,2.5904781818389893,2.5662240982055664,0.02425408363342285,6,0.12121602892875671,0.12121602892875671,2.9774270057678223,-1,,,
2,293,34745,2,22,19,17,1.966395616531372,1.9285262823104858,0.03786933422088623,3,0.11827138811349869,0.11827138811349869,2.985520601272583,-1,,,
2,294,34746,2,22,19,20,1.3141974210739136,1.2789801359176636,0.03521728515625,3,0.1273655891418457,0.1273655891418457,2.957517385482788,-1,,,
2,295,34747,2,22,19,20,0.724708616733551,0.7113240957260132,0.013384521007537842,3,0.10911352932453156,0.10911352932453156,2.9991512298583984,-1,,,
2,296,34748,2,22,19,20,0.4657440781593323,0.4549379050731659,0.010806173086166382,3,0.10083341598510742,0.10083341598510742,3.0129165649414062,-1,,,
2,297,34749,2,22,19,20,0.4237479567527771,0.39836639165878296,0.02538156509399414,3,0.09888550639152527,0.09888550639152527,2.992577075958252,-1,,,
2,298,34750,2,22,19,20,0.3303986191749573,0.32048335671424866,0.009915262460708618,3,0.11216893047094345,0.11216893047094345,2.9784181118011475,-1,,,
2,299,34751,2,22,19,20,0.2747831642627716,0.2664002478122711,0.008382916450500488,3,0.10766728222370148,0.10766728222370148,2.999295711517334,-1,,,
2,300,34752,2,22,19,19,0.2263823300600052,0.2263823300600052,0.0,1,0.09703093022108078,0.09703093022108078,3.0252139568328857,-1,,,
2,301,34753,2,22,19,17,0.19062767922878265,0.18842042982578278,0.002207249402999878,2,0.10058918595314026,0.10058918595314026,3.018437385559082,-1,,,
2,302,34754,2,22,19,20,0.17835628986358643,0.15658774971961975,0.021768540143966675,3,0.10679024457931519,0.10679024457931519,3.0072999000549316,-1,,,
2,303,34755,2,22,19,17,0.16358187794685364,0.15633690357208252,0.007244974374771118,3,0.10759485512971878,0.10759485512971878,2.987370252609253,-1,,,
2,304,34756,2,22,19,16,0.13117298483848572,0.1250760555267334,0.006096929311752319,2,0.1047435998916626,0.1047435998916626,3.0002598762512207,-1,,,
2,305,34757,2,22,19,19,0.11153437942266464,0.11153437942266464,0.0,1,0.11350119113922119,0.11350119113922119,2.973796844482422,-1,,,
2,306,34758,2,22,19,17,0.11331959813833237,0.11281011253595352,0.0005094856023788452,2,0.10922256857156754,0.10922256857156754,3.0024993419647217,-1,,,
2,307,34759,2,22,19,16,0.11458444595336914,0.10046514123678207,0.014119304716587067,4,0.10352125763893127,0.10352125763893127,3.0117180347442627,-1,,,
2,308,34760,2,22,19,16,0.11510302871465683,0.0969579741358757,0.018145054578781128,4,0.12214890122413635,0.12214890122413635,2.9459047317504883,-1,,,
2,309,34761,2,22,19,16,0.11498745530843735,0.10220426321029663,0.012783192098140717,3,0.10406431555747986,0.10406431555747986,3.0078535079956055,-1,,,
2,310,34762,2,22,19,16,0.11177682876586914,0.10120212286710739,0.01057470589876175,3,0.12302908301353455,0.12302908301353455,2.9379334449768066,-1,,,
2,311,34763,2,22,19,16,0.12267639487981796,0.10264621675014496,0.020030178129673004,3,0.1205495223402977,0.1205495223402977,2.9281504154205322,-1,,,
2,312,34764,2,22,19,16,0.13922171294689178,0.10889173299074173,0.030329979956150055,5,0.12375716120004654,0.12375716120004654,2.933441638946533,-1,,,
2,313,34765,2,22,19,16,0.15526647865772247,0.1177978664636612,0.03746861219406128,4,0.12587162852287292,0.12587162852287292,2.9499335289001465,-1,,,
2,314,34766,2,22,19,16,0.1723155528306961,0.12930025160312653,0.04301530122756958,4,0.11846620589494705,0.11846620589494705,2.9157299995422363,-1,,,
2,315,34767,2,22,19,16,0.18890011310577393,0.1390864998102188,0.049813613295555115,5,0.12930828332901,0.12930828332901,2.943434715270996,-1,,,
2,316,34768,2,22,19,16,0.20789147913455963,0.15293613076210022,0.05495534837245941,7,0.11664590239524841,0.11664590239524841,2.9115443229675293,-1,,,
2,317,34769,2,22,19,16,0.2261207401752472,0.16891810297966003,0.05720263719558716,11,0.11962351948022842,0.11962351948022842,2.916476011276245,-1,,,
2,318,34770,0,22,19,16,0.24665974080562592,0.1888495236635208,0.0578102171421051,9,0.11848973482847214,0.11848973482847214,2.9139814376831055,-1,,,
2,319,34771,0,22,19,16,0.2524481415748596,0.19963404536247253,0.052814096212387085,10,0.11944615840911865,0.11944615840911865,2.919614315032959,-1,,,
2,320,34772,0,22,19,18,0.2570173442363739,0.20851042866706848,0.04850691556930542,11,0.11815351992845535,0.11815351992845535,2.9155914783477783,-1,,,
2,321,34773,0,22,19,16,0.2606518566608429,0.219985231757164,0.040666624903678894,10,0.11801313608884811,0.11801313608884811,2.9129629135131836,-1,,,
2,322,34774,0,22,19,16,0.2660154402256012,0.2208922952413559,0.0451231449842453,12,0.11306315660476685,0.11306315660476685,2.9801573753356934,-1,,,
2,323,34775,0,22,19,16,0.25417837500572205,0.21177951991558075,0.042398855090141296,10,0.11635103076696396,0.11635103076696396,2.971752405166626,-1,,,
2,324,34776,0,22,19,18,0.2447892427444458,0.19489330053329468,0.04989594221115112,10,0.11618910729885101,0.11618910729885101,2.971703290939331,-1,,,
2,325,34777,0,22,19,18,0.2335306704044342,0.1960955709218979,0.037435099482536316,10,0.10087320953607559,0.10087320953607559,2.9933817386627197,-1,,,
2,326,34778,0,22,19,3,0.22582310438156128,0.17792922258377075,0.04789388179779053,11,0.11751237511634827,0.11751237511634827,2.9709928035736084,-1,,,
2,327,34779,0,22,19,3,0.2180156260728836,0.16335169970989227,0.05466392636299133,13,0.11120457947254181,0.11120457947254181,2.98593807220459,-1,,,
2,328,34780,0,22,19,3,0.21267081797122955,0.14657482504844666,0.0660959929227829,13,0.12062788754701614,0.12062788754701614,2.954582452774048,-1,,,
2,329,34781,0,22,19,3,0.2024363875389099,0.14258544147014618,0.05985094606876373,13,0.12227758020162582,0.12227758020162582,2.936535120010376,-1,,,
2,330,34782,3,22,19,3,0.18941347301006317,0.1259627789258957,0.06345069408416748,11,0.11585462838411331,0.11585462838411331,2.9729137420654297,-1,,,
2,331,34783,3,22,19,3,0.19123393297195435,0.13033264875411987,0.06090128421783447,9,0.10951130837202072,0.10951130837202072,2.984480381011963,-1,,,
2,332,34784,3,22,19,3,0.191341832280159,0.1271158903837204,0.0642259418964386,7,0.12123694270849228,0.12123694270849228,2.926027774810791,-1,,,
2,333,34785,3,22,19,3,0.19783711433410645,0.14888466894626617,0.04895244538784027,7,0.10560651123523712,0.10560651123523712,2.984567642211914,-1,,,
2,334,34786,3,22,19,3,0.2090073525905609,0.16699670255184174,0.04201065003871918,7,0.11245132237672806,0.11245132237672806,2.983055830001831,-1,,,
2,335,34787,3,22,19,3,0.22337205708026886,0.1969430297613144,0.026429027318954468,6,0.1222447082400322,0.1222447082400322,2.946226119995117,-1,,,
2,336,34788,3,22,19,21,0.2371494174003601,0.2217368483543396,0.015412569046020508,5,0.11736194044351578,0.11736194044351578,2.9717421531677246,-1,,,
2,337,34789,3,22,19,21,0.2577916085720062,0.21194995939731598,0.04584164917469025,6,0.12358302623033524,0.12358302623033524,2.9485244750976562,-1,,,
2,338,34790,3,22,19,21,0.27820998430252075,0.20636938512325287,0.07184059917926788,13,0.12364626675844193,0.12364626675844193,2.938587188720703,-1,,,
2,339,34791,3,22,19,21,0.2991066873073578,0.20062686502933502,0.09847982227802277,14,0.11657096445560455,0.11657096445560455,2.970271348953247,-1,,,
2,340,34792,3,22,19,21,0.31819862127304077,0.21928733587265015,0.09891128540039062,15,0.11249485611915588,0.11249485611915588,2.977769136428833,-1,,,
2,341,34793,3,22,19,21,0.336561918258667,0.262388676404953,0.07417324185371399,16,0.12742453813552856,0.12742453813552856,2.927696466445923,-1,,,
2,342,34794,3,22,19,3,0.34862083196640015,0.29490962624549866,0.05371120572090149,17,0.1125190407037735,0.1125190407037735,2.978398084640503,-1,,,
2,343,34795,3,22,19,20,0.3607596158981323,0.2828589379787445,0.07790067791938782,14,0.1257927417755127,0.1257927417755127,2.9228920936584473,-1,,,
2,344,34796,3,22,19,20,0.3727685809135437,0.2875056564807892,0.08526292443275452,14,0.10387912392616272,0.10387912392616272,2.9863622188568115,-1,,,
2,345,34797,3,22,19,20,0.3830638527870178,0.281851202249527,0.10121265053749084,13,0.1195010393857956,0.1195010393857956,2.9616076946258545,-1,,,
2,346,34798,3,22,19,20,0.39517155289649963,0.3026474714279175,0.09252408146858215,16,0.09558217227458954,0.09558217227458954,2.995048999786377,-1,,,
2,347,34799,3,22,19,20,0.41122716665267944,0.31080543994903564,0.1004217267036438,17,0.0952187031507492,0.0952187031507492,2.999544858932495,-1,,,
2,348,34800,3,22,19,20,0.4311932921409607,0.3262665569782257,0.10492673516273499,19,0.09401274472475052,0.09401274472475052,2.9940695762634277,-1,,,
2,349,34801,3,22,19,20,0.4525770843029022,0.32611992955207825,0.12645715475082397,18,0.09490974247455597,0.09490974247455597,2.9993348121643066,-1,,,
2,350,34802,3,22,19,20,0.47039011120796204,0.3201189935207367,0.15027111768722534,18,0.09331972151994705,0.09331972151994705,2.994481086730957,-1,,,
2,351,34803,3,22,19,20,0.4890926778316498,0.3141734302043915,0.1749192476272583,17,0.11838732659816742,0.11838732659816742,2.911591053009033,-1,,,
2,352,34804,3,22,19,20,0.48155641555786133,0.31961309909820557,0.16194331645965576,15,0.11486130952835083,0.11486130952835083,2.956543207168579,-1,,,
2,353,34805,3,22,19,20,0.47295334935188293,0.33434563875198364,0.1386077105998993,16,0.11347895860671997,0.11347895860671997,2.9520463943481445,-1,,,
2,354,34806,3,22,19,20,0.46169471740722656,0.36849191784858704,0.09320279955863953,15,0.11304687708616257,0.11304687708616257,2.952444314956665,-1,,,
2,355,34807,3,22,19,20,0.4453912675380707,0.3863629102706909,0.05902835726737976,13,0.114326111972332,0.114326111972332,2.9502389430999756,-1,,,
2,356,34808,3,22,19,3,0.42344552278518677,0.37394824624061584,0.04949727654457092,12,0.11330173164606094,0.11330173164606094,2.95331072807312,-1,,,
2,357,34809,3,22,19,16,0.39759567379951477,0.3639306426048279,0.03366503119468689,9,0.1099899485707283,0.1099899485707283,2.9078238010406494,-1,,,
2,358,34810,3,22,19,16,0.37061211466789246,0.3187912404537201,0.05182087421417236,12,0.11358658224344254,0.11358658224344254,2.9118435382843018,-1,,,
2,359,34811,0,22,19,3,0.3386217951774597,0.28814518451690674,0.05047661066055298,11,0.11154535412788391,0.11154535412788391,2.908205509185791,-1,,,
2,360,34812,0,22,19,3,0.3293675184249878,0.2803078591823578,0.049059659242630005,9,0.11353137344121933,0.11353137344121933,2.9108810424804688,-1,,,
2,361,34813,0,22,19,3,0.3207021653652191,0.28687506914138794,0.03382709622383118,8,0.11237475275993347,0.11237475275993347,2.909498691558838,-1,,,
2,362,34814,0,22,19,18,0.3136036992073059,0.2745180130004883,0.03908568620681763,10,0.11694115400314331,0.11694115400314331,2.9171082973480225,-1,,,
2,363,34815,0,22,19,18,0.310135155916214,0.2399214506149292,0.07021370530128479,11,0.11553212255239487,0.11553212255239487,2.913207769393921,-1,,,
2,364,34816,0,22,19,18,0.30887171626091003,0.22832761704921722,0.08054409921169281,12,0.11942789703607559,0.11942789703607559,2.9195375442504883,-1,,,
2,365,34817,0,22,19,16,0.30843883752822876,0.2277328222990036,0.08070601522922516,13,0.11860284209251404,0.11860284209251404,2.920043706893921,-1,,,
2,366,34818,0,22,19,16,0.30908092856407166,0.22326728701591492,0.08581364154815674,12,0.12021017074584961,0.12021017074584961,2.9245378971099854,-1,,,
2,367,34819,0,22,19,16,0.29391613602638245,0.21902477741241455,0.0748913586139679,12,0.12059206515550613,0.12059206515550613,2.9393205642700195,-1,,,
2,368,34820,0,22,19,16,0.2820093035697937,0.20850202441215515,0.07350727915763855,11,0.12104839086532593,0.12104839086532593,2.938779354095459,-1,,,
2,369,34821,0,22,19,16,0.2699584662914276,0.20333603024482727,0.06662243604660034,12,0.11886894702911377,0.11886894702911377,2.9366841316223145,-1,,,
2,370,34822,0,22,19,16,0.2574354410171509,0.18684670329093933,0.07058873772621155,14,0.11302542686462402,0.11302542686462402,2.987278938293457,-1,,,
2,371,34823,0,22,19,16,0.2431020438671112,0.1576361060142517,0.0854659378528595,13,0.12012667208909988,0.12012667208909988,2.9603638648986816,-1,,,
2,372,34824,0,22,19,16,0.2263043224811554,0.13087429106235504,0.09543003141880035,11,0.11705237627029419,0.11705237627029419,2.965038299560547,-1,,,
2,373,34825,0,22,19,16,0.20748017728328705,0.10300499200820923,0.10447518527507782,11,0.112628273665905,0.112628273665905,2.9645233154296875,-1,,,
2,374,34826,1,22,19,16,0.18666952848434448,0.08172842115163803,0.10494110733270645,10,0.1140490248799324,0.1140490248799324,2.964986801147461,-1,,,
2,375,34827,1,22,19,16,0.1825943887233734,0.08778207004070282,0.0948123186826706,10,0.11304594576358795,0.11304594576358795,2.9657793045043945,-1,,,
2,376,34828,1,22,19,16,0.17612652480602264,0.0941343903541565,0.08199213445186615,10,0.1013638973236084,0.1013638973236084,2.988496780395508,-1,,,
2,377,34829,1,22,19,16,0.17172090709209442,0.09610727429389954,0.07561363279819489,9,0.10144758969545364,0.10144758969545364,2.999746799468994,-1,,,
2,378,34830,1,22,19,16,0.16655820608139038,0.09446990489959717,0.07208830118179321,9,0.10586155951023102,0.10586155951023102,2.9926440715789795,-1,,,
2,379,34831,1,22,19,16,0.160264790058136,0.09726031869649887,0.06300447136163712,8,0.10729273408651352,0.10729273408651352,2.9904708862304688,-1,,,
2,380,34832,1,22,19,16,0.1541908085346222,0.09629766643047333,0.057893142104148865,8,0.11021260917186737,0.11021260917186737,2.9959356784820557,-1,,,
2,381,34833,1,22,19,16,0.14925624430179596,0.09508407115936279,0.054172173142433167,7,0.1081475019454956,0.1081475019454956,2.9798786640167236,-1,,,
2,382,34834,1,22,19,16,0.14802032709121704,0.09873314946889877,0.04928717762231827,8,0.10958334058523178,0.10958334058523178,2.9859204292297363,-1,,,
2,383,34835,1,22,19,16,0.1477012038230896,0.11570688337087631,0.03199432045221329,9,0.09317244589328766,0.09317244589328766,3.0060691833496094,-1,,,
3,0,34836,1,22,0,13,0.33002981543540955,0.20123402774333954,0.12879578769207,22,0.2452811598777771,0.2452811598777771,2.6660256385803223,-1,,,
3,1,34837,1,22,0,13,0.3295637369155884,0.20094136893749237,0.128622367978096,22,0.2542247176170349,0.2542247176170349,2.6329164505004883,-1,,,
3,2,34838,1,22,0,13,0.32925817370414734,0.20017370581626892,0.12908446788787842,22,0.28323987126350403,0.28323987126350403,2.5686697959899902,-1,,,
3,3,34839,1,22,0,13,0.32897236943244934,0.19992555677890778,0.12904681265354156,22,0.2400166541337967,0.2400166541337967,2.681609630584717,-1,,,
3,4,34840,1,22,0,13,0.32939064502716064,0.20025292038917542,0.12913772463798523,22,0.2705433964729309,0.2705433964729309,2.603250741958618,-1,,,
3,5,34841,1,22,0,13,0.3297688066959381,0.19994570314884186,0.12982310354709625,22,0.29038920998573303,0.29038920998573303,2.549097776412964,-1,,,
3,6,34842,1,22,0,13,0.3298989236354828,0.20031321048736572,0.12958571314811707,22,0.2814827859401703,0.2814827859401703,2.566631317138672,-1,,,
3,7,34843,1,22,0,13,0.33002033829689026,0.2004777193069458,0.12954261898994446,22,0.29364240169525146,0.29364240169525146,2.5379958152770996,-1,,,
3,8,34844,1,22,0,13,0.33011725544929504,0.20071272552013397,0.12940452992916107,22,0.21234484016895294,0.21234484016895294,2.7498865127563477,-1,,,
3,9,34845,1,22,0,13,0.33019188046455383,0.20100735127925873,0.1291845291852951,22,0.1878223866224289,0.1878223866224289,2.8060989379882812,-1,,,
3,10,34846,1,22,0,13,0.33011674880981445,0.200172558426857,0.12994419038295746,22,0.23201951384544373,0.23201951384544373,2.705820322036743,-1,,,
3,11,34847,1,22,0,9,0.3301243484020233,0.207912415266037,0.12221193313598633,22,0.2364300936460495,0.2364300936460495,2.6843461990356445,-1,,,
3,12,34848,1,22,0,13,0.3298704922199249,0.20029625296592712,0.1295742392539978,22,0.2503746449947357,0.2503746449947357,2.634605646133423,-1,,,
3,13,34849,1,22,0,13,0.3296145796775818,0.20006930828094482,0.12954527139663696,22,0.2513851225376129,0.2513851225376129,2.634243965148926,-1,,,
3,14,34850,1,22,0,13,0.32971861958503723,0.20022083818912506,0.12949778139591217,22,0.23182059824466705,0.23182059824466705,2.66070818901062,-1,,,
3,15,34851,1,22,0,9,0.32973405718803406,0.20804227888584137,0.12169177830219269,22,0.234163299202919,0.234163299202919,2.6546947956085205,-1,,,
3,16,34852,1,22,0,13,0.3297649025917053,0.2003145068883896,0.12945039570331573,22,0.24239471554756165,0.24239471554756165,2.6417908668518066,-1,,,
3,17,34853,1,22,0,13,0.32978585362434387,0.20068784058094025,0.12909801304340363,22,0.27230092883110046,0.27230092883110046,2.5986883640289307,-1,,,
3,18,34854,1,22,0,13,0.32991546392440796,0.20001955330371857,0.1298959106206894,22,0.27505579590797424,0.27505579590797424,2.5934126377105713,-1,,,
3,19,34855,1,22,0,13,0.3301484286785126,0.2000853419303894,0.13006308674812317,22,0.27629557251930237,0.27629557251930237,2.5888619422912598,-1,,,
3,20,34856,1,22,0,13,0.330293744802475,0.2002326250076294,0.13006111979484558,22,0.27356192469596863,0.27356192469596863,2.597639799118042,-1,,,
3,21,34857,1,22,0,9,0.3304101824760437,0.20379093289375305,0.12661924958229065,22,0.27567940950393677,0.27567940950393677,2.5920982360839844,-1,,,
3,22,34858,1,22,0,9,0.3303404450416565,0.20291420817375183,0.12742623686790466,22,0.27530962228775024,0.27530962228775024,2.5922904014587402,-1,,,
3,23,34859,1,22,0,13,0.3304411470890045,0.20050358772277832,0.1299375593662262,22,0.20915362238883972,0.20915362238883972,2.760619640350342,-1,,,
3,24,34860,1,22,0,9,0.33060580492019653,0.20063550770282745,0.12997029721736908,22,0.23508590459823608,0.23508590459823608,2.6952083110809326,-1,,,
3,25,34861,1,22,0,9,0.3308657109737396,0.1992895007133484,0.13157621026039124,22,0.24264265596866608,0.24264265596866608,2.6699681282043457,-1,,,
3,26,34862,1,22,0,9,0.3311668634414673,0.1986459642648697,0.1325208991765976,22,0.23839689791202545,0.23839689791202545,2.666470766067505,-1,,,
3,27,34863,1,22,0,9,0.3314833641052246,0.1981256902217865,0.1333576738834381,22,0.2720792889595032,0.2720792889595032,2.596475124359131,-1,,,
3,28,34864,1,22,0,9,0.33189481496810913,0.19762849807739258,0.13426631689071655,22,0.2330336719751358,0.2330336719751358,2.692920446395874,-1,,,
3,29,34865,1,22,0,9,0.3324863314628601,0.1973598599433899,0.13512647151947021,22,0.25275132060050964,0.25275132060050964,2.650946617126465,-1,,,
3,30,34866,1,22,0,9,0.33321812748908997,0.19658491015434265,0.13663321733474731,22,0.22356605529785156,0.22356605529785156,2.724865436553955,-1,,,
3,31,34867,1,22,0,1,0.3997631072998047,0.23161832988262177,0.16814477741718292,22,0.2966347336769104,0.2966347336769104,2.533054828643799,-1,,,
3,32,34868,1,22,0,8,0.46546685695648193,0.25646865367889404,0.2089982032775879,22,0.2990230321884155,0.2990230321884155,2.5264101028442383,-1,,,
3,33,34869,1,22,0,8,0.5302344560623169,0.26893919706344604,0.26129525899887085,22,0.27587851881980896,0.27587851881980896,2.591068983078003,-1,,,
3,34,34870,1,22,0,8,0.5942642092704773,0.27840423583984375,0.31585997343063354,22,0.2975272536277771,0.2975272536277771,2.5302534103393555,-1,,,
3,35,34871,1,22,0,8,0.6575289964675903,0.27898573875427246,0.37854325771331787,22,0.2128710150718689,0.2128710150718689,2.7497684955596924,-1,,,
3,36,34872,1,22,0,8,0.7194188833236694,0.2802232801914215,0.4391956031322479,22,0.190774604678154,0.190774604678154,2.7997353076934814,-1,,,
3,37,34873,1,22,0,8,0.780698835849762,0.2900438904762268,0.49065494537353516,22,0.17807060480117798,0.17807060480117798,2.829331159591675,-1,,,
3,38,34874,0,22,0,8,0.8403905034065247,0.32129615545272827,0.5190943479537964,22,0.17941859364509583,0.17941859364509583,2.824779510498047,-1,,,
3,39,34875,0,22,0,8,0.833283007144928,0.3202756941318512,0.5130073130130768,22,0.1808556616306305,0.1808556616306305,2.8163836002349854,-1,,,
3,40,34876,0,22,0,8,0.8267667293548584,0.32795390486717224,0.49881282448768616,22,0.177764430642128,0.177764430642128,2.822458267211914,-1,,,
3,41,34877,0,22,0,8,0.8203694820404053,0.3366626501083374,0.48370683193206787,22,0.16984036564826965,0.16984036564826965,2.835238218307495,-1,,,
3,42,34878,0,22,0,8,0.8134540915489197,0.3513922691345215,0.4620618224143982,22,0.17148266732692719,0.17148266732692719,2.836652994155884,-1,,,
3,43,34879,0,22,0,8,0.8069601058959961,0.3602604269981384,0.44669967889785767,22,0.16276387870311737,0.16276387870311737,2.8598103523254395,-1,,,
3,44,34880,0,22,0,6,0.7466498613357544,0.33938491344451904,0.40726494789123535,22,0.1469724029302597,0.1469724029302597,2.9095704555511475,-1,,,
3,45,34881,0,22,0,6,0.6886398792266846,0.3108612298965454,0.37777864933013916,22,0.15741491317749023,0.15741491317749023,2.8772056102752686,-1,,,
3,46,34882,0,22,0,6,0.6335890889167786,0.28352388739585876,0.3500652015209198,22,0.13134928047657013,0.13134928047657013,2.946200132369995,-1,,,
3,47,34883,0,22,0,6,0.5831905603408813,0.24461877346038818,0.33857178688049316,22,0.0736541748046875,0.0736541748046875,3.0435657501220703,-1,,,
3,48,34884,0,22,0,6,0.5325641632080078,0.22393400967121124,0.30863015353679657,22,0.07338792085647583,0.07338792085647583,3.042140245437622,-1,,,
3,49,34885,0,22,0,6,0.4786149561405182,0.20378649234771729,0.2748284637928009,22,0.17090435326099396,0.17090435326099396,2.8451313972473145,-1,,,
3,50,34886,0,22,0,6,0.4249289333820343,0.17261825501918793,0.2523106783628464,22,0.14103460311889648,0.14103460311889648,2.9238531589508057,-1,,,
3,51,34887,2,22,0,6,0.3702193796634674,0.1442503035068512,0.2259690761566162,22,0.12342719733715057,0.12342719733715057,2.961987018585205,-1,,,
3,52,34888,2,22,0,6,0.3688018321990967,0.14891310036182404,0.21988873183727264,22,0.15677471458911896,0.15677471458911896,2.8887462615966797,-1,,,
3,53,34889,2,22,0,3,0.3641487658023834,0.1535964459180832,0.21055231988430023,22,0.08429823815822601,0.08429823815822601,3.011737108230591,-1,,,
3,54,34890,2,22,19,3,0.29304444789886475,0.16589760780334473,0.12714684009552002,20,0.07430128753185272,0.07430128753185272,3.043595314025879,-1,,,
3,55,34891,2,1,19,19,0.30956825613975525,0.30956825613975525,0.0,1,1.0,1.0,-0.0,-1,,,
3,56,34892,2,1,19,19,0.3191675841808319,0.3191675841808319,0.0,1,1.0,1.0,-0.0,-1,,,
3,57,34893,2,1,19,19,0.2994701862335205,0.2994701862335205,0.0,1,1.0,1.0,-0.0,-1,,,
3,58,34894,2,1,19,19,0.2807484567165375,0.2807484567165375,0.0,1,1.0,1.0,-0.0,-1,,,
3,59,34895,2,1,19,19,0.26588910818099976,0.26588910818099976,0.0,1,1.0,1.0,-0.0,-1,,,
3,60,34896,2,22,19,4,0.2433590590953827,0.2068011611700058,0.03655789792537689,14,0.11005176603794098,0.11005176603794098,3.0006988048553467,-1,,,
3,61,34897,2,22,19,4,0.2249087691307068,0.20034068822860718,0.02456808090209961,13,0.10457289218902588,0.10457289218902588,3.0001797676086426,-1,,,
3,62,34898,2,22,19,14,0.2024262249469757,0.17873740196228027,0.023688822984695435,9,0.11345913261175156,0.11345913261175156,2.9741830825805664,-1,,,
3,63,34899,2,22,19,14,0.19399043917655945,0.17528633773326874,0.01870410144329071,8,0.11746986955404282,0.11746986955404282,2.959787607192993,-1,,,
3,64,34900,2,22,19,16,0.19734500348567963,0.17525479197502136,0.022090211510658264,5,0.1220710277557373,0.1220710277557373,2.93283748626709,-1,,,
3,65,34901,2,22,19,16,0.22845742106437683,0.2041686773300171,0.02428874373435974,4,0.11914049834012985,0.11914049834012985,2.961397886276245,-1,,,
3,66,34902,2,22,19,16,0.3495357930660248,0.3238980174064636,0.025637775659561157,7,0.10734504461288452,0.10734504461288452,3.0042288303375244,-1,,,
3,67,34903,2,22,19,16,0.5081686973571777,0.4751419425010681,0.03302675485610962,11,0.09916707873344421,0.09916707873344421,3.022449493408203,-1,,,
3,68,34904,2,22,19,0,0.6694209575653076,0.6290795207023621,0.04034143686294556,19,0.10206577181816101,0.10206577181816101,3.01524019241333,-1,,,
3,69,34905,2,22,19,0,0.8329441547393799,0.7638110518455505,0.06913310289382935,20,0.09673421829938889,0.09673421829938889,3.0272390842437744,-1,,,
3,70,34906,2,22,19,2,1.0001295804977417,0.9005999565124512,0.09952962398529053,21,0.0969606563448906,0.0969606563448906,3.0259242057800293,-1,,,
3,71,34907,2,22,19,2,1.1508400440216064,1.0202358961105347,0.13060414791107178,19,0.10532183945178986,0.10532183945178986,3.010594129562378,-1,,,
3,72,34908,2,22,19,2,1.2724676132202148,1.160575270652771,0.11189234256744385,18,0.1216343566775322,0.1216343566775322,2.9693655967712402,-1,,,
3,73,34909,2,22,19,6,1.3455114364624023,1.262728214263916,0.08278322219848633,18,0.10902170836925507,0.10902170836925507,3.0054190158843994,-1,,,
3,74,34910,2,22,19,6,1.2525759935379028,1.1821271181106567,0.0704488754272461,16,0.10693193227052689,0.10693193227052689,3.0068471431732178,-1,,,
3,75,34911,2,22,19,6,1.1046451330184937,1.0514192581176758,0.05322587490081787,12,0.10769839584827423,0.10769839584827423,3.008371591567993,-1,,,
3,76,34912,2,22,19,6,0.9474098086357117,0.906031608581543,0.0413782000541687,11,0.12370102852582932,0.12370102852582932,2.970555067062378,-1,,,
3,77,34913,2,22,19,3,0.7869845032691956,0.7454324960708618,0.04155200719833374,12,0.12405089288949966,0.12405089288949966,2.9682226181030273,-1,,,
3,78,34914,2,22,19,3,0.6206415891647339,0.5987762212753296,0.021865367889404297,8,0.1276746541261673,0.1276746541261673,2.9373362064361572,-1,,,
3,79,34915,2,22,19,12,0.46206462383270264,0.446880966424942,0.01518365740776062,6,0.12923060357570648,0.12923060357570648,2.944453477859497,-1,,,
3,80,34916,2,22,19,19,0.3266421854496002,0.3266421854496002,0.0,1,0.11737149953842163,0.11737149953842163,2.9852519035339355,-1,,,
3,81,34917,2,22,19,20,0.22501569986343384,0.21898925304412842,0.00602644681930542,2,0.11053689569234848,0.11053689569234848,3.000866413116455,-1,,,
3,82,34918,2,22,19,19,0.18783478438854218,0.18783478438854218,0.0,1,0.11893092095851898,0.11893092095851898,2.9493930339813232,-1,,,
3,83,34919,2,22,19,19,0.1732938587665558,0.1732938587665558,0.0,1,0.1215752586722374,0.1215752586722374,2.9549896717071533,-1,,,
3,84,34920,2,22,19,4,0.16302068531513214,0.16133376955986023,0.0016869157552719116,2,0.12178666144609451,0.12178666144609451,2.9541659355163574,-1,,,
3,85,34921,2,22,19,4,0.15116405487060547,0.1317567676305771,0.01940728724002838,6,0.10643044859170914,0.10643044859170914,2.9959161281585693,-1,,,
3,86,34922,2,22,19,21,0.1437084823846817,0.13990795612335205,0.003800526261329651,3,0.12349669635295868,0.12349669635295868,2.9308810234069824,-1,,,
3,87,34923,2,22,19,4,0.16434119641780853,0.1432887464761734,0.021052449941635132,8,0.1243235319852829,0.1243235319852829,2.9321181774139404,-1,,,
3,88,34924,2,22,19,5,0.18033957481384277,0.16459070146083832,0.015748873353004456,8,0.11926843225955963,0.11926843225955963,2.9171128273010254,-1,,,
3,89,34925,2,22,19,8,0.1915861964225769,0.17980189621448517,0.011784300208091736,7,0.12103881686925888,0.12103881686925888,2.915867805480957,-1,,,
3,90,34926,2,22,19,8,0.21577134728431702,0.19083283841609955,0.024938508868217468,4,0.12007565051317215,0.12007565051317215,2.9200897216796875,-1,,,
3,91,34927,2,22,19,5,0.23475193977355957,0.2170771211385727,0.017674818634986877,8,0.12507188320159912,0.12507188320159912,2.9383444786071777,-1,,,
3,92,34928,2,22,19,3,0.2536034882068634,0.22713327407836914,0.026470214128494263,8,0.11278852820396423,0.11278852820396423,2.908168315887451,-1,,,
3,93,34929,2,22,19,5,0.274694561958313,0.24570995569229126,0.02898460626602173,8,0.11146357655525208,0.11146357655525208,2.9020016193389893,-1,,,
3,94,34930,0,22,19,3,0.2929244637489319,0.2506484091281891,0.0422760546207428,7,0.11638230085372925,0.11638230085372925,2.9077024459838867,-1,,,
3,95,34931,0,22,19,3,0.29123297333717346,0.25750136375427246,0.033731609582901,10,0.11561395227909088,0.11561395227909088,2.9057652950286865,-1,,,
3,96,34932,0,22,19,18,0.29143595695495605,0.24566902220249176,0.045766934752464294,13,0.11768191307783127,0.11768191307783127,2.91190505027771,-1,,,
3,97,34933,0,22,19,18,0.2907869517803192,0.23785755038261414,0.05292940139770508,12,0.11663223057985306,0.11663223057985306,2.9134531021118164,-1,,,
3,98,34934,0,22,19,18,0.28665274381637573,0.23238925635814667,0.054263487458229065,12,0.11755532771348953,0.11755532771348953,2.910460948944092,-1,,,
3,99,34935,0,22,19,18,0.28464534878730774,0.2321813851594925,0.05246396362781525,12,0.11759687215089798,0.11759687215089798,2.9137494564056396,-1,,,
3,100,34936,0,22,19,16,0.28172022104263306,0.2377033531665802,0.044016867876052856,13,0.11736378818750381,0.11736378818750381,2.9124011993408203,-1,,,
3,101,34937,0,22,19,18,0.2800861895084381,0.2287001758813858,0.05138601362705231,12,0.11978171765804291,0.11978171765804291,2.9145469665527344,-1,,,
3,102,34938,0,22,19,18,0.2784854769706726,0.2149476855993271,0.06353779137134552,12,0.12057746201753616,0.12057746201753616,2.9141647815704346,-1,,,
3,103,34939,0,22,19,18,0.25949981808662415,0.2042371779680252,0.05526264011859894,12,0.12278114259243011,0.12278114259243011,2.9274470806121826,-1,,,
3,104,34940,0,22,19,18,0.23675592243671417,0.21008913218975067,0.0266667902469635,10,0.1189478263258934,0.1189478263258934,2.9636693000793457,-1,,,
3,105,34941,0,22,19,3,0.21573437750339508,0.20625992119312286,0.009474456310272217,6,0.10374453663825989,0.10374453663825989,2.988435745239258,-1,,,
3,106,34942,0,22,19,6,0.1977047324180603,0.18644537031650543,0.01125936210155487,7,0.0983305349946022,0.0983305349946022,2.9960248470306396,-1,,,
3,107,34943,0,22,19,6,0.18309490382671356,0.16533370316028595,0.017761200666427612,9,0.09818735718727112,0.09818735718727112,2.996065855026245,-1,,,
3,108,34944,0,22,19,14,0.16620540618896484,0.14995042979717255,0.016254976391792297,7,0.11071445792913437,0.11071445792913437,2.9846019744873047,-1,,,
3,109,34945,0,22,19,14,0.1477663218975067,0.12849359214305878,0.019272729754447937,9,0.09501487761735916,0.09501487761735916,3.000960350036621,-1,,,
3,110,34946,3,22,19,4,0.12824809551239014,0.12492785602807999,0.00332023948431015,3,0.10182032734155655,0.10182032734155655,2.9891273975372314,-1,,,
3,111,34947,3,22,19,4,0.12553882598876953,0.12175247818231583,0.003786347806453705,3,0.0951419547200203,0.0951419547200203,2.995162010192871,-1,,,
3,112,34948,3,22,19,4,0.12444310635328293,0.11849626153707504,0.005946844816207886,2,0.09689899533987045,0.09689899533987045,2.9900431632995605,-1,,,
3,113,34949,3,22,19,4,0.1221398338675499,0.11876877397298813,0.0033710598945617676,2,0.09952251613140106,0.09952251613140106,2.9859373569488525,-1,,,
3,114,34950,3,22,19,4,0.11671344190835953,0.1133093312382698,0.0034041106700897217,2,0.09879652410745621,0.09879652410745621,2.992283582687378,-1,,,
3,115,34951,3,22,19,19,0.10752217471599579,0.10752217471599579,0.0,1,0.09261217713356018,0.09261217713356018,2.9933218955993652,-1,,,
3,116,34952,3,22,19,19,0.10102744400501251,0.10102744400501251,0.0,1,0.09434579312801361,0.09434579312801361,2.9962289333343506,-1,,,
3,117,34953,3,22,19,19,0.09647222608327866,0.09647222608327866,0.0,1,0.0962715893983841,0.0962715893983841,2.9889183044433594,-1,,,
3,118,34954,3,22,19,19,0.09982846677303314,0.09982846677303314,0.0,1,0.11094623804092407,0.11094623804092407,2.9808473587036133,-1,,,
3,119,34955,3,22,19,5,0.10217878222465515,0.0978979766368866,0.004280805587768555,3,0.12170550972223282,0.12170550972223282,2.957489252090454,-1,,,
3,120,34956,3,22,19,1,0.10777333378791809,0.09474748373031616,0.013025850057601929,4,0.12242782860994339,0.12242782860994339,2.9535577297210693,-1,,,
3,121,34957,3,22,19,1,0.11476162821054459,0.0981968566775322,0.01656477153301239,5,0.1068633422255516,0.1068633422255516,2.983072519302368,-1,,,
3,122,34958,3,22,19,5,0.1272783875465393,0.10848880559206009,0.018789581954479218,7,0.09661968797445297,0.09661968797445297,2.990135669708252,-1,,,
3,123,34959,3,22,19,16,0.14704547822475433,0.10512598603963852,0.041919492185115814,9,0.09597936272621155,0.09597936272621155,2.991755485534668,-1,,,
3,124,34960,3,22,19,16,0.1757318675518036,0.12262368947267532,0.053108178079128265,13,0.11546298861503601,0.11546298861503601,2.975109338760376,-1,,,
3,125,34961,3,22,19,21,0.2055576741695404,0.12969079613685608,0.07586687803268433,12,0.12943170964717865,0.12943170964717865,2.935386896133423,-1,,,
3,126,34962,3,22,19,21,0.2359973043203354,0.15228421986103058,0.08371308445930481,11,0.10791388154029846,0.10791388154029846,2.9833779335021973,-1,,,
3,127,34963,3,22,19,21,0.27078622579574585,0.16172140836715698,0.10906481742858887,16,0.1128932535648346,0.1128932535648346,2.9788620471954346,-1,,,
3,128,34964,3,22,19,21,0.3069126605987549,0.1775970160961151,0.12931564450263977,18,0.1110505536198616,0.1110505536198616,2.9774229526519775,-1,,,
3,129,34965,3,22,19,21,0.34083160758018494,0.19195908308029175,0.1488725244998932,19,0.1078021302819252,0.1078021302819252,2.981661319732666,-1,,,
3,130,34966,3,22,19,7,0.37015610933303833,0.1988719254732132,0.17128418385982513,19,0.1268516480922699,0.1268516480922699,2.9196465015411377,-1,,,
3,131,34967,3,22,19,7,0.39535999298095703,0.19282853603363037,0.20253145694732666,17,0.12140733748674393,0.12140733748674393,2.960636615753174,-1,,,
3,132,34968,3,22,19,7,0.4134357273578644,0.19683319330215454,0.21660253405570984,14,0.11203036457300186,0.11203036457300186,2.9809656143188477,-1,,,
3,133,34969,3,22,19,9,0.42668336629867554,0.1896277517080307,0.23705561459064484,14,0.10206776112318039,0.10206776112318039,2.9894111156463623,-1,,,
3,134,34970,3,22,19,9,0.43189355731010437,0.1801314353942871,0.25176212191581726,13,0.11068227887153625,0.11068227887153625,2.9850587844848633,-1,,,
3,135,34971,3,22,19,9,0.43136054277420044,0.17815695703029633,0.2532035857439041,11,0.09990762919187546,0.09990762919187546,2.994072437286377,-1,,,
3,136,34972,3,22,19,9,0.4233325123786926,0.17036128044128418,0.25297123193740845,10,0.11744129657745361,0.11744129657745361,2.964966058731079,-1,,,
3,137,34973,3,22,19,9,0.41479432582855225,0.17418213188648224,0.24061219394207,10,0.123812735080719,0.123812735080719,2.9174013137817383,-1,,,
3,138,34974,3,22,19,7,0.40465429425239563,0.18352492153644562,0.22112937271595,10,0.1237783282995224,0.1237783282995224,2.9487881660461426,-1,,,
3,139,34975,3,22,19,9,0.39391928911209106,0.1891559362411499,0.20476335287094116,7,0.11433539539575577,0.11433539539575577,2.9754719734191895,-1,,,
3,140,34976,3,22,19,9,0.38229209184646606,0.1906670480966568,0.19162504374980927,11,0.12318594753742218,0.12318594753742218,2.945951461791992,-1,,,
3,141,34977,3,22,19,7,0.3737548887729645,0.19503311812877655,0.17872177064418793,10,0.11499746888875961,0.11499746888875961,2.973047971725464,-1,,,
3,142,34978,3,22,19,7,0.3655988574028015,0.20294544100761414,0.16265341639518738,14,0.12607167661190033,0.12607167661190033,2.924520969390869,-1,,,
3,143,34979,3,22,19,20,0.3559635281562805,0.2068401426076889,0.1491233855485916,16,0.12113689631223679,0.12113689631223679,2.9590952396392822,-1,,,
3,144,34980,3,22,19,20,0.34577029943466187,0.24014870822429657,0.1056215912103653,19,0.09894911199808121,0.09894911199808121,2.9985857009887695,-1,,,
3,145,34981,3,22,19,10,0.33818283677101135,0.24385744333267212,0.09432539343833923,18,0.10105030983686447,0.10105030983686447,2.9939706325531006,-1,,,
3,146,34982,3,22,19,21,0.32988232374191284,0.23504449427127838,0.09483782947063446,17,0.12388311326503754,0.12388311326503754,2.9108493328094482,-1,,,
3,147,34983,3,22,19,21,0.32921457290649414,0.24615393579006195,0.08306063711643219,15,0.12833593785762787,0.12833593785762787,2.9134881496429443,-1,,,
3,148,34984,3,22,19,21,0.32677730917930603,0.26385819911956787,0.06291911005973816,14,0.12275280058383942,0.12275280058383942,2.9093880653381348,-1,,,
3,149,34985,3,22,19,3,0.32368266582489014,0.27954578399658203,0.044136881828308105,14,0.12985879182815552,0.12985879182815552,2.909409761428833,-1,,,
3,150,34986,3,22,19,3,0.32197123765945435,0.2800673246383667,0.041903913021087646,13,0.12466639280319214,0.12466639280319214,2.940324306488037,-1,,,
3,151,34987,3,22,19,3,0.3241034746170044,0.2664652168750763,0.0576382577419281,13,0.1266964226961136,0.1266964226961136,2.935028314590454,-1,,,
3,152,34988,3,22,19,3,0.3301064372062683,0.28397423028945923,0.04613220691680908,10,0.12171272933483124,0.12171272933483124,2.9104995727539062,-1,,,
3,153,34989,3,22,19,3,0.33318135142326355,0.27912795543670654,0.05405339598655701,9,0.11989680677652359,0.11989680677652359,2.9108426570892334,-1,,,
3,154,34990,0,22,19,3,0.33673471212387085,0.27607056498527527,0.06066414713859558,9,0.1191486045718193,0.1191486045718193,2.911435127258301,-1,,,
3,155,34991,0,22,19,3,0.3287099301815033,0.26391637325286865,0.06479355692863464,9,0.11594121158123016,0.11594121158123016,2.910214900970459,-1,,,
3,156,34992,0,22,19,3,0.3202837407588959,0.25950881838798523,0.060774922370910645,9,0.11419052630662918,0.11419052630662918,2.911607503890991,-1,,,
3,157,34993,0,22,19,3,0.31140047311782837,0.26084426045417786,0.05055621266365051,9,0.11270447075366974,0.11270447075366974,2.909113645553589,-1,,,
3,158,34994,0,22,19,3,0.3018810451030731,0.25284919142723083,0.049031853675842285,10,0.11623906344175339,0.11623906344175339,2.9104862213134766,-1,,,
3,159,34995,0,22,19,3,0.27139854431152344,0.22355981171131134,0.0478387326002121,8,0.1167699545621872,0.1167699545621872,2.9553792476654053,-1,,,
3,160,34996,0,22,19,3,0.24121859669685364,0.1915522962808609,0.04966630041599274,7,0.11812039464712143,0.11812039464712143,2.942365884780884,-1,,,
3,161,34997,0,22,19,3,0.21249061822891235,0.1650296151638031,0.04746100306510925,6,0.11805953830480576,0.11805953830480576,2.96443510055542,-1,,,
3,162,34998,0,22,19,3,0.18448014557361603,0.13599665462970734,0.04848349094390869,6,0.11247748881578445,0.11247748881578445,2.995368480682373,-1,,,
3,163,34999,0,22,19,3,0.15964308381080627,0.11963126063346863,0.040011823177337646,6,0.11789654195308685,0.11789654195308685,2.97017502784729,-1,,,
3,164,35000,0,22,19,3,0.1356668770313263,0.10965132713317871,0.026015549898147583,7,0.1175646036863327,0.1175646036863327,2.977731227874756,-1,,,
3,165,35001,0,22,19,3,0.11359050124883652,0.09970886260271072,0.013881638646125793,5,0.11270003765821457,0.11270003765821457,2.939870595932007,-1,,,
3,166,35002,1,22,19,14,0.093511201441288,0.07990104705095291,0.013610154390335083,3,0.11523304879665375,0.11523304879665375,2.9834675788879395,-1,,,
3,167,35003,1,22,19,14,0.09535135328769684,0.09440028667449951,0.0009510666131973267,2,0.11426796764135361,0.11426796764135361,2.983438491821289,-1,,,
3,168,35004,1,22,19,14,0.09984900057315826,0.09191159158945084,0.007937408983707428,6,0.10256367921829224,0.10256367921829224,3.010324716567993,-1,,,
3,169,35005,1,22,19,1,0.10354658216238022,0.08934653550386429,0.01420004665851593,5,0.10033420473337173,0.10033420473337173,3.0118181705474854,-1,,,
3,170,35006,1,22,16,17,0.18949659168720245,0.08892512321472168,0.10057146847248077,22,0.0933610126376152,0.0933610126376152,2.9984073638916016,-1,,,
3,171,35007,1,1,16,16,0.19993431866168976,0.19993431866168976,0.0,1,1.0,1.0,-0.0,-1,,,
3,172,35008,1,1,16,16,0.20670320093631744,0.20670320093631744,0.0,1,1.0,1.0,-0.0,-1,,,
3,173,35009,1,1,16,16,0.20577582716941833,0.20577582716941833,0.0,1,1.0,1.0,-0.0,-1,,,
3,174,35010,1,1,16,16,0.20307137072086334,0.20307137072086334,0.0,1,1.0,1.0,-0.0,-1,,,
3,175,35011,1,1,16,16,0.20009669661521912,0.20009669661521912,0.0,1,1.0,1.0,-0.0,-1,,,
3,176,35012,1,22,0,10,0.20176047086715698,0.09839358180761337,0.10336688905954361,22,0.15433351695537567,0.15433351695537567,2.800449848175049,-1,,,
3,177,35013,1,1,0,0,0.20566323399543762,0.20566323399543762,0.0,1,1.0,1.0,-0.0,-1,,,
3,178,35014,1,1,0,0,0.2084432691335678,0.2084432691335678,0.0,1,1.0,1.0,-0.0,-1,,,
3,179,35015,1,1,0,0,0.21251210570335388,0.21251210570335388,0.0,1,1.0,1.0,-0.0,-1,,,
3,180,35016,1,1,0,0,0.21635118126869202,0.21635118126869202,0.0,1,1.0,1.0,-0.0,-1,,,
3,181,35017,1,1,0,0,0.21927861869335175,0.21927861869335175,0.0,1,1.0,1.0,-0.0,-1,,,
3,182,35018,1,22,0,4,0.22217848896980286,0.08623422682285309,0.13594426214694977,22,0.2617036700248718,0.2617036700248718,2.6246533393859863,-1,,,
3,183,35019,1,22,0,4,0.22309844195842743,0.08569604903459549,0.13740239292383194,22,0.268329918384552,0.268329918384552,2.6171510219573975,-1,,,
3,184,35020,1,22,0,4,0.22365441918373108,0.08447621017694473,0.13917820900678635,22,0.2659616768360138,0.2659616768360138,2.61928653717041,-1,,,
3,185,35021,1,22,0,4,0.22359277307987213,0.08854728937149048,0.13504548370838165,22,0.2630807161331177,0.2630807161331177,2.626674175262451,-1,,,
3,186,35022,1,22,0,4,0.22318725287914276,0.08381802588701248,0.13936922699213028,22,0.26716604828834534,0.26716604828834534,2.6212265491485596,-1,,,
3,187,35023,1,22,0,4,0.22263295948505402,0.08374331891536713,0.1388896405696869,22,0.2609759271144867,0.2609759271144867,2.6305487155914307,-1,,,
3,188,35024,1,22,0,4,0.22186629474163055,0.08327393978834152,0.13859235495328903,22,0.2712988555431366,0.2712988555431366,2.6056854724884033,-1,,,
3,189,35025,1,22,0,4,0.22154289484024048,0.08395247906446457,0.1375904157757759,22,0.24309541285037994,0.24309541285037994,2.67742657661438,-1,,,
3,190,35026,1,22,0,4,0.22147803008556366,0.08433225005865097,0.1371457800269127,22,0.2458731234073639,0.2458731234073639,2.6705644130706787,-1,,,
3,191,35027,1,22,0,4,0.22121523320674896,0.08505802601575851,0.13615720719099045,22,0.27119797468185425,0.27119797468185425,2.6055333614349365,-1,,,
3,192,35028,1,22,0,4,0.2211189866065979,0.08666656911373138,0.13445241749286652,22,0.23411713540554047,0.23411713540554047,2.6750380992889404,-1,,,
3,193,35029,1,22,0,4,0.22129148244857788,0.0894981324672699,0.13179334998130798,22,0.27145421504974365,0.27145421504974365,2.6056149005889893,-1,,,
3,194,35030,1,22,0,19,0.2311556190252304,0.11519096791744232,0.11596465110778809,22,0.24797114729881287,0.24797114729881287,2.6620101928710938,-1,,,
3,195,35031,1,22,0,19,0.23894163966178894,0.13687318563461304,0.1020684540271759,22,0.25488194823265076,0.25488194823265076,2.6447370052337646,-1,,,
3,196,35032,1,22,0,19,0.24524974822998047,0.15835586190223694,0.08689388632774353,21,0.19724319875240326,0.19724319875240326,2.777620553970337,-1,,,
3,197,35033,1,22,0,6,0.24996346235275269,0.17434535920619965,0.07561810314655304,19,0.24108906090259552,0.24108906090259552,2.678060531616211,-1,,,
3,198,35034,1,22,0,6,0.25368839502334595,0.19048498570919037,0.06320340931415558,17,0.29067909717559814,0.29067909717559814,2.553307056427002,-1,,,
3,199,35035,1,22,0,3,0.2569376230239868,0.21141600608825684,0.04552161693572998,16,0.20037487149238586,0.20037487149238586,2.767543315887451,-1,,,
3,200,35036,1,22,0,3,0.260225385427475,0.22260107100009918,0.03762431442737579,15,0.1749717891216278,0.1749717891216278,2.8222343921661377,-1,,,
3,201,35037,0,22,0,3,0.26399925351142883,0.22300641238689423,0.04099284112453461,14,0.18133842945098877,0.18133842945098877,2.806262969970703,-1,,,
3,202,35038,0,22,0,3,0.25931113958358765,0.21654798090457916,0.042763158679008484,14,0.182548388838768,0.182548388838768,2.8093421459198,-1,,,
3,203,35039,0,22,0,3,0.2571243941783905,0.20904123783111572,0.04808315634727478,14,0.1791362315416336,0.1791362315416336,2.8134868144989014,-1,,,
3,204,35040,0,22,0,3,0.25718954205513,0.1999533623456955,0.05723617970943451,14,0.17719489336013794,0.17719489336013794,2.815786600112915,-1,,,
3,205,35041,0,22,0,3,0.2599479854106903,0.1973068118095398,0.06264117360115051,15,0.15413668751716614,0.15413668751716614,2.8842053413391113,-1,,,
3,206,35042,0,22,0,3,0.25255972146987915,0.1929711401462555,0.05958858132362366,16,0.1274927258491516,0.1274927258491516,2.9480667114257812,-1,,,
3,207,35043,0,22,0,12,0.24460949003696442,0.18858613073825836,0.056023359298706055,16,0.12238236516714096,0.12238236516714096,2.9572300910949707,-1,,,
3,208,35044,0,22,0,12,0.23555345833301544,0.17577926814556122,0.059774190187454224,16,0.1667795479297638,0.1667795479297638,2.841629981994629,-1,,,
3,209,35045,0,22,0,12,0.22636839747428894,0.17307184636592865,0.05329655110836029,17,0.1538659930229187,0.1538659930229187,2.8777074813842773,-1,,,
3,210,35046,0,22,0,12,0.21849888563156128,0.18027137219905853,0.03822751343250275,21,0.13132287561893463,0.13132287561893463,2.9353747367858887,-1,,,
3,211,35047,0,22,0,9,0.20952340960502625,0.17720185220241547,0.03232155740261078,22,0.09764757752418518,0.09764757752418518,3.0056488513946533,-1,,,
3,212,35048,0,22,0,10,0.19592127203941345,0.16134043037891388,0.03458084166049957,20,0.1302802711725235,0.1302802711725235,2.939655303955078,-1,,,
3,213,35049,2,22,0,10,0.18020349740982056,0.14959987998008728,0.030603617429733276,18,0.10336337983608246,0.10336337983608246,2.99277400970459,-1,,,
3,214,35050,2,22,0,14,0.18274571001529694,0.15144163370132446,0.03130407631397247,18,0.16083040833473206,0.16083040833473206,2.8513104915618896,-1,,,
3,215,35051,2,22,4,14,0.15996775031089783,0.15317754447460175,0.0067902058362960815,5,0.07561672478914261,0.07561672478914261,3.0414490699768066,-1,,,
3,216,35052,2,1,4,4,0.18501822650432587,0.18501822650432587,0.0,1,1.0,1.0,-0.0,-1,,,
3,217,35053,2,1,4,4,0.2217826098203659,0.2217826098203659,0.0,1,1.0,1.0,-0.0,-1,,,
3,218,35054,2,1,4,4,0.25152790546417236,0.25152790546417236,0.0,1,1.0,1.0,-0.0,-1,,,
3,219,35055,2,1,4,4,0.28478485345840454,0.28478485345840454,0.0,1,1.0,1.0,-0.0,-1,,,
3,220,35056,2,1,4,4,0.32067716121673584,0.32067716121673584,0.0,1,1.0,1.0,-0.0,-1,,,
3,221,35057,2,22,19,4,0.36540982127189636,0.3609860837459564,0.004423737525939941,3,0.09671345353126526,0.09671345353126526,2.95623517036438,-1,,,
3,222,35058,2,1,19,19,0.38765642046928406,0.38765642046928406,0.0,1,1.0,1.0,-0.0,-1,,,
3,223,35059,2,1,19,19,0.4161131680011749,0.4161131680011749,0.0,1,1.0,1.0,-0.0,-1,,,
3,224,35060,2,1,19,19,0.39874890446662903,0.39874890446662903,0.0,1,1.0,1.0,-0.0,-1,,,
3,225,35061,2,1,19,19,0.3799237012863159,0.3799237012863159,0.0,1,1.0,1.0,-0.0,-1,,,
3,226,35062,2,1,19,19,0.3677779734134674,0.3677779734134674,0.0,1,1.0,1.0,-0.0,-1,,,
3,227,35063,2,22,19,11,0.3559325039386749,0.2439725697040558,0.11195993423461914,15,0.09764968603849411,0.09764968603849411,3.024925470352173,-1,,,
3,228,35064,2,22,19,13,0.34143397212028503,0.20959711074829102,0.13183686137199402,15,0.1277540922164917,0.1277540922164917,2.9435019493103027,-1,,,
3,229,35065,2,22,19,13,0.3174842298030853,0.20485305786132812,0.1126311719417572,14,0.13060857355594635,0.13060857355594635,2.9356679916381836,-1,,,
3,230,35066,2,22,19,21,0.30289942026138306,0.23352277278900146,0.06937664747238159,7,0.12745192646980286,0.12745192646980286,2.9395058155059814,-1,,,
3,231,35067,2,22,19,13,0.2832374572753906,0.2213020771741867,0.06193538010120392,13,0.12479779124259949,0.12479779124259949,2.9579741954803467,-1,,,
3,232,35068,2,22,19,21,0.2816030979156494,0.2582637369632721,0.02333936095237732,5,0.12312722951173782,0.12312722951173782,2.959331750869751,-1,,,
3,233,35069,2,22,19,19,0.2678039073944092,0.2678039073944092,0.0,1,0.12261257320642471,0.12261257320642471,2.9581024646759033,-1,,,
3,234,35070,2,22,19,19,0.25227946043014526,0.25227946043014526,0.0,1,0.11227492988109589,0.11227492988109589,2.9257500171661377,-1,,,
3,235,35071,2,22,19,19,0.2340412735939026,0.2340412735939026,0.0,1,0.11604423075914383,0.11604423075914383,2.924438238143921,-1,,,
3,236,35072,0,22,19,19,0.21637371182441711,0.21637371182441711,0.0,1,0.11526164412498474,0.11526164412498474,2.9240405559539795,-1,,,
3,237,35073,0,22,19,19,0.20713260769844055,0.20713260769844055,0.0,1,0.11383632570505142,0.11383632570505142,2.9211504459381104,-1,,,
3,238,35074,0,22,19,19,0.20003870129585266,0.20003870129585266,0.0,1,0.11759966611862183,0.11759966611862183,2.926515579223633,-1,,,
3,239,35075,0,22,19,19,0.19716423749923706,0.19716423749923706,0.0,1,0.11560966819524765,0.11560966819524765,2.9197070598602295,-1,,,
3,240,35076,0,22,19,17,0.1968245506286621,0.19191381335258484,0.0049107372760772705,2,0.11738560348749161,0.11738560348749161,2.9778668880462646,-1,,,
3,241,35077,0,22,19,17,0.20286034047603607,0.17356538772583008,0.029294952750205994,2,0.11605402827262878,0.11605402827262878,2.9809205532073975,-1,,,
3,242,35078,0,22,19,17,0.2054266780614853,0.18128682672977448,0.024139851331710815,3,0.12760616838932037,0.12760616838932037,2.9474806785583496,-1,,,
3,243,35079,0,22,19,17,0.20122894644737244,0.17129813134670258,0.02993081510066986,6,0.12077023833990097,0.12077023833990097,2.9694762229919434,-1,,,
3,244,35080,0,22,19,17,0.19500382244586945,0.1744353175163269,0.02056850492954254,7,0.12918466329574585,0.12918466329574585,2.9395933151245117,-1,,,
3,245,35081,0,22,19,17,0.18469779193401337,0.16821424663066864,0.016483545303344727,6,0.11019857227802277,0.11019857227802277,2.985430955886841,-1,,,
3,246,35082,0,22,19,17,0.1814005821943283,0.17029063403606415,0.01110994815826416,2,0.11409740149974823,0.11409740149974823,2.9802663326263428,-1,,,
3,247,35083,0,22,19,19,0.18141263723373413,0.18141263723373413,0.0,1,0.1154707819223404,0.1154707819223404,2.9778831005096436,-1,,,
3,248,35084,3,22,19,19,0.18421629071235657,0.18421629071235657,0.0,1,0.1293008029460907,0.1293008029460907,2.9481990337371826,-1,,,
3,249,35085,3,22,19,19,0.18834520876407623,0.18834520876407623,0.0,1,0.1282813996076584,0.1282813996076584,2.9468159675598145,-1,,,
3,250,35086,3,22,19,19,0.2000068873167038,0.2000068873167038,0.0,1,0.12921379506587982,0.12921379506587982,2.9225621223449707,-1,,,
3,251,35087,3,22,19,10,0.22550684213638306,0.20953722298145294,0.015969619154930115,2,0.1119210496544838,0.1119210496544838,2.9827628135681152,-1,,,
3,252,35088,3,22,19,10,0.2527001202106476,0.20280510187149048,0.049895018339157104,4,0.11701942980289459,0.11701942980289459,2.9738357067108154,-1,,,
3,253,35089,3,22,19,10,0.2783224582672119,0.20281876623630524,0.07550369203090668,7,0.1265621781349182,0.1265621781349182,2.93415904045105,-1,,,
3,254,35090,3,22,19,10,0.2940503656864166,0.19956164062023163,0.094488725066185,4,0.10691612958908081,0.10691612958908081,2.9880850315093994,-1,,,
3,255,35091,3,22,19,10,0.3004336357116699,0.1889057755470276,0.11152786016464233,3,0.10318932682275772,0.10318932682275772,2.9946529865264893,-1,,,
3,256,35092,3,22,19,10,0.30423563718795776,0.1876610666513443,0.11657457053661346,4,0.09961146116256714,0.09961146116256714,2.9997053146362305,-1,,,
3,257,35093,3,22,19,10,0.3055790066719055,0.18936802446842194,0.11621098220348358,4,0.0958636999130249,0.0958636999130249,2.9992525577545166,-1,,,
3,258,35094,3,22,19,10,0.3062138557434082,0.20099091529846191,0.10522294044494629,5,0.10214641690254211,0.10214641690254211,2.9940438270568848,-1,,,
3,259,35095,3,22,19,10,0.2953488230705261,0.19659806787967682,0.0987507551908493,4,0.12115439027547836,0.12115439027547836,2.9282264709472656,-1,,,
3,260,35096,3,22,19,10,0.28922736644744873,0.19371914863586426,0.09550821781158447,4,0.11499442905187607,0.11499442905187607,2.9774727821350098,-1,,,
3,261,35097,3,22,19,10,0.28422895073890686,0.1878785789012909,0.09635037183761597,6,0.12253885716199875,0.12253885716199875,2.950967788696289,-1,,,
3,262,35098,3,22,19,10,0.2890700399875641,0.18477901816368103,0.10429102182388306,9,0.10075362026691437,0.10075362026691437,2.9894516468048096,-1,,,
3,263,35099,3,22,19,9,0.29604053497314453,0.1558915376663208,0.14014899730682373,10,0.09859170019626617,0.09859170019626617,2.98946475982666,-1,,,
3,264,35100,3,22,19,7,0.3036235570907593,0.15149259567260742,0.15213096141815186,13,0.09621977806091309,0.09621977806091309,2.995835304260254,-1,,,
3,265,35101,3,22,19,20,0.3076510429382324,0.17254546284675598,0.13510558009147644,19,0.10133172571659088,0.10133172571659088,2.9943854808807373,-1,,,
3,266,35102,3,22,19,20,0.30878710746765137,0.20364490151405334,0.10514220595359802,19,0.11387480050325394,0.11387480050325394,2.9743669033050537,-1,,,
3,267,35103,3,22,19,21,0.31779056787490845,0.18371538817882538,0.13407517969608307,18,0.12018787860870361,0.12018787860870361,2.89634108543396,-1,,,
3,268,35104,3,22,19,13,0.32672634720802307,0.17401351034641266,0.1527128368616104,19,0.1253329962491989,0.1253329962491989,2.940838098526001,-1,,,
3,269,35105,3,22,19,13,0.3370770215988159,0.16446712613105774,0.17260989546775818,18,0.12170323729515076,0.12170323729515076,2.9539570808410645,-1,,,
3,270,35106,3,22,19,18,0.33591580390930176,0.15922501683235168,0.17669078707695007,18,0.11801794916391373,0.11801794916391373,2.95880389213562,-1,,,
3,271,35107,3,22,19,21,0.33614540100097656,0.17267407476902008,0.16347132623195648,18,0.11990999430418015,0.11990999430418015,2.9603145122528076,-1,,,
3,272,35108,3,22,19,13,0.3354538679122925,0.1799350529909134,0.1555188149213791,19,0.11440977454185486,0.11440977454185486,2.975977897644043,-1,,,
3,273,35109,3,22,19,13,0.337886780500412,0.20110280811786652,0.13678397238254547,19,0.09978199005126953,0.09978199005126953,2.997305393218994,-1,,,
3,274,35110,3,22,19,8,0.34149080514907837,0.20898398756980896,0.1325068175792694,18,0.09652885794639587,0.09652885794639587,2.998850107192993,-1,,,
3,275,35111,3,22,19,10,0.34405001997947693,0.22633647918701172,0.11771354079246521,14,0.09581682831048965,0.09581682831048965,2.998342275619507,-1,,,
3,276,35112,3,22,19,15,0.3486679196357727,0.22718960046768188,0.12147831916809082,12,0.09642164409160614,0.09642164409160614,2.997440814971924,-1,,,
3,277,35113,3,22,19,15,0.361106276512146,0.223388671875,0.137717604637146,12,0.09589814394712448,0.09589814394712448,2.9975745677948,-1,,,
3,278,35114,3,22,19,15,0.3870074152946472,0.2213929146528244,0.16561450064182281,12,0.09525981545448303,0.09525981545448303,2.99600887298584,-1,,,
3,279,35115,3,22,19,15,0.4190653860569,0.2235681116580963,0.1954972743988037,12,0.09429708123207092,0.09429708123207092,2.992811441421509,-1,,,
3,280,35116,3,22,19,15,0.4545532464981079,0.2136792093515396,0.2408740371465683,13,0.09356290102005005,0.09356290102005005,2.992879867553711,-1,,,
3,281,35117,3,22,19,15,0.4881005883216858,0.20992715656757355,0.27817343175411224,15,0.09614421427249908,0.09614421427249908,2.9904139041900635,-1,,,
3,282,35118,3,22,19,15,0.5245396494865417,0.20349393784999847,0.3210457116365433,18,0.09833437204360962,0.09833437204360962,2.988039970397949,-1,,,
3,283,35119,3,22,19,9,0.5632591843605042,0.2084149718284607,0.35484421253204346,19,0.09507080167531967,0.09507080167531967,2.9913954734802246,-1,,,
3,284,35120,3,22,19,9,0.5935800075531006,0.20479288697242737,0.3887871205806732,19,0.11579194664955139,0.11579194664955139,2.9610159397125244,-1,,,
3,285,35121,3,22,19,9,0.608000636100769,0.21874114871025085,0.3892594873905182,19,0.11473839730024338,0.11473839730024338,2.9684274196624756,-1,,,
3,286,35122,3,22,19,9,0.6033827662467957,0.2400549352169037,0.36332783102989197,19,0.11932450532913208,0.11932450532913208,2.949145793914795,-1,,,
3,287,35123,3,22,19,9,0.5827040076255798,0.2859433591365814,0.2967606484889984,18,0.12491440773010254,0.12491440773010254,2.93498158454895,-1,,,
3,288,35124,3,22,19,9,0.5586338043212891,0.3362196683883667,0.22241413593292236,18,0.1269015073776245,0.1269015073776245,2.9316952228546143,-1,,,
3,289,35125,3,22,19,8,0.536278486251831,0.3652208745479584,0.17105761170387268,20,0.12316549569368362,0.12316549569368362,2.9423255920410156,-1,,,
3,290,35126,3,22,19,8,0.5095018148422241,0.3935616612434387,0.1159401535987854,18,0.12415660172700882,0.12415660172700882,2.909977436065674,-1,,,
3,291,35127,3,22,19,3,0.47774145007133484,0.41701748967170715,0.060723960399627686,14,0.12623876333236694,0.12623876333236694,2.914541244506836,-1,,,
3,292,35128,3,22,19,3,0.4484441578388214,0.37619709968566895,0.07224705815315247,11,0.11964166164398193,0.11964166164398193,2.909435510635376,-1,,,
3,293,35129,3,22,19,3,0.432655394077301,0.3551567494869232,0.07749864459037781,9,0.12346207350492477,0.12346207350492477,2.913877010345459,-1,,,
3,294,35130,0,22,19,3,0.4318428039550781,0.3466285169124603,0.0852142870426178,9,0.12113230675458908,0.12113230675458908,2.909106492996216,-1,,,
3,295,35131,0,22,19,3,0.44021108746528625,0.34866055846214294,0.09155052900314331,8,0.12342754751443863,0.12342754751443863,2.9167537689208984,-1,,,
3,296,35132,0,22,19,3,0.44549399614334106,0.3620840013027191,0.08340999484062195,8,0.12330707907676697,0.12330707907676697,2.9143710136413574,-1,,,
3,297,35133,0,22,19,3,0.4510952830314636,0.36576539278030396,0.08532989025115967,9,0.11773241311311722,0.11773241311311722,2.9185268878936768,-1,,,
3,298,35134,0,22,19,3,0.4572434425354004,0.3914009928703308,0.06584244966506958,9,0.1176292672753334,0.1176292672753334,2.9175362586975098,-1,,,
3,299,35135,0,22,19,3,0.47162479162216187,0.4096473157405853,0.06197747588157654,9,0.11649586260318756,0.11649586260318756,2.9157440662384033,-1,,,
3,300,35136,0,22,19,6,0.49147889018058777,0.44401291012763977,0.047465980052948,10,0.11697810143232346,0.11697810143232346,2.94050931930542,-1,,,
3,301,35137,0,22,19,13,0.6614105105400085,0.5114889740943909,0.14992153644561768,13,0.11934533715248108,0.11934533715248108,2.9288129806518555,-1,,,
3,302,35138,0,22,19,13,0.8257297873497009,0.5503868460655212,0.2753429412841797,11,0.11460172384977341,0.11460172384977341,2.9900639057159424,-1,,,
3,303,35139,0,22,19,13,0.9681546092033386,0.6152788400650024,0.3528757691383362,11,0.1131153330206871,0.1131153330206871,2.9887800216674805,-1,,,
3,304,35140,0,22,19,13,1.08653724193573,0.6962794661521912,0.3902577757835388,12,0.11350706219673157,0.11350706219673157,2.9365456104278564,-1,,,
3,305,35141,0,22,19,21,1.171128273010254,0.8063362240791321,0.3647920489311218,12,0.11582718789577484,0.11582718789577484,2.9601540565490723,-1,,,
3,306,35142,0,22,19,21,1.2317321300506592,0.8791153430938721,0.3526167869567871,12,0.0977373719215393,0.0977373719215393,3.015983819961548,-1,,,
3,307,35143,0,22,19,21,1.2603753805160522,1.0328924655914307,0.22748291492462158,11,0.10831701010465622,0.10831701010465622,2.999962568283081,-1,,,
3,308,35144,1,22,19,12,1.2617679834365845,1.203287124633789,0.05848085880279541,10,0.09484035521745682,0.09484035521745682,3.0106799602508545,-1,,,
3,309,35145,1,22,19,12,1.094994068145752,1.0478336811065674,0.04716038703918457,5,0.11014620214700699,0.11014620214700699,2.9996280670166016,-1,,,
3,310,35146,1,22,19,12,0.9210975766181946,0.8851033449172974,0.03599423170089722,6,0.10312158614397049,0.10312158614397049,2.9850151538848877,-1,,,
3,311,35147,1,22,19,17,0.7620478868484497,0.6899465918540955,0.07210129499435425,8,0.10649209469556808,0.10649209469556808,2.982985019683838,-1,,,
3,312,35148,1,22,16,17,0.6755091547966003,0.527307391166687,0.14820176362991333,16,0.10397588461637497,0.10397588461637497,2.970673084259033,-1,,,
3,313,35149,1,1,16,16,0.5865374207496643,0.5865374207496643,0.0,1,1.0,1.0,-0.0,-1,,,
3,314,35150,1,1,16,16,0.51609206199646,0.51609206199646,0.0,1,1.0,1.0,-0.0,-1,,,
3,315,35151,1,1,16,16,0.4670986831188202,0.4670986831188202,0.0,1,1.0,1.0,-0.0,-1,,,
3,316,35152,1,1,16,16,0.44388940930366516,0.44388940930366516,0.0,1,1.0,1.0,-0.0,-1,,,
3,317,35153,1,1,16,16,0.4328249990940094,0.4328249990940094,0.0,1,1.0,1.0,-0.0,-1,,,
3,318,35154,1,22,0,17,0.4194830060005188,0.16539636254310608,0.2540866434574127,20,0.147368922829628,0.147368922829628,2.820317506790161,-1,,,
3,319,35155,1,1,0,0,0.4164121448993683,0.4164121448993683,0.0,1,1.0,1.0,-0.0,-1,,,
3,320,35156,1,1,0,0,0.41303208470344543,0.41303208470344543,0.0,1,1.0,1.0,-0.0,-1,,,
3,321,35157,1,1,0,0,0.4104728400707245,0.4104728400707245,0.0,1,1.0,1.0,-0.0,-1,,,
3,322,35158,1,1,0,0,0.41077569127082825,0.41077569127082825,0.0,1,1.0,1.0,-0.0,-1,,,
3,323,35159,1,1,0,0,0.4109204411506653,0.4109204411506653,0.0,1,1.0,1.0,-0.0,-1,,,
3,324,35160,1,22,0,12,0.39905133843421936,0.174920916557312,0.22413042187690735,19,0.14681455492973328,0.14681455492973328,2.900123119354248,-1,,,
3,325,35161,1,22,0,3,0.3911973237991333,0.19378337264060974,0.19741395115852356,19,0.15176215767860413,0.15176215767860413,2.8900034427642822,-1,,,
3,326,35162,1,22,0,3,0.3852568566799164,0.21427999436855316,0.17097686231136322,20,0.13715822994709015,0.13715822994709015,2.919011354446411,-1,,,
3,327,35163,1,22,0,3,0.3802923560142517,0.23459161818027496,0.14570073783397675,19,0.25678762793540955,0.25678762793540955,2.6485278606414795,-1,,,
3,328,35164,1,22,0,3,0.38064447045326233,0.2549129128456116,0.12573155760765076,20,0.2544274926185608,0.2544274926185608,2.654991865158081,-1,,,
3,329,35165,1,22,0,3,0.3854914605617523,0.2797527611255646,0.10573869943618774,18,0.13818906247615814,0.13818906247615814,2.9186155796051025,-1,,,
3,330,35166,1,22,0,3,0.39493685960769653,0.28567320108413696,0.10926365852355957,18,0.1404298096895218,0.1404298096895218,2.909289598464966,-1,,,
3,331,35167,0,22,0,3,0.40794262290000916,0.2992345988750458,0.10870802402496338,18,0.1425880789756775,0.1425880789756775,2.903364419937134,-1,,,
3,332,35168,0,22,0,3,0.4336194396018982,0.3243352174758911,0.10928422212600708,19,0.1309916228055954,0.1309916228055954,2.927107095718384,-1,,,
3,333,35169,0,22,0,3,0.4599555730819702,0.34937483072280884,0.11058074235916138,18,0.1417424976825714,0.1417424976825714,2.9060781002044678,-1,,,
3,334,35170,0,22,0,3,0.4878460466861725,0.3668939471244812,0.12095209956169128,19,0.13470783829689026,0.13470783829689026,2.91703200340271,-1,,,
3,335,35171,0,22,0,6,0.5194789171218872,0.38708215951919556,0.13239675760269165,19,0.0968492180109024,0.0968492180109024,3.0024354457855225,-1,,,
3,336,35172,0,22,0,6,0.5488344430923462,0.39910778403282166,0.14972665905952454,21,0.09630344808101654,0.09630344808101654,3.005215883255005,-1,,,
3,337,35173,0,22,4,6,0.5218098163604736,0.41215911507606506,0.10965070128440857,12,0.07371336221694946,0.07371336221694946,3.04119873046875,-1,,,
3,338,35174,0,1,4,4,0.5556913018226624,0.5556913018226624,0.0,1,1.0,1.0,-0.0,-1,,,
3,339,35175,0,1,4,4,0.5898976922035217,0.5898976922035217,0.0,1,1.0,1.0,-0.0,-1,,,
3,340,35176,0,1,4,4,0.6239538192749023,0.6239538192749023,0.0,1,1.0,1.0,-0.0,-1,,,
3,341,35177,0,1,4,4,0.6592831015586853,0.6592831015586853,0.0,1,1.0,1.0,-0.0,-1,,,
3,342,35178,0,1,4,4,0.6933503150939941,0.6933503150939941,0.0,1,1.0,1.0,-0.0,-1,,,
3,343,35179,2,22,19,11,0.6491250395774841,0.3912532925605774,0.25787174701690674,15,0.09084121882915497,0.09084121882915497,3.0316035747528076,-1,,,
3,344,35180,2,1,19,19,0.6400163173675537,0.6400163173675537,0.0,1,1.0,1.0,-0.0,-1,,,
3,345,35181,2,1,19,19,0.6315159201622009,0.6315159201622009,0.0,1,1.0,1.0,-0.0,-1,,,
3,346,35182,2,1,19,19,0.6268702745437622,0.6268702745437622,0.0,1,1.0,1.0,-0.0,-1,,,
3,347,35183,2,1,19,19,0.6200652718544006,0.6200652718544006,0.0,1,1.0,1.0,-0.0,-1,,,
3,348,35184,2,1,19,19,0.6184781789779663,0.6184781789779663,0.0,1,1.0,1.0,-0.0,-1,,,
3,349,35185,2,22,19,21,0.6103507876396179,0.3923123776912689,0.218038409948349,14,0.09901072829961777,0.09901072829961777,3.0237462520599365,-1,,,
3,350,35186,2,22,19,21,0.6036271452903748,0.38146862387657166,0.2221585214138031,14,0.09906370937824249,0.09906370937824249,3.0236804485321045,-1,,,
3,351,35187,2,22,19,21,0.5977627038955688,0.37423431873321533,0.22352838516235352,14,0.09932488948106766,0.09932488948106766,3.0231428146362305,-1,,,
3,352,35188,2,22,19,21,0.5905393362045288,0.39001908898353577,0.20052024722099304,13,0.09932930022478104,0.09932930022478104,3.023463487625122,-1,,,
3,353,35189,2,22,19,21,0.5843805074691772,0.37753990292549133,0.2068406045436859,13,0.10421989858150482,0.10421989858150482,3.013373374938965,-1,,,
3,354,35190,2,22,19,11,0.5712658762931824,0.38082846999168396,0.1904374063014984,13,0.10543609410524368,0.10543609410524368,3.0113537311553955,-1,,,
3,355,35191,2,22,19,21,0.5610904693603516,0.3783392012119293,0.18275126814842224,14,0.1074095219373703,0.1074095219373703,3.006098747253418,-1,,,
3,356,35192,2,22,19,13,0.5421203374862671,0.36112654209136963,0.18099379539489746,14,0.10517901927232742,0.10517901927232742,3.0106253623962402,-1,,,
3,357,35193,2,22,19,13,0.5303988456726074,0.36560139060020447,0.16479745507240295,14,0.10433926433324814,0.10433926433324814,3.0121328830718994,-1,,,
3,358,35194,2,22,19,21,0.5176214575767517,0.3716024160385132,0.14601904153823853,14,0.11268863826990128,0.11268863826990128,2.995286703109741,-1,,,
3,359,35195,2,22,19,21,0.5132976770401001,0.3919185996055603,0.1213790774345398,11,0.12411274760961533,0.12411274760961533,2.960580825805664,-1,,,
3,360,35196,2,22,19,21,0.5077488422393799,0.419879287481308,0.0878695547580719,11,0.12098898738622665,0.12098898738622665,2.973850965499878,-1,,,
3,361,35197,2,22,19,21,0.5083536505699158,0.4635455012321472,0.044808149337768555,6,0.12615947425365448,0.12615947425365448,2.9572508335113525,-1,,,
3,362,35198,2,22,19,11,0.5222266316413879,0.47196245193481445,0.050264179706573486,11,0.11479296535253525,0.11479296535253525,2.99120831489563,-1,,,
3,363,35199,2,22,19,21,0.5337437391281128,0.4909983277320862,0.04274541139602661,11,0.10812949389219284,0.10812949389219284,3.0029194355010986,-1,,,
3,364,35200,2,22,19,2,0.5594277381896973,0.5172023773193359,0.04222536087036133,13,0.09952180832624435,0.09952180832624435,3.0228214263916016,-1,,,
3,365,35201,2,22,19,2,0.5860474109649658,0.5154659748077393,0.07058143615722656,12,0.10345563292503357,0.10345563292503357,3.0144920349121094,-1,,,
3,366,35202,2,22,19,2,0.6171519756317139,0.53034508228302,0.08680689334869385,12,0.0997764989733696,0.0997764989733696,3.022613048553467,-1,,,
3,367,35203,2,22,19,2,0.6435234546661377,0.5112616419792175,0.13226181268692017,12,0.12168014794588089,0.12168014794588089,2.942124843597412,-1,,,
3,368,35204,2,22,19,2,0.6585330367088318,0.5301465392112732,0.1283864974975586,11,0.1275573968887329,0.1275573968887329,2.944835901260376,-1,,,
3,369,35205,2,22,19,2,0.6568878293037415,0.5433721542358398,0.11351567506790161,11,0.12723508477210999,0.12723508477210999,2.9502110481262207,-1,,,
3,370,35206,2,22,19,2,0.6465393900871277,0.540171205997467,0.10636818408966064,12,0.12534719705581665,0.12534719705581665,2.9578378200531006,-1,,,
3,371,35207,2,22,19,2,0.6308269500732422,0.558416485786438,0.0724104642868042,16,0.12619711458683014,0.12619711458683014,2.954294443130493,-1,,,
3,372,35208,2,22,19,13,0.604768693447113,0.5442524552345276,0.06051623821258545,15,0.12329357862472534,0.12329357862472534,2.9612314701080322,-1,,,
3,373,35209,2,22,19,3,0.575193464756012,0.4661242663860321,0.10906919836997986,12,0.11428005993366241,0.11428005993366241,2.9452736377716064,-1,,,
3,374,35210,2,22,19,3,0.5353776812553406,0.4130266010761261,0.12235108017921448,9,0.11250060051679611,0.11250060051679611,2.942610502243042,-1,,,
3,375,35211,0,22,19,17,0.4895179867744446,0.3509169816970825,0.13860100507736206,9,0.11443981528282166,0.11443981528282166,2.954310894012451,-1,,,
3,376,35212,0,22,19,17,0.45125943422317505,0.3387942612171173,0.11246517300605774,8,0.11285816133022308,0.11285816133022308,2.940364122390747,-1,,,
3,377,35213,0,22,19,17,0.4321397840976715,0.3134027123451233,0.11873707175254822,8,0.11282847821712494,0.11282847821712494,2.9342334270477295,-1,,,
3,378,35214,0,22,19,17,0.4132378399372101,0.2989654541015625,0.11427238583564758,8,0.11509593576192856,0.11509593576192856,2.9377248287200928,-1,,,
3,379,35215,0,22,19,17,0.3962523341178894,0.2832011580467224,0.11305117607116699,9,0.12155070900917053,0.12155070900917053,2.9507243633270264,-1,,,
3,380,35216,0,22,19,17,0.37994587421417236,0.27273842692375183,0.10720744729042053,7,0.11917470395565033,0.11917470395565033,2.9372787475585938,-1,,,
3,381,35217,0,22,19,17,0.36133086681365967,0.26416483521461487,0.0971660315990448,8,0.12063544988632202,0.12063544988632202,2.9477105140686035,-1,,,
3,382,35218,0,22,19,17,0.3396947383880615,0.2591296434402466,0.08056509494781494,9,0.11764497309923172,0.11764497309923172,2.932126045227051,-1,,,
3,383,35219,0,22,19,1,0.31797245144844055,0.24102438986301422,0.07694806158542633,10,0.11757294833660126,0.11757294833660126,2.9782707691192627,-1,,,
4,0,35220,0,22,0,20,0.4577430486679077,0.2975906729698181,0.1601523756980896,14,0.104554682970047,0.104554682970047,2.9698638916015625,-1,,,
4,1,35221,0,22,0,20,0.4832046926021576,0.3001512587070465,0.18305343389511108,16,0.17812976241111755,0.17812976241111755,2.8319251537323,-1,,,
4,2,35222,0,22,0,20,0.5132165551185608,0.31296107172966003,0.20025548338890076,18,0.09329258650541306,0.09329258650541306,2.9799726009368896,-1,,,
4,3,35223,3,22,0,20,0.5479543209075928,0.3576726019382477,0.1902817189693451,17,0.1107163056731224,0.1107163056731224,2.94651460647583,-1,,,
4,4,35224,3,22,0,20,0.5410882830619812,0.3613559305667877,0.17973235249519348,17,0.18430820107460022,0.18430820107460022,2.8122684955596924,-1,,,
4,5,35225,3,22,0,20,0.543779194355011,0.37306737899780273,0.17071181535720825,17,0.16539213061332703,0.16539213061332703,2.8493692874908447,-1,,,
4,6,35226,3,22,0,20,0.5559040307998657,0.3921985924243927,0.16370543837547302,17,0.11133509874343872,0.11133509874343872,2.9432129859924316,-1,,,
4,7,35227,3,22,0,20,0.5770915746688843,0.4196188449859619,0.15747272968292236,17,0.1087169349193573,0.1087169349193573,2.9526185989379883,-1,,,
4,8,35228,3,22,0,20,0.6076338291168213,0.45642033219337463,0.15121349692344666,17,0.09950610250234604,0.09950610250234604,2.9616341590881348,-1,,,
4,9,35229,3,22,0,20,0.6333202123641968,0.48923125863075256,0.1440889537334442,17,0.2017281949520111,0.2017281949520111,2.7711637020111084,-1,,,
4,10,35230,3,22,0,14,0.6535491943359375,0.5049988627433777,0.14855033159255981,18,0.14247913658618927,0.14247913658618927,2.908047676086426,-1,,,
4,11,35231,3,22,0,14,0.6682846546173096,0.48671796917915344,0.18156668543815613,21,0.2063671350479126,0.2063671350479126,2.7639381885528564,-1,,,
4,12,35232,3,22,0,14,0.6787114143371582,0.466180682182312,0.2125307321548462,21,0.19807559251785278,0.19807559251785278,2.7827155590057373,-1,,,
4,13,35233,3,22,0,14,0.6834303736686707,0.4488171339035034,0.23461323976516724,21,0.1349523812532425,0.1349523812532425,2.913362503051758,-1,,,
4,14,35234,3,22,0,14,0.6812227368354797,0.4151168167591095,0.26610592007637024,21,0.10656078159809113,0.10656078159809113,2.9566473960876465,-1,,,
4,15,35235,3,22,0,19,0.6728666424751282,0.38276204466819763,0.29010459780693054,21,0.08942867070436478,0.08942867070436478,2.984795331954956,-1,,,
4,16,35236,3,22,0,19,0.6574233770370483,0.33900293707847595,0.3184204399585724,21,0.1823791265487671,0.1823791265487671,2.81716251373291,-1,,,
4,17,35237,3,22,0,10,0.6091161966323853,0.2984992563724518,0.31061694025993347,21,0.1775304079055786,0.1775304079055786,2.823425531387329,-1,,,
4,18,35238,3,22,0,10,0.5628101229667664,0.2859055697917938,0.27690455317497253,22,0.17311519384384155,0.17311519384384155,2.8322200775146484,-1,,,
4,19,35239,3,22,0,10,0.5181474089622498,0.29464060068130493,0.22350680828094482,22,0.19013932347297668,0.19013932347297668,2.7955870628356934,-1,,,
4,20,35240,3,22,0,14,0.47376301884651184,0.27643415331840515,0.1973288655281067,21,0.18057526648044586,0.18057526648044586,2.823643922805786,-1,,,
4,21,35241,3,22,0,14,0.4295516908168793,0.2629168629646301,0.16663482785224915,19,0.18991036713123322,0.18991036713123322,2.801868438720703,-1,,,
4,22,35242,3,22,0,14,0.3861488997936249,0.2526136040687561,0.13353529572486877,19,0.1718156784772873,0.1718156784772873,2.8360979557037354,-1,,,
4,23,35243,3,22,0,3,0.34331828355789185,0.24746368825435638,0.09585459530353546,19,0.1725354939699173,0.1725354939699173,2.8381175994873047,-1,,,
4,24,35244,0,22,0,3,0.3009595572948456,0.2191295176744461,0.08183003962039948,18,0.16996178030967712,0.16996178030967712,2.839657783508301,-1,,,
4,25,35245,0,22,0,3,0.2928296625614166,0.20626530051231384,0.08656436204910278,18,0.1809280514717102,0.1809280514717102,2.819854259490967,-1,,,
4,26,35246,0,22,0,3,0.2849423289299011,0.19848228991031647,0.08646003901958466,18,0.17823341488838196,0.17823341488838196,2.825587749481201,-1,,,
4,27,35247,0,22,0,3,0.2766760587692261,0.19406436383724213,0.08261169493198395,17,0.18511967360973358,0.18511967360973358,2.8094775676727295,-1,,,
4,28,35248,0,22,0,3,0.26800262928009033,0.19009608030319214,0.0779065489768982,17,0.2685590386390686,0.2685590386390686,2.6040046215057373,-1,,,
4,29,35249,0,22,0,3,0.26965761184692383,0.18715952336788177,0.08249808847904205,18,0.25439733266830444,0.25439733266830444,2.646334409713745,-1,,,
4,30,35250,0,22,0,3,0.27249675989151,0.18407593667507172,0.0884208232164383,19,0.2292976826429367,0.2292976826429367,2.710181474685669,-1,,,
4,31,35251,0,22,0,3,0.27608978748321533,0.17242780327796936,0.10366198420524597,19,0.21286305785179138,0.21286305785179138,2.7520484924316406,-1,,,
4,32,35252,0,22,0,3,0.2808576822280884,0.16487543284893036,0.11598224937915802,19,0.2659917175769806,0.2659917175769806,2.604417085647583,-1,,,
4,33,35253,0,22,0,12,0.2870546877384186,0.16087782382965088,0.1261768639087677,19,0.23030877113342285,0.23030877113342285,2.6797852516174316,-1,,,
4,34,35254,0,22,0,12,0.2937227785587311,0.1483479142189026,0.1453748643398285,19,0.28777188062667847,0.28777188062667847,2.5512819290161133,-1,,,
4,35,35255,0,22,0,12,0.3014633059501648,0.1494705229997635,0.1519927829504013,19,0.28492820262908936,0.28492820262908936,2.56412410736084,-1,,,
4,36,35256,1,22,0,12,0.317838191986084,0.17253591120243073,0.14530228078365326,19,0.2715648412704468,0.2715648412704468,2.602332592010498,-1,,,
4,37,35257,1,22,0,12,0.33916521072387695,0.1961936205625534,0.14297159016132355,19,0.2039097100496292,0.2039097100496292,2.7684555053710938,-1,,,
4,38,35258,1,22,0,12,0.3597967326641083,0.21742908656597137,0.1423676460981369,19,0.2870194613933563,0.2870194613933563,2.5596532821655273,-1,,,
4,39,35259,1,22,0,12,0.3780551254749298,0.237823024392128,0.14023210108280182,19,0.26825830340385437,0.26825830340385437,2.6063623428344727,-1,,,
4,40,35260,1,22,0,12,0.39289146661758423,0.2600400149822235,0.13285145163536072,19,0.277353972196579,0.277353972196579,2.586266279220581,-1,,,
4,41,35261,1,22,0,12,0.40605390071868896,0.2880183756351471,0.11803552508354187,19,0.27193334698677063,0.27193334698677063,2.599493980407715,-1,,,
4,42,35262,1,22,0,12,0.416196346282959,0.3194233179092407,0.09677302837371826,19,0.2238955795764923,0.2238955795764923,2.730828046798706,-1,,,
4,43,35263,1,22,0,13,0.4239114820957184,0.3430713713169098,0.0808401107788086,19,0.22820580005645752,0.22820580005645752,2.7083258628845215,-1,,,
4,44,35264,1,22,0,17,0.42389777302742004,0.3670476973056793,0.05685007572174072,18,0.2427770048379898,0.2427770048379898,2.6462621688842773,-1,,,
4,45,35265,1,22,0,17,0.4412151575088501,0.373426616191864,0.06778854131698608,15,0.2764613926410675,0.2764613926410675,2.587123394012451,-1,,,
4,46,35266,1,22,0,17,0.4979661703109741,0.41785964369773865,0.08010652661323547,15,0.27047157287597656,0.27047157287597656,2.6034860610961914,-1,,,
4,47,35267,1,22,0,3,0.5958911180496216,0.5047504305839539,0.09114068746566772,15,0.277781218290329,0.277781218290329,2.5826523303985596,-1,,,
4,48,35268,1,22,0,3,0.694060206413269,0.6036410927772522,0.09041911363601685,13,0.2534632086753845,0.2534632086753845,2.641066312789917,-1,,,
4,49,35269,1,22,0,3,0.790405809879303,0.718965470790863,0.07144033908843994,12,0.2547909617424011,0.2547909617424011,2.6272506713867188,-1,,,
4,50,35270,1,22,0,3,0.8850228190422058,0.8419979810714722,0.04302483797073364,13,0.259808212518692,0.259808212518692,2.6157100200653076,-1,,,
4,51,35271,1,22,0,13,1.016961932182312,0.9489361047744751,0.06802582740783691,11,0.24618303775787354,0.24618303775787354,2.6279051303863525,-1,,,
4,52,35272,1,22,0,13,1.1842100620269775,1.13398277759552,0.05022728443145752,10,0.24925413727760315,0.24925413727760315,2.61594557762146,-1,,,
4,53,35273,1,22,0,13,1.326042890548706,1.2488739490509033,0.07716894149780273,12,0.25722870230674744,0.25722870230674744,2.595665693283081,-1,,,
4,54,35274,1,22,0,13,1.4335050582885742,1.3241167068481445,0.10938835144042969,13,0.2618751525878906,0.2618751525878906,2.58498477935791,-1,,,
4,55,35275,1,22,0,13,1.5054280757904053,1.3761591911315918,0.12926888465881348,13,0.25455331802368164,0.25455331802368164,2.6094937324523926,-1,,,
4,56,35276,1,22,0,13,1.6118050813674927,1.484266757965088,0.12753832340240479,13,0.2516031861305237,0.2516031861305237,2.612753391265869,-1,,,
4,57,35277,1,22,0,13,1.7506368160247803,1.6372419595718384,0.1133948564529419,12,0.2641621232032776,0.2641621232032776,2.593501567840576,-1,,,
4,58,35278,1,22,0,13,1.9252760410308838,1.8375906944274902,0.08768534660339355,11,0.26880502700805664,0.26880502700805664,2.583758592605591,-1,,,
4,59,35279,1,22,0,13,2.05187726020813,1.8577295541763306,0.19414770603179932,10,0.29009392857551575,0.29009392857551575,2.5496017932891846,-1,,,
4,60,35280,1,22,0,13,2.134617328643799,1.8046519756317139,0.32996535301208496,10,0.2871374189853668,0.2871374189853668,2.556671380996704,-1,,,
4,61,35281,1,22,0,13,2.1972572803497314,1.7022111415863037,0.49504613876342773,10,0.2775765359401703,0.2775765359401703,2.583730459213257,-1,,,
4,62,35282,1,22,0,13,2.242088556289673,1.5851553678512573,0.6569331884384155,12,0.2777092158794403,0.2777092158794403,2.5847935676574707,-1,,,
4,63,35283,1,22,0,13,2.2637062072753906,1.458001732826233,0.8057044744491577,13,0.2846981883049011,0.2846981883049011,2.566283941268921,-1,,,
4,64,35284,1,22,0,13,2.2305731773376465,1.289318323135376,0.9412548542022705,13,0.28141939640045166,0.28141939640045166,2.5761847496032715,-1,,,
4,65,35285,1,22,0,11,2.1554617881774902,1.238004446029663,0.9174573421478271,14,0.2548298239707947,0.2548298239707947,2.6457247734069824,-1,,,
4,66,35286,1,22,0,15,2.0339367389678955,1.1388908624649048,0.8950458765029907,17,0.2700919806957245,0.2700919806957245,2.6030020713806152,-1,,,
4,67,35287,1,22,0,15,1.9226431846618652,1.0492970943450928,0.8733460903167725,18,0.23241683840751648,0.23241683840751648,2.706637382507324,-1,,,
4,68,35288,1,22,0,15,1.8212469816207886,0.970933735370636,0.8503132462501526,21,0.24655164778232574,0.24655164778232574,2.6627397537231445,-1,,,
4,69,35289,1,22,0,15,1.7089921236038208,0.9328802824020386,0.7761118412017822,21,0.2277427464723587,0.2277427464723587,2.711515426635742,-1,,,
4,70,35290,1,22,0,14,1.5851653814315796,0.896305501461029,0.6888598799705505,21,0.21793724596500397,0.21793724596500397,2.736624002456665,-1,,,
4,71,35291,1,22,0,12,1.4630050659179688,0.8708650469779968,0.5921400189399719,21,0.2685283422470093,0.2685283422470093,2.6083896160125732,-1,,,
4,72,35292,1,22,0,14,1.354371428489685,0.8547244071960449,0.49964702129364014,21,0.27286845445632935,0.27286845445632935,2.596914529800415,-1,,,
4,73,35293,1,22,0,14,1.2395695447921753,0.8589954376220703,0.380574107170105,21,0.2830853760242462,0.2830853760242462,2.5681934356689453,-1,,,
4,74,35294,1,22,0,14,1.1224814653396606,0.9043669700622559,0.21811449527740479,21,0.255786269903183,0.255786269903183,2.6432206630706787,-1,,,
4,75,35295,1,22,0,21,0.9928973913192749,0.9219300150871277,0.07096737623214722,8,0.2480640411376953,0.2480640411376953,2.6621692180633545,-1,,,
4,76,35296,1,22,0,18,0.8389040231704712,0.7917874455451965,0.04711657762527466,4,0.1894262284040451,0.1894262284040451,2.8040313720703125,-1,,,
4,77,35297,1,22,0,18,0.743902862071991,0.6943010091781616,0.049601852893829346,4,0.26718175411224365,0.26718175411224365,2.614492177963257,-1,,,
4,78,35298,1,22,0,18,0.6745533347129822,0.6257500648498535,0.04880326986312866,4,0.20662382245063782,0.20662382245063782,2.764472246170044,-1,,,
4,79,35299,1,22,0,18,0.624251663684845,0.5799995064735413,0.04425215721130371,4,0.26596078276634216,0.26596078276634216,2.6157383918762207,-1,,,
4,80,35300,1,22,0,18,0.5844457149505615,0.5438541173934937,0.04059159755706787,4,0.24807672202587128,0.24807672202587128,2.6634974479675293,-1,,,
4,81,35301,1,22,0,18,0.567044734954834,0.5312265753746033,0.03581815958023071,4,0.22922509908676147,0.22922509908676147,2.7101869583129883,-1,,,
4,82,35302,1,22,0,18,0.5697351694107056,0.5360285043716431,0.0337066650390625,9,0.18658268451690674,0.18658268451690674,2.809772253036499,-1,,,
4,83,35303,1,22,0,14,0.5907947421073914,0.46277180314064026,0.1280229389667511,18,0.1863124519586563,0.1863124519586563,2.810927629470825,-1,,,
4,84,35304,0,22,0,14,0.6379280686378479,0.39264822006225586,0.24527984857559204,20,0.181849867105484,0.181849867105484,2.8205931186676025,-1,,,
4,85,35305,0,22,0,14,0.6545093059539795,0.38856878876686096,0.26594051718711853,20,0.17735038697719574,0.17735038697719574,2.824570894241333,-1,,,
4,86,35306,0,22,0,14,0.6734585165977478,0.38441917300224304,0.28903934359550476,19,0.17711378633975983,0.17711378633975983,2.826760768890381,-1,,,
4,87,35307,0,22,0,14,0.6935257315635681,0.3792499899864197,0.31427574157714844,19,0.16940522193908691,0.16940522193908691,2.846064567565918,-1,,,
4,88,35308,0,22,0,3,0.714340329170227,0.3580014407634735,0.35633888840675354,19,0.16076691448688507,0.16076691448688507,2.8699162006378174,-1,,,
4,89,35309,0,22,0,3,0.7029002904891968,0.3390701413154602,0.3638301491737366,21,0.11822915077209473,0.11822915077209473,2.9746029376983643,-1,,,
4,90,35310,0,22,0,8,0.6897256374359131,0.32501742243766785,0.36470821499824524,22,0.11627823859453201,0.11627823859453201,2.9796178340911865,-1,,,
4,91,35311,0,22,0,6,0.6751149892807007,0.3107110559940338,0.36440393328666687,22,0.13916604220867157,0.13916604220867157,2.9271020889282227,-1,,,
4,92,35312,0,22,0,6,0.6588407754898071,0.2993967533111572,0.3594440221786499,22,0.11027414351701736,0.11027414351701736,2.9909279346466064,-1,,,
4,93,35313,0,22,0,6,0.639805257320404,0.29918068647384644,0.3406245708465576,22,0.10639772564172745,0.10639772564172745,2.9960269927978516,-1,,,
4,94,35314,0,22,4,14,0.3254182040691376,0.2958844304084778,0.02953377366065979,3,0.07344168424606323,0.07344168424606323,3.0439584255218506,-1,,,
4,95,35315,0,1,4,4,0.31805747747421265,0.31805747747421265,0.0,1,1.0,1.0,-0.0,-1,,,
4,96,35316,2,1,4,4,0.3164820969104767,0.3164820969104767,0.0,1,1.0,1.0,-0.0,-1,,,
4,97,35317,2,1,4,4,0.3160055875778198,0.3160055875778198,0.0,1,1.0,1.0,-0.0,-1,,,
4,98,35318,2,1,4,4,0.3191567361354828,0.3191567361354828,0.0,1,1.0,1.0,-0.0,-1,,,
4,99,35319,2,1,4,4,0.34083402156829834,0.34083402156829834,0.0,1,1.0,1.0,-0.0,-1,,,
4,100,35320,2,22,19,0,0.3550446927547455,0.3068658709526062,0.04817882180213928,12,0.0877896323800087,0.0877896323800087,3.0363922119140625,-1,,,
4,101,35321,2,1,19,19,0.37038010358810425,0.37038010358810425,0.0,1,1.0,1.0,-0.0,-1,,,
4,102,35322,2,1,19,19,0.39820805191993713,0.39820805191993713,0.0,1,1.0,1.0,-0.0,-1,,,
4,103,35323,2,1,19,19,0.409024178981781,0.409024178981781,0.0,1,1.0,1.0,-0.0,-1,,,
4,104,35324,2,1,19,19,0.41753414273262024,0.41753414273262024,0.0,1,1.0,1.0,-0.0,-1,,,
4,105,35325,2,1,19,19,0.4317569136619568,0.4317569136619568,0.0,1,1.0,1.0,-0.0,-1,,,
4,106,35326,2,22,19,13,0.45260217785835266,0.3561280071735382,0.09647417068481445,14,0.10165930539369583,0.10165930539369583,3.0179367065429688,-1,,,
4,107,35327,2,22,19,13,0.463174432516098,0.34378162026405334,0.11939281225204468,13,0.1020856499671936,0.1020856499671936,3.016831636428833,-1,,,
4,108,35328,2,22,19,13,0.46953848004341125,0.38127583265304565,0.0882626473903656,11,0.10145853459835052,0.10145853459835052,3.0180928707122803,-1,,,
4,109,35329,2,22,19,13,0.4830823242664337,0.37837347388267517,0.10470885038375854,13,0.10169477015733719,0.10169477015733719,3.0172903537750244,-1,,,
4,110,35330,2,22,19,13,0.4915544092655182,0.3829876482486725,0.1085667610168457,14,0.10122407972812653,0.10122407972812653,3.0185739994049072,-1,,,
4,111,35331,2,22,19,2,0.5084671974182129,0.38180214166641235,0.12666505575180054,15,0.10158424824476242,0.10158424824476242,3.0175256729125977,-1,,,
4,112,35332,2,22,19,2,0.5308124423027039,0.37704190611839294,0.1537705361843109,14,0.10249264538288116,0.10249264538288116,3.0154786109924316,-1,,,
4,113,35333,2,22,19,2,0.5506528615951538,0.3776567280292511,0.1729961335659027,13,0.11617916822433472,0.11617916822433472,2.978652000427246,-1,,,
4,114,35334,2,22,19,2,0.5606746077537537,0.3885114789009094,0.17216312885284424,13,0.11967343091964722,0.11967343091964722,2.968740701675415,-1,,,
4,115,35335,2,22,19,2,0.5721712708473206,0.4097270667552948,0.16244420409202576,12,0.12150903046131134,0.12150903046131134,2.9645068645477295,-1,,,
4,116,35336,2,22,19,2,0.5840209126472473,0.4382702112197876,0.14575070142745972,11,0.12060878425836563,0.12060878425836563,2.965325117111206,-1,,,
4,117,35337,2,22,19,2,0.5903465747833252,0.4563271999359131,0.1340193748474121,13,0.12094709277153015,0.12094709277153015,2.9658119678497314,-1,,,
4,118,35338,2,22,19,2,0.5928294062614441,0.4858947992324829,0.10693460702896118,16,0.12183529883623123,0.12183529883623123,2.9633140563964844,-1,,,
4,119,35339,2,22,19,13,0.5943298935890198,0.4878111481666565,0.10651874542236328,17,0.11707085371017456,0.11707085371017456,2.9527697563171387,-1,,,
4,120,35340,2,22,19,13,0.5879102945327759,0.48392072319984436,0.10398957133293152,17,0.11473800987005234,0.11473800987005234,2.9466869831085205,-1,,,
4,121,35341,2,22,19,12,0.5779514312744141,0.46299612522125244,0.11495530605316162,17,0.11866892874240875,0.11866892874240875,2.9457430839538574,-1,,,
4,122,35342,0,22,19,12,0.5653403997421265,0.4319242835044861,0.13341611623764038,17,0.1172400712966919,0.1172400712966919,2.940912961959839,-1,,,
4,123,35343,0,22,19,12,0.5538202524185181,0.4338725507259369,0.11994770169258118,16,0.11991795152425766,0.11991795152425766,2.962007522583008,-1,,,
4,124,35344,0,22,19,3,0.5395727753639221,0.42676350474357605,0.11280927062034607,13,0.12255578488111496,0.12255578488111496,2.946932077407837,-1,,,
4,125,35345,0,22,19,3,0.5243754386901855,0.4180442690849304,0.10633116960525513,13,0.11974003165960312,0.11974003165960312,2.950223922729492,-1,,,
4,126,35346,0,22,19,3,0.507522702217102,0.4002476632595062,0.10727503895759583,11,0.12564854323863983,0.12564854323863983,2.949469566345215,-1,,,
4,127,35347,0,22,19,3,0.4905158281326294,0.4037541449069977,0.08676168322563171,11,0.1265619397163391,0.1265619397163391,2.9508397579193115,-1,,,
4,128,35348,0,22,19,3,0.47944578528404236,0.401122123003006,0.07832366228103638,14,0.11740481853485107,0.11740481853485107,2.97900390625,-1,,,
4,129,35349,0,22,19,3,0.4632081985473633,0.40185099840164185,0.061357200145721436,10,0.12142087519168854,0.12142087519168854,2.970278739929199,-1,,,
4,130,35350,0,22,19,8,0.4488009810447693,0.3745487630367279,0.07425221800804138,11,0.11538896709680557,0.11538896709680557,2.9824960231781006,-1,,,
4,131,35351,0,22,19,8,0.43132635951042175,0.35713809728622437,0.07418826222419739,12,0.1095111295580864,0.1095111295580864,2.9884934425354004,-1,,,
4,132,35352,0,22,19,8,0.41152098774909973,0.33361610770225525,0.07790488004684448,9,0.11819952726364136,0.11819952726364136,2.977062702178955,-1,,,
4,133,35353,0,22,19,8,0.3857995569705963,0.3403646945953369,0.0454348623752594,6,0.12415580451488495,0.12415580451488495,2.9546494483947754,-1,,,
4,134,35354,3,22,19,8,0.36087968945503235,0.3130466341972351,0.04783305525779724,4,0.12524071335792542,0.12524071335792542,2.9473533630371094,-1,,,
4,135,35355,3,22,19,8,0.33329862356185913,0.29647296667099,0.03682565689086914,3,0.10089941322803497,0.10089941322803497,2.9993114471435547,-1,,,
4,136,35356,3,22,19,8,0.30074241757392883,0.269103080034256,0.03163933753967285,2,0.09807167947292328,0.09807167947292328,2.9997904300689697,-1,,,
4,137,35357,3,22,19,8,0.27205729484558105,0.2526625692844391,0.019394725561141968,2,0.09835733473300934,0.09835733473300934,2.9985175132751465,-1,,,
4,138,35358,3,22,19,8,0.2521703839302063,0.2414846122264862,0.010685771703720093,2,0.0970878154039383,0.0970878154039383,3.0009982585906982,-1,,,
4,139,35359,3,22,19,19,0.23853519558906555,0.23853519558906555,0.0,1,0.09769026190042496,0.09769026190042496,3.0021743774414062,-1,,,
4,140,35360,3,22,19,4,0.2298261821269989,0.2292288839817047,0.0005972981452941895,2,0.09828714281320572,0.09828714281320572,3.0019679069519043,-1,,,
4,141,35361,3,22,19,4,0.22393906116485596,0.21854299306869507,0.005396068096160889,2,0.1027381494641304,0.1027381494641304,2.989447832107544,-1,,,
4,142,35362,3,22,19,4,0.22027505934238434,0.21098364889621735,0.009291410446166992,6,0.1006666049361229,0.1006666049361229,2.9912362098693848,-1,,,
4,143,35363,3,22,19,9,0.22342488169670105,0.20760713517665863,0.01581774652004242,7,0.1150205135345459,0.1150205135345459,2.978788137435913,-1,,,
4,144,35364,3,22,19,9,0.2294437289237976,0.19192509353160858,0.037518635392189026,9,0.1023227795958519,0.1023227795958519,2.9914655685424805,-1,,,
4,145,35365,3,22,19,10,0.23935942351818085,0.22386084496974945,0.015498578548431396,6,0.10173465311527252,0.10173465311527252,2.9907259941101074,-1,,,
4,146,35366,3,22,19,10,0.2422439604997635,0.22627754509449005,0.015966415405273438,4,0.11516117304563522,0.11516117304563522,2.9761435985565186,-1,,,
4,147,35367,3,22,19,10,0.23920193314552307,0.22460998594760895,0.014591947197914124,4,0.12613976001739502,0.12613976001739502,2.9573798179626465,-1,,,
4,148,35368,3,22,19,6,0.22805282473564148,0.21841555833816528,0.009637266397476196,4,0.12222473323345184,0.12222473323345184,2.9655253887176514,-1,,,
4,149,35369,3,22,19,4,0.21757403016090393,0.21690712869167328,0.0006669014692306519,2,0.1330772191286087,0.1330772191286087,2.9239988327026367,-1,,,
4,150,35370,3,22,19,19,0.20597566664218903,0.20597566664218903,0.0,1,0.12577654421329498,0.12577654421329498,2.9584903717041016,-1,,,
4,151,35371,3,22,19,19,0.1910373866558075,0.1910373866558075,0.0,1,0.10730551928281784,0.10730551928281784,2.9834818840026855,-1,,,
4,152,35372,3,22,19,19,0.17444470524787903,0.17444470524787903,0.0,1,0.10881774127483368,0.10881774127483368,2.9839279651641846,-1,,,
4,153,35373,3,22,19,19,0.15408635139465332,0.15408635139465332,0.0,1,0.1305733025074005,0.1305733025074005,2.921638250350952,-1,,,
4,154,35374,3,22,19,19,0.13366679847240448,0.13366679847240448,0.0,1,0.13202831149101257,0.13202831149101257,2.9343559741973877,-1,,,
4,155,35375,3,22,19,19,0.11886591464281082,0.11886591464281082,0.0,1,0.10484839230775833,0.10484839230775833,2.99330997467041,-1,,,
4,156,35376,3,22,19,19,0.11370505392551422,0.11370505392551422,0.0,1,0.10455389320850372,0.10455389320850372,2.991276502609253,-1,,,
4,157,35377,3,22,19,19,0.11377348005771637,0.11377348005771637,0.0,1,0.10553272813558578,0.10553272813558578,2.9867424964904785,-1,,,
4,158,35378,3,22,19,19,0.11374665796756744,0.11374665796756744,0.0,1,0.1055353507399559,0.1055353507399559,2.987131357192993,-1,,,
4,159,35379,3,22,19,19,0.11269806325435638,0.11269806325435638,0.0,1,0.12018262594938278,0.12018262594938278,2.967668056488037,-1,,,
4,160,35380,3,22,19,19,0.11241500079631805,0.11241500079631805,0.0,1,0.12139669805765152,0.12139669805765152,2.962550163269043,-1,,,
4,161,35381,3,22,19,19,0.11320751905441284,0.11320751905441284,0.0,1,0.12211921066045761,0.12211921066045761,2.9646356105804443,-1,,,
4,162,35382,3,22,19,14,0.12018167972564697,0.11526826024055481,0.004913419485092163,2,0.12152254581451416,0.12152254581451416,2.964623212814331,-1,,,
4,163,35383,3,22,19,19,0.12721048295497894,0.12721048295497894,0.0,1,0.1258428692817688,0.1258428692817688,2.951071262359619,-1,,,
4,164,35384,3,22,19,14,0.13510069251060486,0.12765002250671387,0.007450670003890991,2,0.1236339658498764,0.1236339658498764,2.958893060684204,-1,,,
4,165,35385,3,22,19,14,0.14545202255249023,0.13690993189811707,0.008542090654373169,2,0.11420834809541702,0.11420834809541702,2.984203338623047,-1,,,
4,166,35386,3,22,19,14,0.15800562500953674,0.1450914889574051,0.012914136052131653,3,0.1276804357767105,0.1276804357767105,2.9285354614257812,-1,,,
4,167,35387,3,22,19,14,0.17417041957378387,0.1712649166584015,0.0029055029153823853,2,0.12525540590286255,0.12525540590286255,2.9244391918182373,-1,,,
4,168,35388,3,22,19,14,0.19272390007972717,0.18589997291564941,0.006823927164077759,4,0.12583965063095093,0.12583965063095093,2.934889078140259,-1,,,
4,169,35389,3,22,19,14,0.21346020698547363,0.19884054362773895,0.01461966335773468,6,0.12489993125200272,0.12489993125200272,2.9248952865600586,-1,,,
4,170,35390,3,22,19,1,0.22777661681175232,0.21905876696109772,0.008717849850654602,6,0.12513367831707,0.12513367831707,2.918048858642578,-1,,,
4,171,35391,3,22,19,17,0.250716894865036,0.2407066375017166,0.010010257363319397,6,0.13160008192062378,0.13160008192062378,2.925910234451294,-1,,,
4,172,35392,3,22,19,14,0.27168411016464233,0.2655796408653259,0.006104469299316406,5,0.12583036720752716,0.12583036720752716,2.9198012351989746,-1,,,
4,173,35393,3,22,19,14,0.28997671604156494,0.2755270004272461,0.014449715614318848,6,0.12491682916879654,0.12491682916879654,2.9196786880493164,-1,,,
4,174,35394,3,22,19,3,0.3067593574523926,0.28469735383987427,0.02206200361251831,7,0.12612032890319824,0.12612032890319824,2.9203450679779053,-1,,,
4,175,35395,3,22,19,3,0.32554855942726135,0.28507059812545776,0.04047796130180359,7,0.12267491966485977,0.12267491966485977,2.925339698791504,-1,,,
4,176,35396,3,22,19,12,0.34540441632270813,0.2922469675540924,0.05315744876861572,8,0.11949996650218964,0.11949996650218964,2.925036907196045,-1,,,
4,177,35397,3,22,19,3,0.3649056851863861,0.30307525396347046,0.06183043122291565,8,0.12138350307941437,0.12138350307941437,2.926172971725464,-1,,,
4,178,35398,0,22,19,3,0.3868480324745178,0.3246850371360779,0.06216299533843994,9,0.12179182469844818,0.12179182469844818,2.924394130706787,-1,,,
4,179,35399,0,22,19,3,0.39539504051208496,0.3373372256755829,0.058057814836502075,11,0.11760737001895905,0.11760737001895905,2.9286344051361084,-1,,,
4,180,35400,0,22,19,2,0.3993814289569855,0.352090060710907,0.04729136824607849,14,0.11628450453281403,0.11628450453281403,2.9348552227020264,-1,,,
4,181,35401,0,22,19,2,0.40166598558425903,0.33599653840065,0.06566944718360901,15,0.11694496124982834,0.11694496124982834,2.935124158859253,-1,,,
4,182,35402,0,22,19,2,0.3998143672943115,0.3367046117782593,0.06310975551605225,13,0.11514736711978912,0.11514736711978912,2.971741199493408,-1,,,
4,183,35403,0,22,19,13,0.4409397542476654,0.35613012313842773,0.08480963110923767,16,0.11360163241624832,0.11360163241624832,2.957270860671997,-1,,,
4,184,35404,0,22,19,13,0.47430405020713806,0.35967037081718445,0.11463367938995361,15,0.11477332562208176,0.11477332562208176,2.964240074157715,-1,,,
4,185,35405,0,22,19,13,0.4912692904472351,0.3671346604824066,0.12413462996482849,15,0.11661612242460251,0.11661612242460251,2.969038963317871,-1,,,
4,186,35406,0,22,19,13,0.49437764286994934,0.38286280632019043,0.11151483654975891,15,0.11580204963684082,0.11580204963684082,2.9673004150390625,-1,,,
4,187,35407,0,22,19,12,0.5225368142127991,0.3904004693031311,0.13213634490966797,16,0.11717452853918076,0.11717452853918076,2.9854588508605957,-1,,,
4,188,35408,0,22,19,13,0.5701359510421753,0.4137665927410126,0.15636935830116272,16,0.10454154014587402,0.10454154014587402,3.0108888149261475,-1,,,
4,189,35409,0,22,19,16,0.6265006065368652,0.4525759220123291,0.17392468452453613,16,0.11215731501579285,0.11215731501579285,2.990048885345459,-1,,,
4,190,35410,1,22,19,16,0.7033790349960327,0.5133699774742126,0.19000905752182007,16,0.11376675218343735,0.11376675218343735,2.956676721572876,-1,,,
4,191,35411,1,22,19,21,0.7436870336532593,0.5434304475784302,0.2002565860748291,15,0.11343222856521606,0.11343222856521606,2.993335247039795,-1,,,
4,192,35412,1,22,19,21,0.7748994827270508,0.5735478401184082,0.20135164260864258,15,0.10678838938474655,0.10678838938474655,3.0083093643188477,-1,,,
4,193,35413,1,22,19,21,0.8189800977706909,0.6284409165382385,0.1905391812324524,13,0.11609411984682083,0.11609411984682083,2.984931707382202,-1,,,
4,194,35414,1,22,19,20,0.8649218082427979,0.710742712020874,0.15417909622192383,12,0.10571414977312088,0.10571414977312088,3.008723497390747,-1,,,
4,195,35415,1,22,19,20,0.8712112903594971,0.7795041799545288,0.09170711040496826,12,0.1048649325966835,0.1048649325966835,3.010363817214966,-1,,,
4,196,35416,1,22,19,20,0.8490110635757446,0.8230030536651611,0.026008009910583496,6,0.12723584473133087,0.12723584473133087,2.9535646438598633,-1,,,
4,197,35417,1,22,19,19,0.8151230216026306,0.8151230216026306,0.0,1,0.10873708873987198,0.10873708873987198,2.998011350631714,-1,,,
4,198,35418,1,22,16,19,0.7894853949546814,0.7550035715103149,0.034481823444366455,5,0.08784648030996323,0.08784648030996323,3.0016324520111084,-1,,,
4,199,35419,1,1,16,16,0.7195443511009216,0.7195443511009216,0.0,1,1.0,1.0,-0.0,-1,,,
4,200,35420,1,1,16,16,0.6610285043716431,0.6610285043716431,0.0,1,1.0,1.0,-0.0,-1,,,
4,201,35421,1,1,16,16,0.6022380590438843,0.6022380590438843,0.0,1,1.0,1.0,-0.0,-1,,,
4,202,35422,1,1,16,16,0.5481934547424316,0.5481934547424316,0.0,1,1.0,1.0,-0.0,-1,,,
4,203,35423,1,1,16,16,0.5006378889083862,0.5006378889083862,0.0,1,1.0,1.0,-0.0,-1,,,
4,204,35424,1,22,0,17,0.4967537522315979,0.2592885494232178,0.23746520280838013,18,0.15290187299251556,0.15290187299251556,2.809422254562378,-1,,,
4,205,35425,1,1,0,0,0.45809394121170044,0.45809394121170044,0.0,1,1.0,1.0,-0.0,-1,,,
4,206,35426,1,1,0,0,0.42610716819763184,0.42610716819763184,0.0,1,1.0,1.0,-0.0,-1,,,
4,207,35427,1,1,0,0,0.40783587098121643,0.40783587098121643,0.0,1,1.0,1.0,-0.0,-1,,,
4,208,35428,1,1,0,0,0.39110779762268066,0.39110779762268066,0.0,1,1.0,1.0,-0.0,-1,,,
4,209,35429,1,1,0,0,0.3724433481693268,0.3724433481693268,0.0,1,1.0,1.0,-0.0,-1,,,
4,210,35430,1,22,0,14,0.3559165894985199,0.14668045938014984,0.20923613011837006,18,0.24235837161540985,0.24235837161540985,2.6667301654815674,-1,,,
4,211,35431,1,22,0,14,0.34558624029159546,0.14195303618907928,0.20363320410251617,18,0.2441740185022354,0.2441740185022354,2.672215700149536,-1,,,
4,212,35432,1,22,0,14,0.33920818567276,0.14370231330394745,0.19550587236881256,18,0.25084710121154785,0.25084710121154785,2.6504809856414795,-1,,,
4,213,35433,1,22,0,14,0.3385508358478546,0.14865753054618835,0.18989330530166626,18,0.21971942484378815,0.21971942484378815,2.7142717838287354,-1,,,
4,214,35434,1,22,0,14,0.339399129152298,0.1559695452451706,0.18342958390712738,18,0.2326011210680008,0.2326011210680008,2.679074764251709,-1,,,
4,215,35435,1,22,0,14,0.34159186482429504,0.14517606794834137,0.19641579687595367,18,0.2496538758277893,0.2496538758277893,2.651050567626953,-1,,,
4,216,35436,1,22,0,14,0.3454250395298004,0.14016014337539673,0.2052648961544037,19,0.2595742344856262,0.2595742344856262,2.6297922134399414,-1,,,
4,217,35437,1,22,0,14,0.3496320843696594,0.14402447640895844,0.205607607960701,19,0.2539052665233612,0.2539052665233612,2.642050266265869,-1,,,
4,218,35438,1,22,0,14,0.35406917333602905,0.14234155416488647,0.21172761917114258,19,0.25443339347839355,0.25443339347839355,2.635561466217041,-1,,,
4,219,35439,1,22,0,14,0.358476847410202,0.14375272393226624,0.2147241234779358,19,0.26298075914382935,0.26298075914382935,2.6173338890075684,-1,,,
4,220,35440,1,22,0,14,0.3626500964164734,0.1466512233018875,0.21599887311458588,19,0.23710046708583832,0.23710046708583832,2.6728250980377197,-1,,,
4,221,35441,1,22,0,14,0.36370331048965454,0.13935407996177673,0.2243492305278778,19,0.22300685942173004,0.22300685942173004,2.68536376953125,-1,,,
4,222,35442,1,22,0,12,0.36439213156700134,0.13250578939914703,0.2318863421678543,19,0.2659080922603607,0.2659080922603607,2.606919288635254,-1,,,
4,223,35443,1,22,0,12,0.3648027777671814,0.12168571352958679,0.2431170642375946,19,0.24181713163852692,0.24181713163852692,2.679197311401367,-1,,,
4,224,35444,1,22,0,12,0.36523711681365967,0.11065932363271713,0.25457779318094254,19,0.27433374524116516,0.27433374524116516,2.590980052947998,-1,,,
4,225,35445,1,22,0,12,0.36619824171066284,0.12356927990913391,0.24262896180152893,19,0.2586407959461212,0.2586407959461212,2.620483636856079,-1,,,
4,226,35446,1,22,0,12,0.36710676550865173,0.11839885264635086,0.24870791286230087,20,0.2581750452518463,0.2581750452518463,2.624415874481201,-1,,,
4,227,35447,1,22,0,1,0.36790958046913147,0.11879260092973709,0.24911697953939438,20,0.2705962657928467,0.2705962657928467,2.605426073074341,-1,,,
4,228,35448,1,22,0,3,0.3628228008747101,0.13034087419509888,0.2324819266796112,20,0.22770988941192627,0.22770988941192627,2.721792221069336,-1,,,
4,229,35449,1,22,0,3,0.35756659507751465,0.14916004240512848,0.20840655267238617,21,0.16297999024391174,0.16297999024391174,2.8668816089630127,-1,,,
4,230,35450,1,22,0,3,0.3521498143672943,0.1619199961423874,0.19022981822490692,21,0.1789138913154602,0.1789138913154602,2.8365373611450195,-1,,,
4,231,35451,1,22,0,3,0.34678953886032104,0.18736866116523743,0.15942087769508362,22,0.23474423587322235,0.23474423587322235,2.706228017807007,-1,,,
4,232,35452,1,22,0,19,0.34154391288757324,0.18714046478271484,0.1544034481048584,22,0.24791252613067627,0.24791252613067627,2.6724092960357666,-1,,,
4,233,35453,1,22,0,19,0.3363465964794159,0.17639915645122528,0.1599474400281906,21,0.15435254573822021,0.15435254573822021,2.883950710296631,-1,,,
4,234,35454,1,22,0,19,0.33166220784187317,0.17158351838588715,0.16007868945598602,21,0.14633989334106445,0.14633989334106445,2.9006388187408447,-1,,,
4,235,35455,0,22,0,19,0.3277413547039032,0.16735787689685822,0.16038347780704498,21,0.1546565294265747,0.1546565294265747,2.879964828491211,-1,,,
4,236,35456,0,22,0,19,0.3306209444999695,0.16256210207939148,0.168058842420578,21,0.16247621178627014,0.16247621178627014,2.864428758621216,-1,,,
4,237,35457,0,22,0,19,0.33493855595588684,0.16101594269275665,0.1739226132631302,21,0.15733803808689117,0.15733803808689117,2.8762993812561035,-1,,,
4,238,35458,0,22,0,19,0.34012484550476074,0.16088467836380005,0.1792401671409607,21,0.15026262402534485,0.15026262402534485,2.8897335529327393,-1,,,
4,239,35459,0,22,0,3,0.3459041714668274,0.16364823281764984,0.18225593864917755,21,0.14748217165470123,0.14748217165470123,2.8994359970092773,-1,,,
4,240,35460,0,22,0,3,0.345788836479187,0.15101315081119537,0.19477568566799164,22,0.13748885691165924,0.13748885691165924,2.9238717555999756,-1,,,
4,241,35461,0,22,0,5,0.34540754556655884,0.14352284371852875,0.2018847018480301,22,0.13748860359191895,0.13748860359191895,2.925873041152954,-1,,,
4,242,35462,0,22,0,1,0.34611520171165466,0.134076327085495,0.21203887462615967,22,0.1033674031496048,0.1033674031496048,2.994352340698242,-1,,,
4,243,35463,0,22,4,1,0.1662963181734085,0.13217605650424957,0.034120261669158936,8,0.07399097830057144,0.07399097830057144,3.040261745452881,-1,,,
4,244,35464,0,1,4,4,0.1736668050289154,0.1736668050289154,0.0,1,1.0,1.0,-0.0,-1,,,
4,245,35465,0,1,4,4,0.1816723495721817,0.1816723495721817,0.0,1,1.0,1.0,-0.0,-1,,,
4,246,35466,0,1,4,4,0.17840926349163055,0.17840926349163055,0.0,1,1.0,1.0,-0.0,-1,,,
4,247,35467,2,1,4,4,0.17539982497692108,0.17539982497692108,0.0,1,1.0,1.0,-0.0,-1,,,
4,248,35468,2,1,4,4,0.18745994567871094,0.18745994567871094,0.0,1,1.0,1.0,-0.0,-1,,,
4,249,35469,2,22,19,18,0.13529044389724731,0.13177740573883057,0.003513038158416748,3,0.09444001317024231,0.09444001317024231,2.959711790084839,-1,,,
4,250,35470,2,1,19,19,0.12850500643253326,0.12850500643253326,0.0,1,1.0,1.0,-0.0,-1,,,
4,251,35471,2,1,19,19,0.12432991713285446,0.12432991713285446,0.0,1,1.0,1.0,-0.0,-1,,,
4,252,35472,2,1,19,19,0.19103136658668518,0.19103136658668518,0.0,1,1.0,1.0,-0.0,-1,,,
4,253,35473,2,1,19,19,0.2734549641609192,0.2734549641609192,0.0,1,1.0,1.0,-0.0,-1,,,
4,254,35474,2,1,19,19,0.36546528339385986,0.36546528339385986,0.0,1,1.0,1.0,-0.0,-1,,,
4,255,35475,2,22,19,3,0.46020716428756714,0.3866383731365204,0.07356879115104675,20,0.09589646011590958,0.09589646011590958,3.0264766216278076,-1,,,
4,256,35476,2,22,19,3,0.6138221025466919,0.5176491141319275,0.0961729884147644,20,0.10006310045719147,0.10006310045719147,3.0206637382507324,-1,,,
4,257,35477,2,22,19,5,0.7654352784156799,0.6525528430938721,0.11288243532180786,18,0.11032119393348694,0.11032119393348694,2.9923250675201416,-1,,,
4,258,35478,2,22,19,5,0.9127730131149292,0.796874463558197,0.11589854955673218,19,0.10866671800613403,0.10866671800613403,3.0002024173736572,-1,,,
4,259,35479,2,22,19,3,1.0523130893707275,0.9415470361709595,0.11076605319976807,19,0.10666386783123016,0.10666386783123016,2.9953150749206543,-1,,,
4,260,35480,2,22,19,3,1.0398738384246826,0.9490324854850769,0.09084135293960571,18,0.12244340032339096,0.12244340032339096,2.9406495094299316,-1,,,
4,261,35481,2,22,19,3,1.0189082622528076,0.9397293925285339,0.07917886972427368,18,0.12409015744924545,0.12409015744924545,2.961014986038208,-1,,,
4,262,35482,2,22,19,3,0.984673261642456,0.9275187849998474,0.05715447664260864,17,0.11296743899583817,0.11296743899583817,2.9963254928588867,-1,,,
4,263,35483,2,22,19,12,0.9478367567062378,0.9117892384529114,0.036047518253326416,14,0.12226025760173798,0.12226025760173798,2.9649817943573,-1,,,
4,264,35484,2,22,19,1,0.8249928951263428,0.7762634754180908,0.04872941970825195,18,0.11535998433828354,0.11535998433828354,2.9874725341796875,-1,,,
4,265,35485,2,22,19,12,0.6856791973114014,0.6387264132499695,0.046952784061431885,16,0.12386136502027512,0.12386136502027512,2.963829278945923,-1,,,
4,266,35486,2,22,19,12,0.5542773604393005,0.512591540813446,0.04168581962585449,16,0.12605179846286774,0.12605179846286774,2.929877758026123,-1,,,
4,267,35487,2,22,19,14,0.4235175549983978,0.38755494356155396,0.03596261143684387,16,0.1239965409040451,0.1239965409040451,2.916395664215088,-1,,,
4,268,35488,2,22,19,17,0.3685832619667053,0.36688104271888733,0.0017022192478179932,2,0.12053468078374863,0.12053468078374863,2.9735913276672363,-1,,,
4,269,35489,2,22,19,19,0.30602186918258667,0.30602186918258667,0.0,1,0.11424225568771362,0.11424225568771362,2.989645481109619,-1,,,
4,270,35490,2,22,19,10,0.250102162361145,0.23744924366474152,0.012652918696403503,3,0.1278458535671234,0.1278458535671234,2.9484291076660156,-1,,,
4,271,35491,2,22,19,1,0.20280112326145172,0.151115283370018,0.051685839891433716,19,0.1294245570898056,0.1294245570898056,2.931662082672119,-1,,,
4,272,35492,2,22,19,18,0.18579405546188354,0.17953288555145264,0.006261169910430908,3,0.12279008328914642,0.12279008328914642,2.96004319190979,-1,,,
4,273,35493,2,22,19,3,0.18762636184692383,0.16016484797000885,0.027461513876914978,19,0.12030729651451111,0.12030729651451111,2.9707553386688232,-1,,,
4,274,35494,2,22,19,1,0.1786927729845047,0.1482883244752884,0.03040444850921631,19,0.129375621676445,0.129375621676445,2.936718463897705,-1,,,
4,275,35495,2,22,19,5,0.17526501417160034,0.14483642578125,0.030428588390350342,18,0.11500976234674454,0.11500976234674454,2.9882044792175293,-1,,,
4,276,35496,2,22,19,10,0.18362154066562653,0.16534523665905,0.018276304006576538,13,0.12521789968013763,0.12521789968013763,2.923440456390381,-1,,,
4,277,35497,2,22,19,8,0.19699373841285706,0.15557248890399933,0.04142124950885773,19,0.11286714673042297,0.11286714673042297,2.983065128326416,-1,,,
4,278,35498,2,22,19,8,0.20704549551010132,0.1626124233007431,0.044433072209358215,20,0.11213681846857071,0.11213681846857071,2.9882419109344482,-1,,,
4,279,35499,2,22,19,5,0.20720943808555603,0.1633082926273346,0.043901145458221436,20,0.10053864866495132,0.10053864866495132,3.0182669162750244,-1,,,
4,280,35500,2,22,19,4,0.21181026101112366,0.16921472549438477,0.04259553551673889,21,0.11958032846450806,0.11958032846450806,2.951930284500122,-1,,,
4,281,35501,2,22,19,4,0.21629978716373444,0.1742788404226303,0.042020946741104126,20,0.12512415647506714,0.12512415647506714,2.9298620223999023,-1,,,
4,282,35502,2,22,19,14,0.2212422639131546,0.18220627307891846,0.039035990834236145,15,0.10500498861074448,0.10500498861074448,2.9980344772338867,-1,,,
4,283,35503,2,22,19,14,0.22260743379592896,0.18631047010421753,0.036296963691711426,15,0.10824835300445557,0.10824835300445557,2.996981143951416,-1,,,
4,284,35504,2,22,19,14,0.20432151854038239,0.17267833650112152,0.031643182039260864,10,0.11884182691574097,0.11884182691574097,2.969273090362549,-1,,,
4,285,35505,2,22,19,14,0.1809176653623581,0.16196948289871216,0.018948182463645935,4,0.12621451914310455,0.12621451914310455,2.9507217407226562,-1,,,
4,286,35506,2,22,19,14,0.19129157066345215,0.1815275102853775,0.009764060378074646,3,0.12260383367538452,0.12260383367538452,2.9227774143218994,-1,,,
4,287,35507,2,22,19,19,0.208234041929245,0.208234041929245,0.0,1,0.11814549565315247,0.11814549565315247,2.911958694458008,-1,,,
4,288,35508,2,22,19,21,0.22361920773983002,0.2163071483373642,0.00731205940246582,4,0.12654365599155426,0.12654365599155426,2.9406192302703857,-1,,,
4,289,35509,2,22,19,16,0.24120070040225983,0.23126021027565002,0.009940490126609802,4,0.12843109667301178,0.12843109667301178,2.9371776580810547,-1,,,
4,290,35510,2,22,19,16,0.2691119313240051,0.2527593672275543,0.016352564096450806,4,0.12482378631830215,0.12482378631830215,2.923086643218994,-1,,,
4,291,35511,2,22,19,18,0.2988571524620056,0.2806033194065094,0.018253833055496216,4,0.12152791023254395,0.12152791023254395,2.9171981811523438,-1,,,
4,292,35512,2,22,19,18,0.344682514667511,0.33306726813316345,0.011615246534347534,2,0.12251435965299606,0.12251435965299606,2.9166314601898193,-1,,,
4,293,35513,0,22,19,3,0.3968943655490875,0.35376694798469543,0.04312741756439209,9,0.12760962545871735,0.12760962545871735,2.920435667037964,-1,,,
4,294,35514,0,22,19,3,0.4210788607597351,0.381824254989624,0.039254605770111084,8,0.12494314461946487,0.12494314461946487,2.923752784729004,-1,,,
4,295,35515,0,22,19,3,0.44603386521339417,0.3748936951160431,0.07114017009735107,8,0.12448512017726898,0.12448512017726898,2.9195141792297363,-1,,,
4,296,35516,0,22,19,3,0.4716827869415283,0.4104323089122772,0.0612504780292511,8,0.12247290462255478,0.12247290462255478,2.91874361038208,-1,,,
4,297,35517,0,22,19,3,0.49982750415802,0.4147529900074005,0.0850745141506195,8,0.1249462440609932,0.1249462440609932,2.9231693744659424,-1,,,
4,298,35518,0,22,19,3,0.5221489071846008,0.4560927748680115,0.06605613231658936,8,0.11939404159784317,0.11939404159784317,2.917069435119629,-1,,,
4,299,35519,0,22,19,3,0.5444357991218567,0.4601018726825714,0.08433392643928528,9,0.12448612600564957,0.12448612600564957,2.946223735809326,-1,,,
4,300,35520,0,22,19,3,0.562463104724884,0.49764108657836914,0.06482201814651489,9,0.12236551195383072,0.12236551195383072,2.958139419555664,-1,,,
4,301,35521,0,22,19,12,0.5785341858863831,0.4757656753063202,0.10276851058006287,10,0.1224483773112297,0.1224483773112297,2.946810722351074,-1,,,
4,302,35522,0,22,19,13,0.5915861129760742,0.48097872734069824,0.11060738563537598,12,0.11705201119184494,0.11705201119184494,2.9753923416137695,-1,,,
4,303,35523,0,22,19,13,0.602754533290863,0.4593351185321808,0.14341941475868225,15,0.10986843705177307,0.10986843705177307,2.9872727394104004,-1,,,
4,304,35524,0,22,19,11,0.6076634526252747,0.47821998596191406,0.1294434666633606,16,0.1076149120926857,0.1076149120926857,2.9921345710754395,-1,,,
4,305,35525,0,22,19,18,0.6047317981719971,0.49163922667503357,0.1130925714969635,16,0.12214313447475433,0.12214313447475433,2.9550955295562744,-1,,,
4,306,35526,0,22,19,18,0.5999422073364258,0.44817423820495605,0.15176796913146973,19,0.1239049956202507,0.1239049956202507,2.9462950229644775,-1,,,
4,307,35527,3,22,19,0,0.592378556728363,0.435916006565094,0.15646255016326904,16,0.11673423647880554,0.11673423647880554,2.9794647693634033,-1,,,
4,308,35528,3,22,19,20,0.5782372951507568,0.4207852780818939,0.15745201706886292,13,0.12292946130037308,0.12292946130037308,2.9349958896636963,-1,,,
4,309,35529,3,22,19,20,0.5606383681297302,0.4126954674720764,0.1479429006576538,13,0.12507662177085876,0.12507662177085876,2.9590132236480713,-1,,,
4,310,35530,3,22,19,7,0.5492793917655945,0.39582833647727966,0.15345105528831482,14,0.10502288490533829,0.10502288490533829,2.9928293228149414,-1,,,
4,311,35531,3,22,19,7,0.5275682210922241,0.3666619658470154,0.16090625524520874,14,0.10744423419237137,0.10744423419237137,2.9915788173675537,-1,,,
4,312,35532,3,22,19,7,0.5014886856079102,0.3675755560398102,0.13391312956809998,14,0.12610356509685516,0.12610356509685516,2.9390759468078613,-1,,,
4,313,35533,3,22,19,17,0.47760412096977234,0.3555111885070801,0.12209293246269226,12,0.1288384050130844,0.1288384050130844,2.9419403076171875,-1,,,
4,314,35534,3,22,19,17,0.43938636779785156,0.33373314142227173,0.10565322637557983,11,0.12512080371379852,0.12512080371379852,2.9479660987854004,-1,,,
4,315,35535,3,22,19,17,0.41504207253456116,0.30101028084754944,0.11403179168701172,11,0.13121049106121063,0.13121049106121063,2.933260440826416,-1,,,
4,316,35536,3,22,19,10,0.398712158203125,0.2903214693069458,0.1083906888961792,12,0.12436555325984955,0.12436555325984955,2.9641268253326416,-1,,,
4,317,35537,3,22,19,17,0.38274702429771423,0.2704398036003113,0.11230722069740295,11,0.13251784443855286,0.13251784443855286,2.9439785480499268,-1,,,
4,318,35538,3,22,19,17,0.34982794523239136,0.26027587056159973,0.08955207467079163,9,0.12766489386558533,0.12766489386558533,2.957656145095825,-1,,,
4,319,35539,3,22,19,15,0.32614314556121826,0.24040964245796204,0.08573350310325623,13,0.12535303831100464,0.12535303831100464,2.962031126022339,-1,,,
4,320,35540,3,22,19,15,0.3077744245529175,0.22204744815826416,0.08572697639465332,14,0.10178910940885544,0.10178910940885544,2.9952447414398193,-1,,,
4,321,35541,3,22,19,15,0.29909271001815796,0.22266967594623566,0.0764230340719223,16,0.12952394783496857,0.12952394783496857,2.939939498901367,-1,,,
4,322,35542,3,22,19,13,0.3091081380844116,0.23548415303230286,0.07362398505210876,20,0.11857614666223526,0.11857614666223526,2.974714517593384,-1,,,
4,323,35543,3,22,19,8,0.3189510107040405,0.24093933403491974,0.07801167666912079,20,0.12049071490764618,0.12049071490764618,2.971987724304199,-1,,,
4,324,35544,3,22,19,9,0.3298614025115967,0.2662571370601654,0.06360426545143127,19,0.12065267562866211,0.12065267562866211,2.9715301990509033,-1,,,
4,325,35545,3,22,19,9,0.3500341475009918,0.28446733951568604,0.06556680798530579,19,0.12777534127235413,0.12777534127235413,2.943612575531006,-1,,,
4,326,35546,3,22,19,9,0.3841682970523834,0.3235430419445038,0.06062525510787964,18,0.10996906459331512,0.10996906459331512,2.9864766597747803,-1,,,
4,327,35547,3,22,19,2,0.42624935507774353,0.3663283586502075,0.05992099642753601,17,0.1162177100777626,0.1162177100777626,2.97993540763855,-1,,,
4,328,35548,3,22,19,2,0.47557878494262695,0.4170110523700714,0.05856773257255554,16,0.10296767950057983,0.10296767950057983,2.9958362579345703,-1,,,
4,329,35549,3,22,19,9,0.5175197720527649,0.45596468448638916,0.06155508756637573,20,0.1148713007569313,0.1148713007569313,2.982856512069702,-1,,,
4,330,35550,3,22,19,13,0.5591937899589539,0.4517473876476288,0.10744640231132507,19,0.11337751150131226,0.11337751150131226,2.9860939979553223,-1,,,
4,331,35551,3,22,19,11,0.5830301642417908,0.4618091285228729,0.12122103571891785,17,0.10113605856895447,0.10113605856895447,3.001720428466797,-1,,,
4,332,35552,3,22,19,11,0.6125501990318298,0.46433842182159424,0.1482117772102356,15,0.09703280031681061,0.09703280031681061,3.0013926029205322,-1,,,
4,333,35553,3,22,19,11,0.6318853497505188,0.49169519543647766,0.14019015431404114,15,0.10784031450748444,0.10784031450748444,2.9891791343688965,-1,,,
4,334,35554,3,22,19,11,0.6468703150749207,0.49859756231307983,0.14827275276184082,15,0.11963408440351486,0.11963408440351486,2.9722485542297363,-1,,,
4,335,35555,3,22,19,11,0.6505760550498962,0.5098186731338501,0.14075738191604614,15,0.11527274549007416,0.11527274549007416,2.9823505878448486,-1,,,
4,336,35556,3,22,19,11,0.6475186347961426,0.5123250484466553,0.1351935863494873,12,0.12546034157276154,0.12546034157276154,2.959594964981079,-1,,,
4,337,35557,3,22,19,11,0.6380389332771301,0.5091280341148376,0.12891089916229248,11,0.1207791417837143,0.1207791417837143,2.968695640563965,-1,,,
4,338,35558,3,22,19,15,0.6224568486213684,0.5028718113899231,0.11958503723144531,9,0.12342189252376556,0.12342189252376556,2.9598889350891113,-1,,,
4,339,35559,3,22,19,15,0.6118695735931396,0.5080627202987671,0.10380685329437256,10,0.1282082349061966,0.1282082349061966,2.9558918476104736,-1,,,
4,340,35560,3,22,19,15,0.5840537548065186,0.5189685821533203,0.06508517265319824,10,0.11626377701759338,0.11626377701759338,2.9788670539855957,-1,,,
4,341,35561,3,22,19,11,0.555946946144104,0.5099695324897766,0.04597741365432739,9,0.1198435053229332,0.1198435053229332,2.9740145206451416,-1,,,
4,342,35562,3,22,19,16,0.5226523280143738,0.48050034046173096,0.04215198755264282,9,0.1304430067539215,0.1304430067539215,2.9475018978118896,-1,,,
4,343,35563,3,22,19,15,0.48322850465774536,0.45552754402160645,0.027700960636138916,6,0.10859528928995132,0.10859528928995132,2.9886860847473145,-1,,,
4,344,35564,3,22,19,11,0.43623408675193787,0.4119458496570587,0.02428823709487915,5,0.09692181646823883,0.09692181646823883,2.9972739219665527,-1,,,
4,345,35565,3,22,19,16,0.3929273784160614,0.35552823543548584,0.03739914298057556,5,0.09802111983299255,0.09802111983299255,2.99690580368042,-1,,,
4,346,35566,3,22,19,16,0.3517468273639679,0.29253220558166504,0.059214621782302856,5,0.11476892977952957,0.11476892977952957,2.982910394668579,-1,,,
4,347,35567,3,22,19,16,0.31090861558914185,0.2784207761287689,0.032487839460372925,5,0.1148441731929779,0.1148441731929779,2.984978199005127,-1,,,
4,348,35568,3,22,19,16,0.2845660150051117,0.274301141500473,0.010264873504638672,3,0.10579810291528702,0.10579810291528702,2.995656967163086,-1,,,
4,349,35569,3,22,19,16,0.260618656873703,0.2353164702653885,0.025302186608314514,5,0.09624887257814407,0.09624887257814407,2.9994406700134277,-1,,,
4,350,35570,3,22,19,16,0.25135624408721924,0.19940438866615295,0.051951855421066284,7,0.09602399915456772,0.09602399915456772,2.995241403579712,-1,,,
4,351,35571,3,22,19,16,0.25230497121810913,0.1819249838590622,0.07037998735904694,12,0.1102195531129837,0.1102195531129837,2.990053176879883,-1,,,
4,352,35572,3,22,19,16,0.2529139816761017,0.1797332465648651,0.07318073511123657,12,0.12274706363677979,0.12274706363677979,2.948716878890991,-1,,,
4,353,35573,3,22,19,21,0.24665433168411255,0.15720103681087494,0.08945329487323761,15,0.11202911287546158,0.11202911287546158,2.9905858039855957,-1,,,
4,354,35574,3,22,19,21,0.24351651966571808,0.1502206176519394,0.09329590201377869,16,0.12017173320055008,0.12017173320055008,2.973979949951172,-1,,,
4,355,35575,3,22,19,11,0.24547113478183746,0.17095890641212463,0.07451222836971283,16,0.11819647252559662,0.11819647252559662,2.9749324321746826,-1,,,
4,356,35576,3,22,19,11,0.24232560396194458,0.19645678997039795,0.04586881399154663,10,0.12072418630123138,0.12072418630123138,2.9651286602020264,-1,,,
4,357,35577,3,22,19,11,0.23981860280036926,0.19676198065280914,0.04305662214756012,6,0.12406843155622482,0.12406843155622482,2.9558680057525635,-1,,,
4,358,35578,3,22,19,14,0.2284674048423767,0.2168586701154709,0.011608734726905823,2,0.12153477221727371,0.12153477221727371,2.951622486114502,-1,,,
4,359,35579,3,22,19,19,0.21850943565368652,0.21850943565368652,0.0,1,0.12418577820062637,0.12418577820062637,2.964099884033203,-1,,,
4,360,35580,3,22,19,18,0.2207523137331009,0.21603620052337646,0.004716113209724426,2,0.12707340717315674,0.12707340717315674,2.950345039367676,-1,,,
4,361,35581,3,22,19,19,0.22965018451213837,0.22965018451213837,0.0,1,0.1203370913863182,0.1203370913863182,2.941951036453247,-1,,,
4,362,35582,3,22,19,19,0.23874783515930176,0.23874783515930176,0.0,1,0.1147909164428711,0.1147909164428711,2.9436850547790527,-1,,,
4,363,35583,3,22,19,19,0.24390766024589539,0.24390766024589539,0.0,1,0.12101264297962189,0.12101264297962189,2.9411540031433105,-1,,,
4,364,35584,3,22,19,19,0.25577354431152344,0.25577354431152344,0.0,1,0.12379904091358185,0.12379904091358185,2.939452886581421,-1,,,
4,365,35585,3,22,19,19,0.2710084617137909,0.2710084617137909,0.0,1,0.12573477625846863,0.12573477625846863,2.939512252807617,-1,,,
4,366,35586,3,22,19,17,0.284095823764801,0.27647075057029724,0.007625073194503784,2,0.12692347168922424,0.12692347168922424,2.938472270965576,-1,,,
4,367,35587,3,22,19,17,0.29396525025367737,0.2772155702114105,0.016749680042266846,4,0.12213736027479172,0.12213736027479172,2.9345803260803223,-1,,,
4,368,35588,3,22,19,13,0.29829850792884827,0.2557629942893982,0.04253551363945007,8,0.122055284678936,0.122055284678936,2.936039447784424,-1,,,
4,369,35589,3,22,19,13,0.3024284839630127,0.24905957281589508,0.053368911147117615,9,0.1215677410364151,0.1215677410364151,2.9315285682678223,-1,,,
4,370,35590,3,22,19,13,0.3067285120487213,0.24999549984931946,0.056733012199401855,11,0.11992085725069046,0.11992085725069046,2.932786226272583,-1,,,
4,371,35591,0,22,19,17,0.3076474368572235,0.2638007402420044,0.043846696615219116,8,0.11803730577230453,0.11803730577230453,2.934764862060547,-1,,,
4,372,35592,0,22,19,17,0.29807236790657043,0.2565406560897827,0.04153171181678772,7,0.12060614675283432,0.12060614675283432,2.932391881942749,-1,,,
4,373,35593,0,22,19,17,0.28466325998306274,0.24464061856269836,0.04002264142036438,6,0.11436636000871658,0.11436636000871658,2.9377317428588867,-1,,,
4,374,35594,0,22,19,17,0.27019932866096497,0.23140960931777954,0.038789719343185425,6,0.1125856563448906,0.1125856563448906,2.9375505447387695,-1,,,
4,375,35595,0,22,19,17,0.2584421932697296,0.22219476103782654,0.036247432231903076,6,0.11300075054168701,0.11300075054168701,2.93404483795166,-1,,,
4,376,35596,0,22,19,17,0.2509601414203644,0.22274404764175415,0.02821609377861023,5,0.11814461648464203,0.11814461648464203,2.9736716747283936,-1,,,
4,377,35597,0,22,19,17,0.24610282480716705,0.21860237419605255,0.027500450611114502,3,0.1125224232673645,0.1125224232673645,2.991102695465088,-1,,,
4,378,35598,0,22,19,17,0.23864692449569702,0.2152738720178604,0.02337305247783661,5,0.11839964240789413,0.11839964240789413,2.960326910018921,-1,,,
4,379,35599,0,22,19,17,0.23496650159358978,0.2068745493888855,0.028091952204704285,5,0.11627860367298126,0.11627860367298126,2.971299409866333,-1,,,
4,380,35600,0,22,19,17,0.23386497795581818,0.2147132009267807,0.019151777029037476,6,0.11546413600444794,0.11546413600444794,2.9867746829986572,-1,,,
4,381,35601,0,22,19,17,0.2312767654657364,0.20659244060516357,0.024684324860572815,6,0.11725972592830658,0.11725972592830658,2.9457645416259766,-1,,,
4,382,35602,0,22,19,17,0.23749569058418274,0.22174569964408875,0.015749990940093994,5,0.11636435985565186,0.11636435985565186,2.9607913494110107,-1,,,
4,383,35603,0,22,19,5,0.244416281580925,0.23260098695755005,0.011815294623374939,10,0.1096891462802887,0.1096891462802887,2.993340015411377,-1,,,
5,0,35609,1,22,0,1,0.31258150935173035,0.1086336299777031,0.20394787937402725,20,0.27645301818847656,0.27645301818847656,2.58024263381958,-1,,,
5,1,35610,1,22,0,1,0.3130592107772827,0.10288997739553452,0.2101692333817482,20,0.24172328412532806,0.24172328412532806,2.670379161834717,-1,,,
5,2,35611,1,22,0,1,0.313564270734787,0.09872404485940933,0.21484022587537766,20,0.24453414976596832,0.24453414976596832,2.6574294567108154,-1,,,
5,3,35612,1,22,0,1,0.31416651606559753,0.09793203324079514,0.2162344828248024,22,0.27733033895492554,0.27733033895492554,2.574242353439331,-1,,,
5,4,35613,1,22,0,1,0.31464293599128723,0.09651186317205429,0.21813107281923294,22,0.2290145307779312,0.2290145307779312,2.710536479949951,-1,,,
5,5,35614,1,22,0,5,0.3148977756500244,0.11100795865058899,0.20388981699943542,22,0.29791098833084106,0.29791098833084106,2.529507637023926,-1,,,
5,6,35615,1,22,0,1,0.315091073513031,0.11686976253986359,0.19822131097316742,22,0.2972838878631592,0.2972838878631592,2.5303289890289307,-1,,,
5,7,35616,1,22,0,5,0.315248966217041,0.12590238451957703,0.189346581697464,22,0.28981807827949524,0.28981807827949524,2.549781322479248,-1,,,
5,8,35617,1,22,0,1,0.31541895866394043,0.13240650296211243,0.183012455701828,22,0.2833693325519562,0.2833693325519562,2.567667007446289,-1,,,
5,9,35618,1,22,0,1,0.315486878156662,0.13307689130306244,0.18240998685359955,22,0.27897909283638,0.27897909283638,2.578613758087158,-1,,,
5,10,35619,1,22,0,1,0.31558141112327576,0.13143613934516907,0.1841452717781067,22,0.22516128420829773,0.22516128420829773,2.7188243865966797,-1,,,
5,11,35620,1,22,0,5,0.3156073987483978,0.11007513105869293,0.2055322676897049,22,0.21999503672122955,0.21999503672122955,2.7372982501983643,-1,,,
5,12,35621,1,22,0,1,0.3157363533973694,0.12142959982156754,0.19430675357580185,22,0.26669180393218994,0.26669180393218994,2.615457057952881,-1,,,
5,13,35622,1,22,0,5,0.3160175383090973,0.11711734533309937,0.19890019297599792,22,0.27200308442115784,0.27200308442115784,2.5996127128601074,-1,,,
5,14,35623,1,22,0,1,0.31630709767341614,0.12111247330904007,0.19519462436437607,22,0.2730042040348053,0.2730042040348053,2.5976667404174805,-1,,,
5,15,35624,1,22,0,1,0.31671884655952454,0.12164708226919174,0.1950717642903328,22,0.2646453380584717,0.2646453380584717,2.618523359298706,-1,,,
5,16,35625,1,22,0,1,0.3170497715473175,0.11818128824234009,0.19886848330497742,22,0.2704862058162689,0.2704862058162689,2.6022613048553467,-1,,,
5,17,35626,1,22,0,5,0.3174809217453003,0.11657565087080002,0.20090527087450027,22,0.27723315358161926,0.27723315358161926,2.585569381713867,-1,,,
5,18,35627,1,22,0,5,0.317892462015152,0.11554038524627686,0.20235207676887512,22,0.25665387511253357,0.25665387511253357,2.643596887588501,-1,,,
5,19,35628,1,22,0,3,0.3183547556400299,0.11738919466733932,0.20096556097269058,22,0.2719218134880066,0.2719218134880066,2.5996408462524414,-1,,,
5,20,35629,1,22,0,4,0.3187316954135895,0.12001781165599823,0.19871388375759125,22,0.2730984687805176,0.2730984687805176,2.5966575145721436,-1,,,
5,21,35630,1,22,0,4,0.31916964054107666,0.12365514039993286,0.1955145001411438,22,0.23901700973510742,0.23901700973510742,2.684408664703369,-1,,,
5,22,35631,1,22,0,4,0.319609671831131,0.12802115082740784,0.19158852100372314,22,0.28985023498535156,0.28985023498535156,2.549410104751587,-1,,,
5,23,35632,1,22,0,4,0.31978482007980347,0.13073956966400146,0.189045250415802,22,0.25896570086479187,0.25896570086479187,2.6349103450775146,-1,,,
5,24,35633,1,22,0,4,0.3199719786643982,0.13551360368728638,0.18445837497711182,22,0.24328991770744324,0.24328991770744324,2.676191806793213,-1,,,
5,25,35634,1,22,0,4,0.32019543647766113,0.13829320669174194,0.1819022297859192,22,0.24297931790351868,0.24297931790351868,2.6765494346618652,-1,,,
5,26,35635,1,22,0,4,0.32029053568840027,0.1368374228477478,0.18345311284065247,22,0.261427104473114,0.261427104473114,2.6291611194610596,-1,,,
5,27,35636,1,22,0,4,0.32027488946914673,0.13909296691417694,0.1811819225549698,22,0.2813124656677246,0.2813124656677246,2.572894811630249,-1,,,
5,28,35637,1,22,0,15,0.3201325535774231,0.13970467448234558,0.18042787909507751,22,0.24642515182495117,0.24642515182495117,2.6550631523132324,-1,,,
5,29,35638,1,22,0,7,0.31985026597976685,0.1373165100812912,0.18253375589847565,22,0.2691584825515747,0.2691584825515747,2.602810859680176,-1,,,
5,30,35639,1,22,0,7,0.3195684254169464,0.13568657636642456,0.18388184905052185,22,0.22322942316532135,0.22322942316532135,2.7269606590270996,-1,,,
5,31,35640,1,22,0,7,0.3193994164466858,0.13478215038776398,0.18461726605892181,22,0.2700618505477905,0.2700618505477905,2.5997719764709473,-1,,,
5,32,35641,1,22,0,20,0.31908541917800903,0.1336219161748886,0.18546350300312042,22,0.23503342270851135,0.23503342270851135,2.6711018085479736,-1,,,
5,33,35642,1,22,0,20,0.3186166286468506,0.1335345208644867,0.1850821077823639,22,0.2494233399629593,0.2494233399629593,2.6489028930664062,-1,,,
5,34,35643,1,22,0,20,0.31805044412612915,0.13414275646209717,0.18390768766403198,22,0.2808304727077484,0.2808304727077484,2.576169729232788,-1,,,
5,35,35644,1,22,0,20,0.317462295293808,0.13577666878700256,0.18168562650680542,22,0.24249014258384705,0.24249014258384705,2.6778171062469482,-1,,,
5,36,35645,1,22,0,9,0.3168957233428955,0.1381542831659317,0.1787414401769638,22,0.23287416994571686,0.23287416994571686,2.6758217811584473,-1,,,
5,37,35646,1,22,0,20,0.3161602020263672,0.14279372990131378,0.1733664721250534,22,0.25003087520599365,0.25003087520599365,2.6371164321899414,-1,,,
5,38,35647,1,22,0,9,0.32110053300857544,0.15107525885105133,0.1700252741575241,22,0.251173198223114,0.251173198223114,2.6356489658355713,-1,,,
5,39,35648,1,22,0,9,0.33344587683677673,0.16804945468902588,0.16539642214775085,22,0.254202663898468,0.254202663898468,2.6210269927978516,-1,,,
5,40,35649,1,22,0,5,0.3616698682308197,0.20095057785511017,0.16071929037570953,22,0.23833824694156647,0.23833824694156647,2.6428258419036865,-1,,,
5,41,35650,1,22,0,3,0.3966783881187439,0.24134092032909393,0.15533746778964996,22,0.25797373056411743,0.25797373056411743,2.6022298336029053,-1,,,
5,42,35651,1,22,0,3,0.43356677889823914,0.29742664098739624,0.1361401379108429,22,0.26654890179634094,0.26654890179634094,2.5945940017700195,-1,,,
5,43,35652,1,22,0,8,0.46640974283218384,0.35098952054977417,0.11542022228240967,22,0.2775005102157593,0.2775005102157593,2.5842909812927246,-1,,,
5,44,35653,1,22,0,8,0.4938902258872986,0.413958340883255,0.07993188500404358,22,0.25876882672309875,0.25876882672309875,2.630674362182617,-1,,,
5,45,35654,1,22,0,9,0.5152097940444946,0.46981343626976013,0.0453963577747345,13,0.25207534432411194,0.25207534432411194,2.6348929405212402,-1,,,
5,46,35655,1,22,0,13,0.5280959010124207,0.4870130121707916,0.04108288884162903,12,0.2644386887550354,0.2644386887550354,2.606884002685547,-1,,,
5,47,35656,1,22,0,21,0.5296581983566284,0.49086207151412964,0.03879612684249878,10,0.2682023346424103,0.2682023346424103,2.5942599773406982,-1,,,
5,48,35657,1,22,0,18,0.5046071410179138,0.47913041710853577,0.025476723909378052,7,0.25770848989486694,0.25770848989486694,2.603668689727783,-1,,,
5,49,35658,1,22,0,18,0.4689583480358124,0.43394792079925537,0.03501042723655701,7,0.23840546607971191,0.23840546607971191,2.6496167182922363,-1,,,
5,50,35659,1,22,0,18,0.43266791105270386,0.3895370364189148,0.04313087463378906,12,0.2919532060623169,0.2919532060623169,2.54744553565979,-1,,,
5,51,35660,1,22,0,17,0.40928903222084045,0.35534748435020447,0.053941547870635986,14,0.2937833368778229,0.2937833368778229,2.540968179702759,-1,,,
5,52,35661,1,22,0,3,0.3933146595954895,0.32344138622283936,0.06987327337265015,14,0.29812297224998474,0.29812297224998474,2.528742790222168,-1,,,
5,53,35662,1,22,0,3,0.3858616352081299,0.30714350938796997,0.07871812582015991,13,0.29529061913490295,0.29529061913490295,2.537076950073242,-1,,,
5,54,35663,1,22,0,3,0.3829948306083679,0.31350773572921753,0.06948709487915039,12,0.29214227199554443,0.29214227199554443,2.546022415161133,-1,,,
5,55,35664,1,22,0,3,0.3853364884853363,0.3230421841144562,0.06229430437088013,13,0.2871547341346741,0.2871547341346741,2.5600128173828125,-1,,,
5,56,35665,1,22,0,3,0.3991338610649109,0.3383120596408844,0.06082180142402649,14,0.18172846734523773,0.18172846734523773,2.817591905593872,-1,,,
5,57,35666,1,22,0,3,0.42084014415740967,0.33471250534057617,0.0861276388168335,15,0.18261606991291046,0.18261606991291046,2.815585136413574,-1,,,
5,58,35667,0,22,0,3,0.4452563226222992,0.32524314522743225,0.12001317739486694,16,0.16741418838500977,0.16741418838500977,2.8565433025360107,-1,,,
5,59,35668,0,22,0,3,0.4649917185306549,0.34011387825012207,0.12487784028053284,16,0.1721438616514206,0.1721438616514206,2.837263584136963,-1,,,
5,60,35669,0,22,0,3,0.4861460030078888,0.36039456725120544,0.12575143575668335,15,0.16989128291606903,0.16989128291606903,2.8363614082336426,-1,,,
5,61,35670,0,22,0,3,0.5079265832901001,0.37824171781539917,0.12968486547470093,16,0.16977760195732117,0.16977760195732117,2.8385767936706543,-1,,,
5,62,35671,0,22,0,3,0.5306126475334167,0.39376509189605713,0.13684755563735962,15,0.17554786801338196,0.17554786801338196,2.8240303993225098,-1,,,
5,63,35672,0,22,0,3,0.5542394518852234,0.4123939871788025,0.1418454647064209,16,0.1715017408132553,0.1715017408132553,2.8358876705169678,-1,,,
5,64,35673,0,22,0,3,0.5788032412528992,0.4298001825809479,0.1490030586719513,17,0.15171822905540466,0.15171822905540466,2.8935656547546387,-1,,,
5,65,35674,0,22,0,6,0.5898711681365967,0.4493580758571625,0.1405130922794342,19,0.13830789923667908,0.13830789923667908,2.929962396621704,-1,,,
5,66,35675,0,22,0,6,0.6012679934501648,0.45916619896888733,0.14210179448127747,18,0.130384162068367,0.130384162068367,2.948951482772827,-1,,,
5,67,35676,0,22,0,14,0.6136855483055115,0.4407130181789398,0.17297253012657166,16,0.07537394762039185,0.07537394762039185,3.0408084392547607,-1,,,
5,68,35677,0,22,0,14,0.6217625737190247,0.4148286283016205,0.20693394541740417,16,0.07613012939691544,0.07613012939691544,3.0387394428253174,-1,,,
5,69,35678,0,22,0,14,0.6257478594779968,0.3796011507511139,0.24614670872688293,16,0.07608788460493088,0.07608788460493088,3.0360939502716064,-1,,,
5,70,35679,0,22,0,14,0.6248171925544739,0.3365768492221832,0.28824034333229065,16,0.07362847030162811,0.07362847030162811,3.035970449447632,-1,,,
5,71,35680,0,22,0,14,0.6199824810028076,0.3474077582359314,0.2725747227668762,16,0.13938488066196442,0.13938488066196442,2.9281604290008545,-1,,,
5,72,35681,2,22,0,13,0.6150656938552856,0.40434443950653076,0.21072125434875488,15,0.12545548379421234,0.12545548379421234,2.95459246635437,-1,,,
5,73,35682,2,22,0,14,0.6114062666893005,0.36480310559272766,0.24660316109657288,15,0.11801919341087341,0.11801919341087341,2.9608659744262695,-1,,,
5,74,35683,2,22,0,14,0.5952175259590149,0.37856435775756836,0.21665316820144653,16,0.10267839580774307,0.10267839580774307,2.9876606464385986,-1,,,
5,75,35684,2,22,0,14,0.568284809589386,0.3693152964115143,0.1989695131778717,16,0.09092944115400314,0.09092944115400314,3.0114386081695557,-1,,,
5,76,35685,2,22,0,14,0.5394680500030518,0.3638154864311218,0.17565256357192993,16,0.09564308077096939,0.09564308077096939,3.003356456756592,-1,,,
5,77,35686,2,22,0,14,0.5079880356788635,0.35621070861816406,0.15177732706069946,15,0.10907820612192154,0.10907820612192154,2.9883573055267334,-1,,,
5,78,35687,2,22,4,14,0.48500770330429077,0.36235788464546204,0.12264981865882874,16,0.07355786114931107,0.07355786114931107,3.0415194034576416,-1,,,
5,79,35688,2,1,4,4,0.7022875547409058,0.7022875547409058,0.0,1,1.0,1.0,-0.0,-1,,,
5,80,35689,2,1,4,4,1.1366441249847412,1.1366441249847412,0.0,1,1.0,1.0,-0.0,-1,,,
5,81,35690,2,1,4,4,1.8013921976089478,1.8013921976089478,0.0,1,1.0,1.0,-0.0,-1,,,
5,82,35691,2,1,4,4,2.6854124069213867,2.6854124069213867,0.0,1,1.0,1.0,-0.0,-1,,,
5,83,35692,2,1,4,4,3.8023931980133057,3.8023931980133057,0.0,1,1.0,1.0,-0.0,-1,,,
5,84,35693,2,22,19,3,5.021380424499512,4.992734909057617,0.02864551544189453,7,0.08599894493818283,0.08599894493818283,3.034684658050537,-1,,,
5,85,35694,2,1,19,19,6.314835548400879,6.314835548400879,0.0,1,1.0,1.0,-0.0,-1,,,
5,86,35695,2,1,19,19,7.83289909362793,7.83289909362793,0.0,1,1.0,1.0,-0.0,-1,,,
5,87,35696,2,1,19,19,9.14830207824707,9.14830207824707,0.0,1,1.0,1.0,-0.0,-1,,,
5,88,35697,2,1,19,19,10.424956321716309,10.424956321716309,0.0,1,1.0,1.0,-0.0,-1,,,
5,89,35698,2,1,19,19,11.212542533874512,11.212542533874512,0.0,1,1.0,1.0,-0.0,-1,,,
5,90,35699,2,22,19,5,11.941141128540039,11.634587287902832,0.30655384063720703,18,0.10176383703947067,0.10176383703947067,3.0179636478424072,-1,,,
5,91,35700,2,22,19,3,12.302862167358398,12.041869163513184,0.26099300384521484,19,0.10245795547962189,0.10245795547962189,3.0167150497436523,-1,,,
5,92,35701,2,22,19,3,12.69644832611084,12.265588760375977,0.4308595657348633,19,0.10232818871736526,0.10232818871736526,3.0167508125305176,-1,,,
5,93,35702,2,22,19,3,13.059568405151367,12.391953468322754,0.6676149368286133,18,0.1020183116197586,0.1020183116197586,3.017378568649292,-1,,,
5,94,35703,2,22,19,5,12.920923233032227,12.04511833190918,0.8758049011230469,18,0.10199873149394989,0.10199873149394989,3.017618179321289,-1,,,
5,95,35704,2,22,19,10,12.62513256072998,11.77119255065918,0.8539400100708008,18,0.08973272144794464,0.08973272144794464,3.023777961730957,-1,,,
5,96,35705,2,22,21,19,11.935176849365234,11.878555297851562,0.056621551513671875,5,0.08640650659799576,0.08640650659799576,3.0240471363067627,-1,,,
5,97,35706,2,1,21,21,11.200736045837402,11.200736045837402,0.0,1,1.0,1.0,-0.0,-1,,,
5,98,35707,2,1,21,21,10.170344352722168,10.170344352722168,0.0,1,1.0,1.0,-0.0,-1,,,
5,99,35708,2,1,21,21,8.9813814163208,8.9813814163208,0.0,1,1.0,1.0,-0.0,-1,,,
5,100,35709,2,1,21,21,7.802543640136719,7.802543640136719,0.0,1,1.0,1.0,-0.0,-1,,,
5,101,35710,2,1,21,21,6.403143405914307,6.403143405914307,0.0,1,1.0,1.0,-0.0,-1,,,
5,102,35711,2,22,21,10,5.3427324295043945,4.904432773590088,0.43829965591430664,20,0.09569410979747772,0.09569410979747772,3.0160748958587646,-1,,,
5,103,35712,2,22,21,10,4.254451274871826,3.932899236679077,0.321552038192749,20,0.10631674528121948,0.10631674528121948,2.994309425354004,-1,,,
5,104,35713,2,22,21,19,3.4515159130096436,3.2498586177825928,0.20165729522705078,18,0.09523273259401321,0.09523273259401321,3.015305519104004,-1,,,
5,105,35714,2,22,21,17,3.024510622024536,2.8203485012054443,0.2041621208190918,4,0.09251412749290466,0.09251412749290466,3.0205492973327637,-1,,,
5,106,35715,2,22,21,10,2.667842388153076,2.0091333389282227,0.6587090492248535,20,0.10085166990756989,0.10085166990756989,3.0075032711029053,-1,,,
5,107,35716,2,22,21,10,2.6065735816955566,1.8530492782592773,0.7535243034362793,20,0.10329259186983109,0.10329259186983109,3.0026378631591797,-1,,,
5,108,35717,2,22,21,10,2.311288833618164,1.8759660720825195,0.43532276153564453,20,0.10343324393033981,0.10343324393033981,3.0010735988616943,-1,,,
5,109,35718,2,22,21,8,2.1846258640289307,1.8971474170684814,0.2874784469604492,19,0.10466959327459335,0.10466959327459335,2.998823881149292,-1,,,
5,110,35719,2,22,21,8,1.8593629598617554,1.6184659004211426,0.2408970594406128,18,0.10709529370069504,0.10709529370069504,2.9924025535583496,-1,,,
5,111,35720,0,22,21,8,1.7153853178024292,1.5105414390563965,0.20484387874603271,13,0.10839463770389557,0.10839463770389557,2.989253282546997,-1,,,
5,112,35721,0,22,21,8,1.5436378717422485,1.3939005136489868,0.14973735809326172,13,0.10127062350511551,0.10127062350511551,3.0016658306121826,-1,,,
5,113,35722,0,22,21,17,1.3155322074890137,1.1921944618225098,0.1233377456665039,12,0.09988848865032196,0.09988848865032196,3.0068228244781494,-1,,,
5,114,35723,0,22,21,17,1.0637539625167847,0.9751809239387512,0.08857303857803345,10,0.09842929244041443,0.09842929244041443,3.008261203765869,-1,,,
5,115,35724,0,22,21,17,0.8242092728614807,0.7141591310501099,0.11005014181137085,10,0.0983714833855629,0.0983714833855629,3.009845495223999,-1,,,
5,116,35725,0,22,21,17,0.653712809085846,0.5314627289772034,0.12225008010864258,13,0.09400977939367294,0.09400977939367294,2.9993834495544434,-1,,,
5,117,35726,0,22,21,8,0.49433115124702454,0.3994579017162323,0.09487324953079224,16,0.0923735573887825,0.0923735573887825,2.998427152633667,-1,,,
5,118,35727,0,22,21,12,0.470103919506073,0.3569415509700775,0.11316236853599548,19,0.10129094123840332,0.10129094123840332,2.9904699325561523,-1,,,
5,119,35728,0,22,21,17,0.44191229343414307,0.3065301775932312,0.13538211584091187,21,0.10136647522449493,0.10136647522449493,3.0013577938079834,-1,,,
5,120,35729,0,22,21,17,0.4229276180267334,0.25218597054481506,0.17074164748191833,20,0.1099478080868721,0.1099478080868721,2.9894773960113525,-1,,,
5,121,35730,0,22,21,12,0.3710394501686096,0.175795778632164,0.19524367153644562,21,0.10365816950798035,0.10365816950798035,2.985802173614502,-1,,,
5,122,35731,0,22,21,5,0.41498470306396484,0.16524562239646912,0.24973908066749573,21,0.0906321108341217,0.0906321108341217,2.9854462146759033,-1,,,
5,123,35732,0,22,16,19,0.3026796281337738,0.1803475022315979,0.1223321259021759,14,0.08842609077692032,0.08842609077692032,3.000096559524536,-1,,,
5,124,35733,3,1,16,16,0.27545979619026184,0.27545979619026184,0.0,1,1.0,1.0,-0.0,-1,,,
5,125,35734,3,1,16,16,0.2773016691207886,0.2773016691207886,0.0,1,1.0,1.0,-0.0,-1,,,
5,126,35735,3,1,16,16,0.29222550988197327,0.29222550988197327,0.0,1,1.0,1.0,-0.0,-1,,,
5,127,35736,3,1,16,16,0.2985895276069641,0.2985895276069641,0.0,1,1.0,1.0,-0.0,-1,,,
5,128,35737,3,1,16,16,0.30602365732192993,0.30602365732192993,0.0,1,1.0,1.0,-0.0,-1,,,
5,129,35738,3,22,16,6,0.3040158450603485,0.215704545378685,0.08831129968166351,12,0.1130528673529625,0.1130528673529625,2.932131052017212,-1,,,
5,130,35739,3,22,16,3,0.3076428174972534,0.22448596358299255,0.08315685391426086,12,0.11585313826799393,0.11585313826799393,2.9275710582733154,-1,,,
5,131,35740,3,22,16,19,0.3019716143608093,0.22545385360717773,0.07651776075363159,12,0.11360911279916763,0.11360911279916763,2.9272806644439697,-1,,,
5,132,35741,3,22,16,19,0.3020919859409332,0.22667188942432404,0.07542009651660919,12,0.10742846876382828,0.10742846876382828,2.947679281234741,-1,,,
5,133,35742,3,22,16,3,0.2910580039024353,0.21444612741470337,0.07661187648773193,12,0.11193154752254486,0.11193154752254486,2.9336977005004883,-1,,,
5,134,35743,3,22,16,3,0.2706904113292694,0.195530965924263,0.07515944540500641,11,0.10999923944473267,0.10999923944473267,2.940643548965454,-1,,,
5,135,35744,3,22,16,3,0.24882231652736664,0.18930426239967346,0.059518054127693176,11,0.13451716303825378,0.13451716303825378,2.878875970840454,-1,,,
5,136,35745,3,22,16,19,0.22789187729358673,0.17100058495998383,0.056891292333602905,11,0.12947750091552734,0.12947750091552734,2.8956210613250732,-1,,,
5,137,35746,3,22,16,3,0.20717161893844604,0.16440671682357788,0.042764902114868164,10,0.11992301046848297,0.11992301046848297,2.9207019805908203,-1,,,
5,138,35747,3,22,16,19,0.18479803204536438,0.1424589306116104,0.04233910143375397,8,0.11497219651937485,0.11497219651937485,2.9249024391174316,-1,,,
5,139,35748,3,22,16,6,0.16978369653224945,0.13983435928821564,0.029949337244033813,7,0.13476154208183289,0.13476154208183289,2.8758769035339355,-1,,,
5,140,35749,3,22,16,14,0.15979360044002533,0.14077886939048767,0.01901473104953766,9,0.1381637156009674,0.1381637156009674,2.8624343872070312,-1,,,
5,141,35750,3,22,16,21,0.15544123947620392,0.1321374475955963,0.023303791880607605,9,0.1404474675655365,0.1404474675655365,2.867180109024048,-1,,,
5,142,35751,3,22,16,13,0.15461428463459015,0.11008517444133759,0.044529110193252563,6,0.12128056585788727,0.12128056585788727,2.915821075439453,-1,,,
5,143,35752,3,22,16,21,0.1557062715291977,0.11037944257259369,0.045326828956604004,6,0.12987853586673737,0.12987853586673737,2.892432928085327,-1,,,
5,144,35753,3,22,16,11,0.1574571430683136,0.12553824484348297,0.03191889822483063,6,0.11040721833705902,0.11040721833705902,2.9409306049346924,-1,,,
5,145,35754,3,22,16,11,0.1591498851776123,0.11813186854124069,0.04101801663637161,5,0.10723889619112015,0.10723889619112015,2.9515440464019775,-1,,,
5,146,35755,3,22,16,0,0.15770874917507172,0.12392529100179672,0.033783458173274994,6,0.1103043258190155,0.1103043258190155,2.942472219467163,-1,,,
5,147,35756,3,22,16,0,0.15433411300182343,0.12504608929157257,0.029288023710250854,10,0.11734654754400253,0.11734654754400253,2.9252259731292725,-1,,,
5,148,35757,3,22,16,0,0.14988312125205994,0.11692606657743454,0.0329570546746254,11,0.12102233618497849,0.12102233618497849,2.916733503341675,-1,,,
5,149,35758,3,22,16,0,0.14255933463573456,0.11227630823850632,0.03028302639722824,7,0.1218695119023323,0.1218695119023323,2.9139790534973145,-1,,,
5,150,35759,3,22,16,0,0.13478562235832214,0.1071782261133194,0.027607396245002747,10,0.11315172165632248,0.11315172165632248,2.9306044578552246,-1,,,
5,151,35760,3,22,16,0,0.12848016619682312,0.10356133431196213,0.024918831884860992,7,0.10929127037525177,0.10929127037525177,2.941448211669922,-1,,,
5,152,35761,3,22,16,0,0.12186230719089508,0.10449520498514175,0.017367102205753326,3,0.11063140630722046,0.11063140630722046,2.938659429550171,-1,,,
5,153,35762,3,22,16,0,0.12343423813581467,0.10407666862010956,0.01935756951570511,4,0.12594474852085114,0.12594474852085114,2.905322313308716,-1,,,
5,154,35763,3,22,16,0,0.12329254299402237,0.10797175765037537,0.015320785343647003,4,0.13386985659599304,0.13386985659599304,2.8836417198181152,-1,,,
5,155,35764,3,22,16,0,0.12827566266059875,0.11085791140794754,0.017417751252651215,6,0.11009455472230911,0.11009455472230911,2.943253517150879,-1,,,
5,156,35765,3,22,16,13,0.13476763665676117,0.11296585947275162,0.021801777184009552,8,0.1322810798883438,0.1322810798883438,2.885765552520752,-1,,,
5,157,35766,3,22,16,13,0.14627310633659363,0.11235795170068741,0.03391515463590622,10,0.1174444630742073,0.1174444630742073,2.921619415283203,-1,,,
5,158,35767,3,22,16,13,0.1616351455450058,0.11411543190479279,0.04751971364021301,13,0.1301180124282837,0.1301180124282837,2.8853065967559814,-1,,,
5,159,35768,3,22,16,21,0.1819874495267868,0.1174776628613472,0.0645097866654396,16,0.13373033702373505,0.13373033702373505,2.887686014175415,-1,,,
5,160,35769,3,22,16,17,0.20679335296154022,0.11456620693206787,0.09222714602947235,18,0.12336257845163345,0.12336257845163345,2.91312575340271,-1,,,
5,161,35770,3,22,16,17,0.2245853841304779,0.10764878988265991,0.116936594247818,19,0.13230469822883606,0.13230469822883606,2.8835361003875732,-1,,,
5,162,35771,3,22,16,17,0.24768908321857452,0.12026190012693405,0.12742718309164047,20,0.1353679597377777,0.1353679597377777,2.881969928741455,-1,,,
5,163,35772,3,22,16,17,0.27005553245544434,0.12919458746910095,0.14086094498634338,20,0.10407499969005585,0.10407499969005585,2.960625410079956,-1,,,
5,164,35773,3,22,16,20,0.2927698493003845,0.12430059164762497,0.16846925765275955,20,0.1035776287317276,0.1035776287317276,2.9622697830200195,-1,,,
5,165,35774,3,22,16,17,0.31627631187438965,0.123969167470932,0.19230714440345764,20,0.10371796041727066,0.10371796041727066,2.96187686920166,-1,,,
5,166,35775,3,22,16,19,0.3349999785423279,0.12012781202793121,0.21487216651439667,20,0.11190532147884369,0.11190532147884369,2.938016653060913,-1,,,
5,167,35776,3,22,16,1,0.3510250151157379,0.1199323982000351,0.23109261691570282,20,0.110936239361763,0.110936239361763,2.9410853385925293,-1,,,
5,168,35777,3,22,16,20,0.36348533630371094,0.11699207872152328,0.24649325758218765,20,0.10620679706335068,0.10620679706335068,2.9546046257019043,-1,,,
5,169,35778,3,22,16,19,0.3760594427585602,0.12010957300662994,0.25594986975193024,20,0.10771176964044571,0.10771176964044571,2.9475202560424805,-1,,,
5,170,35779,3,22,16,20,0.38684988021850586,0.12259244918823242,0.26425743103027344,20,0.10777752846479416,0.10777752846479416,2.94702410697937,-1,,,
5,171,35780,3,22,16,20,0.39476051926612854,0.12526215612888336,0.2694983631372452,20,0.11192362755537033,0.11192362755537033,2.9338512420654297,-1,,,
5,172,35781,3,22,16,19,0.40281933546066284,0.1270592212677002,0.27576011419296265,20,0.11121348291635513,0.11121348291635513,2.938096046447754,-1,,,
5,173,35782,3,22,16,5,0.4094763398170471,0.1296653002500534,0.2798110395669937,20,0.10695347189903259,0.10695347189903259,2.9504125118255615,-1,,,
5,174,35783,3,22,16,1,0.41951820254325867,0.1375868320465088,0.2819313704967499,20,0.10699538886547089,0.10699538886547089,2.9494190216064453,-1,,,
5,175,35784,3,22,16,19,0.4289020001888275,0.140210822224617,0.2886911779642105,20,0.13062146306037903,0.13062146306037903,2.8785674571990967,-1,,,
5,176,35785,3,22,16,19,0.42680197954177856,0.15708263218402863,0.26971934735774994,20,0.13163281977176666,0.13163281977176666,2.869168996810913,-1,,,
5,177,35786,3,22,16,19,0.42409420013427734,0.1762576550245285,0.24783654510974884,20,0.13543377816677094,0.13543377816677094,2.8703322410583496,-1,,,
5,178,35787,3,22,16,19,0.4198595881462097,0.19029341638088226,0.22956617176532745,18,0.13705676794052124,0.13705676794052124,2.8574326038360596,-1,,,
5,179,35788,3,22,16,19,0.41395333409309387,0.20322126150131226,0.21073207259178162,17,0.13027335703372955,0.13027335703372955,2.871788263320923,-1,,,
5,180,35789,3,22,16,19,0.4056209325790405,0.20795084536075592,0.1976700872182846,16,0.12964412569999695,0.12964412569999695,2.8742408752441406,-1,,,
5,181,35790,3,22,16,3,0.3946457803249359,0.20657722651958466,0.18806855380535126,16,0.12513965368270874,0.12513965368270874,2.9160332679748535,-1,,,
5,182,35791,3,22,16,12,0.38084518909454346,0.21257100999355316,0.1682741791009903,16,0.12375492602586746,0.12375492602586746,2.921276569366455,-1,,,
5,183,35792,0,22,16,12,0.36350852251052856,0.22584012150764465,0.1376684010028839,16,0.12537990510463715,0.12537990510463715,2.9149060249328613,-1,,,
5,184,35793,0,22,16,3,0.35699087381362915,0.2220236361026764,0.13496723771095276,16,0.1237855777144432,0.1237855777144432,2.9197278022766113,-1,,,
5,185,35794,0,22,16,12,0.3499695360660553,0.23077987134456635,0.11918966472148895,16,0.12243932485580444,0.12243932485580444,2.9246504306793213,-1,,,
5,186,35795,0,22,16,3,0.3433530330657959,0.22634772956371307,0.11700530350208282,16,0.12469310313463211,0.12469310313463211,2.9168965816497803,-1,,,
5,187,35796,0,22,16,3,0.33819693326950073,0.21924066543579102,0.11895626783370972,16,0.12487897276878357,0.12487897276878357,2.9165866374969482,-1,,,
5,188,35797,0,22,16,3,0.33485931158065796,0.22611293196678162,0.10874637961387634,16,0.13058388233184814,0.13058388233184814,2.899547576904297,-1,,,
5,189,35798,0,22,16,3,0.30934566259384155,0.20772992074489594,0.10161574184894562,16,0.13276997208595276,0.13276997208595276,2.892106056213379,-1,,,
5,190,35799,0,22,16,3,0.2848944664001465,0.1819983422756195,0.10289612412452698,16,0.13515524566173553,0.13515524566173553,2.883237361907959,-1,,,
5,191,35800,0,22,16,12,0.26207882165908813,0.16350054740905762,0.09857827425003052,18,0.15143780410289764,0.15143780410289764,2.8085193634033203,-1,,,
5,192,35801,0,22,16,12,0.24027688801288605,0.14732539653778076,0.09295149147510529,20,0.1507822871208191,0.1507822871208191,2.819833278656006,-1,,,
5,193,35802,0,22,16,20,0.2184620052576065,0.13758213818073273,0.08087986707687378,22,0.1469350904226303,0.1469350904226303,2.8391339778900146,-1,,,
5,194,35803,0,22,16,20,0.19769543409347534,0.12026502937078476,0.07743040472269058,21,0.14944417774677277,0.14944417774677277,2.831672191619873,-1,,,
5,195,35804,0,22,16,20,0.1765834093093872,0.103812575340271,0.07277083396911621,21,0.14113609492778778,0.14113609492778778,2.86258602142334,-1,,,
5,196,35805,1,22,16,20,0.15438061952590942,0.08045421540737152,0.0739264041185379,21,0.15116535127162933,0.15116535127162933,2.8195900917053223,-1,,,
5,197,35806,1,22,0,20,0.14596852660179138,0.08029597252607346,0.06567255407571793,18,0.1500546932220459,0.1500546932220459,2.7774293422698975,-1,,,
5,198,35807,1,1,0,0,0.1532789170742035,0.1532789170742035,0.0,1,1.0,1.0,-0.0,-1,,,
5,199,35808,1,1,0,0,0.16064053773880005,0.16064053773880005,0.0,1,1.0,1.0,-0.0,-1,,,
5,200,35809,1,1,0,0,0.16843867301940918,0.16843867301940918,0.0,1,1.0,1.0,-0.0,-1,,,
5,201,35810,1,1,0,0,0.17775261402130127,0.17775261402130127,0.0,1,1.0,1.0,-0.0,-1,,,
5,202,35811,1,1,0,0,0.18449003994464874,0.18449003994464874,0.0,1,1.0,1.0,-0.0,-1,,,
5,203,35812,1,22,0,20,0.19065257906913757,0.09128250926733017,0.0993700698018074,21,0.3077864348888397,0.3077864348888397,2.4986720085144043,-1,,,
5,204,35813,1,22,0,7,0.1938982754945755,0.09253092110157013,0.10136735439300537,21,0.29907041788101196,0.29907041788101196,2.5237414836883545,-1,,,
5,205,35814,1,22,0,7,0.19760484993457794,0.09139049798250198,0.10621435195207596,21,0.3025246560573578,0.3025246560573578,2.5142576694488525,-1,,,
5,206,35815,1,22,0,7,0.19999340176582336,0.08975173532962799,0.11024166643619537,21,0.30152297019958496,0.30152297019958496,2.5158777236938477,-1,,,
5,207,35816,1,22,0,7,0.2019432783126831,0.08865424245595932,0.11328903585672379,21,0.2782653868198395,0.2782653868198395,2.5774710178375244,-1,,,
5,208,35817,1,22,0,9,0.20417922735214233,0.08944955468177795,0.11472967267036438,21,0.2742040157318115,0.2742040157318115,2.5840983390808105,-1,,,
5,209,35818,1,22,0,9,0.20540079474449158,0.08911985903978348,0.1162809357047081,21,0.29978737235069275,0.29978737235069275,2.5198309421539307,-1,,,
5,210,35819,1,22,0,7,0.20615741610527039,0.08858750015497208,0.11756991595029831,21,0.297017902135849,0.297017902135849,2.526719093322754,-1,,,
5,211,35820,1,22,0,7,0.20697638392448425,0.08806277811527252,0.11891360580921173,21,0.2985619604587555,0.2985619604587555,2.523020029067993,-1,,,
5,212,35821,1,22,0,9,0.20802265405654907,0.08880520612001419,0.11921744793653488,21,0.2629508078098297,0.2629508078098297,2.618016004562378,-1,,,
5,213,35822,1,22,0,20,0.20811086893081665,0.08714120835065842,0.12096966058015823,21,0.25997254252433777,0.25997254252433777,2.597060441970825,-1,,,
5,214,35823,1,22,0,20,0.20864485204219818,0.08537176996469498,0.1232730820775032,21,0.24966903030872345,0.24966903030872345,2.6200311183929443,-1,,,
5,215,35824,1,22,0,20,0.2095171958208084,0.08476199954748154,0.12475519627332687,21,0.30837446451187134,0.30837446451187134,2.493594169616699,-1,,,
5,216,35825,1,22,0,20,0.20960988104343414,0.08368965983390808,0.12592022120952606,21,0.3205927014350891,0.3205927014350891,2.4626588821411133,-1,,,
5,217,35826,1,22,0,20,0.20947907865047455,0.08279649913311005,0.1266825795173645,21,0.3240899443626404,0.3240899443626404,2.4519643783569336,-1,,,
5,218,35827,1,22,0,20,0.2094120979309082,0.08234197646379471,0.1270701214671135,21,0.27083879709243774,0.27083879709243774,2.580453395843506,-1,,,
5,219,35828,1,22,0,20,0.2091175764799118,0.08165822923183441,0.1274593472480774,21,0.28477808833122253,0.28477808833122253,2.5580286979675293,-1,,,
5,220,35829,1,22,0,20,0.20884336531162262,0.08106246590614319,0.12778089940547943,21,0.27191710472106934,0.27191710472106934,2.5857176780700684,-1,,,
5,221,35830,1,22,0,20,0.20878872275352478,0.08072485029697418,0.1280638724565506,21,0.2744216024875641,0.2744216024875641,2.574491262435913,-1,,,
5,222,35831,1,22,0,20,0.20874612033367157,0.08052952587604523,0.12821659445762634,21,0.28992408514022827,0.28992408514022827,2.5402536392211914,-1,,,
5,223,35832,1,22,0,20,0.20857413113117218,0.0802379846572876,0.12833614647388458,21,0.261932909488678,0.261932909488678,2.6073849201202393,-1,,,
5,224,35833,1,22,0,20,0.20839431881904602,0.08023893088102341,0.1281553879380226,21,0.259703129529953,0.259703129529953,2.6112968921661377,-1,,,
5,225,35834,1,22,0,20,0.2082085758447647,0.08033785969018936,0.12787071615457535,21,0.2736901640892029,0.2736901640892029,2.5744378566741943,-1,,,
5,226,35835,1,22,0,20,0.20796498656272888,0.08023247867822647,0.1277325078845024,21,0.2746407091617584,0.2746407091617584,2.5718162059783936,-1,,,
5,227,35836,1,22,0,20,0.20792384445667267,0.07996383309364319,0.12796001136302948,21,0.30832991003990173,0.30832991003990173,2.4977781772613525,-1,,,
5,228,35837,1,22,0,20,0.20757952332496643,0.0805019959807396,0.12707752734422684,21,0.3047506511211395,0.3047506511211395,2.5076563358306885,-1,,,
5,229,35838,1,22,0,20,0.20733462274074554,0.0812394991517067,0.12609512358903885,21,0.2968563437461853,0.2968563437461853,2.530802011489868,-1,,,
5,230,35839,1,22,0,20,0.2067028135061264,0.08195148408412933,0.12475132942199707,21,0.2719170153141022,0.2719170153141022,2.5963642597198486,-1,,,
5,231,35840,1,22,0,20,0.2059299200773239,0.08225537836551666,0.12367454171180725,21,0.27424585819244385,0.27424585819244385,2.583059549331665,-1,,,
5,232,35841,1,22,0,20,0.20534977316856384,0.0829673483967781,0.12238242477178574,21,0.2810017764568329,0.2810017764568329,2.567270278930664,-1,,,
5,233,35842,1,22,0,20,0.2047494351863861,0.08392173796892166,0.12082769721746445,21,0.2710849344730377,0.2710849344730377,2.597447395324707,-1,,,
5,234,35843,1,22,0,20,0.20406872034072876,0.08489707857370377,0.119171641767025,21,0.2960021495819092,0.2960021495819092,2.5293447971343994,-1,,,
5,235,35844,1,22,0,20,0.2032736986875534,0.08620097488164902,0.11707272380590439,21,0.2616417706012726,0.2616417706012726,2.6246352195739746,-1,,,
5,236,35845,1,22,0,9,0.20311211049556732,0.08801497519016266,0.11509713530540466,21,0.28106677532196045,0.28106677532196045,2.5588996410369873,-1,,,
5,237,35846,1,22,0,9,0.20276765525341034,0.08753631263971329,0.11523134261369705,21,0.2887696921825409,0.2887696921825409,2.5482797622680664,-1,,,
5,238,35847,1,22,0,9,0.20284301042556763,0.0869487002491951,0.11589431017637253,21,0.30564993619918823,0.30564993619918823,2.5021023750305176,-1,,,
5,239,35848,1,22,0,9,0.20316670835018158,0.08732865750789642,0.11583805084228516,21,0.29466959834098816,0.29466959834098816,2.526122808456421,-1,,,
5,240,35849,1,22,0,19,0.2033853530883789,0.08619166165590286,0.11719369143247604,21,0.30884861946105957,0.30884861946105957,2.4915480613708496,-1,,,
5,241,35850,1,22,0,19,0.20368991792201996,0.0819123163819313,0.12177760154008865,21,0.30662646889686584,0.30662646889686584,2.497356414794922,-1,,,
5,242,35851,1,22,0,19,0.20423176884651184,0.0788605660200119,0.12537120282649994,21,0.28732556104660034,0.28732556104660034,2.5492746829986572,-1,,,
5,243,35852,1,22,0,19,0.20493921637535095,0.07857763022184372,0.12636158615350723,21,0.31763339042663574,0.31763339042663574,2.4678127765655518,-1,,,
5,244,35853,1,22,0,19,0.20531871914863586,0.08145834505558014,0.12386037409305573,21,0.3195021450519562,0.3195021450519562,2.463618278503418,-1,,,
5,245,35854,1,22,0,19,0.20573431253433228,0.09070005267858505,0.11503425985574722,21,0.32502931356430054,0.32502931356430054,2.4508440494537354,-1,,,
5,246,35855,1,22,0,9,0.20613156259059906,0.09772837162017822,0.10840319097042084,21,0.3104594349861145,0.3104594349861145,2.488729238510132,-1,,,
5,247,35856,1,22,0,9,0.20646816492080688,0.10160268098115921,0.10486548393964767,21,0.30881765484809875,0.30881765484809875,2.493992328643799,-1,,,
5,248,35857,1,22,0,19,0.21592971682548523,0.12972800433635712,0.08620171248912811,22,0.3113337755203247,0.3113337755203247,2.4874536991119385,-1,,,
5,249,35858,1,22,0,19,0.22442123293876648,0.15547287464141846,0.06894835829734802,22,0.28367921710014343,0.28367921710014343,2.564116954803467,-1,,,
5,250,35859,1,22,0,19,0.23109862208366394,0.16398321092128754,0.0671154111623764,19,0.2814382314682007,0.2814382314682007,2.564950704574585,-1,,,
5,251,35860,1,22,0,19,0.2363518327474594,0.18224726617336273,0.05410456657409668,18,0.22386713325977325,0.22386713325977325,2.712191343307495,-1,,,
5,252,35861,1,22,0,18,0.24029001593589783,0.19353875517845154,0.04675126075744629,16,0.28582727909088135,0.28582727909088135,2.5530755519866943,-1,,,
5,253,35862,1,22,0,18,0.2436147928237915,0.19552990794181824,0.04808488488197327,15,0.21631193161010742,0.21631193161010742,2.724576711654663,-1,,,
5,254,35863,1,22,0,18,0.24723273515701294,0.20107313990592957,0.046159595251083374,15,0.20703737437725067,0.20703737437725067,2.746858835220337,-1,,,
5,255,35864,0,22,0,18,0.25188422203063965,0.2053176760673523,0.046566545963287354,15,0.2009267657995224,0.2009267657995224,2.7615833282470703,-1,,,
5,256,35865,0,22,0,3,0.24770227074623108,0.19902902841567993,0.04867324233055115,15,0.2046245038509369,0.2046245038509369,2.7554924488067627,-1,,,
5,257,35866,0,22,0,17,0.2448478490114212,0.189243882894516,0.05560396611690521,16,0.20349515974521637,0.20349515974521637,2.756096839904785,-1,,,
5,258,35867,0,22,0,17,0.2440388798713684,0.17958642542362213,0.06445245444774628,16,0.21227829158306122,0.21227829158306122,2.7384450435638428,-1,,,
5,259,35868,0,22,0,17,0.24451303482055664,0.17382672429084778,0.07068631052970886,16,0.21827229857444763,0.21827229857444763,2.7234110832214355,-1,,,
5,260,35869,0,22,0,17,0.24697628617286682,0.16970866918563843,0.0772676169872284,16,0.15620003640651703,0.15620003640651703,2.8920106887817383,-1,,,
5,261,35870,0,22,0,5,0.23923072218894958,0.15668222308158875,0.08254849910736084,18,0.17396417260169983,0.17396417260169983,2.8474128246307373,-1,,,
5,262,35871,0,22,0,5,0.2396778166294098,0.1551845520734787,0.08449326455593109,21,0.1498943269252777,0.1498943269252777,2.906247854232788,-1,,,
5,263,35872,0,22,0,1,0.24116548895835876,0.1542641520500183,0.08690133690834045,22,0.08353440463542938,0.08353440463542938,3.0279147624969482,-1,,,
5,264,35873,0,22,0,3,0.24081622064113617,0.15136174857616425,0.08945447206497192,22,0.13825874030590057,0.13825874030590057,2.931558609008789,-1,,,
5,265,35874,0,22,0,12,0.23829606175422668,0.15198123455047607,0.08631482720375061,22,0.2105623483657837,0.2105623483657837,2.7538931369781494,-1,,,
5,266,35875,0,22,0,12,0.2376493513584137,0.1594342142343521,0.07821513712406158,22,0.07826146483421326,0.07826146483421326,3.03202748298645,-1,,,
5,267,35876,0,22,0,8,0.2385932058095932,0.16727314889431,0.0713200569152832,22,0.08025403320789337,0.08025403320789337,3.030485153198242,-1,,,
5,268,35877,2,22,0,8,0.2431809902191162,0.17997334897518158,0.06320764124393463,22,0.07733455300331116,0.07733455300331116,3.0329558849334717,-1,,,
5,269,35878,2,22,0,8,0.259982168674469,0.21111275255680084,0.04886941611766815,20,0.10877012461423874,0.10877012461423874,2.978606700897217,-1,,,
5,270,35879,2,22,0,9,0.26495489478111267,0.21974515914916992,0.04520973563194275,19,0.15992341935634613,0.15992341935634613,2.8815019130706787,-1,,,
5,271,35880,2,22,0,8,0.2681278586387634,0.22708503901958466,0.04104281961917877,19,0.15962165594100952,0.15962165594100952,2.883427858352661,-1,,,
5,272,35881,2,22,0,9,0.2773132920265198,0.24607206881046295,0.031241223216056824,16,0.12000581622123718,0.12000581622123718,2.9626882076263428,-1,,,
5,273,35882,2,22,0,8,0.2930573523044586,0.2683736979961395,0.024683654308319092,13,0.1043814942240715,0.1043814942240715,2.99166202545166,-1,,,
5,274,35883,2,22,0,8,0.31253406405448914,0.2968881130218506,0.01564595103263855,7,0.09269163757562637,0.09269163757562637,3.009437322616577,-1,,,
5,275,35884,2,22,0,20,0.3286202549934387,0.3248122036457062,0.003808051347732544,7,0.11996319890022278,0.11996319890022278,2.9703729152679443,-1,,,
5,276,35885,2,22,0,11,0.3391254246234894,0.3129364550113678,0.026188969612121582,7,0.15129004418849945,0.15129004418849945,2.9035253524780273,-1,,,
5,277,35886,2,22,0,11,0.48519426584243774,0.446306049823761,0.03888821601867676,6,0.11162951588630676,0.11162951588630676,2.986044406890869,-1,,,
5,278,35887,2,22,0,13,0.8661934733390808,0.8154365420341492,0.05075693130493164,8,0.11801742762327194,0.11801742762327194,2.975367307662964,-1,,,
5,279,35888,2,22,0,13,1.4763967990875244,1.419002890586853,0.05739390850067139,8,0.12424269318580627,0.12424269318580627,2.9616129398345947,-1,,,
5,280,35889,2,22,0,21,2.3063156604766846,2.2528014183044434,0.05351424217224121,10,0.0740494579076767,0.0740494579076767,3.041236639022827,-1,,,
5,281,35890,2,22,0,14,3.2690329551696777,3.1942636966705322,0.07476925849914551,14,0.07468851655721664,0.07468851655721664,3.0388855934143066,-1,,,
5,282,35891,2,22,0,14,4.232333660125732,4.130736351013184,0.10159730911254883,16,0.07608265429735184,0.07608265429735184,3.036778688430786,-1,,,
5,283,35892,2,22,16,14,5.2539520263671875,5.120574474334717,0.1333775520324707,18,0.07370927184820175,0.07370927184820175,3.0365493297576904,-1,,,
5,284,35893,2,1,16,16,6.269676208496094,6.269676208496094,0.0,1,1.0,1.0,-0.0,-1,,,
5,285,35894,2,1,16,16,6.9865641593933105,6.9865641593933105,0.0,1,1.0,1.0,-0.0,-1,,,
5,286,35895,2,1,16,16,7.226418495178223,7.226418495178223,0.0,1,1.0,1.0,-0.0,-1,,,
5,287,35896,2,1,16,16,7.02742338180542,7.02742338180542,0.0,1,1.0,1.0,-0.0,-1,,,
5,288,35897,2,1,16,16,6.348525524139404,6.348525524139404,0.0,1,1.0,1.0,-0.0,-1,,,
5,289,35898,2,22,16,17,5.4601359367370605,5.4225053787231445,0.037630558013916016,8,0.10152946412563324,0.10152946412563324,2.975642442703247,-1,,,
5,290,35899,2,22,16,14,4.573631763458252,4.5266642570495605,0.046967506408691406,15,0.10860654711723328,0.10860654711723328,2.9372470378875732,-1,,,
5,291,35900,2,22,16,13,3.584973096847534,3.526482343673706,0.058490753173828125,19,0.10951336473226547,0.10951336473226547,2.9350533485412598,-1,,,
5,292,35901,2,22,16,13,2.5717804431915283,2.504493474960327,0.06728696823120117,19,0.10472441464662552,0.10472441464662552,2.960118293762207,-1,,,
5,293,35902,2,22,16,17,1.7278380393981934,1.6977308988571167,0.03010714054107666,13,0.09328582137823105,0.09328582137823105,2.99175763130188,-1,,,
5,294,35903,2,22,21,17,1.107256531715393,1.0772982835769653,0.029958248138427734,3,0.10347829759120941,0.10347829759120941,2.985849142074585,-1,,,
5,295,35904,2,1,21,21,0.7129589319229126,0.7129589319229126,0.0,1,1.0,1.0,-0.0,-1,,,
5,296,35905,2,1,21,21,0.5664032697677612,0.5664032697677612,0.0,1,1.0,1.0,-0.0,-1,,,
5,297,35906,2,1,21,21,0.5111910700798035,0.5111910700798035,0.0,1,1.0,1.0,-0.0,-1,,,
5,298,35907,2,1,21,21,0.42479151487350464,0.42479151487350464,0.0,1,1.0,1.0,-0.0,-1,,,
5,299,35908,2,1,21,21,0.37353426218032837,0.37353426218032837,0.0,1,1.0,1.0,-0.0,-1,,,
5,300,35909,2,22,21,9,0.3732510507106781,0.3424813151359558,0.03076973557472229,11,0.09200630336999893,0.09200630336999893,2.9990928173065186,-1,,,
5,301,35910,2,22,21,9,0.3514668345451355,0.3340546786785126,0.017412155866622925,6,0.09984492510557175,0.09984492510557175,2.9966347217559814,-1,,,
5,302,35911,2,22,21,13,0.34203505516052246,0.3257328271865845,0.01630222797393799,2,0.09276948869228363,0.09276948869228363,3.012267589569092,-1,,,
5,303,35912,2,22,21,13,0.3252335786819458,0.3106512129306793,0.01458236575126648,2,0.08284225314855576,0.08284225314855576,3.036587953567505,-1,,,
5,304,35913,2,22,21,13,0.32451432943344116,0.3055413067340851,0.01897302269935608,2,0.09401321411132812,0.09401321411132812,3.019291400909424,-1,,,
5,305,35914,2,22,21,18,0.28477004170417786,0.2643904983997345,0.02037954330444336,3,0.0885925143957138,0.0885925143957138,3.023299217224121,-1,,,
5,306,35915,2,22,21,18,0.2613730728626251,0.24298010766506195,0.01839296519756317,2,0.07425390183925629,0.07425390183925629,3.0543904304504395,-1,,,
5,307,35916,2,22,21,18,0.24198612570762634,0.20778720080852509,0.03419892489910126,5,0.09036360681056976,0.09036360681056976,3.017522096633911,-1,,,
5,308,35917,2,22,21,18,0.22795522212982178,0.2144608348608017,0.01349438726902008,2,0.08529196679592133,0.08529196679592133,3.020613670349121,-1,,,
5,309,35918,2,22,21,13,0.22791516780853271,0.21630804240703583,0.011607125401496887,2,0.09384937584400177,0.09384937584400177,3.005185842514038,-1,,,
5,310,35919,2,22,21,13,0.22454212605953217,0.21052148938179016,0.014020636677742004,5,0.08583885431289673,0.08583885431289673,3.011571168899536,-1,,,
5,311,35920,2,22,12,13,0.25032931566238403,0.2133774757385254,0.03695183992385864,8,0.08101963251829147,0.08101963251829147,3.010249137878418,-1,,,
5,312,35921,2,1,12,12,0.21769526600837708,0.21769526600837708,0.0,1,1.0,1.0,-0.0,-1,,,
5,313,35922,2,1,12,12,0.20429763197898865,0.20429763197898865,0.0,1,1.0,1.0,-0.0,-1,,,
5,314,35923,2,1,12,12,0.2153969407081604,0.2153969407081604,0.0,1,1.0,1.0,-0.0,-1,,,
5,315,35924,0,1,12,12,0.23000086843967438,0.23000086843967438,0.0,1,1.0,1.0,-0.0,-1,,,
5,316,35925,0,1,12,12,0.2348865568637848,0.2348865568637848,0.0,1,1.0,1.0,-0.0,-1,,,
5,317,35926,0,22,5,3,0.22606970369815826,0.21962392330169678,0.006445780396461487,3,0.11367732286453247,0.11367732286453247,2.913738965988159,-1,,,
5,318,35927,0,1,5,5,0.22516615688800812,0.22516615688800812,0.0,1,1.0,1.0,-0.0,-1,,,
5,319,35928,0,1,5,5,0.21945388615131378,0.21945388615131378,0.0,1,1.0,1.0,-0.0,-1,,,
5,320,35929,0,1,5,5,0.2154545783996582,0.2154545783996582,0.0,1,1.0,1.0,-0.0,-1,,,
5,321,35930,0,1,5,5,0.20787397027015686,0.20787397027015686,0.0,1,1.0,1.0,-0.0,-1,,,
5,322,35931,0,1,5,5,0.19014233350753784,0.19014233350753784,0.0,1,1.0,1.0,-0.0,-1,,,
5,323,35932,0,22,5,6,0.17596182227134705,0.15525229275226593,0.020709529519081116,4,0.15520517528057098,0.15520517528057098,2.8559024333953857,-1,,,
5,324,35933,0,22,5,6,0.16626036167144775,0.1494634747505188,0.016796886920928955,4,0.09099215269088745,0.09099215269088745,3.0058035850524902,-1,,,
5,325,35934,0,22,10,6,0.18146011233329773,0.1408226639032364,0.04063744843006134,10,0.0808614194393158,0.0808614194393158,3.0325510501861572,-1,,,
5,326,35935,0,1,10,10,0.17635023593902588,0.17635023593902588,0.0,1,1.0,1.0,-0.0,-1,,,
5,327,35936,3,1,10,10,0.1729251891374588,0.1729251891374588,0.0,1,1.0,1.0,-0.0,-1,,,
5,328,35937,3,1,10,10,0.18288691341876984,0.18288691341876984,0.0,1,1.0,1.0,-0.0,-1,,,
5,329,35938,3,1,10,10,0.19312673807144165,0.19312673807144165,0.0,1,1.0,1.0,-0.0,-1,,,
5,330,35939,3,1,10,10,0.2071201056241989,0.2071201056241989,0.0,1,1.0,1.0,-0.0,-1,,,
5,331,35940,3,22,19,17,0.20394057035446167,0.1649363785982132,0.039004191756248474,14,0.08878344297409058,0.08878344297409058,3.000758647918701,-1,,,
5,332,35941,3,1,19,19,0.20283745229244232,0.20283745229244232,0.0,1,1.0,1.0,-0.0,-1,,,
5,333,35942,3,1,19,19,0.21139171719551086,0.21139171719551086,0.0,1,1.0,1.0,-0.0,-1,,,
5,334,35943,3,1,19,19,0.22843904793262482,0.22843904793262482,0.0,1,1.0,1.0,-0.0,-1,,,
5,335,35944,3,1,19,19,0.24437205493450165,0.24437205493450165,0.0,1,1.0,1.0,-0.0,-1,,,
5,336,35945,3,1,19,19,0.25867050886154175,0.25867050886154175,0.0,1,1.0,1.0,-0.0,-1,,,
5,337,35946,3,22,19,15,0.2718922197818756,0.21403566002845764,0.05785655975341797,9,0.09258558601140976,0.09258558601140976,2.9904816150665283,-1,,,
5,338,35947,3,22,19,15,0.2867427468299866,0.22296728193759918,0.06377546489238739,9,0.09568318724632263,0.09568318724632263,2.9862046241760254,-1,,,
5,339,35948,3,22,19,15,0.3118702173233032,0.22616127133369446,0.08570894598960876,11,0.09338865429162979,0.09338865429162979,2.9854369163513184,-1,,,
5,340,35949,3,22,19,15,0.34269943833351135,0.23851877450942993,0.10418066382408142,11,0.0918838307261467,0.0918838307261467,2.9868721961975098,-1,,,
5,341,35950,3,22,19,15,0.37507903575897217,0.28251948952674866,0.09255954623222351,8,0.09718168526887894,0.09718168526887894,2.9778521060943604,-1,,,
5,342,35951,3,22,19,15,0.40406471490859985,0.32317054271698,0.08089417219161987,6,0.09566496312618256,0.09566496312618256,2.9838414192199707,-1,,,
5,343,35952,3,22,19,10,0.4274357259273529,0.34397071599960327,0.08346500992774963,6,0.10657242685556412,0.10657242685556412,2.9784936904907227,-1,,,
5,344,35953,3,22,19,10,0.4532444179058075,0.3543432652950287,0.09890115261077881,6,0.10866125673055649,0.10866125673055649,2.9763076305389404,-1,,,
5,345,35954,3,22,19,10,0.47718480229377747,0.3638555407524109,0.11332926154136658,7,0.11110691726207733,0.11110691726207733,2.972905158996582,-1,,,
5,346,35955,3,22,19,10,0.49789831042289734,0.3694766163825989,0.12842169404029846,8,0.11659030616283417,0.11659030616283417,2.9567437171936035,-1,,,
5,347,35956,3,22,19,10,0.5078772902488708,0.36621251702308655,0.1416647732257843,8,0.10988741368055344,0.10988741368055344,2.9823083877563477,-1,,,
5,348,35957,3,22,19,10,0.5145081281661987,0.3629356920719147,0.15157243609428406,8,0.0972636267542839,0.0972636267542839,2.9869017601013184,-1,,,
5,349,35958,3,22,19,10,0.5167522430419922,0.35351479053497314,0.16323745250701904,8,0.09659752249717712,0.09659752249717712,2.9937973022460938,-1,,,
5,350,35959,3,22,19,10,0.5137824416160583,0.33652764558792114,0.1772547960281372,8,0.0958741158246994,0.0958741158246994,2.9934074878692627,-1,,,
5,351,35960,3,22,19,10,0.5142518281936646,0.32335641980171204,0.19089540839195251,8,0.11727340519428253,0.11727340519428253,2.974264144897461,-1,,,
5,352,35961,3,22,19,10,0.5119733214378357,0.31358471512794495,0.19838860630989075,9,0.12626564502716064,0.12626564502716064,2.9422264099121094,-1,,,
5,353,35962,3,22,19,10,0.5070563554763794,0.30573728680610657,0.20131906867027283,9,0.1273551732301712,0.1273551732301712,2.9436473846435547,-1,,,
5,354,35963,3,22,19,10,0.4968927204608917,0.29708802700042725,0.19980469346046448,9,0.11886738240718842,0.11886738240718842,2.9623212814331055,-1,,,
5,355,35964,3,22,19,10,0.4880398213863373,0.28828132152557373,0.19975849986076355,10,0.09500858932733536,0.09500858932733536,2.9867916107177734,-1,,,
5,356,35965,3,22,19,15,0.4798927903175354,0.27899906039237976,0.20089372992515564,9,0.12401000410318375,0.12401000410318375,2.936246633529663,-1,,,
5,357,35966,3,22,19,10,0.4512541890144348,0.27368906140327454,0.17756512761116028,9,0.13583822548389435,0.13583822548389435,2.919517993927002,-1,,,
5,358,35967,3,22,19,10,0.4239223301410675,0.26957613229751587,0.15434619784355164,8,0.13186506927013397,0.13186506927013397,2.9220504760742188,-1,,,
5,359,35968,3,22,19,10,0.39095109701156616,0.2583184242248535,0.13263267278671265,9,0.12941063940525055,0.12941063940525055,2.9221978187561035,-1,,,
5,360,35969,3,22,19,8,0.3579168915748596,0.252879798412323,0.10503709316253662,7,0.1329863965511322,0.1329863965511322,2.9207959175109863,-1,,,
5,361,35970,3,22,19,8,0.32520365715026855,0.24466851353645325,0.08053514361381531,9,0.12259148806333542,0.12259148806333542,2.939448595046997,-1,,,
5,362,35971,3,22,19,8,0.2997591197490692,0.23875750601291656,0.06100161373615265,8,0.12433093041181564,0.12433093041181564,2.9287331104278564,-1,,,
5,363,35972,3,22,19,8,0.278767853975296,0.24110041558742523,0.03766743838787079,10,0.1252015382051468,0.1252015382051468,2.927964448928833,-1,,,
5,364,35973,0,22,19,8,0.25935256481170654,0.21678127348423004,0.0425712913274765,15,0.12540477514266968,0.12540477514266968,2.9307057857513428,-1,,,
5,365,35974,0,22,19,8,0.25957340002059937,0.21726800501346588,0.042305395007133484,11,0.12385112047195435,0.12385112047195435,2.9292104244232178,-1,,,
5,366,35975,0,22,19,8,0.2594972848892212,0.22253133356571198,0.036965951323509216,12,0.12401683628559113,0.12401683628559113,2.928189277648926,-1,,,
5,367,35976,0,22,19,8,0.260941743850708,0.22793583571910858,0.033005908131599426,14,0.12177816778421402,0.12177816778421402,2.9304118156433105,-1,,,
5,368,35977,0,22,19,8,0.26149964332580566,0.2284696251153946,0.03303001821041107,14,0.11916868388652802,0.11916868388652802,2.9242100715637207,-1,,,
5,369,35978,0,22,19,20,0.2626083195209503,0.23175857961177826,0.030849739909172058,11,0.12004976719617844,0.12004976719617844,2.9240617752075195,-1,,,
5,370,35979,0,22,19,9,0.26174527406692505,0.2305998057126999,0.03114546835422516,9,0.11486286669969559,0.11486286669969559,2.974700689315796,-1,,,
5,371,35980,0,22,19,18,0.2568740248680115,0.2143431007862091,0.04253092408180237,19,0.10390947014093399,0.10390947014093399,2.9826056957244873,-1,,,
5,372,35981,0,22,19,9,0.25169745087623596,0.19460603594779968,0.05709141492843628,21,0.11852922290563583,0.11852922290563583,2.969964027404785,-1,,,
5,373,35982,0,22,19,2,0.2450399100780487,0.179574653506279,0.06546525657176971,21,0.11949881166219711,0.11949881166219711,2.966104745864868,-1,,,
5,374,35983,0,22,19,2,0.23766060173511505,0.1565326303243637,0.08112797141075134,21,0.11775796115398407,0.11775796115398407,2.9854319095611572,-1,,,
5,375,35984,0,22,19,0,0.22812460362911224,0.1355525702238083,0.09257203340530396,21,0.12215759605169296,0.12215759605169296,2.9781196117401123,-1,,,
5,376,35985,0,22,16,0,0.1581040769815445,0.12004006654024124,0.03806401044130325,8,0.10744365304708481,0.10744365304708481,2.956399917602539,-1,,,
5,377,35986,0,1,16,16,0.13592417538166046,0.13592417538166046,0.0,1,1.0,1.0,-0.0,-1,,,
5,378,35987,1,1,16,16,0.10826059430837631,0.10826059430837631,0.0,1,1.0,1.0,-0.0,-1,,,
5,379,35988,1,1,16,16,0.10999120771884918,0.10999120771884918,0.0,1,1.0,1.0,-0.0,-1,,,
5,380,35989,1,1,16,16,0.11390142142772675,0.11390142142772675,0.0,1,1.0,1.0,-0.0,-1,,,
5,381,35990,1,1,16,16,0.11761943995952606,0.11761943995952606,0.0,1,1.0,1.0,-0.0,-1,,,
5,382,35991,1,22,0,16,0.11839620023965836,0.11830277740955353,9.342283010482788e-05,2,0.22513967752456665,0.22513967752456665,2.6541996002197266,-1,,,
