seed,candidate,selected_sensor_ids,steady_cost,condition,operating_condition,event_subtype_id,oracle_loss
7181,candidate_000,cr1000xe_backbone,0.4104,calm,transport,0,1.1267374753952026
7181,candidate_000,cr1000xe_backbone,0.4104,calm,transport,0,1.1364902257919312
7181,candidate_000,cr1000xe_backbone,0.4104,calm,transport,0,1.1369991302490234
7181,candidate_000,cr1000xe_backbone,0.4104,calm,transport,0,1.1277917623519897
7181,candidate_000,cr1000xe_backbone,0.4104,calm,transport,0,1.1083500385284424
7181,candidate_000,cr1000xe_backbone,0.4104,calm,transport,0,1.083998680114746
7181,candidate_000,cr1000xe_backbone,0.4104,calm,transport,0,1.0573036670684814
7181,candidate_000,cr1000xe_backbone,0.4104,calm,transport,0,1.0319246053695679
7181,candidate_000,cr1000xe_backbone,0.4104,calm,transport,0,1.009537696838379
7181,candidate_000,cr1000xe_backbone,0.4104,calm,transport,0,0.9901524186134338
7181,candidate_000,cr1000xe_backbone,0.4104,calm,transport,0,0.973179042339325
7181,candidate_000,cr1000xe_backbone,0.4104,calm,transport,0,0.9618345499038696
7181,candidate_000,cr1000xe_backbone,0.4104,calm,transport,0,0.9508497714996338
7181,candidate_000,cr1000xe_backbone,0.4104,calm,transport,0,0.940615713596344
7181,candidate_000,cr1000xe_backbone,0.4104,calm,transport,0,0.9304773807525635
7181,candidate_000,cr1000xe_backbone,0.4104,calm,transport,0,0.921165406703949
7181,candidate_000,cr1000xe_backbone,0.4104,calm,transport,0,0.9119638800621033
7181,candidate_000,cr1000xe_backbone,0.4104,calm,transport,0,0.9111893773078918
7181,candidate_000,cr1000xe_backbone,0.4104,calm,transport,0,0.9182661175727844
7181,candidate_000,cr1000xe_backbone,0.4104,calm,transport,0,0.9311294555664062
7181,candidate_000,cr1000xe_backbone,0.4104,calm,transport,0,0.948103129863739
7181,candidate_000,cr1000xe_backbone,0.4104,calm,transport,0,0.9681991338729858
7181,candidate_000,cr1000xe_backbone,0.4104,calm,particle,0,0.9899819493293762
7181,candidate_000,cr1000xe_backbone,0.4104,calm,particle,0,1.0107972621917725
7181,candidate_000,cr1000xe_backbone,0.4104,calm,particle,0,1.0273991823196411
7181,candidate_000,cr1000xe_backbone,0.4104,calm,particle,0,1.0369415283203125
7181,candidate_000,cr1000xe_backbone,0.4104,calm,particle,0,1.035798192024231
7181,candidate_000,cr1000xe_backbone,0.4104,calm,particle,0,1.0238198041915894
7181,candidate_000,cr1000xe_backbone,0.4104,calm,particle,0,1.0033395290374756
7181,candidate_000,cr1000xe_backbone,0.4104,calm,particle,0,0.9795545935630798
7181,candidate_000,cr1000xe_backbone,0.4104,calm,particle,0,0.9552033543586731
7181,candidate_000,cr1000xe_backbone,0.4104,calm,particle,0,0.9316776990890503
7181,candidate_000,cr1000xe_backbone,0.4104,calm,particle,0,0.9118214249610901
7181,candidate_000,cr1000xe_backbone,0.4104,calm,particle,0,0.8974097371101379
7181,candidate_000,cr1000xe_backbone,0.4104,calm,particle,0,0.889030396938324
7181,candidate_000,cr1000xe_backbone,0.4104,calm,particle,0,0.8867472410202026
7181,candidate_000,cr1000xe_backbone,0.4104,calm,particle,0,0.8841760754585266
7181,candidate_000,cr1000xe_backbone,0.4104,calm,particle,0,0.8807455897331238
7181,candidate_000,cr1000xe_backbone,0.4104,calm,particle,0,0.8778887391090393
7181,candidate_000,cr1000xe_backbone,0.4104,calm,particle,0,0.8759533762931824
7181,candidate_000,cr1000xe_backbone,0.4104,calm,particle,0,0.8755308985710144
7181,candidate_000,cr1000xe_backbone,0.4104,calm,particle,0,0.883307933807373
7181,candidate_000,cr1000xe_backbone,0.4104,calm,particle,0,0.8950589299201965
7181,candidate_000,cr1000xe_backbone,0.4104,calm,particle,0,0.9099901914596558
7181,candidate_000,cr1000xe_backbone,0.4104,calm,thermal,0,0.9267981052398682
7181,candidate_000,cr1000xe_backbone,0.4104,calm,thermal,0,0.9461467862129211
7181,candidate_000,cr1000xe_backbone,0.4104,calm,thermal,0,0.9668214917182922
7181,candidate_000,cr1000xe_backbone,0.4104,calm,thermal,0,0.9853804707527161
7181,candidate_000,cr1000xe_backbone,0.4104,calm,thermal,0,0.9982380270957947
7181,candidate_000,cr1000xe_backbone,0.4104,calm,thermal,0,1.002642035484314
7181,candidate_000,cr1000xe_backbone,0.4104,calm,thermal,0,0.996356189250946
7181,candidate_000,cr1000xe_backbone,0.4104,calm,thermal,0,0.98017817735672
7181,candidate_000,cr1000xe_backbone,0.4104,calm,thermal,0,0.954394519329071
7181,candidate_000,cr1000xe_backbone,0.4104,calm,thermal,0,0.9266888499259949
7181,candidate_000,cr1000xe_backbone,0.4104,calm,thermal,0,0.8980022072792053
7181,candidate_000,cr1000xe_backbone,0.4104,calm,thermal,0,0.8721961975097656
7181,candidate_000,cr1000xe_backbone,0.4104,calm,thermal,0,0.8502437472343445
7181,candidate_000,cr1000xe_backbone,0.4104,calm,thermal,0,0.8317326307296753
7181,candidate_000,cr1000xe_backbone,0.4104,calm,thermal,0,0.8182615637779236
7181,candidate_000,cr1000xe_backbone,0.4104,calm,thermal,0,0.8117436170578003
7181,candidate_000,cr1000xe_backbone,0.4104,calm,thermal,0,0.8079433441162109
7181,candidate_000,cr1000xe_backbone,0.4104,calm,thermal,0,0.8043283820152283
7181,candidate_000,cr1000xe_backbone,0.4104,calm,thermal,0,0.800208330154419
7181,candidate_000,cr1000xe_backbone,0.4104,calm,thermal,0,0.7964580655097961
7181,candidate_000,cr1000xe_backbone,0.4104,calm,thermal,0,0.7949070930480957
7181,candidate_000,cr1000xe_backbone,0.4104,calm,thermal,0,0.8017375469207764
7181,candidate_000,cr1000xe_backbone,0.4104,calm,thermal,0,0.8151149153709412
7181,candidate_000,cr1000xe_backbone,0.4104,calm,thermal,0,0.8330114483833313
7181,candidate_000,cr1000xe_backbone,0.4104,calm,thermal,0,0.853972315788269
7181,candidate_000,cr1000xe_backbone,0.4104,calm,thermal,0,0.8774073719978333
7181,candidate_000,cr1000xe_backbone,0.4104,calm,thermal,0,0.9019149541854858
7181,candidate_000,cr1000xe_backbone,0.4104,calm,transport,0,0.9249303936958313
7181,candidate_000,cr1000xe_backbone,0.4104,calm,transport,0,0.944769561290741
7181,candidate_000,cr1000xe_backbone,0.4104,calm,transport,0,0.9609126448631287
7181,candidate_000,cr1000xe_backbone,0.4104,calm,transport,0,0.9687560796737671
7181,candidate_000,cr1000xe_backbone,0.4104,calm,transport,0,0.9666171073913574
7181,candidate_000,cr1000xe_backbone,0.4104,calm,transport,0,0.9541221261024475
7181,candidate_000,cr1000xe_backbone,0.4104,calm,transport,0,0.9373400807380676
7181,candidate_000,cr1000xe_backbone,0.4104,calm,transport,0,0.9208140969276428
7181,candidate_000,cr1000xe_backbone,0.4104,calm,transport,0,0.9069380164146423
7181,candidate_000,cr1000xe_backbone,0.4104,calm,transport,0,0.8956092596054077
7181,candidate_000,cr1000xe_backbone,0.4104,calm,transport,0,0.8867671489715576
7181,candidate_000,cr1000xe_backbone,0.4104,calm,transport,0,0.8806362152099609
7181,candidate_000,cr1000xe_backbone,0.4104,calm,transport,0,0.8809166550636292
7181,candidate_000,cr1000xe_backbone,0.4104,calm,transport,0,0.8834131360054016
7181,candidate_000,cr1000xe_backbone,0.4104,calm,transport,0,0.8864327669143677
7181,candidate_000,cr1000xe_backbone,0.4104,calm,transport,0,0.8875610828399658
7181,candidate_000,cr1000xe_backbone,0.4104,calm,transport,0,0.8863023519515991
7181,candidate_000,cr1000xe_backbone,0.4104,calm,transport,0,0.8842542171478271
7181,candidate_000,cr1000xe_backbone,0.4104,calm,transport,0,0.8887417316436768
7181,candidate_000,cr1000xe_backbone,0.4104,calm,transport,0,0.8992238640785217
7181,candidate_000,cr1000xe_backbone,0.4104,calm,transport,0,0.9135308265686035
7181,candidate_000,cr1000xe_backbone,0.4104,calm,transport,0,0.929182767868042
7181,candidate_000,cr1000xe_backbone,0.4104,calm,transport,0,0.9456771612167358
7181,candidate_000,cr1000xe_backbone,0.4104,calm,transport,0,0.9638122320175171
7181,candidate_000,cr1000xe_backbone,0.4104,calm,transport,0,0.9806354641914368
7181,candidate_000,cr1000xe_backbone,0.4104,calm,transport,0,0.9945412874221802
7181,candidate_000,cr1000xe_backbone,0.4104,calm,transport,0,1.0027602910995483
7181,candidate_000,cr1000xe_backbone,0.4104,calm,transport,0,0.9998366236686707
7181,candidate_000,cr1000xe_backbone,0.4104,calm,particle,0,0.9856464266777039
7181,candidate_000,cr1000xe_backbone,0.4104,calm,particle,0,0.9614488482475281
7181,candidate_000,cr1000xe_backbone,0.4104,calm,particle,0,0.9368108510971069
7181,candidate_000,cr1000xe_backbone,0.4104,calm,particle,0,0.9118087887763977
7181,candidate_000,cr1000xe_backbone,0.4104,calm,particle,0,0.8904858827590942
7181,candidate_000,cr1000xe_backbone,0.4104,calm,particle,0,0.8734158873558044
7181,candidate_000,cr1000xe_backbone,0.4104,calm,particle,0,0.8632866144180298
7181,candidate_000,cr1000xe_backbone,0.4104,calm,particle,0,0.8618901371955872
7181,candidate_000,cr1000xe_backbone,0.4104,calm,particle,0,0.8700300455093384
7181,candidate_000,cr1000xe_backbone,0.4104,calm,particle,0,0.8800176382064819
7181,candidate_000,cr1000xe_backbone,0.4104,calm,particle,0,0.888459324836731
7181,candidate_000,cr1000xe_backbone,0.4104,calm,particle,0,0.8971104621887207
7181,candidate_000,cr1000xe_backbone,0.4104,calm,particle,0,0.9071511030197144
7181,candidate_000,cr1000xe_backbone,0.4104,calm,particle,0,0.9183648824691772
7181,candidate_000,cr1000xe_backbone,0.4104,calm,particle,0,0.934044361114502
7181,candidate_000,cr1000xe_backbone,0.4104,calm,particle,0,0.9545881748199463
7181,candidate_000,cr1000xe_backbone,0.4104,calm,particle,0,0.9810120463371277
7181,candidate_000,cr1000xe_backbone,0.4104,calm,particle,0,1.013062596321106
7181,candidate_000,cr1000xe_backbone,0.4104,calm,particle,0,1.0490742921829224
7181,candidate_000,cr1000xe_backbone,0.4104,calm,particle,0,1.0862849950790405
7181,candidate_000,cr1000xe_backbone,0.4104,calm,particle,0,1.1206419467926025
7181,candidate_000,cr1000xe_backbone,0.4104,calm,particle,0,1.1509824991226196
7181,candidate_000,cr1000xe_backbone,0.4104,calm,particle,0,1.1764297485351562
7181,candidate_000,cr1000xe_backbone,0.4104,calm,particle,0,1.1919848918914795
7181,candidate_000,cr1000xe_backbone,0.4104,calm,particle,0,1.1966841220855713
7181,candidate_000,cr1000xe_backbone,0.4104,calm,particle,0,1.1896315813064575
7181,candidate_000,cr1000xe_backbone,0.4104,calm,particle,0,1.1785776615142822
7181,candidate_000,cr1000xe_backbone,0.4104,calm,particle,0,1.1663954257965088
7181,candidate_000,cr1000xe_backbone,0.4104,calm,particle,0,1.155185580253601
7181,candidate_000,cr1000xe_backbone,0.4104,calm,particle,0,1.1472276449203491
7181,candidate_000,cr1000xe_backbone,0.4104,calm,particle,0,1.1428650617599487
7181,candidate_000,cr1000xe_backbone,0.4104,calm,thermal,0,1.1434801816940308
7181,candidate_000,cr1000xe_backbone,0.4104,calm,thermal,0,1.1496671438217163
7181,candidate_000,cr1000xe_backbone,0.4104,calm,thermal,0,1.1577695608139038
7181,candidate_000,cr1000xe_backbone,0.4104,calm,thermal,0,1.1654080152511597
7181,candidate_000,cr1000xe_backbone,0.4104,calm,thermal,0,1.1729395389556885
7181,candidate_000,cr1000xe_backbone,0.4104,calm,thermal,0,1.1801623106002808
7181,candidate_000,cr1000xe_backbone,0.4104,calm,thermal,0,1.1861603260040283
7181,candidate_000,cr1000xe_backbone,0.4104,calm,thermal,0,1.1972613334655762
7181,candidate_000,cr1000xe_backbone,0.4104,calm,thermal,0,1.2121316194534302
7181,candidate_000,cr1000xe_backbone,0.4104,calm,thermal,0,1.2310477495193481
7181,candidate_000,cr1000xe_backbone,0.4104,calm,thermal,0,1.2511987686157227
7181,candidate_000,cr1000xe_backbone,0.4104,calm,thermal,0,1.272498607635498
7181,candidate_000,cr1000xe_backbone,0.4104,calm,thermal,0,1.292701005935669
7181,candidate_000,cr1000xe_backbone,0.4104,calm,thermal,0,1.3117289543151855
7181,candidate_000,cr1000xe_backbone,0.4104,calm,thermal,0,1.3278863430023193
7181,candidate_000,cr1000xe_backbone,0.4104,calm,thermal,0,1.3386492729187012
7181,candidate_000,cr1000xe_backbone,0.4104,calm,thermal,0,1.3372113704681396
7181,candidate_000,cr1000xe_backbone,0.4104,calm,thermal,0,1.3229426145553589
7181,candidate_000,cr1000xe_backbone,0.4104,calm,thermal,0,1.2983393669128418
7181,candidate_000,cr1000xe_backbone,0.4104,calm,thermal,0,1.2726925611495972
7181,candidate_000,cr1000xe_backbone,0.4104,calm,transport,0,1.2481592893600464
7181,candidate_000,cr1000xe_backbone,0.4104,calm,transport,0,1.2262731790542603
7181,candidate_000,cr1000xe_backbone,0.4104,calm,transport,0,1.207922339439392
7181,candidate_000,cr1000xe_backbone,0.4104,calm,transport,0,1.1947088241577148
7181,candidate_000,cr1000xe_backbone,0.4104,calm,transport,0,1.1887288093566895
7181,candidate_000,cr1000xe_backbone,0.4104,calm,transport,0,1.190161108970642
7181,candidate_000,cr1000xe_backbone,0.4104,calm,transport,0,1.1937685012817383
7181,candidate_000,cr1000xe_backbone,0.4104,calm,transport,0,1.1958587169647217
7181,candidate_000,cr1000xe_backbone,0.4104,calm,transport,0,1.1980632543563843
7181,candidate_000,cr1000xe_backbone,0.4104,calm,transport,0,1.2002619504928589
7181,candidate_000,cr1000xe_backbone,0.4104,calm,transport,0,1.2030774354934692
7181,candidate_000,cr1000xe_backbone,0.4104,calm,transport,0,1.2120928764343262
7181,candidate_000,cr1000xe_backbone,0.4104,calm,transport,0,1.2264294624328613
7181,candidate_000,cr1000xe_backbone,0.4104,calm,transport,0,1.2456260919570923
7181,candidate_000,cr1000xe_backbone,0.4104,calm,transport,0,1.267843246459961
7181,candidate_000,cr1000xe_backbone,0.4104,calm,transport,0,1.2924985885620117
7181,candidate_000,cr1000xe_backbone,0.4104,calm,transport,0,1.3171015977859497
7181,candidate_000,cr1000xe_backbone,0.4104,calm,transport,0,1.3408172130584717
7181,candidate_000,cr1000xe_backbone,0.4104,calm,transport,0,1.3632045984268188
7181,candidate_000,cr1000xe_backbone,0.4104,calm,transport,0,1.380775809288025
7181,candidate_000,cr1000xe_backbone,0.4104,calm,transport,0,1.38755464553833
7181,candidate_000,cr1000xe_backbone,0.4104,calm,transport,0,1.3809345960617065
7181,candidate_000,cr1000xe_backbone,0.4104,calm,transport,0,1.363961935043335
7181,candidate_000,cr1000xe_backbone,0.4104,calm,transport,0,1.341328501701355
7181,candidate_000,cr1000xe_backbone,0.4104,calm,transport,0,1.3169710636138916
7181,candidate_000,cr1000xe_backbone,0.4104,calm,transport,0,1.292563796043396
7181,candidate_000,cr1000xe_backbone,0.4104,calm,transport,0,1.2680855989456177
7181,candidate_000,cr1000xe_backbone,0.4104,calm,transport,0,1.2469825744628906
7181,candidate_000,cr1000xe_backbone,0.4104,calm,transport,0,1.230659008026123
7181,candidate_000,cr1000xe_backbone,0.4104,calm,transport,0,1.2229965925216675
7181,candidate_000,cr1000xe_backbone,0.4104,calm,transport,0,1.2163856029510498
7181,candidate_000,cr1000xe_backbone,0.4104,calm,transport,0,1.2108474969863892
7181,candidate_000,cr1000xe_backbone,0.4104,calm,transport,0,1.2058145999908447
7181,candidate_000,cr1000xe_backbone,0.4104,calm,transport,0,1.2003202438354492
7181,candidate_000,cr1000xe_backbone,0.4104,calm,transport,0,1.194740891456604
7181,candidate_000,cr1000xe_backbone,0.4104,calm,particle,0,1.1945267915725708
7181,candidate_000,cr1000xe_backbone,0.4104,calm,particle,0,1.2015727758407593
7181,candidate_000,cr1000xe_backbone,0.4104,calm,particle,0,1.2116165161132812
7181,candidate_000,cr1000xe_backbone,0.4104,calm,particle,0,1.2230401039123535
7181,candidate_000,cr1000xe_backbone,0.4104,calm,particle,0,1.2350572347640991
7181,candidate_000,cr1000xe_backbone,0.4104,calm,particle,0,1.2483010292053223
7181,candidate_000,cr1000xe_backbone,0.4104,calm,particle,0,1.26176118850708
7181,candidate_000,cr1000xe_backbone,0.4104,calm,particle,0,1.2728374004364014
7181,candidate_000,cr1000xe_backbone,0.4104,calm,particle,0,1.2803834676742554
7181,candidate_000,cr1000xe_backbone,0.4104,calm,particle,0,1.2775688171386719
7181,candidate_000,cr1000xe_backbone,0.4104,calm,particle,0,1.2662545442581177
7181,candidate_000,cr1000xe_backbone,0.4104,calm,particle,0,1.2463887929916382
7181,candidate_000,cr1000xe_backbone,0.4104,calm,particle,0,1.2241426706314087
7181,candidate_000,cr1000xe_backbone,0.4104,calm,particle,0,1.2032121419906616
7181,candidate_000,cr1000xe_backbone,0.4104,calm,particle,0,1.1851602792739868
7181,candidate_000,cr1000xe_backbone,0.4104,calm,particle,0,1.1703519821166992
7181,candidate_000,cr1000xe_backbone,0.4104,calm,particle,0,1.1583807468414307
7181,candidate_000,cr1000xe_backbone,0.4104,calm,particle,0,1.1513750553131104
7181,candidate_000,cr1000xe_backbone,0.4104,calm,particle,0,1.150420904159546
7181,candidate_000,cr1000xe_backbone,0.4104,calm,particle,0,1.1543469429016113
7181,candidate_000,cr1000xe_backbone,0.4104,calm,particle,0,1.1606431007385254
7181,candidate_000,cr1000xe_backbone,0.4104,calm,particle,0,1.165642499923706
7181,candidate_000,cr1000xe_backbone,0.4104,calm,particle,0,1.170047402381897
7181,candidate_000,cr1000xe_backbone,0.4104,calm,particle,0,1.1743667125701904
7181,candidate_000,cr1000xe_backbone,0.4104,calm,particle,0,1.1845102310180664
7181,candidate_000,cr1000xe_backbone,0.4104,calm,particle,0,1.1996906995773315
7181,candidate_000,cr1000xe_backbone,0.4104,calm,particle,0,1.2180263996124268
7181,candidate_000,cr1000xe_backbone,0.4104,calm,particle,0,1.2357995510101318
7181,candidate_000,cr1000xe_backbone,0.4104,calm,particle,0,1.2517229318618774
7181,candidate_000,cr1000xe_backbone,0.4104,calm,particle,0,1.2649160623550415
7181,candidate_000,cr1000xe_backbone,0.4104,calm,particle,0,1.2748380899429321
7181,candidate_000,cr1000xe_backbone,0.4104,calm,particle,0,1.2817615270614624
7181,candidate_000,cr1000xe_backbone,0.4104,calm,particle,0,1.285643458366394
7181,candidate_000,cr1000xe_backbone,0.4104,calm,particle,0,1.2815210819244385
7181,candidate_000,cr1000xe_backbone,0.4104,calm,thermal,0,1.266998291015625
7181,candidate_000,cr1000xe_backbone,0.4104,calm,thermal,0,1.2432371377944946
7181,candidate_000,cr1000xe_backbone,0.4104,calm,thermal,0,1.2190757989883423
7181,candidate_000,cr1000xe_backbone,0.4104,calm,thermal,0,1.1959781646728516
7181,candidate_000,cr1000xe_backbone,0.4104,calm,thermal,0,1.176572322845459
7181,candidate_000,cr1000xe_backbone,0.4104,calm,thermal,0,1.1583983898162842
7181,candidate_000,cr1000xe_backbone,0.4104,calm,thermal,0,1.1419013738632202
7181,candidate_000,cr1000xe_backbone,0.4104,calm,thermal,0,1.1296870708465576
7181,candidate_000,cr1000xe_backbone,0.4104,calm,thermal,0,1.12242591381073
7181,candidate_000,cr1000xe_backbone,0.4104,calm,thermal,0,1.1183758974075317
7181,candidate_000,cr1000xe_backbone,0.4104,calm,thermal,0,1.1143558025360107
7181,candidate_000,cr1000xe_backbone,0.4104,calm,thermal,0,1.109362244606018
7181,candidate_000,cr1000xe_backbone,0.4104,calm,thermal,0,1.1033120155334473
7181,candidate_000,cr1000xe_backbone,0.4104,calm,thermal,0,1.097450613975525
7181,candidate_000,cr1000xe_backbone,0.4104,calm,thermal,0,1.0941656827926636
7181,candidate_000,cr1000xe_backbone,0.4104,calm,thermal,0,1.097816824913025
7181,candidate_000,cr1000xe_backbone,0.4104,calm,thermal,0,1.1074169874191284
7181,candidate_000,cr1000xe_backbone,0.4104,calm,thermal,0,1.1164575815200806
7181,candidate_000,cr1000xe_backbone,0.4104,calm,thermal,0,1.129074215888977
7181,candidate_000,cr1000xe_backbone,0.4104,calm,thermal,0,1.1441843509674072
7181,candidate_000,cr1000xe_backbone,0.4104,calm,thermal,0,1.1582742929458618
7181,candidate_000,cr1000xe_backbone,0.4104,calm,transport,0,1.167128562927246
7181,candidate_000,cr1000xe_backbone,0.4104,calm,transport,0,1.1740286350250244
7181,candidate_000,cr1000xe_backbone,0.4104,calm,transport,0,1.1695520877838135
7181,candidate_000,cr1000xe_backbone,0.4104,calm,transport,0,1.1602497100830078
7181,candidate_000,cr1000xe_backbone,0.4104,calm,transport,0,1.1463310718536377
7181,candidate_000,cr1000xe_backbone,0.4104,calm,transport,0,1.1310874223709106
7181,candidate_000,cr1000xe_backbone,0.4104,calm,transport,0,1.11589777469635
7181,candidate_000,cr1000xe_backbone,0.4104,calm,transport,0,1.10297691822052
7181,candidate_000,cr1000xe_backbone,0.4104,calm,transport,0,1.0959540605545044
7181,candidate_000,cr1000xe_backbone,0.4104,calm,transport,0,1.0925607681274414
7181,candidate_000,cr1000xe_backbone,0.4104,calm,transport,0,1.0954982042312622
7181,candidate_000,cr1000xe_backbone,0.4104,calm,transport,0,1.1023364067077637
7181,candidate_000,cr1000xe_backbone,0.4104,calm,transport,0,1.1076140403747559
7181,candidate_000,cr1000xe_backbone,0.4104,calm,transport,0,1.1108708381652832
7181,candidate_000,cr1000xe_backbone,0.4104,calm,transport,0,1.1125450134277344
7181,candidate_000,cr1000xe_backbone,0.4104,calm,transport,0,1.116424560546875
7181,candidate_000,cr1000xe_backbone,0.4104,particle,thermal,1,0.9437281489372253
7181,candidate_000,cr1000xe_backbone,0.4104,particle,thermal,1,1.1972767114639282
7181,candidate_000,cr1000xe_backbone,0.4104,particle,thermal,1,1.4553074836730957
7181,candidate_000,cr1000xe_backbone,0.4104,particle,thermal,1,1.6645296812057495
7181,candidate_000,cr1000xe_backbone,0.4104,particle,thermal,1,1.937730312347412
7181,candidate_000,cr1000xe_backbone,0.4104,particle,thermal,1,2.209529161453247
7181,candidate_000,cr1000xe_backbone,0.4104,particle,thermal,1,2.5048558712005615
7181,candidate_000,cr1000xe_backbone,0.4104,particle,thermal,1,2.8177545070648193
7181,candidate_000,cr1000xe_backbone,0.4104,particle,transport,1,2.818573236465454
7181,candidate_000,cr1000xe_backbone,0.4104,particle,transport,1,2.81815505027771
7181,candidate_000,cr1000xe_backbone,0.4104,particle,transport,1,2.8170313835144043
7181,candidate_000,cr1000xe_backbone,0.4104,particle,transport,1,2.8283748626708984
7181,candidate_000,cr1000xe_backbone,0.4104,particle,transport,1,2.815232515335083
7181,candidate_000,cr1000xe_backbone,0.4104,particle,transport,1,2.5497310161590576
7181,candidate_000,cr1000xe_backbone,0.4104,particle,transport,1,2.2851083278656006
7181,candidate_000,cr1000xe_backbone,0.4104,particle,transport,1,2.0170321464538574
7181,candidate_000,cr1000xe_backbone,0.4104,particle,transport,1,1.7467036247253418
7181,candidate_000,cr1000xe_backbone,0.4104,particle,transport,1,1.4688494205474854
7181,candidate_000,cr1000xe_backbone,0.4104,particle,transport,1,1.1812493801116943
7181,candidate_000,cr1000xe_backbone,0.4104,particle,transport,1,0.8819798827171326
7181,candidate_000,cr1000xe_backbone,0.4104,particle,transport,1,0.5754727125167847
7181,candidate_000,cr1000xe_backbone,0.4104,calm,transport,0,0.5686676502227783
7181,candidate_000,cr1000xe_backbone,0.4104,calm,transport,0,0.5638507008552551
7181,candidate_000,cr1000xe_backbone,0.4104,calm,transport,0,0.5596939325332642
7181,candidate_000,cr1000xe_backbone,0.4104,calm,transport,0,0.5559131503105164
7181,candidate_000,cr1000xe_backbone,0.4104,calm,transport,0,0.5521649122238159
7181,candidate_000,cr1000xe_backbone,0.4104,calm,transport,0,0.5547676682472229
7181,candidate_000,cr1000xe_backbone,0.4104,calm,transport,0,0.5374032855033875
7181,candidate_000,cr1000xe_backbone,0.4104,calm,transport,0,0.5454282760620117
7181,candidate_000,cr1000xe_backbone,0.4104,calm,transport,0,0.537168025970459
7181,candidate_000,cr1000xe_backbone,0.4104,calm,transport,0,0.5346947312355042
7181,candidate_000,cr1000xe_backbone,0.4104,calm,transport,0,0.5249160528182983
7181,candidate_000,cr1000xe_backbone,0.4104,calm,transport,0,0.5242651700973511
7181,candidate_000,cr1000xe_backbone,0.4104,calm,particle,0,0.5449917912483215
7181,candidate_000,cr1000xe_backbone,0.4104,flux,particle,2,0.5621832013130188
7181,candidate_000,cr1000xe_backbone,0.4104,flux,particle,2,0.5629644393920898
7181,candidate_000,cr1000xe_backbone,0.4104,flux,particle,2,0.5755165815353394
7181,candidate_000,cr1000xe_backbone,0.4104,flux,particle,2,0.5931034088134766
7181,candidate_000,cr1000xe_backbone,0.4104,flux,particle,2,0.5954161286354065
7181,candidate_000,cr1000xe_backbone,0.4104,flux,particle,2,0.6183973550796509
7181,candidate_000,cr1000xe_backbone,0.4104,flux,particle,2,0.623345136642456
7181,candidate_000,cr1000xe_backbone,0.4104,flux,particle,2,0.6260703206062317
7181,candidate_000,cr1000xe_backbone,0.4104,flux,particle,2,0.6351634860038757
7181,candidate_000,cr1000xe_backbone,0.4104,flux,particle,2,0.6248540282249451
7181,candidate_000,cr1000xe_backbone,0.4104,flux,particle,2,0.6204966306686401
7181,candidate_000,cr1000xe_backbone,0.4104,flux,particle,2,0.6186376810073853
7181,candidate_000,cr1000xe_backbone,0.4104,flux,particle,2,0.6503869891166687
7181,candidate_000,cr1000xe_backbone,0.4104,flux,particle,2,0.66436767578125
7181,candidate_000,cr1000xe_backbone,0.4104,flux,particle,2,0.6824784278869629
7181,candidate_000,cr1000xe_backbone,0.4104,flux,particle,2,0.6770241856575012
7181,candidate_000,cr1000xe_backbone,0.4104,flux,particle,2,0.6672968864440918
7181,candidate_000,cr1000xe_backbone,0.4104,flux,particle,2,0.6734439134597778
7181,candidate_000,cr1000xe_backbone,0.4104,flux,particle,2,0.6510502696037292
7181,candidate_000,cr1000xe_backbone,0.4104,flux,particle,2,0.6590585112571716
7181,candidate_000,cr1000xe_backbone,0.4104,flux,particle,2,0.6334470510482788
7181,candidate_000,cr1000xe_backbone,0.4104,flux,particle,2,0.6094197630882263
7181,candidate_000,cr1000xe_backbone,0.4104,flux,thermal,2,0.6125160455703735
7181,candidate_000,cr1000xe_backbone,0.4104,flux,thermal,2,0.6354338526725769
7181,candidate_000,cr1000xe_backbone,0.4104,flux,thermal,2,0.7010191082954407
7181,candidate_000,cr1000xe_backbone,0.4104,flux,thermal,2,0.7647225260734558
7181,candidate_000,cr1000xe_backbone,0.4104,flux,thermal,2,0.8014457821846008
7181,candidate_000,cr1000xe_backbone,0.4104,flux,thermal,2,0.8661295175552368
7181,candidate_000,cr1000xe_backbone,0.4104,flux,thermal,2,0.911404013633728
7181,candidate_000,cr1000xe_backbone,0.4104,flux,thermal,2,0.9359713792800903
7181,candidate_000,cr1000xe_backbone,0.4104,flux,thermal,2,0.9337254762649536
7181,candidate_000,cr1000xe_backbone,0.4104,flux,thermal,2,0.950752317905426
7181,candidate_000,cr1000xe_backbone,0.4104,flux,thermal,2,0.9642473459243774
7181,candidate_000,cr1000xe_backbone,0.4104,flux,thermal,2,0.9875176548957825
7181,candidate_000,cr1000xe_backbone,0.4104,flux,thermal,2,1.0139356851577759
7181,candidate_000,cr1000xe_backbone,0.4104,flux,thermal,2,1.0339757204055786
7181,candidate_000,cr1000xe_backbone,0.4104,flux,thermal,2,1.0388174057006836
7181,candidate_000,cr1000xe_backbone,0.4104,flux,thermal,2,1.0528699159622192
7181,candidate_000,cr1000xe_backbone,0.4104,flux,thermal,2,1.051342487335205
7181,candidate_000,cr1000xe_backbone,0.4104,flux,thermal,2,1.0533136129379272
7181,candidate_000,cr1000xe_backbone,0.4104,flux,thermal,2,1.0265978574752808
7181,candidate_000,cr1000xe_backbone,0.4104,flux,thermal,2,1.0106786489486694
7181,candidate_000,cr1000xe_backbone,0.4104,flux,thermal,2,0.9913241863250732
7181,candidate_000,cr1000xe_backbone,0.4104,flux,thermal,2,0.961249053478241
7181,candidate_000,cr1000xe_backbone,0.4104,flux,thermal,2,0.925669252872467
7181,candidate_000,cr1000xe_backbone,0.4104,flux,thermal,2,0.923456072807312
7181,candidate_000,cr1000xe_backbone,0.4104,flux,thermal,2,0.9310316443443298
7181,candidate_000,cr1000xe_backbone,0.4104,flux,thermal,2,0.9279389977455139
7181,candidate_000,cr1000xe_backbone,0.4104,flux,thermal,2,0.8880971074104309
7181,candidate_000,cr1000xe_backbone,0.4104,flux,thermal,2,0.8834991455078125
7181,candidate_000,cr1000xe_backbone,0.4104,flux,thermal,2,0.8913096785545349
7181,candidate_000,cr1000xe_backbone,0.4104,flux,thermal,2,0.8651907444000244
7181,candidate_000,cr1000xe_backbone,0.4104,flux,thermal,2,0.785993218421936
7181,candidate_000,cr1000xe_backbone,0.4104,calm,thermal,0,0.7665068507194519
7181,candidate_000,cr1000xe_backbone,0.4104,calm,thermal,0,0.7477613091468811
7181,candidate_000,cr1000xe_backbone,0.4104,calm,thermal,0,0.7287046313285828
7181,candidate_000,cr1000xe_backbone,0.4104,calm,transport,0,0.7114255428314209
7181,candidate_000,cr1000xe_backbone,0.4104,calm,transport,0,0.6943731904029846
7181,candidate_000,cr1000xe_backbone,0.4104,calm,transport,0,0.6775616407394409
7181,candidate_000,cr1000xe_backbone,0.4104,calm,transport,0,0.6582573652267456
7181,candidate_000,cr1000xe_backbone,0.4104,calm,transport,0,0.6356027722358704
7181,candidate_000,cr1000xe_backbone,0.4104,calm,transport,0,0.6227650046348572
7181,candidate_000,cr1000xe_backbone,0.4104,calm,transport,0,0.6059696674346924
7181,candidate_000,cr1000xe_backbone,0.4104,calm,transport,0,0.6000145673751831
7181,candidate_000,cr1000xe_backbone,0.4104,calm,transport,0,0.5893532633781433
7181,candidate_000,cr1000xe_backbone,0.4104,calm,transport,0,0.5747440457344055
7181,candidate_000,cr1000xe_backbone,0.4104,calm,transport,0,0.5609903931617737
7181,candidate_000,cr1000xe_backbone,0.4104,particle,transport,1,0.5528274178504944
7181,candidate_000,cr1000xe_backbone,0.4104,particle,transport,1,0.5488197207450867
7181,candidate_000,cr1000xe_backbone,0.4104,particle,transport,1,0.5364536046981812
7181,candidate_000,cr1000xe_backbone,0.4104,particle,transport,1,0.5294941663742065
7181,candidate_000,cr1000xe_backbone,0.4104,particle,transport,1,0.5202109813690186
7181,candidate_000,cr1000xe_backbone,0.4104,particle,transport,1,0.516572117805481
7181,candidate_000,cr1000xe_backbone,0.4104,particle,transport,1,0.5203823447227478
7181,candidate_000,cr1000xe_backbone,0.4104,particle,transport,1,0.5242184996604919
7181,candidate_000,cr1000xe_backbone,0.4104,particle,transport,1,0.5278689861297607
7181,candidate_000,cr1000xe_backbone,0.4104,particle,transport,1,0.5314436554908752
7181,candidate_000,cr1000xe_backbone,0.4104,particle,transport,1,0.5350142121315002
7181,candidate_000,cr1000xe_backbone,0.4104,particle,transport,1,0.5443753004074097
7181,candidate_000,cr1000xe_backbone,0.4104,particle,transport,1,0.5493788123130798
7181,candidate_000,cr1000xe_backbone,0.4104,particle,transport,1,0.5529962778091431
7181,candidate_000,cr1000xe_backbone,0.4104,particle,transport,1,0.5601747035980225
7181,candidate_000,cr1000xe_backbone,0.4104,particle,particle,1,0.5725232362747192
7181,candidate_000,cr1000xe_backbone,0.4104,particle,particle,1,0.5789322257041931
7181,candidate_000,cr1000xe_backbone,0.4104,particle,particle,1,0.5873571634292603
7181,candidate_000,cr1000xe_backbone,0.4104,particle,particle,1,0.6074329018592834
7181,candidate_000,cr1000xe_backbone,0.4104,particle,particle,1,0.626258134841919
7181,candidate_000,cr1000xe_backbone,0.4104,particle,particle,1,0.6451998949050903
7181,candidate_000,cr1000xe_backbone,0.4104,particle,particle,1,0.6650427579879761
7181,candidate_000,cr1000xe_backbone,0.4104,particle,particle,1,0.6787661910057068
7181,candidate_000,cr1000xe_backbone,0.4104,particle,particle,1,0.6883826851844788
7181,candidate_000,cr1000xe_backbone,0.4104,particle,particle,1,0.7034012675285339
7181,candidate_000,cr1000xe_backbone,0.4104,particle,particle,1,0.7185389995574951
7181,candidate_000,cr1000xe_backbone,0.4104,calm,particle,0,0.724417507648468
7181,candidate_000,cr1000xe_backbone,0.4104,calm,particle,0,0.7286056876182556
7181,candidate_000,cr1000xe_backbone,0.4104,calm,particle,0,0.7341476082801819
7181,candidate_000,cr1000xe_backbone,0.4104,calm,particle,0,0.741424560546875
7181,candidate_000,cr1000xe_backbone,0.4104,calm,particle,0,0.751740574836731
7181,candidate_000,cr1000xe_backbone,0.4104,calm,particle,0,0.7556906342506409
7181,candidate_000,cr1000xe_backbone,0.4104,calm,particle,0,0.7499040365219116
7181,candidate_000,cr1000xe_backbone,0.4104,calm,particle,0,0.7508165836334229
7181,candidate_000,cr1000xe_backbone,0.4104,calm,thermal,0,0.7526386976242065
7181,candidate_000,cr1000xe_backbone,0.4104,calm,thermal,0,0.7554731369018555
7181,candidate_000,cr1000xe_backbone,0.4104,calm,thermal,0,0.758179247379303
7181,candidate_000,cr1000xe_backbone,0.4104,calm,thermal,0,0.7359717488288879
7181,candidate_000,cr1000xe_backbone,0.4104,calm,thermal,0,0.7419840693473816
7181,candidate_000,cr1000xe_backbone,0.4104,flux,thermal,2,0.7516337633132935
7181,candidate_000,cr1000xe_backbone,0.4104,flux,thermal,2,0.6976306438446045
7181,candidate_000,cr1000xe_backbone,0.4104,flux,thermal,2,0.6958068013191223
7181,candidate_000,cr1000xe_backbone,0.4104,flux,thermal,2,0.6941898465156555
7181,candidate_000,cr1000xe_backbone,0.4104,flux,thermal,2,0.678186297416687
7181,candidate_000,cr1000xe_backbone,0.4104,flux,thermal,2,0.6863541007041931
7181,candidate_000,cr1000xe_backbone,0.4104,flux,thermal,2,0.6790885329246521
7181,candidate_000,cr1000xe_backbone,0.4104,flux,thermal,2,0.6854835152626038
7181,candidate_000,cr1000xe_backbone,0.4104,flux,thermal,2,0.704483687877655
7181,candidate_000,cr1000xe_backbone,0.4104,flux,thermal,2,0.6742363572120667
7181,candidate_000,cr1000xe_backbone,0.4104,flux,thermal,2,0.676712691783905
7181,candidate_000,cr1000xe_backbone,0.4104,flux,thermal,2,0.6680482029914856
7181,candidate_000,cr1000xe_backbone,0.4104,flux,thermal,2,0.6367220878601074
7181,candidate_000,cr1000xe_backbone,0.4104,flux,thermal,2,0.6235485076904297
7181,candidate_000,cr1000xe_backbone,0.4104,flux,thermal,2,0.6282631754875183
7181,candidate_000,cr1000xe_backbone,0.4104,flux,thermal,2,0.6048309803009033
7181,candidate_000,cr1000xe_backbone,0.4104,flux,thermal,2,0.5735107660293579
7181,candidate_000,cr1000xe_backbone,0.4104,flux,thermal,2,0.5648882985115051
7181,candidate_000,cr1000xe_backbone,0.4104,flux,thermal,2,0.5681210160255432
7181,candidate_000,cr1000xe_backbone,0.4104,flux,thermal,2,0.5368648171424866
7181,candidate_000,cr1000xe_backbone,0.4104,flux,thermal,2,0.8074222207069397
7181,candidate_000,cr1000xe_backbone,0.4104,flux,thermal,2,1.0816503763198853
7181,candidate_000,cr1000xe_backbone,0.4104,flux,thermal,2,1.3801630735397339
7181,candidate_000,cr1000xe_backbone,0.4104,flux,thermal,2,1.6871346235275269
7181,candidate_000,cr1000xe_backbone,0.4104,flux,thermal,2,1.9582935571670532
7181,candidate_000,cr1000xe_backbone,0.4104,flux,thermal,2,2.2682268619537354
7181,candidate_000,cr1000xe_backbone,0.4104,flux,thermal,2,2.5807650089263916
7181,candidate_000,cr1000xe_backbone,0.4104,flux,thermal,2,2.9121367931365967
7181,candidate_000,cr1000xe_backbone,0.4104,flux,transport,2,2.9158122539520264
7181,candidate_000,cr1000xe_backbone,0.4104,flux,transport,2,2.9189417362213135
7181,candidate_000,cr1000xe_backbone,0.4104,flux,transport,2,2.9226958751678467
7181,candidate_000,cr1000xe_backbone,0.4104,flux,transport,2,2.9238181114196777
7181,candidate_000,cr1000xe_backbone,0.4104,flux,transport,2,2.928586959838867
7181,candidate_000,cr1000xe_backbone,0.4104,flux,transport,2,2.928500175476074
7181,candidate_000,cr1000xe_backbone,0.4104,flux,transport,2,2.9303762912750244
7181,candidate_000,cr1000xe_backbone,0.4104,flux,transport,2,2.9335169792175293
7181,candidate_000,cr1000xe_backbone,0.4104,flux,transport,2,2.9342756271362305
7181,candidate_000,cr1000xe_backbone,0.4104,flux,transport,2,2.9396045207977295
7181,candidate_000,cr1000xe_backbone,0.4104,flux,transport,2,2.9439682960510254
7181,candidate_000,cr1000xe_backbone,0.4104,flux,transport,2,2.9501867294311523
7181,candidate_000,cr1000xe_backbone,0.4104,flux,transport,2,2.958932876586914
7181,candidate_000,cr1000xe_backbone,0.4104,flux,transport,2,2.9631307125091553
7181,candidate_000,cr1000xe_backbone,0.4104,flux,transport,2,2.9715535640716553
7181,candidate_000,cr1000xe_backbone,0.4104,flux,transport,2,2.973914623260498
7181,candidate_000,cr1000xe_backbone,0.4104,flux,transport,2,2.9840199947357178
7181,candidate_000,cr1000xe_backbone,0.4104,flux,transport,2,2.992187976837158
7181,candidate_000,cr1000xe_backbone,0.4104,flux,transport,2,3.0013058185577393
7181,candidate_000,cr1000xe_backbone,0.4104,flux,transport,2,3.0101802349090576
7181,candidate_000,cr1000xe_backbone,0.4104,flux,transport,2,2.779663324356079
7181,candidate_000,cr1000xe_backbone,0.4104,flux,transport,2,2.5700457096099854
7181,candidate_000,cr1000xe_backbone,0.4104,flux,transport,2,2.326219081878662
7181,candidate_000,cr1000xe_backbone,0.4104,flux,transport,2,2.0775575637817383
7181,candidate_000,cr1000xe_backbone,0.4104,flux,transport,2,1.8231912851333618
7181,candidate_000,cr1000xe_backbone,0.4104,flux,transport,2,1.5613222122192383
7181,candidate_000,cr1000xe_backbone,0.4104,flux,transport,2,1.282578945159912
7181,candidate_000,cr1000xe_backbone,0.4104,flux,transport,2,1.0110137462615967
7181,candidate_000,cr1000xe_backbone,0.4104,flux,particle,2,0.9817909598350525
7181,candidate_000,cr1000xe_backbone,0.4104,flux,particle,2,0.9496627449989319
7181,candidate_000,cr1000xe_backbone,0.4104,calm,particle,0,0.9478188753128052
7181,candidate_000,cr1000xe_backbone,0.4104,calm,particle,0,0.9438161253929138
7181,candidate_000,cr1000xe_backbone,0.4104,calm,particle,0,0.9376058578491211
7181,candidate_000,cr1000xe_backbone,0.4104,calm,particle,0,0.9286166429519653
7181,candidate_000,cr1000xe_backbone,0.4104,calm,particle,0,0.8974398374557495
7181,candidate_000,cr1000xe_backbone,0.4104,calm,particle,0,0.8500099182128906
7181,candidate_000,cr1000xe_backbone,0.4104,calm,particle,0,0.8282660841941833
7181,candidate_000,cr1000xe_backbone,0.4104,calm,particle,0,0.8182038068771362
7181,candidate_000,cr1000xe_backbone,0.4104,calm,particle,0,0.8046265244483948
7181,candidate_000,cr1000xe_backbone,0.4104,calm,particle,0,0.7916275262832642
7181,candidate_000,cr1000xe_backbone,0.4104,calm,particle,0,0.8015428185462952
7181,candidate_000,cr1000xe_backbone,0.4104,calm,particle,0,0.8340482711791992
7181,candidate_000,cr1000xe_backbone,0.4104,flux,particle,2,0.8222688436508179
7181,candidate_000,cr1000xe_backbone,0.4104,flux,particle,2,0.8001374006271362
7181,candidate_000,cr1000xe_backbone,0.4104,flux,particle,2,0.8043432235717773
7181,candidate_000,cr1000xe_backbone,0.4104,flux,particle,2,0.7813927531242371
7181,candidate_000,cr1000xe_backbone,0.4104,flux,thermal,2,0.7813087701797485
7181,candidate_000,cr1000xe_backbone,0.4104,flux,thermal,2,0.7786853313446045
7181,candidate_000,cr1000xe_backbone,0.4104,flux,thermal,2,0.7641237378120422
7181,candidate_000,cr1000xe_backbone,0.4104,flux,thermal,2,0.7390174865722656
7181,candidate_000,cr1000xe_backbone,0.4104,flux,thermal,2,0.6879600882530212
7181,candidate_000,cr1000xe_backbone,0.4104,flux,thermal,2,0.6959096789360046
7181,candidate_000,cr1000xe_backbone,0.4104,flux,thermal,2,0.6911093592643738
7181,candidate_000,cr1000xe_backbone,0.4104,flux,thermal,2,0.67222660779953
7181,candidate_000,cr1000xe_backbone,0.4104,flux,thermal,2,0.6764557361602783
7181,candidate_000,cr1000xe_backbone,0.4104,flux,thermal,2,0.6915043592453003
7181,candidate_000,cr1000xe_backbone,0.4104,flux,thermal,2,0.7252436280250549
7181,candidate_000,cr1000xe_backbone,0.4104,flux,thermal,2,0.7424070239067078
7181,candidate_000,cr1000xe_backbone,0.4104,flux,thermal,2,0.7110238075256348
7181,candidate_000,cr1000xe_backbone,0.4104,flux,thermal,2,0.7226775288581848
7181,candidate_000,cr1000xe_backbone,0.4104,flux,thermal,2,0.682814359664917
7181,candidate_000,cr1000xe_backbone,0.4104,flux,thermal,2,0.6808145642280579
7181,candidate_000,cr1000xe_backbone,0.4104,flux,thermal,2,0.6631903648376465
7181,candidate_000,cr1000xe_backbone,0.4104,flux,thermal,2,0.6560518145561218
7181,candidate_000,cr1000xe_backbone,0.4104,flux,thermal,2,0.6616237163543701
7181,candidate_000,cr1000xe_backbone,0.4104,flux,thermal,2,0.6698116660118103
7181,candidate_000,cr1000xe_backbone,0.4104,flux,thermal,2,0.6721226572990417
7181,candidate_000,cr1000xe_backbone,0.4104,flux,thermal,2,0.6543378233909607
7181,candidate_000,cr1000xe_backbone,0.4104,flux,thermal,2,0.5993256568908691
7181,candidate_000,cr1000xe_backbone,0.4104,flux,thermal,2,0.5851969718933105
7181,candidate_000,cr1000xe_backbone,0.4104,flux,thermal,2,0.8738240599632263
7181,candidate_000,cr1000xe_backbone,0.4104,flux,thermal,2,1.1698939800262451
7181,candidate_000,cr1000xe_backbone,0.4104,flux,thermal,2,1.2135396003723145
7181,candidate_000,cr1000xe_backbone,0.4104,flux,thermal,2,1.2611267566680908
7181,candidate_000,cr1000xe_backbone,0.4104,flux,thermal,2,1.3329007625579834
7181,candidate_000,cr1000xe_backbone,0.4104,flux,thermal,2,1.4066057205200195
7181,candidate_000,cr1000xe_backbone,0.4104,flux,thermal,2,1.3937944173812866
7181,candidate_000,cr1000xe_backbone,0.4104,flux,thermal,2,1.4501030445098877
7181,candidate_000,cr1000xe_backbone,0.4104,flux,transport,2,1.166806697845459
7181,candidate_000,cr1000xe_backbone,0.4104,flux,transport,2,0.8728368878364563
7181,candidate_000,cr1000xe_backbone,0.4104,calm,transport,0,0.8747105598449707
7181,candidate_000,cr1000xe_backbone,0.4104,calm,transport,0,0.8757184743881226
7181,candidate_000,cr1000xe_backbone,0.4104,calm,transport,0,0.8735260367393494
7181,candidate_000,cr1000xe_backbone,0.4104,calm,transport,0,0.8679161071777344
7181,candidate_000,cr1000xe_backbone,0.4104,calm,transport,0,0.8629608154296875
7181,candidate_000,cr1000xe_backbone,0.4104,calm,transport,0,0.8593679666519165
7181,candidate_000,cr1000xe_backbone,0.4104,calm,transport,0,1.1143611669540405
7181,candidate_000,cr1000xe_backbone,0.4104,calm,transport,0,1.3639936447143555
7181,candidate_001,met_station_core;cr1000xe_backbone,1.1303999999999998,calm,transport,0,0.49940502643585205
7181,candidate_001,met_station_core;cr1000xe_backbone,1.1303999999999998,calm,transport,0,0.6056978702545166
7181,candidate_001,met_station_core;cr1000xe_backbone,1.1303999999999998,calm,transport,0,0.60239577293396
7181,candidate_001,met_station_core;cr1000xe_backbone,1.1303999999999998,calm,transport,0,0.6183863878250122
7181,candidate_001,met_station_core;cr1000xe_backbone,1.1303999999999998,calm,transport,0,0.467033326625824
7181,candidate_001,met_station_core;cr1000xe_backbone,1.1303999999999998,calm,transport,0,0.4805871248245239
7181,candidate_001,met_station_core;cr1000xe_backbone,1.1303999999999998,calm,transport,0,0.4595166742801666
7181,candidate_001,met_station_core;cr1000xe_backbone,1.1303999999999998,calm,transport,0,0.4426407217979431
7181,candidate_001,met_station_core;cr1000xe_backbone,1.1303999999999998,calm,transport,0,0.5222606062889099
7181,candidate_001,met_station_core;cr1000xe_backbone,1.1303999999999998,calm,transport,0,0.4867396056652069
7181,candidate_001,met_station_core;cr1000xe_backbone,1.1303999999999998,calm,transport,0,0.4262305498123169
7181,candidate_001,met_station_core;cr1000xe_backbone,1.1303999999999998,calm,transport,0,0.40386447310447693
7181,candidate_001,met_station_core;cr1000xe_backbone,1.1303999999999998,calm,transport,0,0.33056217432022095
7181,candidate_001,met_station_core;cr1000xe_backbone,1.1303999999999998,calm,transport,0,0.32671841979026794
7181,candidate_001,met_station_core;cr1000xe_backbone,1.1303999999999998,calm,transport,0,0.40185296535491943
7181,candidate_001,met_station_core;cr1000xe_backbone,1.1303999999999998,calm,transport,0,0.4190754294395447
7181,candidate_001,met_station_core;cr1000xe_backbone,1.1303999999999998,calm,transport,0,0.484610378742218
7181,candidate_001,met_station_core;cr1000xe_backbone,1.1303999999999998,calm,transport,0,0.5307564735412598
7181,candidate_001,met_station_core;cr1000xe_backbone,1.1303999999999998,calm,transport,0,1.326549768447876
7181,candidate_001,met_station_core;cr1000xe_backbone,1.1303999999999998,calm,transport,0,1.850558876991272
7181,candidate_001,met_station_core;cr1000xe_backbone,1.1303999999999998,calm,transport,0,2.026761531829834
7181,candidate_001,met_station_core;cr1000xe_backbone,1.1303999999999998,calm,transport,0,2.1984341144561768
7181,candidate_001,met_station_core;cr1000xe_backbone,1.1303999999999998,calm,particle,0,2.38580322265625
7181,candidate_001,met_station_core;cr1000xe_backbone,1.1303999999999998,calm,particle,0,2.501054048538208
7181,candidate_001,met_station_core;cr1000xe_backbone,1.1303999999999998,calm,particle,0,2.491023540496826
7181,candidate_001,met_station_core;cr1000xe_backbone,1.1303999999999998,calm,particle,0,2.525195598602295
7181,candidate_001,met_station_core;cr1000xe_backbone,1.1303999999999998,calm,particle,0,2.4825737476348877
7181,candidate_001,met_station_core;cr1000xe_backbone,1.1303999999999998,calm,particle,0,2.4851534366607666
7181,candidate_001,met_station_core;cr1000xe_backbone,1.1303999999999998,calm,particle,0,2.3910071849823
7181,candidate_001,met_station_core;cr1000xe_backbone,1.1303999999999998,calm,particle,0,2.3067071437835693
7181,candidate_001,met_station_core;cr1000xe_backbone,1.1303999999999998,calm,particle,0,2.1893157958984375
7181,candidate_001,met_station_core;cr1000xe_backbone,1.1303999999999998,calm,particle,0,2.0698366165161133
7181,candidate_001,met_station_core;cr1000xe_backbone,1.1303999999999998,calm,particle,0,1.9964385032653809
7181,candidate_001,met_station_core;cr1000xe_backbone,1.1303999999999998,calm,particle,0,1.9315557479858398
7181,candidate_001,met_station_core;cr1000xe_backbone,1.1303999999999998,calm,particle,0,1.8042291402816772
7181,candidate_001,met_station_core;cr1000xe_backbone,1.1303999999999998,calm,particle,0,1.6050437688827515
7181,candidate_001,met_station_core;cr1000xe_backbone,1.1303999999999998,calm,particle,0,1.5306894779205322
7181,candidate_001,met_station_core;cr1000xe_backbone,1.1303999999999998,calm,particle,0,1.4955333471298218
7181,candidate_001,met_station_core;cr1000xe_backbone,1.1303999999999998,calm,particle,0,1.7976192235946655
7181,candidate_001,met_station_core;cr1000xe_backbone,1.1303999999999998,calm,particle,0,1.7493770122528076
7181,candidate_001,met_station_core;cr1000xe_backbone,1.1303999999999998,calm,particle,0,1.9303596019744873
7181,candidate_001,met_station_core;cr1000xe_backbone,1.1303999999999998,calm,particle,0,1.9947030544281006
7181,candidate_001,met_station_core;cr1000xe_backbone,1.1303999999999998,calm,particle,0,2.005434513092041
7181,candidate_001,met_station_core;cr1000xe_backbone,1.1303999999999998,calm,particle,0,1.9196202754974365
7181,candidate_001,met_station_core;cr1000xe_backbone,1.1303999999999998,calm,thermal,0,1.929742455482483
7181,candidate_001,met_station_core;cr1000xe_backbone,1.1303999999999998,calm,thermal,0,1.9020317792892456
7181,candidate_001,met_station_core;cr1000xe_backbone,1.1303999999999998,calm,thermal,0,2.1402368545532227
7181,candidate_001,met_station_core;cr1000xe_backbone,1.1303999999999998,calm,thermal,0,1.9406439065933228
7181,candidate_001,met_station_core;cr1000xe_backbone,1.1303999999999998,calm,thermal,0,1.7916679382324219
7181,candidate_001,met_station_core;cr1000xe_backbone,1.1303999999999998,calm,thermal,0,1.6036646366119385
7181,candidate_001,met_station_core;cr1000xe_backbone,1.1303999999999998,calm,thermal,0,1.5461146831512451
7181,candidate_001,met_station_core;cr1000xe_backbone,1.1303999999999998,calm,thermal,0,1.4390857219696045
7181,candidate_001,met_station_core;cr1000xe_backbone,1.1303999999999998,calm,thermal,0,1.5865557193756104
7181,candidate_001,met_station_core;cr1000xe_backbone,1.1303999999999998,calm,thermal,0,1.5380990505218506
7181,candidate_001,met_station_core;cr1000xe_backbone,1.1303999999999998,calm,thermal,0,1.5332659482955933
7181,candidate_001,met_station_core;cr1000xe_backbone,1.1303999999999998,calm,thermal,0,1.669647455215454
7181,candidate_001,met_station_core;cr1000xe_backbone,1.1303999999999998,calm,thermal,0,1.6213141679763794
7181,candidate_001,met_station_core;cr1000xe_backbone,1.1303999999999998,calm,thermal,0,1.832858920097351
7181,candidate_001,met_station_core;cr1000xe_backbone,1.1303999999999998,calm,thermal,0,1.8218225240707397
7181,candidate_001,met_station_core;cr1000xe_backbone,1.1303999999999998,calm,thermal,0,1.658178687095642
7181,candidate_001,met_station_core;cr1000xe_backbone,1.1303999999999998,calm,thermal,0,1.451247215270996
7181,candidate_001,met_station_core;cr1000xe_backbone,1.1303999999999998,calm,thermal,0,1.4679635763168335
7181,candidate_001,met_station_core;cr1000xe_backbone,1.1303999999999998,calm,thermal,0,1.2915902137756348
7181,candidate_001,met_station_core;cr1000xe_backbone,1.1303999999999998,calm,thermal,0,1.2051655054092407
7181,candidate_001,met_station_core;cr1000xe_backbone,1.1303999999999998,calm,thermal,0,1.0115445852279663
7181,candidate_001,met_station_core;cr1000xe_backbone,1.1303999999999998,calm,thermal,0,0.9734547138214111
7181,candidate_001,met_station_core;cr1000xe_backbone,1.1303999999999998,calm,thermal,0,1.0237101316452026
7181,candidate_001,met_station_core;cr1000xe_backbone,1.1303999999999998,calm,thermal,0,1.0732629299163818
7181,candidate_001,met_station_core;cr1000xe_backbone,1.1303999999999998,calm,thermal,0,1.1216670274734497
7181,candidate_001,met_station_core;cr1000xe_backbone,1.1303999999999998,calm,thermal,0,1.1030654907226562
7181,candidate_001,met_station_core;cr1000xe_backbone,1.1303999999999998,calm,thermal,0,1.2991374731063843
7181,candidate_001,met_station_core;cr1000xe_backbone,1.1303999999999998,calm,transport,0,1.1983890533447266
7181,candidate_001,met_station_core;cr1000xe_backbone,1.1303999999999998,calm,transport,0,1.1481525897979736
7181,candidate_001,met_station_core;cr1000xe_backbone,1.1303999999999998,calm,transport,0,1.1106681823730469
7181,candidate_001,met_station_core;cr1000xe_backbone,1.1303999999999998,calm,transport,0,1.109045147895813
7181,candidate_001,met_station_core;cr1000xe_backbone,1.1303999999999998,calm,transport,0,1.0383433103561401
7181,candidate_001,met_station_core;cr1000xe_backbone,1.1303999999999998,calm,transport,0,0.9128230810165405
7181,candidate_001,met_station_core;cr1000xe_backbone,1.1303999999999998,calm,transport,0,0.67100989818573
7181,candidate_001,met_station_core;cr1000xe_backbone,1.1303999999999998,calm,transport,0,0.6438964605331421
7181,candidate_001,met_station_core;cr1000xe_backbone,1.1303999999999998,calm,transport,0,0.5678563117980957
7181,candidate_001,met_station_core;cr1000xe_backbone,1.1303999999999998,calm,transport,0,0.5853215456008911
7181,candidate_001,met_station_core;cr1000xe_backbone,1.1303999999999998,calm,transport,0,0.5407251119613647
7181,candidate_001,met_station_core;cr1000xe_backbone,1.1303999999999998,calm,transport,0,0.5109722018241882
7181,candidate_001,met_station_core;cr1000xe_backbone,1.1303999999999998,calm,transport,0,0.5113150477409363
7181,candidate_001,met_station_core;cr1000xe_backbone,1.1303999999999998,calm,transport,0,0.5200740098953247
7181,candidate_001,met_station_core;cr1000xe_backbone,1.1303999999999998,calm,transport,0,0.5747721195220947
7181,candidate_001,met_station_core;cr1000xe_backbone,1.1303999999999998,calm,transport,0,0.568686306476593
7181,candidate_001,met_station_core;cr1000xe_backbone,1.1303999999999998,calm,transport,0,0.579635739326477
7181,candidate_001,met_station_core;cr1000xe_backbone,1.1303999999999998,calm,transport,0,0.5532071590423584
7181,candidate_001,met_station_core;cr1000xe_backbone,1.1303999999999998,calm,transport,0,0.5653284788131714
7181,candidate_001,met_station_core;cr1000xe_backbone,1.1303999999999998,calm,transport,0,0.5945799350738525
7181,candidate_001,met_station_core;cr1000xe_backbone,1.1303999999999998,calm,transport,0,0.5472087860107422
7181,candidate_001,met_station_core;cr1000xe_backbone,1.1303999999999998,calm,transport,0,0.5890089273452759
7181,candidate_001,met_station_core;cr1000xe_backbone,1.1303999999999998,calm,transport,0,0.5418062210083008
7181,candidate_001,met_station_core;cr1000xe_backbone,1.1303999999999998,calm,transport,0,0.6157828569412231
7181,candidate_001,met_station_core;cr1000xe_backbone,1.1303999999999998,calm,transport,0,0.6372998952865601
7181,candidate_001,met_station_core;cr1000xe_backbone,1.1303999999999998,calm,transport,0,0.6444687247276306
7181,candidate_001,met_station_core;cr1000xe_backbone,1.1303999999999998,calm,transport,0,0.6625834703445435
7181,candidate_001,met_station_core;cr1000xe_backbone,1.1303999999999998,calm,transport,0,0.7188580632209778
7181,candidate_001,met_station_core;cr1000xe_backbone,1.1303999999999998,calm,particle,0,0.664640486240387
7181,candidate_001,met_station_core;cr1000xe_backbone,1.1303999999999998,calm,particle,0,0.6446691155433655
7181,candidate_001,met_station_core;cr1000xe_backbone,1.1303999999999998,calm,particle,0,0.58685302734375
7181,candidate_001,met_station_core;cr1000xe_backbone,1.1303999999999998,calm,particle,0,0.5534940361976624
7181,candidate_001,met_station_core;cr1000xe_backbone,1.1303999999999998,calm,particle,0,0.4851083755493164
7181,candidate_001,met_station_core;cr1000xe_backbone,1.1303999999999998,calm,particle,0,0.46212339401245117
7181,candidate_001,met_station_core;cr1000xe_backbone,1.1303999999999998,calm,particle,0,0.3951217532157898
7181,candidate_001,met_station_core;cr1000xe_backbone,1.1303999999999998,calm,particle,0,0.4439540207386017
7181,candidate_001,met_station_core;cr1000xe_backbone,1.1303999999999998,calm,particle,0,0.4327438473701477
7181,candidate_001,met_station_core;cr1000xe_backbone,1.1303999999999998,calm,particle,0,0.4647867977619171
7181,candidate_001,met_station_core;cr1000xe_backbone,1.1303999999999998,calm,particle,0,0.45680463314056396
7181,candidate_001,met_station_core;cr1000xe_backbone,1.1303999999999998,calm,particle,0,0.4736637473106384
7181,candidate_001,met_station_core;cr1000xe_backbone,1.1303999999999998,calm,particle,0,0.45907628536224365
7181,candidate_001,met_station_core;cr1000xe_backbone,1.1303999999999998,calm,particle,0,0.45577123761177063
7181,candidate_001,met_station_core;cr1000xe_backbone,1.1303999999999998,calm,particle,0,0.45749711990356445
7181,candidate_001,met_station_core;cr1000xe_backbone,1.1303999999999998,calm,particle,0,0.46283647418022156
7181,candidate_001,met_station_core;cr1000xe_backbone,1.1303999999999998,calm,particle,0,0.4616090655326843
7181,candidate_001,met_station_core;cr1000xe_backbone,1.1303999999999998,calm,particle,0,0.4941174387931824
7181,candidate_001,met_station_core;cr1000xe_backbone,1.1303999999999998,calm,particle,0,0.5174083113670349
7181,candidate_001,met_station_core;cr1000xe_backbone,1.1303999999999998,calm,particle,0,0.5556702613830566
7181,candidate_001,met_station_core;cr1000xe_backbone,1.1303999999999998,calm,particle,0,0.5829183459281921
7181,candidate_001,met_station_core;cr1000xe_backbone,1.1303999999999998,calm,particle,0,0.5950812697410583
7181,candidate_001,met_station_core;cr1000xe_backbone,1.1303999999999998,calm,particle,0,0.6520117521286011
7181,candidate_001,met_station_core;cr1000xe_backbone,1.1303999999999998,calm,particle,0,0.6503438949584961
7181,candidate_001,met_station_core;cr1000xe_backbone,1.1303999999999998,calm,particle,0,0.654529869556427
7181,candidate_001,met_station_core;cr1000xe_backbone,1.1303999999999998,calm,particle,0,0.7210253477096558
7181,candidate_001,met_station_core;cr1000xe_backbone,1.1303999999999998,calm,particle,0,0.8063190579414368
7181,candidate_001,met_station_core;cr1000xe_backbone,1.1303999999999998,calm,particle,0,0.9869625568389893
7181,candidate_001,met_station_core;cr1000xe_backbone,1.1303999999999998,calm,particle,0,0.9281181693077087
7181,candidate_001,met_station_core;cr1000xe_backbone,1.1303999999999998,calm,particle,0,1.040593147277832
7181,candidate_001,met_station_core;cr1000xe_backbone,1.1303999999999998,calm,particle,0,0.8234421014785767
7181,candidate_001,met_station_core;cr1000xe_backbone,1.1303999999999998,calm,thermal,0,0.8638637661933899
7181,candidate_001,met_station_core;cr1000xe_backbone,1.1303999999999998,calm,thermal,0,0.6169439554214478
7181,candidate_001,met_station_core;cr1000xe_backbone,1.1303999999999998,calm,thermal,0,0.6406083106994629
7181,candidate_001,met_station_core;cr1000xe_backbone,1.1303999999999998,calm,thermal,0,0.6018933057785034
7181,candidate_001,met_station_core;cr1000xe_backbone,1.1303999999999998,calm,thermal,0,0.5908967852592468
7181,candidate_001,met_station_core;cr1000xe_backbone,1.1303999999999998,calm,thermal,0,0.6205567121505737
7181,candidate_001,met_station_core;cr1000xe_backbone,1.1303999999999998,calm,thermal,0,0.588869035243988
7181,candidate_001,met_station_core;cr1000xe_backbone,1.1303999999999998,calm,thermal,0,0.683293342590332
7181,candidate_001,met_station_core;cr1000xe_backbone,1.1303999999999998,calm,thermal,0,0.664279043674469
7181,candidate_001,met_station_core;cr1000xe_backbone,1.1303999999999998,calm,thermal,0,0.6904681324958801
7181,candidate_001,met_station_core;cr1000xe_backbone,1.1303999999999998,calm,thermal,0,0.7195257544517517
7181,candidate_001,met_station_core;cr1000xe_backbone,1.1303999999999998,calm,thermal,0,0.9187783002853394
7181,candidate_001,met_station_core;cr1000xe_backbone,1.1303999999999998,calm,thermal,0,1.031189203262329
7181,candidate_001,met_station_core;cr1000xe_backbone,1.1303999999999998,calm,thermal,0,1.1699777841567993
7181,candidate_001,met_station_core;cr1000xe_backbone,1.1303999999999998,calm,thermal,0,1.346518635749817
7181,candidate_001,met_station_core;cr1000xe_backbone,1.1303999999999998,calm,thermal,0,1.5149427652359009
7181,candidate_001,met_station_core;cr1000xe_backbone,1.1303999999999998,calm,thermal,0,1.8286315202713013
7181,candidate_001,met_station_core;cr1000xe_backbone,1.1303999999999998,calm,thermal,0,1.6555927991867065
7181,candidate_001,met_station_core;cr1000xe_backbone,1.1303999999999998,calm,thermal,0,1.6947829723358154
7181,candidate_001,met_station_core;cr1000xe_backbone,1.1303999999999998,calm,thermal,0,1.6069756746292114
7181,candidate_001,met_station_core;cr1000xe_backbone,1.1303999999999998,calm,transport,0,1.7248443365097046
7181,candidate_001,met_station_core;cr1000xe_backbone,1.1303999999999998,calm,transport,0,1.507369875907898
7181,candidate_001,met_station_core;cr1000xe_backbone,1.1303999999999998,calm,transport,0,1.4386042356491089
7181,candidate_001,met_station_core;cr1000xe_backbone,1.1303999999999998,calm,transport,0,1.4522672891616821
7181,candidate_001,met_station_core;cr1000xe_backbone,1.1303999999999998,calm,transport,0,1.4423309564590454
7181,candidate_001,met_station_core;cr1000xe_backbone,1.1303999999999998,calm,transport,0,1.6708128452301025
7181,candidate_001,met_station_core;cr1000xe_backbone,1.1303999999999998,calm,transport,0,1.645524263381958
7181,candidate_001,met_station_core;cr1000xe_backbone,1.1303999999999998,calm,transport,0,1.590273141860962
7181,candidate_001,met_station_core;cr1000xe_backbone,1.1303999999999998,calm,transport,0,1.3819046020507812
7181,candidate_001,met_station_core;cr1000xe_backbone,1.1303999999999998,calm,transport,0,1.4428681135177612
7181,candidate_001,met_station_core;cr1000xe_backbone,1.1303999999999998,calm,transport,0,1.4534947872161865
7181,candidate_001,met_station_core;cr1000xe_backbone,1.1303999999999998,calm,transport,0,1.6450788974761963
7181,candidate_001,met_station_core;cr1000xe_backbone,1.1303999999999998,calm,transport,0,1.6259757280349731
7181,candidate_001,met_station_core;cr1000xe_backbone,1.1303999999999998,calm,transport,0,1.7616628408432007
7181,candidate_001,met_station_core;cr1000xe_backbone,1.1303999999999998,calm,transport,0,1.9261717796325684
7181,candidate_001,met_station_core;cr1000xe_backbone,1.1303999999999998,calm,transport,0,1.9958405494689941
7181,candidate_001,met_station_core;cr1000xe_backbone,1.1303999999999998,calm,transport,0,1.931428074836731
7181,candidate_001,met_station_core;cr1000xe_backbone,1.1303999999999998,calm,transport,0,1.92950439453125
7181,candidate_001,met_station_core;cr1000xe_backbone,1.1303999999999998,calm,transport,0,1.907085657119751
7181,candidate_001,met_station_core;cr1000xe_backbone,1.1303999999999998,calm,transport,0,2.011892318725586
7181,candidate_001,met_station_core;cr1000xe_backbone,1.1303999999999998,calm,transport,0,1.9658185243606567
7181,candidate_001,met_station_core;cr1000xe_backbone,1.1303999999999998,calm,transport,0,2.0662386417388916
7181,candidate_001,met_station_core;cr1000xe_backbone,1.1303999999999998,calm,transport,0,1.9818404912948608
7181,candidate_001,met_station_core;cr1000xe_backbone,1.1303999999999998,calm,transport,0,1.9199408292770386
7181,candidate_001,met_station_core;cr1000xe_backbone,1.1303999999999998,calm,transport,0,1.888724684715271
7181,candidate_001,met_station_core;cr1000xe_backbone,1.1303999999999998,calm,transport,0,1.964829444885254
7181,candidate_001,met_station_core;cr1000xe_backbone,1.1303999999999998,calm,transport,0,1.7164950370788574
7181,candidate_001,met_station_core;cr1000xe_backbone,1.1303999999999998,calm,transport,0,1.7173357009887695
7181,candidate_001,met_station_core;cr1000xe_backbone,1.1303999999999998,calm,transport,0,1.780238389968872
7181,candidate_001,met_station_core;cr1000xe_backbone,1.1303999999999998,calm,transport,0,1.9322500228881836
7181,candidate_001,met_station_core;cr1000xe_backbone,1.1303999999999998,calm,transport,0,2.0662031173706055
7181,candidate_001,met_station_core;cr1000xe_backbone,1.1303999999999998,calm,transport,0,2.1671831607818604
7181,candidate_001,met_station_core;cr1000xe_backbone,1.1303999999999998,calm,transport,0,2.251779794692993
7181,candidate_001,met_station_core;cr1000xe_backbone,1.1303999999999998,calm,transport,0,2.3089468479156494
7181,candidate_001,met_station_core;cr1000xe_backbone,1.1303999999999998,calm,transport,0,2.372389316558838
7181,candidate_001,met_station_core;cr1000xe_backbone,1.1303999999999998,calm,particle,0,2.4172158241271973
7181,candidate_001,met_station_core;cr1000xe_backbone,1.1303999999999998,calm,particle,0,2.4687507152557373
7181,candidate_001,met_station_core;cr1000xe_backbone,1.1303999999999998,calm,particle,0,2.4939565658569336
7181,candidate_001,met_station_core;cr1000xe_backbone,1.1303999999999998,calm,particle,0,2.5279386043548584
7181,candidate_001,met_station_core;cr1000xe_backbone,1.1303999999999998,calm,particle,0,2.5621397495269775
7181,candidate_001,met_station_core;cr1000xe_backbone,1.1303999999999998,calm,particle,0,2.593994617462158
7181,candidate_001,met_station_core;cr1000xe_backbone,1.1303999999999998,calm,particle,0,2.6138861179351807
7181,candidate_001,met_station_core;cr1000xe_backbone,1.1303999999999998,calm,particle,0,2.6305768489837646
7181,candidate_001,met_station_core;cr1000xe_backbone,1.1303999999999998,calm,particle,0,2.6151366233825684
7181,candidate_001,met_station_core;cr1000xe_backbone,1.1303999999999998,calm,particle,0,2.6042449474334717
7181,candidate_001,met_station_core;cr1000xe_backbone,1.1303999999999998,calm,particle,0,2.602684259414673
7181,candidate_001,met_station_core;cr1000xe_backbone,1.1303999999999998,calm,particle,0,2.584609031677246
7181,candidate_001,met_station_core;cr1000xe_backbone,1.1303999999999998,calm,particle,0,2.589122772216797
7181,candidate_001,met_station_core;cr1000xe_backbone,1.1303999999999998,calm,particle,0,2.6353485584259033
7181,candidate_001,met_station_core;cr1000xe_backbone,1.1303999999999998,calm,particle,0,2.645484447479248
7181,candidate_001,met_station_core;cr1000xe_backbone,1.1303999999999998,calm,particle,0,2.61527156829834
7181,candidate_001,met_station_core;cr1000xe_backbone,1.1303999999999998,calm,particle,0,2.640207529067993
7181,candidate_001,met_station_core;cr1000xe_backbone,1.1303999999999998,calm,particle,0,2.634150743484497
7181,candidate_001,met_station_core;cr1000xe_backbone,1.1303999999999998,calm,particle,0,2.6194918155670166
7181,candidate_001,met_station_core;cr1000xe_backbone,1.1303999999999998,calm,particle,0,2.654040575027466
7181,candidate_001,met_station_core;cr1000xe_backbone,1.1303999999999998,calm,particle,0,2.677039623260498
7181,candidate_001,met_station_core;cr1000xe_backbone,1.1303999999999998,calm,particle,0,2.703026294708252
7181,candidate_001,met_station_core;cr1000xe_backbone,1.1303999999999998,calm,particle,0,2.7154626846313477
7181,candidate_001,met_station_core;cr1000xe_backbone,1.1303999999999998,calm,particle,0,2.716686487197876
7181,candidate_001,met_station_core;cr1000xe_backbone,1.1303999999999998,calm,particle,0,2.716670274734497
7181,candidate_001,met_station_core;cr1000xe_backbone,1.1303999999999998,calm,particle,0,2.7058284282684326
7181,candidate_001,met_station_core;cr1000xe_backbone,1.1303999999999998,calm,particle,0,2.7349374294281006
7181,candidate_001,met_station_core;cr1000xe_backbone,1.1303999999999998,calm,particle,0,2.7386586666107178
7181,candidate_001,met_station_core;cr1000xe_backbone,1.1303999999999998,calm,particle,0,2.75978946685791
7181,candidate_001,met_station_core;cr1000xe_backbone,1.1303999999999998,calm,particle,0,2.764281749725342
7181,candidate_001,met_station_core;cr1000xe_backbone,1.1303999999999998,calm,particle,0,2.768941879272461
7181,candidate_001,met_station_core;cr1000xe_backbone,1.1303999999999998,calm,particle,0,2.768599033355713
7181,candidate_001,met_station_core;cr1000xe_backbone,1.1303999999999998,calm,particle,0,2.758960723876953
7181,candidate_001,met_station_core;cr1000xe_backbone,1.1303999999999998,calm,particle,0,2.7474963665008545
7181,candidate_001,met_station_core;cr1000xe_backbone,1.1303999999999998,calm,thermal,0,2.7479190826416016
7181,candidate_001,met_station_core;cr1000xe_backbone,1.1303999999999998,calm,thermal,0,2.6894729137420654
7181,candidate_001,met_station_core;cr1000xe_backbone,1.1303999999999998,calm,thermal,0,2.6022555828094482
7181,candidate_001,met_station_core;cr1000xe_backbone,1.1303999999999998,calm,thermal,0,2.534243106842041
7181,candidate_001,met_station_core;cr1000xe_backbone,1.1303999999999998,calm,thermal,0,2.0610105991363525
7181,candidate_001,met_station_core;cr1000xe_backbone,1.1303999999999998,calm,thermal,0,1.9861699342727661
7181,candidate_001,met_station_core;cr1000xe_backbone,1.1303999999999998,calm,thermal,0,1.6718883514404297
7181,candidate_001,met_station_core;cr1000xe_backbone,1.1303999999999998,calm,thermal,0,1.6123981475830078
7181,candidate_001,met_station_core;cr1000xe_backbone,1.1303999999999998,calm,thermal,0,1.4262975454330444
7181,candidate_001,met_station_core;cr1000xe_backbone,1.1303999999999998,calm,thermal,0,1.231806755065918
7181,candidate_001,met_station_core;cr1000xe_backbone,1.1303999999999998,calm,thermal,0,1.1554778814315796
7181,candidate_001,met_station_core;cr1000xe_backbone,1.1303999999999998,calm,thermal,0,1.1782052516937256
7181,candidate_001,met_station_core;cr1000xe_backbone,1.1303999999999998,calm,thermal,0,1.164983868598938
7181,candidate_001,met_station_core;cr1000xe_backbone,1.1303999999999998,calm,thermal,0,1.1899690628051758
7181,candidate_001,met_station_core;cr1000xe_backbone,1.1303999999999998,calm,thermal,0,1.132033348083496
7181,candidate_001,met_station_core;cr1000xe_backbone,1.1303999999999998,calm,thermal,0,1.1989103555679321
7181,candidate_001,met_station_core;cr1000xe_backbone,1.1303999999999998,calm,thermal,0,1.1274868249893188
7181,candidate_001,met_station_core;cr1000xe_backbone,1.1303999999999998,calm,thermal,0,1.1671594381332397
7181,candidate_001,met_station_core;cr1000xe_backbone,1.1303999999999998,calm,thermal,0,1.0699174404144287
7181,candidate_001,met_station_core;cr1000xe_backbone,1.1303999999999998,calm,thermal,0,1.0424176454544067
7181,candidate_001,met_station_core;cr1000xe_backbone,1.1303999999999998,calm,thermal,0,0.9553377628326416
7181,candidate_001,met_station_core;cr1000xe_backbone,1.1303999999999998,calm,transport,0,0.9927536845207214
7181,candidate_001,met_station_core;cr1000xe_backbone,1.1303999999999998,calm,transport,0,0.956810712814331
7181,candidate_001,met_station_core;cr1000xe_backbone,1.1303999999999998,calm,transport,0,1.1065112352371216
7181,candidate_001,met_station_core;cr1000xe_backbone,1.1303999999999998,calm,transport,0,1.3257921934127808
7181,candidate_001,met_station_core;cr1000xe_backbone,1.1303999999999998,calm,transport,0,1.476710557937622
7181,candidate_001,met_station_core;cr1000xe_backbone,1.1303999999999998,calm,transport,0,1.6254518032073975
7181,candidate_001,met_station_core;cr1000xe_backbone,1.1303999999999998,calm,transport,0,1.4888501167297363
7181,candidate_001,met_station_core;cr1000xe_backbone,1.1303999999999998,calm,transport,0,1.6380139589309692
7181,candidate_001,met_station_core;cr1000xe_backbone,1.1303999999999998,calm,transport,0,2.0560524463653564
7181,candidate_001,met_station_core;cr1000xe_backbone,1.1303999999999998,calm,transport,0,2.443150043487549
7181,candidate_001,met_station_core;cr1000xe_backbone,1.1303999999999998,calm,transport,0,2.482815742492676
7181,candidate_001,met_station_core;cr1000xe_backbone,1.1303999999999998,calm,transport,0,2.4487879276275635
7181,candidate_001,met_station_core;cr1000xe_backbone,1.1303999999999998,calm,transport,0,2.3357412815093994
7181,candidate_001,met_station_core;cr1000xe_backbone,1.1303999999999998,calm,transport,0,2.3744990825653076
7181,candidate_001,met_station_core;cr1000xe_backbone,1.1303999999999998,calm,transport,0,2.268000841140747
7181,candidate_001,met_station_core;cr1000xe_backbone,1.1303999999999998,calm,transport,0,2.1513330936431885
7181,candidate_001,met_station_core;cr1000xe_backbone,1.1303999999999998,particle,thermal,1,0.6192211508750916
7181,candidate_001,met_station_core;cr1000xe_backbone,1.1303999999999998,particle,thermal,1,1.0047132968902588
7181,candidate_001,met_station_core;cr1000xe_backbone,1.1303999999999998,particle,thermal,1,1.2397096157073975
7181,candidate_001,met_station_core;cr1000xe_backbone,1.1303999999999998,particle,thermal,1,1.3756179809570312
7181,candidate_001,met_station_core;cr1000xe_backbone,1.1303999999999998,particle,thermal,1,1.6513992547988892
7181,candidate_001,met_station_core;cr1000xe_backbone,1.1303999999999998,particle,thermal,1,1.918145775794983
7181,candidate_001,met_station_core;cr1000xe_backbone,1.1303999999999998,particle,thermal,1,2.2504005432128906
7181,candidate_001,met_station_core;cr1000xe_backbone,1.1303999999999998,particle,thermal,1,2.5563912391662598
7181,candidate_001,met_station_core;cr1000xe_backbone,1.1303999999999998,particle,transport,1,2.5867397785186768
7181,candidate_001,met_station_core;cr1000xe_backbone,1.1303999999999998,particle,transport,1,2.602356433868408
7181,candidate_001,met_station_core;cr1000xe_backbone,1.1303999999999998,particle,transport,1,2.5861289501190186
7181,candidate_001,met_station_core;cr1000xe_backbone,1.1303999999999998,particle,transport,1,2.628059148788452
7181,candidate_001,met_station_core;cr1000xe_backbone,1.1303999999999998,particle,transport,1,2.6223669052124023
7181,candidate_001,met_station_core;cr1000xe_backbone,1.1303999999999998,particle,transport,1,2.3322110176086426
7181,candidate_001,met_station_core;cr1000xe_backbone,1.1303999999999998,particle,transport,1,2.058336019515991
7181,candidate_001,met_station_core;cr1000xe_backbone,1.1303999999999998,particle,transport,1,1.8064453601837158
7181,candidate_001,met_station_core;cr1000xe_backbone,1.1303999999999998,particle,transport,1,1.9080955982208252
7181,candidate_001,met_station_core;cr1000xe_backbone,1.1303999999999998,particle,transport,1,1.7962368726730347
7181,candidate_001,met_station_core;cr1000xe_backbone,1.1303999999999998,particle,transport,1,2.25373911857605
7181,candidate_001,met_station_core;cr1000xe_backbone,1.1303999999999998,particle,transport,1,2.3610458374023438
7181,candidate_001,met_station_core;cr1000xe_backbone,1.1303999999999998,particle,transport,1,2.18727707862854
7181,candidate_001,met_station_core;cr1000xe_backbone,1.1303999999999998,calm,transport,0,1.7279982566833496
7181,candidate_001,met_station_core;cr1000xe_backbone,1.1303999999999998,calm,transport,0,1.1030148267745972
7181,candidate_001,met_station_core;cr1000xe_backbone,1.1303999999999998,calm,transport,0,1.0377447605133057
7181,candidate_001,met_station_core;cr1000xe_backbone,1.1303999999999998,calm,transport,0,0.8691209554672241
7181,candidate_001,met_station_core;cr1000xe_backbone,1.1303999999999998,calm,transport,0,0.5547808408737183
7181,candidate_001,met_station_core;cr1000xe_backbone,1.1303999999999998,calm,transport,0,0.4641186594963074
7181,candidate_001,met_station_core;cr1000xe_backbone,1.1303999999999998,calm,transport,0,0.43629521131515503
7181,candidate_001,met_station_core;cr1000xe_backbone,1.1303999999999998,calm,transport,0,0.40883293747901917
7181,candidate_001,met_station_core;cr1000xe_backbone,1.1303999999999998,calm,transport,0,0.4247543215751648
7181,candidate_001,met_station_core;cr1000xe_backbone,1.1303999999999998,calm,transport,0,0.41741085052490234
7181,candidate_001,met_station_core;cr1000xe_backbone,1.1303999999999998,calm,transport,0,0.42581477761268616
7181,candidate_001,met_station_core;cr1000xe_backbone,1.1303999999999998,calm,transport,0,0.40020060539245605
7181,candidate_001,met_station_core;cr1000xe_backbone,1.1303999999999998,calm,particle,0,0.36091989278793335
7181,candidate_001,met_station_core;cr1000xe_backbone,1.1303999999999998,flux,particle,2,0.3200848400592804
7181,candidate_001,met_station_core;cr1000xe_backbone,1.1303999999999998,flux,particle,2,0.4474831521511078
7181,candidate_001,met_station_core;cr1000xe_backbone,1.1303999999999998,flux,particle,2,0.40088069438934326
7181,candidate_001,met_station_core;cr1000xe_backbone,1.1303999999999998,flux,particle,2,0.4169556498527527
7181,candidate_001,met_station_core;cr1000xe_backbone,1.1303999999999998,flux,particle,2,0.3241155743598938
7181,candidate_001,met_station_core;cr1000xe_backbone,1.1303999999999998,flux,particle,2,0.43965449929237366
7181,candidate_001,met_station_core;cr1000xe_backbone,1.1303999999999998,flux,particle,2,0.3734702467918396
7181,candidate_001,met_station_core;cr1000xe_backbone,1.1303999999999998,flux,particle,2,0.4588982164859772
7181,candidate_001,met_station_core;cr1000xe_backbone,1.1303999999999998,flux,particle,2,0.41629931330680847
7181,candidate_001,met_station_core;cr1000xe_backbone,1.1303999999999998,flux,particle,2,0.566933810710907
7181,candidate_001,met_station_core;cr1000xe_backbone,1.1303999999999998,flux,particle,2,0.46283477544784546
7181,candidate_001,met_station_core;cr1000xe_backbone,1.1303999999999998,flux,particle,2,0.46400678157806396
7181,candidate_001,met_station_core;cr1000xe_backbone,1.1303999999999998,flux,particle,2,0.4817941188812256
7181,candidate_001,met_station_core;cr1000xe_backbone,1.1303999999999998,flux,particle,2,0.428570955991745
7181,candidate_001,met_station_core;cr1000xe_backbone,1.1303999999999998,flux,particle,2,0.4041084945201874
7181,candidate_001,met_station_core;cr1000xe_backbone,1.1303999999999998,flux,particle,2,0.41399696469306946
7181,candidate_001,met_station_core;cr1000xe_backbone,1.1303999999999998,flux,particle,2,0.42383304238319397
7181,candidate_001,met_station_core;cr1000xe_backbone,1.1303999999999998,flux,particle,2,0.4663625955581665
7181,candidate_001,met_station_core;cr1000xe_backbone,1.1303999999999998,flux,particle,2,0.3845450282096863
7181,candidate_001,met_station_core;cr1000xe_backbone,1.1303999999999998,flux,particle,2,0.3996870815753937
7181,candidate_001,met_station_core;cr1000xe_backbone,1.1303999999999998,flux,particle,2,0.4115627110004425
7181,candidate_001,met_station_core;cr1000xe_backbone,1.1303999999999998,flux,particle,2,0.44453421235084534
7181,candidate_001,met_station_core;cr1000xe_backbone,1.1303999999999998,flux,thermal,2,0.5286846160888672
7181,candidate_001,met_station_core;cr1000xe_backbone,1.1303999999999998,flux,thermal,2,0.5736328959465027
7181,candidate_001,met_station_core;cr1000xe_backbone,1.1303999999999998,flux,thermal,2,0.5368288159370422
7181,candidate_001,met_station_core;cr1000xe_backbone,1.1303999999999998,flux,thermal,2,0.47076818346977234
7181,candidate_001,met_station_core;cr1000xe_backbone,1.1303999999999998,flux,thermal,2,0.5651859641075134
7181,candidate_001,met_station_core;cr1000xe_backbone,1.1303999999999998,flux,thermal,2,0.629337728023529
7181,candidate_001,met_station_core;cr1000xe_backbone,1.1303999999999998,flux,thermal,2,0.7484332919120789
7181,candidate_001,met_station_core;cr1000xe_backbone,1.1303999999999998,flux,thermal,2,0.8649011850357056
7181,candidate_001,met_station_core;cr1000xe_backbone,1.1303999999999998,flux,thermal,2,0.9112590551376343
7181,candidate_001,met_station_core;cr1000xe_backbone,1.1303999999999998,flux,thermal,2,1.0430699586868286
7181,candidate_001,met_station_core;cr1000xe_backbone,1.1303999999999998,flux,thermal,2,1.2170863151550293
7181,candidate_001,met_station_core;cr1000xe_backbone,1.1303999999999998,flux,thermal,2,1.3280868530273438
7181,candidate_001,met_station_core;cr1000xe_backbone,1.1303999999999998,flux,thermal,2,1.3827120065689087
7181,candidate_001,met_station_core;cr1000xe_backbone,1.1303999999999998,flux,thermal,2,1.4935126304626465
7181,candidate_001,met_station_core;cr1000xe_backbone,1.1303999999999998,flux,thermal,2,1.353735089302063
7181,candidate_001,met_station_core;cr1000xe_backbone,1.1303999999999998,flux,thermal,2,1.2451926469802856
7181,candidate_001,met_station_core;cr1000xe_backbone,1.1303999999999998,flux,thermal,2,2.038858413696289
7181,candidate_001,met_station_core;cr1000xe_backbone,1.1303999999999998,flux,thermal,2,1.617243766784668
7181,candidate_001,met_station_core;cr1000xe_backbone,1.1303999999999998,flux,thermal,2,1.1090648174285889
7181,candidate_001,met_station_core;cr1000xe_backbone,1.1303999999999998,flux,thermal,2,1.383662462234497
7181,candidate_001,met_station_core;cr1000xe_backbone,1.1303999999999998,flux,thermal,2,2.3246896266937256
7181,candidate_001,met_station_core;cr1000xe_backbone,1.1303999999999998,flux,thermal,2,2.5995051860809326
7181,candidate_001,met_station_core;cr1000xe_backbone,1.1303999999999998,flux,thermal,2,2.1301445960998535
7181,candidate_001,met_station_core;cr1000xe_backbone,1.1303999999999998,flux,thermal,2,1.9436455965042114
7181,candidate_001,met_station_core;cr1000xe_backbone,1.1303999999999998,flux,thermal,2,1.7948105335235596
7181,candidate_001,met_station_core;cr1000xe_backbone,1.1303999999999998,flux,thermal,2,1.8230127096176147
7181,candidate_001,met_station_core;cr1000xe_backbone,1.1303999999999998,flux,thermal,2,2.5119078159332275
7181,candidate_001,met_station_core;cr1000xe_backbone,1.1303999999999998,flux,thermal,2,2.4492263793945312
7181,candidate_001,met_station_core;cr1000xe_backbone,1.1303999999999998,flux,thermal,2,1.494710922241211
7181,candidate_001,met_station_core;cr1000xe_backbone,1.1303999999999998,flux,thermal,2,1.839456558227539
7181,candidate_001,met_station_core;cr1000xe_backbone,1.1303999999999998,flux,thermal,2,2.6380724906921387
7181,candidate_001,met_station_core;cr1000xe_backbone,1.1303999999999998,calm,thermal,0,1.3332533836364746
7181,candidate_001,met_station_core;cr1000xe_backbone,1.1303999999999998,calm,thermal,0,0.8072770237922668
7181,candidate_001,met_station_core;cr1000xe_backbone,1.1303999999999998,calm,thermal,0,0.5226711630821228
7181,candidate_001,met_station_core;cr1000xe_backbone,1.1303999999999998,calm,transport,0,0.6690757870674133
7181,candidate_001,met_station_core;cr1000xe_backbone,1.1303999999999998,calm,transport,0,0.5022050142288208
7181,candidate_001,met_station_core;cr1000xe_backbone,1.1303999999999998,calm,transport,0,0.4119715988636017
7181,candidate_001,met_station_core;cr1000xe_backbone,1.1303999999999998,calm,transport,0,0.47749951481819153
7181,candidate_001,met_station_core;cr1000xe_backbone,1.1303999999999998,calm,transport,0,0.4961356520652771
7181,candidate_001,met_station_core;cr1000xe_backbone,1.1303999999999998,calm,transport,0,0.550421416759491
7181,candidate_001,met_station_core;cr1000xe_backbone,1.1303999999999998,calm,transport,0,0.5819246172904968
7181,candidate_001,met_station_core;cr1000xe_backbone,1.1303999999999998,calm,transport,0,1.0789040327072144
7181,candidate_001,met_station_core;cr1000xe_backbone,1.1303999999999998,calm,transport,0,0.5885982513427734
7181,candidate_001,met_station_core;cr1000xe_backbone,1.1303999999999998,calm,transport,0,0.6718356013298035
7181,candidate_001,met_station_core;cr1000xe_backbone,1.1303999999999998,calm,transport,0,0.6734895706176758
7181,candidate_001,met_station_core;cr1000xe_backbone,1.1303999999999998,particle,transport,1,1.3434064388275146
7181,candidate_001,met_station_core;cr1000xe_backbone,1.1303999999999998,particle,transport,1,0.8196185231208801
7181,candidate_001,met_station_core;cr1000xe_backbone,1.1303999999999998,particle,transport,1,1.1879462003707886
7181,candidate_001,met_station_core;cr1000xe_backbone,1.1303999999999998,particle,transport,1,0.8799028396606445
7181,candidate_001,met_station_core;cr1000xe_backbone,1.1303999999999998,particle,transport,1,1.697342038154602
7181,candidate_001,met_station_core;cr1000xe_backbone,1.1303999999999998,particle,transport,1,0.9766384363174438
7181,candidate_001,met_station_core;cr1000xe_backbone,1.1303999999999998,particle,transport,1,0.7602904438972473
7181,candidate_001,met_station_core;cr1000xe_backbone,1.1303999999999998,particle,transport,1,0.5665699243545532
7181,candidate_001,met_station_core;cr1000xe_backbone,1.1303999999999998,particle,transport,1,0.6137558817863464
7181,candidate_001,met_station_core;cr1000xe_backbone,1.1303999999999998,particle,transport,1,0.6539018154144287
7181,candidate_001,met_station_core;cr1000xe_backbone,1.1303999999999998,particle,transport,1,0.6127498745918274
7181,candidate_001,met_station_core;cr1000xe_backbone,1.1303999999999998,particle,transport,1,0.4088321924209595
7181,candidate_001,met_station_core;cr1000xe_backbone,1.1303999999999998,particle,transport,1,0.48415684700012207
7181,candidate_001,met_station_core;cr1000xe_backbone,1.1303999999999998,particle,transport,1,0.47459715604782104
7181,candidate_001,met_station_core;cr1000xe_backbone,1.1303999999999998,particle,transport,1,0.38335421681404114
7181,candidate_001,met_station_core;cr1000xe_backbone,1.1303999999999998,particle,particle,1,0.40425947308540344
7181,candidate_001,met_station_core;cr1000xe_backbone,1.1303999999999998,particle,particle,1,0.46137356758117676
7181,candidate_001,met_station_core;cr1000xe_backbone,1.1303999999999998,particle,particle,1,0.5744641423225403
7181,candidate_001,met_station_core;cr1000xe_backbone,1.1303999999999998,particle,particle,1,0.6117095947265625
7181,candidate_001,met_station_core;cr1000xe_backbone,1.1303999999999998,particle,particle,1,0.5981219410896301
7181,candidate_001,met_station_core;cr1000xe_backbone,1.1303999999999998,particle,particle,1,0.5335332155227661
7181,candidate_001,met_station_core;cr1000xe_backbone,1.1303999999999998,particle,particle,1,0.5796706676483154
7181,candidate_001,met_station_core;cr1000xe_backbone,1.1303999999999998,particle,particle,1,0.5894770622253418
7181,candidate_001,met_station_core;cr1000xe_backbone,1.1303999999999998,particle,particle,1,0.6184242963790894
7181,candidate_001,met_station_core;cr1000xe_backbone,1.1303999999999998,particle,particle,1,0.7540807127952576
7181,candidate_001,met_station_core;cr1000xe_backbone,1.1303999999999998,particle,particle,1,0.6400221586227417
7181,candidate_001,met_station_core;cr1000xe_backbone,1.1303999999999998,calm,particle,0,0.6551356911659241
7181,candidate_001,met_station_core;cr1000xe_backbone,1.1303999999999998,calm,particle,0,0.42416292428970337
7181,candidate_001,met_station_core;cr1000xe_backbone,1.1303999999999998,calm,particle,0,0.46598032116889954
7181,candidate_001,met_station_core;cr1000xe_backbone,1.1303999999999998,calm,particle,0,0.36622118949890137
7181,candidate_001,met_station_core;cr1000xe_backbone,1.1303999999999998,calm,particle,0,0.4588165879249573
7181,candidate_001,met_station_core;cr1000xe_backbone,1.1303999999999998,calm,particle,0,0.5275236964225769
7181,candidate_001,met_station_core;cr1000xe_backbone,1.1303999999999998,calm,particle,0,0.5468842387199402
7181,candidate_001,met_station_core;cr1000xe_backbone,1.1303999999999998,calm,particle,0,0.580714762210846
7181,candidate_001,met_station_core;cr1000xe_backbone,1.1303999999999998,calm,thermal,0,0.7416234612464905
7181,candidate_001,met_station_core;cr1000xe_backbone,1.1303999999999998,calm,thermal,0,0.7182424664497375
7181,candidate_001,met_station_core;cr1000xe_backbone,1.1303999999999998,calm,thermal,0,0.87409508228302
7181,candidate_001,met_station_core;cr1000xe_backbone,1.1303999999999998,calm,thermal,0,0.9363819360733032
7181,candidate_001,met_station_core;cr1000xe_backbone,1.1303999999999998,calm,thermal,0,1.3770643472671509
7181,candidate_001,met_station_core;cr1000xe_backbone,1.1303999999999998,flux,thermal,2,2.256183624267578
7181,candidate_001,met_station_core;cr1000xe_backbone,1.1303999999999998,flux,thermal,2,2.4791481494903564
7181,candidate_001,met_station_core;cr1000xe_backbone,1.1303999999999998,flux,thermal,2,2.537342071533203
7181,candidate_001,met_station_core;cr1000xe_backbone,1.1303999999999998,flux,thermal,2,2.574282646179199
7181,candidate_001,met_station_core;cr1000xe_backbone,1.1303999999999998,flux,thermal,2,2.527719736099243
7181,candidate_001,met_station_core;cr1000xe_backbone,1.1303999999999998,flux,thermal,2,2.592437982559204
7181,candidate_001,met_station_core;cr1000xe_backbone,1.1303999999999998,flux,thermal,2,2.5902936458587646
7181,candidate_001,met_station_core;cr1000xe_backbone,1.1303999999999998,flux,thermal,2,2.552619695663452
7181,candidate_001,met_station_core;cr1000xe_backbone,1.1303999999999998,flux,thermal,2,2.4623022079467773
7181,candidate_001,met_station_core;cr1000xe_backbone,1.1303999999999998,flux,thermal,2,2.0679328441619873
7181,candidate_001,met_station_core;cr1000xe_backbone,1.1303999999999998,flux,thermal,2,2.0830328464508057
7181,candidate_001,met_station_core;cr1000xe_backbone,1.1303999999999998,flux,thermal,2,1.8095390796661377
7181,candidate_001,met_station_core;cr1000xe_backbone,1.1303999999999998,flux,thermal,2,2.395670175552368
7181,candidate_001,met_station_core;cr1000xe_backbone,1.1303999999999998,flux,thermal,2,1.640686273574829
7181,candidate_001,met_station_core;cr1000xe_backbone,1.1303999999999998,flux,thermal,2,2.02889084815979
7181,candidate_001,met_station_core;cr1000xe_backbone,1.1303999999999998,flux,thermal,2,1.9962881803512573
7181,candidate_001,met_station_core;cr1000xe_backbone,1.1303999999999998,flux,thermal,2,2.0018160343170166
7181,candidate_001,met_station_core;cr1000xe_backbone,1.1303999999999998,flux,thermal,2,1.5567009449005127
7181,candidate_001,met_station_core;cr1000xe_backbone,1.1303999999999998,flux,thermal,2,0.7811837196350098
7181,candidate_001,met_station_core;cr1000xe_backbone,1.1303999999999998,flux,thermal,2,1.3926972150802612
7181,candidate_001,met_station_core;cr1000xe_backbone,1.1303999999999998,flux,thermal,2,0.9214293360710144
7181,candidate_001,met_station_core;cr1000xe_backbone,1.1303999999999998,flux,thermal,2,1.523732304573059
7181,candidate_001,met_station_core;cr1000xe_backbone,1.1303999999999998,flux,thermal,2,1.4626576900482178
7181,candidate_001,met_station_core;cr1000xe_backbone,1.1303999999999998,flux,thermal,2,1.711864948272705
7181,candidate_001,met_station_core;cr1000xe_backbone,1.1303999999999998,flux,thermal,2,1.9619542360305786
7181,candidate_001,met_station_core;cr1000xe_backbone,1.1303999999999998,flux,thermal,2,2.1246864795684814
7181,candidate_001,met_station_core;cr1000xe_backbone,1.1303999999999998,flux,thermal,2,2.328684091567993
7181,candidate_001,met_station_core;cr1000xe_backbone,1.1303999999999998,flux,thermal,2,2.620795488357544
7181,candidate_001,met_station_core;cr1000xe_backbone,1.1303999999999998,flux,transport,2,2.6388230323791504
7181,candidate_001,met_station_core;cr1000xe_backbone,1.1303999999999998,flux,transport,2,2.6346943378448486
7181,candidate_001,met_station_core;cr1000xe_backbone,1.1303999999999998,flux,transport,2,2.63330078125
7181,candidate_001,met_station_core;cr1000xe_backbone,1.1303999999999998,flux,transport,2,2.6207973957061768
7181,candidate_001,met_station_core;cr1000xe_backbone,1.1303999999999998,flux,transport,2,2.6067137718200684
7181,candidate_001,met_station_core;cr1000xe_backbone,1.1303999999999998,flux,transport,2,2.620647668838501
7181,candidate_001,met_station_core;cr1000xe_backbone,1.1303999999999998,flux,transport,2,2.59161114692688
7181,candidate_001,met_station_core;cr1000xe_backbone,1.1303999999999998,flux,transport,2,2.6039505004882812
7181,candidate_001,met_station_core;cr1000xe_backbone,1.1303999999999998,flux,transport,2,2.6003785133361816
7181,candidate_001,met_station_core;cr1000xe_backbone,1.1303999999999998,flux,transport,2,2.617434024810791
7181,candidate_001,met_station_core;cr1000xe_backbone,1.1303999999999998,flux,transport,2,2.602959632873535
7181,candidate_001,met_station_core;cr1000xe_backbone,1.1303999999999998,flux,transport,2,2.6147172451019287
7181,candidate_001,met_station_core;cr1000xe_backbone,1.1303999999999998,flux,transport,2,2.6401102542877197
7181,candidate_001,met_station_core;cr1000xe_backbone,1.1303999999999998,flux,transport,2,2.6206541061401367
7181,candidate_001,met_station_core;cr1000xe_backbone,1.1303999999999998,flux,transport,2,2.6329452991485596
7181,candidate_001,met_station_core;cr1000xe_backbone,1.1303999999999998,flux,transport,2,2.6534693241119385
7181,candidate_001,met_station_core;cr1000xe_backbone,1.1303999999999998,flux,transport,2,2.6628048419952393
7181,candidate_001,met_station_core;cr1000xe_backbone,1.1303999999999998,flux,transport,2,2.6492340564727783
7181,candidate_001,met_station_core;cr1000xe_backbone,1.1303999999999998,flux,transport,2,2.6523356437683105
7181,candidate_001,met_station_core;cr1000xe_backbone,1.1303999999999998,flux,transport,2,2.6263973712921143
7181,candidate_001,met_station_core;cr1000xe_backbone,1.1303999999999998,flux,transport,2,2.453623056411743
7181,candidate_001,met_station_core;cr1000xe_backbone,1.1303999999999998,flux,transport,2,2.288052797317505
7181,candidate_001,met_station_core;cr1000xe_backbone,1.1303999999999998,flux,transport,2,2.153536796569824
7181,candidate_001,met_station_core;cr1000xe_backbone,1.1303999999999998,flux,transport,2,2.0228841304779053
7181,candidate_001,met_station_core;cr1000xe_backbone,1.1303999999999998,flux,transport,2,1.7328308820724487
7181,candidate_001,met_station_core;cr1000xe_backbone,1.1303999999999998,flux,transport,2,1.341667652130127
7181,candidate_001,met_station_core;cr1000xe_backbone,1.1303999999999998,flux,transport,2,1.389936923980713
7181,candidate_001,met_station_core;cr1000xe_backbone,1.1303999999999998,flux,transport,2,0.8250248432159424
7181,candidate_001,met_station_core;cr1000xe_backbone,1.1303999999999998,flux,particle,2,0.8669089078903198
7181,candidate_001,met_station_core;cr1000xe_backbone,1.1303999999999998,flux,particle,2,0.7554799914360046
7181,candidate_001,met_station_core;cr1000xe_backbone,1.1303999999999998,calm,particle,0,0.6020499467849731
7181,candidate_001,met_station_core;cr1000xe_backbone,1.1303999999999998,calm,particle,0,0.4962310492992401
7181,candidate_001,met_station_core;cr1000xe_backbone,1.1303999999999998,calm,particle,0,0.3467859923839569
7181,candidate_001,met_station_core;cr1000xe_backbone,1.1303999999999998,calm,particle,0,0.38349562883377075
7181,candidate_001,met_station_core;cr1000xe_backbone,1.1303999999999998,calm,particle,0,0.356790691614151
7181,candidate_001,met_station_core;cr1000xe_backbone,1.1303999999999998,calm,particle,0,0.4068412482738495
7181,candidate_001,met_station_core;cr1000xe_backbone,1.1303999999999998,calm,particle,0,0.3577094078063965
7181,candidate_001,met_station_core;cr1000xe_backbone,1.1303999999999998,calm,particle,0,0.4611682891845703
7181,candidate_001,met_station_core;cr1000xe_backbone,1.1303999999999998,calm,particle,0,0.5133435130119324
7181,candidate_001,met_station_core;cr1000xe_backbone,1.1303999999999998,calm,particle,0,0.6860459446907043
7181,candidate_001,met_station_core;cr1000xe_backbone,1.1303999999999998,calm,particle,0,0.6346608400344849
7181,candidate_001,met_station_core;cr1000xe_backbone,1.1303999999999998,calm,particle,0,1.457198143005371
7181,candidate_001,met_station_core;cr1000xe_backbone,1.1303999999999998,flux,particle,2,2.215662956237793
7181,candidate_001,met_station_core;cr1000xe_backbone,1.1303999999999998,flux,particle,2,2.4080429077148438
7181,candidate_001,met_station_core;cr1000xe_backbone,1.1303999999999998,flux,particle,2,2.4627597332000732
7181,candidate_001,met_station_core;cr1000xe_backbone,1.1303999999999998,flux,particle,2,2.5181682109832764
7181,candidate_001,met_station_core;cr1000xe_backbone,1.1303999999999998,flux,thermal,2,2.60225510597229
7181,candidate_001,met_station_core;cr1000xe_backbone,1.1303999999999998,flux,thermal,2,2.6070687770843506
7181,candidate_001,met_station_core;cr1000xe_backbone,1.1303999999999998,flux,thermal,2,2.5922868251800537
7181,candidate_001,met_station_core;cr1000xe_backbone,1.1303999999999998,flux,thermal,2,2.50335431098938
7181,candidate_001,met_station_core;cr1000xe_backbone,1.1303999999999998,flux,thermal,2,2.1170828342437744
7181,candidate_001,met_station_core;cr1000xe_backbone,1.1303999999999998,flux,thermal,2,1.5435621738433838
7181,candidate_001,met_station_core;cr1000xe_backbone,1.1303999999999998,flux,thermal,2,1.2356866598129272
7181,candidate_001,met_station_core;cr1000xe_backbone,1.1303999999999998,flux,thermal,2,0.913814902305603
7181,candidate_001,met_station_core;cr1000xe_backbone,1.1303999999999998,flux,thermal,2,0.4206281304359436
7181,candidate_001,met_station_core;cr1000xe_backbone,1.1303999999999998,flux,thermal,2,0.431792289018631
7181,candidate_001,met_station_core;cr1000xe_backbone,1.1303999999999998,flux,thermal,2,0.555768609046936
7181,candidate_001,met_station_core;cr1000xe_backbone,1.1303999999999998,flux,thermal,2,0.7749392986297607
7181,candidate_001,met_station_core;cr1000xe_backbone,1.1303999999999998,flux,thermal,2,0.7616516947746277
7181,candidate_001,met_station_core;cr1000xe_backbone,1.1303999999999998,flux,thermal,2,0.5864369869232178
7181,candidate_001,met_station_core;cr1000xe_backbone,1.1303999999999998,flux,thermal,2,0.76605623960495
7181,candidate_001,met_station_core;cr1000xe_backbone,1.1303999999999998,flux,thermal,2,0.7870057821273804
7181,candidate_001,met_station_core;cr1000xe_backbone,1.1303999999999998,flux,thermal,2,1.0609995126724243
7181,candidate_001,met_station_core;cr1000xe_backbone,1.1303999999999998,flux,thermal,2,0.8036414384841919
7181,candidate_001,met_station_core;cr1000xe_backbone,1.1303999999999998,flux,thermal,2,0.9981927871704102
7181,candidate_001,met_station_core;cr1000xe_backbone,1.1303999999999998,flux,thermal,2,1.0788837671279907
7181,candidate_001,met_station_core;cr1000xe_backbone,1.1303999999999998,flux,thermal,2,1.3310202360153198
7181,candidate_001,met_station_core;cr1000xe_backbone,1.1303999999999998,flux,thermal,2,0.9726566076278687
7181,candidate_001,met_station_core;cr1000xe_backbone,1.1303999999999998,flux,thermal,2,0.9100407958030701
7181,candidate_001,met_station_core;cr1000xe_backbone,1.1303999999999998,flux,thermal,2,1.3176932334899902
7181,candidate_001,met_station_core;cr1000xe_backbone,1.1303999999999998,flux,thermal,2,1.201961636543274
7181,candidate_001,met_station_core;cr1000xe_backbone,1.1303999999999998,flux,thermal,2,1.623626470565796
7181,candidate_001,met_station_core;cr1000xe_backbone,1.1303999999999998,flux,thermal,2,1.3263510465621948
7181,candidate_001,met_station_core;cr1000xe_backbone,1.1303999999999998,flux,thermal,2,1.4377068281173706
7181,candidate_001,met_station_core;cr1000xe_backbone,1.1303999999999998,flux,thermal,2,1.6796132326126099
7181,candidate_001,met_station_core;cr1000xe_backbone,1.1303999999999998,flux,thermal,2,1.9192314147949219
7181,candidate_001,met_station_core;cr1000xe_backbone,1.1303999999999998,flux,thermal,2,2.1838560104370117
7181,candidate_001,met_station_core;cr1000xe_backbone,1.1303999999999998,flux,thermal,2,2.198887348175049
7181,candidate_001,met_station_core;cr1000xe_backbone,1.1303999999999998,flux,transport,2,1.9838770627975464
7181,candidate_001,met_station_core;cr1000xe_backbone,1.1303999999999998,flux,transport,2,2.1476376056671143
7181,candidate_001,met_station_core;cr1000xe_backbone,1.1303999999999998,calm,transport,0,1.4608964920043945
7181,candidate_001,met_station_core;cr1000xe_backbone,1.1303999999999998,calm,transport,0,1.8710150718688965
7181,candidate_001,met_station_core;cr1000xe_backbone,1.1303999999999998,calm,transport,0,1.9618477821350098
7181,candidate_001,met_station_core;cr1000xe_backbone,1.1303999999999998,calm,transport,0,2.2590701580047607
7181,candidate_001,met_station_core;cr1000xe_backbone,1.1303999999999998,calm,transport,0,1.5131466388702393
7181,candidate_001,met_station_core;cr1000xe_backbone,1.1303999999999998,calm,transport,0,1.9326951503753662
7181,candidate_001,met_station_core;cr1000xe_backbone,1.1303999999999998,calm,transport,0,1.8290212154388428
7181,candidate_001,met_station_core;cr1000xe_backbone,1.1303999999999998,calm,transport,0,2.018670082092285
7181,candidate_002,radiometer_basic;cr1000xe_backbone,1.0904,calm,transport,0,1.2143688201904297
7181,candidate_002,radiometer_basic;cr1000xe_backbone,1.0904,calm,transport,0,0.9982293844223022
7181,candidate_002,radiometer_basic;cr1000xe_backbone,1.0904,calm,transport,0,0.8756060004234314
7181,candidate_002,radiometer_basic;cr1000xe_backbone,1.0904,calm,transport,0,0.8002389669418335
7181,candidate_002,radiometer_basic;cr1000xe_backbone,1.0904,calm,transport,0,0.755618155002594
7181,candidate_002,radiometer_basic;cr1000xe_backbone,1.0904,calm,transport,0,0.7294777631759644
7181,candidate_002,radiometer_basic;cr1000xe_backbone,1.0904,calm,transport,0,0.8028311133384705
7181,candidate_002,radiometer_basic;cr1000xe_backbone,1.0904,calm,transport,0,0.8053837418556213
7181,candidate_002,radiometer_basic;cr1000xe_backbone,1.0904,calm,transport,0,0.9063030481338501
7181,candidate_002,radiometer_basic;cr1000xe_backbone,1.0904,calm,transport,0,0.9565321207046509
7181,candidate_002,radiometer_basic;cr1000xe_backbone,1.0904,calm,transport,0,0.9635342359542847
7181,candidate_002,radiometer_basic;cr1000xe_backbone,1.0904,calm,transport,0,1.0232268571853638
7181,candidate_002,radiometer_basic;cr1000xe_backbone,1.0904,calm,transport,0,1.0807017087936401
7181,candidate_002,radiometer_basic;cr1000xe_backbone,1.0904,calm,transport,0,1.045197606086731
7181,candidate_002,radiometer_basic;cr1000xe_backbone,1.0904,calm,transport,0,0.8720082640647888
7181,candidate_002,radiometer_basic;cr1000xe_backbone,1.0904,calm,transport,0,0.8276270627975464
7181,candidate_002,radiometer_basic;cr1000xe_backbone,1.0904,calm,transport,0,0.8240870833396912
7181,candidate_002,radiometer_basic;cr1000xe_backbone,1.0904,calm,transport,0,0.7934632301330566
7181,candidate_002,radiometer_basic;cr1000xe_backbone,1.0904,calm,transport,0,0.7702016830444336
7181,candidate_002,radiometer_basic;cr1000xe_backbone,1.0904,calm,transport,0,0.8331356048583984
7181,candidate_002,radiometer_basic;cr1000xe_backbone,1.0904,calm,transport,0,0.8506026864051819
7181,candidate_002,radiometer_basic;cr1000xe_backbone,1.0904,calm,transport,0,0.8513652682304382
7181,candidate_002,radiometer_basic;cr1000xe_backbone,1.0904,calm,particle,0,0.89344722032547
7181,candidate_002,radiometer_basic;cr1000xe_backbone,1.0904,calm,particle,0,0.9673808813095093
7181,candidate_002,radiometer_basic;cr1000xe_backbone,1.0904,calm,particle,0,0.9278916120529175
7181,candidate_002,radiometer_basic;cr1000xe_backbone,1.0904,calm,particle,0,0.8382539749145508
7181,candidate_002,radiometer_basic;cr1000xe_backbone,1.0904,calm,particle,0,0.777187705039978
7181,candidate_002,radiometer_basic;cr1000xe_backbone,1.0904,calm,particle,0,0.7430096864700317
7181,candidate_002,radiometer_basic;cr1000xe_backbone,1.0904,calm,particle,0,0.6897999048233032
7181,candidate_002,radiometer_basic;cr1000xe_backbone,1.0904,calm,particle,0,0.6318759918212891
7181,candidate_002,radiometer_basic;cr1000xe_backbone,1.0904,calm,particle,0,0.6213861107826233
7181,candidate_002,radiometer_basic;cr1000xe_backbone,1.0904,calm,particle,0,0.6717187762260437
7181,candidate_002,radiometer_basic;cr1000xe_backbone,1.0904,calm,particle,0,0.7579230666160583
7181,candidate_002,radiometer_basic;cr1000xe_backbone,1.0904,calm,particle,0,0.7965483665466309
7181,candidate_002,radiometer_basic;cr1000xe_backbone,1.0904,calm,particle,0,0.8046737909317017
7181,candidate_002,radiometer_basic;cr1000xe_backbone,1.0904,calm,particle,0,0.8668580055236816
7181,candidate_002,radiometer_basic;cr1000xe_backbone,1.0904,calm,particle,0,0.9800335764884949
7181,candidate_002,radiometer_basic;cr1000xe_backbone,1.0904,calm,particle,0,0.8963893055915833
7181,candidate_002,radiometer_basic;cr1000xe_backbone,1.0904,calm,particle,0,0.8239672780036926
7181,candidate_002,radiometer_basic;cr1000xe_backbone,1.0904,calm,particle,0,0.7867563366889954
7181,candidate_002,radiometer_basic;cr1000xe_backbone,1.0904,calm,particle,0,0.788322389125824
7181,candidate_002,radiometer_basic;cr1000xe_backbone,1.0904,calm,particle,0,0.7474275231361389
7181,candidate_002,radiometer_basic;cr1000xe_backbone,1.0904,calm,particle,0,0.7391700744628906
7181,candidate_002,radiometer_basic;cr1000xe_backbone,1.0904,calm,particle,0,0.7789778113365173
7181,candidate_002,radiometer_basic;cr1000xe_backbone,1.0904,calm,thermal,0,0.8243328928947449
7181,candidate_002,radiometer_basic;cr1000xe_backbone,1.0904,calm,thermal,0,0.8377342820167542
7181,candidate_002,radiometer_basic;cr1000xe_backbone,1.0904,calm,thermal,0,0.864690363407135
7181,candidate_002,radiometer_basic;cr1000xe_backbone,1.0904,calm,thermal,0,0.8814114928245544
7181,candidate_002,radiometer_basic;cr1000xe_backbone,1.0904,calm,thermal,0,0.8798430562019348
7181,candidate_002,radiometer_basic;cr1000xe_backbone,1.0904,calm,thermal,0,0.8052425384521484
7181,candidate_002,radiometer_basic;cr1000xe_backbone,1.0904,calm,thermal,0,0.7281866669654846
7181,candidate_002,radiometer_basic;cr1000xe_backbone,1.0904,calm,thermal,0,0.6827192902565002
7181,candidate_002,radiometer_basic;cr1000xe_backbone,1.0904,calm,thermal,0,0.6516996026039124
7181,candidate_002,radiometer_basic;cr1000xe_backbone,1.0904,calm,thermal,0,0.5822374820709229
7181,candidate_002,radiometer_basic;cr1000xe_backbone,1.0904,calm,thermal,0,0.5752502083778381
7181,candidate_002,radiometer_basic;cr1000xe_backbone,1.0904,calm,thermal,0,0.5962487459182739
7181,candidate_002,radiometer_basic;cr1000xe_backbone,1.0904,calm,thermal,0,0.664672315120697
7181,candidate_002,radiometer_basic;cr1000xe_backbone,1.0904,calm,thermal,0,0.7056612372398376
7181,candidate_002,radiometer_basic;cr1000xe_backbone,1.0904,calm,thermal,0,0.7341158986091614
7181,candidate_002,radiometer_basic;cr1000xe_backbone,1.0904,calm,thermal,0,0.7997143864631653
7181,candidate_002,radiometer_basic;cr1000xe_backbone,1.0904,calm,thermal,0,0.8908173441886902
7181,candidate_002,radiometer_basic;cr1000xe_backbone,1.0904,calm,thermal,0,0.8364759087562561
7181,candidate_002,radiometer_basic;cr1000xe_backbone,1.0904,calm,thermal,0,0.7156093716621399
7181,candidate_002,radiometer_basic;cr1000xe_backbone,1.0904,calm,thermal,0,0.7117680907249451
7181,candidate_002,radiometer_basic;cr1000xe_backbone,1.0904,calm,thermal,0,0.7311987280845642
7181,candidate_002,radiometer_basic;cr1000xe_backbone,1.0904,calm,thermal,0,0.6742238998413086
7181,candidate_002,radiometer_basic;cr1000xe_backbone,1.0904,calm,thermal,0,0.6452765464782715
7181,candidate_002,radiometer_basic;cr1000xe_backbone,1.0904,calm,thermal,0,0.7118903398513794
7181,candidate_002,radiometer_basic;cr1000xe_backbone,1.0904,calm,thermal,0,0.7629957795143127
7181,candidate_002,radiometer_basic;cr1000xe_backbone,1.0904,calm,thermal,0,0.7774388790130615
7181,candidate_002,radiometer_basic;cr1000xe_backbone,1.0904,calm,thermal,0,0.7874840497970581
7181,candidate_002,radiometer_basic;cr1000xe_backbone,1.0904,calm,transport,0,0.7999067902565002
7181,candidate_002,radiometer_basic;cr1000xe_backbone,1.0904,calm,transport,0,0.7934418320655823
7181,candidate_002,radiometer_basic;cr1000xe_backbone,1.0904,calm,transport,0,0.7807658910751343
7181,candidate_002,radiometer_basic;cr1000xe_backbone,1.0904,calm,transport,0,0.692430317401886
7181,candidate_002,radiometer_basic;cr1000xe_backbone,1.0904,calm,transport,0,0.6504449844360352
7181,candidate_002,radiometer_basic;cr1000xe_backbone,1.0904,calm,transport,0,0.6436882615089417
7181,candidate_002,radiometer_basic;cr1000xe_backbone,1.0904,calm,transport,0,0.5995561480522156
7181,candidate_002,radiometer_basic;cr1000xe_backbone,1.0904,calm,transport,0,0.6313448548316956
7181,candidate_002,radiometer_basic;cr1000xe_backbone,1.0904,calm,transport,0,0.6506237387657166
7181,candidate_002,radiometer_basic;cr1000xe_backbone,1.0904,calm,transport,0,0.717906653881073
7181,candidate_002,radiometer_basic;cr1000xe_backbone,1.0904,calm,transport,0,0.7420517802238464
7181,candidate_002,radiometer_basic;cr1000xe_backbone,1.0904,calm,transport,0,0.8000157475471497
7181,candidate_002,radiometer_basic;cr1000xe_backbone,1.0904,calm,transport,0,0.8507036566734314
7181,candidate_002,radiometer_basic;cr1000xe_backbone,1.0904,calm,transport,0,0.9441220760345459
7181,candidate_002,radiometer_basic;cr1000xe_backbone,1.0904,calm,transport,0,0.8936949968338013
7181,candidate_002,radiometer_basic;cr1000xe_backbone,1.0904,calm,transport,0,0.8189838528633118
7181,candidate_002,radiometer_basic;cr1000xe_backbone,1.0904,calm,transport,0,0.7889166474342346
7181,candidate_002,radiometer_basic;cr1000xe_backbone,1.0904,calm,transport,0,0.7939006090164185
7181,candidate_002,radiometer_basic;cr1000xe_backbone,1.0904,calm,transport,0,0.748229444026947
7181,candidate_002,radiometer_basic;cr1000xe_backbone,1.0904,calm,transport,0,0.7474750280380249
7181,candidate_002,radiometer_basic;cr1000xe_backbone,1.0904,calm,transport,0,0.820981502532959
7181,candidate_002,radiometer_basic;cr1000xe_backbone,1.0904,calm,transport,0,0.8498098254203796
7181,candidate_002,radiometer_basic;cr1000xe_backbone,1.0904,calm,transport,0,0.8447020053863525
7181,candidate_002,radiometer_basic;cr1000xe_backbone,1.0904,calm,transport,0,0.8630317449569702
7181,candidate_002,radiometer_basic;cr1000xe_backbone,1.0904,calm,transport,0,0.8453723788261414
7181,candidate_002,radiometer_basic;cr1000xe_backbone,1.0904,calm,transport,0,0.8066251277923584
7181,candidate_002,radiometer_basic;cr1000xe_backbone,1.0904,calm,transport,0,0.7947232723236084
7181,candidate_002,radiometer_basic;cr1000xe_backbone,1.0904,calm,transport,0,0.7157936692237854
7181,candidate_002,radiometer_basic;cr1000xe_backbone,1.0904,calm,particle,0,0.6863558888435364
7181,candidate_002,radiometer_basic;cr1000xe_backbone,1.0904,calm,particle,0,0.6296874284744263
7181,candidate_002,radiometer_basic;cr1000xe_backbone,1.0904,calm,particle,0,0.5745407342910767
7181,candidate_002,radiometer_basic;cr1000xe_backbone,1.0904,calm,particle,0,0.5896835923194885
7181,candidate_002,radiometer_basic;cr1000xe_backbone,1.0904,calm,particle,0,0.6413935422897339
7181,candidate_002,radiometer_basic;cr1000xe_backbone,1.0904,calm,particle,0,0.7205729484558105
7181,candidate_002,radiometer_basic;cr1000xe_backbone,1.0904,calm,particle,0,0.7160285711288452
7181,candidate_002,radiometer_basic;cr1000xe_backbone,1.0904,calm,particle,0,0.76079261302948
7181,candidate_002,radiometer_basic;cr1000xe_backbone,1.0904,calm,particle,0,0.8548915386199951
7181,candidate_002,radiometer_basic;cr1000xe_backbone,1.0904,calm,particle,0,0.949489414691925
7181,candidate_002,radiometer_basic;cr1000xe_backbone,1.0904,calm,particle,0,0.874252200126648
7181,candidate_002,radiometer_basic;cr1000xe_backbone,1.0904,calm,particle,0,0.8301567435264587
7181,candidate_002,radiometer_basic;cr1000xe_backbone,1.0904,calm,particle,0,0.8114038109779358
7181,candidate_002,radiometer_basic;cr1000xe_backbone,1.0904,calm,particle,0,0.8334563374519348
7181,candidate_002,radiometer_basic;cr1000xe_backbone,1.0904,calm,particle,0,0.8341465592384338
7181,candidate_002,radiometer_basic;cr1000xe_backbone,1.0904,calm,particle,0,0.8474817872047424
7181,candidate_002,radiometer_basic;cr1000xe_backbone,1.0904,calm,particle,0,0.8784804940223694
7181,candidate_002,radiometer_basic;cr1000xe_backbone,1.0904,calm,particle,0,0.899010956287384
7181,candidate_002,radiometer_basic;cr1000xe_backbone,1.0904,calm,particle,0,0.9249587655067444
7181,candidate_002,radiometer_basic;cr1000xe_backbone,1.0904,calm,particle,0,1.011393666267395
7181,candidate_002,radiometer_basic;cr1000xe_backbone,1.0904,calm,particle,0,1.0248751640319824
7181,candidate_002,radiometer_basic;cr1000xe_backbone,1.0904,calm,particle,0,1.0384286642074585
7181,candidate_002,radiometer_basic;cr1000xe_backbone,1.0904,calm,particle,0,0.999729335308075
7181,candidate_002,radiometer_basic;cr1000xe_backbone,1.0904,calm,particle,0,0.9546383023262024
7181,candidate_002,radiometer_basic;cr1000xe_backbone,1.0904,calm,particle,0,0.9227622151374817
7181,candidate_002,radiometer_basic;cr1000xe_backbone,1.0904,calm,particle,0,0.8691678047180176
7181,candidate_002,radiometer_basic;cr1000xe_backbone,1.0904,calm,particle,0,0.8275399804115295
7181,candidate_002,radiometer_basic;cr1000xe_backbone,1.0904,calm,particle,0,0.8648991584777832
7181,candidate_002,radiometer_basic;cr1000xe_backbone,1.0904,calm,particle,0,0.8959264159202576
7181,candidate_002,radiometer_basic;cr1000xe_backbone,1.0904,calm,particle,0,0.9440874457359314
7181,candidate_002,radiometer_basic;cr1000xe_backbone,1.0904,calm,particle,0,0.986417829990387
7181,candidate_002,radiometer_basic;cr1000xe_backbone,1.0904,calm,thermal,0,1.0173522233963013
7181,candidate_002,radiometer_basic;cr1000xe_backbone,1.0904,calm,thermal,0,1.1184747219085693
7181,candidate_002,radiometer_basic;cr1000xe_backbone,1.0904,calm,thermal,0,1.1755166053771973
7181,candidate_002,radiometer_basic;cr1000xe_backbone,1.0904,calm,thermal,0,1.1533647775650024
7181,candidate_002,radiometer_basic;cr1000xe_backbone,1.0904,calm,thermal,0,1.089028000831604
7181,candidate_002,radiometer_basic;cr1000xe_backbone,1.0904,calm,thermal,0,1.104119896888733
7181,candidate_002,radiometer_basic;cr1000xe_backbone,1.0904,calm,thermal,0,1.1342782974243164
7181,candidate_002,radiometer_basic;cr1000xe_backbone,1.0904,calm,thermal,0,1.038249135017395
7181,candidate_002,radiometer_basic;cr1000xe_backbone,1.0904,calm,thermal,0,1.0632141828536987
7181,candidate_002,radiometer_basic;cr1000xe_backbone,1.0904,calm,thermal,0,1.130331039428711
7181,candidate_002,radiometer_basic;cr1000xe_backbone,1.0904,calm,thermal,0,1.196618914604187
7181,candidate_002,radiometer_basic;cr1000xe_backbone,1.0904,calm,thermal,0,1.1955525875091553
7181,candidate_002,radiometer_basic;cr1000xe_backbone,1.0904,calm,thermal,0,1.2022297382354736
7181,candidate_002,radiometer_basic;cr1000xe_backbone,1.0904,calm,thermal,0,1.2338335514068604
7181,candidate_002,radiometer_basic;cr1000xe_backbone,1.0904,calm,thermal,0,1.228161334991455
7181,candidate_002,radiometer_basic;cr1000xe_backbone,1.0904,calm,thermal,0,1.1458508968353271
7181,candidate_002,radiometer_basic;cr1000xe_backbone,1.0904,calm,thermal,0,1.0857888460159302
7181,candidate_002,radiometer_basic;cr1000xe_backbone,1.0904,calm,thermal,0,1.0230376720428467
7181,candidate_002,radiometer_basic;cr1000xe_backbone,1.0904,calm,thermal,0,0.9893161654472351
7181,candidate_002,radiometer_basic;cr1000xe_backbone,1.0904,calm,thermal,0,0.9576905369758606
7181,candidate_002,radiometer_basic;cr1000xe_backbone,1.0904,calm,transport,0,0.9223713874816895
7181,candidate_002,radiometer_basic;cr1000xe_backbone,1.0904,calm,transport,0,0.9453080892562866
7181,candidate_002,radiometer_basic;cr1000xe_backbone,1.0904,calm,transport,0,1.0077810287475586
7181,candidate_002,radiometer_basic;cr1000xe_backbone,1.0904,calm,transport,0,1.054073691368103
7181,candidate_002,radiometer_basic;cr1000xe_backbone,1.0904,calm,transport,0,1.07322096824646
7181,candidate_002,radiometer_basic;cr1000xe_backbone,1.0904,calm,transport,0,1.1483025550842285
7181,candidate_002,radiometer_basic;cr1000xe_backbone,1.0904,calm,transport,0,1.2152303457260132
7181,candidate_002,radiometer_basic;cr1000xe_backbone,1.0904,calm,transport,0,1.2170500755310059
7181,candidate_002,radiometer_basic;cr1000xe_backbone,1.0904,calm,transport,0,1.1224555969238281
7181,candidate_002,radiometer_basic;cr1000xe_backbone,1.0904,calm,transport,0,1.0987679958343506
7181,candidate_002,radiometer_basic;cr1000xe_backbone,1.0904,calm,transport,0,1.111769676208496
7181,candidate_002,radiometer_basic;cr1000xe_backbone,1.0904,calm,transport,0,1.0797563791275024
7181,candidate_002,radiometer_basic;cr1000xe_backbone,1.0904,calm,transport,0,1.1205880641937256
7181,candidate_002,radiometer_basic;cr1000xe_backbone,1.0904,calm,transport,0,1.1467801332473755
7181,candidate_002,radiometer_basic;cr1000xe_backbone,1.0904,calm,transport,0,1.177685260772705
7181,candidate_002,radiometer_basic;cr1000xe_backbone,1.0904,calm,transport,0,1.1964244842529297
7181,candidate_002,radiometer_basic;cr1000xe_backbone,1.0904,calm,transport,0,1.2572908401489258
7181,candidate_002,radiometer_basic;cr1000xe_backbone,1.0904,calm,transport,0,1.3083534240722656
7181,candidate_002,radiometer_basic;cr1000xe_backbone,1.0904,calm,transport,0,1.283549189567566
7181,candidate_002,radiometer_basic;cr1000xe_backbone,1.0904,calm,transport,0,1.1910218000411987
7181,candidate_002,radiometer_basic;cr1000xe_backbone,1.0904,calm,transport,0,1.1632390022277832
7181,candidate_002,radiometer_basic;cr1000xe_backbone,1.0904,calm,transport,0,1.1152515411376953
7181,candidate_002,radiometer_basic;cr1000xe_backbone,1.0904,calm,transport,0,1.0453640222549438
7181,candidate_002,radiometer_basic;cr1000xe_backbone,1.0904,calm,transport,0,0.9779965877532959
7181,candidate_002,radiometer_basic;cr1000xe_backbone,1.0904,calm,transport,0,1.0140324831008911
7181,candidate_002,radiometer_basic;cr1000xe_backbone,1.0904,calm,transport,0,1.0248441696166992
7181,candidate_002,radiometer_basic;cr1000xe_backbone,1.0904,calm,transport,0,1.0690585374832153
7181,candidate_002,radiometer_basic;cr1000xe_backbone,1.0904,calm,transport,0,1.0683332681655884
7181,candidate_002,radiometer_basic;cr1000xe_backbone,1.0904,calm,transport,0,1.0985876321792603
7181,candidate_002,radiometer_basic;cr1000xe_backbone,1.0904,calm,transport,0,1.1675938367843628
7181,candidate_002,radiometer_basic;cr1000xe_backbone,1.0904,calm,transport,0,1.2242052555084229
7181,candidate_002,radiometer_basic;cr1000xe_backbone,1.0904,calm,transport,0,1.1830486059188843
7181,candidate_002,radiometer_basic;cr1000xe_backbone,1.0904,calm,transport,0,1.0968165397644043
7181,candidate_002,radiometer_basic;cr1000xe_backbone,1.0904,calm,transport,0,1.1116997003555298
7181,candidate_002,radiometer_basic;cr1000xe_backbone,1.0904,calm,transport,0,1.1292048692703247
7181,candidate_002,radiometer_basic;cr1000xe_backbone,1.0904,calm,particle,0,1.0878363847732544
7181,candidate_002,radiometer_basic;cr1000xe_backbone,1.0904,calm,particle,0,1.09483802318573
7181,candidate_002,radiometer_basic;cr1000xe_backbone,1.0904,calm,particle,0,1.1350438594818115
7181,candidate_002,radiometer_basic;cr1000xe_backbone,1.0904,calm,particle,0,1.1426986455917358
7181,candidate_002,radiometer_basic;cr1000xe_backbone,1.0904,calm,particle,0,1.1590484380722046
7181,candidate_002,radiometer_basic;cr1000xe_backbone,1.0904,calm,particle,0,1.1931098699569702
7181,candidate_002,radiometer_basic;cr1000xe_backbone,1.0904,calm,particle,0,1.1738016605377197
7181,candidate_002,radiometer_basic;cr1000xe_backbone,1.0904,calm,particle,0,1.143139123916626
7181,candidate_002,radiometer_basic;cr1000xe_backbone,1.0904,calm,particle,0,1.0781198740005493
7181,candidate_002,radiometer_basic;cr1000xe_backbone,1.0904,calm,particle,0,1.0168873071670532
7181,candidate_002,radiometer_basic;cr1000xe_backbone,1.0904,calm,particle,0,1.0004323720932007
7181,candidate_002,radiometer_basic;cr1000xe_backbone,1.0904,calm,particle,0,0.9366293549537659
7181,candidate_002,radiometer_basic;cr1000xe_backbone,1.0904,calm,particle,0,0.8858279585838318
7181,candidate_002,radiometer_basic;cr1000xe_backbone,1.0904,calm,particle,0,0.8738932609558105
7181,candidate_002,radiometer_basic;cr1000xe_backbone,1.0904,calm,particle,0,0.9222494959831238
7181,candidate_002,radiometer_basic;cr1000xe_backbone,1.0904,calm,particle,0,0.9454362988471985
7181,candidate_002,radiometer_basic;cr1000xe_backbone,1.0904,calm,particle,0,0.9820979833602905
7181,candidate_002,radiometer_basic;cr1000xe_backbone,1.0904,calm,particle,0,1.0056215524673462
7181,candidate_002,radiometer_basic;cr1000xe_backbone,1.0904,calm,particle,0,1.107182264328003
7181,candidate_002,radiometer_basic;cr1000xe_backbone,1.0904,calm,particle,0,1.132217288017273
7181,candidate_002,radiometer_basic;cr1000xe_backbone,1.0904,calm,particle,0,1.1413906812667847
7181,candidate_002,radiometer_basic;cr1000xe_backbone,1.0904,calm,particle,0,1.1273887157440186
7181,candidate_002,radiometer_basic;cr1000xe_backbone,1.0904,calm,particle,0,1.1243746280670166
7181,candidate_002,radiometer_basic;cr1000xe_backbone,1.0904,calm,particle,0,1.128735065460205
7181,candidate_002,radiometer_basic;cr1000xe_backbone,1.0904,calm,particle,0,1.1056796312332153
7181,candidate_002,radiometer_basic;cr1000xe_backbone,1.0904,calm,particle,0,1.1152082681655884
7181,candidate_002,radiometer_basic;cr1000xe_backbone,1.0904,calm,particle,0,1.173118233680725
7181,candidate_002,radiometer_basic;cr1000xe_backbone,1.0904,calm,particle,0,1.193596601486206
7181,candidate_002,radiometer_basic;cr1000xe_backbone,1.0904,calm,particle,0,1.2150734663009644
7181,candidate_002,radiometer_basic;cr1000xe_backbone,1.0904,calm,particle,0,1.2655097246170044
7181,candidate_002,radiometer_basic;cr1000xe_backbone,1.0904,calm,particle,0,1.2598031759262085
7181,candidate_002,radiometer_basic;cr1000xe_backbone,1.0904,calm,particle,0,1.234999656677246
7181,candidate_002,radiometer_basic;cr1000xe_backbone,1.0904,calm,particle,0,1.1662702560424805
7181,candidate_002,radiometer_basic;cr1000xe_backbone,1.0904,calm,particle,0,1.1296724081039429
7181,candidate_002,radiometer_basic;cr1000xe_backbone,1.0904,calm,thermal,0,1.0559216737747192
7181,candidate_002,radiometer_basic;cr1000xe_backbone,1.0904,calm,thermal,0,0.9531907439231873
7181,candidate_002,radiometer_basic;cr1000xe_backbone,1.0904,calm,thermal,0,0.8912925124168396
7181,candidate_002,radiometer_basic;cr1000xe_backbone,1.0904,calm,thermal,0,0.9108068346977234
7181,candidate_002,radiometer_basic;cr1000xe_backbone,1.0904,calm,thermal,0,0.9097617864608765
7181,candidate_002,radiometer_basic;cr1000xe_backbone,1.0904,calm,thermal,0,0.9307920336723328
7181,candidate_002,radiometer_basic;cr1000xe_backbone,1.0904,calm,thermal,0,0.9624959826469421
7181,candidate_002,radiometer_basic;cr1000xe_backbone,1.0904,calm,thermal,0,0.9740006327629089
7181,candidate_002,radiometer_basic;cr1000xe_backbone,1.0904,calm,thermal,0,1.0430375337600708
7181,candidate_002,radiometer_basic;cr1000xe_backbone,1.0904,calm,thermal,0,1.0650873184204102
7181,candidate_002,radiometer_basic;cr1000xe_backbone,1.0904,calm,thermal,0,1.0536636114120483
7181,candidate_002,radiometer_basic;cr1000xe_backbone,1.0904,calm,thermal,0,1.0112189054489136
7181,candidate_002,radiometer_basic;cr1000xe_backbone,1.0904,calm,thermal,0,1.014748454093933
7181,candidate_002,radiometer_basic;cr1000xe_backbone,1.0904,calm,thermal,0,0.9935431480407715
7181,candidate_002,radiometer_basic;cr1000xe_backbone,1.0904,calm,thermal,0,1.0140670537948608
7181,candidate_002,radiometer_basic;cr1000xe_backbone,1.0904,calm,thermal,0,0.9862241744995117
7181,candidate_002,radiometer_basic;cr1000xe_backbone,1.0904,calm,thermal,0,1.036747694015503
7181,candidate_002,radiometer_basic;cr1000xe_backbone,1.0904,calm,thermal,0,1.066731333732605
7181,candidate_002,radiometer_basic;cr1000xe_backbone,1.0904,calm,thermal,0,1.0708167552947998
7181,candidate_002,radiometer_basic;cr1000xe_backbone,1.0904,calm,thermal,0,1.129926085472107
7181,candidate_002,radiometer_basic;cr1000xe_backbone,1.0904,calm,thermal,0,1.104720950126648
7181,candidate_002,radiometer_basic;cr1000xe_backbone,1.0904,calm,transport,0,1.0636672973632812
7181,candidate_002,radiometer_basic;cr1000xe_backbone,1.0904,calm,transport,0,1.064444899559021
7181,candidate_002,radiometer_basic;cr1000xe_backbone,1.0904,calm,transport,0,0.97132807970047
7181,candidate_002,radiometer_basic;cr1000xe_backbone,1.0904,calm,transport,0,0.9055187106132507
7181,candidate_002,radiometer_basic;cr1000xe_backbone,1.0904,calm,transport,0,0.8029029965400696
7181,candidate_002,radiometer_basic;cr1000xe_backbone,1.0904,calm,transport,0,0.7936293482780457
7181,candidate_002,radiometer_basic;cr1000xe_backbone,1.0904,calm,transport,0,0.8063361048698425
7181,candidate_002,radiometer_basic;cr1000xe_backbone,1.0904,calm,transport,0,0.8130398392677307
7181,candidate_002,radiometer_basic;cr1000xe_backbone,1.0904,calm,transport,0,0.8464953303337097
7181,candidate_002,radiometer_basic;cr1000xe_backbone,1.0904,calm,transport,0,0.9031295776367188
7181,candidate_002,radiometer_basic;cr1000xe_backbone,1.0904,calm,transport,0,0.927259087562561
7181,candidate_002,radiometer_basic;cr1000xe_backbone,1.0904,calm,transport,0,1.0130165815353394
7181,candidate_002,radiometer_basic;cr1000xe_backbone,1.0904,calm,transport,0,1.0330835580825806
7181,candidate_002,radiometer_basic;cr1000xe_backbone,1.0904,calm,transport,0,1.0337846279144287
7181,candidate_002,radiometer_basic;cr1000xe_backbone,1.0904,calm,transport,0,1.0549769401550293
7181,candidate_002,radiometer_basic;cr1000xe_backbone,1.0904,calm,transport,0,1.067525863647461
7181,candidate_002,radiometer_basic;cr1000xe_backbone,1.0904,particle,thermal,1,0.9295605421066284
7181,candidate_002,radiometer_basic;cr1000xe_backbone,1.0904,particle,thermal,1,1.131035327911377
7181,candidate_002,radiometer_basic;cr1000xe_backbone,1.0904,particle,thermal,1,1.3789242506027222
7181,candidate_002,radiometer_basic;cr1000xe_backbone,1.0904,particle,thermal,1,1.6265259981155396
7181,candidate_002,radiometer_basic;cr1000xe_backbone,1.0904,particle,thermal,1,1.9456945657730103
7181,candidate_002,radiometer_basic;cr1000xe_backbone,1.0904,particle,thermal,1,2.214236259460449
7181,candidate_002,radiometer_basic;cr1000xe_backbone,1.0904,particle,thermal,1,2.5217063426971436
7181,candidate_002,radiometer_basic;cr1000xe_backbone,1.0904,particle,thermal,1,2.834333658218384
7181,candidate_002,radiometer_basic;cr1000xe_backbone,1.0904,particle,transport,1,2.8095686435699463
7181,candidate_002,radiometer_basic;cr1000xe_backbone,1.0904,particle,transport,1,2.807673454284668
7181,candidate_002,radiometer_basic;cr1000xe_backbone,1.0904,particle,transport,1,2.7984354496002197
7181,candidate_002,radiometer_basic;cr1000xe_backbone,1.0904,particle,transport,1,2.8213298320770264
7181,candidate_002,radiometer_basic;cr1000xe_backbone,1.0904,particle,transport,1,2.791471242904663
7181,candidate_002,radiometer_basic;cr1000xe_backbone,1.0904,particle,transport,1,2.5081660747528076
7181,candidate_002,radiometer_basic;cr1000xe_backbone,1.0904,particle,transport,1,2.209596872329712
7181,candidate_002,radiometer_basic;cr1000xe_backbone,1.0904,particle,transport,1,1.9213939905166626
7181,candidate_002,radiometer_basic;cr1000xe_backbone,1.0904,particle,transport,1,1.6146595478057861
7181,candidate_002,radiometer_basic;cr1000xe_backbone,1.0904,particle,transport,1,1.326843023300171
7181,candidate_002,radiometer_basic;cr1000xe_backbone,1.0904,particle,transport,1,1.0171892642974854
7181,candidate_002,radiometer_basic;cr1000xe_backbone,1.0904,particle,transport,1,0.7340660095214844
7181,candidate_002,radiometer_basic;cr1000xe_backbone,1.0904,particle,transport,1,0.3987409472465515
7181,candidate_002,radiometer_basic;cr1000xe_backbone,1.0904,calm,transport,0,0.4251692593097687
7181,candidate_002,radiometer_basic;cr1000xe_backbone,1.0904,calm,transport,0,0.36581534147262573
7181,candidate_002,radiometer_basic;cr1000xe_backbone,1.0904,calm,transport,0,0.4059465527534485
7181,candidate_002,radiometer_basic;cr1000xe_backbone,1.0904,calm,transport,0,0.3655230700969696
7181,candidate_002,radiometer_basic;cr1000xe_backbone,1.0904,calm,transport,0,0.39559388160705566
7181,candidate_002,radiometer_basic;cr1000xe_backbone,1.0904,calm,transport,0,0.35681161284446716
7181,candidate_002,radiometer_basic;cr1000xe_backbone,1.0904,calm,transport,0,0.4115999937057495
7181,candidate_002,radiometer_basic;cr1000xe_backbone,1.0904,calm,transport,0,0.39876314997673035
7181,candidate_002,radiometer_basic;cr1000xe_backbone,1.0904,calm,transport,0,0.3864673376083374
7181,candidate_002,radiometer_basic;cr1000xe_backbone,1.0904,calm,transport,0,0.36192288994789124
7181,candidate_002,radiometer_basic;cr1000xe_backbone,1.0904,calm,transport,0,0.3719136118888855
7181,candidate_002,radiometer_basic;cr1000xe_backbone,1.0904,calm,transport,0,0.37710651755332947
7181,candidate_002,radiometer_basic;cr1000xe_backbone,1.0904,calm,particle,0,0.382292777299881
7181,candidate_002,radiometer_basic;cr1000xe_backbone,1.0904,flux,particle,2,0.3930407166481018
7181,candidate_002,radiometer_basic;cr1000xe_backbone,1.0904,flux,particle,2,0.37876418232917786
7181,candidate_002,radiometer_basic;cr1000xe_backbone,1.0904,flux,particle,2,0.4275725483894348
7181,candidate_002,radiometer_basic;cr1000xe_backbone,1.0904,flux,particle,2,0.4143127501010895
7181,candidate_002,radiometer_basic;cr1000xe_backbone,1.0904,flux,particle,2,0.4645327627658844
7181,candidate_002,radiometer_basic;cr1000xe_backbone,1.0904,flux,particle,2,0.46137669682502747
7181,candidate_002,radiometer_basic;cr1000xe_backbone,1.0904,flux,particle,2,0.4765344560146332
7181,candidate_002,radiometer_basic;cr1000xe_backbone,1.0904,flux,particle,2,0.4803547263145447
7181,candidate_002,radiometer_basic;cr1000xe_backbone,1.0904,flux,particle,2,0.5141132473945618
7181,candidate_002,radiometer_basic;cr1000xe_backbone,1.0904,flux,particle,2,0.4559578597545624
7181,candidate_002,radiometer_basic;cr1000xe_backbone,1.0904,flux,particle,2,0.4647918939590454
7181,candidate_002,radiometer_basic;cr1000xe_backbone,1.0904,flux,particle,2,0.47625482082366943
7181,candidate_002,radiometer_basic;cr1000xe_backbone,1.0904,flux,particle,2,0.5052895545959473
7181,candidate_002,radiometer_basic;cr1000xe_backbone,1.0904,flux,particle,2,0.5310232043266296
7181,candidate_002,radiometer_basic;cr1000xe_backbone,1.0904,flux,particle,2,0.5473059415817261
7181,candidate_002,radiometer_basic;cr1000xe_backbone,1.0904,flux,particle,2,0.525014340877533
7181,candidate_002,radiometer_basic;cr1000xe_backbone,1.0904,flux,particle,2,0.49439573287963867
7181,candidate_002,radiometer_basic;cr1000xe_backbone,1.0904,flux,particle,2,0.500956654548645
7181,candidate_002,radiometer_basic;cr1000xe_backbone,1.0904,flux,particle,2,0.5245956778526306
7181,candidate_002,radiometer_basic;cr1000xe_backbone,1.0904,flux,particle,2,0.5199349522590637
7181,candidate_002,radiometer_basic;cr1000xe_backbone,1.0904,flux,particle,2,0.5243871212005615
7181,candidate_002,radiometer_basic;cr1000xe_backbone,1.0904,flux,particle,2,0.510841429233551
7181,candidate_002,radiometer_basic;cr1000xe_backbone,1.0904,flux,thermal,2,0.5350562334060669
7181,candidate_002,radiometer_basic;cr1000xe_backbone,1.0904,flux,thermal,2,0.5395863652229309
7181,candidate_002,radiometer_basic;cr1000xe_backbone,1.0904,flux,thermal,2,0.5991818904876709
7181,candidate_002,radiometer_basic;cr1000xe_backbone,1.0904,flux,thermal,2,0.6491448879241943
7181,candidate_002,radiometer_basic;cr1000xe_backbone,1.0904,flux,thermal,2,0.6837719678878784
7181,candidate_002,radiometer_basic;cr1000xe_backbone,1.0904,flux,thermal,2,0.7575885057449341
7181,candidate_002,radiometer_basic;cr1000xe_backbone,1.0904,flux,thermal,2,0.7483091950416565
7181,candidate_002,radiometer_basic;cr1000xe_backbone,1.0904,flux,thermal,2,0.7807103991508484
7181,candidate_002,radiometer_basic;cr1000xe_backbone,1.0904,flux,thermal,2,0.7804281711578369
7181,candidate_002,radiometer_basic;cr1000xe_backbone,1.0904,flux,thermal,2,0.8070253729820251
7181,candidate_002,radiometer_basic;cr1000xe_backbone,1.0904,flux,thermal,2,0.8183767199516296
7181,candidate_002,radiometer_basic;cr1000xe_backbone,1.0904,flux,thermal,2,0.822384774684906
7181,candidate_002,radiometer_basic;cr1000xe_backbone,1.0904,flux,thermal,2,0.8590003252029419
7181,candidate_002,radiometer_basic;cr1000xe_backbone,1.0904,flux,thermal,2,0.8998470902442932
7181,candidate_002,radiometer_basic;cr1000xe_backbone,1.0904,flux,thermal,2,0.8804354071617126
7181,candidate_002,radiometer_basic;cr1000xe_backbone,1.0904,flux,thermal,2,0.8811661005020142
7181,candidate_002,radiometer_basic;cr1000xe_backbone,1.0904,flux,thermal,2,0.8916257619857788
7181,candidate_002,radiometer_basic;cr1000xe_backbone,1.0904,flux,thermal,2,0.8849484324455261
7181,candidate_002,radiometer_basic;cr1000xe_backbone,1.0904,flux,thermal,2,0.9061762690544128
7181,candidate_002,radiometer_basic;cr1000xe_backbone,1.0904,flux,thermal,2,0.8813080787658691
7181,candidate_002,radiometer_basic;cr1000xe_backbone,1.0904,flux,thermal,2,0.8478577136993408
7181,candidate_002,radiometer_basic;cr1000xe_backbone,1.0904,flux,thermal,2,0.8517410755157471
7181,candidate_002,radiometer_basic;cr1000xe_backbone,1.0904,flux,thermal,2,0.8680186867713928
7181,candidate_002,radiometer_basic;cr1000xe_backbone,1.0904,flux,thermal,2,0.8400149941444397
7181,candidate_002,radiometer_basic;cr1000xe_backbone,1.0904,flux,thermal,2,0.8125706315040588
7181,candidate_002,radiometer_basic;cr1000xe_backbone,1.0904,flux,thermal,2,0.7955424785614014
7181,candidate_002,radiometer_basic;cr1000xe_backbone,1.0904,flux,thermal,2,0.7609767317771912
7181,candidate_002,radiometer_basic;cr1000xe_backbone,1.0904,flux,thermal,2,0.7208189964294434
7181,candidate_002,radiometer_basic;cr1000xe_backbone,1.0904,flux,thermal,2,0.7186326384544373
7181,candidate_002,radiometer_basic;cr1000xe_backbone,1.0904,flux,thermal,2,0.6615257263183594
7181,candidate_002,radiometer_basic;cr1000xe_backbone,1.0904,flux,thermal,2,0.6027093529701233
7181,candidate_002,radiometer_basic;cr1000xe_backbone,1.0904,calm,thermal,0,0.5536954402923584
7181,candidate_002,radiometer_basic;cr1000xe_backbone,1.0904,calm,thermal,0,0.5789040327072144
7181,candidate_002,radiometer_basic;cr1000xe_backbone,1.0904,calm,thermal,0,0.5341262221336365
7181,candidate_002,radiometer_basic;cr1000xe_backbone,1.0904,calm,transport,0,0.5427389740943909
7181,candidate_002,radiometer_basic;cr1000xe_backbone,1.0904,calm,transport,0,0.5121581554412842
7181,candidate_002,radiometer_basic;cr1000xe_backbone,1.0904,calm,transport,0,0.5016756057739258
7181,candidate_002,radiometer_basic;cr1000xe_backbone,1.0904,calm,transport,0,0.48610830307006836
7181,candidate_002,radiometer_basic;cr1000xe_backbone,1.0904,calm,transport,0,0.48464977741241455
7181,candidate_002,radiometer_basic;cr1000xe_backbone,1.0904,calm,transport,0,0.44277215003967285
7181,candidate_002,radiometer_basic;cr1000xe_backbone,1.0904,calm,transport,0,0.4358001947402954
7181,candidate_002,radiometer_basic;cr1000xe_backbone,1.0904,calm,transport,0,0.46313217282295227
7181,candidate_002,radiometer_basic;cr1000xe_backbone,1.0904,calm,transport,0,0.4296075999736786
7181,candidate_002,radiometer_basic;cr1000xe_backbone,1.0904,calm,transport,0,0.41496938467025757
7181,candidate_002,radiometer_basic;cr1000xe_backbone,1.0904,calm,transport,0,0.3921182453632355
7181,candidate_002,radiometer_basic;cr1000xe_backbone,1.0904,particle,transport,1,0.3615429699420929
7181,candidate_002,radiometer_basic;cr1000xe_backbone,1.0904,particle,transport,1,0.40166470408439636
7181,candidate_002,radiometer_basic;cr1000xe_backbone,1.0904,particle,transport,1,0.4160919189453125
7181,candidate_002,radiometer_basic;cr1000xe_backbone,1.0904,particle,transport,1,0.36362117528915405
7181,candidate_002,radiometer_basic;cr1000xe_backbone,1.0904,particle,transport,1,0.33469048142433167
7181,candidate_002,radiometer_basic;cr1000xe_backbone,1.0904,particle,transport,1,0.358705997467041
7181,candidate_002,radiometer_basic;cr1000xe_backbone,1.0904,particle,transport,1,0.36082446575164795
7181,candidate_002,radiometer_basic;cr1000xe_backbone,1.0904,particle,transport,1,0.35648345947265625
7181,candidate_002,radiometer_basic;cr1000xe_backbone,1.0904,particle,transport,1,0.33285725116729736
7181,candidate_002,radiometer_basic;cr1000xe_backbone,1.0904,particle,transport,1,0.3621909022331238
7181,candidate_002,radiometer_basic;cr1000xe_backbone,1.0904,particle,transport,1,0.3639231324195862
7181,candidate_002,radiometer_basic;cr1000xe_backbone,1.0904,particle,transport,1,0.4005042314529419
7181,candidate_002,radiometer_basic;cr1000xe_backbone,1.0904,particle,transport,1,0.42423760890960693
7181,candidate_002,radiometer_basic;cr1000xe_backbone,1.0904,particle,transport,1,0.403863787651062
7181,candidate_002,radiometer_basic;cr1000xe_backbone,1.0904,particle,transport,1,0.37267348170280457
7181,candidate_002,radiometer_basic;cr1000xe_backbone,1.0904,particle,particle,1,0.4262672960758209
7181,candidate_002,radiometer_basic;cr1000xe_backbone,1.0904,particle,particle,1,0.4249283969402313
7181,candidate_002,radiometer_basic;cr1000xe_backbone,1.0904,particle,particle,1,0.41232261061668396
7181,candidate_002,radiometer_basic;cr1000xe_backbone,1.0904,particle,particle,1,0.4472978413105011
7181,candidate_002,radiometer_basic;cr1000xe_backbone,1.0904,particle,particle,1,0.4474419355392456
7181,candidate_002,radiometer_basic;cr1000xe_backbone,1.0904,particle,particle,1,0.4516425132751465
7181,candidate_002,radiometer_basic;cr1000xe_backbone,1.0904,particle,particle,1,0.4783552885055542
7181,candidate_002,radiometer_basic;cr1000xe_backbone,1.0904,particle,particle,1,0.5116779804229736
7181,candidate_002,radiometer_basic;cr1000xe_backbone,1.0904,particle,particle,1,0.49215641617774963
7181,candidate_002,radiometer_basic;cr1000xe_backbone,1.0904,particle,particle,1,0.51810222864151
7181,candidate_002,radiometer_basic;cr1000xe_backbone,1.0904,particle,particle,1,0.5263395309448242
7181,candidate_002,radiometer_basic;cr1000xe_backbone,1.0904,calm,particle,0,0.5429139137268066
7181,candidate_002,radiometer_basic;cr1000xe_backbone,1.0904,calm,particle,0,0.5329523682594299
7181,candidate_002,radiometer_basic;cr1000xe_backbone,1.0904,calm,particle,0,0.5242055654525757
7181,candidate_002,radiometer_basic;cr1000xe_backbone,1.0904,calm,particle,0,0.5560196042060852
7181,candidate_002,radiometer_basic;cr1000xe_backbone,1.0904,calm,particle,0,0.5434632301330566
7181,candidate_002,radiometer_basic;cr1000xe_backbone,1.0904,calm,particle,0,0.5527721643447876
7181,candidate_002,radiometer_basic;cr1000xe_backbone,1.0904,calm,particle,0,0.5510968565940857
7181,candidate_002,radiometer_basic;cr1000xe_backbone,1.0904,calm,particle,0,0.5582289695739746
7181,candidate_002,radiometer_basic;cr1000xe_backbone,1.0904,calm,thermal,0,0.5620782971382141
7181,candidate_002,radiometer_basic;cr1000xe_backbone,1.0904,calm,thermal,0,0.5766235589981079
7181,candidate_002,radiometer_basic;cr1000xe_backbone,1.0904,calm,thermal,0,0.5752390623092651
7181,candidate_002,radiometer_basic;cr1000xe_backbone,1.0904,calm,thermal,0,0.5824149250984192
7181,candidate_002,radiometer_basic;cr1000xe_backbone,1.0904,calm,thermal,0,0.5883187055587769
7181,candidate_002,radiometer_basic;cr1000xe_backbone,1.0904,flux,thermal,2,0.5849345326423645
7181,candidate_002,radiometer_basic;cr1000xe_backbone,1.0904,flux,thermal,2,0.5885192155838013
7181,candidate_002,radiometer_basic;cr1000xe_backbone,1.0904,flux,thermal,2,0.5656672120094299
7181,candidate_002,radiometer_basic;cr1000xe_backbone,1.0904,flux,thermal,2,0.5586631894111633
7181,candidate_002,radiometer_basic;cr1000xe_backbone,1.0904,flux,thermal,2,0.6025550365447998
7181,candidate_002,radiometer_basic;cr1000xe_backbone,1.0904,flux,thermal,2,0.5836184024810791
7181,candidate_002,radiometer_basic;cr1000xe_backbone,1.0904,flux,thermal,2,0.577029287815094
7181,candidate_002,radiometer_basic;cr1000xe_backbone,1.0904,flux,thermal,2,0.5609163045883179
7181,candidate_002,radiometer_basic;cr1000xe_backbone,1.0904,flux,thermal,2,0.584681510925293
7181,candidate_002,radiometer_basic;cr1000xe_backbone,1.0904,flux,thermal,2,0.5445151329040527
7181,candidate_002,radiometer_basic;cr1000xe_backbone,1.0904,flux,thermal,2,0.537490725517273
7181,candidate_002,radiometer_basic;cr1000xe_backbone,1.0904,flux,thermal,2,0.5131836533546448
7181,candidate_002,radiometer_basic;cr1000xe_backbone,1.0904,flux,thermal,2,0.4836123287677765
7181,candidate_002,radiometer_basic;cr1000xe_backbone,1.0904,flux,thermal,2,0.48299428820610046
7181,candidate_002,radiometer_basic;cr1000xe_backbone,1.0904,flux,thermal,2,0.48391443490982056
7181,candidate_002,radiometer_basic;cr1000xe_backbone,1.0904,flux,thermal,2,0.4656951427459717
7181,candidate_002,radiometer_basic;cr1000xe_backbone,1.0904,flux,thermal,2,0.4476439356803894
7181,candidate_002,radiometer_basic;cr1000xe_backbone,1.0904,flux,thermal,2,0.4272390305995941
7181,candidate_002,radiometer_basic;cr1000xe_backbone,1.0904,flux,thermal,2,0.4010857045650482
7181,candidate_002,radiometer_basic;cr1000xe_backbone,1.0904,flux,thermal,2,0.38445615768432617
7181,candidate_002,radiometer_basic;cr1000xe_backbone,1.0904,flux,thermal,2,0.6876742839813232
7181,candidate_002,radiometer_basic;cr1000xe_backbone,1.0904,flux,thermal,2,0.9818465113639832
7181,candidate_002,radiometer_basic;cr1000xe_backbone,1.0904,flux,thermal,2,1.3087705373764038
7181,candidate_002,radiometer_basic;cr1000xe_backbone,1.0904,flux,thermal,2,1.6387667655944824
7181,candidate_002,radiometer_basic;cr1000xe_backbone,1.0904,flux,thermal,2,1.9142987728118896
7181,candidate_002,radiometer_basic;cr1000xe_backbone,1.0904,flux,thermal,2,2.239315986633301
7181,candidate_002,radiometer_basic;cr1000xe_backbone,1.0904,flux,thermal,2,2.5650722980499268
7181,candidate_002,radiometer_basic;cr1000xe_backbone,1.0904,flux,thermal,2,2.8843936920166016
7181,candidate_002,radiometer_basic;cr1000xe_backbone,1.0904,flux,transport,2,2.8876969814300537
7181,candidate_002,radiometer_basic;cr1000xe_backbone,1.0904,flux,transport,2,2.888676404953003
7181,candidate_002,radiometer_basic;cr1000xe_backbone,1.0904,flux,transport,2,2.896655321121216
7181,candidate_002,radiometer_basic;cr1000xe_backbone,1.0904,flux,transport,2,2.8966362476348877
7181,candidate_002,radiometer_basic;cr1000xe_backbone,1.0904,flux,transport,2,2.9031901359558105
7181,candidate_002,radiometer_basic;cr1000xe_backbone,1.0904,flux,transport,2,2.9040701389312744
7181,candidate_002,radiometer_basic;cr1000xe_backbone,1.0904,flux,transport,2,2.905271291732788
7181,candidate_002,radiometer_basic;cr1000xe_backbone,1.0904,flux,transport,2,2.9083001613616943
7181,candidate_002,radiometer_basic;cr1000xe_backbone,1.0904,flux,transport,2,2.9042859077453613
7181,candidate_002,radiometer_basic;cr1000xe_backbone,1.0904,flux,transport,2,2.914433717727661
7181,candidate_002,radiometer_basic;cr1000xe_backbone,1.0904,flux,transport,2,2.916996955871582
7181,candidate_002,radiometer_basic;cr1000xe_backbone,1.0904,flux,transport,2,2.9204800128936768
7181,candidate_002,radiometer_basic;cr1000xe_backbone,1.0904,flux,transport,2,2.935960292816162
7181,candidate_002,radiometer_basic;cr1000xe_backbone,1.0904,flux,transport,2,2.9360833168029785
7181,candidate_002,radiometer_basic;cr1000xe_backbone,1.0904,flux,transport,2,2.938300132751465
7181,candidate_002,radiometer_basic;cr1000xe_backbone,1.0904,flux,transport,2,2.9456520080566406
7181,candidate_002,radiometer_basic;cr1000xe_backbone,1.0904,flux,transport,2,2.9584248065948486
7181,candidate_002,radiometer_basic;cr1000xe_backbone,1.0904,flux,transport,2,2.966303825378418
7181,candidate_002,radiometer_basic;cr1000xe_backbone,1.0904,flux,transport,2,2.9738309383392334
7181,candidate_002,radiometer_basic;cr1000xe_backbone,1.0904,flux,transport,2,2.9900760650634766
7181,candidate_002,radiometer_basic;cr1000xe_backbone,1.0904,flux,transport,2,2.732389211654663
7181,candidate_002,radiometer_basic;cr1000xe_backbone,1.0904,flux,transport,2,2.4701716899871826
7181,candidate_002,radiometer_basic;cr1000xe_backbone,1.0904,flux,transport,2,2.195831537246704
7181,candidate_002,radiometer_basic;cr1000xe_backbone,1.0904,flux,transport,2,1.9506866931915283
7181,candidate_002,radiometer_basic;cr1000xe_backbone,1.0904,flux,transport,2,1.6743483543395996
7181,candidate_002,radiometer_basic;cr1000xe_backbone,1.0904,flux,transport,2,1.3863600492477417
7181,candidate_002,radiometer_basic;cr1000xe_backbone,1.0904,flux,transport,2,1.1099939346313477
7181,candidate_002,radiometer_basic;cr1000xe_backbone,1.0904,flux,transport,2,0.8401389718055725
7181,candidate_002,radiometer_basic;cr1000xe_backbone,1.0904,flux,particle,2,0.7948442101478577
7181,candidate_002,radiometer_basic;cr1000xe_backbone,1.0904,flux,particle,2,0.7837880849838257
7181,candidate_002,radiometer_basic;cr1000xe_backbone,1.0904,calm,particle,0,0.7736173868179321
7181,candidate_002,radiometer_basic;cr1000xe_backbone,1.0904,calm,particle,0,0.8113290667533875
7181,candidate_002,radiometer_basic;cr1000xe_backbone,1.0904,calm,particle,0,0.7612619996070862
7181,candidate_002,radiometer_basic;cr1000xe_backbone,1.0904,calm,particle,0,0.7613189816474915
7181,candidate_002,radiometer_basic;cr1000xe_backbone,1.0904,calm,particle,0,0.7582738399505615
7181,candidate_002,radiometer_basic;cr1000xe_backbone,1.0904,calm,particle,0,0.7478169798851013
7181,candidate_002,radiometer_basic;cr1000xe_backbone,1.0904,calm,particle,0,0.6867426633834839
7181,candidate_002,radiometer_basic;cr1000xe_backbone,1.0904,calm,particle,0,0.6907520294189453
7181,candidate_002,radiometer_basic;cr1000xe_backbone,1.0904,calm,particle,0,0.6873058676719666
7181,candidate_002,radiometer_basic;cr1000xe_backbone,1.0904,calm,particle,0,0.667180597782135
7181,candidate_002,radiometer_basic;cr1000xe_backbone,1.0904,calm,particle,0,0.6728912591934204
7181,candidate_002,radiometer_basic;cr1000xe_backbone,1.0904,calm,particle,0,0.6703901290893555
7181,candidate_002,radiometer_basic;cr1000xe_backbone,1.0904,flux,particle,2,0.6723365783691406
7181,candidate_002,radiometer_basic;cr1000xe_backbone,1.0904,flux,particle,2,0.6536167860031128
7181,candidate_002,radiometer_basic;cr1000xe_backbone,1.0904,flux,particle,2,0.6472534537315369
7181,candidate_002,radiometer_basic;cr1000xe_backbone,1.0904,flux,particle,2,0.5939713716506958
7181,candidate_002,radiometer_basic;cr1000xe_backbone,1.0904,flux,thermal,2,0.6194483637809753
7181,candidate_002,radiometer_basic;cr1000xe_backbone,1.0904,flux,thermal,2,0.6056162714958191
7181,candidate_002,radiometer_basic;cr1000xe_backbone,1.0904,flux,thermal,2,0.5708329081535339
7181,candidate_002,radiometer_basic;cr1000xe_backbone,1.0904,flux,thermal,2,0.5774782299995422
7181,candidate_002,radiometer_basic;cr1000xe_backbone,1.0904,flux,thermal,2,0.5911542177200317
7181,candidate_002,radiometer_basic;cr1000xe_backbone,1.0904,flux,thermal,2,0.5894794464111328
7181,candidate_002,radiometer_basic;cr1000xe_backbone,1.0904,flux,thermal,2,0.5705646872520447
7181,candidate_002,radiometer_basic;cr1000xe_backbone,1.0904,flux,thermal,2,0.5542346239089966
7181,candidate_002,radiometer_basic;cr1000xe_backbone,1.0904,flux,thermal,2,0.5557594895362854
7181,candidate_002,radiometer_basic;cr1000xe_backbone,1.0904,flux,thermal,2,0.5519435405731201
7181,candidate_002,radiometer_basic;cr1000xe_backbone,1.0904,flux,thermal,2,0.5735458135604858
7181,candidate_002,radiometer_basic;cr1000xe_backbone,1.0904,flux,thermal,2,0.5812212824821472
7181,candidate_002,radiometer_basic;cr1000xe_backbone,1.0904,flux,thermal,2,0.5367670059204102
7181,candidate_002,radiometer_basic;cr1000xe_backbone,1.0904,flux,thermal,2,0.5655695796012878
7181,candidate_002,radiometer_basic;cr1000xe_backbone,1.0904,flux,thermal,2,0.5780016183853149
7181,candidate_002,radiometer_basic;cr1000xe_backbone,1.0904,flux,thermal,2,0.5569189190864563
7181,candidate_002,radiometer_basic;cr1000xe_backbone,1.0904,flux,thermal,2,0.5534049272537231
7181,candidate_002,radiometer_basic;cr1000xe_backbone,1.0904,flux,thermal,2,0.5624964833259583
7181,candidate_002,radiometer_basic;cr1000xe_backbone,1.0904,flux,thermal,2,0.5264742374420166
7181,candidate_002,radiometer_basic;cr1000xe_backbone,1.0904,flux,thermal,2,0.5307056307792664
7181,candidate_002,radiometer_basic;cr1000xe_backbone,1.0904,flux,thermal,2,0.555041491985321
7181,candidate_002,radiometer_basic;cr1000xe_backbone,1.0904,flux,thermal,2,0.5206307172775269
7181,candidate_002,radiometer_basic;cr1000xe_backbone,1.0904,flux,thermal,2,0.5042911767959595
7181,candidate_002,radiometer_basic;cr1000xe_backbone,1.0904,flux,thermal,2,0.47711828351020813
7181,candidate_002,radiometer_basic;cr1000xe_backbone,1.0904,flux,thermal,2,0.8120597004890442
7181,candidate_002,radiometer_basic;cr1000xe_backbone,1.0904,flux,thermal,2,1.0985217094421387
7181,candidate_002,radiometer_basic;cr1000xe_backbone,1.0904,flux,thermal,2,1.1554638147354126
7181,candidate_002,radiometer_basic;cr1000xe_backbone,1.0904,flux,thermal,2,1.168071985244751
7181,candidate_002,radiometer_basic;cr1000xe_backbone,1.0904,flux,thermal,2,1.2218680381774902
7181,candidate_002,radiometer_basic;cr1000xe_backbone,1.0904,flux,thermal,2,1.2794837951660156
7181,candidate_002,radiometer_basic;cr1000xe_backbone,1.0904,flux,thermal,2,1.2440500259399414
7181,candidate_002,radiometer_basic;cr1000xe_backbone,1.0904,flux,thermal,2,1.276896595954895
7181,candidate_002,radiometer_basic;cr1000xe_backbone,1.0904,flux,transport,2,0.9775738716125488
7181,candidate_002,radiometer_basic;cr1000xe_backbone,1.0904,flux,transport,2,0.7634024620056152
7181,candidate_002,radiometer_basic;cr1000xe_backbone,1.0904,calm,transport,0,0.738438069820404
7181,candidate_002,radiometer_basic;cr1000xe_backbone,1.0904,calm,transport,0,0.7025634050369263
7181,candidate_002,radiometer_basic;cr1000xe_backbone,1.0904,calm,transport,0,0.6983631253242493
7181,candidate_002,radiometer_basic;cr1000xe_backbone,1.0904,calm,transport,0,0.7250784635543823
7181,candidate_002,radiometer_basic;cr1000xe_backbone,1.0904,calm,transport,0,0.6968393921852112
7181,candidate_002,radiometer_basic;cr1000xe_backbone,1.0904,calm,transport,0,0.7064323425292969
7181,candidate_002,radiometer_basic;cr1000xe_backbone,1.0904,calm,transport,0,1.0070548057556152
7181,candidate_002,radiometer_basic;cr1000xe_backbone,1.0904,calm,transport,0,1.2504408359527588
7181,candidate_003,met_station_core;radiometer_basic;cr1000xe_backbone,1.8104,calm,transport,0,0.4906582236289978
7181,candidate_003,met_station_core;radiometer_basic;cr1000xe_backbone,1.8104,calm,transport,0,0.5766693353652954
7181,candidate_003,met_station_core;radiometer_basic;cr1000xe_backbone,1.8104,calm,transport,0,0.5183961987495422
7181,candidate_003,met_station_core;radiometer_basic;cr1000xe_backbone,1.8104,calm,transport,0,0.4377553164958954
7181,candidate_003,met_station_core;radiometer_basic;cr1000xe_backbone,1.8104,calm,transport,0,0.4133572280406952
7181,candidate_003,met_station_core;radiometer_basic;cr1000xe_backbone,1.8104,calm,transport,0,0.3865068256855011
7181,candidate_003,met_station_core;radiometer_basic;cr1000xe_backbone,1.8104,calm,transport,0,0.32239416241645813
7181,candidate_003,met_station_core;radiometer_basic;cr1000xe_backbone,1.8104,calm,transport,0,0.2705110013484955
7181,candidate_003,met_station_core;radiometer_basic;cr1000xe_backbone,1.8104,calm,transport,0,0.3139629364013672
7181,candidate_003,met_station_core;radiometer_basic;cr1000xe_backbone,1.8104,calm,transport,0,0.34275633096694946
7181,candidate_003,met_station_core;radiometer_basic;cr1000xe_backbone,1.8104,calm,transport,0,0.3865927457809448
7181,candidate_003,met_station_core;radiometer_basic;cr1000xe_backbone,1.8104,calm,transport,0,0.3466661274433136
7181,candidate_003,met_station_core;radiometer_basic;cr1000xe_backbone,1.8104,calm,transport,0,0.2935366928577423
7181,candidate_003,met_station_core;radiometer_basic;cr1000xe_backbone,1.8104,calm,transport,0,0.24684056639671326
7181,candidate_003,met_station_core;radiometer_basic;cr1000xe_backbone,1.8104,calm,transport,0,0.3139648735523224
7181,candidate_003,met_station_core;radiometer_basic;cr1000xe_backbone,1.8104,calm,transport,0,0.3315558135509491
7181,candidate_003,met_station_core;radiometer_basic;cr1000xe_backbone,1.8104,calm,transport,0,0.32765889167785645
7181,candidate_003,met_station_core;radiometer_basic;cr1000xe_backbone,1.8104,calm,transport,0,0.3258399963378906
7181,candidate_003,met_station_core;radiometer_basic;cr1000xe_backbone,1.8104,calm,transport,0,0.29819637537002563
7181,candidate_003,met_station_core;radiometer_basic;cr1000xe_backbone,1.8104,calm,transport,0,0.28007012605667114
7181,candidate_003,met_station_core;radiometer_basic;cr1000xe_backbone,1.8104,calm,transport,0,0.26620155572891235
7181,candidate_003,met_station_core;radiometer_basic;cr1000xe_backbone,1.8104,calm,transport,0,0.2537611126899719
7181,candidate_003,met_station_core;radiometer_basic;cr1000xe_backbone,1.8104,calm,particle,0,0.261767715215683
7181,candidate_003,met_station_core;radiometer_basic;cr1000xe_backbone,1.8104,calm,particle,0,0.2513749599456787
7181,candidate_003,met_station_core;radiometer_basic;cr1000xe_backbone,1.8104,calm,particle,0,0.2768876254558563
7181,candidate_003,met_station_core;radiometer_basic;cr1000xe_backbone,1.8104,calm,particle,0,0.268505334854126
7181,candidate_003,met_station_core;radiometer_basic;cr1000xe_backbone,1.8104,calm,particle,0,0.1969691514968872
7181,candidate_003,met_station_core;radiometer_basic;cr1000xe_backbone,1.8104,calm,particle,0,0.1943790167570114
7181,candidate_003,met_station_core;radiometer_basic;cr1000xe_backbone,1.8104,calm,particle,0,0.21888311207294464
7181,candidate_003,met_station_core;radiometer_basic;cr1000xe_backbone,1.8104,calm,particle,0,0.29039809107780457
7181,candidate_003,met_station_core;radiometer_basic;cr1000xe_backbone,1.8104,calm,particle,0,0.2858516275882721
7181,candidate_003,met_station_core;radiometer_basic;cr1000xe_backbone,1.8104,calm,particle,0,0.25854483246803284
7181,candidate_003,met_station_core;radiometer_basic;cr1000xe_backbone,1.8104,calm,particle,0,0.27476322650909424
7181,candidate_003,met_station_core;radiometer_basic;cr1000xe_backbone,1.8104,calm,particle,0,0.25422489643096924
7181,candidate_003,met_station_core;radiometer_basic;cr1000xe_backbone,1.8104,calm,particle,0,0.2738782465457916
7181,candidate_003,met_station_core;radiometer_basic;cr1000xe_backbone,1.8104,calm,particle,0,0.2605075538158417
7181,candidate_003,met_station_core;radiometer_basic;cr1000xe_backbone,1.8104,calm,particle,0,0.22237135469913483
7181,candidate_003,met_station_core;radiometer_basic;cr1000xe_backbone,1.8104,calm,particle,0,0.2713625431060791
7181,candidate_003,met_station_core;radiometer_basic;cr1000xe_backbone,1.8104,calm,particle,0,0.34668830037117004
7181,candidate_003,met_station_core;radiometer_basic;cr1000xe_backbone,1.8104,calm,particle,0,0.340859591960907
7181,candidate_003,met_station_core;radiometer_basic;cr1000xe_backbone,1.8104,calm,particle,0,0.34642282128334045
7181,candidate_003,met_station_core;radiometer_basic;cr1000xe_backbone,1.8104,calm,particle,0,0.3210771679878235
7181,candidate_003,met_station_core;radiometer_basic;cr1000xe_backbone,1.8104,calm,particle,0,0.3400799632072449
7181,candidate_003,met_station_core;radiometer_basic;cr1000xe_backbone,1.8104,calm,particle,0,0.32838231325149536
7181,candidate_003,met_station_core;radiometer_basic;cr1000xe_backbone,1.8104,calm,thermal,0,0.3200671076774597
7181,candidate_003,met_station_core;radiometer_basic;cr1000xe_backbone,1.8104,calm,thermal,0,0.42220431566238403
7181,candidate_003,met_station_core;radiometer_basic;cr1000xe_backbone,1.8104,calm,thermal,0,0.374586284160614
7181,candidate_003,met_station_core;radiometer_basic;cr1000xe_backbone,1.8104,calm,thermal,0,0.39571109414100647
7181,candidate_003,met_station_core;radiometer_basic;cr1000xe_backbone,1.8104,calm,thermal,0,0.3460359573364258
7181,candidate_003,met_station_core;radiometer_basic;cr1000xe_backbone,1.8104,calm,thermal,0,0.2585832178592682
7181,candidate_003,met_station_core;radiometer_basic;cr1000xe_backbone,1.8104,calm,thermal,0,0.2618856728076935
7181,candidate_003,met_station_core;radiometer_basic;cr1000xe_backbone,1.8104,calm,thermal,0,0.204677015542984
7181,candidate_003,met_station_core;radiometer_basic;cr1000xe_backbone,1.8104,calm,thermal,0,0.22401396930217743
7181,candidate_003,met_station_core;radiometer_basic;cr1000xe_backbone,1.8104,calm,thermal,0,0.3264266848564148
7181,candidate_003,met_station_core;radiometer_basic;cr1000xe_backbone,1.8104,calm,thermal,0,0.33815720677375793
7181,candidate_003,met_station_core;radiometer_basic;cr1000xe_backbone,1.8104,calm,thermal,0,0.2970309555530548
7181,candidate_003,met_station_core;radiometer_basic;cr1000xe_backbone,1.8104,calm,thermal,0,0.2594107687473297
7181,candidate_003,met_station_core;radiometer_basic;cr1000xe_backbone,1.8104,calm,thermal,0,0.26462802290916443
7181,candidate_003,met_station_core;radiometer_basic;cr1000xe_backbone,1.8104,calm,thermal,0,0.27777305245399475
7181,candidate_003,met_station_core;radiometer_basic;cr1000xe_backbone,1.8104,calm,thermal,0,0.2621903121471405
7181,candidate_003,met_station_core;radiometer_basic;cr1000xe_backbone,1.8104,calm,thermal,0,0.21162296831607819
7181,candidate_003,met_station_core;radiometer_basic;cr1000xe_backbone,1.8104,calm,thermal,0,0.2487868219614029
7181,candidate_003,met_station_core;radiometer_basic;cr1000xe_backbone,1.8104,calm,thermal,0,0.3075192868709564
7181,candidate_003,met_station_core;radiometer_basic;cr1000xe_backbone,1.8104,calm,thermal,0,0.34374815225601196
7181,candidate_003,met_station_core;radiometer_basic;cr1000xe_backbone,1.8104,calm,thermal,0,0.3137962818145752
7181,candidate_003,met_station_core;radiometer_basic;cr1000xe_backbone,1.8104,calm,thermal,0,0.3381158113479614
7181,candidate_003,met_station_core;radiometer_basic;cr1000xe_backbone,1.8104,calm,thermal,0,0.2698136270046234
7181,candidate_003,met_station_core;radiometer_basic;cr1000xe_backbone,1.8104,calm,thermal,0,0.2799001634120941
7181,candidate_003,met_station_core;radiometer_basic;cr1000xe_backbone,1.8104,calm,thermal,0,0.3968175947666168
7181,candidate_003,met_station_core;radiometer_basic;cr1000xe_backbone,1.8104,calm,thermal,0,0.4392543137073517
7181,candidate_003,met_station_core;radiometer_basic;cr1000xe_backbone,1.8104,calm,thermal,0,0.42567577958106995
7181,candidate_003,met_station_core;radiometer_basic;cr1000xe_backbone,1.8104,calm,transport,0,0.40928179025650024
7181,candidate_003,met_station_core;radiometer_basic;cr1000xe_backbone,1.8104,calm,transport,0,0.3227212131023407
7181,candidate_003,met_station_core;radiometer_basic;cr1000xe_backbone,1.8104,calm,transport,0,0.30452656745910645
7181,candidate_003,met_station_core;radiometer_basic;cr1000xe_backbone,1.8104,calm,transport,0,0.27479422092437744
7181,candidate_003,met_station_core;radiometer_basic;cr1000xe_backbone,1.8104,calm,transport,0,0.14407765865325928
7181,candidate_003,met_station_core;radiometer_basic;cr1000xe_backbone,1.8104,calm,transport,0,0.16564349830150604
7181,candidate_003,met_station_core;radiometer_basic;cr1000xe_backbone,1.8104,calm,transport,0,0.156142458319664
7181,candidate_003,met_station_core;radiometer_basic;cr1000xe_backbone,1.8104,calm,transport,0,0.20152561366558075
7181,candidate_003,met_station_core;radiometer_basic;cr1000xe_backbone,1.8104,calm,transport,0,0.22378848493099213
7181,candidate_003,met_station_core;radiometer_basic;cr1000xe_backbone,1.8104,calm,transport,0,0.2610928416252136
7181,candidate_003,met_station_core;radiometer_basic;cr1000xe_backbone,1.8104,calm,transport,0,0.2845602333545685
7181,candidate_003,met_station_core;radiometer_basic;cr1000xe_backbone,1.8104,calm,transport,0,0.350015252828598
7181,candidate_003,met_station_core;radiometer_basic;cr1000xe_backbone,1.8104,calm,transport,0,0.2036723792552948
7181,candidate_003,met_station_core;radiometer_basic;cr1000xe_backbone,1.8104,calm,transport,0,0.20078007876873016
7181,candidate_003,met_station_core;radiometer_basic;cr1000xe_backbone,1.8104,calm,transport,0,0.2911864221096039
7181,candidate_003,met_station_core;radiometer_basic;cr1000xe_backbone,1.8104,calm,transport,0,0.3134465217590332
7181,candidate_003,met_station_core;radiometer_basic;cr1000xe_backbone,1.8104,calm,transport,0,0.38094237446784973
7181,candidate_003,met_station_core;radiometer_basic;cr1000xe_backbone,1.8104,calm,transport,0,0.3626282811164856
7181,candidate_003,met_station_core;radiometer_basic;cr1000xe_backbone,1.8104,calm,transport,0,0.4318130612373352
7181,candidate_003,met_station_core;radiometer_basic;cr1000xe_backbone,1.8104,calm,transport,0,0.370162695646286
7181,candidate_003,met_station_core;radiometer_basic;cr1000xe_backbone,1.8104,calm,transport,0,0.4189812242984772
7181,candidate_003,met_station_core;radiometer_basic;cr1000xe_backbone,1.8104,calm,transport,0,0.4226412773132324
7181,candidate_003,met_station_core;radiometer_basic;cr1000xe_backbone,1.8104,calm,transport,0,0.4015233516693115
7181,candidate_003,met_station_core;radiometer_basic;cr1000xe_backbone,1.8104,calm,transport,0,0.4208541810512543
7181,candidate_003,met_station_core;radiometer_basic;cr1000xe_backbone,1.8104,calm,transport,0,0.42067283391952515
7181,candidate_003,met_station_core;radiometer_basic;cr1000xe_backbone,1.8104,calm,transport,0,0.4266684055328369
7181,candidate_003,met_station_core;radiometer_basic;cr1000xe_backbone,1.8104,calm,transport,0,0.31075412034988403
7181,candidate_003,met_station_core;radiometer_basic;cr1000xe_backbone,1.8104,calm,transport,0,0.31519731879234314
7181,candidate_003,met_station_core;radiometer_basic;cr1000xe_backbone,1.8104,calm,particle,0,0.2314262092113495
7181,candidate_003,met_station_core;radiometer_basic;cr1000xe_backbone,1.8104,calm,particle,0,0.18780075013637543
7181,candidate_003,met_station_core;radiometer_basic;cr1000xe_backbone,1.8104,calm,particle,0,0.2008039802312851
7181,candidate_003,met_station_core;radiometer_basic;cr1000xe_backbone,1.8104,calm,particle,0,0.2069219946861267
7181,candidate_003,met_station_core;radiometer_basic;cr1000xe_backbone,1.8104,calm,particle,0,0.19376157224178314
7181,candidate_003,met_station_core;radiometer_basic;cr1000xe_backbone,1.8104,calm,particle,0,0.2256755381822586
7181,candidate_003,met_station_core;radiometer_basic;cr1000xe_backbone,1.8104,calm,particle,0,0.1993178278207779
7181,candidate_003,met_station_core;radiometer_basic;cr1000xe_backbone,1.8104,calm,particle,0,0.1582454890012741
7181,candidate_003,met_station_core;radiometer_basic;cr1000xe_backbone,1.8104,calm,particle,0,0.19145631790161133
7181,candidate_003,met_station_core;radiometer_basic;cr1000xe_backbone,1.8104,calm,particle,0,0.27798908948898315
7181,candidate_003,met_station_core;radiometer_basic;cr1000xe_backbone,1.8104,calm,particle,0,0.3390771746635437
7181,candidate_003,met_station_core;radiometer_basic;cr1000xe_backbone,1.8104,calm,particle,0,0.3993101418018341
7181,candidate_003,met_station_core;radiometer_basic;cr1000xe_backbone,1.8104,calm,particle,0,0.4079131782054901
7181,candidate_003,met_station_core;radiometer_basic;cr1000xe_backbone,1.8104,calm,particle,0,0.37021908164024353
7181,candidate_003,met_station_core;radiometer_basic;cr1000xe_backbone,1.8104,calm,particle,0,0.31658244132995605
7181,candidate_003,met_station_core;radiometer_basic;cr1000xe_backbone,1.8104,calm,particle,0,0.2993847131729126
7181,candidate_003,met_station_core;radiometer_basic;cr1000xe_backbone,1.8104,calm,particle,0,0.29312649369239807
7181,candidate_003,met_station_core;radiometer_basic;cr1000xe_backbone,1.8104,calm,particle,0,0.3131946921348572
7181,candidate_003,met_station_core;radiometer_basic;cr1000xe_backbone,1.8104,calm,particle,0,0.3527311086654663
7181,candidate_003,met_station_core;radiometer_basic;cr1000xe_backbone,1.8104,calm,particle,0,0.32226821780204773
7181,candidate_003,met_station_core;radiometer_basic;cr1000xe_backbone,1.8104,calm,particle,0,0.31081801652908325
7181,candidate_003,met_station_core;radiometer_basic;cr1000xe_backbone,1.8104,calm,particle,0,0.3197736144065857
7181,candidate_003,met_station_core;radiometer_basic;cr1000xe_backbone,1.8104,calm,particle,0,0.2645873725414276
7181,candidate_003,met_station_core;radiometer_basic;cr1000xe_backbone,1.8104,calm,particle,0,0.19680234789848328
7181,candidate_003,met_station_core;radiometer_basic;cr1000xe_backbone,1.8104,calm,particle,0,0.22638922929763794
7181,candidate_003,met_station_core;radiometer_basic;cr1000xe_backbone,1.8104,calm,particle,0,0.24072451889514923
7181,candidate_003,met_station_core;radiometer_basic;cr1000xe_backbone,1.8104,calm,particle,0,0.35116690397262573
7181,candidate_003,met_station_core;radiometer_basic;cr1000xe_backbone,1.8104,calm,particle,0,0.33770331740379333
7181,candidate_003,met_station_core;radiometer_basic;cr1000xe_backbone,1.8104,calm,particle,0,0.3924967646598816
7181,candidate_003,met_station_core;radiometer_basic;cr1000xe_backbone,1.8104,calm,particle,0,0.3879721164703369
7181,candidate_003,met_station_core;radiometer_basic;cr1000xe_backbone,1.8104,calm,particle,0,0.41950657963752747
7181,candidate_003,met_station_core;radiometer_basic;cr1000xe_backbone,1.8104,calm,thermal,0,0.44033366441726685
7181,candidate_003,met_station_core;radiometer_basic;cr1000xe_backbone,1.8104,calm,thermal,0,0.42438170313835144
7181,candidate_003,met_station_core;radiometer_basic;cr1000xe_backbone,1.8104,calm,thermal,0,0.4126169681549072
7181,candidate_003,met_station_core;radiometer_basic;cr1000xe_backbone,1.8104,calm,thermal,0,0.4363827705383301
7181,candidate_003,met_station_core;radiometer_basic;cr1000xe_backbone,1.8104,calm,thermal,0,0.46237942576408386
7181,candidate_003,met_station_core;radiometer_basic;cr1000xe_backbone,1.8104,calm,thermal,0,0.4911879003047943
7181,candidate_003,met_station_core;radiometer_basic;cr1000xe_backbone,1.8104,calm,thermal,0,0.5222854018211365
7181,candidate_003,met_station_core;radiometer_basic;cr1000xe_backbone,1.8104,calm,thermal,0,0.5018261075019836
7181,candidate_003,met_station_core;radiometer_basic;cr1000xe_backbone,1.8104,calm,thermal,0,0.45563414692878723
7181,candidate_003,met_station_core;radiometer_basic;cr1000xe_backbone,1.8104,calm,thermal,0,0.41532355546951294
7181,candidate_003,met_station_core;radiometer_basic;cr1000xe_backbone,1.8104,calm,thermal,0,0.3981494903564453
7181,candidate_003,met_station_core;radiometer_basic;cr1000xe_backbone,1.8104,calm,thermal,0,0.4040532112121582
7181,candidate_003,met_station_core;radiometer_basic;cr1000xe_backbone,1.8104,calm,thermal,0,0.3683081865310669
7181,candidate_003,met_station_core;radiometer_basic;cr1000xe_backbone,1.8104,calm,thermal,0,0.3338008522987366
7181,candidate_003,met_station_core;radiometer_basic;cr1000xe_backbone,1.8104,calm,thermal,0,0.3232594132423401
7181,candidate_003,met_station_core;radiometer_basic;cr1000xe_backbone,1.8104,calm,thermal,0,0.3207937479019165
7181,candidate_003,met_station_core;radiometer_basic;cr1000xe_backbone,1.8104,calm,thermal,0,0.3262786567211151
7181,candidate_003,met_station_core;radiometer_basic;cr1000xe_backbone,1.8104,calm,thermal,0,0.326838880777359
7181,candidate_003,met_station_core;radiometer_basic;cr1000xe_backbone,1.8104,calm,thermal,0,0.3489893674850464
7181,candidate_003,met_station_core;radiometer_basic;cr1000xe_backbone,1.8104,calm,thermal,0,0.3990318179130554
7181,candidate_003,met_station_core;radiometer_basic;cr1000xe_backbone,1.8104,calm,transport,0,0.48382529616355896
7181,candidate_003,met_station_core;radiometer_basic;cr1000xe_backbone,1.8104,calm,transport,0,0.5138997435569763
7181,candidate_003,met_station_core;radiometer_basic;cr1000xe_backbone,1.8104,calm,transport,0,0.5051278471946716
7181,candidate_003,met_station_core;radiometer_basic;cr1000xe_backbone,1.8104,calm,transport,0,0.4908713400363922
7181,candidate_003,met_station_core;radiometer_basic;cr1000xe_backbone,1.8104,calm,transport,0,0.47736114263534546
7181,candidate_003,met_station_core;radiometer_basic;cr1000xe_backbone,1.8104,calm,transport,0,0.49061381816864014
7181,candidate_003,met_station_core;radiometer_basic;cr1000xe_backbone,1.8104,calm,transport,0,0.4764862358570099
7181,candidate_003,met_station_core;radiometer_basic;cr1000xe_backbone,1.8104,calm,transport,0,0.44983333349227905
7181,candidate_003,met_station_core;radiometer_basic;cr1000xe_backbone,1.8104,calm,transport,0,0.45980435609817505
7181,candidate_003,met_station_core;radiometer_basic;cr1000xe_backbone,1.8104,calm,transport,0,0.4710947871208191
7181,candidate_003,met_station_core;radiometer_basic;cr1000xe_backbone,1.8104,calm,transport,0,0.48905906081199646
7181,candidate_003,met_station_core;radiometer_basic;cr1000xe_backbone,1.8104,calm,transport,0,0.44798406958580017
7181,candidate_003,met_station_core;radiometer_basic;cr1000xe_backbone,1.8104,calm,transport,0,0.47042316198349
7181,candidate_003,met_station_core;radiometer_basic;cr1000xe_backbone,1.8104,calm,transport,0,0.43542101979255676
7181,candidate_003,met_station_core;radiometer_basic;cr1000xe_backbone,1.8104,calm,transport,0,0.3887236714363098
7181,candidate_003,met_station_core;radiometer_basic;cr1000xe_backbone,1.8104,calm,transport,0,0.3592456579208374
7181,candidate_003,met_station_core;radiometer_basic;cr1000xe_backbone,1.8104,calm,transport,0,0.356712281703949
7181,candidate_003,met_station_core;radiometer_basic;cr1000xe_backbone,1.8104,calm,transport,0,0.3269729018211365
7181,candidate_003,met_station_core;radiometer_basic;cr1000xe_backbone,1.8104,calm,transport,0,0.3052768409252167
7181,candidate_003,met_station_core;radiometer_basic;cr1000xe_backbone,1.8104,calm,transport,0,0.31748902797698975
7181,candidate_003,met_station_core;radiometer_basic;cr1000xe_backbone,1.8104,calm,transport,0,0.36878541111946106
7181,candidate_003,met_station_core;radiometer_basic;cr1000xe_backbone,1.8104,calm,transport,0,0.4527680575847626
7181,candidate_003,met_station_core;radiometer_basic;cr1000xe_backbone,1.8104,calm,transport,0,0.4260612428188324
7181,candidate_003,met_station_core;radiometer_basic;cr1000xe_backbone,1.8104,calm,transport,0,0.5257176756858826
7181,candidate_003,met_station_core;radiometer_basic;cr1000xe_backbone,1.8104,calm,transport,0,0.45548486709594727
7181,candidate_003,met_station_core;radiometer_basic;cr1000xe_backbone,1.8104,calm,transport,0,0.46243754029273987
7181,candidate_003,met_station_core;radiometer_basic;cr1000xe_backbone,1.8104,calm,transport,0,0.4200121760368347
7181,candidate_003,met_station_core;radiometer_basic;cr1000xe_backbone,1.8104,calm,transport,0,0.4542657136917114
7181,candidate_003,met_station_core;radiometer_basic;cr1000xe_backbone,1.8104,calm,transport,0,0.5065315961837769
7181,candidate_003,met_station_core;radiometer_basic;cr1000xe_backbone,1.8104,calm,transport,0,0.481818288564682
7181,candidate_003,met_station_core;radiometer_basic;cr1000xe_backbone,1.8104,calm,transport,0,0.495713472366333
7181,candidate_003,met_station_core;radiometer_basic;cr1000xe_backbone,1.8104,calm,transport,0,0.5096060633659363
7181,candidate_003,met_station_core;radiometer_basic;cr1000xe_backbone,1.8104,calm,transport,0,0.5504343509674072
7181,candidate_003,met_station_core;radiometer_basic;cr1000xe_backbone,1.8104,calm,transport,0,0.5544201135635376
7181,candidate_003,met_station_core;radiometer_basic;cr1000xe_backbone,1.8104,calm,transport,0,0.5515785813331604
7181,candidate_003,met_station_core;radiometer_basic;cr1000xe_backbone,1.8104,calm,particle,0,0.504906415939331
7181,candidate_003,met_station_core;radiometer_basic;cr1000xe_backbone,1.8104,calm,particle,0,0.5167363882064819
7181,candidate_003,met_station_core;radiometer_basic;cr1000xe_backbone,1.8104,calm,particle,0,0.602573037147522
7181,candidate_003,met_station_core;radiometer_basic;cr1000xe_backbone,1.8104,calm,particle,0,0.709020733833313
7181,candidate_003,met_station_core;radiometer_basic;cr1000xe_backbone,1.8104,calm,particle,0,0.6164542436599731
7181,candidate_003,met_station_core;radiometer_basic;cr1000xe_backbone,1.8104,calm,particle,0,0.5559346675872803
7181,candidate_003,met_station_core;radiometer_basic;cr1000xe_backbone,1.8104,calm,particle,0,0.520103931427002
7181,candidate_003,met_station_core;radiometer_basic;cr1000xe_backbone,1.8104,calm,particle,0,0.5552941560745239
7181,candidate_003,met_station_core;radiometer_basic;cr1000xe_backbone,1.8104,calm,particle,0,0.5063655972480774
7181,candidate_003,met_station_core;radiometer_basic;cr1000xe_backbone,1.8104,calm,particle,0,0.3409508764743805
7181,candidate_003,met_station_core;radiometer_basic;cr1000xe_backbone,1.8104,calm,particle,0,0.3417695164680481
7181,candidate_003,met_station_core;radiometer_basic;cr1000xe_backbone,1.8104,calm,particle,0,0.360722154378891
7181,candidate_003,met_station_core;radiometer_basic;cr1000xe_backbone,1.8104,calm,particle,0,0.39221709966659546
7181,candidate_003,met_station_core;radiometer_basic;cr1000xe_backbone,1.8104,calm,particle,0,0.3849309980869293
7181,candidate_003,met_station_core;radiometer_basic;cr1000xe_backbone,1.8104,calm,particle,0,0.40552839636802673
7181,candidate_003,met_station_core;radiometer_basic;cr1000xe_backbone,1.8104,calm,particle,0,0.41583847999572754
7181,candidate_003,met_station_core;radiometer_basic;cr1000xe_backbone,1.8104,calm,particle,0,0.42053598165512085
7181,candidate_003,met_station_core;radiometer_basic;cr1000xe_backbone,1.8104,calm,particle,0,0.4190007448196411
7181,candidate_003,met_station_core;radiometer_basic;cr1000xe_backbone,1.8104,calm,particle,0,0.41766422986984253
7181,candidate_003,met_station_core;radiometer_basic;cr1000xe_backbone,1.8104,calm,particle,0,0.433491587638855
7181,candidate_003,met_station_core;radiometer_basic;cr1000xe_backbone,1.8104,calm,particle,0,0.42631518840789795
7181,candidate_003,met_station_core;radiometer_basic;cr1000xe_backbone,1.8104,calm,particle,0,0.5167813301086426
7181,candidate_003,met_station_core;radiometer_basic;cr1000xe_backbone,1.8104,calm,particle,0,0.5779266357421875
7181,candidate_003,met_station_core;radiometer_basic;cr1000xe_backbone,1.8104,calm,particle,0,0.9768170118331909
7181,candidate_003,met_station_core;radiometer_basic;cr1000xe_backbone,1.8104,calm,particle,0,0.9549367427825928
7181,candidate_003,met_station_core;radiometer_basic;cr1000xe_backbone,1.8104,calm,particle,0,1.1058919429779053
7181,candidate_003,met_station_core;radiometer_basic;cr1000xe_backbone,1.8104,calm,particle,0,0.9946520924568176
7181,candidate_003,met_station_core;radiometer_basic;cr1000xe_backbone,1.8104,calm,particle,0,1.1000969409942627
7181,candidate_003,met_station_core;radiometer_basic;cr1000xe_backbone,1.8104,calm,particle,0,1.147534728050232
7181,candidate_003,met_station_core;radiometer_basic;cr1000xe_backbone,1.8104,calm,particle,0,1.0583035945892334
7181,candidate_003,met_station_core;radiometer_basic;cr1000xe_backbone,1.8104,calm,particle,0,1.2514580488204956
7181,candidate_003,met_station_core;radiometer_basic;cr1000xe_backbone,1.8104,calm,particle,0,1.1702476739883423
7181,candidate_003,met_station_core;radiometer_basic;cr1000xe_backbone,1.8104,calm,particle,0,1.1425880193710327
7181,candidate_003,met_station_core;radiometer_basic;cr1000xe_backbone,1.8104,calm,particle,0,1.076067566871643
7181,candidate_003,met_station_core;radiometer_basic;cr1000xe_backbone,1.8104,calm,thermal,0,0.9162857532501221
7181,candidate_003,met_station_core;radiometer_basic;cr1000xe_backbone,1.8104,calm,thermal,0,0.9070661067962646
7181,candidate_003,met_station_core;radiometer_basic;cr1000xe_backbone,1.8104,calm,thermal,0,0.8777827024459839
7181,candidate_003,met_station_core;radiometer_basic;cr1000xe_backbone,1.8104,calm,thermal,0,0.8280037641525269
7181,candidate_003,met_station_core;radiometer_basic;cr1000xe_backbone,1.8104,calm,thermal,0,0.7662908434867859
7181,candidate_003,met_station_core;radiometer_basic;cr1000xe_backbone,1.8104,calm,thermal,0,0.6739228963851929
7181,candidate_003,met_station_core;radiometer_basic;cr1000xe_backbone,1.8104,calm,thermal,0,0.6289789080619812
7181,candidate_003,met_station_core;radiometer_basic;cr1000xe_backbone,1.8104,calm,thermal,0,0.5766912698745728
7181,candidate_003,met_station_core;radiometer_basic;cr1000xe_backbone,1.8104,calm,thermal,0,0.49918133020401
7181,candidate_003,met_station_core;radiometer_basic;cr1000xe_backbone,1.8104,calm,thermal,0,0.5014133453369141
7181,candidate_003,met_station_core;radiometer_basic;cr1000xe_backbone,1.8104,calm,thermal,0,0.6522805690765381
7181,candidate_003,met_station_core;radiometer_basic;cr1000xe_backbone,1.8104,calm,thermal,0,0.5656009316444397
7181,candidate_003,met_station_core;radiometer_basic;cr1000xe_backbone,1.8104,calm,thermal,0,0.6411764025688171
7181,candidate_003,met_station_core;radiometer_basic;cr1000xe_backbone,1.8104,calm,thermal,0,0.7238105535507202
7181,candidate_003,met_station_core;radiometer_basic;cr1000xe_backbone,1.8104,calm,thermal,0,0.7501360774040222
7181,candidate_003,met_station_core;radiometer_basic;cr1000xe_backbone,1.8104,calm,thermal,0,0.9154112339019775
7181,candidate_003,met_station_core;radiometer_basic;cr1000xe_backbone,1.8104,calm,thermal,0,0.8123781681060791
7181,candidate_003,met_station_core;radiometer_basic;cr1000xe_backbone,1.8104,calm,thermal,0,0.7195810079574585
7181,candidate_003,met_station_core;radiometer_basic;cr1000xe_backbone,1.8104,calm,thermal,0,0.6994938254356384
7181,candidate_003,met_station_core;radiometer_basic;cr1000xe_backbone,1.8104,calm,thermal,0,0.5402467846870422
7181,candidate_003,met_station_core;radiometer_basic;cr1000xe_backbone,1.8104,calm,thermal,0,0.5647203922271729
7181,candidate_003,met_station_core;radiometer_basic;cr1000xe_backbone,1.8104,calm,transport,0,0.44110071659088135
7181,candidate_003,met_station_core;radiometer_basic;cr1000xe_backbone,1.8104,calm,transport,0,0.4367719292640686
7181,candidate_003,met_station_core;radiometer_basic;cr1000xe_backbone,1.8104,calm,transport,0,0.44338858127593994
7181,candidate_003,met_station_core;radiometer_basic;cr1000xe_backbone,1.8104,calm,transport,0,0.5033335089683533
7181,candidate_003,met_station_core;radiometer_basic;cr1000xe_backbone,1.8104,calm,transport,0,0.46662911772727966
7181,candidate_003,met_station_core;radiometer_basic;cr1000xe_backbone,1.8104,calm,transport,0,0.37549111247062683
7181,candidate_003,met_station_core;radiometer_basic;cr1000xe_backbone,1.8104,calm,transport,0,0.33332327008247375
7181,candidate_003,met_station_core;radiometer_basic;cr1000xe_backbone,1.8104,calm,transport,0,0.3227959871292114
7181,candidate_003,met_station_core;radiometer_basic;cr1000xe_backbone,1.8104,calm,transport,0,0.38462740182876587
7181,candidate_003,met_station_core;radiometer_basic;cr1000xe_backbone,1.8104,calm,transport,0,0.4075831472873688
7181,candidate_003,met_station_core;radiometer_basic;cr1000xe_backbone,1.8104,calm,transport,0,0.43012598156929016
7181,candidate_003,met_station_core;radiometer_basic;cr1000xe_backbone,1.8104,calm,transport,0,0.3810138702392578
7181,candidate_003,met_station_core;radiometer_basic;cr1000xe_backbone,1.8104,calm,transport,0,0.34052544832229614
7181,candidate_003,met_station_core;radiometer_basic;cr1000xe_backbone,1.8104,calm,transport,0,0.372601181268692
7181,candidate_003,met_station_core;radiometer_basic;cr1000xe_backbone,1.8104,calm,transport,0,0.38601788878440857
7181,candidate_003,met_station_core;radiometer_basic;cr1000xe_backbone,1.8104,calm,transport,0,0.4198038578033447
7181,candidate_003,met_station_core;radiometer_basic;cr1000xe_backbone,1.8104,particle,thermal,1,0.6071849465370178
7181,candidate_003,met_station_core;radiometer_basic;cr1000xe_backbone,1.8104,particle,thermal,1,0.9564123749732971
7181,candidate_003,met_station_core;radiometer_basic;cr1000xe_backbone,1.8104,particle,thermal,1,1.2340527772903442
7181,candidate_003,met_station_core;radiometer_basic;cr1000xe_backbone,1.8104,particle,thermal,1,1.4061906337738037
7181,candidate_003,met_station_core;radiometer_basic;cr1000xe_backbone,1.8104,particle,thermal,1,1.7283828258514404
7181,candidate_003,met_station_core;radiometer_basic;cr1000xe_backbone,1.8104,particle,thermal,1,2.00167179107666
7181,candidate_003,met_station_core;radiometer_basic;cr1000xe_backbone,1.8104,particle,thermal,1,2.2875611782073975
7181,candidate_003,met_station_core;radiometer_basic;cr1000xe_backbone,1.8104,particle,thermal,1,2.5516302585601807
7181,candidate_003,met_station_core;radiometer_basic;cr1000xe_backbone,1.8104,particle,transport,1,2.571401357650757
7181,candidate_003,met_station_core;radiometer_basic;cr1000xe_backbone,1.8104,particle,transport,1,2.547884464263916
7181,candidate_003,met_station_core;radiometer_basic;cr1000xe_backbone,1.8104,particle,transport,1,2.5481607913970947
7181,candidate_003,met_station_core;radiometer_basic;cr1000xe_backbone,1.8104,particle,transport,1,2.5937256813049316
7181,candidate_003,met_station_core;radiometer_basic;cr1000xe_backbone,1.8104,particle,transport,1,2.603166341781616
7181,candidate_003,met_station_core;radiometer_basic;cr1000xe_backbone,1.8104,particle,transport,1,2.3107683658599854
7181,candidate_003,met_station_core;radiometer_basic;cr1000xe_backbone,1.8104,particle,transport,1,2.0132339000701904
7181,candidate_003,met_station_core;radiometer_basic;cr1000xe_backbone,1.8104,particle,transport,1,1.7103891372680664
7181,candidate_003,met_station_core;radiometer_basic;cr1000xe_backbone,1.8104,particle,transport,1,1.4410693645477295
7181,candidate_003,met_station_core;radiometer_basic;cr1000xe_backbone,1.8104,particle,transport,1,1.148788332939148
7181,candidate_003,met_station_core;radiometer_basic;cr1000xe_backbone,1.8104,particle,transport,1,1.0531810522079468
7181,candidate_003,met_station_core;radiometer_basic;cr1000xe_backbone,1.8104,particle,transport,1,0.9334047436714172
7181,candidate_003,met_station_core;radiometer_basic;cr1000xe_backbone,1.8104,particle,transport,1,0.8114808797836304
7181,candidate_003,met_station_core;radiometer_basic;cr1000xe_backbone,1.8104,calm,transport,0,0.5852209329605103
7181,candidate_003,met_station_core;radiometer_basic;cr1000xe_backbone,1.8104,calm,transport,0,0.5475123524665833
7181,candidate_003,met_station_core;radiometer_basic;cr1000xe_backbone,1.8104,calm,transport,0,0.5161730647087097
7181,candidate_003,met_station_core;radiometer_basic;cr1000xe_backbone,1.8104,calm,transport,0,0.4107465445995331
7181,candidate_003,met_station_core;radiometer_basic;cr1000xe_backbone,1.8104,calm,transport,0,0.3529141843318939
7181,candidate_003,met_station_core;radiometer_basic;cr1000xe_backbone,1.8104,calm,transport,0,0.34447789192199707
7181,candidate_003,met_station_core;radiometer_basic;cr1000xe_backbone,1.8104,calm,transport,0,0.2923543453216553
7181,candidate_003,met_station_core;radiometer_basic;cr1000xe_backbone,1.8104,calm,transport,0,0.3465501368045807
7181,candidate_003,met_station_core;radiometer_basic;cr1000xe_backbone,1.8104,calm,transport,0,0.36388006806373596
7181,candidate_003,met_station_core;radiometer_basic;cr1000xe_backbone,1.8104,calm,transport,0,0.36247187852859497
7181,candidate_003,met_station_core;radiometer_basic;cr1000xe_backbone,1.8104,calm,transport,0,0.29386311769485474
7181,candidate_003,met_station_core;radiometer_basic;cr1000xe_backbone,1.8104,calm,transport,0,0.29038873314857483
7181,candidate_003,met_station_core;radiometer_basic;cr1000xe_backbone,1.8104,calm,particle,0,0.2618853449821472
7181,candidate_003,met_station_core;radiometer_basic;cr1000xe_backbone,1.8104,flux,particle,2,0.26519083976745605
7181,candidate_003,met_station_core;radiometer_basic;cr1000xe_backbone,1.8104,flux,particle,2,0.31240561604499817
7181,candidate_003,met_station_core;radiometer_basic;cr1000xe_backbone,1.8104,flux,particle,2,0.3601820468902588
7181,candidate_003,met_station_core;radiometer_basic;cr1000xe_backbone,1.8104,flux,particle,2,0.3618665635585785
7181,candidate_003,met_station_core;radiometer_basic;cr1000xe_backbone,1.8104,flux,particle,2,0.4041457772254944
7181,candidate_003,met_station_core;radiometer_basic;cr1000xe_backbone,1.8104,flux,particle,2,0.39663222432136536
7181,candidate_003,met_station_core;radiometer_basic;cr1000xe_backbone,1.8104,flux,particle,2,0.5033509135246277
7181,candidate_003,met_station_core;radiometer_basic;cr1000xe_backbone,1.8104,flux,particle,2,0.4197280704975128
7181,candidate_003,met_station_core;radiometer_basic;cr1000xe_backbone,1.8104,flux,particle,2,0.4871876835823059
7181,candidate_003,met_station_core;radiometer_basic;cr1000xe_backbone,1.8104,flux,particle,2,0.5040355920791626
7181,candidate_003,met_station_core;radiometer_basic;cr1000xe_backbone,1.8104,flux,particle,2,0.43531689047813416
7181,candidate_003,met_station_core;radiometer_basic;cr1000xe_backbone,1.8104,flux,particle,2,0.3895438611507416
7181,candidate_003,met_station_core;radiometer_basic;cr1000xe_backbone,1.8104,flux,particle,2,0.4121088981628418
7181,candidate_003,met_station_core;radiometer_basic;cr1000xe_backbone,1.8104,flux,particle,2,0.4531695246696472
7181,candidate_003,met_station_core;radiometer_basic;cr1000xe_backbone,1.8104,flux,particle,2,0.33967721462249756
7181,candidate_003,met_station_core;radiometer_basic;cr1000xe_backbone,1.8104,flux,particle,2,0.32098841667175293
7181,candidate_003,met_station_core;radiometer_basic;cr1000xe_backbone,1.8104,flux,particle,2,0.3294695019721985
7181,candidate_003,met_station_core;radiometer_basic;cr1000xe_backbone,1.8104,flux,particle,2,0.4538738429546356
7181,candidate_003,met_station_core;radiometer_basic;cr1000xe_backbone,1.8104,flux,particle,2,0.36548277735710144
7181,candidate_003,met_station_core;radiometer_basic;cr1000xe_backbone,1.8104,flux,particle,2,0.3565520644187927
7181,candidate_003,met_station_core;radiometer_basic;cr1000xe_backbone,1.8104,flux,particle,2,0.38926559686660767
7181,candidate_003,met_station_core;radiometer_basic;cr1000xe_backbone,1.8104,flux,particle,2,0.4774305522441864
7181,candidate_003,met_station_core;radiometer_basic;cr1000xe_backbone,1.8104,flux,thermal,2,0.4216153621673584
7181,candidate_003,met_station_core;radiometer_basic;cr1000xe_backbone,1.8104,flux,thermal,2,0.426758348941803
7181,candidate_003,met_station_core;radiometer_basic;cr1000xe_backbone,1.8104,flux,thermal,2,0.37237682938575745
7181,candidate_003,met_station_core;radiometer_basic;cr1000xe_backbone,1.8104,flux,thermal,2,0.4335343539714813
7181,candidate_003,met_station_core;radiometer_basic;cr1000xe_backbone,1.8104,flux,thermal,2,0.447196900844574
7181,candidate_003,met_station_core;radiometer_basic;cr1000xe_backbone,1.8104,flux,thermal,2,0.5364176034927368
7181,candidate_003,met_station_core;radiometer_basic;cr1000xe_backbone,1.8104,flux,thermal,2,0.5006825923919678
7181,candidate_003,met_station_core;radiometer_basic;cr1000xe_backbone,1.8104,flux,thermal,2,0.5915555953979492
7181,candidate_003,met_station_core;radiometer_basic;cr1000xe_backbone,1.8104,flux,thermal,2,0.5845895409584045
7181,candidate_003,met_station_core;radiometer_basic;cr1000xe_backbone,1.8104,flux,thermal,2,0.6527601480484009
7181,candidate_003,met_station_core;radiometer_basic;cr1000xe_backbone,1.8104,flux,thermal,2,0.661450207233429
7181,candidate_003,met_station_core;radiometer_basic;cr1000xe_backbone,1.8104,flux,thermal,2,0.8407687544822693
7181,candidate_003,met_station_core;radiometer_basic;cr1000xe_backbone,1.8104,flux,thermal,2,0.7854511737823486
7181,candidate_003,met_station_core;radiometer_basic;cr1000xe_backbone,1.8104,flux,thermal,2,0.8214852213859558
7181,candidate_003,met_station_core;radiometer_basic;cr1000xe_backbone,1.8104,flux,thermal,2,0.8695431351661682
7181,candidate_003,met_station_core;radiometer_basic;cr1000xe_backbone,1.8104,flux,thermal,2,0.7851178646087646
7181,candidate_003,met_station_core;radiometer_basic;cr1000xe_backbone,1.8104,flux,thermal,2,0.8003649711608887
7181,candidate_003,met_station_core;radiometer_basic;cr1000xe_backbone,1.8104,flux,thermal,2,0.7504470348358154
7181,candidate_003,met_station_core;radiometer_basic;cr1000xe_backbone,1.8104,flux,thermal,2,0.7623571753501892
7181,candidate_003,met_station_core;radiometer_basic;cr1000xe_backbone,1.8104,flux,thermal,2,0.673599898815155
7181,candidate_003,met_station_core;radiometer_basic;cr1000xe_backbone,1.8104,flux,thermal,2,0.7062479853630066
7181,candidate_003,met_station_core;radiometer_basic;cr1000xe_backbone,1.8104,flux,thermal,2,0.7174469232559204
7181,candidate_003,met_station_core;radiometer_basic;cr1000xe_backbone,1.8104,flux,thermal,2,0.6652628183364868
7181,candidate_003,met_station_core;radiometer_basic;cr1000xe_backbone,1.8104,flux,thermal,2,0.5671790838241577
7181,candidate_003,met_station_core;radiometer_basic;cr1000xe_backbone,1.8104,flux,thermal,2,0.5625749230384827
7181,candidate_003,met_station_core;radiometer_basic;cr1000xe_backbone,1.8104,flux,thermal,2,0.5140366554260254
7181,candidate_003,met_station_core;radiometer_basic;cr1000xe_backbone,1.8104,flux,thermal,2,0.537713348865509
7181,candidate_003,met_station_core;radiometer_basic;cr1000xe_backbone,1.8104,flux,thermal,2,0.5400443077087402
7181,candidate_003,met_station_core;radiometer_basic;cr1000xe_backbone,1.8104,flux,thermal,2,0.46363523602485657
7181,candidate_003,met_station_core;radiometer_basic;cr1000xe_backbone,1.8104,flux,thermal,2,0.4467785060405731
7181,candidate_003,met_station_core;radiometer_basic;cr1000xe_backbone,1.8104,flux,thermal,2,0.6185792684555054
7181,candidate_003,met_station_core;radiometer_basic;cr1000xe_backbone,1.8104,calm,thermal,0,0.4549514949321747
7181,candidate_003,met_station_core;radiometer_basic;cr1000xe_backbone,1.8104,calm,thermal,0,0.27082523703575134
7181,candidate_003,met_station_core;radiometer_basic;cr1000xe_backbone,1.8104,calm,thermal,0,0.23778900504112244
7181,candidate_003,met_station_core;radiometer_basic;cr1000xe_backbone,1.8104,calm,transport,0,0.26632529497146606
7181,candidate_003,met_station_core;radiometer_basic;cr1000xe_backbone,1.8104,calm,transport,0,0.2243669182062149
7181,candidate_003,met_station_core;radiometer_basic;cr1000xe_backbone,1.8104,calm,transport,0,0.2572244703769684
7181,candidate_003,met_station_core;radiometer_basic;cr1000xe_backbone,1.8104,calm,transport,0,0.3012576997280121
7181,candidate_003,met_station_core;radiometer_basic;cr1000xe_backbone,1.8104,calm,transport,0,0.2729519009590149
7181,candidate_003,met_station_core;radiometer_basic;cr1000xe_backbone,1.8104,calm,transport,0,0.34554627537727356
7181,candidate_003,met_station_core;radiometer_basic;cr1000xe_backbone,1.8104,calm,transport,0,0.32833200693130493
7181,candidate_003,met_station_core;radiometer_basic;cr1000xe_backbone,1.8104,calm,transport,0,0.34458422660827637
7181,candidate_003,met_station_core;radiometer_basic;cr1000xe_backbone,1.8104,calm,transport,0,0.3504291772842407
7181,candidate_003,met_station_core;radiometer_basic;cr1000xe_backbone,1.8104,calm,transport,0,0.44537749886512756
7181,candidate_003,met_station_core;radiometer_basic;cr1000xe_backbone,1.8104,calm,transport,0,0.4672650396823883
7181,candidate_003,met_station_core;radiometer_basic;cr1000xe_backbone,1.8104,particle,transport,1,0.43465521931648254
7181,candidate_003,met_station_core;radiometer_basic;cr1000xe_backbone,1.8104,particle,transport,1,0.4159627854824066
7181,candidate_003,met_station_core;radiometer_basic;cr1000xe_backbone,1.8104,particle,transport,1,0.5651629567146301
7181,candidate_003,met_station_core;radiometer_basic;cr1000xe_backbone,1.8104,particle,transport,1,0.4998563230037689
7181,candidate_003,met_station_core;radiometer_basic;cr1000xe_backbone,1.8104,particle,transport,1,0.4557255804538727
7181,candidate_003,met_station_core;radiometer_basic;cr1000xe_backbone,1.8104,particle,transport,1,0.4128376543521881
7181,candidate_003,met_station_core;radiometer_basic;cr1000xe_backbone,1.8104,particle,transport,1,0.3744370937347412
7181,candidate_003,met_station_core;radiometer_basic;cr1000xe_backbone,1.8104,particle,transport,1,0.48595407605171204
7181,candidate_003,met_station_core;radiometer_basic;cr1000xe_backbone,1.8104,particle,transport,1,0.5138234496116638
7181,candidate_003,met_station_core;radiometer_basic;cr1000xe_backbone,1.8104,particle,transport,1,0.5039384961128235
7181,candidate_003,met_station_core;radiometer_basic;cr1000xe_backbone,1.8104,particle,transport,1,0.4834944009780884
7181,candidate_003,met_station_core;radiometer_basic;cr1000xe_backbone,1.8104,particle,transport,1,0.31357342004776
7181,candidate_003,met_station_core;radiometer_basic;cr1000xe_backbone,1.8104,particle,transport,1,0.4219825863838196
7181,candidate_003,met_station_core;radiometer_basic;cr1000xe_backbone,1.8104,particle,transport,1,0.4106314480304718
7181,candidate_003,met_station_core;radiometer_basic;cr1000xe_backbone,1.8104,particle,transport,1,0.38312235474586487
7181,candidate_003,met_station_core;radiometer_basic;cr1000xe_backbone,1.8104,particle,particle,1,0.3044787347316742
7181,candidate_003,met_station_core;radiometer_basic;cr1000xe_backbone,1.8104,particle,particle,1,0.1413518190383911
7181,candidate_003,met_station_core;radiometer_basic;cr1000xe_backbone,1.8104,particle,particle,1,0.2382306456565857
7181,candidate_003,met_station_core;radiometer_basic;cr1000xe_backbone,1.8104,particle,particle,1,0.17043794691562653
7181,candidate_003,met_station_core;radiometer_basic;cr1000xe_backbone,1.8104,particle,particle,1,0.23495987057685852
7181,candidate_003,met_station_core;radiometer_basic;cr1000xe_backbone,1.8104,particle,particle,1,0.304633229970932
7181,candidate_003,met_station_core;radiometer_basic;cr1000xe_backbone,1.8104,particle,particle,1,0.3098611533641815
7181,candidate_003,met_station_core;radiometer_basic;cr1000xe_backbone,1.8104,particle,particle,1,0.44826701283454895
7181,candidate_003,met_station_core;radiometer_basic;cr1000xe_backbone,1.8104,particle,particle,1,0.37447527050971985
7181,candidate_003,met_station_core;radiometer_basic;cr1000xe_backbone,1.8104,particle,particle,1,0.4105279743671417
7181,candidate_003,met_station_core;radiometer_basic;cr1000xe_backbone,1.8104,particle,particle,1,0.3710280954837799
7181,candidate_003,met_station_core;radiometer_basic;cr1000xe_backbone,1.8104,calm,particle,0,0.2805209755897522
7181,candidate_003,met_station_core;radiometer_basic;cr1000xe_backbone,1.8104,calm,particle,0,0.2435680776834488
7181,candidate_003,met_station_core;radiometer_basic;cr1000xe_backbone,1.8104,calm,particle,0,0.20889757573604584
7181,candidate_003,met_station_core;radiometer_basic;cr1000xe_backbone,1.8104,calm,particle,0,0.18543224036693573
7181,candidate_003,met_station_core;radiometer_basic;cr1000xe_backbone,1.8104,calm,particle,0,0.2270115613937378
7181,candidate_003,met_station_core;radiometer_basic;cr1000xe_backbone,1.8104,calm,particle,0,0.2351820021867752
7181,candidate_003,met_station_core;radiometer_basic;cr1000xe_backbone,1.8104,calm,particle,0,0.24315227568149567
7181,candidate_003,met_station_core;radiometer_basic;cr1000xe_backbone,1.8104,calm,particle,0,0.2501714825630188
7181,candidate_003,met_station_core;radiometer_basic;cr1000xe_backbone,1.8104,calm,thermal,0,0.21100302040576935
7181,candidate_003,met_station_core;radiometer_basic;cr1000xe_backbone,1.8104,calm,thermal,0,0.2703877389431
7181,candidate_003,met_station_core;radiometer_basic;cr1000xe_backbone,1.8104,calm,thermal,0,0.3014647364616394
7181,candidate_003,met_station_core;radiometer_basic;cr1000xe_backbone,1.8104,calm,thermal,0,0.29544946551322937
7181,candidate_003,met_station_core;radiometer_basic;cr1000xe_backbone,1.8104,calm,thermal,0,0.3257330060005188
7181,candidate_003,met_station_core;radiometer_basic;cr1000xe_backbone,1.8104,flux,thermal,2,0.3359842002391815
7181,candidate_003,met_station_core;radiometer_basic;cr1000xe_backbone,1.8104,flux,thermal,2,0.428139865398407
7181,candidate_003,met_station_core;radiometer_basic;cr1000xe_backbone,1.8104,flux,thermal,2,0.4567018151283264
7181,candidate_003,met_station_core;radiometer_basic;cr1000xe_backbone,1.8104,flux,thermal,2,0.5793739557266235
7181,candidate_003,met_station_core;radiometer_basic;cr1000xe_backbone,1.8104,flux,thermal,2,0.48143473267555237
7181,candidate_003,met_station_core;radiometer_basic;cr1000xe_backbone,1.8104,flux,thermal,2,0.5107697248458862
7181,candidate_003,met_station_core;radiometer_basic;cr1000xe_backbone,1.8104,flux,thermal,2,0.4067806005477905
7181,candidate_003,met_station_core;radiometer_basic;cr1000xe_backbone,1.8104,flux,thermal,2,0.4835810363292694
7181,candidate_003,met_station_core;radiometer_basic;cr1000xe_backbone,1.8104,flux,thermal,2,0.4929271638393402
7181,candidate_003,met_station_core;radiometer_basic;cr1000xe_backbone,1.8104,flux,thermal,2,0.534040629863739
7181,candidate_003,met_station_core;radiometer_basic;cr1000xe_backbone,1.8104,flux,thermal,2,0.4997899532318115
7181,candidate_003,met_station_core;radiometer_basic;cr1000xe_backbone,1.8104,flux,thermal,2,0.4898044466972351
7181,candidate_003,met_station_core;radiometer_basic;cr1000xe_backbone,1.8104,flux,thermal,2,0.43962764739990234
7181,candidate_003,met_station_core;radiometer_basic;cr1000xe_backbone,1.8104,flux,thermal,2,0.4446289837360382
7181,candidate_003,met_station_core;radiometer_basic;cr1000xe_backbone,1.8104,flux,thermal,2,0.5612357258796692
7181,candidate_003,met_station_core;radiometer_basic;cr1000xe_backbone,1.8104,flux,thermal,2,0.5139920115470886
7181,candidate_003,met_station_core;radiometer_basic;cr1000xe_backbone,1.8104,flux,thermal,2,0.5194551348686218
7181,candidate_003,met_station_core;radiometer_basic;cr1000xe_backbone,1.8104,flux,thermal,2,0.4912957549095154
7181,candidate_003,met_station_core;radiometer_basic;cr1000xe_backbone,1.8104,flux,thermal,2,0.4698407053947449
7181,candidate_003,met_station_core;radiometer_basic;cr1000xe_backbone,1.8104,flux,thermal,2,0.5583691596984863
7181,candidate_003,met_station_core;radiometer_basic;cr1000xe_backbone,1.8104,flux,thermal,2,0.7702860832214355
7181,candidate_003,met_station_core;radiometer_basic;cr1000xe_backbone,1.8104,flux,thermal,2,1.0281169414520264
7181,candidate_003,met_station_core;radiometer_basic;cr1000xe_backbone,1.8104,flux,thermal,2,1.3096182346343994
7181,candidate_003,met_station_core;radiometer_basic;cr1000xe_backbone,1.8104,flux,thermal,2,1.6186442375183105
7181,candidate_003,met_station_core;radiometer_basic;cr1000xe_backbone,1.8104,flux,thermal,2,1.867513656616211
7181,candidate_003,met_station_core;radiometer_basic;cr1000xe_backbone,1.8104,flux,thermal,2,2.0893828868865967
7181,candidate_003,met_station_core;radiometer_basic;cr1000xe_backbone,1.8104,flux,thermal,2,2.350817918777466
7181,candidate_003,met_station_core;radiometer_basic;cr1000xe_backbone,1.8104,flux,thermal,2,2.566577672958374
7181,candidate_003,met_station_core;radiometer_basic;cr1000xe_backbone,1.8104,flux,transport,2,2.6139752864837646
7181,candidate_003,met_station_core;radiometer_basic;cr1000xe_backbone,1.8104,flux,transport,2,2.5674352645874023
7181,candidate_003,met_station_core;radiometer_basic;cr1000xe_backbone,1.8104,flux,transport,2,2.558289051055908
7181,candidate_003,met_station_core;radiometer_basic;cr1000xe_backbone,1.8104,flux,transport,2,2.5552427768707275
7181,candidate_003,met_station_core;radiometer_basic;cr1000xe_backbone,1.8104,flux,transport,2,2.5196244716644287
7181,candidate_003,met_station_core;radiometer_basic;cr1000xe_backbone,1.8104,flux,transport,2,2.5299160480499268
7181,candidate_003,met_station_core;radiometer_basic;cr1000xe_backbone,1.8104,flux,transport,2,2.5212950706481934
7181,candidate_003,met_station_core;radiometer_basic;cr1000xe_backbone,1.8104,flux,transport,2,2.534353017807007
7181,candidate_003,met_station_core;radiometer_basic;cr1000xe_backbone,1.8104,flux,transport,2,2.545031785964966
7181,candidate_003,met_station_core;radiometer_basic;cr1000xe_backbone,1.8104,flux,transport,2,2.577202320098877
7181,candidate_003,met_station_core;radiometer_basic;cr1000xe_backbone,1.8104,flux,transport,2,2.579354763031006
7181,candidate_003,met_station_core;radiometer_basic;cr1000xe_backbone,1.8104,flux,transport,2,2.582288980484009
7181,candidate_003,met_station_core;radiometer_basic;cr1000xe_backbone,1.8104,flux,transport,2,2.5752952098846436
7181,candidate_003,met_station_core;radiometer_basic;cr1000xe_backbone,1.8104,flux,transport,2,2.5832929611206055
7181,candidate_003,met_station_core;radiometer_basic;cr1000xe_backbone,1.8104,flux,transport,2,2.5959808826446533
7181,candidate_003,met_station_core;radiometer_basic;cr1000xe_backbone,1.8104,flux,transport,2,2.617892265319824
7181,candidate_003,met_station_core;radiometer_basic;cr1000xe_backbone,1.8104,flux,transport,2,2.593538284301758
7181,candidate_003,met_station_core;radiometer_basic;cr1000xe_backbone,1.8104,flux,transport,2,2.5861380100250244
7181,candidate_003,met_station_core;radiometer_basic;cr1000xe_backbone,1.8104,flux,transport,2,2.628488302230835
7181,candidate_003,met_station_core;radiometer_basic;cr1000xe_backbone,1.8104,flux,transport,2,2.580721139907837
7181,candidate_003,met_station_core;radiometer_basic;cr1000xe_backbone,1.8104,flux,transport,2,2.3272922039031982
7181,candidate_003,met_station_core;radiometer_basic;cr1000xe_backbone,1.8104,flux,transport,2,2.123694896697998
7181,candidate_003,met_station_core;radiometer_basic;cr1000xe_backbone,1.8104,flux,transport,2,1.8854378461837769
7181,candidate_003,met_station_core;radiometer_basic;cr1000xe_backbone,1.8104,flux,transport,2,1.6416981220245361
7181,candidate_003,met_station_core;radiometer_basic;cr1000xe_backbone,1.8104,flux,transport,2,1.337077260017395
7181,candidate_003,met_station_core;radiometer_basic;cr1000xe_backbone,1.8104,flux,transport,2,1.1245224475860596
7181,candidate_003,met_station_core;radiometer_basic;cr1000xe_backbone,1.8104,flux,transport,2,0.8959503769874573
7181,candidate_003,met_station_core;radiometer_basic;cr1000xe_backbone,1.8104,flux,transport,2,0.596286952495575
7181,candidate_003,met_station_core;radiometer_basic;cr1000xe_backbone,1.8104,flux,particle,2,0.7398219704627991
7181,candidate_003,met_station_core;radiometer_basic;cr1000xe_backbone,1.8104,flux,particle,2,0.5886537432670593
7181,candidate_003,met_station_core;radiometer_basic;cr1000xe_backbone,1.8104,calm,particle,0,0.6004472374916077
7181,candidate_003,met_station_core;radiometer_basic;cr1000xe_backbone,1.8104,calm,particle,0,0.4232708215713501
7181,candidate_003,met_station_core;radiometer_basic;cr1000xe_backbone,1.8104,calm,particle,0,0.34466367959976196
7181,candidate_003,met_station_core;radiometer_basic;cr1000xe_backbone,1.8104,calm,particle,0,0.21284838020801544
7181,candidate_003,met_station_core;radiometer_basic;cr1000xe_backbone,1.8104,calm,particle,0,0.23337024450302124
7181,candidate_003,met_station_core;radiometer_basic;cr1000xe_backbone,1.8104,calm,particle,0,0.1915198415517807
7181,candidate_003,met_station_core;radiometer_basic;cr1000xe_backbone,1.8104,calm,particle,0,0.1998090296983719
7181,candidate_003,met_station_core;radiometer_basic;cr1000xe_backbone,1.8104,calm,particle,0,0.2459172010421753
7181,candidate_003,met_station_core;radiometer_basic;cr1000xe_backbone,1.8104,calm,particle,0,0.2788489758968353
7181,candidate_003,met_station_core;radiometer_basic;cr1000xe_backbone,1.8104,calm,particle,0,0.29889369010925293
7181,candidate_003,met_station_core;radiometer_basic;cr1000xe_backbone,1.8104,calm,particle,0,0.3055165708065033
7181,candidate_003,met_station_core;radiometer_basic;cr1000xe_backbone,1.8104,calm,particle,0,0.36037546396255493
7181,candidate_003,met_station_core;radiometer_basic;cr1000xe_backbone,1.8104,flux,particle,2,0.3185695707798004
7181,candidate_003,met_station_core;radiometer_basic;cr1000xe_backbone,1.8104,flux,particle,2,0.3760070204734802
7181,candidate_003,met_station_core;radiometer_basic;cr1000xe_backbone,1.8104,flux,particle,2,0.5153099894523621
7181,candidate_003,met_station_core;radiometer_basic;cr1000xe_backbone,1.8104,flux,particle,2,0.554800271987915
7181,candidate_003,met_station_core;radiometer_basic;cr1000xe_backbone,1.8104,flux,thermal,2,0.7423279881477356
7181,candidate_003,met_station_core;radiometer_basic;cr1000xe_backbone,1.8104,flux,thermal,2,0.8116750717163086
7181,candidate_003,met_station_core;radiometer_basic;cr1000xe_backbone,1.8104,flux,thermal,2,0.8442234396934509
7181,candidate_003,met_station_core;radiometer_basic;cr1000xe_backbone,1.8104,flux,thermal,2,0.5245712995529175
7181,candidate_003,met_station_core;radiometer_basic;cr1000xe_backbone,1.8104,flux,thermal,2,0.5110951066017151
7181,candidate_003,met_station_core;radiometer_basic;cr1000xe_backbone,1.8104,flux,thermal,2,0.5292874574661255
7181,candidate_003,met_station_core;radiometer_basic;cr1000xe_backbone,1.8104,flux,thermal,2,0.4205402433872223
7181,candidate_003,met_station_core;radiometer_basic;cr1000xe_backbone,1.8104,flux,thermal,2,0.42260831594467163
7181,candidate_003,met_station_core;radiometer_basic;cr1000xe_backbone,1.8104,flux,thermal,2,0.3142286539077759
7181,candidate_003,met_station_core;radiometer_basic;cr1000xe_backbone,1.8104,flux,thermal,2,0.33671364188194275
7181,candidate_003,met_station_core;radiometer_basic;cr1000xe_backbone,1.8104,flux,thermal,2,0.3615211844444275
7181,candidate_003,met_station_core;radiometer_basic;cr1000xe_backbone,1.8104,flux,thermal,2,0.40732496976852417
7181,candidate_003,met_station_core;radiometer_basic;cr1000xe_backbone,1.8104,flux,thermal,2,0.4583210349082947
7181,candidate_003,met_station_core;radiometer_basic;cr1000xe_backbone,1.8104,flux,thermal,2,0.49220314621925354
7181,candidate_003,met_station_core;radiometer_basic;cr1000xe_backbone,1.8104,flux,thermal,2,0.4663274884223938
7181,candidate_003,met_station_core;radiometer_basic;cr1000xe_backbone,1.8104,flux,thermal,2,0.5584517121315002
7181,candidate_003,met_station_core;radiometer_basic;cr1000xe_backbone,1.8104,flux,thermal,2,0.4607820510864258
7181,candidate_003,met_station_core;radiometer_basic;cr1000xe_backbone,1.8104,flux,thermal,2,0.4548596739768982
7181,candidate_003,met_station_core;radiometer_basic;cr1000xe_backbone,1.8104,flux,thermal,2,0.44318142533302307
7181,candidate_003,met_station_core;radiometer_basic;cr1000xe_backbone,1.8104,flux,thermal,2,0.41378137469291687
7181,candidate_003,met_station_core;radiometer_basic;cr1000xe_backbone,1.8104,flux,thermal,2,0.4435187876224518
7181,candidate_003,met_station_core;radiometer_basic;cr1000xe_backbone,1.8104,flux,thermal,2,0.5184504389762878
7181,candidate_003,met_station_core;radiometer_basic;cr1000xe_backbone,1.8104,flux,thermal,2,0.6129560470581055
7181,candidate_003,met_station_core;radiometer_basic;cr1000xe_backbone,1.8104,flux,thermal,2,0.5990842580795288
7181,candidate_003,met_station_core;radiometer_basic;cr1000xe_backbone,1.8104,flux,thermal,2,0.8828111886978149
7181,candidate_003,met_station_core;radiometer_basic;cr1000xe_backbone,1.8104,flux,thermal,2,1.071341872215271
7181,candidate_003,met_station_core;radiometer_basic;cr1000xe_backbone,1.8104,flux,thermal,2,1.0887826681137085
7181,candidate_003,met_station_core;radiometer_basic;cr1000xe_backbone,1.8104,flux,thermal,2,1.050342321395874
7181,candidate_003,met_station_core;radiometer_basic;cr1000xe_backbone,1.8104,flux,thermal,2,1.0809236764907837
7181,candidate_003,met_station_core;radiometer_basic;cr1000xe_backbone,1.8104,flux,thermal,2,1.1020293235778809
7181,candidate_003,met_station_core;radiometer_basic;cr1000xe_backbone,1.8104,flux,thermal,2,1.162548542022705
7181,candidate_003,met_station_core;radiometer_basic;cr1000xe_backbone,1.8104,flux,thermal,2,1.069516658782959
7181,candidate_003,met_station_core;radiometer_basic;cr1000xe_backbone,1.8104,flux,transport,2,0.8530073761940002
7181,candidate_003,met_station_core;radiometer_basic;cr1000xe_backbone,1.8104,flux,transport,2,0.583367645740509
7181,candidate_003,met_station_core;radiometer_basic;cr1000xe_backbone,1.8104,calm,transport,0,0.5495972037315369
7181,candidate_003,met_station_core;radiometer_basic;cr1000xe_backbone,1.8104,calm,transport,0,0.6349373459815979
7181,candidate_003,met_station_core;radiometer_basic;cr1000xe_backbone,1.8104,calm,transport,0,0.5319519639015198
7181,candidate_003,met_station_core;radiometer_basic;cr1000xe_backbone,1.8104,calm,transport,0,0.6815598011016846
7181,candidate_003,met_station_core;radiometer_basic;cr1000xe_backbone,1.8104,calm,transport,0,0.6503074765205383
7181,candidate_003,met_station_core;radiometer_basic;cr1000xe_backbone,1.8104,calm,transport,0,0.6520607471466064
7181,candidate_003,met_station_core;radiometer_basic;cr1000xe_backbone,1.8104,calm,transport,0,0.9258439540863037
7181,candidate_003,met_station_core;radiometer_basic;cr1000xe_backbone,1.8104,calm,transport,0,1.1391655206680298
7181,candidate_004,surface_temp_ir;cr1000xe_backbone,1.1703999999999999,calm,transport,0,1.1267374753952026
7181,candidate_004,surface_temp_ir;cr1000xe_backbone,1.1703999999999999,calm,transport,0,0.8371618986129761
7181,candidate_004,surface_temp_ir;cr1000xe_backbone,1.1703999999999999,calm,transport,0,0.8127077221870422
7181,candidate_004,surface_temp_ir;cr1000xe_backbone,1.1703999999999999,calm,transport,0,0.8342211246490479
7181,candidate_004,surface_temp_ir;cr1000xe_backbone,1.1703999999999999,calm,transport,0,0.8239165544509888
7181,candidate_004,surface_temp_ir;cr1000xe_backbone,1.1703999999999999,calm,transport,0,0.8051750063896179
7181,candidate_004,surface_temp_ir;cr1000xe_backbone,1.1703999999999999,calm,transport,0,0.7826188802719116
7181,candidate_004,surface_temp_ir;cr1000xe_backbone,1.1703999999999999,calm,transport,0,0.7870525121688843
7181,candidate_004,surface_temp_ir;cr1000xe_backbone,1.1703999999999999,calm,transport,0,0.7642298340797424
7181,candidate_004,surface_temp_ir;cr1000xe_backbone,1.1703999999999999,calm,transport,0,0.8004783987998962
7181,candidate_004,surface_temp_ir;cr1000xe_backbone,1.1703999999999999,calm,transport,0,0.786891758441925
7181,candidate_004,surface_temp_ir;cr1000xe_backbone,1.1703999999999999,calm,transport,0,0.8111852407455444
7181,candidate_004,surface_temp_ir;cr1000xe_backbone,1.1703999999999999,calm,transport,0,0.7976064682006836
7181,candidate_004,surface_temp_ir;cr1000xe_backbone,1.1703999999999999,calm,transport,0,0.7993712425231934
7181,candidate_004,surface_temp_ir;cr1000xe_backbone,1.1703999999999999,calm,transport,0,0.7835193276405334
7181,candidate_004,surface_temp_ir;cr1000xe_backbone,1.1703999999999999,calm,transport,0,0.7920868396759033
7181,candidate_004,surface_temp_ir;cr1000xe_backbone,1.1703999999999999,calm,transport,0,0.7833683490753174
7181,candidate_004,surface_temp_ir;cr1000xe_backbone,1.1703999999999999,calm,transport,0,0.772344708442688
7181,candidate_004,surface_temp_ir;cr1000xe_backbone,1.1703999999999999,calm,transport,0,0.7690526247024536
7181,candidate_004,surface_temp_ir;cr1000xe_backbone,1.1703999999999999,calm,transport,0,0.7847793698310852
7181,candidate_004,surface_temp_ir;cr1000xe_backbone,1.1703999999999999,calm,transport,0,0.7997303605079651
7181,candidate_004,surface_temp_ir;cr1000xe_backbone,1.1703999999999999,calm,transport,0,0.8188098669052124
7181,candidate_004,surface_temp_ir;cr1000xe_backbone,1.1703999999999999,calm,particle,0,0.8429542779922485
7181,candidate_004,surface_temp_ir;cr1000xe_backbone,1.1703999999999999,calm,particle,0,0.857644259929657
7181,candidate_004,surface_temp_ir;cr1000xe_backbone,1.1703999999999999,calm,particle,0,0.8723350167274475
7181,candidate_004,surface_temp_ir;cr1000xe_backbone,1.1703999999999999,calm,particle,0,0.8903167843818665
7181,candidate_004,surface_temp_ir;cr1000xe_backbone,1.1703999999999999,calm,particle,0,0.8842656016349792
7181,candidate_004,surface_temp_ir;cr1000xe_backbone,1.1703999999999999,calm,particle,0,0.871529757976532
7181,candidate_004,surface_temp_ir;cr1000xe_backbone,1.1703999999999999,calm,particle,0,0.8583551049232483
7181,candidate_004,surface_temp_ir;cr1000xe_backbone,1.1703999999999999,calm,particle,0,0.8285797834396362
7181,candidate_004,surface_temp_ir;cr1000xe_backbone,1.1703999999999999,calm,particle,0,0.8069522380828857
7181,candidate_004,surface_temp_ir;cr1000xe_backbone,1.1703999999999999,calm,particle,0,0.782633364200592
7181,candidate_004,surface_temp_ir;cr1000xe_backbone,1.1703999999999999,calm,particle,0,0.7569940686225891
7181,candidate_004,surface_temp_ir;cr1000xe_backbone,1.1703999999999999,calm,particle,0,0.7400677800178528
7181,candidate_004,surface_temp_ir;cr1000xe_backbone,1.1703999999999999,calm,particle,0,0.7351483106613159
7181,candidate_004,surface_temp_ir;cr1000xe_backbone,1.1703999999999999,calm,particle,0,0.7240754961967468
7181,candidate_004,surface_temp_ir;cr1000xe_backbone,1.1703999999999999,calm,particle,0,0.7226890325546265
7181,candidate_004,surface_temp_ir;cr1000xe_backbone,1.1703999999999999,calm,particle,0,0.7188440561294556
7181,candidate_004,surface_temp_ir;cr1000xe_backbone,1.1703999999999999,calm,particle,0,0.7124871611595154
7181,candidate_004,surface_temp_ir;cr1000xe_backbone,1.1703999999999999,calm,particle,0,0.7026894092559814
7181,candidate_004,surface_temp_ir;cr1000xe_backbone,1.1703999999999999,calm,particle,0,0.7069761753082275
7181,candidate_004,surface_temp_ir;cr1000xe_backbone,1.1703999999999999,calm,particle,0,0.7068091034889221
7181,candidate_004,surface_temp_ir;cr1000xe_backbone,1.1703999999999999,calm,particle,0,0.7183898687362671
7181,candidate_004,surface_temp_ir;cr1000xe_backbone,1.1703999999999999,calm,particle,0,0.7322439551353455
7181,candidate_004,surface_temp_ir;cr1000xe_backbone,1.1703999999999999,calm,thermal,0,0.7427392601966858
7181,candidate_004,surface_temp_ir;cr1000xe_backbone,1.1703999999999999,calm,thermal,0,0.761049211025238
7181,candidate_004,surface_temp_ir;cr1000xe_backbone,1.1703999999999999,calm,thermal,0,0.7855061888694763
7181,candidate_004,surface_temp_ir;cr1000xe_backbone,1.1703999999999999,calm,thermal,0,0.8058972954750061
7181,candidate_004,surface_temp_ir;cr1000xe_backbone,1.1703999999999999,calm,thermal,0,0.8190704584121704
7181,candidate_004,surface_temp_ir;cr1000xe_backbone,1.1703999999999999,calm,thermal,0,0.8246455192565918
7181,candidate_004,surface_temp_ir;cr1000xe_backbone,1.1703999999999999,calm,thermal,0,0.8159096240997314
7181,candidate_004,surface_temp_ir;cr1000xe_backbone,1.1703999999999999,calm,thermal,0,0.7961353659629822
7181,candidate_004,surface_temp_ir;cr1000xe_backbone,1.1703999999999999,calm,thermal,0,0.77604740858078
7181,candidate_004,surface_temp_ir;cr1000xe_backbone,1.1703999999999999,calm,thermal,0,0.7593030333518982
7181,candidate_004,surface_temp_ir;cr1000xe_backbone,1.1703999999999999,calm,thermal,0,0.7299532890319824
7181,candidate_004,surface_temp_ir;cr1000xe_backbone,1.1703999999999999,calm,thermal,0,0.7041800618171692
7181,candidate_004,surface_temp_ir;cr1000xe_backbone,1.1703999999999999,calm,thermal,0,0.6788328886032104
7181,candidate_004,surface_temp_ir;cr1000xe_backbone,1.1703999999999999,calm,thermal,0,0.6565641760826111
7181,candidate_004,surface_temp_ir;cr1000xe_backbone,1.1703999999999999,calm,thermal,0,0.6438166499137878
7181,candidate_004,surface_temp_ir;cr1000xe_backbone,1.1703999999999999,calm,thermal,0,0.635057806968689
7181,candidate_004,surface_temp_ir;cr1000xe_backbone,1.1703999999999999,calm,thermal,0,0.6348029971122742
7181,candidate_004,surface_temp_ir;cr1000xe_backbone,1.1703999999999999,calm,thermal,0,0.6375144720077515
7181,candidate_004,surface_temp_ir;cr1000xe_backbone,1.1703999999999999,calm,thermal,0,0.6317344307899475
7181,candidate_004,surface_temp_ir;cr1000xe_backbone,1.1703999999999999,calm,thermal,0,0.616630494594574
7181,candidate_004,surface_temp_ir;cr1000xe_backbone,1.1703999999999999,calm,thermal,0,0.6137024760246277
7181,candidate_004,surface_temp_ir;cr1000xe_backbone,1.1703999999999999,calm,thermal,0,0.6219495534896851
7181,candidate_004,surface_temp_ir;cr1000xe_backbone,1.1703999999999999,calm,thermal,0,0.6345123648643494
7181,candidate_004,surface_temp_ir;cr1000xe_backbone,1.1703999999999999,calm,thermal,0,0.6491265892982483
7181,candidate_004,surface_temp_ir;cr1000xe_backbone,1.1703999999999999,calm,thermal,0,0.6609969139099121
7181,candidate_004,surface_temp_ir;cr1000xe_backbone,1.1703999999999999,calm,thermal,0,0.6881805062294006
7181,candidate_004,surface_temp_ir;cr1000xe_backbone,1.1703999999999999,calm,thermal,0,0.708119809627533
7181,candidate_004,surface_temp_ir;cr1000xe_backbone,1.1703999999999999,calm,transport,0,0.7364256381988525
7181,candidate_004,surface_temp_ir;cr1000xe_backbone,1.1703999999999999,calm,transport,0,0.7543468475341797
7181,candidate_004,surface_temp_ir;cr1000xe_backbone,1.1703999999999999,calm,transport,0,0.7653868198394775
7181,candidate_004,surface_temp_ir;cr1000xe_backbone,1.1703999999999999,calm,transport,0,0.7731037735939026
7181,candidate_004,surface_temp_ir;cr1000xe_backbone,1.1703999999999999,calm,transport,0,0.7661898136138916
7181,candidate_004,surface_temp_ir;cr1000xe_backbone,1.1703999999999999,calm,transport,0,0.7585659027099609
7181,candidate_004,surface_temp_ir;cr1000xe_backbone,1.1703999999999999,calm,transport,0,0.7447044253349304
7181,candidate_004,surface_temp_ir;cr1000xe_backbone,1.1703999999999999,calm,transport,0,0.7329719662666321
7181,candidate_004,surface_temp_ir;cr1000xe_backbone,1.1703999999999999,calm,transport,0,0.7053991556167603
7181,candidate_004,surface_temp_ir;cr1000xe_backbone,1.1703999999999999,calm,transport,0,0.6947010159492493
7181,candidate_004,surface_temp_ir;cr1000xe_backbone,1.1703999999999999,calm,transport,0,0.6883066296577454
7181,candidate_004,surface_temp_ir;cr1000xe_backbone,1.1703999999999999,calm,transport,0,0.6812111139297485
7181,candidate_004,surface_temp_ir;cr1000xe_backbone,1.1703999999999999,calm,transport,0,0.6810282468795776
7181,candidate_004,surface_temp_ir;cr1000xe_backbone,1.1703999999999999,calm,transport,0,0.6861017942428589
7181,candidate_004,surface_temp_ir;cr1000xe_backbone,1.1703999999999999,calm,transport,0,0.6806842684745789
7181,candidate_004,surface_temp_ir;cr1000xe_backbone,1.1703999999999999,calm,transport,0,0.684819221496582
7181,candidate_004,surface_temp_ir;cr1000xe_backbone,1.1703999999999999,calm,transport,0,0.6857005953788757
7181,candidate_004,surface_temp_ir;cr1000xe_backbone,1.1703999999999999,calm,transport,0,0.6831033229827881
7181,candidate_004,surface_temp_ir;cr1000xe_backbone,1.1703999999999999,calm,transport,0,0.6867016553878784
7181,candidate_004,surface_temp_ir;cr1000xe_backbone,1.1703999999999999,calm,transport,0,0.6985767483711243
7181,candidate_004,surface_temp_ir;cr1000xe_backbone,1.1703999999999999,calm,transport,0,0.7037146091461182
7181,candidate_004,surface_temp_ir;cr1000xe_backbone,1.1703999999999999,calm,transport,0,0.7225701212882996
7181,candidate_004,surface_temp_ir;cr1000xe_backbone,1.1703999999999999,calm,transport,0,0.7488711476325989
7181,candidate_004,surface_temp_ir;cr1000xe_backbone,1.1703999999999999,calm,transport,0,0.765939474105835
7181,candidate_004,surface_temp_ir;cr1000xe_backbone,1.1703999999999999,calm,transport,0,0.7878203988075256
7181,candidate_004,surface_temp_ir;cr1000xe_backbone,1.1703999999999999,calm,transport,0,0.8018625974655151
7181,candidate_004,surface_temp_ir;cr1000xe_backbone,1.1703999999999999,calm,transport,0,0.8039540648460388
7181,candidate_004,surface_temp_ir;cr1000xe_backbone,1.1703999999999999,calm,transport,0,0.7973973751068115
7181,candidate_004,surface_temp_ir;cr1000xe_backbone,1.1703999999999999,calm,particle,0,0.7875486612319946
7181,candidate_004,surface_temp_ir;cr1000xe_backbone,1.1703999999999999,calm,particle,0,0.7704542279243469
7181,candidate_004,surface_temp_ir;cr1000xe_backbone,1.1703999999999999,calm,particle,0,0.7602915167808533
7181,candidate_004,surface_temp_ir;cr1000xe_backbone,1.1703999999999999,calm,particle,0,0.7356119155883789
7181,candidate_004,surface_temp_ir;cr1000xe_backbone,1.1703999999999999,calm,particle,0,0.7061710953712463
7181,candidate_004,surface_temp_ir;cr1000xe_backbone,1.1703999999999999,calm,particle,0,0.6833428740501404
7181,candidate_004,surface_temp_ir;cr1000xe_backbone,1.1703999999999999,calm,particle,0,0.6733291745185852
7181,candidate_004,surface_temp_ir;cr1000xe_backbone,1.1703999999999999,calm,particle,0,0.6766501069068909
7181,candidate_004,surface_temp_ir;cr1000xe_backbone,1.1703999999999999,calm,particle,0,0.6848663091659546
7181,candidate_004,surface_temp_ir;cr1000xe_backbone,1.1703999999999999,calm,particle,0,0.7005839943885803
7181,candidate_004,surface_temp_ir;cr1000xe_backbone,1.1703999999999999,calm,particle,0,0.704136848449707
7181,candidate_004,surface_temp_ir;cr1000xe_backbone,1.1703999999999999,calm,particle,0,0.708166241645813
7181,candidate_004,surface_temp_ir;cr1000xe_backbone,1.1703999999999999,calm,particle,0,0.7149936556816101
7181,candidate_004,surface_temp_ir;cr1000xe_backbone,1.1703999999999999,calm,particle,0,0.7294653058052063
7181,candidate_004,surface_temp_ir;cr1000xe_backbone,1.1703999999999999,calm,particle,0,0.7374545335769653
7181,candidate_004,surface_temp_ir;cr1000xe_backbone,1.1703999999999999,calm,particle,0,0.7616926431655884
7181,candidate_004,surface_temp_ir;cr1000xe_backbone,1.1703999999999999,calm,particle,0,0.7883507609367371
7181,candidate_004,surface_temp_ir;cr1000xe_backbone,1.1703999999999999,calm,particle,0,0.8201413750648499
7181,candidate_004,surface_temp_ir;cr1000xe_backbone,1.1703999999999999,calm,particle,0,0.8532587289810181
7181,candidate_004,surface_temp_ir;cr1000xe_backbone,1.1703999999999999,calm,particle,0,0.8878288865089417
7181,candidate_004,surface_temp_ir;cr1000xe_backbone,1.1703999999999999,calm,particle,0,0.920335054397583
7181,candidate_004,surface_temp_ir;cr1000xe_backbone,1.1703999999999999,calm,particle,0,0.9534815549850464
7181,candidate_004,surface_temp_ir;cr1000xe_backbone,1.1703999999999999,calm,particle,0,0.980650782585144
7181,candidate_004,surface_temp_ir;cr1000xe_backbone,1.1703999999999999,calm,particle,0,1.0014369487762451
7181,candidate_004,surface_temp_ir;cr1000xe_backbone,1.1703999999999999,calm,particle,0,1.0087213516235352
7181,candidate_004,surface_temp_ir;cr1000xe_backbone,1.1703999999999999,calm,particle,0,1.0034767389297485
7181,candidate_004,surface_temp_ir;cr1000xe_backbone,1.1703999999999999,calm,particle,0,0.9939340353012085
7181,candidate_004,surface_temp_ir;cr1000xe_backbone,1.1703999999999999,calm,particle,0,0.9866268038749695
7181,candidate_004,surface_temp_ir;cr1000xe_backbone,1.1703999999999999,calm,particle,0,0.9772565364837646
7181,candidate_004,surface_temp_ir;cr1000xe_backbone,1.1703999999999999,calm,particle,0,0.9713796973228455
7181,candidate_004,surface_temp_ir;cr1000xe_backbone,1.1703999999999999,calm,particle,0,0.9754741787910461
7181,candidate_004,surface_temp_ir;cr1000xe_backbone,1.1703999999999999,calm,thermal,0,0.9743255376815796
7181,candidate_004,surface_temp_ir;cr1000xe_backbone,1.1703999999999999,calm,thermal,0,0.9884554743766785
7181,candidate_004,surface_temp_ir;cr1000xe_backbone,1.1703999999999999,calm,thermal,0,0.9976708889007568
7181,candidate_004,surface_temp_ir;cr1000xe_backbone,1.1703999999999999,calm,thermal,0,1.0134204626083374
7181,candidate_004,surface_temp_ir;cr1000xe_backbone,1.1703999999999999,calm,thermal,0,1.020857572555542
7181,candidate_004,surface_temp_ir;cr1000xe_backbone,1.1703999999999999,calm,thermal,0,1.037255883216858
7181,candidate_004,surface_temp_ir;cr1000xe_backbone,1.1703999999999999,calm,thermal,0,1.045111060142517
7181,candidate_004,surface_temp_ir;cr1000xe_backbone,1.1703999999999999,calm,thermal,0,1.0643932819366455
7181,candidate_004,surface_temp_ir;cr1000xe_backbone,1.1703999999999999,calm,thermal,0,1.075724720954895
7181,candidate_004,surface_temp_ir;cr1000xe_backbone,1.1703999999999999,calm,thermal,0,1.1048814058303833
7181,candidate_004,surface_temp_ir;cr1000xe_backbone,1.1703999999999999,calm,thermal,0,1.128576397895813
7181,candidate_004,surface_temp_ir;cr1000xe_backbone,1.1703999999999999,calm,thermal,0,1.1549173593521118
7181,candidate_004,surface_temp_ir;cr1000xe_backbone,1.1703999999999999,calm,thermal,0,1.1875540018081665
7181,candidate_004,surface_temp_ir;cr1000xe_backbone,1.1703999999999999,calm,thermal,0,1.21488618850708
7181,candidate_004,surface_temp_ir;cr1000xe_backbone,1.1703999999999999,calm,thermal,0,1.2329024076461792
7181,candidate_004,surface_temp_ir;cr1000xe_backbone,1.1703999999999999,calm,thermal,0,1.2451132535934448
7181,candidate_004,surface_temp_ir;cr1000xe_backbone,1.1703999999999999,calm,thermal,0,1.2367061376571655
7181,candidate_004,surface_temp_ir;cr1000xe_backbone,1.1703999999999999,calm,thermal,0,1.2220563888549805
7181,candidate_004,surface_temp_ir;cr1000xe_backbone,1.1703999999999999,calm,thermal,0,1.213075041770935
7181,candidate_004,surface_temp_ir;cr1000xe_backbone,1.1703999999999999,calm,thermal,0,1.184743046760559
7181,candidate_004,surface_temp_ir;cr1000xe_backbone,1.1703999999999999,calm,transport,0,1.1591159105300903
7181,candidate_004,surface_temp_ir;cr1000xe_backbone,1.1703999999999999,calm,transport,0,1.1496220827102661
7181,candidate_004,surface_temp_ir;cr1000xe_backbone,1.1703999999999999,calm,transport,0,1.126243233680725
7181,candidate_004,surface_temp_ir;cr1000xe_backbone,1.1703999999999999,calm,transport,0,1.1048117876052856
7181,candidate_004,surface_temp_ir;cr1000xe_backbone,1.1703999999999999,calm,transport,0,1.1003899574279785
7181,candidate_004,surface_temp_ir;cr1000xe_backbone,1.1703999999999999,calm,transport,0,1.1023547649383545
7181,candidate_004,surface_temp_ir;cr1000xe_backbone,1.1703999999999999,calm,transport,0,1.1017484664916992
7181,candidate_004,surface_temp_ir;cr1000xe_backbone,1.1703999999999999,calm,transport,0,1.1191906929016113
7181,candidate_004,surface_temp_ir;cr1000xe_backbone,1.1703999999999999,calm,transport,0,1.1201972961425781
7181,candidate_004,surface_temp_ir;cr1000xe_backbone,1.1703999999999999,calm,transport,0,1.1213369369506836
7181,candidate_004,surface_temp_ir;cr1000xe_backbone,1.1703999999999999,calm,transport,0,1.1166054010391235
7181,candidate_004,surface_temp_ir;cr1000xe_backbone,1.1703999999999999,calm,transport,0,1.1254788637161255
7181,candidate_004,surface_temp_ir;cr1000xe_backbone,1.1703999999999999,calm,transport,0,1.1358311176300049
7181,candidate_004,surface_temp_ir;cr1000xe_backbone,1.1703999999999999,calm,transport,0,1.1634725332260132
7181,candidate_004,surface_temp_ir;cr1000xe_backbone,1.1703999999999999,calm,transport,0,1.1759257316589355
7181,candidate_004,surface_temp_ir;cr1000xe_backbone,1.1703999999999999,calm,transport,0,1.2044568061828613
7181,candidate_004,surface_temp_ir;cr1000xe_backbone,1.1703999999999999,calm,transport,0,1.236908197402954
7181,candidate_004,surface_temp_ir;cr1000xe_backbone,1.1703999999999999,calm,transport,0,1.251301646232605
7181,candidate_004,surface_temp_ir;cr1000xe_backbone,1.1703999999999999,calm,transport,0,1.2809449434280396
7181,candidate_004,surface_temp_ir;cr1000xe_backbone,1.1703999999999999,calm,transport,0,1.3048031330108643
7181,candidate_004,surface_temp_ir;cr1000xe_backbone,1.1703999999999999,calm,transport,0,1.3192026615142822
7181,candidate_004,surface_temp_ir;cr1000xe_backbone,1.1703999999999999,calm,transport,0,1.3068114519119263
7181,candidate_004,surface_temp_ir;cr1000xe_backbone,1.1703999999999999,calm,transport,0,1.2954258918762207
7181,candidate_004,surface_temp_ir;cr1000xe_backbone,1.1703999999999999,calm,transport,0,1.2726800441741943
7181,candidate_004,surface_temp_ir;cr1000xe_backbone,1.1703999999999999,calm,transport,0,1.2487398386001587
7181,candidate_004,surface_temp_ir;cr1000xe_backbone,1.1703999999999999,calm,transport,0,1.2265782356262207
7181,candidate_004,surface_temp_ir;cr1000xe_backbone,1.1703999999999999,calm,transport,0,1.2044765949249268
7181,candidate_004,surface_temp_ir;cr1000xe_backbone,1.1703999999999999,calm,transport,0,1.1810200214385986
7181,candidate_004,surface_temp_ir;cr1000xe_backbone,1.1703999999999999,calm,transport,0,1.1620557308197021
7181,candidate_004,surface_temp_ir;cr1000xe_backbone,1.1703999999999999,calm,transport,0,1.158400058746338
7181,candidate_004,surface_temp_ir;cr1000xe_backbone,1.1703999999999999,calm,transport,0,1.1536953449249268
7181,candidate_004,surface_temp_ir;cr1000xe_backbone,1.1703999999999999,calm,transport,0,1.1445684432983398
7181,candidate_004,surface_temp_ir;cr1000xe_backbone,1.1703999999999999,calm,transport,0,1.1391712427139282
7181,candidate_004,surface_temp_ir;cr1000xe_backbone,1.1703999999999999,calm,transport,0,1.1303654909133911
7181,candidate_004,surface_temp_ir;cr1000xe_backbone,1.1703999999999999,calm,transport,0,1.1339445114135742
7181,candidate_004,surface_temp_ir;cr1000xe_backbone,1.1703999999999999,calm,particle,0,1.1232988834381104
7181,candidate_004,surface_temp_ir;cr1000xe_backbone,1.1703999999999999,calm,particle,0,1.1190307140350342
7181,candidate_004,surface_temp_ir;cr1000xe_backbone,1.1703999999999999,calm,particle,0,1.1381402015686035
7181,candidate_004,surface_temp_ir;cr1000xe_backbone,1.1703999999999999,calm,particle,0,1.1544106006622314
7181,candidate_004,surface_temp_ir;cr1000xe_backbone,1.1703999999999999,calm,particle,0,1.1593170166015625
7181,candidate_004,surface_temp_ir;cr1000xe_backbone,1.1703999999999999,calm,particle,0,1.1666022539138794
7181,candidate_004,surface_temp_ir;cr1000xe_backbone,1.1703999999999999,calm,particle,0,1.189861536026001
7181,candidate_004,surface_temp_ir;cr1000xe_backbone,1.1703999999999999,calm,particle,0,1.1917465925216675
7181,candidate_004,surface_temp_ir;cr1000xe_backbone,1.1703999999999999,calm,particle,0,1.2039999961853027
7181,candidate_004,surface_temp_ir;cr1000xe_backbone,1.1703999999999999,calm,particle,0,1.1952050924301147
7181,candidate_004,surface_temp_ir;cr1000xe_backbone,1.1703999999999999,calm,particle,0,1.1845625638961792
7181,candidate_004,surface_temp_ir;cr1000xe_backbone,1.1703999999999999,calm,particle,0,1.159958839416504
7181,candidate_004,surface_temp_ir;cr1000xe_backbone,1.1703999999999999,calm,particle,0,1.1545308828353882
7181,candidate_004,surface_temp_ir;cr1000xe_backbone,1.1703999999999999,calm,particle,0,1.1378237009048462
7181,candidate_004,surface_temp_ir;cr1000xe_backbone,1.1703999999999999,calm,particle,0,1.133324146270752
7181,candidate_004,surface_temp_ir;cr1000xe_backbone,1.1703999999999999,calm,particle,0,1.1113684177398682
7181,candidate_004,surface_temp_ir;cr1000xe_backbone,1.1703999999999999,calm,particle,0,1.1057144403457642
7181,candidate_004,surface_temp_ir;cr1000xe_backbone,1.1703999999999999,calm,particle,0,1.091911792755127
7181,candidate_004,surface_temp_ir;cr1000xe_backbone,1.1703999999999999,calm,particle,0,1.0933101177215576
7181,candidate_004,surface_temp_ir;cr1000xe_backbone,1.1703999999999999,calm,particle,0,1.0929076671600342
7181,candidate_004,surface_temp_ir;cr1000xe_backbone,1.1703999999999999,calm,particle,0,1.1036981344223022
7181,candidate_004,surface_temp_ir;cr1000xe_backbone,1.1703999999999999,calm,particle,0,1.1118093729019165
7181,candidate_004,surface_temp_ir;cr1000xe_backbone,1.1703999999999999,calm,particle,0,1.1091160774230957
7181,candidate_004,surface_temp_ir;cr1000xe_backbone,1.1703999999999999,calm,particle,0,1.1080600023269653
7181,candidate_004,surface_temp_ir;cr1000xe_backbone,1.1703999999999999,calm,particle,0,1.1089444160461426
7181,candidate_004,surface_temp_ir;cr1000xe_backbone,1.1703999999999999,calm,particle,0,1.1310932636260986
7181,candidate_004,surface_temp_ir;cr1000xe_backbone,1.1703999999999999,calm,particle,0,1.1393247842788696
7181,candidate_004,surface_temp_ir;cr1000xe_backbone,1.1703999999999999,calm,particle,0,1.1598905324935913
7181,candidate_004,surface_temp_ir;cr1000xe_backbone,1.1703999999999999,calm,particle,0,1.1739600896835327
7181,candidate_004,surface_temp_ir;cr1000xe_backbone,1.1703999999999999,calm,particle,0,1.1924710273742676
7181,candidate_004,surface_temp_ir;cr1000xe_backbone,1.1703999999999999,calm,particle,0,1.197572112083435
7181,candidate_004,surface_temp_ir;cr1000xe_backbone,1.1703999999999999,calm,particle,0,1.2151662111282349
7181,candidate_004,surface_temp_ir;cr1000xe_backbone,1.1703999999999999,calm,particle,0,1.2190241813659668
7181,candidate_004,surface_temp_ir;cr1000xe_backbone,1.1703999999999999,calm,particle,0,1.2122465372085571
7181,candidate_004,surface_temp_ir;cr1000xe_backbone,1.1703999999999999,calm,thermal,0,1.2025202512741089
7181,candidate_004,surface_temp_ir;cr1000xe_backbone,1.1703999999999999,calm,thermal,0,1.175857663154602
7181,candidate_004,surface_temp_ir;cr1000xe_backbone,1.1703999999999999,calm,thermal,0,1.164314866065979
7181,candidate_004,surface_temp_ir;cr1000xe_backbone,1.1703999999999999,calm,thermal,0,1.137953281402588
7181,candidate_004,surface_temp_ir;cr1000xe_backbone,1.1703999999999999,calm,thermal,0,1.1264737844467163
7181,candidate_004,surface_temp_ir;cr1000xe_backbone,1.1703999999999999,calm,thermal,0,1.1036025285720825
7181,candidate_004,surface_temp_ir;cr1000xe_backbone,1.1703999999999999,calm,thermal,0,1.0866559743881226
7181,candidate_004,surface_temp_ir;cr1000xe_backbone,1.1703999999999999,calm,thermal,0,1.071099042892456
7181,candidate_004,surface_temp_ir;cr1000xe_backbone,1.1703999999999999,calm,thermal,0,1.0715112686157227
7181,candidate_004,surface_temp_ir;cr1000xe_backbone,1.1703999999999999,calm,thermal,0,1.0664876699447632
7181,candidate_004,surface_temp_ir;cr1000xe_backbone,1.1703999999999999,calm,thermal,0,1.0585496425628662
7181,candidate_004,surface_temp_ir;cr1000xe_backbone,1.1703999999999999,calm,thermal,0,1.0471218824386597
7181,candidate_004,surface_temp_ir;cr1000xe_backbone,1.1703999999999999,calm,thermal,0,1.0500614643096924
7181,candidate_004,surface_temp_ir;cr1000xe_backbone,1.1703999999999999,calm,thermal,0,1.0325567722320557
7181,candidate_004,surface_temp_ir;cr1000xe_backbone,1.1703999999999999,calm,thermal,0,1.0089976787567139
7181,candidate_004,surface_temp_ir;cr1000xe_backbone,1.1703999999999999,calm,thermal,0,1.0061064958572388
7181,candidate_004,surface_temp_ir;cr1000xe_backbone,1.1703999999999999,calm,thermal,0,1.017537236213684
7181,candidate_004,surface_temp_ir;cr1000xe_backbone,1.1703999999999999,calm,thermal,0,1.0327826738357544
7181,candidate_004,surface_temp_ir;cr1000xe_backbone,1.1703999999999999,calm,thermal,0,1.0527204275131226
7181,candidate_004,surface_temp_ir;cr1000xe_backbone,1.1703999999999999,calm,thermal,0,1.058523178100586
7181,candidate_004,surface_temp_ir;cr1000xe_backbone,1.1703999999999999,calm,thermal,0,1.0789566040039062
7181,candidate_004,surface_temp_ir;cr1000xe_backbone,1.1703999999999999,calm,transport,0,1.088544249534607
7181,candidate_004,surface_temp_ir;cr1000xe_backbone,1.1703999999999999,calm,transport,0,1.0914640426635742
7181,candidate_004,surface_temp_ir;cr1000xe_backbone,1.1703999999999999,calm,transport,0,1.086226463317871
7181,candidate_004,surface_temp_ir;cr1000xe_backbone,1.1703999999999999,calm,transport,0,1.0819003582000732
7181,candidate_004,surface_temp_ir;cr1000xe_backbone,1.1703999999999999,calm,transport,0,1.0660594701766968
7181,candidate_004,surface_temp_ir;cr1000xe_backbone,1.1703999999999999,calm,transport,0,1.053969144821167
7181,candidate_004,surface_temp_ir;cr1000xe_backbone,1.1703999999999999,calm,transport,0,1.048666000366211
7181,candidate_004,surface_temp_ir;cr1000xe_backbone,1.1703999999999999,calm,transport,0,1.0200470685958862
7181,candidate_004,surface_temp_ir;cr1000xe_backbone,1.1703999999999999,calm,transport,0,1.018869161605835
7181,candidate_004,surface_temp_ir;cr1000xe_backbone,1.1703999999999999,calm,transport,0,1.019708275794983
7181,candidate_004,surface_temp_ir;cr1000xe_backbone,1.1703999999999999,calm,transport,0,1.0141901969909668
7181,candidate_004,surface_temp_ir;cr1000xe_backbone,1.1703999999999999,calm,transport,0,1.0169939994812012
7181,candidate_004,surface_temp_ir;cr1000xe_backbone,1.1703999999999999,calm,transport,0,1.0218464136123657
7181,candidate_004,surface_temp_ir;cr1000xe_backbone,1.1703999999999999,calm,transport,0,1.027712106704712
7181,candidate_004,surface_temp_ir;cr1000xe_backbone,1.1703999999999999,calm,transport,0,1.0327147245407104
7181,candidate_004,surface_temp_ir;cr1000xe_backbone,1.1703999999999999,calm,transport,0,1.0321489572525024
7181,candidate_004,surface_temp_ir;cr1000xe_backbone,1.1703999999999999,particle,thermal,1,0.9437281489372253
7181,candidate_004,surface_temp_ir;cr1000xe_backbone,1.1703999999999999,particle,thermal,1,1.075581431388855
7181,candidate_004,surface_temp_ir;cr1000xe_backbone,1.1703999999999999,particle,thermal,1,1.2941161394119263
7181,candidate_004,surface_temp_ir;cr1000xe_backbone,1.1703999999999999,particle,thermal,1,1.5598583221435547
7181,candidate_004,surface_temp_ir;cr1000xe_backbone,1.1703999999999999,particle,thermal,1,1.8923698663711548
7181,candidate_004,surface_temp_ir;cr1000xe_backbone,1.1703999999999999,particle,thermal,1,2.1863021850585938
7181,candidate_004,surface_temp_ir;cr1000xe_backbone,1.1703999999999999,particle,thermal,1,2.4990265369415283
7181,candidate_004,surface_temp_ir;cr1000xe_backbone,1.1703999999999999,particle,thermal,1,2.8232760429382324
7181,candidate_004,surface_temp_ir;cr1000xe_backbone,1.1703999999999999,particle,transport,1,2.7185797691345215
7181,candidate_004,surface_temp_ir;cr1000xe_backbone,1.1703999999999999,particle,transport,1,2.7253806591033936
7181,candidate_004,surface_temp_ir;cr1000xe_backbone,1.1703999999999999,particle,transport,1,2.7131948471069336
7181,candidate_004,surface_temp_ir;cr1000xe_backbone,1.1703999999999999,particle,transport,1,2.730454921722412
7181,candidate_004,surface_temp_ir;cr1000xe_backbone,1.1703999999999999,particle,transport,1,2.7353897094726562
7181,candidate_004,surface_temp_ir;cr1000xe_backbone,1.1703999999999999,particle,transport,1,2.46585750579834
7181,candidate_004,surface_temp_ir;cr1000xe_backbone,1.1703999999999999,particle,transport,1,2.1615774631500244
7181,candidate_004,surface_temp_ir;cr1000xe_backbone,1.1703999999999999,particle,transport,1,1.8559529781341553
7181,candidate_004,surface_temp_ir;cr1000xe_backbone,1.1703999999999999,particle,transport,1,1.5926460027694702
7181,candidate_004,surface_temp_ir;cr1000xe_backbone,1.1703999999999999,particle,transport,1,1.2981953620910645
7181,candidate_004,surface_temp_ir;cr1000xe_backbone,1.1703999999999999,particle,transport,1,0.9621244668960571
7181,candidate_004,surface_temp_ir;cr1000xe_backbone,1.1703999999999999,particle,transport,1,0.6775873303413391
7181,candidate_004,surface_temp_ir;cr1000xe_backbone,1.1703999999999999,particle,transport,1,0.36950308084487915
7181,candidate_004,surface_temp_ir;cr1000xe_backbone,1.1703999999999999,calm,transport,0,0.34946516156196594
7181,candidate_004,surface_temp_ir;cr1000xe_backbone,1.1703999999999999,calm,transport,0,0.3358663320541382
7181,candidate_004,surface_temp_ir;cr1000xe_backbone,1.1703999999999999,calm,transport,0,0.34154024720191956
7181,candidate_004,surface_temp_ir;cr1000xe_backbone,1.1703999999999999,calm,transport,0,0.35191795229911804
7181,candidate_004,surface_temp_ir;cr1000xe_backbone,1.1703999999999999,calm,transport,0,0.33942660689353943
7181,candidate_004,surface_temp_ir;cr1000xe_backbone,1.1703999999999999,calm,transport,0,0.3405143916606903
7181,candidate_004,surface_temp_ir;cr1000xe_backbone,1.1703999999999999,calm,transport,0,0.37669751048088074
7181,candidate_004,surface_temp_ir;cr1000xe_backbone,1.1703999999999999,calm,transport,0,0.4035642147064209
7181,candidate_004,surface_temp_ir;cr1000xe_backbone,1.1703999999999999,calm,transport,0,0.40704500675201416
7181,candidate_004,surface_temp_ir;cr1000xe_backbone,1.1703999999999999,calm,transport,0,0.42095616459846497
7181,candidate_004,surface_temp_ir;cr1000xe_backbone,1.1703999999999999,calm,transport,0,0.43584585189819336
7181,candidate_004,surface_temp_ir;cr1000xe_backbone,1.1703999999999999,calm,transport,0,0.44308894872665405
7181,candidate_004,surface_temp_ir;cr1000xe_backbone,1.1703999999999999,calm,particle,0,0.4462983310222626
7181,candidate_004,surface_temp_ir;cr1000xe_backbone,1.1703999999999999,flux,particle,2,0.4479116201400757
7181,candidate_004,surface_temp_ir;cr1000xe_backbone,1.1703999999999999,flux,particle,2,0.44380834698677063
7181,candidate_004,surface_temp_ir;cr1000xe_backbone,1.1703999999999999,flux,particle,2,0.4539119303226471
7181,candidate_004,surface_temp_ir;cr1000xe_backbone,1.1703999999999999,flux,particle,2,0.44824618101119995
7181,candidate_004,surface_temp_ir;cr1000xe_backbone,1.1703999999999999,flux,particle,2,0.42871102690696716
7181,candidate_004,surface_temp_ir;cr1000xe_backbone,1.1703999999999999,flux,particle,2,0.449321448802948
7181,candidate_004,surface_temp_ir;cr1000xe_backbone,1.1703999999999999,flux,particle,2,0.46269455552101135
7181,candidate_004,surface_temp_ir;cr1000xe_backbone,1.1703999999999999,flux,particle,2,0.491934597492218
7181,candidate_004,surface_temp_ir;cr1000xe_backbone,1.1703999999999999,flux,particle,2,0.5215955972671509
7181,candidate_004,surface_temp_ir;cr1000xe_backbone,1.1703999999999999,flux,particle,2,0.49751797318458557
7181,candidate_004,surface_temp_ir;cr1000xe_backbone,1.1703999999999999,flux,particle,2,0.5231531858444214
7181,candidate_004,surface_temp_ir;cr1000xe_backbone,1.1703999999999999,flux,particle,2,0.5524701476097107
7181,candidate_004,surface_temp_ir;cr1000xe_backbone,1.1703999999999999,flux,particle,2,0.5536200404167175
7181,candidate_004,surface_temp_ir;cr1000xe_backbone,1.1703999999999999,flux,particle,2,0.5546339750289917
7181,candidate_004,surface_temp_ir;cr1000xe_backbone,1.1703999999999999,flux,particle,2,0.5377177596092224
7181,candidate_004,surface_temp_ir;cr1000xe_backbone,1.1703999999999999,flux,particle,2,0.5019489526748657
7181,candidate_004,surface_temp_ir;cr1000xe_backbone,1.1703999999999999,flux,particle,2,0.5443869829177856
7181,candidate_004,surface_temp_ir;cr1000xe_backbone,1.1703999999999999,flux,particle,2,0.5424283742904663
7181,candidate_004,surface_temp_ir;cr1000xe_backbone,1.1703999999999999,flux,particle,2,0.5713784694671631
7181,candidate_004,surface_temp_ir;cr1000xe_backbone,1.1703999999999999,flux,particle,2,0.528306782245636
7181,candidate_004,surface_temp_ir;cr1000xe_backbone,1.1703999999999999,flux,particle,2,0.5872681140899658
7181,candidate_004,surface_temp_ir;cr1000xe_backbone,1.1703999999999999,flux,particle,2,0.5235249400138855
7181,candidate_004,surface_temp_ir;cr1000xe_backbone,1.1703999999999999,flux,thermal,2,0.6450363397598267
7181,candidate_004,surface_temp_ir;cr1000xe_backbone,1.1703999999999999,flux,thermal,2,0.6142084002494812
7181,candidate_004,surface_temp_ir;cr1000xe_backbone,1.1703999999999999,flux,thermal,2,0.7257212400436401
7181,candidate_004,surface_temp_ir;cr1000xe_backbone,1.1703999999999999,flux,thermal,2,0.6997065544128418
7181,candidate_004,surface_temp_ir;cr1000xe_backbone,1.1703999999999999,flux,thermal,2,0.744225025177002
7181,candidate_004,surface_temp_ir;cr1000xe_backbone,1.1703999999999999,flux,thermal,2,0.7758943438529968
7181,candidate_004,surface_temp_ir;cr1000xe_backbone,1.1703999999999999,flux,thermal,2,0.8267478346824646
7181,candidate_004,surface_temp_ir;cr1000xe_backbone,1.1703999999999999,flux,thermal,2,0.7765311598777771
7181,candidate_004,surface_temp_ir;cr1000xe_backbone,1.1703999999999999,flux,thermal,2,0.8093048930168152
7181,candidate_004,surface_temp_ir;cr1000xe_backbone,1.1703999999999999,flux,thermal,2,0.8165960907936096
7181,candidate_004,surface_temp_ir;cr1000xe_backbone,1.1703999999999999,flux,thermal,2,0.8598076701164246
7181,candidate_004,surface_temp_ir;cr1000xe_backbone,1.1703999999999999,flux,thermal,2,0.8368771076202393
7181,candidate_004,surface_temp_ir;cr1000xe_backbone,1.1703999999999999,flux,thermal,2,0.8714074492454529
7181,candidate_004,surface_temp_ir;cr1000xe_backbone,1.1703999999999999,flux,thermal,2,0.9040169715881348
7181,candidate_004,surface_temp_ir;cr1000xe_backbone,1.1703999999999999,flux,thermal,2,0.9021382927894592
7181,candidate_004,surface_temp_ir;cr1000xe_backbone,1.1703999999999999,flux,thermal,2,0.8862785696983337
7181,candidate_004,surface_temp_ir;cr1000xe_backbone,1.1703999999999999,flux,thermal,2,0.9532794952392578
7181,candidate_004,surface_temp_ir;cr1000xe_backbone,1.1703999999999999,flux,thermal,2,0.9563220739364624
7181,candidate_004,surface_temp_ir;cr1000xe_backbone,1.1703999999999999,flux,thermal,2,1.027266502380371
7181,candidate_004,surface_temp_ir;cr1000xe_backbone,1.1703999999999999,flux,thermal,2,1.0734906196594238
7181,candidate_004,surface_temp_ir;cr1000xe_backbone,1.1703999999999999,flux,thermal,2,1.0857467651367188
7181,candidate_004,surface_temp_ir;cr1000xe_backbone,1.1703999999999999,flux,thermal,2,1.0570958852767944
7181,candidate_004,surface_temp_ir;cr1000xe_backbone,1.1703999999999999,flux,thermal,2,1.1130238771438599
7181,candidate_004,surface_temp_ir;cr1000xe_backbone,1.1703999999999999,flux,thermal,2,1.118798851966858
7181,candidate_004,surface_temp_ir;cr1000xe_backbone,1.1703999999999999,flux,thermal,2,1.0173262357711792
7181,candidate_004,surface_temp_ir;cr1000xe_backbone,1.1703999999999999,flux,thermal,2,0.9139819741249084
7181,candidate_004,surface_temp_ir;cr1000xe_backbone,1.1703999999999999,flux,thermal,2,0.8795006275177002
7181,candidate_004,surface_temp_ir;cr1000xe_backbone,1.1703999999999999,flux,thermal,2,0.8870283365249634
7181,candidate_004,surface_temp_ir;cr1000xe_backbone,1.1703999999999999,flux,thermal,2,0.8176142573356628
7181,candidate_004,surface_temp_ir;cr1000xe_backbone,1.1703999999999999,flux,thermal,2,0.7507463693618774
7181,candidate_004,surface_temp_ir;cr1000xe_backbone,1.1703999999999999,flux,thermal,2,0.7223023176193237
7181,candidate_004,surface_temp_ir;cr1000xe_backbone,1.1703999999999999,calm,thermal,0,0.7217073440551758
7181,candidate_004,surface_temp_ir;cr1000xe_backbone,1.1703999999999999,calm,thermal,0,0.6594498157501221
7181,candidate_004,surface_temp_ir;cr1000xe_backbone,1.1703999999999999,calm,thermal,0,0.5802657008171082
7181,candidate_004,surface_temp_ir;cr1000xe_backbone,1.1703999999999999,calm,transport,0,0.5985476970672607
7181,candidate_004,surface_temp_ir;cr1000xe_backbone,1.1703999999999999,calm,transport,0,0.5662733912467957
7181,candidate_004,surface_temp_ir;cr1000xe_backbone,1.1703999999999999,calm,transport,0,0.5743944644927979
7181,candidate_004,surface_temp_ir;cr1000xe_backbone,1.1703999999999999,calm,transport,0,0.5521804094314575
7181,candidate_004,surface_temp_ir;cr1000xe_backbone,1.1703999999999999,calm,transport,0,0.5552510619163513
7181,candidate_004,surface_temp_ir;cr1000xe_backbone,1.1703999999999999,calm,transport,0,0.5101786851882935
7181,candidate_004,surface_temp_ir;cr1000xe_backbone,1.1703999999999999,calm,transport,0,0.5098749995231628
7181,candidate_004,surface_temp_ir;cr1000xe_backbone,1.1703999999999999,calm,transport,0,0.4959348738193512
7181,candidate_004,surface_temp_ir;cr1000xe_backbone,1.1703999999999999,calm,transport,0,0.4813419282436371
7181,candidate_004,surface_temp_ir;cr1000xe_backbone,1.1703999999999999,calm,transport,0,0.4442724287509918
7181,candidate_004,surface_temp_ir;cr1000xe_backbone,1.1703999999999999,calm,transport,0,0.4144258499145508
7181,candidate_004,surface_temp_ir;cr1000xe_backbone,1.1703999999999999,particle,transport,1,0.37903663516044617
7181,candidate_004,surface_temp_ir;cr1000xe_backbone,1.1703999999999999,particle,transport,1,0.36509376764297485
7181,candidate_004,surface_temp_ir;cr1000xe_backbone,1.1703999999999999,particle,transport,1,0.3219923675060272
7181,candidate_004,surface_temp_ir;cr1000xe_backbone,1.1703999999999999,particle,transport,1,0.3028804361820221
7181,candidate_004,surface_temp_ir;cr1000xe_backbone,1.1703999999999999,particle,transport,1,0.257513165473938
7181,candidate_004,surface_temp_ir;cr1000xe_backbone,1.1703999999999999,particle,transport,1,0.22991342842578888
7181,candidate_004,surface_temp_ir;cr1000xe_backbone,1.1703999999999999,particle,transport,1,0.19591805338859558
7181,candidate_004,surface_temp_ir;cr1000xe_backbone,1.1703999999999999,particle,transport,1,0.24035078287124634
7181,candidate_004,surface_temp_ir;cr1000xe_backbone,1.1703999999999999,particle,transport,1,0.2392517775297165
7181,candidate_004,surface_temp_ir;cr1000xe_backbone,1.1703999999999999,particle,transport,1,0.2858585715293884
7181,candidate_004,surface_temp_ir;cr1000xe_backbone,1.1703999999999999,particle,transport,1,0.2942620515823364
7181,candidate_004,surface_temp_ir;cr1000xe_backbone,1.1703999999999999,particle,transport,1,0.31024110317230225
7181,candidate_004,surface_temp_ir;cr1000xe_backbone,1.1703999999999999,particle,transport,1,0.3015497326850891
7181,candidate_004,surface_temp_ir;cr1000xe_backbone,1.1703999999999999,particle,transport,1,0.3193807601928711
7181,candidate_004,surface_temp_ir;cr1000xe_backbone,1.1703999999999999,particle,transport,1,0.3290095627307892
7181,candidate_004,surface_temp_ir;cr1000xe_backbone,1.1703999999999999,particle,particle,1,0.3558782637119293
7181,candidate_004,surface_temp_ir;cr1000xe_backbone,1.1703999999999999,particle,particle,1,0.3726014196872711
7181,candidate_004,surface_temp_ir;cr1000xe_backbone,1.1703999999999999,particle,particle,1,0.35073673725128174
7181,candidate_004,surface_temp_ir;cr1000xe_backbone,1.1703999999999999,particle,particle,1,0.3802277743816376
7181,candidate_004,surface_temp_ir;cr1000xe_backbone,1.1703999999999999,particle,particle,1,0.37431949377059937
7181,candidate_004,surface_temp_ir;cr1000xe_backbone,1.1703999999999999,particle,particle,1,0.39646291732788086
7181,candidate_004,surface_temp_ir;cr1000xe_backbone,1.1703999999999999,particle,particle,1,0.42681238055229187
7181,candidate_004,surface_temp_ir;cr1000xe_backbone,1.1703999999999999,particle,particle,1,0.4106464087963104
7181,candidate_004,surface_temp_ir;cr1000xe_backbone,1.1703999999999999,particle,particle,1,0.4146745502948761
7181,candidate_004,surface_temp_ir;cr1000xe_backbone,1.1703999999999999,particle,particle,1,0.45031070709228516
7181,candidate_004,surface_temp_ir;cr1000xe_backbone,1.1703999999999999,particle,particle,1,0.4081920385360718
7181,candidate_004,surface_temp_ir;cr1000xe_backbone,1.1703999999999999,calm,particle,0,0.4653591513633728
7181,candidate_004,surface_temp_ir;cr1000xe_backbone,1.1703999999999999,calm,particle,0,0.4753880500793457
7181,candidate_004,surface_temp_ir;cr1000xe_backbone,1.1703999999999999,calm,particle,0,0.4648594856262207
7181,candidate_004,surface_temp_ir;cr1000xe_backbone,1.1703999999999999,calm,particle,0,0.4765278100967407
7181,candidate_004,surface_temp_ir;cr1000xe_backbone,1.1703999999999999,calm,particle,0,0.5092432498931885
7181,candidate_004,surface_temp_ir;cr1000xe_backbone,1.1703999999999999,calm,particle,0,0.4996338486671448
7181,candidate_004,surface_temp_ir;cr1000xe_backbone,1.1703999999999999,calm,particle,0,0.5567595958709717
7181,candidate_004,surface_temp_ir;cr1000xe_backbone,1.1703999999999999,calm,particle,0,0.5778356194496155
7181,candidate_004,surface_temp_ir;cr1000xe_backbone,1.1703999999999999,calm,thermal,0,0.608133852481842
7181,candidate_004,surface_temp_ir;cr1000xe_backbone,1.1703999999999999,calm,thermal,0,0.5950775742530823
7181,candidate_004,surface_temp_ir;cr1000xe_backbone,1.1703999999999999,calm,thermal,0,0.63228440284729
7181,candidate_004,surface_temp_ir;cr1000xe_backbone,1.1703999999999999,calm,thermal,0,0.655475914478302
7181,candidate_004,surface_temp_ir;cr1000xe_backbone,1.1703999999999999,calm,thermal,0,0.6680096387863159
7181,candidate_004,surface_temp_ir;cr1000xe_backbone,1.1703999999999999,flux,thermal,2,0.6279458999633789
7181,candidate_004,surface_temp_ir;cr1000xe_backbone,1.1703999999999999,flux,thermal,2,0.5955894589424133
7181,candidate_004,surface_temp_ir;cr1000xe_backbone,1.1703999999999999,flux,thermal,2,0.5777553915977478
7181,candidate_004,surface_temp_ir;cr1000xe_backbone,1.1703999999999999,flux,thermal,2,0.6297743916511536
7181,candidate_004,surface_temp_ir;cr1000xe_backbone,1.1703999999999999,flux,thermal,2,0.634625256061554
7181,candidate_004,surface_temp_ir;cr1000xe_backbone,1.1703999999999999,flux,thermal,2,0.6050093173980713
7181,candidate_004,surface_temp_ir;cr1000xe_backbone,1.1703999999999999,flux,thermal,2,0.5829913020133972
7181,candidate_004,surface_temp_ir;cr1000xe_backbone,1.1703999999999999,flux,thermal,2,0.5929083228111267
7181,candidate_004,surface_temp_ir;cr1000xe_backbone,1.1703999999999999,flux,thermal,2,0.5739145874977112
7181,candidate_004,surface_temp_ir;cr1000xe_backbone,1.1703999999999999,flux,thermal,2,0.6018418669700623
7181,candidate_004,surface_temp_ir;cr1000xe_backbone,1.1703999999999999,flux,thermal,2,0.5609630346298218
7181,candidate_004,surface_temp_ir;cr1000xe_backbone,1.1703999999999999,flux,thermal,2,0.5783830285072327
7181,candidate_004,surface_temp_ir;cr1000xe_backbone,1.1703999999999999,flux,thermal,2,0.571831226348877
7181,candidate_004,surface_temp_ir;cr1000xe_backbone,1.1703999999999999,flux,thermal,2,0.5928491950035095
7181,candidate_004,surface_temp_ir;cr1000xe_backbone,1.1703999999999999,flux,thermal,2,0.5855880379676819
7181,candidate_004,surface_temp_ir;cr1000xe_backbone,1.1703999999999999,flux,thermal,2,0.5586824417114258
7181,candidate_004,surface_temp_ir;cr1000xe_backbone,1.1703999999999999,flux,thermal,2,0.5556368827819824
7181,candidate_004,surface_temp_ir;cr1000xe_backbone,1.1703999999999999,flux,thermal,2,0.5152694582939148
7181,candidate_004,surface_temp_ir;cr1000xe_backbone,1.1703999999999999,flux,thermal,2,0.5345320701599121
7181,candidate_004,surface_temp_ir;cr1000xe_backbone,1.1703999999999999,flux,thermal,2,0.505337119102478
7181,candidate_004,surface_temp_ir;cr1000xe_backbone,1.1703999999999999,flux,thermal,2,0.786189079284668
7181,candidate_004,surface_temp_ir;cr1000xe_backbone,1.1703999999999999,flux,thermal,2,1.0725860595703125
7181,candidate_004,surface_temp_ir;cr1000xe_backbone,1.1703999999999999,flux,thermal,2,1.357089638710022
7181,candidate_004,surface_temp_ir;cr1000xe_backbone,1.1703999999999999,flux,thermal,2,1.647899866104126
7181,candidate_004,surface_temp_ir;cr1000xe_backbone,1.1703999999999999,flux,thermal,2,1.917380928993225
7181,candidate_004,surface_temp_ir;cr1000xe_backbone,1.1703999999999999,flux,thermal,2,2.254472017288208
7181,candidate_004,surface_temp_ir;cr1000xe_backbone,1.1703999999999999,flux,thermal,2,2.589698314666748
7181,candidate_004,surface_temp_ir;cr1000xe_backbone,1.1703999999999999,flux,thermal,2,2.9262959957122803
7181,candidate_004,surface_temp_ir;cr1000xe_backbone,1.1703999999999999,flux,transport,2,2.816288948059082
7181,candidate_004,surface_temp_ir;cr1000xe_backbone,1.1703999999999999,flux,transport,2,2.816704511642456
7181,candidate_004,surface_temp_ir;cr1000xe_backbone,1.1703999999999999,flux,transport,2,2.8206374645233154
7181,candidate_004,surface_temp_ir;cr1000xe_backbone,1.1703999999999999,flux,transport,2,2.82322096824646
7181,candidate_004,surface_temp_ir;cr1000xe_backbone,1.1703999999999999,flux,transport,2,2.8361709117889404
7181,candidate_004,surface_temp_ir;cr1000xe_backbone,1.1703999999999999,flux,transport,2,2.8242359161376953
7181,candidate_004,surface_temp_ir;cr1000xe_backbone,1.1703999999999999,flux,transport,2,2.8279478549957275
7181,candidate_004,surface_temp_ir;cr1000xe_backbone,1.1703999999999999,flux,transport,2,2.8342833518981934
7181,candidate_004,surface_temp_ir;cr1000xe_backbone,1.1703999999999999,flux,transport,2,2.838604211807251
7181,candidate_004,surface_temp_ir;cr1000xe_backbone,1.1703999999999999,flux,transport,2,2.8593027591705322
7181,candidate_004,surface_temp_ir;cr1000xe_backbone,1.1703999999999999,flux,transport,2,2.858001947402954
7181,candidate_004,surface_temp_ir;cr1000xe_backbone,1.1703999999999999,flux,transport,2,2.9079957008361816
7181,candidate_004,surface_temp_ir;cr1000xe_backbone,1.1703999999999999,flux,transport,2,2.8908746242523193
7181,candidate_004,surface_temp_ir;cr1000xe_backbone,1.1703999999999999,flux,transport,2,2.884188175201416
7181,candidate_004,surface_temp_ir;cr1000xe_backbone,1.1703999999999999,flux,transport,2,2.907500743865967
7181,candidate_004,surface_temp_ir;cr1000xe_backbone,1.1703999999999999,flux,transport,2,2.9295289516448975
7181,candidate_004,surface_temp_ir;cr1000xe_backbone,1.1703999999999999,flux,transport,2,2.9290432929992676
7181,candidate_004,surface_temp_ir;cr1000xe_backbone,1.1703999999999999,flux,transport,2,2.90458345413208
7181,candidate_004,surface_temp_ir;cr1000xe_backbone,1.1703999999999999,flux,transport,2,2.9095957279205322
7181,candidate_004,surface_temp_ir;cr1000xe_backbone,1.1703999999999999,flux,transport,2,2.92044734954834
7181,candidate_004,surface_temp_ir;cr1000xe_backbone,1.1703999999999999,flux,transport,2,2.711036205291748
7181,candidate_004,surface_temp_ir;cr1000xe_backbone,1.1703999999999999,flux,transport,2,2.467707633972168
7181,candidate_004,surface_temp_ir;cr1000xe_backbone,1.1703999999999999,flux,transport,2,2.202378034591675
7181,candidate_004,surface_temp_ir;cr1000xe_backbone,1.1703999999999999,flux,transport,2,1.9280129671096802
7181,candidate_004,surface_temp_ir;cr1000xe_backbone,1.1703999999999999,flux,transport,2,1.6628562211990356
7181,candidate_004,surface_temp_ir;cr1000xe_backbone,1.1703999999999999,flux,transport,2,1.3949429988861084
7181,candidate_004,surface_temp_ir;cr1000xe_backbone,1.1703999999999999,flux,transport,2,1.0929393768310547
7181,candidate_004,surface_temp_ir;cr1000xe_backbone,1.1703999999999999,flux,transport,2,0.7616336941719055
7181,candidate_004,surface_temp_ir;cr1000xe_backbone,1.1703999999999999,flux,particle,2,0.7707433700561523
7181,candidate_004,surface_temp_ir;cr1000xe_backbone,1.1703999999999999,flux,particle,2,0.7847331166267395
7181,candidate_004,surface_temp_ir;cr1000xe_backbone,1.1703999999999999,calm,particle,0,0.7827601432800293
7181,candidate_004,surface_temp_ir;cr1000xe_backbone,1.1703999999999999,calm,particle,0,0.7606666684150696
7181,candidate_004,surface_temp_ir;cr1000xe_backbone,1.1703999999999999,calm,particle,0,0.7495391368865967
7181,candidate_004,surface_temp_ir;cr1000xe_backbone,1.1703999999999999,calm,particle,0,0.7416654825210571
7181,candidate_004,surface_temp_ir;cr1000xe_backbone,1.1703999999999999,calm,particle,0,0.7585151791572571
7181,candidate_004,surface_temp_ir;cr1000xe_backbone,1.1703999999999999,calm,particle,0,0.7950258255004883
7181,candidate_004,surface_temp_ir;cr1000xe_backbone,1.1703999999999999,calm,particle,0,0.7956057190895081
7181,candidate_004,surface_temp_ir;cr1000xe_backbone,1.1703999999999999,calm,particle,0,0.7866601347923279
7181,candidate_004,surface_temp_ir;cr1000xe_backbone,1.1703999999999999,calm,particle,0,0.785625159740448
7181,candidate_004,surface_temp_ir;cr1000xe_backbone,1.1703999999999999,calm,particle,0,0.7884591817855835
7181,candidate_004,surface_temp_ir;cr1000xe_backbone,1.1703999999999999,calm,particle,0,0.7871277332305908
7181,candidate_004,surface_temp_ir;cr1000xe_backbone,1.1703999999999999,calm,particle,0,0.7391054630279541
7181,candidate_004,surface_temp_ir;cr1000xe_backbone,1.1703999999999999,flux,particle,2,0.742316722869873
7181,candidate_004,surface_temp_ir;cr1000xe_backbone,1.1703999999999999,flux,particle,2,0.732848584651947
7181,candidate_004,surface_temp_ir;cr1000xe_backbone,1.1703999999999999,flux,particle,2,0.7312726378440857
7181,candidate_004,surface_temp_ir;cr1000xe_backbone,1.1703999999999999,flux,particle,2,0.7520507574081421
7181,candidate_004,surface_temp_ir;cr1000xe_backbone,1.1703999999999999,flux,thermal,2,0.762416660785675
7181,candidate_004,surface_temp_ir;cr1000xe_backbone,1.1703999999999999,flux,thermal,2,0.7331497669219971
7181,candidate_004,surface_temp_ir;cr1000xe_backbone,1.1703999999999999,flux,thermal,2,0.7360568642616272
7181,candidate_004,surface_temp_ir;cr1000xe_backbone,1.1703999999999999,flux,thermal,2,0.7070214152336121
7181,candidate_004,surface_temp_ir;cr1000xe_backbone,1.1703999999999999,flux,thermal,2,0.7197020649909973
7181,candidate_004,surface_temp_ir;cr1000xe_backbone,1.1703999999999999,flux,thermal,2,0.7249518632888794
7181,candidate_004,surface_temp_ir;cr1000xe_backbone,1.1703999999999999,flux,thermal,2,0.705237627029419
7181,candidate_004,surface_temp_ir;cr1000xe_backbone,1.1703999999999999,flux,thermal,2,0.7168803215026855
7181,candidate_004,surface_temp_ir;cr1000xe_backbone,1.1703999999999999,flux,thermal,2,0.7097097039222717
7181,candidate_004,surface_temp_ir;cr1000xe_backbone,1.1703999999999999,flux,thermal,2,0.6957558989524841
7181,candidate_004,surface_temp_ir;cr1000xe_backbone,1.1703999999999999,flux,thermal,2,0.6922100782394409
7181,candidate_004,surface_temp_ir;cr1000xe_backbone,1.1703999999999999,flux,thermal,2,0.6278997659683228
7181,candidate_004,surface_temp_ir;cr1000xe_backbone,1.1703999999999999,flux,thermal,2,0.6209590435028076
7181,candidate_004,surface_temp_ir;cr1000xe_backbone,1.1703999999999999,flux,thermal,2,0.6026754379272461
7181,candidate_004,surface_temp_ir;cr1000xe_backbone,1.1703999999999999,flux,thermal,2,0.6512706875801086
7181,candidate_004,surface_temp_ir;cr1000xe_backbone,1.1703999999999999,flux,thermal,2,0.6387510895729065
7181,candidate_004,surface_temp_ir;cr1000xe_backbone,1.1703999999999999,flux,thermal,2,0.6177158951759338
7181,candidate_004,surface_temp_ir;cr1000xe_backbone,1.1703999999999999,flux,thermal,2,0.5806413292884827
7181,candidate_004,surface_temp_ir;cr1000xe_backbone,1.1703999999999999,flux,thermal,2,0.6089658141136169
7181,candidate_004,surface_temp_ir;cr1000xe_backbone,1.1703999999999999,flux,thermal,2,0.5939151048660278
7181,candidate_004,surface_temp_ir;cr1000xe_backbone,1.1703999999999999,flux,thermal,2,0.5566643476486206
7181,candidate_004,surface_temp_ir;cr1000xe_backbone,1.1703999999999999,flux,thermal,2,0.5183083415031433
7181,candidate_004,surface_temp_ir;cr1000xe_backbone,1.1703999999999999,flux,thermal,2,0.6192302703857422
7181,candidate_004,surface_temp_ir;cr1000xe_backbone,1.1703999999999999,flux,thermal,2,0.6372227668762207
7181,candidate_004,surface_temp_ir;cr1000xe_backbone,1.1703999999999999,flux,thermal,2,0.874622642993927
7181,candidate_004,surface_temp_ir;cr1000xe_backbone,1.1703999999999999,flux,thermal,2,1.1535629034042358
7181,candidate_004,surface_temp_ir;cr1000xe_backbone,1.1703999999999999,flux,thermal,2,1.1650077104568481
7181,candidate_004,surface_temp_ir;cr1000xe_backbone,1.1703999999999999,flux,thermal,2,1.1584417819976807
7181,candidate_004,surface_temp_ir;cr1000xe_backbone,1.1703999999999999,flux,thermal,2,1.2060883045196533
7181,candidate_004,surface_temp_ir;cr1000xe_backbone,1.1703999999999999,flux,thermal,2,1.2517889738082886
7181,candidate_004,surface_temp_ir;cr1000xe_backbone,1.1703999999999999,flux,thermal,2,1.2153819799423218
7181,candidate_004,surface_temp_ir;cr1000xe_backbone,1.1703999999999999,flux,thermal,2,1.2712531089782715
7181,candidate_004,surface_temp_ir;cr1000xe_backbone,1.1703999999999999,flux,transport,2,0.855459988117218
7181,candidate_004,surface_temp_ir;cr1000xe_backbone,1.1703999999999999,flux,transport,2,0.599023699760437
7181,candidate_004,surface_temp_ir;cr1000xe_backbone,1.1703999999999999,calm,transport,0,0.6891993880271912
7181,candidate_004,surface_temp_ir;cr1000xe_backbone,1.1703999999999999,calm,transport,0,0.6709864139556885
7181,candidate_004,surface_temp_ir;cr1000xe_backbone,1.1703999999999999,calm,transport,0,0.6583759188652039
7181,candidate_004,surface_temp_ir;cr1000xe_backbone,1.1703999999999999,calm,transport,0,0.6036773324012756
7181,candidate_004,surface_temp_ir;cr1000xe_backbone,1.1703999999999999,calm,transport,0,0.6341030597686768
7181,candidate_004,surface_temp_ir;cr1000xe_backbone,1.1703999999999999,calm,transport,0,0.5978448390960693
7181,candidate_004,surface_temp_ir;cr1000xe_backbone,1.1703999999999999,calm,transport,0,0.9189808964729309
7181,candidate_004,surface_temp_ir;cr1000xe_backbone,1.1703999999999999,calm,transport,0,1.1618947982788086
7181,candidate_005,met_station_core;surface_temp_ir;cr1000xe_backbone,1.8904,calm,transport,0,0.49940502643585205
7181,candidate_005,met_station_core;surface_temp_ir;cr1000xe_backbone,1.8904,calm,transport,0,0.470986008644104
7181,candidate_005,met_station_core;surface_temp_ir;cr1000xe_backbone,1.8904,calm,transport,0,0.45015302300453186
7181,candidate_005,met_station_core;surface_temp_ir;cr1000xe_backbone,1.8904,calm,transport,0,0.6082506775856018
7181,candidate_005,met_station_core;surface_temp_ir;cr1000xe_backbone,1.8904,calm,transport,0,0.5774970054626465
7181,candidate_005,met_station_core;surface_temp_ir;cr1000xe_backbone,1.8904,calm,transport,0,0.7722082734107971
7181,candidate_005,met_station_core;surface_temp_ir;cr1000xe_backbone,1.8904,calm,transport,0,0.7184361219406128
7181,candidate_005,met_station_core;surface_temp_ir;cr1000xe_backbone,1.8904,calm,transport,0,0.7351548671722412
7181,candidate_005,met_station_core;surface_temp_ir;cr1000xe_backbone,1.8904,calm,transport,0,0.5724635720252991
7181,candidate_005,met_station_core;surface_temp_ir;cr1000xe_backbone,1.8904,calm,transport,0,0.5696360468864441
7181,candidate_005,met_station_core;surface_temp_ir;cr1000xe_backbone,1.8904,calm,transport,0,0.5486711263656616
7181,candidate_005,met_station_core;surface_temp_ir;cr1000xe_backbone,1.8904,calm,transport,0,0.5119279026985168
7181,candidate_005,met_station_core;surface_temp_ir;cr1000xe_backbone,1.8904,calm,transport,0,0.45266637206077576
7181,candidate_005,met_station_core;surface_temp_ir;cr1000xe_backbone,1.8904,calm,transport,0,0.43417617678642273
7181,candidate_005,met_station_core;surface_temp_ir;cr1000xe_backbone,1.8904,calm,transport,0,0.46093958616256714
7181,candidate_005,met_station_core;surface_temp_ir;cr1000xe_backbone,1.8904,calm,transport,0,0.4892300069332123
7181,candidate_005,met_station_core;surface_temp_ir;cr1000xe_backbone,1.8904,calm,transport,0,0.5479159951210022
7181,candidate_005,met_station_core;surface_temp_ir;cr1000xe_backbone,1.8904,calm,transport,0,0.4522712826728821
7181,candidate_005,met_station_core;surface_temp_ir;cr1000xe_backbone,1.8904,calm,transport,0,0.5395563840866089
7181,candidate_005,met_station_core;surface_temp_ir;cr1000xe_backbone,1.8904,calm,transport,0,0.5078197717666626
7181,candidate_005,met_station_core;surface_temp_ir;cr1000xe_backbone,1.8904,calm,transport,0,0.5166483521461487
7181,candidate_005,met_station_core;surface_temp_ir;cr1000xe_backbone,1.8904,calm,transport,0,0.5675716400146484
7181,candidate_005,met_station_core;surface_temp_ir;cr1000xe_backbone,1.8904,calm,particle,0,0.6708759069442749
7181,candidate_005,met_station_core;surface_temp_ir;cr1000xe_backbone,1.8904,calm,particle,0,0.7029411792755127
7181,candidate_005,met_station_core;surface_temp_ir;cr1000xe_backbone,1.8904,calm,particle,0,0.7417072057723999
7181,candidate_005,met_station_core;surface_temp_ir;cr1000xe_backbone,1.8904,calm,particle,0,0.7459262609481812
7181,candidate_005,met_station_core;surface_temp_ir;cr1000xe_backbone,1.8904,calm,particle,0,0.7849978804588318
7181,candidate_005,met_station_core;surface_temp_ir;cr1000xe_backbone,1.8904,calm,particle,0,0.6501062512397766
7181,candidate_005,met_station_core;surface_temp_ir;cr1000xe_backbone,1.8904,calm,particle,0,0.6198538541793823
7181,candidate_005,met_station_core;surface_temp_ir;cr1000xe_backbone,1.8904,calm,particle,0,0.6149567365646362
7181,candidate_005,met_station_core;surface_temp_ir;cr1000xe_backbone,1.8904,calm,particle,0,0.6230010986328125
7181,candidate_005,met_station_core;surface_temp_ir;cr1000xe_backbone,1.8904,calm,particle,0,0.5931385159492493
7181,candidate_005,met_station_core;surface_temp_ir;cr1000xe_backbone,1.8904,calm,particle,0,0.5747705101966858
7181,candidate_005,met_station_core;surface_temp_ir;cr1000xe_backbone,1.8904,calm,particle,0,0.561240553855896
7181,candidate_005,met_station_core;surface_temp_ir;cr1000xe_backbone,1.8904,calm,particle,0,0.49912673234939575
7181,candidate_005,met_station_core;surface_temp_ir;cr1000xe_backbone,1.8904,calm,particle,0,0.47691869735717773
7181,candidate_005,met_station_core;surface_temp_ir;cr1000xe_backbone,1.8904,calm,particle,0,0.4748046100139618
7181,candidate_005,met_station_core;surface_temp_ir;cr1000xe_backbone,1.8904,calm,particle,0,0.4744289815425873
7181,candidate_005,met_station_core;surface_temp_ir;cr1000xe_backbone,1.8904,calm,particle,0,0.5194336771965027
7181,candidate_005,met_station_core;surface_temp_ir;cr1000xe_backbone,1.8904,calm,particle,0,0.550261378288269
7181,candidate_005,met_station_core;surface_temp_ir;cr1000xe_backbone,1.8904,calm,particle,0,0.5671334862709045
7181,candidate_005,met_station_core;surface_temp_ir;cr1000xe_backbone,1.8904,calm,particle,0,0.585536003112793
7181,candidate_005,met_station_core;surface_temp_ir;cr1000xe_backbone,1.8904,calm,particle,0,0.5987816452980042
7181,candidate_005,met_station_core;surface_temp_ir;cr1000xe_backbone,1.8904,calm,particle,0,0.5981938242912292
7181,candidate_005,met_station_core;surface_temp_ir;cr1000xe_backbone,1.8904,calm,thermal,0,0.6473713517189026
7181,candidate_005,met_station_core;surface_temp_ir;cr1000xe_backbone,1.8904,calm,thermal,0,0.668195903301239
7181,candidate_005,met_station_core;surface_temp_ir;cr1000xe_backbone,1.8904,calm,thermal,0,0.7277686595916748
7181,candidate_005,met_station_core;surface_temp_ir;cr1000xe_backbone,1.8904,calm,thermal,0,0.7543269991874695
7181,candidate_005,met_station_core;surface_temp_ir;cr1000xe_backbone,1.8904,calm,thermal,0,0.6868963837623596
7181,candidate_005,met_station_core;surface_temp_ir;cr1000xe_backbone,1.8904,calm,thermal,0,0.6748450994491577
7181,candidate_005,met_station_core;surface_temp_ir;cr1000xe_backbone,1.8904,calm,thermal,0,0.6391639113426208
7181,candidate_005,met_station_core;surface_temp_ir;cr1000xe_backbone,1.8904,calm,thermal,0,0.6636531949043274
7181,candidate_005,met_station_core;surface_temp_ir;cr1000xe_backbone,1.8904,calm,thermal,0,0.6758337616920471
7181,candidate_005,met_station_core;surface_temp_ir;cr1000xe_backbone,1.8904,calm,thermal,0,0.6685152649879456
7181,candidate_005,met_station_core;surface_temp_ir;cr1000xe_backbone,1.8904,calm,thermal,0,0.8097718358039856
7181,candidate_005,met_station_core;surface_temp_ir;cr1000xe_backbone,1.8904,calm,thermal,0,0.9750210642814636
7181,candidate_005,met_station_core;surface_temp_ir;cr1000xe_backbone,1.8904,calm,thermal,0,0.7518209218978882
7181,candidate_005,met_station_core;surface_temp_ir;cr1000xe_backbone,1.8904,calm,thermal,0,0.6560293436050415
7181,candidate_005,met_station_core;surface_temp_ir;cr1000xe_backbone,1.8904,calm,thermal,0,0.6467790007591248
7181,candidate_005,met_station_core;surface_temp_ir;cr1000xe_backbone,1.8904,calm,thermal,0,0.6083335876464844
7181,candidate_005,met_station_core;surface_temp_ir;cr1000xe_backbone,1.8904,calm,thermal,0,0.8465911746025085
7181,candidate_005,met_station_core;surface_temp_ir;cr1000xe_backbone,1.8904,calm,thermal,0,0.7679833173751831
7181,candidate_005,met_station_core;surface_temp_ir;cr1000xe_backbone,1.8904,calm,thermal,0,0.6974166631698608
7181,candidate_005,met_station_core;surface_temp_ir;cr1000xe_backbone,1.8904,calm,thermal,0,0.6818963289260864
7181,candidate_005,met_station_core;surface_temp_ir;cr1000xe_backbone,1.8904,calm,thermal,0,0.6033724546432495
7181,candidate_005,met_station_core;surface_temp_ir;cr1000xe_backbone,1.8904,calm,thermal,0,0.6297009587287903
7181,candidate_005,met_station_core;surface_temp_ir;cr1000xe_backbone,1.8904,calm,thermal,0,0.5410440564155579
7181,candidate_005,met_station_core;surface_temp_ir;cr1000xe_backbone,1.8904,calm,thermal,0,0.5927188396453857
7181,candidate_005,met_station_core;surface_temp_ir;cr1000xe_backbone,1.8904,calm,thermal,0,0.6235408782958984
7181,candidate_005,met_station_core;surface_temp_ir;cr1000xe_backbone,1.8904,calm,thermal,0,0.7361501455307007
7181,candidate_005,met_station_core;surface_temp_ir;cr1000xe_backbone,1.8904,calm,thermal,0,0.7325345873832703
7181,candidate_005,met_station_core;surface_temp_ir;cr1000xe_backbone,1.8904,calm,transport,0,0.8936690092086792
7181,candidate_005,met_station_core;surface_temp_ir;cr1000xe_backbone,1.8904,calm,transport,0,0.8955337405204773
7181,candidate_005,met_station_core;surface_temp_ir;cr1000xe_backbone,1.8904,calm,transport,0,1.0748646259307861
7181,candidate_005,met_station_core;surface_temp_ir;cr1000xe_backbone,1.8904,calm,transport,0,1.2581300735473633
7181,candidate_005,met_station_core;surface_temp_ir;cr1000xe_backbone,1.8904,calm,transport,0,1.0239450931549072
7181,candidate_005,met_station_core;surface_temp_ir;cr1000xe_backbone,1.8904,calm,transport,0,1.18038010597229
7181,candidate_005,met_station_core;surface_temp_ir;cr1000xe_backbone,1.8904,calm,transport,0,1.0068217515945435
7181,candidate_005,met_station_core;surface_temp_ir;cr1000xe_backbone,1.8904,calm,transport,0,0.6897490620613098
7181,candidate_005,met_station_core;surface_temp_ir;cr1000xe_backbone,1.8904,calm,transport,0,0.6645882725715637
7181,candidate_005,met_station_core;surface_temp_ir;cr1000xe_backbone,1.8904,calm,transport,0,0.5975705981254578
7181,candidate_005,met_station_core;surface_temp_ir;cr1000xe_backbone,1.8904,calm,transport,0,0.556898832321167
7181,candidate_005,met_station_core;surface_temp_ir;cr1000xe_backbone,1.8904,calm,transport,0,0.5911235809326172
7181,candidate_005,met_station_core;surface_temp_ir;cr1000xe_backbone,1.8904,calm,transport,0,0.5805513858795166
7181,candidate_005,met_station_core;surface_temp_ir;cr1000xe_backbone,1.8904,calm,transport,0,0.5650094151496887
7181,candidate_005,met_station_core;surface_temp_ir;cr1000xe_backbone,1.8904,calm,transport,0,0.5948730111122131
7181,candidate_005,met_station_core;surface_temp_ir;cr1000xe_backbone,1.8904,calm,transport,0,0.6785983443260193
7181,candidate_005,met_station_core;surface_temp_ir;cr1000xe_backbone,1.8904,calm,transport,0,0.6582139730453491
7181,candidate_005,met_station_core;surface_temp_ir;cr1000xe_backbone,1.8904,calm,transport,0,0.7323698997497559
7181,candidate_005,met_station_core;surface_temp_ir;cr1000xe_backbone,1.8904,calm,transport,0,0.6843733191490173
7181,candidate_005,met_station_core;surface_temp_ir;cr1000xe_backbone,1.8904,calm,transport,0,0.6568050384521484
7181,candidate_005,met_station_core;surface_temp_ir;cr1000xe_backbone,1.8904,calm,transport,0,0.7056108713150024
7181,candidate_005,met_station_core;surface_temp_ir;cr1000xe_backbone,1.8904,calm,transport,0,0.6891352534294128
7181,candidate_005,met_station_core;surface_temp_ir;cr1000xe_backbone,1.8904,calm,transport,0,0.6748643517494202
7181,candidate_005,met_station_core;surface_temp_ir;cr1000xe_backbone,1.8904,calm,transport,0,0.7152692079544067
7181,candidate_005,met_station_core;surface_temp_ir;cr1000xe_backbone,1.8904,calm,transport,0,0.7427688241004944
7181,candidate_005,met_station_core;surface_temp_ir;cr1000xe_backbone,1.8904,calm,transport,0,0.7145398259162903
7181,candidate_005,met_station_core;surface_temp_ir;cr1000xe_backbone,1.8904,calm,transport,0,0.743079662322998
7181,candidate_005,met_station_core;surface_temp_ir;cr1000xe_backbone,1.8904,calm,transport,0,0.77894127368927
7181,candidate_005,met_station_core;surface_temp_ir;cr1000xe_backbone,1.8904,calm,particle,0,0.7278719544410706
7181,candidate_005,met_station_core;surface_temp_ir;cr1000xe_backbone,1.8904,calm,particle,0,0.7251999974250793
7181,candidate_005,met_station_core;surface_temp_ir;cr1000xe_backbone,1.8904,calm,particle,0,0.6547465324401855
7181,candidate_005,met_station_core;surface_temp_ir;cr1000xe_backbone,1.8904,calm,particle,0,0.6082198023796082
7181,candidate_005,met_station_core;surface_temp_ir;cr1000xe_backbone,1.8904,calm,particle,0,0.545829176902771
7181,candidate_005,met_station_core;surface_temp_ir;cr1000xe_backbone,1.8904,calm,particle,0,0.46411970257759094
7181,candidate_005,met_station_core;surface_temp_ir;cr1000xe_backbone,1.8904,calm,particle,0,0.4540691673755646
7181,candidate_005,met_station_core;surface_temp_ir;cr1000xe_backbone,1.8904,calm,particle,0,0.44722458720207214
7181,candidate_005,met_station_core;surface_temp_ir;cr1000xe_backbone,1.8904,calm,particle,0,0.4607897698879242
7181,candidate_005,met_station_core;surface_temp_ir;cr1000xe_backbone,1.8904,calm,particle,0,0.4211132228374481
7181,candidate_005,met_station_core;surface_temp_ir;cr1000xe_backbone,1.8904,calm,particle,0,0.40105482935905457
7181,candidate_005,met_station_core;surface_temp_ir;cr1000xe_backbone,1.8904,calm,particle,0,0.38436633348464966
7181,candidate_005,met_station_core;surface_temp_ir;cr1000xe_backbone,1.8904,calm,particle,0,0.36159953474998474
7181,candidate_005,met_station_core;surface_temp_ir;cr1000xe_backbone,1.8904,calm,particle,0,0.38932016491889954
7181,candidate_005,met_station_core;surface_temp_ir;cr1000xe_backbone,1.8904,calm,particle,0,0.42444807291030884
7181,candidate_005,met_station_core;surface_temp_ir;cr1000xe_backbone,1.8904,calm,particle,0,0.4529074728488922
7181,candidate_005,met_station_core;surface_temp_ir;cr1000xe_backbone,1.8904,calm,particle,0,0.46723121404647827
7181,candidate_005,met_station_core;surface_temp_ir;cr1000xe_backbone,1.8904,calm,particle,0,0.49329283833503723
7181,candidate_005,met_station_core;surface_temp_ir;cr1000xe_backbone,1.8904,calm,particle,0,0.5376343727111816
7181,candidate_005,met_station_core;surface_temp_ir;cr1000xe_backbone,1.8904,calm,particle,0,0.5726887583732605
7181,candidate_005,met_station_core;surface_temp_ir;cr1000xe_backbone,1.8904,calm,particle,0,0.5714428424835205
7181,candidate_005,met_station_core;surface_temp_ir;cr1000xe_backbone,1.8904,calm,particle,0,0.6058096289634705
7181,candidate_005,met_station_core;surface_temp_ir;cr1000xe_backbone,1.8904,calm,particle,0,0.6310391426086426
7181,candidate_005,met_station_core;surface_temp_ir;cr1000xe_backbone,1.8904,calm,particle,0,0.6752818822860718
7181,candidate_005,met_station_core;surface_temp_ir;cr1000xe_backbone,1.8904,calm,particle,0,0.6565659642219543
7181,candidate_005,met_station_core;surface_temp_ir;cr1000xe_backbone,1.8904,calm,particle,0,0.6330683827400208
7181,candidate_005,met_station_core;surface_temp_ir;cr1000xe_backbone,1.8904,calm,particle,0,0.6396177411079407
7181,candidate_005,met_station_core;surface_temp_ir;cr1000xe_backbone,1.8904,calm,particle,0,0.5727003216743469
7181,candidate_005,met_station_core;surface_temp_ir;cr1000xe_backbone,1.8904,calm,particle,0,0.5747036933898926
7181,candidate_005,met_station_core;surface_temp_ir;cr1000xe_backbone,1.8904,calm,particle,0,0.5663513541221619
7181,candidate_005,met_station_core;surface_temp_ir;cr1000xe_backbone,1.8904,calm,particle,0,0.5504652261734009
7181,candidate_005,met_station_core;surface_temp_ir;cr1000xe_backbone,1.8904,calm,thermal,0,0.5064947009086609
7181,candidate_005,met_station_core;surface_temp_ir;cr1000xe_backbone,1.8904,calm,thermal,0,0.4379172623157501
7181,candidate_005,met_station_core;surface_temp_ir;cr1000xe_backbone,1.8904,calm,thermal,0,0.4791228473186493
7181,candidate_005,met_station_core;surface_temp_ir;cr1000xe_backbone,1.8904,calm,thermal,0,0.4980534315109253
7181,candidate_005,met_station_core;surface_temp_ir;cr1000xe_backbone,1.8904,calm,thermal,0,0.5060279369354248
7181,candidate_005,met_station_core;surface_temp_ir;cr1000xe_backbone,1.8904,calm,thermal,0,0.47146183252334595
7181,candidate_005,met_station_core;surface_temp_ir;cr1000xe_backbone,1.8904,calm,thermal,0,0.5076524019241333
7181,candidate_005,met_station_core;surface_temp_ir;cr1000xe_backbone,1.8904,calm,thermal,0,0.48781999945640564
7181,candidate_005,met_station_core;surface_temp_ir;cr1000xe_backbone,1.8904,calm,thermal,0,0.5669231414794922
7181,candidate_005,met_station_core;surface_temp_ir;cr1000xe_backbone,1.8904,calm,thermal,0,0.5923006534576416
7181,candidate_005,met_station_core;surface_temp_ir;cr1000xe_backbone,1.8904,calm,thermal,0,0.607880175113678
7181,candidate_005,met_station_core;surface_temp_ir;cr1000xe_backbone,1.8904,calm,thermal,0,0.6537794470787048
7181,candidate_005,met_station_core;surface_temp_ir;cr1000xe_backbone,1.8904,calm,thermal,0,0.6728076934814453
7181,candidate_005,met_station_core;surface_temp_ir;cr1000xe_backbone,1.8904,calm,thermal,0,0.7331451773643494
7181,candidate_005,met_station_core;surface_temp_ir;cr1000xe_backbone,1.8904,calm,thermal,0,0.7432551980018616
7181,candidate_005,met_station_core;surface_temp_ir;cr1000xe_backbone,1.8904,calm,thermal,0,0.8006499409675598
7181,candidate_005,met_station_core;surface_temp_ir;cr1000xe_backbone,1.8904,calm,thermal,0,0.8281568288803101
7181,candidate_005,met_station_core;surface_temp_ir;cr1000xe_backbone,1.8904,calm,thermal,0,0.8284313678741455
7181,candidate_005,met_station_core;surface_temp_ir;cr1000xe_backbone,1.8904,calm,thermal,0,0.8027369976043701
7181,candidate_005,met_station_core;surface_temp_ir;cr1000xe_backbone,1.8904,calm,thermal,0,0.7291255593299866
7181,candidate_005,met_station_core;surface_temp_ir;cr1000xe_backbone,1.8904,calm,transport,0,0.742039680480957
7181,candidate_005,met_station_core;surface_temp_ir;cr1000xe_backbone,1.8904,calm,transport,0,0.677040159702301
7181,candidate_005,met_station_core;surface_temp_ir;cr1000xe_backbone,1.8904,calm,transport,0,0.6862019300460815
7181,candidate_005,met_station_core;surface_temp_ir;cr1000xe_backbone,1.8904,calm,transport,0,0.6404685974121094
7181,candidate_005,met_station_core;surface_temp_ir;cr1000xe_backbone,1.8904,calm,transport,0,0.6665549874305725
7181,candidate_005,met_station_core;surface_temp_ir;cr1000xe_backbone,1.8904,calm,transport,0,0.6746755242347717
7181,candidate_005,met_station_core;surface_temp_ir;cr1000xe_backbone,1.8904,calm,transport,0,0.7194485664367676
7181,candidate_005,met_station_core;surface_temp_ir;cr1000xe_backbone,1.8904,calm,transport,0,0.7042965292930603
7181,candidate_005,met_station_core;surface_temp_ir;cr1000xe_backbone,1.8904,calm,transport,0,0.6997336149215698
7181,candidate_005,met_station_core;surface_temp_ir;cr1000xe_backbone,1.8904,calm,transport,0,0.6842336654663086
7181,candidate_005,met_station_core;surface_temp_ir;cr1000xe_backbone,1.8904,calm,transport,0,0.6716648936271667
7181,candidate_005,met_station_core;surface_temp_ir;cr1000xe_backbone,1.8904,calm,transport,0,0.7143987417221069
7181,candidate_005,met_station_core;surface_temp_ir;cr1000xe_backbone,1.8904,calm,transport,0,0.7278828620910645
7181,candidate_005,met_station_core;surface_temp_ir;cr1000xe_backbone,1.8904,calm,transport,0,0.7680571675300598
7181,candidate_005,met_station_core;surface_temp_ir;cr1000xe_backbone,1.8904,calm,transport,0,0.7998594641685486
7181,candidate_005,met_station_core;surface_temp_ir;cr1000xe_backbone,1.8904,calm,transport,0,0.8070677518844604
7181,candidate_005,met_station_core;surface_temp_ir;cr1000xe_backbone,1.8904,calm,transport,0,0.819679856300354
7181,candidate_005,met_station_core;surface_temp_ir;cr1000xe_backbone,1.8904,calm,transport,0,0.7821057438850403
7181,candidate_005,met_station_core;surface_temp_ir;cr1000xe_backbone,1.8904,calm,transport,0,0.8139947652816772
7181,candidate_005,met_station_core;surface_temp_ir;cr1000xe_backbone,1.8904,calm,transport,0,0.797955334186554
7181,candidate_005,met_station_core;surface_temp_ir;cr1000xe_backbone,1.8904,calm,transport,0,0.7715931534767151
7181,candidate_005,met_station_core;surface_temp_ir;cr1000xe_backbone,1.8904,calm,transport,0,0.7327369451522827
7181,candidate_005,met_station_core;surface_temp_ir;cr1000xe_backbone,1.8904,calm,transport,0,0.7019248604774475
7181,candidate_005,met_station_core;surface_temp_ir;cr1000xe_backbone,1.8904,calm,transport,0,0.6971617937088013
7181,candidate_005,met_station_core;surface_temp_ir;cr1000xe_backbone,1.8904,calm,transport,0,0.6794804930686951
7181,candidate_005,met_station_core;surface_temp_ir;cr1000xe_backbone,1.8904,calm,transport,0,0.6162243485450745
7181,candidate_005,met_station_core;surface_temp_ir;cr1000xe_backbone,1.8904,calm,transport,0,0.5137063264846802
7181,candidate_005,met_station_core;surface_temp_ir;cr1000xe_backbone,1.8904,calm,transport,0,0.5257477164268494
7181,candidate_005,met_station_core;surface_temp_ir;cr1000xe_backbone,1.8904,calm,transport,0,0.5397815704345703
7181,candidate_005,met_station_core;surface_temp_ir;cr1000xe_backbone,1.8904,calm,transport,0,0.5612841844558716
7181,candidate_005,met_station_core;surface_temp_ir;cr1000xe_backbone,1.8904,calm,transport,0,0.5875904560089111
7181,candidate_005,met_station_core;surface_temp_ir;cr1000xe_backbone,1.8904,calm,transport,0,0.5818682312965393
7181,candidate_005,met_station_core;surface_temp_ir;cr1000xe_backbone,1.8904,calm,transport,0,0.5924157500267029
7181,candidate_005,met_station_core;surface_temp_ir;cr1000xe_backbone,1.8904,calm,transport,0,0.6024833917617798
7181,candidate_005,met_station_core;surface_temp_ir;cr1000xe_backbone,1.8904,calm,transport,0,0.6284605264663696
7181,candidate_005,met_station_core;surface_temp_ir;cr1000xe_backbone,1.8904,calm,particle,0,0.6305953860282898
7181,candidate_005,met_station_core;surface_temp_ir;cr1000xe_backbone,1.8904,calm,particle,0,0.670376718044281
7181,candidate_005,met_station_core;surface_temp_ir;cr1000xe_backbone,1.8904,calm,particle,0,0.7307512760162354
7181,candidate_005,met_station_core;surface_temp_ir;cr1000xe_backbone,1.8904,calm,particle,0,0.7610924243927002
7181,candidate_005,met_station_core;surface_temp_ir;cr1000xe_backbone,1.8904,calm,particle,0,0.7917231917381287
7181,candidate_005,met_station_core;surface_temp_ir;cr1000xe_backbone,1.8904,calm,particle,0,0.7838094830513
7181,candidate_005,met_station_core;surface_temp_ir;cr1000xe_backbone,1.8904,calm,particle,0,0.7781197428703308
7181,candidate_005,met_station_core;surface_temp_ir;cr1000xe_backbone,1.8904,calm,particle,0,0.7779938578605652
7181,candidate_005,met_station_core;surface_temp_ir;cr1000xe_backbone,1.8904,calm,particle,0,0.7906507253646851
7181,candidate_005,met_station_core;surface_temp_ir;cr1000xe_backbone,1.8904,calm,particle,0,0.7578645348548889
7181,candidate_005,met_station_core;surface_temp_ir;cr1000xe_backbone,1.8904,calm,particle,0,0.768571674823761
7181,candidate_005,met_station_core;surface_temp_ir;cr1000xe_backbone,1.8904,calm,particle,0,0.7850484848022461
7181,candidate_005,met_station_core;surface_temp_ir;cr1000xe_backbone,1.8904,calm,particle,0,0.8091959357261658
7181,candidate_005,met_station_core;surface_temp_ir;cr1000xe_backbone,1.8904,calm,particle,0,0.7816131114959717
7181,candidate_005,met_station_core;surface_temp_ir;cr1000xe_backbone,1.8904,calm,particle,0,0.7658986449241638
7181,candidate_005,met_station_core;surface_temp_ir;cr1000xe_backbone,1.8904,calm,particle,0,0.7171697020530701
7181,candidate_005,met_station_core;surface_temp_ir;cr1000xe_backbone,1.8904,calm,particle,0,0.7093417644500732
7181,candidate_005,met_station_core;surface_temp_ir;cr1000xe_backbone,1.8904,calm,particle,0,0.6891046166419983
7181,candidate_005,met_station_core;surface_temp_ir;cr1000xe_backbone,1.8904,calm,particle,0,0.7139201760292053
7181,candidate_005,met_station_core;surface_temp_ir;cr1000xe_backbone,1.8904,calm,particle,0,0.7357509732246399
7181,candidate_005,met_station_core;surface_temp_ir;cr1000xe_backbone,1.8904,calm,particle,0,0.8085798621177673
7181,candidate_005,met_station_core;surface_temp_ir;cr1000xe_backbone,1.8904,calm,particle,0,0.8820855617523193
7181,candidate_005,met_station_core;surface_temp_ir;cr1000xe_backbone,1.8904,calm,particle,0,0.9315612316131592
7181,candidate_005,met_station_core;surface_temp_ir;cr1000xe_backbone,1.8904,calm,particle,0,0.9666756987571716
7181,candidate_005,met_station_core;surface_temp_ir;cr1000xe_backbone,1.8904,calm,particle,0,0.9715653657913208
7181,candidate_005,met_station_core;surface_temp_ir;cr1000xe_backbone,1.8904,calm,particle,0,0.9234824776649475
7181,candidate_005,met_station_core;surface_temp_ir;cr1000xe_backbone,1.8904,calm,particle,0,0.9632169604301453
7181,candidate_005,met_station_core;surface_temp_ir;cr1000xe_backbone,1.8904,calm,particle,0,1.0166780948638916
7181,candidate_005,met_station_core;surface_temp_ir;cr1000xe_backbone,1.8904,calm,particle,0,1.1065852642059326
7181,candidate_005,met_station_core;surface_temp_ir;cr1000xe_backbone,1.8904,calm,particle,0,1.1275620460510254
7181,candidate_005,met_station_core;surface_temp_ir;cr1000xe_backbone,1.8904,calm,particle,0,1.2261215448379517
7181,candidate_005,met_station_core;surface_temp_ir;cr1000xe_backbone,1.8904,calm,particle,0,1.1087840795516968
7181,candidate_005,met_station_core;surface_temp_ir;cr1000xe_backbone,1.8904,calm,particle,0,1.131718635559082
7181,candidate_005,met_station_core;surface_temp_ir;cr1000xe_backbone,1.8904,calm,particle,0,1.148413896560669
7181,candidate_005,met_station_core;surface_temp_ir;cr1000xe_backbone,1.8904,calm,thermal,0,1.0522747039794922
7181,candidate_005,met_station_core;surface_temp_ir;cr1000xe_backbone,1.8904,calm,thermal,0,1.0105750560760498
7181,candidate_005,met_station_core;surface_temp_ir;cr1000xe_backbone,1.8904,calm,thermal,0,0.9914687871932983
7181,candidate_005,met_station_core;surface_temp_ir;cr1000xe_backbone,1.8904,calm,thermal,0,0.9874581098556519
7181,candidate_005,met_station_core;surface_temp_ir;cr1000xe_backbone,1.8904,calm,thermal,0,0.939525842666626
7181,candidate_005,met_station_core;surface_temp_ir;cr1000xe_backbone,1.8904,calm,thermal,0,0.945499837398529
7181,candidate_005,met_station_core;surface_temp_ir;cr1000xe_backbone,1.8904,calm,thermal,0,1.0463204383850098
7181,candidate_005,met_station_core;surface_temp_ir;cr1000xe_backbone,1.8904,calm,thermal,0,1.1126528978347778
7181,candidate_005,met_station_core;surface_temp_ir;cr1000xe_backbone,1.8904,calm,thermal,0,1.0575350522994995
7181,candidate_005,met_station_core;surface_temp_ir;cr1000xe_backbone,1.8904,calm,thermal,0,1.0628033876419067
7181,candidate_005,met_station_core;surface_temp_ir;cr1000xe_backbone,1.8904,calm,thermal,0,1.0314290523529053
7181,candidate_005,met_station_core;surface_temp_ir;cr1000xe_backbone,1.8904,calm,thermal,0,1.0117321014404297
7181,candidate_005,met_station_core;surface_temp_ir;cr1000xe_backbone,1.8904,calm,thermal,0,0.9358298778533936
7181,candidate_005,met_station_core;surface_temp_ir;cr1000xe_backbone,1.8904,calm,thermal,0,0.896664559841156
7181,candidate_005,met_station_core;surface_temp_ir;cr1000xe_backbone,1.8904,calm,thermal,0,0.9263169765472412
7181,candidate_005,met_station_core;surface_temp_ir;cr1000xe_backbone,1.8904,calm,thermal,0,0.8531293869018555
7181,candidate_005,met_station_core;surface_temp_ir;cr1000xe_backbone,1.8904,calm,thermal,0,0.7996104955673218
7181,candidate_005,met_station_core;surface_temp_ir;cr1000xe_backbone,1.8904,calm,thermal,0,0.7991001009941101
7181,candidate_005,met_station_core;surface_temp_ir;cr1000xe_backbone,1.8904,calm,thermal,0,0.7903628349304199
7181,candidate_005,met_station_core;surface_temp_ir;cr1000xe_backbone,1.8904,calm,thermal,0,0.7470453977584839
7181,candidate_005,met_station_core;surface_temp_ir;cr1000xe_backbone,1.8904,calm,thermal,0,0.7664613127708435
7181,candidate_005,met_station_core;surface_temp_ir;cr1000xe_backbone,1.8904,calm,transport,0,0.7188264727592468
7181,candidate_005,met_station_core;surface_temp_ir;cr1000xe_backbone,1.8904,calm,transport,0,0.7748187184333801
7181,candidate_005,met_station_core;surface_temp_ir;cr1000xe_backbone,1.8904,calm,transport,0,0.887736439704895
7181,candidate_005,met_station_core;surface_temp_ir;cr1000xe_backbone,1.8904,calm,transport,0,0.9589289426803589
7181,candidate_005,met_station_core;surface_temp_ir;cr1000xe_backbone,1.8904,calm,transport,0,0.9404412508010864
7181,candidate_005,met_station_core;surface_temp_ir;cr1000xe_backbone,1.8904,calm,transport,0,0.81672203540802
7181,candidate_005,met_station_core;surface_temp_ir;cr1000xe_backbone,1.8904,calm,transport,0,0.7693694233894348
7181,candidate_005,met_station_core;surface_temp_ir;cr1000xe_backbone,1.8904,calm,transport,0,0.6722853183746338
7181,candidate_005,met_station_core;surface_temp_ir;cr1000xe_backbone,1.8904,calm,transport,0,0.7140496969223022
7181,candidate_005,met_station_core;surface_temp_ir;cr1000xe_backbone,1.8904,calm,transport,0,0.745632529258728
7181,candidate_005,met_station_core;surface_temp_ir;cr1000xe_backbone,1.8904,calm,transport,0,0.7429978251457214
7181,candidate_005,met_station_core;surface_temp_ir;cr1000xe_backbone,1.8904,calm,transport,0,0.7055838704109192
7181,candidate_005,met_station_core;surface_temp_ir;cr1000xe_backbone,1.8904,calm,transport,0,0.6807230710983276
7181,candidate_005,met_station_core;surface_temp_ir;cr1000xe_backbone,1.8904,calm,transport,0,0.6476364135742188
7181,candidate_005,met_station_core;surface_temp_ir;cr1000xe_backbone,1.8904,calm,transport,0,0.6289842128753662
7181,candidate_005,met_station_core;surface_temp_ir;cr1000xe_backbone,1.8904,calm,transport,0,0.601492166519165
7181,candidate_005,met_station_core;surface_temp_ir;cr1000xe_backbone,1.8904,particle,thermal,1,0.6192211508750916
7181,candidate_005,met_station_core;surface_temp_ir;cr1000xe_backbone,1.8904,particle,thermal,1,0.977302074432373
7181,candidate_005,met_station_core;surface_temp_ir;cr1000xe_backbone,1.8904,particle,thermal,1,1.1962864398956299
7181,candidate_005,met_station_core;surface_temp_ir;cr1000xe_backbone,1.8904,particle,thermal,1,1.4430711269378662
7181,candidate_005,met_station_core;surface_temp_ir;cr1000xe_backbone,1.8904,particle,thermal,1,1.697487473487854
7181,candidate_005,met_station_core;surface_temp_ir;cr1000xe_backbone,1.8904,particle,thermal,1,1.9701567888259888
7181,candidate_005,met_station_core;surface_temp_ir;cr1000xe_backbone,1.8904,particle,thermal,1,2.2576096057891846
7181,candidate_005,met_station_core;surface_temp_ir;cr1000xe_backbone,1.8904,particle,thermal,1,2.5531678199768066
7181,candidate_005,met_station_core;surface_temp_ir;cr1000xe_backbone,1.8904,particle,transport,1,2.524397850036621
7181,candidate_005,met_station_core;surface_temp_ir;cr1000xe_backbone,1.8904,particle,transport,1,2.5388388633728027
7181,candidate_005,met_station_core;surface_temp_ir;cr1000xe_backbone,1.8904,particle,transport,1,2.503831148147583
7181,candidate_005,met_station_core;surface_temp_ir;cr1000xe_backbone,1.8904,particle,transport,1,2.565080404281616
7181,candidate_005,met_station_core;surface_temp_ir;cr1000xe_backbone,1.8904,particle,transport,1,2.6063218116760254
7181,candidate_005,met_station_core;surface_temp_ir;cr1000xe_backbone,1.8904,particle,transport,1,2.3557841777801514
7181,candidate_005,met_station_core;surface_temp_ir;cr1000xe_backbone,1.8904,particle,transport,1,2.1330502033233643
7181,candidate_005,met_station_core;surface_temp_ir;cr1000xe_backbone,1.8904,particle,transport,1,1.8133207559585571
7181,candidate_005,met_station_core;surface_temp_ir;cr1000xe_backbone,1.8904,particle,transport,1,2.185091972351074
7181,candidate_005,met_station_core;surface_temp_ir;cr1000xe_backbone,1.8904,particle,transport,1,1.684255599975586
7181,candidate_005,met_station_core;surface_temp_ir;cr1000xe_backbone,1.8904,particle,transport,1,2.4849424362182617
7181,candidate_005,met_station_core;surface_temp_ir;cr1000xe_backbone,1.8904,particle,transport,1,2.3728420734405518
7181,candidate_005,met_station_core;surface_temp_ir;cr1000xe_backbone,1.8904,particle,transport,1,2.028714895248413
7181,candidate_005,met_station_core;surface_temp_ir;cr1000xe_backbone,1.8904,calm,transport,0,1.7950129508972168
7181,candidate_005,met_station_core;surface_temp_ir;cr1000xe_backbone,1.8904,calm,transport,0,1.220088005065918
7181,candidate_005,met_station_core;surface_temp_ir;cr1000xe_backbone,1.8904,calm,transport,0,1.1087749004364014
7181,candidate_005,met_station_core;surface_temp_ir;cr1000xe_backbone,1.8904,calm,transport,0,0.8979505300521851
7181,candidate_005,met_station_core;surface_temp_ir;cr1000xe_backbone,1.8904,calm,transport,0,0.6579561829566956
7181,candidate_005,met_station_core;surface_temp_ir;cr1000xe_backbone,1.8904,calm,transport,0,0.3763883411884308
7181,candidate_005,met_station_core;surface_temp_ir;cr1000xe_backbone,1.8904,calm,transport,0,0.358258992433548
7181,candidate_005,met_station_core;surface_temp_ir;cr1000xe_backbone,1.8904,calm,transport,0,0.3403805196285248
7181,candidate_005,met_station_core;surface_temp_ir;cr1000xe_backbone,1.8904,calm,transport,0,0.35237935185432434
7181,candidate_005,met_station_core;surface_temp_ir;cr1000xe_backbone,1.8904,calm,transport,0,0.34017232060432434
7181,candidate_005,met_station_core;surface_temp_ir;cr1000xe_backbone,1.8904,calm,transport,0,0.29013216495513916
7181,candidate_005,met_station_core;surface_temp_ir;cr1000xe_backbone,1.8904,calm,transport,0,0.3773901164531708
7181,candidate_005,met_station_core;surface_temp_ir;cr1000xe_backbone,1.8904,calm,particle,0,0.36349719762802124
7181,candidate_005,met_station_core;surface_temp_ir;cr1000xe_backbone,1.8904,flux,particle,2,0.27135610580444336
7181,candidate_005,met_station_core;surface_temp_ir;cr1000xe_backbone,1.8904,flux,particle,2,0.23387722671031952
7181,candidate_005,met_station_core;surface_temp_ir;cr1000xe_backbone,1.8904,flux,particle,2,0.25593069195747375
7181,candidate_005,met_station_core;surface_temp_ir;cr1000xe_backbone,1.8904,flux,particle,2,0.22869990766048431
7181,candidate_005,met_station_core;surface_temp_ir;cr1000xe_backbone,1.8904,flux,particle,2,0.30687493085861206
7181,candidate_005,met_station_core;surface_temp_ir;cr1000xe_backbone,1.8904,flux,particle,2,0.3633582592010498
7181,candidate_005,met_station_core;surface_temp_ir;cr1000xe_backbone,1.8904,flux,particle,2,0.2995293438434601
7181,candidate_005,met_station_core;surface_temp_ir;cr1000xe_backbone,1.8904,flux,particle,2,0.32862588763237
7181,candidate_005,met_station_core;surface_temp_ir;cr1000xe_backbone,1.8904,flux,particle,2,0.38407665491104126
7181,candidate_005,met_station_core;surface_temp_ir;cr1000xe_backbone,1.8904,flux,particle,2,0.3842293620109558
7181,candidate_005,met_station_core;surface_temp_ir;cr1000xe_backbone,1.8904,flux,particle,2,0.40474367141723633
7181,candidate_005,met_station_core;surface_temp_ir;cr1000xe_backbone,1.8904,flux,particle,2,0.39358794689178467
7181,candidate_005,met_station_core;surface_temp_ir;cr1000xe_backbone,1.8904,flux,particle,2,0.3897673189640045
7181,candidate_005,met_station_core;surface_temp_ir;cr1000xe_backbone,1.8904,flux,particle,2,0.37150296568870544
7181,candidate_005,met_station_core;surface_temp_ir;cr1000xe_backbone,1.8904,flux,particle,2,0.33282288908958435
7181,candidate_005,met_station_core;surface_temp_ir;cr1000xe_backbone,1.8904,flux,particle,2,0.4060155153274536
7181,candidate_005,met_station_core;surface_temp_ir;cr1000xe_backbone,1.8904,flux,particle,2,0.4515371024608612
7181,candidate_005,met_station_core;surface_temp_ir;cr1000xe_backbone,1.8904,flux,particle,2,0.42826223373413086
7181,candidate_005,met_station_core;surface_temp_ir;cr1000xe_backbone,1.8904,flux,particle,2,0.32010480761528015
7181,candidate_005,met_station_core;surface_temp_ir;cr1000xe_backbone,1.8904,flux,particle,2,0.4141806662082672
7181,candidate_005,met_station_core;surface_temp_ir;cr1000xe_backbone,1.8904,flux,particle,2,0.4990394413471222
7181,candidate_005,met_station_core;surface_temp_ir;cr1000xe_backbone,1.8904,flux,particle,2,0.5644808411598206
7181,candidate_005,met_station_core;surface_temp_ir;cr1000xe_backbone,1.8904,flux,thermal,2,0.5504175424575806
7181,candidate_005,met_station_core;surface_temp_ir;cr1000xe_backbone,1.8904,flux,thermal,2,0.6567418575286865
7181,candidate_005,met_station_core;surface_temp_ir;cr1000xe_backbone,1.8904,flux,thermal,2,0.5203149318695068
7181,candidate_005,met_station_core;surface_temp_ir;cr1000xe_backbone,1.8904,flux,thermal,2,0.513866662979126
7181,candidate_005,met_station_core;surface_temp_ir;cr1000xe_backbone,1.8904,flux,thermal,2,0.5705001354217529
7181,candidate_005,met_station_core;surface_temp_ir;cr1000xe_backbone,1.8904,flux,thermal,2,0.6335784792900085
7181,candidate_005,met_station_core;surface_temp_ir;cr1000xe_backbone,1.8904,flux,thermal,2,0.7218165993690491
7181,candidate_005,met_station_core;surface_temp_ir;cr1000xe_backbone,1.8904,flux,thermal,2,0.7774497866630554
7181,candidate_005,met_station_core;surface_temp_ir;cr1000xe_backbone,1.8904,flux,thermal,2,0.7319449186325073
7181,candidate_005,met_station_core;surface_temp_ir;cr1000xe_backbone,1.8904,flux,thermal,2,0.6793765425682068
7181,candidate_005,met_station_core;surface_temp_ir;cr1000xe_backbone,1.8904,flux,thermal,2,0.7980141043663025
7181,candidate_005,met_station_core;surface_temp_ir;cr1000xe_backbone,1.8904,flux,thermal,2,0.8862211108207703
7181,candidate_005,met_station_core;surface_temp_ir;cr1000xe_backbone,1.8904,flux,thermal,2,0.868047297000885
7181,candidate_005,met_station_core;surface_temp_ir;cr1000xe_backbone,1.8904,flux,thermal,2,0.787964940071106
7181,candidate_005,met_station_core;surface_temp_ir;cr1000xe_backbone,1.8904,flux,thermal,2,0.963390588760376
7181,candidate_005,met_station_core;surface_temp_ir;cr1000xe_backbone,1.8904,flux,thermal,2,0.8448435068130493
7181,candidate_005,met_station_core;surface_temp_ir;cr1000xe_backbone,1.8904,flux,thermal,2,0.8234555721282959
7181,candidate_005,met_station_core;surface_temp_ir;cr1000xe_backbone,1.8904,flux,thermal,2,0.808354914188385
7181,candidate_005,met_station_core;surface_temp_ir;cr1000xe_backbone,1.8904,flux,thermal,2,0.717149555683136
7181,candidate_005,met_station_core;surface_temp_ir;cr1000xe_backbone,1.8904,flux,thermal,2,0.7400174736976624
7181,candidate_005,met_station_core;surface_temp_ir;cr1000xe_backbone,1.8904,flux,thermal,2,0.7285604476928711
7181,candidate_005,met_station_core;surface_temp_ir;cr1000xe_backbone,1.8904,flux,thermal,2,0.7384514212608337
7181,candidate_005,met_station_core;surface_temp_ir;cr1000xe_backbone,1.8904,flux,thermal,2,0.7150146961212158
7181,candidate_005,met_station_core;surface_temp_ir;cr1000xe_backbone,1.8904,flux,thermal,2,0.6382889151573181
7181,candidate_005,met_station_core;surface_temp_ir;cr1000xe_backbone,1.8904,flux,thermal,2,0.6762531995773315
7181,candidate_005,met_station_core;surface_temp_ir;cr1000xe_backbone,1.8904,flux,thermal,2,0.6714245080947876
7181,candidate_005,met_station_core;surface_temp_ir;cr1000xe_backbone,1.8904,flux,thermal,2,0.7395557761192322
7181,candidate_005,met_station_core;surface_temp_ir;cr1000xe_backbone,1.8904,flux,thermal,2,0.68473881483078
7181,candidate_005,met_station_core;surface_temp_ir;cr1000xe_backbone,1.8904,flux,thermal,2,0.596950352191925
7181,candidate_005,met_station_core;surface_temp_ir;cr1000xe_backbone,1.8904,flux,thermal,2,0.6831706166267395
7181,candidate_005,met_station_core;surface_temp_ir;cr1000xe_backbone,1.8904,flux,thermal,2,0.8555960059165955
7181,candidate_005,met_station_core;surface_temp_ir;cr1000xe_backbone,1.8904,calm,thermal,0,0.48455220460891724
7181,candidate_005,met_station_core;surface_temp_ir;cr1000xe_backbone,1.8904,calm,thermal,0,0.359295129776001
7181,candidate_005,met_station_core;surface_temp_ir;cr1000xe_backbone,1.8904,calm,thermal,0,0.4001312851905823
7181,candidate_005,met_station_core;surface_temp_ir;cr1000xe_backbone,1.8904,calm,transport,0,0.242365300655365
7181,candidate_005,met_station_core;surface_temp_ir;cr1000xe_backbone,1.8904,calm,transport,0,0.2932360768318176
7181,candidate_005,met_station_core;surface_temp_ir;cr1000xe_backbone,1.8904,calm,transport,0,0.24481169879436493
7181,candidate_005,met_station_core;surface_temp_ir;cr1000xe_backbone,1.8904,calm,transport,0,0.2532878816127777
7181,candidate_005,met_station_core;surface_temp_ir;cr1000xe_backbone,1.8904,calm,transport,0,0.22031065821647644
7181,candidate_005,met_station_core;surface_temp_ir;cr1000xe_backbone,1.8904,calm,transport,0,0.2766040861606598
7181,candidate_005,met_station_core;surface_temp_ir;cr1000xe_backbone,1.8904,calm,transport,0,0.2621488869190216
7181,candidate_005,met_station_core;surface_temp_ir;cr1000xe_backbone,1.8904,calm,transport,0,0.2523539364337921
7181,candidate_005,met_station_core;surface_temp_ir;cr1000xe_backbone,1.8904,calm,transport,0,0.21925508975982666
7181,candidate_005,met_station_core;surface_temp_ir;cr1000xe_backbone,1.8904,calm,transport,0,0.2454349398612976
7181,candidate_005,met_station_core;surface_temp_ir;cr1000xe_backbone,1.8904,calm,transport,0,0.20723524689674377
7181,candidate_005,met_station_core;surface_temp_ir;cr1000xe_backbone,1.8904,particle,transport,1,0.21844154596328735
7181,candidate_005,met_station_core;surface_temp_ir;cr1000xe_backbone,1.8904,particle,transport,1,0.26336145401000977
7181,candidate_005,met_station_core;surface_temp_ir;cr1000xe_backbone,1.8904,particle,transport,1,0.6563503742218018
7181,candidate_005,met_station_core;surface_temp_ir;cr1000xe_backbone,1.8904,particle,transport,1,0.5714358687400818
7181,candidate_005,met_station_core;surface_temp_ir;cr1000xe_backbone,1.8904,particle,transport,1,1.4360166788101196
7181,candidate_005,met_station_core;surface_temp_ir;cr1000xe_backbone,1.8904,particle,transport,1,1.434556007385254
7181,candidate_005,met_station_core;surface_temp_ir;cr1000xe_backbone,1.8904,particle,transport,1,1.0240355730056763
7181,candidate_005,met_station_core;surface_temp_ir;cr1000xe_backbone,1.8904,particle,transport,1,0.713640034198761
7181,candidate_005,met_station_core;surface_temp_ir;cr1000xe_backbone,1.8904,particle,transport,1,0.8283798694610596
7181,candidate_005,met_station_core;surface_temp_ir;cr1000xe_backbone,1.8904,particle,transport,1,1.109763741493225
7181,candidate_005,met_station_core;surface_temp_ir;cr1000xe_backbone,1.8904,particle,transport,1,0.7074455618858337
7181,candidate_005,met_station_core;surface_temp_ir;cr1000xe_backbone,1.8904,particle,transport,1,0.439750999212265
7181,candidate_005,met_station_core;surface_temp_ir;cr1000xe_backbone,1.8904,particle,transport,1,0.40570729970932007
7181,candidate_005,met_station_core;surface_temp_ir;cr1000xe_backbone,1.8904,particle,transport,1,0.5010177493095398
7181,candidate_005,met_station_core;surface_temp_ir;cr1000xe_backbone,1.8904,particle,transport,1,0.29800546169281006
7181,candidate_005,met_station_core;surface_temp_ir;cr1000xe_backbone,1.8904,particle,particle,1,0.28202441334724426
7181,candidate_005,met_station_core;surface_temp_ir;cr1000xe_backbone,1.8904,particle,particle,1,0.3166198134422302
7181,candidate_005,met_station_core;surface_temp_ir;cr1000xe_backbone,1.8904,particle,particle,1,0.25717073678970337
7181,candidate_005,met_station_core;surface_temp_ir;cr1000xe_backbone,1.8904,particle,particle,1,0.3196973204612732
7181,candidate_005,met_station_core;surface_temp_ir;cr1000xe_backbone,1.8904,particle,particle,1,0.3519098460674286
7181,candidate_005,met_station_core;surface_temp_ir;cr1000xe_backbone,1.8904,particle,particle,1,0.35081079602241516
7181,candidate_005,met_station_core;surface_temp_ir;cr1000xe_backbone,1.8904,particle,particle,1,0.35798773169517517
7181,candidate_005,met_station_core;surface_temp_ir;cr1000xe_backbone,1.8904,particle,particle,1,0.47819983959198
7181,candidate_005,met_station_core;surface_temp_ir;cr1000xe_backbone,1.8904,particle,particle,1,0.5481420159339905
7181,candidate_005,met_station_core;surface_temp_ir;cr1000xe_backbone,1.8904,particle,particle,1,0.6587610840797424
7181,candidate_005,met_station_core;surface_temp_ir;cr1000xe_backbone,1.8904,particle,particle,1,0.5744630694389343
7181,candidate_005,met_station_core;surface_temp_ir;cr1000xe_backbone,1.8904,calm,particle,0,0.3695884943008423
7181,candidate_005,met_station_core;surface_temp_ir;cr1000xe_backbone,1.8904,calm,particle,0,0.21585983037948608
7181,candidate_005,met_station_core;surface_temp_ir;cr1000xe_backbone,1.8904,calm,particle,0,0.265058696269989
7181,candidate_005,met_station_core;surface_temp_ir;cr1000xe_backbone,1.8904,calm,particle,0,0.3104269504547119
7181,candidate_005,met_station_core;surface_temp_ir;cr1000xe_backbone,1.8904,calm,particle,0,0.3894067704677582
7181,candidate_005,met_station_core;surface_temp_ir;cr1000xe_backbone,1.8904,calm,particle,0,0.4003266990184784
7181,candidate_005,met_station_core;surface_temp_ir;cr1000xe_backbone,1.8904,calm,particle,0,0.4032561182975769
7181,candidate_005,met_station_core;surface_temp_ir;cr1000xe_backbone,1.8904,calm,particle,0,0.3903733193874359
7181,candidate_005,met_station_core;surface_temp_ir;cr1000xe_backbone,1.8904,calm,thermal,0,0.38374224305152893
7181,candidate_005,met_station_core;surface_temp_ir;cr1000xe_backbone,1.8904,calm,thermal,0,0.42388778924942017
7181,candidate_005,met_station_core;surface_temp_ir;cr1000xe_backbone,1.8904,calm,thermal,0,0.4352603256702423
7181,candidate_005,met_station_core;surface_temp_ir;cr1000xe_backbone,1.8904,calm,thermal,0,0.40036049485206604
7181,candidate_005,met_station_core;surface_temp_ir;cr1000xe_backbone,1.8904,calm,thermal,0,0.4919235408306122
7181,candidate_005,met_station_core;surface_temp_ir;cr1000xe_backbone,1.8904,flux,thermal,2,1.1148266792297363
7181,candidate_005,met_station_core;surface_temp_ir;cr1000xe_backbone,1.8904,flux,thermal,2,1.489859938621521
7181,candidate_005,met_station_core;surface_temp_ir;cr1000xe_backbone,1.8904,flux,thermal,2,1.5535047054290771
7181,candidate_005,met_station_core;surface_temp_ir;cr1000xe_backbone,1.8904,flux,thermal,2,1.7121176719665527
7181,candidate_005,met_station_core;surface_temp_ir;cr1000xe_backbone,1.8904,flux,thermal,2,1.4303010702133179
7181,candidate_005,met_station_core;surface_temp_ir;cr1000xe_backbone,1.8904,flux,thermal,2,0.7189769148826599
7181,candidate_005,met_station_core;surface_temp_ir;cr1000xe_backbone,1.8904,flux,thermal,2,1.1152037382125854
7181,candidate_005,met_station_core;surface_temp_ir;cr1000xe_backbone,1.8904,flux,thermal,2,0.6903824210166931
7181,candidate_005,met_station_core;surface_temp_ir;cr1000xe_backbone,1.8904,flux,thermal,2,0.7165478467941284
7181,candidate_005,met_station_core;surface_temp_ir;cr1000xe_backbone,1.8904,flux,thermal,2,0.523466944694519
7181,candidate_005,met_station_core;surface_temp_ir;cr1000xe_backbone,1.8904,flux,thermal,2,0.7140504121780396
7181,candidate_005,met_station_core;surface_temp_ir;cr1000xe_backbone,1.8904,flux,thermal,2,0.7727633714675903
7181,candidate_005,met_station_core;surface_temp_ir;cr1000xe_backbone,1.8904,flux,thermal,2,0.8107197880744934
7181,candidate_005,met_station_core;surface_temp_ir;cr1000xe_backbone,1.8904,flux,thermal,2,0.6553787589073181
7181,candidate_005,met_station_core;surface_temp_ir;cr1000xe_backbone,1.8904,flux,thermal,2,0.575935423374176
7181,candidate_005,met_station_core;surface_temp_ir;cr1000xe_backbone,1.8904,flux,thermal,2,0.6654224991798401
7181,candidate_005,met_station_core;surface_temp_ir;cr1000xe_backbone,1.8904,flux,thermal,2,0.6106968522071838
7181,candidate_005,met_station_core;surface_temp_ir;cr1000xe_backbone,1.8904,flux,thermal,2,0.3958389163017273
7181,candidate_005,met_station_core;surface_temp_ir;cr1000xe_backbone,1.8904,flux,thermal,2,0.31091755628585815
7181,candidate_005,met_station_core;surface_temp_ir;cr1000xe_backbone,1.8904,flux,thermal,2,0.4246167838573456
7181,candidate_005,met_station_core;surface_temp_ir;cr1000xe_backbone,1.8904,flux,thermal,2,0.6429791450500488
7181,candidate_005,met_station_core;surface_temp_ir;cr1000xe_backbone,1.8904,flux,thermal,2,0.8687368631362915
7181,candidate_005,met_station_core;surface_temp_ir;cr1000xe_backbone,1.8904,flux,thermal,2,1.2353802919387817
7181,candidate_005,met_station_core;surface_temp_ir;cr1000xe_backbone,1.8904,flux,thermal,2,1.4908140897750854
7181,candidate_005,met_station_core;surface_temp_ir;cr1000xe_backbone,1.8904,flux,thermal,2,1.7387527227401733
7181,candidate_005,met_station_core;surface_temp_ir;cr1000xe_backbone,1.8904,flux,thermal,2,2.0415024757385254
7181,candidate_005,met_station_core;surface_temp_ir;cr1000xe_backbone,1.8904,flux,thermal,2,2.3246002197265625
7181,candidate_005,met_station_core;surface_temp_ir;cr1000xe_backbone,1.8904,flux,thermal,2,2.6870996952056885
7181,candidate_005,met_station_core;surface_temp_ir;cr1000xe_backbone,1.8904,flux,transport,2,2.5550272464752197
7181,candidate_005,met_station_core;surface_temp_ir;cr1000xe_backbone,1.8904,flux,transport,2,2.573542833328247
7181,candidate_005,met_station_core;surface_temp_ir;cr1000xe_backbone,1.8904,flux,transport,2,2.540127992630005
7181,candidate_005,met_station_core;surface_temp_ir;cr1000xe_backbone,1.8904,flux,transport,2,2.6152162551879883
7181,candidate_005,met_station_core;surface_temp_ir;cr1000xe_backbone,1.8904,flux,transport,2,2.5866539478302
7181,candidate_005,met_station_core;surface_temp_ir;cr1000xe_backbone,1.8904,flux,transport,2,2.572152853012085
7181,candidate_005,met_station_core;surface_temp_ir;cr1000xe_backbone,1.8904,flux,transport,2,2.5741922855377197
7181,candidate_005,met_station_core;surface_temp_ir;cr1000xe_backbone,1.8904,flux,transport,2,2.598696231842041
7181,candidate_005,met_station_core;surface_temp_ir;cr1000xe_backbone,1.8904,flux,transport,2,2.6081769466400146
7181,candidate_005,met_station_core;surface_temp_ir;cr1000xe_backbone,1.8904,flux,transport,2,2.608119249343872
7181,candidate_005,met_station_core;surface_temp_ir;cr1000xe_backbone,1.8904,flux,transport,2,2.604976177215576
7181,candidate_005,met_station_core;surface_temp_ir;cr1000xe_backbone,1.8904,flux,transport,2,2.6102054119110107
7181,candidate_005,met_station_core;surface_temp_ir;cr1000xe_backbone,1.8904,flux,transport,2,2.6486330032348633
7181,candidate_005,met_station_core;surface_temp_ir;cr1000xe_backbone,1.8904,flux,transport,2,2.6131088733673096
7181,candidate_005,met_station_core;surface_temp_ir;cr1000xe_backbone,1.8904,flux,transport,2,2.6686196327209473
7181,candidate_005,met_station_core;surface_temp_ir;cr1000xe_backbone,1.8904,flux,transport,2,2.6773362159729004
7181,candidate_005,met_station_core;surface_temp_ir;cr1000xe_backbone,1.8904,flux,transport,2,2.6749753952026367
7181,candidate_005,met_station_core;surface_temp_ir;cr1000xe_backbone,1.8904,flux,transport,2,2.6548502445220947
7181,candidate_005,met_station_core;surface_temp_ir;cr1000xe_backbone,1.8904,flux,transport,2,2.657528877258301
7181,candidate_005,met_station_core;surface_temp_ir;cr1000xe_backbone,1.8904,flux,transport,2,2.6269943714141846
7181,candidate_005,met_station_core;surface_temp_ir;cr1000xe_backbone,1.8904,flux,transport,2,2.3935463428497314
7181,candidate_005,met_station_core;surface_temp_ir;cr1000xe_backbone,1.8904,flux,transport,2,2.150399923324585
7181,candidate_005,met_station_core;surface_temp_ir;cr1000xe_backbone,1.8904,flux,transport,2,1.9537339210510254
7181,candidate_005,met_station_core;surface_temp_ir;cr1000xe_backbone,1.8904,flux,transport,2,1.7610235214233398
7181,candidate_005,met_station_core;surface_temp_ir;cr1000xe_backbone,1.8904,flux,transport,2,1.490613341331482
7181,candidate_005,met_station_core;surface_temp_ir;cr1000xe_backbone,1.8904,flux,transport,2,1.3298413753509521
7181,candidate_005,met_station_core;surface_temp_ir;cr1000xe_backbone,1.8904,flux,transport,2,1.195194959640503
7181,candidate_005,met_station_core;surface_temp_ir;cr1000xe_backbone,1.8904,flux,transport,2,0.8971682190895081
7181,candidate_005,met_station_core;surface_temp_ir;cr1000xe_backbone,1.8904,flux,particle,2,0.9380156397819519
7181,candidate_005,met_station_core;surface_temp_ir;cr1000xe_backbone,1.8904,flux,particle,2,0.8401005864143372
7181,candidate_005,met_station_core;surface_temp_ir;cr1000xe_backbone,1.8904,calm,particle,0,0.7087067365646362
7181,candidate_005,met_station_core;surface_temp_ir;cr1000xe_backbone,1.8904,calm,particle,0,0.5985950827598572
7181,candidate_005,met_station_core;surface_temp_ir;cr1000xe_backbone,1.8904,calm,particle,0,0.44458499550819397
7181,candidate_005,met_station_core;surface_temp_ir;cr1000xe_backbone,1.8904,calm,particle,0,0.3924286961555481
7181,candidate_005,met_station_core;surface_temp_ir;cr1000xe_backbone,1.8904,calm,particle,0,0.3663460314273834
7181,candidate_005,met_station_core;surface_temp_ir;cr1000xe_backbone,1.8904,calm,particle,0,0.3640139102935791
7181,candidate_005,met_station_core;surface_temp_ir;cr1000xe_backbone,1.8904,calm,particle,0,0.37365391850471497
7181,candidate_005,met_station_core;surface_temp_ir;cr1000xe_backbone,1.8904,calm,particle,0,0.3561200797557831
7181,candidate_005,met_station_core;surface_temp_ir;cr1000xe_backbone,1.8904,calm,particle,0,0.34182971715927124
7181,candidate_005,met_station_core;surface_temp_ir;cr1000xe_backbone,1.8904,calm,particle,0,0.3937661349773407
7181,candidate_005,met_station_core;surface_temp_ir;cr1000xe_backbone,1.8904,calm,particle,0,0.35639721155166626
7181,candidate_005,met_station_core;surface_temp_ir;cr1000xe_backbone,1.8904,calm,particle,0,0.435859739780426
7181,candidate_005,met_station_core;surface_temp_ir;cr1000xe_backbone,1.8904,flux,particle,2,0.6147072315216064
7181,candidate_005,met_station_core;surface_temp_ir;cr1000xe_backbone,1.8904,flux,particle,2,0.6599658727645874
7181,candidate_005,met_station_core;surface_temp_ir;cr1000xe_backbone,1.8904,flux,particle,2,0.6312851905822754
7181,candidate_005,met_station_core;surface_temp_ir;cr1000xe_backbone,1.8904,flux,particle,2,0.7591508030891418
7181,candidate_005,met_station_core;surface_temp_ir;cr1000xe_backbone,1.8904,flux,thermal,2,1.069711685180664
7181,candidate_005,met_station_core;surface_temp_ir;cr1000xe_backbone,1.8904,flux,thermal,2,1.3703933954238892
7181,candidate_005,met_station_core;surface_temp_ir;cr1000xe_backbone,1.8904,flux,thermal,2,1.320502758026123
7181,candidate_005,met_station_core;surface_temp_ir;cr1000xe_backbone,1.8904,flux,thermal,2,1.076903223991394
7181,candidate_005,met_station_core;surface_temp_ir;cr1000xe_backbone,1.8904,flux,thermal,2,0.6363901495933533
7181,candidate_005,met_station_core;surface_temp_ir;cr1000xe_backbone,1.8904,flux,thermal,2,0.5470453500747681
7181,candidate_005,met_station_core;surface_temp_ir;cr1000xe_backbone,1.8904,flux,thermal,2,0.5960861444473267
7181,candidate_005,met_station_core;surface_temp_ir;cr1000xe_backbone,1.8904,flux,thermal,2,0.5636379718780518
7181,candidate_005,met_station_core;surface_temp_ir;cr1000xe_backbone,1.8904,flux,thermal,2,0.49778124690055847
7181,candidate_005,met_station_core;surface_temp_ir;cr1000xe_backbone,1.8904,flux,thermal,2,0.41521283984184265
7181,candidate_005,met_station_core;surface_temp_ir;cr1000xe_backbone,1.8904,flux,thermal,2,0.4779505133628845
7181,candidate_005,met_station_core;surface_temp_ir;cr1000xe_backbone,1.8904,flux,thermal,2,0.5615659952163696
7181,candidate_005,met_station_core;surface_temp_ir;cr1000xe_backbone,1.8904,flux,thermal,2,0.5944086313247681
7181,candidate_005,met_station_core;surface_temp_ir;cr1000xe_backbone,1.8904,flux,thermal,2,0.5736032724380493
7181,candidate_005,met_station_core;surface_temp_ir;cr1000xe_backbone,1.8904,flux,thermal,2,0.5600130558013916
7181,candidate_005,met_station_core;surface_temp_ir;cr1000xe_backbone,1.8904,flux,thermal,2,0.6330844759941101
7181,candidate_005,met_station_core;surface_temp_ir;cr1000xe_backbone,1.8904,flux,thermal,2,0.6403887867927551
7181,candidate_005,met_station_core;surface_temp_ir;cr1000xe_backbone,1.8904,flux,thermal,2,0.5279913544654846
7181,candidate_005,met_station_core;surface_temp_ir;cr1000xe_backbone,1.8904,flux,thermal,2,0.49362772703170776
7181,candidate_005,met_station_core;surface_temp_ir;cr1000xe_backbone,1.8904,flux,thermal,2,0.5253046154975891
7181,candidate_005,met_station_core;surface_temp_ir;cr1000xe_backbone,1.8904,flux,thermal,2,0.5787210464477539
7181,candidate_005,met_station_core;surface_temp_ir;cr1000xe_backbone,1.8904,flux,thermal,2,0.5539785623550415
7181,candidate_005,met_station_core;surface_temp_ir;cr1000xe_backbone,1.8904,flux,thermal,2,0.592360258102417
7181,candidate_005,met_station_core;surface_temp_ir;cr1000xe_backbone,1.8904,flux,thermal,2,0.8057968616485596
7181,candidate_005,met_station_core;surface_temp_ir;cr1000xe_backbone,1.8904,flux,thermal,2,0.8620203137397766
7181,candidate_005,met_station_core;surface_temp_ir;cr1000xe_backbone,1.8904,flux,thermal,2,1.0629651546478271
7181,candidate_005,met_station_core;surface_temp_ir;cr1000xe_backbone,1.8904,flux,thermal,2,1.0908089876174927
7181,candidate_005,met_station_core;surface_temp_ir;cr1000xe_backbone,1.8904,flux,thermal,2,1.1593081951141357
7181,candidate_005,met_station_core;surface_temp_ir;cr1000xe_backbone,1.8904,flux,thermal,2,1.2650879621505737
7181,candidate_005,met_station_core;surface_temp_ir;cr1000xe_backbone,1.8904,flux,thermal,2,1.3115864992141724
7181,candidate_005,met_station_core;surface_temp_ir;cr1000xe_backbone,1.8904,flux,thermal,2,1.4160079956054688
7181,candidate_005,met_station_core;surface_temp_ir;cr1000xe_backbone,1.8904,flux,thermal,2,1.2895852327346802
7181,candidate_005,met_station_core;surface_temp_ir;cr1000xe_backbone,1.8904,flux,transport,2,0.9294533729553223
7181,candidate_005,met_station_core;surface_temp_ir;cr1000xe_backbone,1.8904,flux,transport,2,0.9209268093109131
7181,candidate_005,met_station_core;surface_temp_ir;cr1000xe_backbone,1.8904,calm,transport,0,0.7018003463745117
7181,candidate_005,met_station_core;surface_temp_ir;cr1000xe_backbone,1.8904,calm,transport,0,0.662081778049469
7181,candidate_005,met_station_core;surface_temp_ir;cr1000xe_backbone,1.8904,calm,transport,0,0.6846752762794495
7181,candidate_005,met_station_core;surface_temp_ir;cr1000xe_backbone,1.8904,calm,transport,0,0.7119991779327393
7181,candidate_005,met_station_core;surface_temp_ir;cr1000xe_backbone,1.8904,calm,transport,0,0.7655079364776611
7181,candidate_005,met_station_core;surface_temp_ir;cr1000xe_backbone,1.8904,calm,transport,0,0.6707747578620911
7181,candidate_005,met_station_core;surface_temp_ir;cr1000xe_backbone,1.8904,calm,transport,0,0.9706159830093384
7181,candidate_005,met_station_core;surface_temp_ir;cr1000xe_backbone,1.8904,calm,transport,0,1.1602160930633545
7181,candidate_006,radiometer_basic;surface_temp_ir;cr1000xe_backbone,1.8504,calm,transport,0,1.2143688201904297
7181,candidate_006,radiometer_basic;surface_temp_ir;cr1000xe_backbone,1.8504,calm,transport,0,0.8315863609313965
7181,candidate_006,radiometer_basic;surface_temp_ir;cr1000xe_backbone,1.8504,calm,transport,0,0.784191370010376
7181,candidate_006,radiometer_basic;surface_temp_ir;cr1000xe_backbone,1.8504,calm,transport,0,0.7741431593894958
7181,candidate_006,radiometer_basic;surface_temp_ir;cr1000xe_backbone,1.8504,calm,transport,0,0.7715746760368347
7181,candidate_006,radiometer_basic;surface_temp_ir;cr1000xe_backbone,1.8504,calm,transport,0,0.7715340852737427
7181,candidate_006,radiometer_basic;surface_temp_ir;cr1000xe_backbone,1.8504,calm,transport,0,0.6866106986999512
7181,candidate_006,radiometer_basic;surface_temp_ir;cr1000xe_backbone,1.8504,calm,transport,0,0.7400802969932556
7181,candidate_006,radiometer_basic;surface_temp_ir;cr1000xe_backbone,1.8504,calm,transport,0,0.6758040189743042
7181,candidate_006,radiometer_basic;surface_temp_ir;cr1000xe_backbone,1.8504,calm,transport,0,0.7188460230827332
7181,candidate_006,radiometer_basic;surface_temp_ir;cr1000xe_backbone,1.8504,calm,transport,0,0.6779759526252747
7181,candidate_006,radiometer_basic;surface_temp_ir;cr1000xe_backbone,1.8504,calm,transport,0,0.6447969675064087
7181,candidate_006,radiometer_basic;surface_temp_ir;cr1000xe_backbone,1.8504,calm,transport,0,0.7229090929031372
7181,candidate_006,radiometer_basic;surface_temp_ir;cr1000xe_backbone,1.8504,calm,transport,0,0.670877993106842
7181,candidate_006,radiometer_basic;surface_temp_ir;cr1000xe_backbone,1.8504,calm,transport,0,0.6592459082603455
7181,candidate_006,radiometer_basic;surface_temp_ir;cr1000xe_backbone,1.8504,calm,transport,0,0.6907927989959717
7181,candidate_006,radiometer_basic;surface_temp_ir;cr1000xe_backbone,1.8504,calm,transport,0,0.7626564502716064
7181,candidate_006,radiometer_basic;surface_temp_ir;cr1000xe_backbone,1.8504,calm,transport,0,0.7199516892433167
7181,candidate_006,radiometer_basic;surface_temp_ir;cr1000xe_backbone,1.8504,calm,transport,0,0.7388505935668945
7181,candidate_006,radiometer_basic;surface_temp_ir;cr1000xe_backbone,1.8504,calm,transport,0,0.7363337278366089
7181,candidate_006,radiometer_basic;surface_temp_ir;cr1000xe_backbone,1.8504,calm,transport,0,0.681925892829895
7181,candidate_006,radiometer_basic;surface_temp_ir;cr1000xe_backbone,1.8504,calm,transport,0,0.6928896307945251
7181,candidate_006,radiometer_basic;surface_temp_ir;cr1000xe_backbone,1.8504,calm,particle,0,0.7621159553527832
7181,candidate_006,radiometer_basic;surface_temp_ir;cr1000xe_backbone,1.8504,calm,particle,0,0.762925922870636
7181,candidate_006,radiometer_basic;surface_temp_ir;cr1000xe_backbone,1.8504,calm,particle,0,0.7240663170814514
7181,candidate_006,radiometer_basic;surface_temp_ir;cr1000xe_backbone,1.8504,calm,particle,0,0.6596038341522217
7181,candidate_006,radiometer_basic;surface_temp_ir;cr1000xe_backbone,1.8504,calm,particle,0,0.6620615720748901
7181,candidate_006,radiometer_basic;surface_temp_ir;cr1000xe_backbone,1.8504,calm,particle,0,0.648859441280365
7181,candidate_006,radiometer_basic;surface_temp_ir;cr1000xe_backbone,1.8504,calm,particle,0,0.7139171361923218
7181,candidate_006,radiometer_basic;surface_temp_ir;cr1000xe_backbone,1.8504,calm,particle,0,0.7076635956764221
7181,candidate_006,radiometer_basic;surface_temp_ir;cr1000xe_backbone,1.8504,calm,particle,0,0.6778194308280945
7181,candidate_006,radiometer_basic;surface_temp_ir;cr1000xe_backbone,1.8504,calm,particle,0,0.6985467076301575
7181,candidate_006,radiometer_basic;surface_temp_ir;cr1000xe_backbone,1.8504,calm,particle,0,0.6664583683013916
7181,candidate_006,radiometer_basic;surface_temp_ir;cr1000xe_backbone,1.8504,calm,particle,0,0.6728838682174683
7181,candidate_006,radiometer_basic;surface_temp_ir;cr1000xe_backbone,1.8504,calm,particle,0,0.6018162965774536
7181,candidate_006,radiometer_basic;surface_temp_ir;cr1000xe_backbone,1.8504,calm,particle,0,0.5643707513809204
7181,candidate_006,radiometer_basic;surface_temp_ir;cr1000xe_backbone,1.8504,calm,particle,0,0.5815349817276001
7181,candidate_006,radiometer_basic;surface_temp_ir;cr1000xe_backbone,1.8504,calm,particle,0,0.5498819947242737
7181,candidate_006,radiometer_basic;surface_temp_ir;cr1000xe_backbone,1.8504,calm,particle,0,0.5450090169906616
7181,candidate_006,radiometer_basic;surface_temp_ir;cr1000xe_backbone,1.8504,calm,particle,0,0.5785702466964722
7181,candidate_006,radiometer_basic;surface_temp_ir;cr1000xe_backbone,1.8504,calm,particle,0,0.6529051661491394
7181,candidate_006,radiometer_basic;surface_temp_ir;cr1000xe_backbone,1.8504,calm,particle,0,0.6677460670471191
7181,candidate_006,radiometer_basic;surface_temp_ir;cr1000xe_backbone,1.8504,calm,particle,0,0.7062836289405823
7181,candidate_006,radiometer_basic;surface_temp_ir;cr1000xe_backbone,1.8504,calm,particle,0,0.6923035383224487
7181,candidate_006,radiometer_basic;surface_temp_ir;cr1000xe_backbone,1.8504,calm,thermal,0,0.6589483022689819
7181,candidate_006,radiometer_basic;surface_temp_ir;cr1000xe_backbone,1.8504,calm,thermal,0,0.6332569718360901
7181,candidate_006,radiometer_basic;surface_temp_ir;cr1000xe_backbone,1.8504,calm,thermal,0,0.7305065989494324
7181,candidate_006,radiometer_basic;surface_temp_ir;cr1000xe_backbone,1.8504,calm,thermal,0,0.7084171175956726
7181,candidate_006,radiometer_basic;surface_temp_ir;cr1000xe_backbone,1.8504,calm,thermal,0,0.6528448462486267
7181,candidate_006,radiometer_basic;surface_temp_ir;cr1000xe_backbone,1.8504,calm,thermal,0,0.5801242589950562
7181,candidate_006,radiometer_basic;surface_temp_ir;cr1000xe_backbone,1.8504,calm,thermal,0,0.6162557601928711
7181,candidate_006,radiometer_basic;surface_temp_ir;cr1000xe_backbone,1.8504,calm,thermal,0,0.580505907535553
7181,candidate_006,radiometer_basic;surface_temp_ir;cr1000xe_backbone,1.8504,calm,thermal,0,0.6017524003982544
7181,candidate_006,radiometer_basic;surface_temp_ir;cr1000xe_backbone,1.8504,calm,thermal,0,0.6247776746749878
7181,candidate_006,radiometer_basic;surface_temp_ir;cr1000xe_backbone,1.8504,calm,thermal,0,0.6022112965583801
7181,candidate_006,radiometer_basic;surface_temp_ir;cr1000xe_backbone,1.8504,calm,thermal,0,0.6233405470848083
7181,candidate_006,radiometer_basic;surface_temp_ir;cr1000xe_backbone,1.8504,calm,thermal,0,0.6147401332855225
7181,candidate_006,radiometer_basic;surface_temp_ir;cr1000xe_backbone,1.8504,calm,thermal,0,0.5667408108711243
7181,candidate_006,radiometer_basic;surface_temp_ir;cr1000xe_backbone,1.8504,calm,thermal,0,0.5590071678161621
7181,candidate_006,radiometer_basic;surface_temp_ir;cr1000xe_backbone,1.8504,calm,thermal,0,0.4944722652435303
7181,candidate_006,radiometer_basic;surface_temp_ir;cr1000xe_backbone,1.8504,calm,thermal,0,0.5150062441825867
7181,candidate_006,radiometer_basic;surface_temp_ir;cr1000xe_backbone,1.8504,calm,thermal,0,0.4580082297325134
7181,candidate_006,radiometer_basic;surface_temp_ir;cr1000xe_backbone,1.8504,calm,thermal,0,0.4704653322696686
7181,candidate_006,radiometer_basic;surface_temp_ir;cr1000xe_backbone,1.8504,calm,thermal,0,0.5129746794700623
7181,candidate_006,radiometer_basic;surface_temp_ir;cr1000xe_backbone,1.8504,calm,thermal,0,0.5616414546966553
7181,candidate_006,radiometer_basic;surface_temp_ir;cr1000xe_backbone,1.8504,calm,thermal,0,0.603024423122406
7181,candidate_006,radiometer_basic;surface_temp_ir;cr1000xe_backbone,1.8504,calm,thermal,0,0.6086336970329285
7181,candidate_006,radiometer_basic;surface_temp_ir;cr1000xe_backbone,1.8504,calm,thermal,0,0.6133741736412048
7181,candidate_006,radiometer_basic;surface_temp_ir;cr1000xe_backbone,1.8504,calm,thermal,0,0.5898728966712952
7181,candidate_006,radiometer_basic;surface_temp_ir;cr1000xe_backbone,1.8504,calm,thermal,0,0.5771403312683105
7181,candidate_006,radiometer_basic;surface_temp_ir;cr1000xe_backbone,1.8504,calm,thermal,0,0.6395999789237976
7181,candidate_006,radiometer_basic;surface_temp_ir;cr1000xe_backbone,1.8504,calm,transport,0,0.6190106272697449
7181,candidate_006,radiometer_basic;surface_temp_ir;cr1000xe_backbone,1.8504,calm,transport,0,0.6272875070571899
7181,candidate_006,radiometer_basic;surface_temp_ir;cr1000xe_backbone,1.8504,calm,transport,0,0.5483741164207458
7181,candidate_006,radiometer_basic;surface_temp_ir;cr1000xe_backbone,1.8504,calm,transport,0,0.5359383821487427
7181,candidate_006,radiometer_basic;surface_temp_ir;cr1000xe_backbone,1.8504,calm,transport,0,0.5520423054695129
7181,candidate_006,radiometer_basic;surface_temp_ir;cr1000xe_backbone,1.8504,calm,transport,0,0.5771739482879639
7181,candidate_006,radiometer_basic;surface_temp_ir;cr1000xe_backbone,1.8504,calm,transport,0,0.6082125306129456
7181,candidate_006,radiometer_basic;surface_temp_ir;cr1000xe_backbone,1.8504,calm,transport,0,0.5952439904212952
7181,candidate_006,radiometer_basic;surface_temp_ir;cr1000xe_backbone,1.8504,calm,transport,0,0.6515913605690002
7181,candidate_006,radiometer_basic;surface_temp_ir;cr1000xe_backbone,1.8504,calm,transport,0,0.6187593936920166
7181,candidate_006,radiometer_basic;surface_temp_ir;cr1000xe_backbone,1.8504,calm,transport,0,0.6312198638916016
7181,candidate_006,radiometer_basic;surface_temp_ir;cr1000xe_backbone,1.8504,calm,transport,0,0.6006537079811096
7181,candidate_006,radiometer_basic;surface_temp_ir;cr1000xe_backbone,1.8504,calm,transport,0,0.5599560737609863
7181,candidate_006,radiometer_basic;surface_temp_ir;cr1000xe_backbone,1.8504,calm,transport,0,0.5868662595748901
7181,candidate_006,radiometer_basic;surface_temp_ir;cr1000xe_backbone,1.8504,calm,transport,0,0.5349991321563721
7181,candidate_006,radiometer_basic;surface_temp_ir;cr1000xe_backbone,1.8504,calm,transport,0,0.5605192184448242
7181,candidate_006,radiometer_basic;surface_temp_ir;cr1000xe_backbone,1.8504,calm,transport,0,0.6036851406097412
7181,candidate_006,radiometer_basic;surface_temp_ir;cr1000xe_backbone,1.8504,calm,transport,0,0.6681511402130127
7181,candidate_006,radiometer_basic;surface_temp_ir;cr1000xe_backbone,1.8504,calm,transport,0,0.6730907559394836
7181,candidate_006,radiometer_basic;surface_temp_ir;cr1000xe_backbone,1.8504,calm,transport,0,0.6785560846328735
7181,candidate_006,radiometer_basic;surface_temp_ir;cr1000xe_backbone,1.8504,calm,transport,0,0.6836212873458862
7181,candidate_006,radiometer_basic;surface_temp_ir;cr1000xe_backbone,1.8504,calm,transport,0,0.6498015522956848
7181,candidate_006,radiometer_basic;surface_temp_ir;cr1000xe_backbone,1.8504,calm,transport,0,0.6539713144302368
7181,candidate_006,radiometer_basic;surface_temp_ir;cr1000xe_backbone,1.8504,calm,transport,0,0.6634595394134521
7181,candidate_006,radiometer_basic;surface_temp_ir;cr1000xe_backbone,1.8504,calm,transport,0,0.6816902160644531
7181,candidate_006,radiometer_basic;surface_temp_ir;cr1000xe_backbone,1.8504,calm,transport,0,0.6387200951576233
7181,candidate_006,radiometer_basic;surface_temp_ir;cr1000xe_backbone,1.8504,calm,transport,0,0.591840386390686
7181,candidate_006,radiometer_basic;surface_temp_ir;cr1000xe_backbone,1.8504,calm,transport,0,0.5329268574714661
7181,candidate_006,radiometer_basic;surface_temp_ir;cr1000xe_backbone,1.8504,calm,particle,0,0.5802153944969177
7181,candidate_006,radiometer_basic;surface_temp_ir;cr1000xe_backbone,1.8504,calm,particle,0,0.665219247341156
7181,candidate_006,radiometer_basic;surface_temp_ir;cr1000xe_backbone,1.8504,calm,particle,0,0.5862634778022766
7181,candidate_006,radiometer_basic;surface_temp_ir;cr1000xe_backbone,1.8504,calm,particle,0,0.6292669177055359
7181,candidate_006,radiometer_basic;surface_temp_ir;cr1000xe_backbone,1.8504,calm,particle,0,0.6104276180267334
7181,candidate_006,radiometer_basic;surface_temp_ir;cr1000xe_backbone,1.8504,calm,particle,0,0.605879008769989
7181,candidate_006,radiometer_basic;surface_temp_ir;cr1000xe_backbone,1.8504,calm,particle,0,0.6106173992156982
7181,candidate_006,radiometer_basic;surface_temp_ir;cr1000xe_backbone,1.8504,calm,particle,0,0.5710555911064148
7181,candidate_006,radiometer_basic;surface_temp_ir;cr1000xe_backbone,1.8504,calm,particle,0,0.5715828537940979
7181,candidate_006,radiometer_basic;surface_temp_ir;cr1000xe_backbone,1.8504,calm,particle,0,0.5669728517532349
7181,candidate_006,radiometer_basic;surface_temp_ir;cr1000xe_backbone,1.8504,calm,particle,0,0.5459128022193909
7181,candidate_006,radiometer_basic;surface_temp_ir;cr1000xe_backbone,1.8504,calm,particle,0,0.5630998611450195
7181,candidate_006,radiometer_basic;surface_temp_ir;cr1000xe_backbone,1.8504,calm,particle,0,0.6245352029800415
7181,candidate_006,radiometer_basic;surface_temp_ir;cr1000xe_backbone,1.8504,calm,particle,0,0.6853373050689697
7181,candidate_006,radiometer_basic;surface_temp_ir;cr1000xe_backbone,1.8504,calm,particle,0,0.7379767298698425
7181,candidate_006,radiometer_basic;surface_temp_ir;cr1000xe_backbone,1.8504,calm,particle,0,0.759432852268219
7181,candidate_006,radiometer_basic;surface_temp_ir;cr1000xe_backbone,1.8504,calm,particle,0,0.7634625434875488
7181,candidate_006,radiometer_basic;surface_temp_ir;cr1000xe_backbone,1.8504,calm,particle,0,0.7438673973083496
7181,candidate_006,radiometer_basic;surface_temp_ir;cr1000xe_backbone,1.8504,calm,particle,0,0.7820467948913574
7181,candidate_006,radiometer_basic;surface_temp_ir;cr1000xe_backbone,1.8504,calm,particle,0,0.8330411314964294
7181,candidate_006,radiometer_basic;surface_temp_ir;cr1000xe_backbone,1.8504,calm,particle,0,0.8559703230857849
7181,candidate_006,radiometer_basic;surface_temp_ir;cr1000xe_backbone,1.8504,calm,particle,0,0.808837354183197
7181,candidate_006,radiometer_basic;surface_temp_ir;cr1000xe_backbone,1.8504,calm,particle,0,0.8109486699104309
7181,candidate_006,radiometer_basic;surface_temp_ir;cr1000xe_backbone,1.8504,calm,particle,0,0.7286818027496338
7181,candidate_006,radiometer_basic;surface_temp_ir;cr1000xe_backbone,1.8504,calm,particle,0,0.7569031715393066
7181,candidate_006,radiometer_basic;surface_temp_ir;cr1000xe_backbone,1.8504,calm,particle,0,0.8638262152671814
7181,candidate_006,radiometer_basic;surface_temp_ir;cr1000xe_backbone,1.8504,calm,particle,0,0.8565952181816101
7181,candidate_006,radiometer_basic;surface_temp_ir;cr1000xe_backbone,1.8504,calm,particle,0,0.8861846327781677
7181,candidate_006,radiometer_basic;surface_temp_ir;cr1000xe_backbone,1.8504,calm,particle,0,0.881645917892456
7181,candidate_006,radiometer_basic;surface_temp_ir;cr1000xe_backbone,1.8504,calm,particle,0,0.8813050985336304
7181,candidate_006,radiometer_basic;surface_temp_ir;cr1000xe_backbone,1.8504,calm,particle,0,0.8636134266853333
7181,candidate_006,radiometer_basic;surface_temp_ir;cr1000xe_backbone,1.8504,calm,thermal,0,0.8564376831054688
7181,candidate_006,radiometer_basic;surface_temp_ir;cr1000xe_backbone,1.8504,calm,thermal,0,0.8669070601463318
7181,candidate_006,radiometer_basic;surface_temp_ir;cr1000xe_backbone,1.8504,calm,thermal,0,0.8679141998291016
7181,candidate_006,radiometer_basic;surface_temp_ir;cr1000xe_backbone,1.8504,calm,thermal,0,0.8529201745986938
7181,candidate_006,radiometer_basic;surface_temp_ir;cr1000xe_backbone,1.8504,calm,thermal,0,0.8729696273803711
7181,candidate_006,radiometer_basic;surface_temp_ir;cr1000xe_backbone,1.8504,calm,thermal,0,0.9560414552688599
7181,candidate_006,radiometer_basic;surface_temp_ir;cr1000xe_backbone,1.8504,calm,thermal,0,1.012142539024353
7181,candidate_006,radiometer_basic;surface_temp_ir;cr1000xe_backbone,1.8504,calm,thermal,0,1.0651193857192993
7181,candidate_006,radiometer_basic;surface_temp_ir;cr1000xe_backbone,1.8504,calm,thermal,0,1.0597364902496338
7181,candidate_006,radiometer_basic;surface_temp_ir;cr1000xe_backbone,1.8504,calm,thermal,0,1.1017811298370361
7181,candidate_006,radiometer_basic;surface_temp_ir;cr1000xe_backbone,1.8504,calm,thermal,0,1.0583298206329346
7181,candidate_006,radiometer_basic;surface_temp_ir;cr1000xe_backbone,1.8504,calm,thermal,0,1.099695086479187
7181,candidate_006,radiometer_basic;surface_temp_ir;cr1000xe_backbone,1.8504,calm,thermal,0,1.0756614208221436
7181,candidate_006,radiometer_basic;surface_temp_ir;cr1000xe_backbone,1.8504,calm,thermal,0,1.1140103340148926
7181,candidate_006,radiometer_basic;surface_temp_ir;cr1000xe_backbone,1.8504,calm,thermal,0,1.1150702238082886
7181,candidate_006,radiometer_basic;surface_temp_ir;cr1000xe_backbone,1.8504,calm,thermal,0,1.0508794784545898
7181,candidate_006,radiometer_basic;surface_temp_ir;cr1000xe_backbone,1.8504,calm,thermal,0,0.9821403622627258
7181,candidate_006,radiometer_basic;surface_temp_ir;cr1000xe_backbone,1.8504,calm,thermal,0,0.974114716053009
7181,candidate_006,radiometer_basic;surface_temp_ir;cr1000xe_backbone,1.8504,calm,thermal,0,1.0776305198669434
7181,candidate_006,radiometer_basic;surface_temp_ir;cr1000xe_backbone,1.8504,calm,thermal,0,1.0565571784973145
7181,candidate_006,radiometer_basic;surface_temp_ir;cr1000xe_backbone,1.8504,calm,transport,0,1.0712722539901733
7181,candidate_006,radiometer_basic;surface_temp_ir;cr1000xe_backbone,1.8504,calm,transport,0,1.0836838483810425
7181,candidate_006,radiometer_basic;surface_temp_ir;cr1000xe_backbone,1.8504,calm,transport,0,1.0197744369506836
7181,candidate_006,radiometer_basic;surface_temp_ir;cr1000xe_backbone,1.8504,calm,transport,0,1.0184071063995361
7181,candidate_006,radiometer_basic;surface_temp_ir;cr1000xe_backbone,1.8504,calm,transport,0,0.9871817231178284
7181,candidate_006,radiometer_basic;surface_temp_ir;cr1000xe_backbone,1.8504,calm,transport,0,0.9719691872596741
7181,candidate_006,radiometer_basic;surface_temp_ir;cr1000xe_backbone,1.8504,calm,transport,0,0.9611256122589111
7181,candidate_006,radiometer_basic;surface_temp_ir;cr1000xe_backbone,1.8504,calm,transport,0,0.946487307548523
7181,candidate_006,radiometer_basic;surface_temp_ir;cr1000xe_backbone,1.8504,calm,transport,0,0.9441553950309753
7181,candidate_006,radiometer_basic;surface_temp_ir;cr1000xe_backbone,1.8504,calm,transport,0,1.009308934211731
7181,candidate_006,radiometer_basic;surface_temp_ir;cr1000xe_backbone,1.8504,calm,transport,0,1.0616776943206787
7181,candidate_006,radiometer_basic;surface_temp_ir;cr1000xe_backbone,1.8504,calm,transport,0,1.099263310432434
7181,candidate_006,radiometer_basic;surface_temp_ir;cr1000xe_backbone,1.8504,calm,transport,0,1.1492975950241089
7181,candidate_006,radiometer_basic;surface_temp_ir;cr1000xe_backbone,1.8504,calm,transport,0,1.1575524806976318
7181,candidate_006,radiometer_basic;surface_temp_ir;cr1000xe_backbone,1.8504,calm,transport,0,1.101828694343567
7181,candidate_006,radiometer_basic;surface_temp_ir;cr1000xe_backbone,1.8504,calm,transport,0,1.1209988594055176
7181,candidate_006,radiometer_basic;surface_temp_ir;cr1000xe_backbone,1.8504,calm,transport,0,1.1527280807495117
7181,candidate_006,radiometer_basic;surface_temp_ir;cr1000xe_backbone,1.8504,calm,transport,0,1.1823344230651855
7181,candidate_006,radiometer_basic;surface_temp_ir;cr1000xe_backbone,1.8504,calm,transport,0,1.095831274986267
7181,candidate_006,radiometer_basic;surface_temp_ir;cr1000xe_backbone,1.8504,calm,transport,0,1.1216318607330322
7181,candidate_006,radiometer_basic;surface_temp_ir;cr1000xe_backbone,1.8504,calm,transport,0,1.099468469619751
7181,candidate_006,radiometer_basic;surface_temp_ir;cr1000xe_backbone,1.8504,calm,transport,0,1.0665189027786255
7181,candidate_006,radiometer_basic;surface_temp_ir;cr1000xe_backbone,1.8504,calm,transport,0,1.1099183559417725
7181,candidate_006,radiometer_basic;surface_temp_ir;cr1000xe_backbone,1.8504,calm,transport,0,1.1437411308288574
7181,candidate_006,radiometer_basic;surface_temp_ir;cr1000xe_backbone,1.8504,calm,transport,0,1.1701908111572266
7181,candidate_006,radiometer_basic;surface_temp_ir;cr1000xe_backbone,1.8504,calm,transport,0,1.1192972660064697
7181,candidate_006,radiometer_basic;surface_temp_ir;cr1000xe_backbone,1.8504,calm,transport,0,1.1132078170776367
7181,candidate_006,radiometer_basic;surface_temp_ir;cr1000xe_backbone,1.8504,calm,transport,0,1.074587106704712
7181,candidate_006,radiometer_basic;surface_temp_ir;cr1000xe_backbone,1.8504,calm,transport,0,1.040158987045288
7181,candidate_006,radiometer_basic;surface_temp_ir;cr1000xe_backbone,1.8504,calm,transport,0,1.0048824548721313
7181,candidate_006,radiometer_basic;surface_temp_ir;cr1000xe_backbone,1.8504,calm,transport,0,0.9798101186752319
7181,candidate_006,radiometer_basic;surface_temp_ir;cr1000xe_backbone,1.8504,calm,transport,0,0.9727938175201416
7181,candidate_006,radiometer_basic;surface_temp_ir;cr1000xe_backbone,1.8504,calm,transport,0,0.9891723990440369
7181,candidate_006,radiometer_basic;surface_temp_ir;cr1000xe_backbone,1.8504,calm,transport,0,1.0224782228469849
7181,candidate_006,radiometer_basic;surface_temp_ir;cr1000xe_backbone,1.8504,calm,transport,0,1.0533761978149414
7181,candidate_006,radiometer_basic;surface_temp_ir;cr1000xe_backbone,1.8504,calm,particle,0,1.103697657585144
7181,candidate_006,radiometer_basic;surface_temp_ir;cr1000xe_backbone,1.8504,calm,particle,0,1.1186106204986572
7181,candidate_006,radiometer_basic;surface_temp_ir;cr1000xe_backbone,1.8504,calm,particle,0,1.117059350013733
7181,candidate_006,radiometer_basic;surface_temp_ir;cr1000xe_backbone,1.8504,calm,particle,0,1.0791829824447632
7181,candidate_006,radiometer_basic;surface_temp_ir;cr1000xe_backbone,1.8504,calm,particle,0,1.0650798082351685
7181,candidate_006,radiometer_basic;surface_temp_ir;cr1000xe_backbone,1.8504,calm,particle,0,1.0263781547546387
7181,candidate_006,radiometer_basic;surface_temp_ir;cr1000xe_backbone,1.8504,calm,particle,0,1.0688105821609497
7181,candidate_006,radiometer_basic;surface_temp_ir;cr1000xe_backbone,1.8504,calm,particle,0,1.0037405490875244
7181,candidate_006,radiometer_basic;surface_temp_ir;cr1000xe_backbone,1.8504,calm,particle,0,1.0186693668365479
7181,candidate_006,radiometer_basic;surface_temp_ir;cr1000xe_backbone,1.8504,calm,particle,0,0.9609894752502441
7181,candidate_006,radiometer_basic;surface_temp_ir;cr1000xe_backbone,1.8504,calm,particle,0,0.9676691889762878
7181,candidate_006,radiometer_basic;surface_temp_ir;cr1000xe_backbone,1.8504,calm,particle,0,0.9693341255187988
7181,candidate_006,radiometer_basic;surface_temp_ir;cr1000xe_backbone,1.8504,calm,particle,0,1.044450283050537
7181,candidate_006,radiometer_basic;surface_temp_ir;cr1000xe_backbone,1.8504,calm,particle,0,1.073423981666565
7181,candidate_006,radiometer_basic;surface_temp_ir;cr1000xe_backbone,1.8504,calm,particle,0,1.0594581365585327
7181,candidate_006,radiometer_basic;surface_temp_ir;cr1000xe_backbone,1.8504,calm,particle,0,1.0169905424118042
7181,candidate_006,radiometer_basic;surface_temp_ir;cr1000xe_backbone,1.8504,calm,particle,0,0.9545000195503235
7181,candidate_006,radiometer_basic;surface_temp_ir;cr1000xe_backbone,1.8504,calm,particle,0,0.9636527299880981
7181,candidate_006,radiometer_basic;surface_temp_ir;cr1000xe_backbone,1.8504,calm,particle,0,0.9466886520385742
7181,candidate_006,radiometer_basic;surface_temp_ir;cr1000xe_backbone,1.8504,calm,particle,0,0.9592199325561523
7181,candidate_006,radiometer_basic;surface_temp_ir;cr1000xe_backbone,1.8504,calm,particle,0,0.9255509376525879
7181,candidate_006,radiometer_basic;surface_temp_ir;cr1000xe_backbone,1.8504,calm,particle,0,0.9331281185150146
7181,candidate_006,radiometer_basic;surface_temp_ir;cr1000xe_backbone,1.8504,calm,particle,0,0.9803040623664856
7181,candidate_006,radiometer_basic;surface_temp_ir;cr1000xe_backbone,1.8504,calm,particle,0,1.043997049331665
7181,candidate_006,radiometer_basic;surface_temp_ir;cr1000xe_backbone,1.8504,calm,particle,0,1.1061527729034424
7181,candidate_006,radiometer_basic;surface_temp_ir;cr1000xe_backbone,1.8504,calm,particle,0,1.1266330480575562
7181,candidate_006,radiometer_basic;surface_temp_ir;cr1000xe_backbone,1.8504,calm,particle,0,1.15619957447052
7181,candidate_006,radiometer_basic;surface_temp_ir;cr1000xe_backbone,1.8504,calm,particle,0,1.126761794090271
7181,candidate_006,radiometer_basic;surface_temp_ir;cr1000xe_backbone,1.8504,calm,particle,0,1.0912795066833496
7181,candidate_006,radiometer_basic;surface_temp_ir;cr1000xe_backbone,1.8504,calm,particle,0,1.0521104335784912
7181,candidate_006,radiometer_basic;surface_temp_ir;cr1000xe_backbone,1.8504,calm,particle,0,1.0892291069030762
7181,candidate_006,radiometer_basic;surface_temp_ir;cr1000xe_backbone,1.8504,calm,particle,0,1.0613200664520264
7181,candidate_006,radiometer_basic;surface_temp_ir;cr1000xe_backbone,1.8504,calm,particle,0,1.0378323793411255
7181,candidate_006,radiometer_basic;surface_temp_ir;cr1000xe_backbone,1.8504,calm,particle,0,1.0176184177398682
7181,candidate_006,radiometer_basic;surface_temp_ir;cr1000xe_backbone,1.8504,calm,thermal,0,1.0506150722503662
7181,candidate_006,radiometer_basic;surface_temp_ir;cr1000xe_backbone,1.8504,calm,thermal,0,1.0707663297653198
7181,candidate_006,radiometer_basic;surface_temp_ir;cr1000xe_backbone,1.8504,calm,thermal,0,1.075404167175293
7181,candidate_006,radiometer_basic;surface_temp_ir;cr1000xe_backbone,1.8504,calm,thermal,0,1.1013041734695435
7181,candidate_006,radiometer_basic;surface_temp_ir;cr1000xe_backbone,1.8504,calm,thermal,0,1.0708619356155396
7181,candidate_006,radiometer_basic;surface_temp_ir;cr1000xe_backbone,1.8504,calm,thermal,0,1.011534571647644
7181,candidate_006,radiometer_basic;surface_temp_ir;cr1000xe_backbone,1.8504,calm,thermal,0,1.004570722579956
7181,candidate_006,radiometer_basic;surface_temp_ir;cr1000xe_backbone,1.8504,calm,thermal,0,0.9759626388549805
7181,candidate_006,radiometer_basic;surface_temp_ir;cr1000xe_backbone,1.8504,calm,thermal,0,0.9314568042755127
7181,candidate_006,radiometer_basic;surface_temp_ir;cr1000xe_backbone,1.8504,calm,thermal,0,0.9349861145019531
7181,candidate_006,radiometer_basic;surface_temp_ir;cr1000xe_backbone,1.8504,calm,thermal,0,0.9047985076904297
7181,candidate_006,radiometer_basic;surface_temp_ir;cr1000xe_backbone,1.8504,calm,thermal,0,0.8781237006187439
7181,candidate_006,radiometer_basic;surface_temp_ir;cr1000xe_backbone,1.8504,calm,thermal,0,0.9307949542999268
7181,candidate_006,radiometer_basic;surface_temp_ir;cr1000xe_backbone,1.8504,calm,thermal,0,0.9665721654891968
7181,candidate_006,radiometer_basic;surface_temp_ir;cr1000xe_backbone,1.8504,calm,thermal,0,1.022942066192627
7181,candidate_006,radiometer_basic;surface_temp_ir;cr1000xe_backbone,1.8504,calm,thermal,0,1.0287121534347534
7181,candidate_006,radiometer_basic;surface_temp_ir;cr1000xe_backbone,1.8504,calm,thermal,0,1.0368337631225586
7181,candidate_006,radiometer_basic;surface_temp_ir;cr1000xe_backbone,1.8504,calm,thermal,0,1.0059475898742676
7181,candidate_006,radiometer_basic;surface_temp_ir;cr1000xe_backbone,1.8504,calm,thermal,0,0.9843416810035706
7181,candidate_006,radiometer_basic;surface_temp_ir;cr1000xe_backbone,1.8504,calm,thermal,0,0.9754564762115479
7181,candidate_006,radiometer_basic;surface_temp_ir;cr1000xe_backbone,1.8504,calm,thermal,0,0.9755904078483582
7181,candidate_006,radiometer_basic;surface_temp_ir;cr1000xe_backbone,1.8504,calm,transport,0,0.9648917317390442
7181,candidate_006,radiometer_basic;surface_temp_ir;cr1000xe_backbone,1.8504,calm,transport,0,0.9471237063407898
7181,candidate_006,radiometer_basic;surface_temp_ir;cr1000xe_backbone,1.8504,calm,transport,0,0.887910783290863
7181,candidate_006,radiometer_basic;surface_temp_ir;cr1000xe_backbone,1.8504,calm,transport,0,0.9294628500938416
7181,candidate_006,radiometer_basic;surface_temp_ir;cr1000xe_backbone,1.8504,calm,transport,0,0.9118723273277283
7181,candidate_006,radiometer_basic;surface_temp_ir;cr1000xe_backbone,1.8504,calm,transport,0,0.980172336101532
7181,candidate_006,radiometer_basic;surface_temp_ir;cr1000xe_backbone,1.8504,calm,transport,0,0.9503474235534668
7181,candidate_006,radiometer_basic;surface_temp_ir;cr1000xe_backbone,1.8504,calm,transport,0,1.0185277462005615
7181,candidate_006,radiometer_basic;surface_temp_ir;cr1000xe_backbone,1.8504,calm,transport,0,0.9159547686576843
7181,candidate_006,radiometer_basic;surface_temp_ir;cr1000xe_backbone,1.8504,calm,transport,0,0.8951758146286011
7181,candidate_006,radiometer_basic;surface_temp_ir;cr1000xe_backbone,1.8504,calm,transport,0,0.8907182812690735
7181,candidate_006,radiometer_basic;surface_temp_ir;cr1000xe_backbone,1.8504,calm,transport,0,0.8746063113212585
7181,candidate_006,radiometer_basic;surface_temp_ir;cr1000xe_backbone,1.8504,calm,transport,0,0.8872143030166626
7181,candidate_006,radiometer_basic;surface_temp_ir;cr1000xe_backbone,1.8504,calm,transport,0,0.8593418002128601
7181,candidate_006,radiometer_basic;surface_temp_ir;cr1000xe_backbone,1.8504,calm,transport,0,0.8643605709075928
7181,candidate_006,radiometer_basic;surface_temp_ir;cr1000xe_backbone,1.8504,calm,transport,0,0.9138129949569702
7181,candidate_006,radiometer_basic;surface_temp_ir;cr1000xe_backbone,1.8504,particle,thermal,1,0.9295605421066284
7181,candidate_006,radiometer_basic;surface_temp_ir;cr1000xe_backbone,1.8504,particle,thermal,1,1.0672128200531006
7181,candidate_006,radiometer_basic;surface_temp_ir;cr1000xe_backbone,1.8504,particle,thermal,1,1.3138445615768433
7181,candidate_006,radiometer_basic;surface_temp_ir;cr1000xe_backbone,1.8504,particle,thermal,1,1.578415036201477
7181,candidate_006,radiometer_basic;surface_temp_ir;cr1000xe_backbone,1.8504,particle,thermal,1,1.9110463857650757
7181,candidate_006,radiometer_basic;surface_temp_ir;cr1000xe_backbone,1.8504,particle,thermal,1,2.204219102859497
7181,candidate_006,radiometer_basic;surface_temp_ir;cr1000xe_backbone,1.8504,particle,thermal,1,2.504695177078247
7181,candidate_006,radiometer_basic;surface_temp_ir;cr1000xe_backbone,1.8504,particle,thermal,1,2.8160181045532227
7181,candidate_006,radiometer_basic;surface_temp_ir;cr1000xe_backbone,1.8504,particle,transport,1,2.6837077140808105
7181,candidate_006,radiometer_basic;surface_temp_ir;cr1000xe_backbone,1.8504,particle,transport,1,2.707866668701172
7181,candidate_006,radiometer_basic;surface_temp_ir;cr1000xe_backbone,1.8504,particle,transport,1,2.695087432861328
7181,candidate_006,radiometer_basic;surface_temp_ir;cr1000xe_backbone,1.8504,particle,transport,1,2.727424383163452
7181,candidate_006,radiometer_basic;surface_temp_ir;cr1000xe_backbone,1.8504,particle,transport,1,2.731278419494629
7181,candidate_006,radiometer_basic;surface_temp_ir;cr1000xe_backbone,1.8504,particle,transport,1,2.4187819957733154
7181,candidate_006,radiometer_basic;surface_temp_ir;cr1000xe_backbone,1.8504,particle,transport,1,2.1196157932281494
7181,candidate_006,radiometer_basic;surface_temp_ir;cr1000xe_backbone,1.8504,particle,transport,1,1.8215351104736328
7181,candidate_006,radiometer_basic;surface_temp_ir;cr1000xe_backbone,1.8504,particle,transport,1,1.52696692943573
7181,candidate_006,radiometer_basic;surface_temp_ir;cr1000xe_backbone,1.8504,particle,transport,1,1.1987441778182983
7181,candidate_006,radiometer_basic;surface_temp_ir;cr1000xe_backbone,1.8504,particle,transport,1,0.8906681537628174
7181,candidate_006,radiometer_basic;surface_temp_ir;cr1000xe_backbone,1.8504,particle,transport,1,0.6149384379386902
7181,candidate_006,radiometer_basic;surface_temp_ir;cr1000xe_backbone,1.8504,particle,transport,1,0.3468509614467621
7181,candidate_006,radiometer_basic;surface_temp_ir;cr1000xe_backbone,1.8504,calm,transport,0,0.31377363204956055
7181,candidate_006,radiometer_basic;surface_temp_ir;cr1000xe_backbone,1.8504,calm,transport,0,0.31638991832733154
7181,candidate_006,radiometer_basic;surface_temp_ir;cr1000xe_backbone,1.8504,calm,transport,0,0.3099571168422699
7181,candidate_006,radiometer_basic;surface_temp_ir;cr1000xe_backbone,1.8504,calm,transport,0,0.35219329595565796
7181,candidate_006,radiometer_basic;surface_temp_ir;cr1000xe_backbone,1.8504,calm,transport,0,0.3518843650817871
7181,candidate_006,radiometer_basic;surface_temp_ir;cr1000xe_backbone,1.8504,calm,transport,0,0.3024837374687195
7181,candidate_006,radiometer_basic;surface_temp_ir;cr1000xe_backbone,1.8504,calm,transport,0,0.36013200879096985
7181,candidate_006,radiometer_basic;surface_temp_ir;cr1000xe_backbone,1.8504,calm,transport,0,0.36851921677589417
7181,candidate_006,radiometer_basic;surface_temp_ir;cr1000xe_backbone,1.8504,calm,transport,0,0.399012953042984
7181,candidate_006,radiometer_basic;surface_temp_ir;cr1000xe_backbone,1.8504,calm,transport,0,0.3884362578392029
7181,candidate_006,radiometer_basic;surface_temp_ir;cr1000xe_backbone,1.8504,calm,transport,0,0.40601596236228943
7181,candidate_006,radiometer_basic;surface_temp_ir;cr1000xe_backbone,1.8504,calm,transport,0,0.38088610768318176
7181,candidate_006,radiometer_basic;surface_temp_ir;cr1000xe_backbone,1.8504,calm,particle,0,0.4000564217567444
7181,candidate_006,radiometer_basic;surface_temp_ir;cr1000xe_backbone,1.8504,flux,particle,2,0.36860528588294983
7181,candidate_006,radiometer_basic;surface_temp_ir;cr1000xe_backbone,1.8504,flux,particle,2,0.3377101719379425
7181,candidate_006,radiometer_basic;surface_temp_ir;cr1000xe_backbone,1.8504,flux,particle,2,0.34167635440826416
7181,candidate_006,radiometer_basic;surface_temp_ir;cr1000xe_backbone,1.8504,flux,particle,2,0.3385830819606781
7181,candidate_006,radiometer_basic;surface_temp_ir;cr1000xe_backbone,1.8504,flux,particle,2,0.3853835463523865
7181,candidate_006,radiometer_basic;surface_temp_ir;cr1000xe_backbone,1.8504,flux,particle,2,0.36331355571746826
7181,candidate_006,radiometer_basic;surface_temp_ir;cr1000xe_backbone,1.8504,flux,particle,2,0.43113452196121216
7181,candidate_006,radiometer_basic;surface_temp_ir;cr1000xe_backbone,1.8504,flux,particle,2,0.44953739643096924
7181,candidate_006,radiometer_basic;surface_temp_ir;cr1000xe_backbone,1.8504,flux,particle,2,0.4889649450778961
7181,candidate_006,radiometer_basic;surface_temp_ir;cr1000xe_backbone,1.8504,flux,particle,2,0.4885912239551544
7181,candidate_006,radiometer_basic;surface_temp_ir;cr1000xe_backbone,1.8504,flux,particle,2,0.4816676080226898
7181,candidate_006,radiometer_basic;surface_temp_ir;cr1000xe_backbone,1.8504,flux,particle,2,0.44887828826904297
7181,candidate_006,radiometer_basic;surface_temp_ir;cr1000xe_backbone,1.8504,flux,particle,2,0.47009938955307007
7181,candidate_006,radiometer_basic;surface_temp_ir;cr1000xe_backbone,1.8504,flux,particle,2,0.4452421963214874
7181,candidate_006,radiometer_basic;surface_temp_ir;cr1000xe_backbone,1.8504,flux,particle,2,0.4898844063282013
7181,candidate_006,radiometer_basic;surface_temp_ir;cr1000xe_backbone,1.8504,flux,particle,2,0.5165547728538513
7181,candidate_006,radiometer_basic;surface_temp_ir;cr1000xe_backbone,1.8504,flux,particle,2,0.5124586820602417
7181,candidate_006,radiometer_basic;surface_temp_ir;cr1000xe_backbone,1.8504,flux,particle,2,0.47442129254341125
7181,candidate_006,radiometer_basic;surface_temp_ir;cr1000xe_backbone,1.8504,flux,particle,2,0.5357389450073242
7181,candidate_006,radiometer_basic;surface_temp_ir;cr1000xe_backbone,1.8504,flux,particle,2,0.48849719762802124
7181,candidate_006,radiometer_basic;surface_temp_ir;cr1000xe_backbone,1.8504,flux,particle,2,0.5411651730537415
7181,candidate_006,radiometer_basic;surface_temp_ir;cr1000xe_backbone,1.8504,flux,particle,2,0.5395402312278748
7181,candidate_006,radiometer_basic;surface_temp_ir;cr1000xe_backbone,1.8504,flux,thermal,2,0.6408831477165222
7181,candidate_006,radiometer_basic;surface_temp_ir;cr1000xe_backbone,1.8504,flux,thermal,2,0.6239350438117981
7181,candidate_006,radiometer_basic;surface_temp_ir;cr1000xe_backbone,1.8504,flux,thermal,2,0.7175745964050293
7181,candidate_006,radiometer_basic;surface_temp_ir;cr1000xe_backbone,1.8504,flux,thermal,2,0.660701334476471
7181,candidate_006,radiometer_basic;surface_temp_ir;cr1000xe_backbone,1.8504,flux,thermal,2,0.7031117081642151
7181,candidate_006,radiometer_basic;surface_temp_ir;cr1000xe_backbone,1.8504,flux,thermal,2,0.7124009728431702
7181,candidate_006,radiometer_basic;surface_temp_ir;cr1000xe_backbone,1.8504,flux,thermal,2,0.723715603351593
7181,candidate_006,radiometer_basic;surface_temp_ir;cr1000xe_backbone,1.8504,flux,thermal,2,0.7362716794013977
7181,candidate_006,radiometer_basic;surface_temp_ir;cr1000xe_backbone,1.8504,flux,thermal,2,0.7490409016609192
7181,candidate_006,radiometer_basic;surface_temp_ir;cr1000xe_backbone,1.8504,flux,thermal,2,0.7836982607841492
7181,candidate_006,radiometer_basic;surface_temp_ir;cr1000xe_backbone,1.8504,flux,thermal,2,0.7724443674087524
7181,candidate_006,radiometer_basic;surface_temp_ir;cr1000xe_backbone,1.8504,flux,thermal,2,0.7571877241134644
7181,candidate_006,radiometer_basic;surface_temp_ir;cr1000xe_backbone,1.8504,flux,thermal,2,0.826507568359375
7181,candidate_006,radiometer_basic;surface_temp_ir;cr1000xe_backbone,1.8504,flux,thermal,2,0.8334218263626099
7181,candidate_006,radiometer_basic;surface_temp_ir;cr1000xe_backbone,1.8504,flux,thermal,2,0.8701837062835693
7181,candidate_006,radiometer_basic;surface_temp_ir;cr1000xe_backbone,1.8504,flux,thermal,2,0.8530359268188477
7181,candidate_006,radiometer_basic;surface_temp_ir;cr1000xe_backbone,1.8504,flux,thermal,2,0.9614428877830505
7181,candidate_006,radiometer_basic;surface_temp_ir;cr1000xe_backbone,1.8504,flux,thermal,2,0.9103966951370239
7181,candidate_006,radiometer_basic;surface_temp_ir;cr1000xe_backbone,1.8504,flux,thermal,2,0.9599584341049194
7181,candidate_006,radiometer_basic;surface_temp_ir;cr1000xe_backbone,1.8504,flux,thermal,2,1.0020759105682373
7181,candidate_006,radiometer_basic;surface_temp_ir;cr1000xe_backbone,1.8504,flux,thermal,2,1.0265520811080933
7181,candidate_006,radiometer_basic;surface_temp_ir;cr1000xe_backbone,1.8504,flux,thermal,2,1.0277918577194214
7181,candidate_006,radiometer_basic;surface_temp_ir;cr1000xe_backbone,1.8504,flux,thermal,2,1.0517507791519165
7181,candidate_006,radiometer_basic;surface_temp_ir;cr1000xe_backbone,1.8504,flux,thermal,2,1.071995496749878
7181,candidate_006,radiometer_basic;surface_temp_ir;cr1000xe_backbone,1.8504,flux,thermal,2,0.9832002520561218
7181,candidate_006,radiometer_basic;surface_temp_ir;cr1000xe_backbone,1.8504,flux,thermal,2,0.8685484528541565
7181,candidate_006,radiometer_basic;surface_temp_ir;cr1000xe_backbone,1.8504,flux,thermal,2,0.8706494569778442
7181,candidate_006,radiometer_basic;surface_temp_ir;cr1000xe_backbone,1.8504,flux,thermal,2,0.8229379057884216
7181,candidate_006,radiometer_basic;surface_temp_ir;cr1000xe_backbone,1.8504,flux,thermal,2,0.7483897805213928
7181,candidate_006,radiometer_basic;surface_temp_ir;cr1000xe_backbone,1.8504,flux,thermal,2,0.6706910729408264
7181,candidate_006,radiometer_basic;surface_temp_ir;cr1000xe_backbone,1.8504,flux,thermal,2,0.7013692855834961
7181,candidate_006,radiometer_basic;surface_temp_ir;cr1000xe_backbone,1.8504,calm,thermal,0,0.6954864263534546
7181,candidate_006,radiometer_basic;surface_temp_ir;cr1000xe_backbone,1.8504,calm,thermal,0,0.608802080154419
7181,candidate_006,radiometer_basic;surface_temp_ir;cr1000xe_backbone,1.8504,calm,thermal,0,0.6298527121543884
7181,candidate_006,radiometer_basic;surface_temp_ir;cr1000xe_backbone,1.8504,calm,transport,0,0.5703903436660767
7181,candidate_006,radiometer_basic;surface_temp_ir;cr1000xe_backbone,1.8504,calm,transport,0,0.5401986837387085
7181,candidate_006,radiometer_basic;surface_temp_ir;cr1000xe_backbone,1.8504,calm,transport,0,0.5142915844917297
7181,candidate_006,radiometer_basic;surface_temp_ir;cr1000xe_backbone,1.8504,calm,transport,0,0.5836430191993713
7181,candidate_006,radiometer_basic;surface_temp_ir;cr1000xe_backbone,1.8504,calm,transport,0,0.5404325127601624
7181,candidate_006,radiometer_basic;surface_temp_ir;cr1000xe_backbone,1.8504,calm,transport,0,0.4858052134513855
7181,candidate_006,radiometer_basic;surface_temp_ir;cr1000xe_backbone,1.8504,calm,transport,0,0.5046314597129822
7181,candidate_006,radiometer_basic;surface_temp_ir;cr1000xe_backbone,1.8504,calm,transport,0,0.538496196269989
7181,candidate_006,radiometer_basic;surface_temp_ir;cr1000xe_backbone,1.8504,calm,transport,0,0.464671790599823
7181,candidate_006,radiometer_basic;surface_temp_ir;cr1000xe_backbone,1.8504,calm,transport,0,0.4897725284099579
7181,candidate_006,radiometer_basic;surface_temp_ir;cr1000xe_backbone,1.8504,calm,transport,0,0.3951106667518616
7181,candidate_006,radiometer_basic;surface_temp_ir;cr1000xe_backbone,1.8504,particle,transport,1,0.41784489154815674
7181,candidate_006,radiometer_basic;surface_temp_ir;cr1000xe_backbone,1.8504,particle,transport,1,0.3266203999519348
7181,candidate_006,radiometer_basic;surface_temp_ir;cr1000xe_backbone,1.8504,particle,transport,1,0.3304278552532196
7181,candidate_006,radiometer_basic;surface_temp_ir;cr1000xe_backbone,1.8504,particle,transport,1,0.2930760383605957
7181,candidate_006,radiometer_basic;surface_temp_ir;cr1000xe_backbone,1.8504,particle,transport,1,0.24507896602153778
7181,candidate_006,radiometer_basic;surface_temp_ir;cr1000xe_backbone,1.8504,particle,transport,1,0.2763369381427765
7181,candidate_006,radiometer_basic;surface_temp_ir;cr1000xe_backbone,1.8504,particle,transport,1,0.23392000794410706
7181,candidate_006,radiometer_basic;surface_temp_ir;cr1000xe_backbone,1.8504,particle,transport,1,0.27683550119400024
7181,candidate_006,radiometer_basic;surface_temp_ir;cr1000xe_backbone,1.8504,particle,transport,1,0.27373984456062317
7181,candidate_006,radiometer_basic;surface_temp_ir;cr1000xe_backbone,1.8504,particle,transport,1,0.30640608072280884
7181,candidate_006,radiometer_basic;surface_temp_ir;cr1000xe_backbone,1.8504,particle,transport,1,0.3232732117176056
7181,candidate_006,radiometer_basic;surface_temp_ir;cr1000xe_backbone,1.8504,particle,transport,1,0.2743317782878876
7181,candidate_006,radiometer_basic;surface_temp_ir;cr1000xe_backbone,1.8504,particle,transport,1,0.3567025363445282
7181,candidate_006,radiometer_basic;surface_temp_ir;cr1000xe_backbone,1.8504,particle,transport,1,0.30498942732810974
7181,candidate_006,radiometer_basic;surface_temp_ir;cr1000xe_backbone,1.8504,particle,transport,1,0.3402484357357025
7181,candidate_006,radiometer_basic;surface_temp_ir;cr1000xe_backbone,1.8504,particle,particle,1,0.3193541467189789
7181,candidate_006,radiometer_basic;surface_temp_ir;cr1000xe_backbone,1.8504,particle,particle,1,0.37756434082984924
7181,candidate_006,radiometer_basic;surface_temp_ir;cr1000xe_backbone,1.8504,particle,particle,1,0.3747474253177643
7181,candidate_006,radiometer_basic;surface_temp_ir;cr1000xe_backbone,1.8504,particle,particle,1,0.3873346149921417
7181,candidate_006,radiometer_basic;surface_temp_ir;cr1000xe_backbone,1.8504,particle,particle,1,0.3816004693508148
7181,candidate_006,radiometer_basic;surface_temp_ir;cr1000xe_backbone,1.8504,particle,particle,1,0.4328654110431671
7181,candidate_006,radiometer_basic;surface_temp_ir;cr1000xe_backbone,1.8504,particle,particle,1,0.43800464272499084
7181,candidate_006,radiometer_basic;surface_temp_ir;cr1000xe_backbone,1.8504,particle,particle,1,0.4722476005554199
7181,candidate_006,radiometer_basic;surface_temp_ir;cr1000xe_backbone,1.8504,particle,particle,1,0.42417773604393005
7181,candidate_006,radiometer_basic;surface_temp_ir;cr1000xe_backbone,1.8504,particle,particle,1,0.4934723377227783
7181,candidate_006,radiometer_basic;surface_temp_ir;cr1000xe_backbone,1.8504,particle,particle,1,0.44142967462539673
7181,candidate_006,radiometer_basic;surface_temp_ir;cr1000xe_backbone,1.8504,calm,particle,0,0.5182210803031921
7181,candidate_006,radiometer_basic;surface_temp_ir;cr1000xe_backbone,1.8504,calm,particle,0,0.4910690188407898
7181,candidate_006,radiometer_basic;surface_temp_ir;cr1000xe_backbone,1.8504,calm,particle,0,0.5220227837562561
7181,candidate_006,radiometer_basic;surface_temp_ir;cr1000xe_backbone,1.8504,calm,particle,0,0.5019853115081787
7181,candidate_006,radiometer_basic;surface_temp_ir;cr1000xe_backbone,1.8504,calm,particle,0,0.48880264163017273
7181,candidate_006,radiometer_basic;surface_temp_ir;cr1000xe_backbone,1.8504,calm,particle,0,0.5362846851348877
7181,candidate_006,radiometer_basic;surface_temp_ir;cr1000xe_backbone,1.8504,calm,particle,0,0.5900000333786011
7181,candidate_006,radiometer_basic;surface_temp_ir;cr1000xe_backbone,1.8504,calm,particle,0,0.5569804310798645
7181,candidate_006,radiometer_basic;surface_temp_ir;cr1000xe_backbone,1.8504,calm,thermal,0,0.5886468291282654
7181,candidate_006,radiometer_basic;surface_temp_ir;cr1000xe_backbone,1.8504,calm,thermal,0,0.5876823663711548
7181,candidate_006,radiometer_basic;surface_temp_ir;cr1000xe_backbone,1.8504,calm,thermal,0,0.6076062917709351
7181,candidate_006,radiometer_basic;surface_temp_ir;cr1000xe_backbone,1.8504,calm,thermal,0,0.6037896275520325
7181,candidate_006,radiometer_basic;surface_temp_ir;cr1000xe_backbone,1.8504,calm,thermal,0,0.5716721415519714
7181,candidate_006,radiometer_basic;surface_temp_ir;cr1000xe_backbone,1.8504,flux,thermal,2,0.5626543760299683
7181,candidate_006,radiometer_basic;surface_temp_ir;cr1000xe_backbone,1.8504,flux,thermal,2,0.583034336566925
7181,candidate_006,radiometer_basic;surface_temp_ir;cr1000xe_backbone,1.8504,flux,thermal,2,0.6158691048622131
7181,candidate_006,radiometer_basic;surface_temp_ir;cr1000xe_backbone,1.8504,flux,thermal,2,0.5564999580383301
7181,candidate_006,radiometer_basic;surface_temp_ir;cr1000xe_backbone,1.8504,flux,thermal,2,0.5691639184951782
7181,candidate_006,radiometer_basic;surface_temp_ir;cr1000xe_backbone,1.8504,flux,thermal,2,0.5453925728797913
7181,candidate_006,radiometer_basic;surface_temp_ir;cr1000xe_backbone,1.8504,flux,thermal,2,0.560379683971405
7181,candidate_006,radiometer_basic;surface_temp_ir;cr1000xe_backbone,1.8504,flux,thermal,2,0.5444432497024536
7181,candidate_006,radiometer_basic;surface_temp_ir;cr1000xe_backbone,1.8504,flux,thermal,2,0.5304134488105774
7181,candidate_006,radiometer_basic;surface_temp_ir;cr1000xe_backbone,1.8504,flux,thermal,2,0.5897712111473083
7181,candidate_006,radiometer_basic;surface_temp_ir;cr1000xe_backbone,1.8504,flux,thermal,2,0.5459540486335754
7181,candidate_006,radiometer_basic;surface_temp_ir;cr1000xe_backbone,1.8504,flux,thermal,2,0.5492439270019531
7181,candidate_006,radiometer_basic;surface_temp_ir;cr1000xe_backbone,1.8504,flux,thermal,2,0.5124247074127197
7181,candidate_006,radiometer_basic;surface_temp_ir;cr1000xe_backbone,1.8504,flux,thermal,2,0.4974331259727478
7181,candidate_006,radiometer_basic;surface_temp_ir;cr1000xe_backbone,1.8504,flux,thermal,2,0.5218927264213562
7181,candidate_006,radiometer_basic;surface_temp_ir;cr1000xe_backbone,1.8504,flux,thermal,2,0.5011272430419922
7181,candidate_006,radiometer_basic;surface_temp_ir;cr1000xe_backbone,1.8504,flux,thermal,2,0.47223272919654846
7181,candidate_006,radiometer_basic;surface_temp_ir;cr1000xe_backbone,1.8504,flux,thermal,2,0.4330158829689026
7181,candidate_006,radiometer_basic;surface_temp_ir;cr1000xe_backbone,1.8504,flux,thermal,2,0.4104902744293213
7181,candidate_006,radiometer_basic;surface_temp_ir;cr1000xe_backbone,1.8504,flux,thermal,2,0.44455817341804504
7181,candidate_006,radiometer_basic;surface_temp_ir;cr1000xe_backbone,1.8504,flux,thermal,2,0.7243282198905945
7181,candidate_006,radiometer_basic;surface_temp_ir;cr1000xe_backbone,1.8504,flux,thermal,2,1.0142343044281006
7181,candidate_006,radiometer_basic;surface_temp_ir;cr1000xe_backbone,1.8504,flux,thermal,2,1.2886801958084106
7181,candidate_006,radiometer_basic;surface_temp_ir;cr1000xe_backbone,1.8504,flux,thermal,2,1.6107652187347412
7181,candidate_006,radiometer_basic;surface_temp_ir;cr1000xe_backbone,1.8504,flux,thermal,2,1.9175570011138916
7181,candidate_006,radiometer_basic;surface_temp_ir;cr1000xe_backbone,1.8504,flux,thermal,2,2.23356032371521
7181,candidate_006,radiometer_basic;surface_temp_ir;cr1000xe_backbone,1.8504,flux,thermal,2,2.5728156566619873
7181,candidate_006,radiometer_basic;surface_temp_ir;cr1000xe_backbone,1.8504,flux,thermal,2,2.9078078269958496
7181,candidate_006,radiometer_basic;surface_temp_ir;cr1000xe_backbone,1.8504,flux,transport,2,2.8018171787261963
7181,candidate_006,radiometer_basic;surface_temp_ir;cr1000xe_backbone,1.8504,flux,transport,2,2.802234172821045
7181,candidate_006,radiometer_basic;surface_temp_ir;cr1000xe_backbone,1.8504,flux,transport,2,2.813901662826538
7181,candidate_006,radiometer_basic;surface_temp_ir;cr1000xe_backbone,1.8504,flux,transport,2,2.8210253715515137
7181,candidate_006,radiometer_basic;surface_temp_ir;cr1000xe_backbone,1.8504,flux,transport,2,2.830857753753662
7181,candidate_006,radiometer_basic;surface_temp_ir;cr1000xe_backbone,1.8504,flux,transport,2,2.8397867679595947
7181,candidate_006,radiometer_basic;surface_temp_ir;cr1000xe_backbone,1.8504,flux,transport,2,2.8292226791381836
7181,candidate_006,radiometer_basic;surface_temp_ir;cr1000xe_backbone,1.8504,flux,transport,2,2.825923204421997
7181,candidate_006,radiometer_basic;surface_temp_ir;cr1000xe_backbone,1.8504,flux,transport,2,2.834538221359253
7181,candidate_006,radiometer_basic;surface_temp_ir;cr1000xe_backbone,1.8504,flux,transport,2,2.8440701961517334
7181,candidate_006,radiometer_basic;surface_temp_ir;cr1000xe_backbone,1.8504,flux,transport,2,2.8459863662719727
7181,candidate_006,radiometer_basic;surface_temp_ir;cr1000xe_backbone,1.8504,flux,transport,2,2.8628740310668945
7181,candidate_006,radiometer_basic;surface_temp_ir;cr1000xe_backbone,1.8504,flux,transport,2,2.8867809772491455
7181,candidate_006,radiometer_basic;surface_temp_ir;cr1000xe_backbone,1.8504,flux,transport,2,2.92878794670105
7181,candidate_006,radiometer_basic;surface_temp_ir;cr1000xe_backbone,1.8504,flux,transport,2,2.902059555053711
7181,candidate_006,radiometer_basic;surface_temp_ir;cr1000xe_backbone,1.8504,flux,transport,2,2.8775012493133545
7181,candidate_006,radiometer_basic;surface_temp_ir;cr1000xe_backbone,1.8504,flux,transport,2,2.908418893814087
7181,candidate_006,radiometer_basic;surface_temp_ir;cr1000xe_backbone,1.8504,flux,transport,2,2.9853217601776123
7181,candidate_006,radiometer_basic;surface_temp_ir;cr1000xe_backbone,1.8504,flux,transport,2,2.9131367206573486
7181,candidate_006,radiometer_basic;surface_temp_ir;cr1000xe_backbone,1.8504,flux,transport,2,2.905632734298706
7181,candidate_006,radiometer_basic;surface_temp_ir;cr1000xe_backbone,1.8504,flux,transport,2,2.705414056777954
7181,candidate_006,radiometer_basic;surface_temp_ir;cr1000xe_backbone,1.8504,flux,transport,2,2.461169481277466
7181,candidate_006,radiometer_basic;surface_temp_ir;cr1000xe_backbone,1.8504,flux,transport,2,2.162170886993408
7181,candidate_006,radiometer_basic;surface_temp_ir;cr1000xe_backbone,1.8504,flux,transport,2,1.8939623832702637
7181,candidate_006,radiometer_basic;surface_temp_ir;cr1000xe_backbone,1.8504,flux,transport,2,1.6004242897033691
7181,candidate_006,radiometer_basic;surface_temp_ir;cr1000xe_backbone,1.8504,flux,transport,2,1.3294553756713867
7181,candidate_006,radiometer_basic;surface_temp_ir;cr1000xe_backbone,1.8504,flux,transport,2,1.0221374034881592
7181,candidate_006,radiometer_basic;surface_temp_ir;cr1000xe_backbone,1.8504,flux,transport,2,0.75742107629776
7181,candidate_006,radiometer_basic;surface_temp_ir;cr1000xe_backbone,1.8504,flux,particle,2,0.7829422354698181
7181,candidate_006,radiometer_basic;surface_temp_ir;cr1000xe_backbone,1.8504,flux,particle,2,0.7435974478721619
7181,candidate_006,radiometer_basic;surface_temp_ir;cr1000xe_backbone,1.8504,calm,particle,0,0.7494503855705261
7181,candidate_006,radiometer_basic;surface_temp_ir;cr1000xe_backbone,1.8504,calm,particle,0,0.7281244993209839
7181,candidate_006,radiometer_basic;surface_temp_ir;cr1000xe_backbone,1.8504,calm,particle,0,0.7356859445571899
7181,candidate_006,radiometer_basic;surface_temp_ir;cr1000xe_backbone,1.8504,calm,particle,0,0.7530931830406189
7181,candidate_006,radiometer_basic;surface_temp_ir;cr1000xe_backbone,1.8504,calm,particle,0,0.7249104976654053
7181,candidate_006,radiometer_basic;surface_temp_ir;cr1000xe_backbone,1.8504,calm,particle,0,0.7617971301078796
7181,candidate_006,radiometer_basic;surface_temp_ir;cr1000xe_backbone,1.8504,calm,particle,0,0.7548300623893738
7181,candidate_006,radiometer_basic;surface_temp_ir;cr1000xe_backbone,1.8504,calm,particle,0,0.7563105225563049
7181,candidate_006,radiometer_basic;surface_temp_ir;cr1000xe_backbone,1.8504,calm,particle,0,0.7585444450378418
7181,candidate_006,radiometer_basic;surface_temp_ir;cr1000xe_backbone,1.8504,calm,particle,0,0.7310559153556824
7181,candidate_006,radiometer_basic;surface_temp_ir;cr1000xe_backbone,1.8504,calm,particle,0,0.7177982330322266
7181,candidate_006,radiometer_basic;surface_temp_ir;cr1000xe_backbone,1.8504,calm,particle,0,0.6144744157791138
7181,candidate_006,radiometer_basic;surface_temp_ir;cr1000xe_backbone,1.8504,flux,particle,2,0.67197185754776
7181,candidate_006,radiometer_basic;surface_temp_ir;cr1000xe_backbone,1.8504,flux,particle,2,0.6938505172729492
7181,candidate_006,radiometer_basic;surface_temp_ir;cr1000xe_backbone,1.8504,flux,particle,2,0.6929331421852112
7181,candidate_006,radiometer_basic;surface_temp_ir;cr1000xe_backbone,1.8504,flux,particle,2,0.7032740712165833
7181,candidate_006,radiometer_basic;surface_temp_ir;cr1000xe_backbone,1.8504,flux,thermal,2,0.6793257594108582
7181,candidate_006,radiometer_basic;surface_temp_ir;cr1000xe_backbone,1.8504,flux,thermal,2,0.691601037979126
7181,candidate_006,radiometer_basic;surface_temp_ir;cr1000xe_backbone,1.8504,flux,thermal,2,0.6652578711509705
7181,candidate_006,radiometer_basic;surface_temp_ir;cr1000xe_backbone,1.8504,flux,thermal,2,0.6695907711982727
7181,candidate_006,radiometer_basic;surface_temp_ir;cr1000xe_backbone,1.8504,flux,thermal,2,0.6593719124794006
7181,candidate_006,radiometer_basic;surface_temp_ir;cr1000xe_backbone,1.8504,flux,thermal,2,0.6579829454421997
7181,candidate_006,radiometer_basic;surface_temp_ir;cr1000xe_backbone,1.8504,flux,thermal,2,0.6543799638748169
7181,candidate_006,radiometer_basic;surface_temp_ir;cr1000xe_backbone,1.8504,flux,thermal,2,0.7128823399543762
7181,candidate_006,radiometer_basic;surface_temp_ir;cr1000xe_backbone,1.8504,flux,thermal,2,0.6191648840904236
7181,candidate_006,radiometer_basic;surface_temp_ir;cr1000xe_backbone,1.8504,flux,thermal,2,0.613488495349884
7181,candidate_006,radiometer_basic;surface_temp_ir;cr1000xe_backbone,1.8504,flux,thermal,2,0.5672985911369324
7181,candidate_006,radiometer_basic;surface_temp_ir;cr1000xe_backbone,1.8504,flux,thermal,2,0.6404018402099609
7181,candidate_006,radiometer_basic;surface_temp_ir;cr1000xe_backbone,1.8504,flux,thermal,2,0.5905727744102478
7181,candidate_006,radiometer_basic;surface_temp_ir;cr1000xe_backbone,1.8504,flux,thermal,2,0.5839628577232361
7181,candidate_006,radiometer_basic;surface_temp_ir;cr1000xe_backbone,1.8504,flux,thermal,2,0.5985552668571472
7181,candidate_006,radiometer_basic;surface_temp_ir;cr1000xe_backbone,1.8504,flux,thermal,2,0.7038974761962891
7181,candidate_006,radiometer_basic;surface_temp_ir;cr1000xe_backbone,1.8504,flux,thermal,2,0.63286292552948
7181,candidate_006,radiometer_basic;surface_temp_ir;cr1000xe_backbone,1.8504,flux,thermal,2,0.6229920983314514
7181,candidate_006,radiometer_basic;surface_temp_ir;cr1000xe_backbone,1.8504,flux,thermal,2,0.6314789056777954
7181,candidate_006,radiometer_basic;surface_temp_ir;cr1000xe_backbone,1.8504,flux,thermal,2,0.5748542547225952
7181,candidate_006,radiometer_basic;surface_temp_ir;cr1000xe_backbone,1.8504,flux,thermal,2,0.5537585020065308
7181,candidate_006,radiometer_basic;surface_temp_ir;cr1000xe_backbone,1.8504,flux,thermal,2,0.487624853849411
7181,candidate_006,radiometer_basic;surface_temp_ir;cr1000xe_backbone,1.8504,flux,thermal,2,0.5737521648406982
7181,candidate_006,radiometer_basic;surface_temp_ir;cr1000xe_backbone,1.8504,flux,thermal,2,0.5674176812171936
7181,candidate_006,radiometer_basic;surface_temp_ir;cr1000xe_backbone,1.8504,flux,thermal,2,0.8060004115104675
7181,candidate_006,radiometer_basic;surface_temp_ir;cr1000xe_backbone,1.8504,flux,thermal,2,1.1360357999801636
7181,candidate_006,radiometer_basic;surface_temp_ir;cr1000xe_backbone,1.8504,flux,thermal,2,1.1626999378204346
7181,candidate_006,radiometer_basic;surface_temp_ir;cr1000xe_backbone,1.8504,flux,thermal,2,1.1833536624908447
7181,candidate_006,radiometer_basic;surface_temp_ir;cr1000xe_backbone,1.8504,flux,thermal,2,1.197331190109253
7181,candidate_006,radiometer_basic;surface_temp_ir;cr1000xe_backbone,1.8504,flux,thermal,2,1.2504794597625732
7181,candidate_006,radiometer_basic;surface_temp_ir;cr1000xe_backbone,1.8504,flux,thermal,2,1.1958931684494019
7181,candidate_006,radiometer_basic;surface_temp_ir;cr1000xe_backbone,1.8504,flux,thermal,2,1.2474260330200195
7181,candidate_006,radiometer_basic;surface_temp_ir;cr1000xe_backbone,1.8504,flux,transport,2,0.8685916662216187
7181,candidate_006,radiometer_basic;surface_temp_ir;cr1000xe_backbone,1.8504,flux,transport,2,0.5850660800933838
7181,candidate_006,radiometer_basic;surface_temp_ir;cr1000xe_backbone,1.8504,calm,transport,0,0.6032693386077881
7181,candidate_006,radiometer_basic;surface_temp_ir;cr1000xe_backbone,1.8504,calm,transport,0,0.6121420860290527
7181,candidate_006,radiometer_basic;surface_temp_ir;cr1000xe_backbone,1.8504,calm,transport,0,0.612735390663147
7181,candidate_006,radiometer_basic;surface_temp_ir;cr1000xe_backbone,1.8504,calm,transport,0,0.6113680601119995
7181,candidate_006,radiometer_basic;surface_temp_ir;cr1000xe_backbone,1.8504,calm,transport,0,0.5987228155136108
7181,candidate_006,radiometer_basic;surface_temp_ir;cr1000xe_backbone,1.8504,calm,transport,0,0.6506677269935608
7181,candidate_006,radiometer_basic;surface_temp_ir;cr1000xe_backbone,1.8504,calm,transport,0,0.9270357489585876
7181,candidate_006,radiometer_basic;surface_temp_ir;cr1000xe_backbone,1.8504,calm,transport,0,1.2538481950759888
7181,candidate_007,laser_disdrometer;cr1000xe_backbone,1.2904,calm,transport,0,1.1267374753952026
7181,candidate_007,laser_disdrometer;cr1000xe_backbone,1.2904,calm,transport,0,1.1364902257919312
7181,candidate_007,laser_disdrometer;cr1000xe_backbone,1.2904,calm,transport,0,1.1369991302490234
7181,candidate_007,laser_disdrometer;cr1000xe_backbone,1.2904,calm,transport,0,1.1760176420211792
7181,candidate_007,laser_disdrometer;cr1000xe_backbone,1.2904,calm,transport,0,1.1110228300094604
7181,candidate_007,laser_disdrometer;cr1000xe_backbone,1.2904,calm,transport,0,1.1649278402328491
7181,candidate_007,laser_disdrometer;cr1000xe_backbone,1.2904,calm,transport,0,1.2590521574020386
7181,candidate_007,laser_disdrometer;cr1000xe_backbone,1.2904,calm,transport,0,1.1794201135635376
7181,candidate_007,laser_disdrometer;cr1000xe_backbone,1.2904,calm,transport,0,1.1341731548309326
7181,candidate_007,laser_disdrometer;cr1000xe_backbone,1.2904,calm,transport,0,0.9996983408927917
7181,candidate_007,laser_disdrometer;cr1000xe_backbone,1.2904,calm,transport,0,1.1492109298706055
7181,candidate_007,laser_disdrometer;cr1000xe_backbone,1.2904,calm,transport,0,1.339643120765686
7181,candidate_007,laser_disdrometer;cr1000xe_backbone,1.2904,calm,transport,0,1.302432894706726
7181,candidate_007,laser_disdrometer;cr1000xe_backbone,1.2904,calm,transport,0,0.9794085025787354
7181,candidate_007,laser_disdrometer;cr1000xe_backbone,1.2904,calm,transport,0,1.3544361591339111
7181,candidate_007,laser_disdrometer;cr1000xe_backbone,1.2904,calm,transport,0,1.432320475578308
7181,candidate_007,laser_disdrometer;cr1000xe_backbone,1.2904,calm,transport,0,1.5439932346343994
7181,candidate_007,laser_disdrometer;cr1000xe_backbone,1.2904,calm,transport,0,1.1561497449874878
7181,candidate_007,laser_disdrometer;cr1000xe_backbone,1.2904,calm,transport,0,1.162445306777954
7181,candidate_007,laser_disdrometer;cr1000xe_backbone,1.2904,calm,transport,0,1.2005181312561035
7181,candidate_007,laser_disdrometer;cr1000xe_backbone,1.2904,calm,transport,0,1.672158122062683
7181,candidate_007,laser_disdrometer;cr1000xe_backbone,1.2904,calm,transport,0,1.1852378845214844
7181,candidate_007,laser_disdrometer;cr1000xe_backbone,1.2904,calm,particle,0,1.3192057609558105
7181,candidate_007,laser_disdrometer;cr1000xe_backbone,1.2904,calm,particle,0,1.2589398622512817
7181,candidate_007,laser_disdrometer;cr1000xe_backbone,1.2904,calm,particle,0,1.3250800371170044
7181,candidate_007,laser_disdrometer;cr1000xe_backbone,1.2904,calm,particle,0,1.157331943511963
7181,candidate_007,laser_disdrometer;cr1000xe_backbone,1.2904,calm,particle,0,1.7467455863952637
7181,candidate_007,laser_disdrometer;cr1000xe_backbone,1.2904,calm,particle,0,1.1628007888793945
7181,candidate_007,laser_disdrometer;cr1000xe_backbone,1.2904,calm,particle,0,1.2497800588607788
7181,candidate_007,laser_disdrometer;cr1000xe_backbone,1.2904,calm,particle,0,1.5033067464828491
7181,candidate_007,laser_disdrometer;cr1000xe_backbone,1.2904,calm,particle,0,1.2137296199798584
7181,candidate_007,laser_disdrometer;cr1000xe_backbone,1.2904,calm,particle,0,1.0278595685958862
7181,candidate_007,laser_disdrometer;cr1000xe_backbone,1.2904,calm,particle,0,1.0328748226165771
7181,candidate_007,laser_disdrometer;cr1000xe_backbone,1.2904,calm,particle,0,1.0215405225753784
7181,candidate_007,laser_disdrometer;cr1000xe_backbone,1.2904,calm,particle,0,0.9242764115333557
7181,candidate_007,laser_disdrometer;cr1000xe_backbone,1.2904,calm,particle,0,0.876839816570282
7181,candidate_007,laser_disdrometer;cr1000xe_backbone,1.2904,calm,particle,0,0.8981571197509766
7181,candidate_007,laser_disdrometer;cr1000xe_backbone,1.2904,calm,particle,0,0.901776909828186
7181,candidate_007,laser_disdrometer;cr1000xe_backbone,1.2904,calm,particle,0,1.0362355709075928
7181,candidate_007,laser_disdrometer;cr1000xe_backbone,1.2904,calm,particle,0,0.913790762424469
7181,candidate_007,laser_disdrometer;cr1000xe_backbone,1.2904,calm,particle,0,0.789540708065033
7181,candidate_007,laser_disdrometer;cr1000xe_backbone,1.2904,calm,particle,0,0.7768317461013794
7181,candidate_007,laser_disdrometer;cr1000xe_backbone,1.2904,calm,particle,0,0.8831031918525696
7181,candidate_007,laser_disdrometer;cr1000xe_backbone,1.2904,calm,particle,0,0.9522116780281067
7181,candidate_007,laser_disdrometer;cr1000xe_backbone,1.2904,calm,thermal,0,1.0466290712356567
7181,candidate_007,laser_disdrometer;cr1000xe_backbone,1.2904,calm,thermal,0,0.9657372236251831
7181,candidate_007,laser_disdrometer;cr1000xe_backbone,1.2904,calm,thermal,0,1.0565730333328247
7181,candidate_007,laser_disdrometer;cr1000xe_backbone,1.2904,calm,thermal,0,0.968372642993927
7181,candidate_007,laser_disdrometer;cr1000xe_backbone,1.2904,calm,thermal,0,1.0259183645248413
7181,candidate_007,laser_disdrometer;cr1000xe_backbone,1.2904,calm,thermal,0,1.4009841680526733
7181,candidate_007,laser_disdrometer;cr1000xe_backbone,1.2904,calm,thermal,0,1.3841420412063599
7181,candidate_007,laser_disdrometer;cr1000xe_backbone,1.2904,calm,thermal,0,1.3649275302886963
7181,candidate_007,laser_disdrometer;cr1000xe_backbone,1.2904,calm,thermal,0,1.1887481212615967
7181,candidate_007,laser_disdrometer;cr1000xe_backbone,1.2904,calm,thermal,0,1.2973971366882324
7181,candidate_007,laser_disdrometer;cr1000xe_backbone,1.2904,calm,thermal,0,1.4850997924804688
7181,candidate_007,laser_disdrometer;cr1000xe_backbone,1.2904,calm,thermal,0,1.3103934526443481
7181,candidate_007,laser_disdrometer;cr1000xe_backbone,1.2904,calm,thermal,0,0.9896683096885681
7181,candidate_007,laser_disdrometer;cr1000xe_backbone,1.2904,calm,thermal,0,0.9664351344108582
7181,candidate_007,laser_disdrometer;cr1000xe_backbone,1.2904,calm,thermal,0,1.586560606956482
7181,candidate_007,laser_disdrometer;cr1000xe_backbone,1.2904,calm,thermal,0,1.0574722290039062
7181,candidate_007,laser_disdrometer;cr1000xe_backbone,1.2904,calm,thermal,0,1.060907006263733
7181,candidate_007,laser_disdrometer;cr1000xe_backbone,1.2904,calm,thermal,0,0.7831330895423889
7181,candidate_007,laser_disdrometer;cr1000xe_backbone,1.2904,calm,thermal,0,1.6156474351882935
7181,candidate_007,laser_disdrometer;cr1000xe_backbone,1.2904,calm,thermal,0,0.8427014350891113
7181,candidate_007,laser_disdrometer;cr1000xe_backbone,1.2904,calm,thermal,0,1.2326008081436157
7181,candidate_007,laser_disdrometer;cr1000xe_backbone,1.2904,calm,thermal,0,0.8886502385139465
7181,candidate_007,laser_disdrometer;cr1000xe_backbone,1.2904,calm,thermal,0,1.3639320135116577
7181,candidate_007,laser_disdrometer;cr1000xe_backbone,1.2904,calm,thermal,0,1.1800223588943481
7181,candidate_007,laser_disdrometer;cr1000xe_backbone,1.2904,calm,thermal,0,1.0892038345336914
7181,candidate_007,laser_disdrometer;cr1000xe_backbone,1.2904,calm,thermal,0,0.9317910671234131
7181,candidate_007,laser_disdrometer;cr1000xe_backbone,1.2904,calm,thermal,0,0.9717341661453247
7181,candidate_007,laser_disdrometer;cr1000xe_backbone,1.2904,calm,transport,0,1.0528252124786377
7181,candidate_007,laser_disdrometer;cr1000xe_backbone,1.2904,calm,transport,0,1.118127465248108
7181,candidate_007,laser_disdrometer;cr1000xe_backbone,1.2904,calm,transport,0,0.9591127634048462
7181,candidate_007,laser_disdrometer;cr1000xe_backbone,1.2904,calm,transport,0,1.1973782777786255
7181,candidate_007,laser_disdrometer;cr1000xe_backbone,1.2904,calm,transport,0,1.6253342628479004
7181,candidate_007,laser_disdrometer;cr1000xe_backbone,1.2904,calm,transport,0,1.3866397142410278
7181,candidate_007,laser_disdrometer;cr1000xe_backbone,1.2904,calm,transport,0,1.2368801832199097
7181,candidate_007,laser_disdrometer;cr1000xe_backbone,1.2904,calm,transport,0,0.9461639523506165
7181,candidate_007,laser_disdrometer;cr1000xe_backbone,1.2904,calm,transport,0,1.9878275394439697
7181,candidate_007,laser_disdrometer;cr1000xe_backbone,1.2904,calm,transport,0,1.3806020021438599
7181,candidate_007,laser_disdrometer;cr1000xe_backbone,1.2904,calm,transport,0,1.5027480125427246
7181,candidate_007,laser_disdrometer;cr1000xe_backbone,1.2904,calm,transport,0,1.0251752138137817
7181,candidate_007,laser_disdrometer;cr1000xe_backbone,1.2904,calm,transport,0,1.2803337574005127
7181,candidate_007,laser_disdrometer;cr1000xe_backbone,1.2904,calm,transport,0,1.0358456373214722
7181,candidate_007,laser_disdrometer;cr1000xe_backbone,1.2904,calm,transport,0,1.5486366748809814
7181,candidate_007,laser_disdrometer;cr1000xe_backbone,1.2904,calm,transport,0,0.9645640850067139
7181,candidate_007,laser_disdrometer;cr1000xe_backbone,1.2904,calm,transport,0,1.0057740211486816
7181,candidate_007,laser_disdrometer;cr1000xe_backbone,1.2904,calm,transport,0,0.9251536130905151
7181,candidate_007,laser_disdrometer;cr1000xe_backbone,1.2904,calm,transport,0,1.1934733390808105
7181,candidate_007,laser_disdrometer;cr1000xe_backbone,1.2904,calm,transport,0,0.8186231851577759
7181,candidate_007,laser_disdrometer;cr1000xe_backbone,1.2904,calm,transport,0,1.0142406225204468
7181,candidate_007,laser_disdrometer;cr1000xe_backbone,1.2904,calm,transport,0,0.9635701179504395
7181,candidate_007,laser_disdrometer;cr1000xe_backbone,1.2904,calm,transport,0,1.0909311771392822
7181,candidate_007,laser_disdrometer;cr1000xe_backbone,1.2904,calm,transport,0,1.0065113306045532
7181,candidate_007,laser_disdrometer;cr1000xe_backbone,1.2904,calm,transport,0,1.114488959312439
7181,candidate_007,laser_disdrometer;cr1000xe_backbone,1.2904,calm,transport,0,1.0362014770507812
7181,candidate_007,laser_disdrometer;cr1000xe_backbone,1.2904,calm,transport,0,1.2150524854660034
7181,candidate_007,laser_disdrometer;cr1000xe_backbone,1.2904,calm,transport,0,0.9336625933647156
7181,candidate_007,laser_disdrometer;cr1000xe_backbone,1.2904,calm,particle,0,0.9477905035018921
7181,candidate_007,laser_disdrometer;cr1000xe_backbone,1.2904,calm,particle,0,0.8214734196662903
7181,candidate_007,laser_disdrometer;cr1000xe_backbone,1.2904,calm,particle,0,1.0462722778320312
7181,candidate_007,laser_disdrometer;cr1000xe_backbone,1.2904,calm,particle,0,1.0327386856079102
7181,candidate_007,laser_disdrometer;cr1000xe_backbone,1.2904,calm,particle,0,0.9625590443611145
7181,candidate_007,laser_disdrometer;cr1000xe_backbone,1.2904,calm,particle,0,1.0134104490280151
7181,candidate_007,laser_disdrometer;cr1000xe_backbone,1.2904,calm,particle,0,1.126624584197998
7181,candidate_007,laser_disdrometer;cr1000xe_backbone,1.2904,calm,particle,0,1.0007612705230713
7181,candidate_007,laser_disdrometer;cr1000xe_backbone,1.2904,calm,particle,0,0.8409409523010254
7181,candidate_007,laser_disdrometer;cr1000xe_backbone,1.2904,calm,particle,0,1.2783610820770264
7181,candidate_007,laser_disdrometer;cr1000xe_backbone,1.2904,calm,particle,0,1.1875512599945068
7181,candidate_007,laser_disdrometer;cr1000xe_backbone,1.2904,calm,particle,0,1.3944108486175537
7181,candidate_007,laser_disdrometer;cr1000xe_backbone,1.2904,calm,particle,0,1.186190128326416
7181,candidate_007,laser_disdrometer;cr1000xe_backbone,1.2904,calm,particle,0,1.457421898841858
7181,candidate_007,laser_disdrometer;cr1000xe_backbone,1.2904,calm,particle,0,1.14426589012146
7181,candidate_007,laser_disdrometer;cr1000xe_backbone,1.2904,calm,particle,0,1.2797549962997437
7181,candidate_007,laser_disdrometer;cr1000xe_backbone,1.2904,calm,particle,0,1.1175252199172974
7181,candidate_007,laser_disdrometer;cr1000xe_backbone,1.2904,calm,particle,0,1.1639113426208496
7181,candidate_007,laser_disdrometer;cr1000xe_backbone,1.2904,calm,particle,0,1.2932183742523193
7181,candidate_007,laser_disdrometer;cr1000xe_backbone,1.2904,calm,particle,0,1.1533485651016235
7181,candidate_007,laser_disdrometer;cr1000xe_backbone,1.2904,calm,particle,0,1.172054648399353
7181,candidate_007,laser_disdrometer;cr1000xe_backbone,1.2904,calm,particle,0,1.230851173400879
7181,candidate_007,laser_disdrometer;cr1000xe_backbone,1.2904,calm,particle,0,1.3101887702941895
7181,candidate_007,laser_disdrometer;cr1000xe_backbone,1.2904,calm,particle,0,1.3008732795715332
7181,candidate_007,laser_disdrometer;cr1000xe_backbone,1.2904,calm,particle,0,1.203151822090149
7181,candidate_007,laser_disdrometer;cr1000xe_backbone,1.2904,calm,particle,0,1.1207690238952637
7181,candidate_007,laser_disdrometer;cr1000xe_backbone,1.2904,calm,particle,0,1.089985966682434
7181,candidate_007,laser_disdrometer;cr1000xe_backbone,1.2904,calm,particle,0,1.0975415706634521
7181,candidate_007,laser_disdrometer;cr1000xe_backbone,1.2904,calm,particle,0,1.186565637588501
7181,candidate_007,laser_disdrometer;cr1000xe_backbone,1.2904,calm,particle,0,1.1077488660812378
7181,candidate_007,laser_disdrometer;cr1000xe_backbone,1.2904,calm,particle,0,0.9642070531845093
7181,candidate_007,laser_disdrometer;cr1000xe_backbone,1.2904,calm,thermal,0,1.0270493030548096
7181,candidate_007,laser_disdrometer;cr1000xe_backbone,1.2904,calm,thermal,0,1.1632897853851318
7181,candidate_007,laser_disdrometer;cr1000xe_backbone,1.2904,calm,thermal,0,1.149606466293335
7181,candidate_007,laser_disdrometer;cr1000xe_backbone,1.2904,calm,thermal,0,1.212246060371399
7181,candidate_007,laser_disdrometer;cr1000xe_backbone,1.2904,calm,thermal,0,1.2304092645645142
7181,candidate_007,laser_disdrometer;cr1000xe_backbone,1.2904,calm,thermal,0,1.0943008661270142
7181,candidate_007,laser_disdrometer;cr1000xe_backbone,1.2904,calm,thermal,0,1.0301483869552612
7181,candidate_007,laser_disdrometer;cr1000xe_backbone,1.2904,calm,thermal,0,1.2325162887573242
7181,candidate_007,laser_disdrometer;cr1000xe_backbone,1.2904,calm,thermal,0,1.1671775579452515
7181,candidate_007,laser_disdrometer;cr1000xe_backbone,1.2904,calm,thermal,0,1.2411088943481445
7181,candidate_007,laser_disdrometer;cr1000xe_backbone,1.2904,calm,thermal,0,1.3983079195022583
7181,candidate_007,laser_disdrometer;cr1000xe_backbone,1.2904,calm,thermal,0,1.424318790435791
7181,candidate_007,laser_disdrometer;cr1000xe_backbone,1.2904,calm,thermal,0,1.4781819581985474
7181,candidate_007,laser_disdrometer;cr1000xe_backbone,1.2904,calm,thermal,0,1.2399290800094604
7181,candidate_007,laser_disdrometer;cr1000xe_backbone,1.2904,calm,thermal,0,1.2267392873764038
7181,candidate_007,laser_disdrometer;cr1000xe_backbone,1.2904,calm,thermal,0,1.236439824104309
7181,candidate_007,laser_disdrometer;cr1000xe_backbone,1.2904,calm,thermal,0,1.4254028797149658
7181,candidate_007,laser_disdrometer;cr1000xe_backbone,1.2904,calm,thermal,0,1.2688440084457397
7181,candidate_007,laser_disdrometer;cr1000xe_backbone,1.2904,calm,thermal,0,1.197286605834961
7181,candidate_007,laser_disdrometer;cr1000xe_backbone,1.2904,calm,thermal,0,1.4085043668746948
7181,candidate_007,laser_disdrometer;cr1000xe_backbone,1.2904,calm,transport,0,1.3663688898086548
7181,candidate_007,laser_disdrometer;cr1000xe_backbone,1.2904,calm,transport,0,1.1772372722625732
7181,candidate_007,laser_disdrometer;cr1000xe_backbone,1.2904,calm,transport,0,1.0686140060424805
7181,candidate_007,laser_disdrometer;cr1000xe_backbone,1.2904,calm,transport,0,1.2008289098739624
7181,candidate_007,laser_disdrometer;cr1000xe_backbone,1.2904,calm,transport,0,1.1398638486862183
7181,candidate_007,laser_disdrometer;cr1000xe_backbone,1.2904,calm,transport,0,1.2527377605438232
7181,candidate_007,laser_disdrometer;cr1000xe_backbone,1.2904,calm,transport,0,1.0619077682495117
7181,candidate_007,laser_disdrometer;cr1000xe_backbone,1.2904,calm,transport,0,1.1542781591415405
7181,candidate_007,laser_disdrometer;cr1000xe_backbone,1.2904,calm,transport,0,1.2234652042388916
7181,candidate_007,laser_disdrometer;cr1000xe_backbone,1.2904,calm,transport,0,1.2598187923431396
7181,candidate_007,laser_disdrometer;cr1000xe_backbone,1.2904,calm,transport,0,1.2742514610290527
7181,candidate_007,laser_disdrometer;cr1000xe_backbone,1.2904,calm,transport,0,1.2201452255249023
7181,candidate_007,laser_disdrometer;cr1000xe_backbone,1.2904,calm,transport,0,1.260162115097046
7181,candidate_007,laser_disdrometer;cr1000xe_backbone,1.2904,calm,transport,0,1.3469102382659912
7181,candidate_007,laser_disdrometer;cr1000xe_backbone,1.2904,calm,transport,0,1.3856472969055176
7181,candidate_007,laser_disdrometer;cr1000xe_backbone,1.2904,calm,transport,0,1.371885061264038
7181,candidate_007,laser_disdrometer;cr1000xe_backbone,1.2904,calm,transport,0,1.3187507390975952
7181,candidate_007,laser_disdrometer;cr1000xe_backbone,1.2904,calm,transport,0,1.4302257299423218
7181,candidate_007,laser_disdrometer;cr1000xe_backbone,1.2904,calm,transport,0,1.6225882768630981
7181,candidate_007,laser_disdrometer;cr1000xe_backbone,1.2904,calm,transport,0,1.8451164960861206
7181,candidate_007,laser_disdrometer;cr1000xe_backbone,1.2904,calm,transport,0,1.741448163986206
7181,candidate_007,laser_disdrometer;cr1000xe_backbone,1.2904,calm,transport,0,1.8194286823272705
7181,candidate_007,laser_disdrometer;cr1000xe_backbone,1.2904,calm,transport,0,1.8756449222564697
7181,candidate_007,laser_disdrometer;cr1000xe_backbone,1.2904,calm,transport,0,2.6266283988952637
7181,candidate_007,laser_disdrometer;cr1000xe_backbone,1.2904,calm,transport,0,2.224867343902588
7181,candidate_007,laser_disdrometer;cr1000xe_backbone,1.2904,calm,transport,0,2.2896957397460938
7181,candidate_007,laser_disdrometer;cr1000xe_backbone,1.2904,calm,transport,0,2.2359626293182373
7181,candidate_007,laser_disdrometer;cr1000xe_backbone,1.2904,calm,transport,0,2.4672040939331055
7181,candidate_007,laser_disdrometer;cr1000xe_backbone,1.2904,calm,transport,0,2.37697172164917
7181,candidate_007,laser_disdrometer;cr1000xe_backbone,1.2904,calm,transport,0,2.139631509780884
7181,candidate_007,laser_disdrometer;cr1000xe_backbone,1.2904,calm,transport,0,1.7035796642303467
7181,candidate_007,laser_disdrometer;cr1000xe_backbone,1.2904,calm,transport,0,1.677978277206421
7181,candidate_007,laser_disdrometer;cr1000xe_backbone,1.2904,calm,transport,0,2.1890807151794434
7181,candidate_007,laser_disdrometer;cr1000xe_backbone,1.2904,calm,transport,0,1.5959783792495728
7181,candidate_007,laser_disdrometer;cr1000xe_backbone,1.2904,calm,transport,0,1.4739431142807007
7181,candidate_007,laser_disdrometer;cr1000xe_backbone,1.2904,calm,particle,0,1.37588632106781
7181,candidate_007,laser_disdrometer;cr1000xe_backbone,1.2904,calm,particle,0,1.610037922859192
7181,candidate_007,laser_disdrometer;cr1000xe_backbone,1.2904,calm,particle,0,1.2702025175094604
7181,candidate_007,laser_disdrometer;cr1000xe_backbone,1.2904,calm,particle,0,1.324021577835083
7181,candidate_007,laser_disdrometer;cr1000xe_backbone,1.2904,calm,particle,0,1.352228045463562
7181,candidate_007,laser_disdrometer;cr1000xe_backbone,1.2904,calm,particle,0,1.3864742517471313
7181,candidate_007,laser_disdrometer;cr1000xe_backbone,1.2904,calm,particle,0,1.3602536916732788
7181,candidate_007,laser_disdrometer;cr1000xe_backbone,1.2904,calm,particle,0,1.2519229650497437
7181,candidate_007,laser_disdrometer;cr1000xe_backbone,1.2904,calm,particle,0,1.3065224885940552
7181,candidate_007,laser_disdrometer;cr1000xe_backbone,1.2904,calm,particle,0,1.2075220346450806
7181,candidate_007,laser_disdrometer;cr1000xe_backbone,1.2904,calm,particle,0,1.2480735778808594
7181,candidate_007,laser_disdrometer;cr1000xe_backbone,1.2904,calm,particle,0,1.0800820589065552
7181,candidate_007,laser_disdrometer;cr1000xe_backbone,1.2904,calm,particle,0,1.7153133153915405
7181,candidate_007,laser_disdrometer;cr1000xe_backbone,1.2904,calm,particle,0,1.1917208433151245
7181,candidate_007,laser_disdrometer;cr1000xe_backbone,1.2904,calm,particle,0,1.560523509979248
7181,candidate_007,laser_disdrometer;cr1000xe_backbone,1.2904,calm,particle,0,1.1370530128479004
7181,candidate_007,laser_disdrometer;cr1000xe_backbone,1.2904,calm,particle,0,1.4864680767059326
7181,candidate_007,laser_disdrometer;cr1000xe_backbone,1.2904,calm,particle,0,1.0870848894119263
7181,candidate_007,laser_disdrometer;cr1000xe_backbone,1.2904,calm,particle,0,1.4848978519439697
7181,candidate_007,laser_disdrometer;cr1000xe_backbone,1.2904,calm,particle,0,1.0674480199813843
7181,candidate_007,laser_disdrometer;cr1000xe_backbone,1.2904,calm,particle,0,1.2947262525558472
7181,candidate_007,laser_disdrometer;cr1000xe_backbone,1.2904,calm,particle,0,1.365049958229065
7181,candidate_007,laser_disdrometer;cr1000xe_backbone,1.2904,calm,particle,0,1.5236098766326904
7181,candidate_007,laser_disdrometer;cr1000xe_backbone,1.2904,calm,particle,0,1.5623360872268677
7181,candidate_007,laser_disdrometer;cr1000xe_backbone,1.2904,calm,particle,0,1.4170770645141602
7181,candidate_007,laser_disdrometer;cr1000xe_backbone,1.2904,calm,particle,0,1.3902531862258911
7181,candidate_007,laser_disdrometer;cr1000xe_backbone,1.2904,calm,particle,0,1.1567800045013428
7181,candidate_007,laser_disdrometer;cr1000xe_backbone,1.2904,calm,particle,0,1.0827972888946533
7181,candidate_007,laser_disdrometer;cr1000xe_backbone,1.2904,calm,particle,0,1.378185510635376
7181,candidate_007,laser_disdrometer;cr1000xe_backbone,1.2904,calm,particle,0,1.2825736999511719
7181,candidate_007,laser_disdrometer;cr1000xe_backbone,1.2904,calm,particle,0,1.4188392162322998
7181,candidate_007,laser_disdrometer;cr1000xe_backbone,1.2904,calm,particle,0,1.2608168125152588
7181,candidate_007,laser_disdrometer;cr1000xe_backbone,1.2904,calm,particle,0,1.4053564071655273
7181,candidate_007,laser_disdrometer;cr1000xe_backbone,1.2904,calm,particle,0,1.4911353588104248
7181,candidate_007,laser_disdrometer;cr1000xe_backbone,1.2904,calm,thermal,0,1.484581470489502
7181,candidate_007,laser_disdrometer;cr1000xe_backbone,1.2904,calm,thermal,0,1.3372901678085327
7181,candidate_007,laser_disdrometer;cr1000xe_backbone,1.2904,calm,thermal,0,1.485281229019165
7181,candidate_007,laser_disdrometer;cr1000xe_backbone,1.2904,calm,thermal,0,1.331078052520752
7181,candidate_007,laser_disdrometer;cr1000xe_backbone,1.2904,calm,thermal,0,1.4000521898269653
7181,candidate_007,laser_disdrometer;cr1000xe_backbone,1.2904,calm,thermal,0,1.3654792308807373
7181,candidate_007,laser_disdrometer;cr1000xe_backbone,1.2904,calm,thermal,0,1.3595147132873535
7181,candidate_007,laser_disdrometer;cr1000xe_backbone,1.2904,calm,thermal,0,1.3590247631072998
7181,candidate_007,laser_disdrometer;cr1000xe_backbone,1.2904,calm,thermal,0,1.299899935722351
7181,candidate_007,laser_disdrometer;cr1000xe_backbone,1.2904,calm,thermal,0,1.16816246509552
7181,candidate_007,laser_disdrometer;cr1000xe_backbone,1.2904,calm,thermal,0,1.5325634479522705
7181,candidate_007,laser_disdrometer;cr1000xe_backbone,1.2904,calm,thermal,0,1.395566463470459
7181,candidate_007,laser_disdrometer;cr1000xe_backbone,1.2904,calm,thermal,0,1.4021022319793701
7181,candidate_007,laser_disdrometer;cr1000xe_backbone,1.2904,calm,thermal,0,1.3700000047683716
7181,candidate_007,laser_disdrometer;cr1000xe_backbone,1.2904,calm,thermal,0,1.4286739826202393
7181,candidate_007,laser_disdrometer;cr1000xe_backbone,1.2904,calm,thermal,0,1.130391240119934
7181,candidate_007,laser_disdrometer;cr1000xe_backbone,1.2904,calm,thermal,0,1.4911320209503174
7181,candidate_007,laser_disdrometer;cr1000xe_backbone,1.2904,calm,thermal,0,1.3897212743759155
7181,candidate_007,laser_disdrometer;cr1000xe_backbone,1.2904,calm,thermal,0,1.3562921285629272
7181,candidate_007,laser_disdrometer;cr1000xe_backbone,1.2904,calm,thermal,0,1.286948561668396
7181,candidate_007,laser_disdrometer;cr1000xe_backbone,1.2904,calm,thermal,0,1.9835423231124878
7181,candidate_007,laser_disdrometer;cr1000xe_backbone,1.2904,calm,transport,0,1.8082994222640991
7181,candidate_007,laser_disdrometer;cr1000xe_backbone,1.2904,calm,transport,0,1.8553608655929565
7181,candidate_007,laser_disdrometer;cr1000xe_backbone,1.2904,calm,transport,0,1.612073540687561
7181,candidate_007,laser_disdrometer;cr1000xe_backbone,1.2904,calm,transport,0,2.2487130165100098
7181,candidate_007,laser_disdrometer;cr1000xe_backbone,1.2904,calm,transport,0,1.8891310691833496
7181,candidate_007,laser_disdrometer;cr1000xe_backbone,1.2904,calm,transport,0,1.7900493144989014
7181,candidate_007,laser_disdrometer;cr1000xe_backbone,1.2904,calm,transport,0,1.887988805770874
7181,candidate_007,laser_disdrometer;cr1000xe_backbone,1.2904,calm,transport,0,2.0792300701141357
7181,candidate_007,laser_disdrometer;cr1000xe_backbone,1.2904,calm,transport,0,1.6971449851989746
7181,candidate_007,laser_disdrometer;cr1000xe_backbone,1.2904,calm,transport,0,1.4260071516036987
7181,candidate_007,laser_disdrometer;cr1000xe_backbone,1.2904,calm,transport,0,1.3032667636871338
7181,candidate_007,laser_disdrometer;cr1000xe_backbone,1.2904,calm,transport,0,1.3925374746322632
7181,candidate_007,laser_disdrometer;cr1000xe_backbone,1.2904,calm,transport,0,1.1512070894241333
7181,candidate_007,laser_disdrometer;cr1000xe_backbone,1.2904,calm,transport,0,1.2445969581604004
7181,candidate_007,laser_disdrometer;cr1000xe_backbone,1.2904,calm,transport,0,1.2006844282150269
7181,candidate_007,laser_disdrometer;cr1000xe_backbone,1.2904,calm,transport,0,1.2860690355300903
7181,candidate_007,laser_disdrometer;cr1000xe_backbone,1.2904,particle,thermal,1,0.9437281489372253
7181,candidate_007,laser_disdrometer;cr1000xe_backbone,1.2904,particle,thermal,1,1.1972767114639282
7181,candidate_007,laser_disdrometer;cr1000xe_backbone,1.2904,particle,thermal,1,1.5402978658676147
7181,candidate_007,laser_disdrometer;cr1000xe_backbone,1.2904,particle,thermal,1,1.7183260917663574
7181,candidate_007,laser_disdrometer;cr1000xe_backbone,1.2904,particle,thermal,1,2.0164012908935547
7181,candidate_007,laser_disdrometer;cr1000xe_backbone,1.2904,particle,thermal,1,2.2302086353302
7181,candidate_007,laser_disdrometer;cr1000xe_backbone,1.2904,particle,thermal,1,2.4679601192474365
7181,candidate_007,laser_disdrometer;cr1000xe_backbone,1.2904,particle,thermal,1,2.6698648929595947
7181,candidate_007,laser_disdrometer;cr1000xe_backbone,1.2904,particle,transport,1,2.6124227046966553
7181,candidate_007,laser_disdrometer;cr1000xe_backbone,1.2904,particle,transport,1,2.624847173690796
7181,candidate_007,laser_disdrometer;cr1000xe_backbone,1.2904,particle,transport,1,2.47995662689209
7181,candidate_007,laser_disdrometer;cr1000xe_backbone,1.2904,particle,transport,1,2.6444284915924072
7181,candidate_007,laser_disdrometer;cr1000xe_backbone,1.2904,particle,transport,1,2.6664938926696777
7181,candidate_007,laser_disdrometer;cr1000xe_backbone,1.2904,particle,transport,1,2.779237747192383
7181,candidate_007,laser_disdrometer;cr1000xe_backbone,1.2904,particle,transport,1,2.845384359359741
7181,candidate_007,laser_disdrometer;cr1000xe_backbone,1.2904,particle,transport,1,2.9758262634277344
7181,candidate_007,laser_disdrometer;cr1000xe_backbone,1.2904,particle,transport,1,2.991823434829712
7181,candidate_007,laser_disdrometer;cr1000xe_backbone,1.2904,particle,transport,1,2.9546165466308594
7181,candidate_007,laser_disdrometer;cr1000xe_backbone,1.2904,particle,transport,1,2.821641206741333
7181,candidate_007,laser_disdrometer;cr1000xe_backbone,1.2904,particle,transport,1,2.7631728649139404
7181,candidate_007,laser_disdrometer;cr1000xe_backbone,1.2904,particle,transport,1,2.4465324878692627
7181,candidate_007,laser_disdrometer;cr1000xe_backbone,1.2904,calm,transport,0,2.340343952178955
7181,candidate_007,laser_disdrometer;cr1000xe_backbone,1.2904,calm,transport,0,2.1941821575164795
7181,candidate_007,laser_disdrometer;cr1000xe_backbone,1.2904,calm,transport,0,1.9827672243118286
7181,candidate_007,laser_disdrometer;cr1000xe_backbone,1.2904,calm,transport,0,1.943073034286499
7181,candidate_007,laser_disdrometer;cr1000xe_backbone,1.2904,calm,transport,0,1.8651971817016602
7181,candidate_007,laser_disdrometer;cr1000xe_backbone,1.2904,calm,transport,0,1.767234206199646
7181,candidate_007,laser_disdrometer;cr1000xe_backbone,1.2904,calm,transport,0,1.4237327575683594
7181,candidate_007,laser_disdrometer;cr1000xe_backbone,1.2904,calm,transport,0,1.3338613510131836
7181,candidate_007,laser_disdrometer;cr1000xe_backbone,1.2904,calm,transport,0,1.1622227430343628
7181,candidate_007,laser_disdrometer;cr1000xe_backbone,1.2904,calm,transport,0,1.0278106927871704
7181,candidate_007,laser_disdrometer;cr1000xe_backbone,1.2904,calm,transport,0,0.7620798349380493
7181,candidate_007,laser_disdrometer;cr1000xe_backbone,1.2904,calm,transport,0,0.7008025050163269
7181,candidate_007,laser_disdrometer;cr1000xe_backbone,1.2904,calm,particle,0,0.6513707041740417
7181,candidate_007,laser_disdrometer;cr1000xe_backbone,1.2904,flux,particle,2,0.5633777976036072
7181,candidate_007,laser_disdrometer;cr1000xe_backbone,1.2904,flux,particle,2,0.5513531565666199
7181,candidate_007,laser_disdrometer;cr1000xe_backbone,1.2904,flux,particle,2,0.4919370412826538
7181,candidate_007,laser_disdrometer;cr1000xe_backbone,1.2904,flux,particle,2,0.5757216811180115
7181,candidate_007,laser_disdrometer;cr1000xe_backbone,1.2904,flux,particle,2,0.6150049567222595
7181,candidate_007,laser_disdrometer;cr1000xe_backbone,1.2904,flux,particle,2,0.6914535164833069
7181,candidate_007,laser_disdrometer;cr1000xe_backbone,1.2904,flux,particle,2,0.6749959588050842
7181,candidate_007,laser_disdrometer;cr1000xe_backbone,1.2904,flux,particle,2,0.6043893694877625
7181,candidate_007,laser_disdrometer;cr1000xe_backbone,1.2904,flux,particle,2,0.8799485564231873
7181,candidate_007,laser_disdrometer;cr1000xe_backbone,1.2904,flux,particle,2,0.9229855537414551
7181,candidate_007,laser_disdrometer;cr1000xe_backbone,1.2904,flux,particle,2,1.3131152391433716
7181,candidate_007,laser_disdrometer;cr1000xe_backbone,1.2904,flux,particle,2,1.4724525213241577
7181,candidate_007,laser_disdrometer;cr1000xe_backbone,1.2904,flux,particle,2,1.8265728950500488
7181,candidate_007,laser_disdrometer;cr1000xe_backbone,1.2904,flux,particle,2,1.123706340789795
7181,candidate_007,laser_disdrometer;cr1000xe_backbone,1.2904,flux,particle,2,1.275246262550354
7181,candidate_007,laser_disdrometer;cr1000xe_backbone,1.2904,flux,particle,2,1.5859376192092896
7181,candidate_007,laser_disdrometer;cr1000xe_backbone,1.2904,flux,particle,2,1.821061134338379
7181,candidate_007,laser_disdrometer;cr1000xe_backbone,1.2904,flux,particle,2,1.3614418506622314
7181,candidate_007,laser_disdrometer;cr1000xe_backbone,1.2904,flux,particle,2,1.5408036708831787
7181,candidate_007,laser_disdrometer;cr1000xe_backbone,1.2904,flux,particle,2,1.921721339225769
7181,candidate_007,laser_disdrometer;cr1000xe_backbone,1.2904,flux,particle,2,1.7540723085403442
7181,candidate_007,laser_disdrometer;cr1000xe_backbone,1.2904,flux,particle,2,1.82854425907135
7181,candidate_007,laser_disdrometer;cr1000xe_backbone,1.2904,flux,thermal,2,2.0618412494659424
7181,candidate_007,laser_disdrometer;cr1000xe_backbone,1.2904,flux,thermal,2,1.6369173526763916
7181,candidate_007,laser_disdrometer;cr1000xe_backbone,1.2904,flux,thermal,2,1.52022385597229
7181,candidate_007,laser_disdrometer;cr1000xe_backbone,1.2904,flux,thermal,2,2.102376699447632
7181,candidate_007,laser_disdrometer;cr1000xe_backbone,1.2904,flux,thermal,2,2.224228620529175
7181,candidate_007,laser_disdrometer;cr1000xe_backbone,1.2904,flux,thermal,2,1.69217050075531
7181,candidate_007,laser_disdrometer;cr1000xe_backbone,1.2904,flux,thermal,2,1.7789498567581177
7181,candidate_007,laser_disdrometer;cr1000xe_backbone,1.2904,flux,thermal,2,2.508882999420166
7181,candidate_007,laser_disdrometer;cr1000xe_backbone,1.2904,flux,thermal,2,2.4066879749298096
7181,candidate_007,laser_disdrometer;cr1000xe_backbone,1.2904,flux,thermal,2,1.8125537633895874
7181,candidate_007,laser_disdrometer;cr1000xe_backbone,1.2904,flux,thermal,2,1.7393172979354858
7181,candidate_007,laser_disdrometer;cr1000xe_backbone,1.2904,flux,thermal,2,2.194018840789795
7181,candidate_007,laser_disdrometer;cr1000xe_backbone,1.2904,flux,thermal,2,2.2135136127471924
7181,candidate_007,laser_disdrometer;cr1000xe_backbone,1.2904,flux,thermal,2,1.805371642112732
7181,candidate_007,laser_disdrometer;cr1000xe_backbone,1.2904,flux,thermal,2,2.128539562225342
7181,candidate_007,laser_disdrometer;cr1000xe_backbone,1.2904,flux,thermal,2,2.3062949180603027
7181,candidate_007,laser_disdrometer;cr1000xe_backbone,1.2904,flux,thermal,2,2.226621150970459
7181,candidate_007,laser_disdrometer;cr1000xe_backbone,1.2904,flux,thermal,2,2.2581281661987305
7181,candidate_007,laser_disdrometer;cr1000xe_backbone,1.2904,flux,thermal,2,2.1373918056488037
7181,candidate_007,laser_disdrometer;cr1000xe_backbone,1.2904,flux,thermal,2,2.6031503677368164
7181,candidate_007,laser_disdrometer;cr1000xe_backbone,1.2904,flux,thermal,2,2.3003532886505127
7181,candidate_007,laser_disdrometer;cr1000xe_backbone,1.2904,flux,thermal,2,2.160903215408325
7181,candidate_007,laser_disdrometer;cr1000xe_backbone,1.2904,flux,thermal,2,1.784946084022522
7181,candidate_007,laser_disdrometer;cr1000xe_backbone,1.2904,flux,thermal,2,2.2884459495544434
7181,candidate_007,laser_disdrometer;cr1000xe_backbone,1.2904,flux,thermal,2,1.5723888874053955
7181,candidate_007,laser_disdrometer;cr1000xe_backbone,1.2904,flux,thermal,2,2.0449297428131104
7181,candidate_007,laser_disdrometer;cr1000xe_backbone,1.2904,flux,thermal,2,1.3941010236740112
7181,candidate_007,laser_disdrometer;cr1000xe_backbone,1.2904,flux,thermal,2,2.167948007583618
7181,candidate_007,laser_disdrometer;cr1000xe_backbone,1.2904,flux,thermal,2,1.3441781997680664
7181,candidate_007,laser_disdrometer;cr1000xe_backbone,1.2904,flux,thermal,2,2.110135555267334
7181,candidate_007,laser_disdrometer;cr1000xe_backbone,1.2904,flux,thermal,2,1.6760826110839844
7181,candidate_007,laser_disdrometer;cr1000xe_backbone,1.2904,calm,thermal,0,1.8180378675460815
7181,candidate_007,laser_disdrometer;cr1000xe_backbone,1.2904,calm,thermal,0,1.1901280879974365
7181,candidate_007,laser_disdrometer;cr1000xe_backbone,1.2904,calm,thermal,0,1.3652337789535522
7181,candidate_007,laser_disdrometer;cr1000xe_backbone,1.2904,calm,transport,0,1.2425483465194702
7181,candidate_007,laser_disdrometer;cr1000xe_backbone,1.2904,calm,transport,0,1.439424991607666
7181,candidate_007,laser_disdrometer;cr1000xe_backbone,1.2904,calm,transport,0,1.4406721591949463
7181,candidate_007,laser_disdrometer;cr1000xe_backbone,1.2904,calm,transport,0,1.5839660167694092
7181,candidate_007,laser_disdrometer;cr1000xe_backbone,1.2904,calm,transport,0,1.072557806968689
7181,candidate_007,laser_disdrometer;cr1000xe_backbone,1.2904,calm,transport,0,0.9970958828926086
7181,candidate_007,laser_disdrometer;cr1000xe_backbone,1.2904,calm,transport,0,1.337998628616333
7181,candidate_007,laser_disdrometer;cr1000xe_backbone,1.2904,calm,transport,0,1.0573490858078003
7181,candidate_007,laser_disdrometer;cr1000xe_backbone,1.2904,calm,transport,0,1.0237171649932861
7181,candidate_007,laser_disdrometer;cr1000xe_backbone,1.2904,calm,transport,0,0.810322642326355
7181,candidate_007,laser_disdrometer;cr1000xe_backbone,1.2904,calm,transport,0,1.1202571392059326
7181,candidate_007,laser_disdrometer;cr1000xe_backbone,1.2904,particle,transport,1,0.7554046511650085
7181,candidate_007,laser_disdrometer;cr1000xe_backbone,1.2904,particle,transport,1,0.8348792791366577
7181,candidate_007,laser_disdrometer;cr1000xe_backbone,1.2904,particle,transport,1,0.724087655544281
7181,candidate_007,laser_disdrometer;cr1000xe_backbone,1.2904,particle,transport,1,1.491373062133789
7181,candidate_007,laser_disdrometer;cr1000xe_backbone,1.2904,particle,transport,1,0.8424803018569946
7181,candidate_007,laser_disdrometer;cr1000xe_backbone,1.2904,particle,transport,1,1.2338519096374512
7181,candidate_007,laser_disdrometer;cr1000xe_backbone,1.2904,particle,transport,1,0.7076520323753357
7181,candidate_007,laser_disdrometer;cr1000xe_backbone,1.2904,particle,transport,1,0.8475827574729919
7181,candidate_007,laser_disdrometer;cr1000xe_backbone,1.2904,particle,transport,1,1.0241272449493408
7181,candidate_007,laser_disdrometer;cr1000xe_backbone,1.2904,particle,transport,1,1.1394038200378418
7181,candidate_007,laser_disdrometer;cr1000xe_backbone,1.2904,particle,transport,1,1.0661506652832031
7181,candidate_007,laser_disdrometer;cr1000xe_backbone,1.2904,particle,transport,1,1.7649080753326416
7181,candidate_007,laser_disdrometer;cr1000xe_backbone,1.2904,particle,transport,1,2.2680187225341797
7181,candidate_007,laser_disdrometer;cr1000xe_backbone,1.2904,particle,transport,1,2.0893807411193848
7181,candidate_007,laser_disdrometer;cr1000xe_backbone,1.2904,particle,transport,1,2.3277218341827393
7181,candidate_007,laser_disdrometer;cr1000xe_backbone,1.2904,particle,particle,1,2.4359076023101807
7181,candidate_007,laser_disdrometer;cr1000xe_backbone,1.2904,particle,particle,1,2.0020368099212646
7181,candidate_007,laser_disdrometer;cr1000xe_backbone,1.2904,particle,particle,1,2.2386152744293213
7181,candidate_007,laser_disdrometer;cr1000xe_backbone,1.2904,particle,particle,1,2.3685712814331055
7181,candidate_007,laser_disdrometer;cr1000xe_backbone,1.2904,particle,particle,1,2.5029964447021484
7181,candidate_007,laser_disdrometer;cr1000xe_backbone,1.2904,particle,particle,1,2.182159423828125
7181,candidate_007,laser_disdrometer;cr1000xe_backbone,1.2904,particle,particle,1,2.3886234760284424
7181,candidate_007,laser_disdrometer;cr1000xe_backbone,1.2904,particle,particle,1,2.229663610458374
7181,candidate_007,laser_disdrometer;cr1000xe_backbone,1.2904,particle,particle,1,2.544222831726074
7181,candidate_007,laser_disdrometer;cr1000xe_backbone,1.2904,particle,particle,1,2.0909218788146973
7181,candidate_007,laser_disdrometer;cr1000xe_backbone,1.2904,particle,particle,1,2.4620559215545654
7181,candidate_007,laser_disdrometer;cr1000xe_backbone,1.2904,calm,particle,0,2.0625274181365967
7181,candidate_007,laser_disdrometer;cr1000xe_backbone,1.2904,calm,particle,0,2.3040449619293213
7181,candidate_007,laser_disdrometer;cr1000xe_backbone,1.2904,calm,particle,0,2.0666611194610596
7181,candidate_007,laser_disdrometer;cr1000xe_backbone,1.2904,calm,particle,0,1.862916111946106
7181,candidate_007,laser_disdrometer;cr1000xe_backbone,1.2904,calm,particle,0,1.632009506225586
7181,candidate_007,laser_disdrometer;cr1000xe_backbone,1.2904,calm,particle,0,1.4254826307296753
7181,candidate_007,laser_disdrometer;cr1000xe_backbone,1.2904,calm,particle,0,1.4762755632400513
7181,candidate_007,laser_disdrometer;cr1000xe_backbone,1.2904,calm,particle,0,1.100576639175415
7181,candidate_007,laser_disdrometer;cr1000xe_backbone,1.2904,calm,thermal,0,0.808975100517273
7181,candidate_007,laser_disdrometer;cr1000xe_backbone,1.2904,calm,thermal,0,0.7274066209793091
7181,candidate_007,laser_disdrometer;cr1000xe_backbone,1.2904,calm,thermal,0,0.8574146032333374
7181,candidate_007,laser_disdrometer;cr1000xe_backbone,1.2904,calm,thermal,0,0.7016960382461548
7181,candidate_007,laser_disdrometer;cr1000xe_backbone,1.2904,calm,thermal,0,0.6289551258087158
7181,candidate_007,laser_disdrometer;cr1000xe_backbone,1.2904,flux,thermal,2,0.6185336709022522
7181,candidate_007,laser_disdrometer;cr1000xe_backbone,1.2904,flux,thermal,2,0.7449739575386047
7181,candidate_007,laser_disdrometer;cr1000xe_backbone,1.2904,flux,thermal,2,0.8242433667182922
7181,candidate_007,laser_disdrometer;cr1000xe_backbone,1.2904,flux,thermal,2,0.7203207015991211
7181,candidate_007,laser_disdrometer;cr1000xe_backbone,1.2904,flux,thermal,2,0.7022996544837952
7181,candidate_007,laser_disdrometer;cr1000xe_backbone,1.2904,flux,thermal,2,0.720291793346405
7181,candidate_007,laser_disdrometer;cr1000xe_backbone,1.2904,flux,thermal,2,0.7097519636154175
7181,candidate_007,laser_disdrometer;cr1000xe_backbone,1.2904,flux,thermal,2,0.8631336092948914
7181,candidate_007,laser_disdrometer;cr1000xe_backbone,1.2904,flux,thermal,2,0.8419464826583862
7181,candidate_007,laser_disdrometer;cr1000xe_backbone,1.2904,flux,thermal,2,0.9080539345741272
7181,candidate_007,laser_disdrometer;cr1000xe_backbone,1.2904,flux,thermal,2,0.7986359000205994
7181,candidate_007,laser_disdrometer;cr1000xe_backbone,1.2904,flux,thermal,2,1.096679449081421
7181,candidate_007,laser_disdrometer;cr1000xe_backbone,1.2904,flux,thermal,2,1.0607717037200928
7181,candidate_007,laser_disdrometer;cr1000xe_backbone,1.2904,flux,thermal,2,1.7921820878982544
7181,candidate_007,laser_disdrometer;cr1000xe_backbone,1.2904,flux,thermal,2,1.0952515602111816
7181,candidate_007,laser_disdrometer;cr1000xe_backbone,1.2904,flux,thermal,2,2.3176426887512207
7181,candidate_007,laser_disdrometer;cr1000xe_backbone,1.2904,flux,thermal,2,2.109330415725708
7181,candidate_007,laser_disdrometer;cr1000xe_backbone,1.2904,flux,thermal,2,2.430776357650757
7181,candidate_007,laser_disdrometer;cr1000xe_backbone,1.2904,flux,thermal,2,1.9594345092773438
7181,candidate_007,laser_disdrometer;cr1000xe_backbone,1.2904,flux,thermal,2,2.067502021789551
7181,candidate_007,laser_disdrometer;cr1000xe_backbone,1.2904,flux,thermal,2,2.1008894443511963
7181,candidate_007,laser_disdrometer;cr1000xe_backbone,1.2904,flux,thermal,2,2.2193567752838135
7181,candidate_007,laser_disdrometer;cr1000xe_backbone,1.2904,flux,thermal,2,2.38383412361145
7181,candidate_007,laser_disdrometer;cr1000xe_backbone,1.2904,flux,thermal,2,2.5126736164093018
7181,candidate_007,laser_disdrometer;cr1000xe_backbone,1.2904,flux,thermal,2,2.6073174476623535
7181,candidate_007,laser_disdrometer;cr1000xe_backbone,1.2904,flux,thermal,2,2.861095428466797
7181,candidate_007,laser_disdrometer;cr1000xe_backbone,1.2904,flux,thermal,2,2.8871705532073975
7181,candidate_007,laser_disdrometer;cr1000xe_backbone,1.2904,flux,thermal,2,3.1290314197540283
7181,candidate_007,laser_disdrometer;cr1000xe_backbone,1.2904,flux,transport,2,3.1496129035949707
7181,candidate_007,laser_disdrometer;cr1000xe_backbone,1.2904,flux,transport,2,3.1449356079101562
7181,candidate_007,laser_disdrometer;cr1000xe_backbone,1.2904,flux,transport,2,3.083868980407715
7181,candidate_007,laser_disdrometer;cr1000xe_backbone,1.2904,flux,transport,2,3.1036489009857178
7181,candidate_007,laser_disdrometer;cr1000xe_backbone,1.2904,flux,transport,2,3.0984363555908203
7181,candidate_007,laser_disdrometer;cr1000xe_backbone,1.2904,flux,transport,2,3.0940582752227783
7181,candidate_007,laser_disdrometer;cr1000xe_backbone,1.2904,flux,transport,2,3.088996171951294
7181,candidate_007,laser_disdrometer;cr1000xe_backbone,1.2904,flux,transport,2,3.0869903564453125
7181,candidate_007,laser_disdrometer;cr1000xe_backbone,1.2904,flux,transport,2,3.1131129264831543
7181,candidate_007,laser_disdrometer;cr1000xe_backbone,1.2904,flux,transport,2,3.1456329822540283
7181,candidate_007,laser_disdrometer;cr1000xe_backbone,1.2904,flux,transport,2,3.1141762733459473
7181,candidate_007,laser_disdrometer;cr1000xe_backbone,1.2904,flux,transport,2,3.163285732269287
7181,candidate_007,laser_disdrometer;cr1000xe_backbone,1.2904,flux,transport,2,3.1681880950927734
7181,candidate_007,laser_disdrometer;cr1000xe_backbone,1.2904,flux,transport,2,3.1391587257385254
7181,candidate_007,laser_disdrometer;cr1000xe_backbone,1.2904,flux,transport,2,3.199777364730835
7181,candidate_007,laser_disdrometer;cr1000xe_backbone,1.2904,flux,transport,2,3.170278310775757
7181,candidate_007,laser_disdrometer;cr1000xe_backbone,1.2904,flux,transport,2,3.1672027111053467
7181,candidate_007,laser_disdrometer;cr1000xe_backbone,1.2904,flux,transport,2,3.1013436317443848
7181,candidate_007,laser_disdrometer;cr1000xe_backbone,1.2904,flux,transport,2,3.2188453674316406
7181,candidate_007,laser_disdrometer;cr1000xe_backbone,1.2904,flux,transport,2,3.249692678451538
7181,candidate_007,laser_disdrometer;cr1000xe_backbone,1.2904,flux,transport,2,3.038565158843994
7181,candidate_007,laser_disdrometer;cr1000xe_backbone,1.2904,flux,transport,2,2.771418333053589
7181,candidate_007,laser_disdrometer;cr1000xe_backbone,1.2904,flux,transport,2,2.673267364501953
7181,candidate_007,laser_disdrometer;cr1000xe_backbone,1.2904,flux,transport,2,2.7664012908935547
7181,candidate_007,laser_disdrometer;cr1000xe_backbone,1.2904,flux,transport,2,2.430049180984497
7181,candidate_007,laser_disdrometer;cr1000xe_backbone,1.2904,flux,transport,2,2.4633281230926514
7181,candidate_007,laser_disdrometer;cr1000xe_backbone,1.2904,flux,transport,2,2.3137969970703125
7181,candidate_007,laser_disdrometer;cr1000xe_backbone,1.2904,flux,transport,2,1.917210340499878
7181,candidate_007,laser_disdrometer;cr1000xe_backbone,1.2904,flux,particle,2,1.6852715015411377
7181,candidate_007,laser_disdrometer;cr1000xe_backbone,1.2904,flux,particle,2,2.020616292953491
7181,candidate_007,laser_disdrometer;cr1000xe_backbone,1.2904,calm,particle,0,1.8952816724777222
7181,candidate_007,laser_disdrometer;cr1000xe_backbone,1.2904,calm,particle,0,1.664285659790039
7181,candidate_007,laser_disdrometer;cr1000xe_backbone,1.2904,calm,particle,0,1.422451376914978
7181,candidate_007,laser_disdrometer;cr1000xe_backbone,1.2904,calm,particle,0,1.3737057447433472
7181,candidate_007,laser_disdrometer;cr1000xe_backbone,1.2904,calm,particle,0,1.524511456489563
7181,candidate_007,laser_disdrometer;cr1000xe_backbone,1.2904,calm,particle,0,1.4556264877319336
7181,candidate_007,laser_disdrometer;cr1000xe_backbone,1.2904,calm,particle,0,1.394989252090454
7181,candidate_007,laser_disdrometer;cr1000xe_backbone,1.2904,calm,particle,0,1.5202914476394653
7181,candidate_007,laser_disdrometer;cr1000xe_backbone,1.2904,calm,particle,0,1.7418127059936523
7181,candidate_007,laser_disdrometer;cr1000xe_backbone,1.2904,calm,particle,0,1.7513777017593384
7181,candidate_007,laser_disdrometer;cr1000xe_backbone,1.2904,calm,particle,0,1.3878278732299805
7181,candidate_007,laser_disdrometer;cr1000xe_backbone,1.2904,calm,particle,0,1.2787762880325317
7181,candidate_007,laser_disdrometer;cr1000xe_backbone,1.2904,flux,particle,2,1.3401528596878052
7181,candidate_007,laser_disdrometer;cr1000xe_backbone,1.2904,flux,particle,2,1.335069179534912
7181,candidate_007,laser_disdrometer;cr1000xe_backbone,1.2904,flux,particle,2,1.290094017982483
7181,candidate_007,laser_disdrometer;cr1000xe_backbone,1.2904,flux,particle,2,0.7967516779899597
7181,candidate_007,laser_disdrometer;cr1000xe_backbone,1.2904,flux,thermal,2,1.2840697765350342
7181,candidate_007,laser_disdrometer;cr1000xe_backbone,1.2904,flux,thermal,2,1.465637445449829
7181,candidate_007,laser_disdrometer;cr1000xe_backbone,1.2904,flux,thermal,2,2.1978909969329834
7181,candidate_007,laser_disdrometer;cr1000xe_backbone,1.2904,flux,thermal,2,1.5732364654541016
7181,candidate_007,laser_disdrometer;cr1000xe_backbone,1.2904,flux,thermal,2,1.4577291011810303
7181,candidate_007,laser_disdrometer;cr1000xe_backbone,1.2904,flux,thermal,2,1.1634774208068848
7181,candidate_007,laser_disdrometer;cr1000xe_backbone,1.2904,flux,thermal,2,1.9057934284210205
7181,candidate_007,laser_disdrometer;cr1000xe_backbone,1.2904,flux,thermal,2,1.095893383026123
7181,candidate_007,laser_disdrometer;cr1000xe_backbone,1.2904,flux,thermal,2,1.571803331375122
7181,candidate_007,laser_disdrometer;cr1000xe_backbone,1.2904,flux,thermal,2,1.4924176931381226
7181,candidate_007,laser_disdrometer;cr1000xe_backbone,1.2904,flux,thermal,2,1.5634745359420776
7181,candidate_007,laser_disdrometer;cr1000xe_backbone,1.2904,flux,thermal,2,1.5516539812088013
7181,candidate_007,laser_disdrometer;cr1000xe_backbone,1.2904,flux,thermal,2,1.7818913459777832
7181,candidate_007,laser_disdrometer;cr1000xe_backbone,1.2904,flux,thermal,2,1.456081509590149
7181,candidate_007,laser_disdrometer;cr1000xe_backbone,1.2904,flux,thermal,2,1.890453577041626
7181,candidate_007,laser_disdrometer;cr1000xe_backbone,1.2904,flux,thermal,2,1.6716861724853516
7181,candidate_007,laser_disdrometer;cr1000xe_backbone,1.2904,flux,thermal,2,1.9025224447250366
7181,candidate_007,laser_disdrometer;cr1000xe_backbone,1.2904,flux,thermal,2,1.6804094314575195
7181,candidate_007,laser_disdrometer;cr1000xe_backbone,1.2904,flux,thermal,2,1.7119405269622803
7181,candidate_007,laser_disdrometer;cr1000xe_backbone,1.2904,flux,thermal,2,1.9753490686416626
7181,candidate_007,laser_disdrometer;cr1000xe_backbone,1.2904,flux,thermal,2,1.6957428455352783
7181,candidate_007,laser_disdrometer;cr1000xe_backbone,1.2904,flux,thermal,2,1.8463153839111328
7181,candidate_007,laser_disdrometer;cr1000xe_backbone,1.2904,flux,thermal,2,1.4673569202423096
7181,candidate_007,laser_disdrometer;cr1000xe_backbone,1.2904,flux,thermal,2,1.6262327432632446
7181,candidate_007,laser_disdrometer;cr1000xe_backbone,1.2904,flux,thermal,2,1.4804356098175049
7181,candidate_007,laser_disdrometer;cr1000xe_backbone,1.2904,flux,thermal,2,2.0814731121063232
7181,candidate_007,laser_disdrometer;cr1000xe_backbone,1.2904,flux,thermal,2,1.6687273979187012
7181,candidate_007,laser_disdrometer;cr1000xe_backbone,1.2904,flux,thermal,2,1.9502016305923462
7181,candidate_007,laser_disdrometer;cr1000xe_backbone,1.2904,flux,thermal,2,1.9123886823654175
7181,candidate_007,laser_disdrometer;cr1000xe_backbone,1.2904,flux,thermal,2,2.0166144371032715
7181,candidate_007,laser_disdrometer;cr1000xe_backbone,1.2904,flux,thermal,2,2.172518491744995
7181,candidate_007,laser_disdrometer;cr1000xe_backbone,1.2904,flux,thermal,2,2.1900203227996826
7181,candidate_007,laser_disdrometer;cr1000xe_backbone,1.2904,flux,transport,2,1.6176011562347412
7181,candidate_007,laser_disdrometer;cr1000xe_backbone,1.2904,flux,transport,2,1.8919737339019775
7181,candidate_007,laser_disdrometer;cr1000xe_backbone,1.2904,calm,transport,0,1.827160358428955
7181,candidate_007,laser_disdrometer;cr1000xe_backbone,1.2904,calm,transport,0,1.9358872175216675
7181,candidate_007,laser_disdrometer;cr1000xe_backbone,1.2904,calm,transport,0,1.3277621269226074
7181,candidate_007,laser_disdrometer;cr1000xe_backbone,1.2904,calm,transport,0,1.6688449382781982
7181,candidate_007,laser_disdrometer;cr1000xe_backbone,1.2904,calm,transport,0,1.556778907775879
7181,candidate_007,laser_disdrometer;cr1000xe_backbone,1.2904,calm,transport,0,1.6783114671707153
7181,candidate_007,laser_disdrometer;cr1000xe_backbone,1.2904,calm,transport,0,1.355923056602478
7181,candidate_007,laser_disdrometer;cr1000xe_backbone,1.2904,calm,transport,0,1.8338195085525513
7181,candidate_008,met_station_core;laser_disdrometer;cr1000xe_backbone,2.0103999999999997,calm,transport,0,0.49940502643585205
7181,candidate_008,met_station_core;laser_disdrometer;cr1000xe_backbone,2.0103999999999997,calm,transport,0,0.6056978702545166
7181,candidate_008,met_station_core;laser_disdrometer;cr1000xe_backbone,2.0103999999999997,calm,transport,0,0.5908568501472473
7181,candidate_008,met_station_core;laser_disdrometer;cr1000xe_backbone,2.0103999999999997,calm,transport,0,0.6205451488494873
7181,candidate_008,met_station_core;laser_disdrometer;cr1000xe_backbone,2.0103999999999997,calm,transport,0,0.4955495595932007
7181,candidate_008,met_station_core;laser_disdrometer;cr1000xe_backbone,2.0103999999999997,calm,transport,0,0.5067248940467834
7181,candidate_008,met_station_core;laser_disdrometer;cr1000xe_backbone,2.0103999999999997,calm,transport,0,0.4835158884525299
7181,candidate_008,met_station_core;laser_disdrometer;cr1000xe_backbone,2.0103999999999997,calm,transport,0,0.49887722730636597
7181,candidate_008,met_station_core;laser_disdrometer;cr1000xe_backbone,2.0103999999999997,calm,transport,0,0.46446463465690613
7181,candidate_008,met_station_core;laser_disdrometer;cr1000xe_backbone,2.0103999999999997,calm,transport,0,0.44440847635269165
7181,candidate_008,met_station_core;laser_disdrometer;cr1000xe_backbone,2.0103999999999997,calm,transport,0,0.4276910126209259
7181,candidate_008,met_station_core;laser_disdrometer;cr1000xe_backbone,2.0103999999999997,calm,transport,0,0.3931575417518616
7181,candidate_008,met_station_core;laser_disdrometer;cr1000xe_backbone,2.0103999999999997,calm,transport,0,0.341219425201416
7181,candidate_008,met_station_core;laser_disdrometer;cr1000xe_backbone,2.0103999999999997,calm,transport,0,0.33066684007644653
7181,candidate_008,met_station_core;laser_disdrometer;cr1000xe_backbone,2.0103999999999997,calm,transport,0,0.40702328085899353
7181,candidate_008,met_station_core;laser_disdrometer;cr1000xe_backbone,2.0103999999999997,calm,transport,0,0.5004153847694397
7181,candidate_008,met_station_core;laser_disdrometer;cr1000xe_backbone,2.0103999999999997,calm,transport,0,0.6089553236961365
7181,candidate_008,met_station_core;laser_disdrometer;cr1000xe_backbone,2.0103999999999997,calm,transport,0,1.0454320907592773
7181,candidate_008,met_station_core;laser_disdrometer;cr1000xe_backbone,2.0103999999999997,calm,transport,0,1.802501916885376
7181,candidate_008,met_station_core;laser_disdrometer;cr1000xe_backbone,2.0103999999999997,calm,transport,0,1.821337103843689
7181,candidate_008,met_station_core;laser_disdrometer;cr1000xe_backbone,2.0103999999999997,calm,transport,0,2.0777549743652344
7181,candidate_008,met_station_core;laser_disdrometer;cr1000xe_backbone,2.0103999999999997,calm,transport,0,2.555213451385498
7181,candidate_008,met_station_core;laser_disdrometer;cr1000xe_backbone,2.0103999999999997,calm,particle,0,2.496880054473877
7181,candidate_008,met_station_core;laser_disdrometer;cr1000xe_backbone,2.0103999999999997,calm,particle,0,2.6268320083618164
7181,candidate_008,met_station_core;laser_disdrometer;cr1000xe_backbone,2.0103999999999997,calm,particle,0,2.6469545364379883
7181,candidate_008,met_station_core;laser_disdrometer;cr1000xe_backbone,2.0103999999999997,calm,particle,0,2.6940081119537354
7181,candidate_008,met_station_core;laser_disdrometer;cr1000xe_backbone,2.0103999999999997,calm,particle,0,2.6750285625457764
7181,candidate_008,met_station_core;laser_disdrometer;cr1000xe_backbone,2.0103999999999997,calm,particle,0,2.6747305393218994
7181,candidate_008,met_station_core;laser_disdrometer;cr1000xe_backbone,2.0103999999999997,calm,particle,0,2.683790445327759
7181,candidate_008,met_station_core;laser_disdrometer;cr1000xe_backbone,2.0103999999999997,calm,particle,0,2.595219850540161
7181,candidate_008,met_station_core;laser_disdrometer;cr1000xe_backbone,2.0103999999999997,calm,particle,0,2.53584623336792
7181,candidate_008,met_station_core;laser_disdrometer;cr1000xe_backbone,2.0103999999999997,calm,particle,0,2.583617687225342
7181,candidate_008,met_station_core;laser_disdrometer;cr1000xe_backbone,2.0103999999999997,calm,particle,0,2.5832176208496094
7181,candidate_008,met_station_core;laser_disdrometer;cr1000xe_backbone,2.0103999999999997,calm,particle,0,2.499626398086548
7181,candidate_008,met_station_core;laser_disdrometer;cr1000xe_backbone,2.0103999999999997,calm,particle,0,2.280768871307373
7181,candidate_008,met_station_core;laser_disdrometer;cr1000xe_backbone,2.0103999999999997,calm,particle,0,2.3351893424987793
7181,candidate_008,met_station_core;laser_disdrometer;cr1000xe_backbone,2.0103999999999997,calm,particle,0,2.235200881958008
7181,candidate_008,met_station_core;laser_disdrometer;cr1000xe_backbone,2.0103999999999997,calm,particle,0,1.5286996364593506
7181,candidate_008,met_station_core;laser_disdrometer;cr1000xe_backbone,2.0103999999999997,calm,particle,0,1.6571216583251953
7181,candidate_008,met_station_core;laser_disdrometer;cr1000xe_backbone,2.0103999999999997,calm,particle,0,2.088695764541626
7181,candidate_008,met_station_core;laser_disdrometer;cr1000xe_backbone,2.0103999999999997,calm,particle,0,2.0823981761932373
7181,candidate_008,met_station_core;laser_disdrometer;cr1000xe_backbone,2.0103999999999997,calm,particle,0,2.3507699966430664
7181,candidate_008,met_station_core;laser_disdrometer;cr1000xe_backbone,2.0103999999999997,calm,particle,0,2.410853862762451
7181,candidate_008,met_station_core;laser_disdrometer;cr1000xe_backbone,2.0103999999999997,calm,particle,0,2.3699333667755127
7181,candidate_008,met_station_core;laser_disdrometer;cr1000xe_backbone,2.0103999999999997,calm,thermal,0,2.435941696166992
7181,candidate_008,met_station_core;laser_disdrometer;cr1000xe_backbone,2.0103999999999997,calm,thermal,0,2.3947441577911377
7181,candidate_008,met_station_core;laser_disdrometer;cr1000xe_backbone,2.0103999999999997,calm,thermal,0,2.5652339458465576
7181,candidate_008,met_station_core;laser_disdrometer;cr1000xe_backbone,2.0103999999999997,calm,thermal,0,2.2924201488494873
7181,candidate_008,met_station_core;laser_disdrometer;cr1000xe_backbone,2.0103999999999997,calm,thermal,0,2.4736006259918213
7181,candidate_008,met_station_core;laser_disdrometer;cr1000xe_backbone,2.0103999999999997,calm,thermal,0,2.3041470050811768
7181,candidate_008,met_station_core;laser_disdrometer;cr1000xe_backbone,2.0103999999999997,calm,thermal,0,2.5441806316375732
7181,candidate_008,met_station_core;laser_disdrometer;cr1000xe_backbone,2.0103999999999997,calm,thermal,0,2.4147427082061768
7181,candidate_008,met_station_core;laser_disdrometer;cr1000xe_backbone,2.0103999999999997,calm,thermal,0,2.460108995437622
7181,candidate_008,met_station_core;laser_disdrometer;cr1000xe_backbone,2.0103999999999997,calm,thermal,0,2.1752374172210693
7181,candidate_008,met_station_core;laser_disdrometer;cr1000xe_backbone,2.0103999999999997,calm,thermal,0,2.4299356937408447
7181,candidate_008,met_station_core;laser_disdrometer;cr1000xe_backbone,2.0103999999999997,calm,thermal,0,2.443077802658081
7181,candidate_008,met_station_core;laser_disdrometer;cr1000xe_backbone,2.0103999999999997,calm,thermal,0,2.2503767013549805
7181,candidate_008,met_station_core;laser_disdrometer;cr1000xe_backbone,2.0103999999999997,calm,thermal,0,2.3054847717285156
7181,candidate_008,met_station_core;laser_disdrometer;cr1000xe_backbone,2.0103999999999997,calm,thermal,0,1.837142825126648
7181,candidate_008,met_station_core;laser_disdrometer;cr1000xe_backbone,2.0103999999999997,calm,thermal,0,1.5131362676620483
7181,candidate_008,met_station_core;laser_disdrometer;cr1000xe_backbone,2.0103999999999997,calm,thermal,0,0.6749854683876038
7181,candidate_008,met_station_core;laser_disdrometer;cr1000xe_backbone,2.0103999999999997,calm,thermal,0,0.668298065662384
7181,candidate_008,met_station_core;laser_disdrometer;cr1000xe_backbone,2.0103999999999997,calm,thermal,0,0.6035922765731812
7181,candidate_008,met_station_core;laser_disdrometer;cr1000xe_backbone,2.0103999999999997,calm,thermal,0,0.7260640263557434
7181,candidate_008,met_station_core;laser_disdrometer;cr1000xe_backbone,2.0103999999999997,calm,thermal,0,0.580906093120575
7181,candidate_008,met_station_core;laser_disdrometer;cr1000xe_backbone,2.0103999999999997,calm,thermal,0,0.5805248618125916
7181,candidate_008,met_station_core;laser_disdrometer;cr1000xe_backbone,2.0103999999999997,calm,thermal,0,1.1718926429748535
7181,candidate_008,met_station_core;laser_disdrometer;cr1000xe_backbone,2.0103999999999997,calm,thermal,0,1.8913395404815674
7181,candidate_008,met_station_core;laser_disdrometer;cr1000xe_backbone,2.0103999999999997,calm,thermal,0,1.515944004058838
7181,candidate_008,met_station_core;laser_disdrometer;cr1000xe_backbone,2.0103999999999997,calm,thermal,0,1.391867756843567
7181,candidate_008,met_station_core;laser_disdrometer;cr1000xe_backbone,2.0103999999999997,calm,thermal,0,1.7481361627578735
7181,candidate_008,met_station_core;laser_disdrometer;cr1000xe_backbone,2.0103999999999997,calm,transport,0,2.456692934036255
7181,candidate_008,met_station_core;laser_disdrometer;cr1000xe_backbone,2.0103999999999997,calm,transport,0,2.2765982151031494
7181,candidate_008,met_station_core;laser_disdrometer;cr1000xe_backbone,2.0103999999999997,calm,transport,0,1.9061864614486694
7181,candidate_008,met_station_core;laser_disdrometer;cr1000xe_backbone,2.0103999999999997,calm,transport,0,2.2176764011383057
7181,candidate_008,met_station_core;laser_disdrometer;cr1000xe_backbone,2.0103999999999997,calm,transport,0,2.35027813911438
7181,candidate_008,met_station_core;laser_disdrometer;cr1000xe_backbone,2.0103999999999997,calm,transport,0,2.1282763481140137
7181,candidate_008,met_station_core;laser_disdrometer;cr1000xe_backbone,2.0103999999999997,calm,transport,0,1.3624498844146729
7181,candidate_008,met_station_core;laser_disdrometer;cr1000xe_backbone,2.0103999999999997,calm,transport,0,0.7041954398155212
7181,candidate_008,met_station_core;laser_disdrometer;cr1000xe_backbone,2.0103999999999997,calm,transport,0,0.9229449033737183
7181,candidate_008,met_station_core;laser_disdrometer;cr1000xe_backbone,2.0103999999999997,calm,transport,0,0.7845277190208435
7181,candidate_008,met_station_core;laser_disdrometer;cr1000xe_backbone,2.0103999999999997,calm,transport,0,0.8394425511360168
7181,candidate_008,met_station_core;laser_disdrometer;cr1000xe_backbone,2.0103999999999997,calm,transport,0,0.8154581785202026
7181,candidate_008,met_station_core;laser_disdrometer;cr1000xe_backbone,2.0103999999999997,calm,transport,0,0.7579076290130615
7181,candidate_008,met_station_core;laser_disdrometer;cr1000xe_backbone,2.0103999999999997,calm,transport,0,0.7113324403762817
7181,candidate_008,met_station_core;laser_disdrometer;cr1000xe_backbone,2.0103999999999997,calm,transport,0,0.8798911571502686
7181,candidate_008,met_station_core;laser_disdrometer;cr1000xe_backbone,2.0103999999999997,calm,transport,0,0.4078928232192993
7181,candidate_008,met_station_core;laser_disdrometer;cr1000xe_backbone,2.0103999999999997,calm,transport,0,0.5987508893013
7181,candidate_008,met_station_core;laser_disdrometer;cr1000xe_backbone,2.0103999999999997,calm,transport,0,0.465821236371994
7181,candidate_008,met_station_core;laser_disdrometer;cr1000xe_backbone,2.0103999999999997,calm,transport,0,0.598683774471283
7181,candidate_008,met_station_core;laser_disdrometer;cr1000xe_backbone,2.0103999999999997,calm,transport,0,0.6196938157081604
7181,candidate_008,met_station_core;laser_disdrometer;cr1000xe_backbone,2.0103999999999997,calm,transport,0,0.746982216835022
7181,candidate_008,met_station_core;laser_disdrometer;cr1000xe_backbone,2.0103999999999997,calm,transport,0,0.7285664677619934
7181,candidate_008,met_station_core;laser_disdrometer;cr1000xe_backbone,2.0103999999999997,calm,transport,0,0.6893797516822815
7181,candidate_008,met_station_core;laser_disdrometer;cr1000xe_backbone,2.0103999999999997,calm,transport,0,0.670103907585144
7181,candidate_008,met_station_core;laser_disdrometer;cr1000xe_backbone,2.0103999999999997,calm,transport,0,0.707342267036438
7181,candidate_008,met_station_core;laser_disdrometer;cr1000xe_backbone,2.0103999999999997,calm,transport,0,0.8690186738967896
7181,candidate_008,met_station_core;laser_disdrometer;cr1000xe_backbone,2.0103999999999997,calm,transport,0,0.7860260605812073
7181,candidate_008,met_station_core;laser_disdrometer;cr1000xe_backbone,2.0103999999999997,calm,transport,0,0.8718494176864624
7181,candidate_008,met_station_core;laser_disdrometer;cr1000xe_backbone,2.0103999999999997,calm,particle,0,0.7794559001922607
7181,candidate_008,met_station_core;laser_disdrometer;cr1000xe_backbone,2.0103999999999997,calm,particle,0,0.8209195137023926
7181,candidate_008,met_station_core;laser_disdrometer;cr1000xe_backbone,2.0103999999999997,calm,particle,0,0.7650974988937378
7181,candidate_008,met_station_core;laser_disdrometer;cr1000xe_backbone,2.0103999999999997,calm,particle,0,0.9039175510406494
7181,candidate_008,met_station_core;laser_disdrometer;cr1000xe_backbone,2.0103999999999997,calm,particle,0,0.8194952607154846
7181,candidate_008,met_station_core;laser_disdrometer;cr1000xe_backbone,2.0103999999999997,calm,particle,0,0.5816530585289001
7181,candidate_008,met_station_core;laser_disdrometer;cr1000xe_backbone,2.0103999999999997,calm,particle,0,0.49630826711654663
7181,candidate_008,met_station_core;laser_disdrometer;cr1000xe_backbone,2.0103999999999997,calm,particle,0,0.47009989619255066
7181,candidate_008,met_station_core;laser_disdrometer;cr1000xe_backbone,2.0103999999999997,calm,particle,0,0.564335286617279
7181,candidate_008,met_station_core;laser_disdrometer;cr1000xe_backbone,2.0103999999999997,calm,particle,0,0.6203394532203674
7181,candidate_008,met_station_core;laser_disdrometer;cr1000xe_backbone,2.0103999999999997,calm,particle,0,0.46699225902557373
7181,candidate_008,met_station_core;laser_disdrometer;cr1000xe_backbone,2.0103999999999997,calm,particle,0,0.6657520532608032
7181,candidate_008,met_station_core;laser_disdrometer;cr1000xe_backbone,2.0103999999999997,calm,particle,0,0.7770081162452698
7181,candidate_008,met_station_core;laser_disdrometer;cr1000xe_backbone,2.0103999999999997,calm,particle,0,0.717576801776886
7181,candidate_008,met_station_core;laser_disdrometer;cr1000xe_backbone,2.0103999999999997,calm,particle,0,0.46771374344825745
7181,candidate_008,met_station_core;laser_disdrometer;cr1000xe_backbone,2.0103999999999997,calm,particle,0,0.5223196148872375
7181,candidate_008,met_station_core;laser_disdrometer;cr1000xe_backbone,2.0103999999999997,calm,particle,0,0.410253643989563
7181,candidate_008,met_station_core;laser_disdrometer;cr1000xe_backbone,2.0103999999999997,calm,particle,0,0.5777871608734131
7181,candidate_008,met_station_core;laser_disdrometer;cr1000xe_backbone,2.0103999999999997,calm,particle,0,0.6292291283607483
7181,candidate_008,met_station_core;laser_disdrometer;cr1000xe_backbone,2.0103999999999997,calm,particle,0,0.6932638883590698
7181,candidate_008,met_station_core;laser_disdrometer;cr1000xe_backbone,2.0103999999999997,calm,particle,0,0.6976454854011536
7181,candidate_008,met_station_core;laser_disdrometer;cr1000xe_backbone,2.0103999999999997,calm,particle,0,0.7654498219490051
7181,candidate_008,met_station_core;laser_disdrometer;cr1000xe_backbone,2.0103999999999997,calm,particle,0,0.9479420185089111
7181,candidate_008,met_station_core;laser_disdrometer;cr1000xe_backbone,2.0103999999999997,calm,particle,0,1.0696536302566528
7181,candidate_008,met_station_core;laser_disdrometer;cr1000xe_backbone,2.0103999999999997,calm,particle,0,1.0094586610794067
7181,candidate_008,met_station_core;laser_disdrometer;cr1000xe_backbone,2.0103999999999997,calm,particle,0,0.9967376589775085
7181,candidate_008,met_station_core;laser_disdrometer;cr1000xe_backbone,2.0103999999999997,calm,particle,0,1.2375603914260864
7181,candidate_008,met_station_core;laser_disdrometer;cr1000xe_backbone,2.0103999999999997,calm,particle,0,1.2006362676620483
7181,candidate_008,met_station_core;laser_disdrometer;cr1000xe_backbone,2.0103999999999997,calm,particle,0,0.7976260185241699
7181,candidate_008,met_station_core;laser_disdrometer;cr1000xe_backbone,2.0103999999999997,calm,particle,0,0.8100582361221313
7181,candidate_008,met_station_core;laser_disdrometer;cr1000xe_backbone,2.0103999999999997,calm,particle,0,1.178511381149292
7181,candidate_008,met_station_core;laser_disdrometer;cr1000xe_backbone,2.0103999999999997,calm,thermal,0,1.0432313680648804
7181,candidate_008,met_station_core;laser_disdrometer;cr1000xe_backbone,2.0103999999999997,calm,thermal,0,0.760930597782135
7181,candidate_008,met_station_core;laser_disdrometer;cr1000xe_backbone,2.0103999999999997,calm,thermal,0,0.6447094082832336
7181,candidate_008,met_station_core;laser_disdrometer;cr1000xe_backbone,2.0103999999999997,calm,thermal,0,1.10896897315979
7181,candidate_008,met_station_core;laser_disdrometer;cr1000xe_backbone,2.0103999999999997,calm,thermal,0,0.8064051270484924
7181,candidate_008,met_station_core;laser_disdrometer;cr1000xe_backbone,2.0103999999999997,calm,thermal,0,1.4241243600845337
7181,candidate_008,met_station_core;laser_disdrometer;cr1000xe_backbone,2.0103999999999997,calm,thermal,0,1.9093009233474731
7181,candidate_008,met_station_core;laser_disdrometer;cr1000xe_backbone,2.0103999999999997,calm,thermal,0,1.878231167793274
7181,candidate_008,met_station_core;laser_disdrometer;cr1000xe_backbone,2.0103999999999997,calm,thermal,0,1.673031210899353
7181,candidate_008,met_station_core;laser_disdrometer;cr1000xe_backbone,2.0103999999999997,calm,thermal,0,2.4579226970672607
7181,candidate_008,met_station_core;laser_disdrometer;cr1000xe_backbone,2.0103999999999997,calm,thermal,0,2.3998045921325684
7181,candidate_008,met_station_core;laser_disdrometer;cr1000xe_backbone,2.0103999999999997,calm,thermal,0,2.2776689529418945
7181,candidate_008,met_station_core;laser_disdrometer;cr1000xe_backbone,2.0103999999999997,calm,thermal,0,1.9403928518295288
7181,candidate_008,met_station_core;laser_disdrometer;cr1000xe_backbone,2.0103999999999997,calm,thermal,0,2.695168972015381
7181,candidate_008,met_station_core;laser_disdrometer;cr1000xe_backbone,2.0103999999999997,calm,thermal,0,2.592290163040161
7181,candidate_008,met_station_core;laser_disdrometer;cr1000xe_backbone,2.0103999999999997,calm,thermal,0,2.213604211807251
7181,candidate_008,met_station_core;laser_disdrometer;cr1000xe_backbone,2.0103999999999997,calm,thermal,0,1.585999846458435
7181,candidate_008,met_station_core;laser_disdrometer;cr1000xe_backbone,2.0103999999999997,calm,thermal,0,1.713951587677002
7181,candidate_008,met_station_core;laser_disdrometer;cr1000xe_backbone,2.0103999999999997,calm,thermal,0,1.6646689176559448
7181,candidate_008,met_station_core;laser_disdrometer;cr1000xe_backbone,2.0103999999999997,calm,thermal,0,1.5539145469665527
7181,candidate_008,met_station_core;laser_disdrometer;cr1000xe_backbone,2.0103999999999997,calm,transport,0,1.8691160678863525
7181,candidate_008,met_station_core;laser_disdrometer;cr1000xe_backbone,2.0103999999999997,calm,transport,0,1.7420824766159058
7181,candidate_008,met_station_core;laser_disdrometer;cr1000xe_backbone,2.0103999999999997,calm,transport,0,1.628069519996643
7181,candidate_008,met_station_core;laser_disdrometer;cr1000xe_backbone,2.0103999999999997,calm,transport,0,1.49446702003479
7181,candidate_008,met_station_core;laser_disdrometer;cr1000xe_backbone,2.0103999999999997,calm,transport,0,1.9148765802383423
7181,candidate_008,met_station_core;laser_disdrometer;cr1000xe_backbone,2.0103999999999997,calm,transport,0,1.9455310106277466
7181,candidate_008,met_station_core;laser_disdrometer;cr1000xe_backbone,2.0103999999999997,calm,transport,0,2.1041436195373535
7181,candidate_008,met_station_core;laser_disdrometer;cr1000xe_backbone,2.0103999999999997,calm,transport,0,1.9046894311904907
7181,candidate_008,met_station_core;laser_disdrometer;cr1000xe_backbone,2.0103999999999997,calm,transport,0,1.8511720895767212
7181,candidate_008,met_station_core;laser_disdrometer;cr1000xe_backbone,2.0103999999999997,calm,transport,0,1.5294393301010132
7181,candidate_008,met_station_core;laser_disdrometer;cr1000xe_backbone,2.0103999999999997,calm,transport,0,1.9647260904312134
7181,candidate_008,met_station_core;laser_disdrometer;cr1000xe_backbone,2.0103999999999997,calm,transport,0,1.6475945711135864
7181,candidate_008,met_station_core;laser_disdrometer;cr1000xe_backbone,2.0103999999999997,calm,transport,0,1.8938868045806885
7181,candidate_008,met_station_core;laser_disdrometer;cr1000xe_backbone,2.0103999999999997,calm,transport,0,2.05963397026062
7181,candidate_008,met_station_core;laser_disdrometer;cr1000xe_backbone,2.0103999999999997,calm,transport,0,1.9987488985061646
7181,candidate_008,met_station_core;laser_disdrometer;cr1000xe_backbone,2.0103999999999997,calm,transport,0,1.6285041570663452
7181,candidate_008,met_station_core;laser_disdrometer;cr1000xe_backbone,2.0103999999999997,calm,transport,0,1.8165289163589478
7181,candidate_008,met_station_core;laser_disdrometer;cr1000xe_backbone,2.0103999999999997,calm,transport,0,2.3046181201934814
7181,candidate_008,met_station_core;laser_disdrometer;cr1000xe_backbone,2.0103999999999997,calm,transport,0,1.9696334600448608
7181,candidate_008,met_station_core;laser_disdrometer;cr1000xe_backbone,2.0103999999999997,calm,transport,0,2.4667887687683105
7181,candidate_008,met_station_core;laser_disdrometer;cr1000xe_backbone,2.0103999999999997,calm,transport,0,2.197845935821533
7181,candidate_008,met_station_core;laser_disdrometer;cr1000xe_backbone,2.0103999999999997,calm,transport,0,2.5328757762908936
7181,candidate_008,met_station_core;laser_disdrometer;cr1000xe_backbone,2.0103999999999997,calm,transport,0,2.46220064163208
7181,candidate_008,met_station_core;laser_disdrometer;cr1000xe_backbone,2.0103999999999997,calm,transport,0,2.651740074157715
7181,candidate_008,met_station_core;laser_disdrometer;cr1000xe_backbone,2.0103999999999997,calm,transport,0,2.314579725265503
7181,candidate_008,met_station_core;laser_disdrometer;cr1000xe_backbone,2.0103999999999997,calm,transport,0,2.3205790519714355
7181,candidate_008,met_station_core;laser_disdrometer;cr1000xe_backbone,2.0103999999999997,calm,transport,0,1.6281116008758545
7181,candidate_008,met_station_core;laser_disdrometer;cr1000xe_backbone,2.0103999999999997,calm,transport,0,1.3001221418380737
7181,candidate_008,met_station_core;laser_disdrometer;cr1000xe_backbone,2.0103999999999997,calm,transport,0,0.6122942566871643
7181,candidate_008,met_station_core;laser_disdrometer;cr1000xe_backbone,2.0103999999999997,calm,transport,0,1.2483713626861572
7181,candidate_008,met_station_core;laser_disdrometer;cr1000xe_backbone,2.0103999999999997,calm,transport,0,1.165601372718811
7181,candidate_008,met_station_core;laser_disdrometer;cr1000xe_backbone,2.0103999999999997,calm,transport,0,1.6780776977539062
7181,candidate_008,met_station_core;laser_disdrometer;cr1000xe_backbone,2.0103999999999997,calm,transport,0,1.9546831846237183
7181,candidate_008,met_station_core;laser_disdrometer;cr1000xe_backbone,2.0103999999999997,calm,transport,0,2.0531399250030518
7181,candidate_008,met_station_core;laser_disdrometer;cr1000xe_backbone,2.0103999999999997,calm,transport,0,2.159069776535034
7181,candidate_008,met_station_core;laser_disdrometer;cr1000xe_backbone,2.0103999999999997,calm,particle,0,2.324960708618164
7181,candidate_008,met_station_core;laser_disdrometer;cr1000xe_backbone,2.0103999999999997,calm,particle,0,2.5558292865753174
7181,candidate_008,met_station_core;laser_disdrometer;cr1000xe_backbone,2.0103999999999997,calm,particle,0,2.6052334308624268
7181,candidate_008,met_station_core;laser_disdrometer;cr1000xe_backbone,2.0103999999999997,calm,particle,0,2.6356430053710938
7181,candidate_008,met_station_core;laser_disdrometer;cr1000xe_backbone,2.0103999999999997,calm,particle,0,2.689469337463379
7181,candidate_008,met_station_core;laser_disdrometer;cr1000xe_backbone,2.0103999999999997,calm,particle,0,2.7529091835021973
7181,candidate_008,met_station_core;laser_disdrometer;cr1000xe_backbone,2.0103999999999997,calm,particle,0,2.811434507369995
7181,candidate_008,met_station_core;laser_disdrometer;cr1000xe_backbone,2.0103999999999997,calm,particle,0,2.7792396545410156
7181,candidate_008,met_station_core;laser_disdrometer;cr1000xe_backbone,2.0103999999999997,calm,particle,0,2.797553300857544
7181,candidate_008,met_station_core;laser_disdrometer;cr1000xe_backbone,2.0103999999999997,calm,particle,0,2.758370876312256
7181,candidate_008,met_station_core;laser_disdrometer;cr1000xe_backbone,2.0103999999999997,calm,particle,0,2.8027987480163574
7181,candidate_008,met_station_core;laser_disdrometer;cr1000xe_backbone,2.0103999999999997,calm,particle,0,2.7914047241210938
7181,candidate_008,met_station_core;laser_disdrometer;cr1000xe_backbone,2.0103999999999997,calm,particle,0,2.767793655395508
7181,candidate_008,met_station_core;laser_disdrometer;cr1000xe_backbone,2.0103999999999997,calm,particle,0,2.6995606422424316
7181,candidate_008,met_station_core;laser_disdrometer;cr1000xe_backbone,2.0103999999999997,calm,particle,0,2.5868265628814697
7181,candidate_008,met_station_core;laser_disdrometer;cr1000xe_backbone,2.0103999999999997,calm,particle,0,2.722034215927124
7181,candidate_008,met_station_core;laser_disdrometer;cr1000xe_backbone,2.0103999999999997,calm,particle,0,2.656679630279541
7181,candidate_008,met_station_core;laser_disdrometer;cr1000xe_backbone,2.0103999999999997,calm,particle,0,2.564812183380127
7181,candidate_008,met_station_core;laser_disdrometer;cr1000xe_backbone,2.0103999999999997,calm,particle,0,2.5413129329681396
7181,candidate_008,met_station_core;laser_disdrometer;cr1000xe_backbone,2.0103999999999997,calm,particle,0,2.337484836578369
7181,candidate_008,met_station_core;laser_disdrometer;cr1000xe_backbone,2.0103999999999997,calm,particle,0,2.533144950866699
7181,candidate_008,met_station_core;laser_disdrometer;cr1000xe_backbone,2.0103999999999997,calm,particle,0,2.6227478981018066
7181,candidate_008,met_station_core;laser_disdrometer;cr1000xe_backbone,2.0103999999999997,calm,particle,0,2.6205790042877197
7181,candidate_008,met_station_core;laser_disdrometer;cr1000xe_backbone,2.0103999999999997,calm,particle,0,2.5002081394195557
7181,candidate_008,met_station_core;laser_disdrometer;cr1000xe_backbone,2.0103999999999997,calm,particle,0,2.3725574016571045
7181,candidate_008,met_station_core;laser_disdrometer;cr1000xe_backbone,2.0103999999999997,calm,particle,0,2.5438671112060547
7181,candidate_008,met_station_core;laser_disdrometer;cr1000xe_backbone,2.0103999999999997,calm,particle,0,2.0336623191833496
7181,candidate_008,met_station_core;laser_disdrometer;cr1000xe_backbone,2.0103999999999997,calm,particle,0,2.675870656967163
7181,candidate_008,met_station_core;laser_disdrometer;cr1000xe_backbone,2.0103999999999997,calm,particle,0,2.5142290592193604
7181,candidate_008,met_station_core;laser_disdrometer;cr1000xe_backbone,2.0103999999999997,calm,particle,0,2.5591182708740234
7181,candidate_008,met_station_core;laser_disdrometer;cr1000xe_backbone,2.0103999999999997,calm,particle,0,2.7100069522857666
7181,candidate_008,met_station_core;laser_disdrometer;cr1000xe_backbone,2.0103999999999997,calm,particle,0,2.726868152618408
7181,candidate_008,met_station_core;laser_disdrometer;cr1000xe_backbone,2.0103999999999997,calm,particle,0,2.663191080093384
7181,candidate_008,met_station_core;laser_disdrometer;cr1000xe_backbone,2.0103999999999997,calm,particle,0,2.1976349353790283
7181,candidate_008,met_station_core;laser_disdrometer;cr1000xe_backbone,2.0103999999999997,calm,thermal,0,2.6017744541168213
7181,candidate_008,met_station_core;laser_disdrometer;cr1000xe_backbone,2.0103999999999997,calm,thermal,0,2.1622915267944336
7181,candidate_008,met_station_core;laser_disdrometer;cr1000xe_backbone,2.0103999999999997,calm,thermal,0,1.6835253238677979
7181,candidate_008,met_station_core;laser_disdrometer;cr1000xe_backbone,2.0103999999999997,calm,thermal,0,1.5572279691696167
7181,candidate_008,met_station_core;laser_disdrometer;cr1000xe_backbone,2.0103999999999997,calm,thermal,0,1.8862718343734741
7181,candidate_008,met_station_core;laser_disdrometer;cr1000xe_backbone,2.0103999999999997,calm,thermal,0,1.7438411712646484
7181,candidate_008,met_station_core;laser_disdrometer;cr1000xe_backbone,2.0103999999999997,calm,thermal,0,2.360605239868164
7181,candidate_008,met_station_core;laser_disdrometer;cr1000xe_backbone,2.0103999999999997,calm,thermal,0,2.464529275894165
7181,candidate_008,met_station_core;laser_disdrometer;cr1000xe_backbone,2.0103999999999997,calm,thermal,0,2.570089101791382
7181,candidate_008,met_station_core;laser_disdrometer;cr1000xe_backbone,2.0103999999999997,calm,thermal,0,2.4430692195892334
7181,candidate_008,met_station_core;laser_disdrometer;cr1000xe_backbone,2.0103999999999997,calm,thermal,0,2.74049711227417
7181,candidate_008,met_station_core;laser_disdrometer;cr1000xe_backbone,2.0103999999999997,calm,thermal,0,2.8482818603515625
7181,candidate_008,met_station_core;laser_disdrometer;cr1000xe_backbone,2.0103999999999997,calm,thermal,0,2.7663309574127197
7181,candidate_008,met_station_core;laser_disdrometer;cr1000xe_backbone,2.0103999999999997,calm,thermal,0,2.866386890411377
7181,candidate_008,met_station_core;laser_disdrometer;cr1000xe_backbone,2.0103999999999997,calm,thermal,0,2.7506091594696045
7181,candidate_008,met_station_core;laser_disdrometer;cr1000xe_backbone,2.0103999999999997,calm,thermal,0,2.744814395904541
7181,candidate_008,met_station_core;laser_disdrometer;cr1000xe_backbone,2.0103999999999997,calm,thermal,0,2.678983211517334
7181,candidate_008,met_station_core;laser_disdrometer;cr1000xe_backbone,2.0103999999999997,calm,thermal,0,2.686866044998169
7181,candidate_008,met_station_core;laser_disdrometer;cr1000xe_backbone,2.0103999999999997,calm,thermal,0,2.6531014442443848
7181,candidate_008,met_station_core;laser_disdrometer;cr1000xe_backbone,2.0103999999999997,calm,thermal,0,2.691922426223755
7181,candidate_008,met_station_core;laser_disdrometer;cr1000xe_backbone,2.0103999999999997,calm,thermal,0,2.6367225646972656
7181,candidate_008,met_station_core;laser_disdrometer;cr1000xe_backbone,2.0103999999999997,calm,transport,0,2.6284141540527344
7181,candidate_008,met_station_core;laser_disdrometer;cr1000xe_backbone,2.0103999999999997,calm,transport,0,2.4586422443389893
7181,candidate_008,met_station_core;laser_disdrometer;cr1000xe_backbone,2.0103999999999997,calm,transport,0,2.6829440593719482
7181,candidate_008,met_station_core;laser_disdrometer;cr1000xe_backbone,2.0103999999999997,calm,transport,0,2.6602656841278076
7181,candidate_008,met_station_core;laser_disdrometer;cr1000xe_backbone,2.0103999999999997,calm,transport,0,2.6275439262390137
7181,candidate_008,met_station_core;laser_disdrometer;cr1000xe_backbone,2.0103999999999997,calm,transport,0,2.2259936332702637
7181,candidate_008,met_station_core;laser_disdrometer;cr1000xe_backbone,2.0103999999999997,calm,transport,0,2.3135786056518555
7181,candidate_008,met_station_core;laser_disdrometer;cr1000xe_backbone,2.0103999999999997,calm,transport,0,2.2505602836608887
7181,candidate_008,met_station_core;laser_disdrometer;cr1000xe_backbone,2.0103999999999997,calm,transport,0,2.5412046909332275
7181,candidate_008,met_station_core;laser_disdrometer;cr1000xe_backbone,2.0103999999999997,calm,transport,0,2.685304880142212
7181,candidate_008,met_station_core;laser_disdrometer;cr1000xe_backbone,2.0103999999999997,calm,transport,0,2.644157886505127
7181,candidate_008,met_station_core;laser_disdrometer;cr1000xe_backbone,2.0103999999999997,calm,transport,0,2.5336875915527344
7181,candidate_008,met_station_core;laser_disdrometer;cr1000xe_backbone,2.0103999999999997,calm,transport,0,2.1636719703674316
7181,candidate_008,met_station_core;laser_disdrometer;cr1000xe_backbone,2.0103999999999997,calm,transport,0,1.485012412071228
7181,candidate_008,met_station_core;laser_disdrometer;cr1000xe_backbone,2.0103999999999997,calm,transport,0,1.3005937337875366
7181,candidate_008,met_station_core;laser_disdrometer;cr1000xe_backbone,2.0103999999999997,calm,transport,0,1.5457981824874878
7181,candidate_008,met_station_core;laser_disdrometer;cr1000xe_backbone,2.0103999999999997,particle,thermal,1,0.6192211508750916
7181,candidate_008,met_station_core;laser_disdrometer;cr1000xe_backbone,2.0103999999999997,particle,thermal,1,1.0047132968902588
7181,candidate_008,met_station_core;laser_disdrometer;cr1000xe_backbone,2.0103999999999997,particle,thermal,1,1.301780343055725
7181,candidate_008,met_station_core;laser_disdrometer;cr1000xe_backbone,2.0103999999999997,particle,thermal,1,1.4274250268936157
7181,candidate_008,met_station_core;laser_disdrometer;cr1000xe_backbone,2.0103999999999997,particle,thermal,1,1.751644492149353
7181,candidate_008,met_station_core;laser_disdrometer;cr1000xe_backbone,2.0103999999999997,particle,thermal,1,1.9777275323867798
7181,candidate_008,met_station_core;laser_disdrometer;cr1000xe_backbone,2.0103999999999997,particle,thermal,1,2.267667531967163
7181,candidate_008,met_station_core;laser_disdrometer;cr1000xe_backbone,2.0103999999999997,particle,thermal,1,2.583751678466797
7181,candidate_008,met_station_core;laser_disdrometer;cr1000xe_backbone,2.0103999999999997,particle,transport,1,2.5912060737609863
7181,candidate_008,met_station_core;laser_disdrometer;cr1000xe_backbone,2.0103999999999997,particle,transport,1,2.583054304122925
7181,candidate_008,met_station_core;laser_disdrometer;cr1000xe_backbone,2.0103999999999997,particle,transport,1,2.590893030166626
7181,candidate_008,met_station_core;laser_disdrometer;cr1000xe_backbone,2.0103999999999997,particle,transport,1,2.6598081588745117
7181,candidate_008,met_station_core;laser_disdrometer;cr1000xe_backbone,2.0103999999999997,particle,transport,1,2.5443787574768066
7181,candidate_008,met_station_core;laser_disdrometer;cr1000xe_backbone,2.0103999999999997,particle,transport,1,2.4519717693328857
7181,candidate_008,met_station_core;laser_disdrometer;cr1000xe_backbone,2.0103999999999997,particle,transport,1,2.3300559520721436
7181,candidate_008,met_station_core;laser_disdrometer;cr1000xe_backbone,2.0103999999999997,particle,transport,1,2.039064884185791
7181,candidate_008,met_station_core;laser_disdrometer;cr1000xe_backbone,2.0103999999999997,particle,transport,1,2.7487030029296875
7181,candidate_008,met_station_core;laser_disdrometer;cr1000xe_backbone,2.0103999999999997,particle,transport,1,2.738457441329956
7181,candidate_008,met_station_core;laser_disdrometer;cr1000xe_backbone,2.0103999999999997,particle,transport,1,2.7876105308532715
7181,candidate_008,met_station_core;laser_disdrometer;cr1000xe_backbone,2.0103999999999997,particle,transport,1,2.7610764503479004
7181,candidate_008,met_station_core;laser_disdrometer;cr1000xe_backbone,2.0103999999999997,particle,transport,1,2.7492825984954834
7181,candidate_008,met_station_core;laser_disdrometer;cr1000xe_backbone,2.0103999999999997,calm,transport,0,2.6655092239379883
7181,candidate_008,met_station_core;laser_disdrometer;cr1000xe_backbone,2.0103999999999997,calm,transport,0,2.351417303085327
7181,candidate_008,met_station_core;laser_disdrometer;cr1000xe_backbone,2.0103999999999997,calm,transport,0,2.553365707397461
7181,candidate_008,met_station_core;laser_disdrometer;cr1000xe_backbone,2.0103999999999997,calm,transport,0,2.3346941471099854
7181,candidate_008,met_station_core;laser_disdrometer;cr1000xe_backbone,2.0103999999999997,calm,transport,0,1.5420982837677002
7181,candidate_008,met_station_core;laser_disdrometer;cr1000xe_backbone,2.0103999999999997,calm,transport,0,0.9644215703010559
7181,candidate_008,met_station_core;laser_disdrometer;cr1000xe_backbone,2.0103999999999997,calm,transport,0,0.8641411066055298
7181,candidate_008,met_station_core;laser_disdrometer;cr1000xe_backbone,2.0103999999999997,calm,transport,0,0.5550514459609985
7181,candidate_008,met_station_core;laser_disdrometer;cr1000xe_backbone,2.0103999999999997,calm,transport,0,0.32113227248191833
7181,candidate_008,met_station_core;laser_disdrometer;cr1000xe_backbone,2.0103999999999997,calm,transport,0,0.33584973216056824
7181,candidate_008,met_station_core;laser_disdrometer;cr1000xe_backbone,2.0103999999999997,calm,transport,0,0.3982846438884735
7181,candidate_008,met_station_core;laser_disdrometer;cr1000xe_backbone,2.0103999999999997,calm,transport,0,0.38698047399520874
7181,candidate_008,met_station_core;laser_disdrometer;cr1000xe_backbone,2.0103999999999997,calm,particle,0,0.42070266604423523
7181,candidate_008,met_station_core;laser_disdrometer;cr1000xe_backbone,2.0103999999999997,flux,particle,2,0.3749401569366455
7181,candidate_008,met_station_core;laser_disdrometer;cr1000xe_backbone,2.0103999999999997,flux,particle,2,0.4073157012462616
7181,candidate_008,met_station_core;laser_disdrometer;cr1000xe_backbone,2.0103999999999997,flux,particle,2,0.49467241764068604
7181,candidate_008,met_station_core;laser_disdrometer;cr1000xe_backbone,2.0103999999999997,flux,particle,2,0.31146419048309326
7181,candidate_008,met_station_core;laser_disdrometer;cr1000xe_backbone,2.0103999999999997,flux,particle,2,0.46967777609825134
7181,candidate_008,met_station_core;laser_disdrometer;cr1000xe_backbone,2.0103999999999997,flux,particle,2,0.7058445811271667
7181,candidate_008,met_station_core;laser_disdrometer;cr1000xe_backbone,2.0103999999999997,flux,particle,2,0.5902541279792786
7181,candidate_008,met_station_core;laser_disdrometer;cr1000xe_backbone,2.0103999999999997,flux,particle,2,0.4961719214916229
7181,candidate_008,met_station_core;laser_disdrometer;cr1000xe_backbone,2.0103999999999997,flux,particle,2,0.40931156277656555
7181,candidate_008,met_station_core;laser_disdrometer;cr1000xe_backbone,2.0103999999999997,flux,particle,2,1.1006957292556763
7181,candidate_008,met_station_core;laser_disdrometer;cr1000xe_backbone,2.0103999999999997,flux,particle,2,0.5788122415542603
7181,candidate_008,met_station_core;laser_disdrometer;cr1000xe_backbone,2.0103999999999997,flux,particle,2,0.9890810251235962
7181,candidate_008,met_station_core;laser_disdrometer;cr1000xe_backbone,2.0103999999999997,flux,particle,2,1.0600312948226929
7181,candidate_008,met_station_core;laser_disdrometer;cr1000xe_backbone,2.0103999999999997,flux,particle,2,0.554164469242096
7181,candidate_008,met_station_core;laser_disdrometer;cr1000xe_backbone,2.0103999999999997,flux,particle,2,0.47573742270469666
7181,candidate_008,met_station_core;laser_disdrometer;cr1000xe_backbone,2.0103999999999997,flux,particle,2,0.3828178346157074
7181,candidate_008,met_station_core;laser_disdrometer;cr1000xe_backbone,2.0103999999999997,flux,particle,2,0.7813397645950317
7181,candidate_008,met_station_core;laser_disdrometer;cr1000xe_backbone,2.0103999999999997,flux,particle,2,0.4640618562698364
7181,candidate_008,met_station_core;laser_disdrometer;cr1000xe_backbone,2.0103999999999997,flux,particle,2,0.3903810679912567
7181,candidate_008,met_station_core;laser_disdrometer;cr1000xe_backbone,2.0103999999999997,flux,particle,2,0.3789330720901489
7181,candidate_008,met_station_core;laser_disdrometer;cr1000xe_backbone,2.0103999999999997,flux,particle,2,0.44602641463279724
7181,candidate_008,met_station_core;laser_disdrometer;cr1000xe_backbone,2.0103999999999997,flux,particle,2,0.5491170883178711
7181,candidate_008,met_station_core;laser_disdrometer;cr1000xe_backbone,2.0103999999999997,flux,thermal,2,0.48135271668434143
7181,candidate_008,met_station_core;laser_disdrometer;cr1000xe_backbone,2.0103999999999997,flux,thermal,2,0.5026650428771973
7181,candidate_008,met_station_core;laser_disdrometer;cr1000xe_backbone,2.0103999999999997,flux,thermal,2,0.5161583423614502
7181,candidate_008,met_station_core;laser_disdrometer;cr1000xe_backbone,2.0103999999999997,flux,thermal,2,0.49064114689826965
7181,candidate_008,met_station_core;laser_disdrometer;cr1000xe_backbone,2.0103999999999997,flux,thermal,2,0.49559441208839417
7181,candidate_008,met_station_core;laser_disdrometer;cr1000xe_backbone,2.0103999999999997,flux,thermal,2,0.6340983510017395
7181,candidate_008,met_station_core;laser_disdrometer;cr1000xe_backbone,2.0103999999999997,flux,thermal,2,0.7354750633239746
7181,candidate_008,met_station_core;laser_disdrometer;cr1000xe_backbone,2.0103999999999997,flux,thermal,2,1.1656792163848877
7181,candidate_008,met_station_core;laser_disdrometer;cr1000xe_backbone,2.0103999999999997,flux,thermal,2,0.7275460958480835
7181,candidate_008,met_station_core;laser_disdrometer;cr1000xe_backbone,2.0103999999999997,flux,thermal,2,1.2078466415405273
7181,candidate_008,met_station_core;laser_disdrometer;cr1000xe_backbone,2.0103999999999997,flux,thermal,2,1.9723769426345825
7181,candidate_008,met_station_core;laser_disdrometer;cr1000xe_backbone,2.0103999999999997,flux,thermal,2,1.511817216873169
7181,candidate_008,met_station_core;laser_disdrometer;cr1000xe_backbone,2.0103999999999997,flux,thermal,2,1.2862204313278198
7181,candidate_008,met_station_core;laser_disdrometer;cr1000xe_backbone,2.0103999999999997,flux,thermal,2,1.7164970636367798
7181,candidate_008,met_station_core;laser_disdrometer;cr1000xe_backbone,2.0103999999999997,flux,thermal,2,1.998727798461914
7181,candidate_008,met_station_core;laser_disdrometer;cr1000xe_backbone,2.0103999999999997,flux,thermal,2,1.7447996139526367
7181,candidate_008,met_station_core;laser_disdrometer;cr1000xe_backbone,2.0103999999999997,flux,thermal,2,2.2037904262542725
7181,candidate_008,met_station_core;laser_disdrometer;cr1000xe_backbone,2.0103999999999997,flux,thermal,2,2.2645668983459473
7181,candidate_008,met_station_core;laser_disdrometer;cr1000xe_backbone,2.0103999999999997,flux,thermal,2,0.9364442825317383
7181,candidate_008,met_station_core;laser_disdrometer;cr1000xe_backbone,2.0103999999999997,flux,thermal,2,1.7349809408187866
7181,candidate_008,met_station_core;laser_disdrometer;cr1000xe_backbone,2.0103999999999997,flux,thermal,2,2.6393747329711914
7181,candidate_008,met_station_core;laser_disdrometer;cr1000xe_backbone,2.0103999999999997,flux,thermal,2,2.639658212661743
7181,candidate_008,met_station_core;laser_disdrometer;cr1000xe_backbone,2.0103999999999997,flux,thermal,2,2.3690526485443115
7181,candidate_008,met_station_core;laser_disdrometer;cr1000xe_backbone,2.0103999999999997,flux,thermal,2,2.2933905124664307
7181,candidate_008,met_station_core;laser_disdrometer;cr1000xe_backbone,2.0103999999999997,flux,thermal,2,2.6617610454559326
7181,candidate_008,met_station_core;laser_disdrometer;cr1000xe_backbone,2.0103999999999997,flux,thermal,2,2.6793835163116455
7181,candidate_008,met_station_core;laser_disdrometer;cr1000xe_backbone,2.0103999999999997,flux,thermal,2,2.810330390930176
7181,candidate_008,met_station_core;laser_disdrometer;cr1000xe_backbone,2.0103999999999997,flux,thermal,2,2.775357484817505
7181,candidate_008,met_station_core;laser_disdrometer;cr1000xe_backbone,2.0103999999999997,flux,thermal,2,2.504936695098877
7181,candidate_008,met_station_core;laser_disdrometer;cr1000xe_backbone,2.0103999999999997,flux,thermal,2,2.7018916606903076
7181,candidate_008,met_station_core;laser_disdrometer;cr1000xe_backbone,2.0103999999999997,flux,thermal,2,2.8476107120513916
7181,candidate_008,met_station_core;laser_disdrometer;cr1000xe_backbone,2.0103999999999997,calm,thermal,0,1.9476749897003174
7181,candidate_008,met_station_core;laser_disdrometer;cr1000xe_backbone,2.0103999999999997,calm,thermal,0,2.2337939739227295
7181,candidate_008,met_station_core;laser_disdrometer;cr1000xe_backbone,2.0103999999999997,calm,thermal,0,2.2504825592041016
7181,candidate_008,met_station_core;laser_disdrometer;cr1000xe_backbone,2.0103999999999997,calm,transport,0,1.9002302885055542
7181,candidate_008,met_station_core;laser_disdrometer;cr1000xe_backbone,2.0103999999999997,calm,transport,0,1.935680866241455
7181,candidate_008,met_station_core;laser_disdrometer;cr1000xe_backbone,2.0103999999999997,calm,transport,0,2.3002853393554688
7181,candidate_008,met_station_core;laser_disdrometer;cr1000xe_backbone,2.0103999999999997,calm,transport,0,2.1548407077789307
7181,candidate_008,met_station_core;laser_disdrometer;cr1000xe_backbone,2.0103999999999997,calm,transport,0,2.089911699295044
7181,candidate_008,met_station_core;laser_disdrometer;cr1000xe_backbone,2.0103999999999997,calm,transport,0,2.407824754714966
7181,candidate_008,met_station_core;laser_disdrometer;cr1000xe_backbone,2.0103999999999997,calm,transport,0,2.454242467880249
7181,candidate_008,met_station_core;laser_disdrometer;cr1000xe_backbone,2.0103999999999997,calm,transport,0,2.4127917289733887
7181,candidate_008,met_station_core;laser_disdrometer;cr1000xe_backbone,2.0103999999999997,calm,transport,0,2.2905831336975098
7181,candidate_008,met_station_core;laser_disdrometer;cr1000xe_backbone,2.0103999999999997,calm,transport,0,2.2279930114746094
7181,candidate_008,met_station_core;laser_disdrometer;cr1000xe_backbone,2.0103999999999997,calm,transport,0,1.7874666452407837
7181,candidate_008,met_station_core;laser_disdrometer;cr1000xe_backbone,2.0103999999999997,particle,transport,1,2.5252699851989746
7181,candidate_008,met_station_core;laser_disdrometer;cr1000xe_backbone,2.0103999999999997,particle,transport,1,1.9280507564544678
7181,candidate_008,met_station_core;laser_disdrometer;cr1000xe_backbone,2.0103999999999997,particle,transport,1,1.973270297050476
7181,candidate_008,met_station_core;laser_disdrometer;cr1000xe_backbone,2.0103999999999997,particle,transport,1,1.6230506896972656
7181,candidate_008,met_station_core;laser_disdrometer;cr1000xe_backbone,2.0103999999999997,particle,transport,1,1.8847341537475586
7181,candidate_008,met_station_core;laser_disdrometer;cr1000xe_backbone,2.0103999999999997,particle,transport,1,1.2490774393081665
7181,candidate_008,met_station_core;laser_disdrometer;cr1000xe_backbone,2.0103999999999997,particle,transport,1,1.4342418909072876
7181,candidate_008,met_station_core;laser_disdrometer;cr1000xe_backbone,2.0103999999999997,particle,transport,1,1.2582412958145142
7181,candidate_008,met_station_core;laser_disdrometer;cr1000xe_backbone,2.0103999999999997,particle,transport,1,1.6388826370239258
7181,candidate_008,met_station_core;laser_disdrometer;cr1000xe_backbone,2.0103999999999997,particle,transport,1,1.3167593479156494
7181,candidate_008,met_station_core;laser_disdrometer;cr1000xe_backbone,2.0103999999999997,particle,transport,1,1.3854550123214722
7181,candidate_008,met_station_core;laser_disdrometer;cr1000xe_backbone,2.0103999999999997,particle,transport,1,1.2321977615356445
7181,candidate_008,met_station_core;laser_disdrometer;cr1000xe_backbone,2.0103999999999997,particle,transport,1,1.4319530725479126
7181,candidate_008,met_station_core;laser_disdrometer;cr1000xe_backbone,2.0103999999999997,particle,transport,1,1.370115041732788
7181,candidate_008,met_station_core;laser_disdrometer;cr1000xe_backbone,2.0103999999999997,particle,transport,1,1.0280572175979614
7181,candidate_008,met_station_core;laser_disdrometer;cr1000xe_backbone,2.0103999999999997,particle,particle,1,1.0578982830047607
7181,candidate_008,met_station_core;laser_disdrometer;cr1000xe_backbone,2.0103999999999997,particle,particle,1,1.09526526927948
7181,candidate_008,met_station_core;laser_disdrometer;cr1000xe_backbone,2.0103999999999997,particle,particle,1,1.1603162288665771
7181,candidate_008,met_station_core;laser_disdrometer;cr1000xe_backbone,2.0103999999999997,particle,particle,1,1.221942663192749
7181,candidate_008,met_station_core;laser_disdrometer;cr1000xe_backbone,2.0103999999999997,particle,particle,1,1.0031177997589111
7181,candidate_008,met_station_core;laser_disdrometer;cr1000xe_backbone,2.0103999999999997,particle,particle,1,1.1071555614471436
7181,candidate_008,met_station_core;laser_disdrometer;cr1000xe_backbone,2.0103999999999997,particle,particle,1,1.3211148977279663
7181,candidate_008,met_station_core;laser_disdrometer;cr1000xe_backbone,2.0103999999999997,particle,particle,1,0.9091037511825562
7181,candidate_008,met_station_core;laser_disdrometer;cr1000xe_backbone,2.0103999999999997,particle,particle,1,1.2561397552490234
7181,candidate_008,met_station_core;laser_disdrometer;cr1000xe_backbone,2.0103999999999997,particle,particle,1,1.5207570791244507
7181,candidate_008,met_station_core;laser_disdrometer;cr1000xe_backbone,2.0103999999999997,particle,particle,1,1.5507135391235352
7181,candidate_008,met_station_core;laser_disdrometer;cr1000xe_backbone,2.0103999999999997,calm,particle,0,0.7645235061645508
7181,candidate_008,met_station_core;laser_disdrometer;cr1000xe_backbone,2.0103999999999997,calm,particle,0,0.7668547034263611
7181,candidate_008,met_station_core;laser_disdrometer;cr1000xe_backbone,2.0103999999999997,calm,particle,0,1.0075745582580566
7181,candidate_008,met_station_core;laser_disdrometer;cr1000xe_backbone,2.0103999999999997,calm,particle,0,0.6970515251159668
7181,candidate_008,met_station_core;laser_disdrometer;cr1000xe_backbone,2.0103999999999997,calm,particle,0,0.8708269596099854
7181,candidate_008,met_station_core;laser_disdrometer;cr1000xe_backbone,2.0103999999999997,calm,particle,0,1.7655342817306519
7181,candidate_008,met_station_core;laser_disdrometer;cr1000xe_backbone,2.0103999999999997,calm,particle,0,1.4485045671463013
7181,candidate_008,met_station_core;laser_disdrometer;cr1000xe_backbone,2.0103999999999997,calm,particle,0,1.3560394048690796
7181,candidate_008,met_station_core;laser_disdrometer;cr1000xe_backbone,2.0103999999999997,calm,thermal,0,1.789919376373291
7181,candidate_008,met_station_core;laser_disdrometer;cr1000xe_backbone,2.0103999999999997,calm,thermal,0,1.671582579612732
7181,candidate_008,met_station_core;laser_disdrometer;cr1000xe_backbone,2.0103999999999997,calm,thermal,0,1.3998922109603882
7181,candidate_008,met_station_core;laser_disdrometer;cr1000xe_backbone,2.0103999999999997,calm,thermal,0,1.5155822038650513
7181,candidate_008,met_station_core;laser_disdrometer;cr1000xe_backbone,2.0103999999999997,calm,thermal,0,2.227705717086792
7181,candidate_008,met_station_core;laser_disdrometer;cr1000xe_backbone,2.0103999999999997,flux,thermal,2,2.4515039920806885
7181,candidate_008,met_station_core;laser_disdrometer;cr1000xe_backbone,2.0103999999999997,flux,thermal,2,2.5646653175354004
7181,candidate_008,met_station_core;laser_disdrometer;cr1000xe_backbone,2.0103999999999997,flux,thermal,2,2.5179226398468018
7181,candidate_008,met_station_core;laser_disdrometer;cr1000xe_backbone,2.0103999999999997,flux,thermal,2,2.5860350131988525
7181,candidate_008,met_station_core;laser_disdrometer;cr1000xe_backbone,2.0103999999999997,flux,thermal,2,2.498293876647949
7181,candidate_008,met_station_core;laser_disdrometer;cr1000xe_backbone,2.0103999999999997,flux,thermal,2,2.6198313236236572
7181,candidate_008,met_station_core;laser_disdrometer;cr1000xe_backbone,2.0103999999999997,flux,thermal,2,2.5697712898254395
7181,candidate_008,met_station_core;laser_disdrometer;cr1000xe_backbone,2.0103999999999997,flux,thermal,2,2.464879035949707
7181,candidate_008,met_station_core;laser_disdrometer;cr1000xe_backbone,2.0103999999999997,flux,thermal,2,2.525832414627075
7181,candidate_008,met_station_core;laser_disdrometer;cr1000xe_backbone,2.0103999999999997,flux,thermal,2,2.3714547157287598
7181,candidate_008,met_station_core;laser_disdrometer;cr1000xe_backbone,2.0103999999999997,flux,thermal,2,2.289517879486084
7181,candidate_008,met_station_core;laser_disdrometer;cr1000xe_backbone,2.0103999999999997,flux,thermal,2,2.183255434036255
7181,candidate_008,met_station_core;laser_disdrometer;cr1000xe_backbone,2.0103999999999997,flux,thermal,2,2.530390977859497
7181,candidate_008,met_station_core;laser_disdrometer;cr1000xe_backbone,2.0103999999999997,flux,thermal,2,2.351749897003174
7181,candidate_008,met_station_core;laser_disdrometer;cr1000xe_backbone,2.0103999999999997,flux,thermal,2,2.3754639625549316
7181,candidate_008,met_station_core;laser_disdrometer;cr1000xe_backbone,2.0103999999999997,flux,thermal,2,2.404362916946411
7181,candidate_008,met_station_core;laser_disdrometer;cr1000xe_backbone,2.0103999999999997,flux,thermal,2,2.0563876628875732
7181,candidate_008,met_station_core;laser_disdrometer;cr1000xe_backbone,2.0103999999999997,flux,thermal,2,2.284118890762329
7181,candidate_008,met_station_core;laser_disdrometer;cr1000xe_backbone,2.0103999999999997,flux,thermal,2,1.5500226020812988
7181,candidate_008,met_station_core;laser_disdrometer;cr1000xe_backbone,2.0103999999999997,flux,thermal,2,1.7196604013442993
7181,candidate_008,met_station_core;laser_disdrometer;cr1000xe_backbone,2.0103999999999997,flux,thermal,2,1.1355146169662476
7181,candidate_008,met_station_core;laser_disdrometer;cr1000xe_backbone,2.0103999999999997,flux,thermal,2,1.964361548423767
7181,candidate_008,met_station_core;laser_disdrometer;cr1000xe_backbone,2.0103999999999997,flux,thermal,2,2.0802996158599854
7181,candidate_008,met_station_core;laser_disdrometer;cr1000xe_backbone,2.0103999999999997,flux,thermal,2,2.272707939147949
7181,candidate_008,met_station_core;laser_disdrometer;cr1000xe_backbone,2.0103999999999997,flux,thermal,2,2.3455612659454346
7181,candidate_008,met_station_core;laser_disdrometer;cr1000xe_backbone,2.0103999999999997,flux,thermal,2,2.3257527351379395
7181,candidate_008,met_station_core;laser_disdrometer;cr1000xe_backbone,2.0103999999999997,flux,thermal,2,2.47629976272583
7181,candidate_008,met_station_core;laser_disdrometer;cr1000xe_backbone,2.0103999999999997,flux,thermal,2,2.656524419784546
7181,candidate_008,met_station_core;laser_disdrometer;cr1000xe_backbone,2.0103999999999997,flux,transport,2,2.649287223815918
7181,candidate_008,met_station_core;laser_disdrometer;cr1000xe_backbone,2.0103999999999997,flux,transport,2,2.685692071914673
7181,candidate_008,met_station_core;laser_disdrometer;cr1000xe_backbone,2.0103999999999997,flux,transport,2,2.615403890609741
7181,candidate_008,met_station_core;laser_disdrometer;cr1000xe_backbone,2.0103999999999997,flux,transport,2,2.653829574584961
7181,candidate_008,met_station_core;laser_disdrometer;cr1000xe_backbone,2.0103999999999997,flux,transport,2,2.60811710357666
7181,candidate_008,met_station_core;laser_disdrometer;cr1000xe_backbone,2.0103999999999997,flux,transport,2,2.5002851486206055
7181,candidate_008,met_station_core;laser_disdrometer;cr1000xe_backbone,2.0103999999999997,flux,transport,2,2.5848119258880615
7181,candidate_008,met_station_core;laser_disdrometer;cr1000xe_backbone,2.0103999999999997,flux,transport,2,2.5377845764160156
7181,candidate_008,met_station_core;laser_disdrometer;cr1000xe_backbone,2.0103999999999997,flux,transport,2,2.521627187728882
7181,candidate_008,met_station_core;laser_disdrometer;cr1000xe_backbone,2.0103999999999997,flux,transport,2,2.6158342361450195
7181,candidate_008,met_station_core;laser_disdrometer;cr1000xe_backbone,2.0103999999999997,flux,transport,2,2.59724497795105
7181,candidate_008,met_station_core;laser_disdrometer;cr1000xe_backbone,2.0103999999999997,flux,transport,2,2.623173236846924
7181,candidate_008,met_station_core;laser_disdrometer;cr1000xe_backbone,2.0103999999999997,flux,transport,2,2.5594723224639893
7181,candidate_008,met_station_core;laser_disdrometer;cr1000xe_backbone,2.0103999999999997,flux,transport,2,2.561544179916382
7181,candidate_008,met_station_core;laser_disdrometer;cr1000xe_backbone,2.0103999999999997,flux,transport,2,2.5788493156433105
7181,candidate_008,met_station_core;laser_disdrometer;cr1000xe_backbone,2.0103999999999997,flux,transport,2,2.4611411094665527
7181,candidate_008,met_station_core;laser_disdrometer;cr1000xe_backbone,2.0103999999999997,flux,transport,2,2.6500489711761475
7181,candidate_008,met_station_core;laser_disdrometer;cr1000xe_backbone,2.0103999999999997,flux,transport,2,2.66230845451355
7181,candidate_008,met_station_core;laser_disdrometer;cr1000xe_backbone,2.0103999999999997,flux,transport,2,2.6508214473724365
7181,candidate_008,met_station_core;laser_disdrometer;cr1000xe_backbone,2.0103999999999997,flux,transport,2,2.6444952487945557
7181,candidate_008,met_station_core;laser_disdrometer;cr1000xe_backbone,2.0103999999999997,flux,transport,2,2.6485893726348877
7181,candidate_008,met_station_core;laser_disdrometer;cr1000xe_backbone,2.0103999999999997,flux,transport,2,2.635495662689209
7181,candidate_008,met_station_core;laser_disdrometer;cr1000xe_backbone,2.0103999999999997,flux,transport,2,2.6475841999053955
7181,candidate_008,met_station_core;laser_disdrometer;cr1000xe_backbone,2.0103999999999997,flux,transport,2,2.5454955101013184
7181,candidate_008,met_station_core;laser_disdrometer;cr1000xe_backbone,2.0103999999999997,flux,transport,2,2.1482670307159424
7181,candidate_008,met_station_core;laser_disdrometer;cr1000xe_backbone,2.0103999999999997,flux,transport,2,2.0488152503967285
7181,candidate_008,met_station_core;laser_disdrometer;cr1000xe_backbone,2.0103999999999997,flux,transport,2,2.13555645942688
7181,candidate_008,met_station_core;laser_disdrometer;cr1000xe_backbone,2.0103999999999997,flux,transport,2,1.2205884456634521
7181,candidate_008,met_station_core;laser_disdrometer;cr1000xe_backbone,2.0103999999999997,flux,particle,2,2.036686420440674
7181,candidate_008,met_station_core;laser_disdrometer;cr1000xe_backbone,2.0103999999999997,flux,particle,2,1.0443884134292603
7181,candidate_008,met_station_core;laser_disdrometer;cr1000xe_backbone,2.0103999999999997,calm,particle,0,0.6529546976089478
7181,candidate_008,met_station_core;laser_disdrometer;cr1000xe_backbone,2.0103999999999997,calm,particle,0,0.43811938166618347
7181,candidate_008,met_station_core;laser_disdrometer;cr1000xe_backbone,2.0103999999999997,calm,particle,0,0.3414177894592285
7181,candidate_008,met_station_core;laser_disdrometer;cr1000xe_backbone,2.0103999999999997,calm,particle,0,0.475892037153244
7181,candidate_008,met_station_core;laser_disdrometer;cr1000xe_backbone,2.0103999999999997,calm,particle,0,0.43899214267730713
7181,candidate_008,met_station_core;laser_disdrometer;cr1000xe_backbone,2.0103999999999997,calm,particle,0,0.5407767295837402
7181,candidate_008,met_station_core;laser_disdrometer;cr1000xe_backbone,2.0103999999999997,calm,particle,0,0.5885173082351685
7181,candidate_008,met_station_core;laser_disdrometer;cr1000xe_backbone,2.0103999999999997,calm,particle,0,0.733642041683197
7181,candidate_008,met_station_core;laser_disdrometer;cr1000xe_backbone,2.0103999999999997,calm,particle,0,1.0265663862228394
7181,candidate_008,met_station_core;laser_disdrometer;cr1000xe_backbone,2.0103999999999997,calm,particle,0,1.8393572568893433
7181,candidate_008,met_station_core;laser_disdrometer;cr1000xe_backbone,2.0103999999999997,calm,particle,0,2.304217576980591
7181,candidate_008,met_station_core;laser_disdrometer;cr1000xe_backbone,2.0103999999999997,calm,particle,0,2.522411823272705
7181,candidate_008,met_station_core;laser_disdrometer;cr1000xe_backbone,2.0103999999999997,flux,particle,2,2.615064859390259
7181,candidate_008,met_station_core;laser_disdrometer;cr1000xe_backbone,2.0103999999999997,flux,particle,2,2.6773478984832764
7181,candidate_008,met_station_core;laser_disdrometer;cr1000xe_backbone,2.0103999999999997,flux,particle,2,2.6937379837036133
7181,candidate_008,met_station_core;laser_disdrometer;cr1000xe_backbone,2.0103999999999997,flux,particle,2,2.7321784496307373
7181,candidate_008,met_station_core;laser_disdrometer;cr1000xe_backbone,2.0103999999999997,flux,thermal,2,2.650742769241333
7181,candidate_008,met_station_core;laser_disdrometer;cr1000xe_backbone,2.0103999999999997,flux,thermal,2,2.6493313312530518
7181,candidate_008,met_station_core;laser_disdrometer;cr1000xe_backbone,2.0103999999999997,flux,thermal,2,2.6109604835510254
7181,candidate_008,met_station_core;laser_disdrometer;cr1000xe_backbone,2.0103999999999997,flux,thermal,2,2.6208553314208984
7181,candidate_008,met_station_core;laser_disdrometer;cr1000xe_backbone,2.0103999999999997,flux,thermal,2,2.5378379821777344
7181,candidate_008,met_station_core;laser_disdrometer;cr1000xe_backbone,2.0103999999999997,flux,thermal,2,2.103550672531128
7181,candidate_008,met_station_core;laser_disdrometer;cr1000xe_backbone,2.0103999999999997,flux,thermal,2,0.8597609400749207
7181,candidate_008,met_station_core;laser_disdrometer;cr1000xe_backbone,2.0103999999999997,flux,thermal,2,1.5067534446716309
7181,candidate_008,met_station_core;laser_disdrometer;cr1000xe_backbone,2.0103999999999997,flux,thermal,2,1.924999713897705
7181,candidate_008,met_station_core;laser_disdrometer;cr1000xe_backbone,2.0103999999999997,flux,thermal,2,2.0553479194641113
7181,candidate_008,met_station_core;laser_disdrometer;cr1000xe_backbone,2.0103999999999997,flux,thermal,2,1.7827790975570679
7181,candidate_008,met_station_core;laser_disdrometer;cr1000xe_backbone,2.0103999999999997,flux,thermal,2,2.0295965671539307
7181,candidate_008,met_station_core;laser_disdrometer;cr1000xe_backbone,2.0103999999999997,flux,thermal,2,2.488210439682007
7181,candidate_008,met_station_core;laser_disdrometer;cr1000xe_backbone,2.0103999999999997,flux,thermal,2,2.3807265758514404
7181,candidate_008,met_station_core;laser_disdrometer;cr1000xe_backbone,2.0103999999999997,flux,thermal,2,2.4319608211517334
7181,candidate_008,met_station_core;laser_disdrometer;cr1000xe_backbone,2.0103999999999997,flux,thermal,2,2.3892998695373535
7181,candidate_008,met_station_core;laser_disdrometer;cr1000xe_backbone,2.0103999999999997,flux,thermal,2,2.5347423553466797
7181,candidate_008,met_station_core;laser_disdrometer;cr1000xe_backbone,2.0103999999999997,flux,thermal,2,2.2281570434570312
7181,candidate_008,met_station_core;laser_disdrometer;cr1000xe_backbone,2.0103999999999997,flux,thermal,2,2.4739866256713867
7181,candidate_008,met_station_core;laser_disdrometer;cr1000xe_backbone,2.0103999999999997,flux,thermal,2,2.322749137878418
7181,candidate_008,met_station_core;laser_disdrometer;cr1000xe_backbone,2.0103999999999997,flux,thermal,2,2.4534687995910645
7181,candidate_008,met_station_core;laser_disdrometer;cr1000xe_backbone,2.0103999999999997,flux,thermal,2,1.986449956893921
7181,candidate_008,met_station_core;laser_disdrometer;cr1000xe_backbone,2.0103999999999997,flux,thermal,2,2.3344452381134033
7181,candidate_008,met_station_core;laser_disdrometer;cr1000xe_backbone,2.0103999999999997,flux,thermal,2,2.495168447494507
7181,candidate_008,met_station_core;laser_disdrometer;cr1000xe_backbone,2.0103999999999997,flux,thermal,2,2.085331916809082
7181,candidate_008,met_station_core;laser_disdrometer;cr1000xe_backbone,2.0103999999999997,flux,thermal,2,2.1254138946533203
7181,candidate_008,met_station_core;laser_disdrometer;cr1000xe_backbone,2.0103999999999997,flux,thermal,2,2.0068750381469727
7181,candidate_008,met_station_core;laser_disdrometer;cr1000xe_backbone,2.0103999999999997,flux,thermal,2,2.1906049251556396
7181,candidate_008,met_station_core;laser_disdrometer;cr1000xe_backbone,2.0103999999999997,flux,thermal,2,2.2975735664367676
7181,candidate_008,met_station_core;laser_disdrometer;cr1000xe_backbone,2.0103999999999997,flux,thermal,2,2.399404764175415
7181,candidate_008,met_station_core;laser_disdrometer;cr1000xe_backbone,2.0103999999999997,flux,thermal,2,2.6009926795959473
7181,candidate_008,met_station_core;laser_disdrometer;cr1000xe_backbone,2.0103999999999997,flux,thermal,2,2.6674976348876953
7181,candidate_008,met_station_core;laser_disdrometer;cr1000xe_backbone,2.0103999999999997,flux,transport,2,2.565047025680542
7181,candidate_008,met_station_core;laser_disdrometer;cr1000xe_backbone,2.0103999999999997,flux,transport,2,2.515018939971924
7181,candidate_008,met_station_core;laser_disdrometer;cr1000xe_backbone,2.0103999999999997,calm,transport,0,2.4058666229248047
7181,candidate_008,met_station_core;laser_disdrometer;cr1000xe_backbone,2.0103999999999997,calm,transport,0,2.3896679878234863
7181,candidate_008,met_station_core;laser_disdrometer;cr1000xe_backbone,2.0103999999999997,calm,transport,0,2.329183578491211
7181,candidate_008,met_station_core;laser_disdrometer;cr1000xe_backbone,2.0103999999999997,calm,transport,0,2.443922996520996
7181,candidate_008,met_station_core;laser_disdrometer;cr1000xe_backbone,2.0103999999999997,calm,transport,0,2.3473474979400635
7181,candidate_008,met_station_core;laser_disdrometer;cr1000xe_backbone,2.0103999999999997,calm,transport,0,1.8246886730194092
7181,candidate_008,met_station_core;laser_disdrometer;cr1000xe_backbone,2.0103999999999997,calm,transport,0,2.0479960441589355
7181,candidate_008,met_station_core;laser_disdrometer;cr1000xe_backbone,2.0103999999999997,calm,transport,0,2.4743597507476807
7181,candidate_009,radiometer_basic;laser_disdrometer;cr1000xe_backbone,1.9704000000000002,calm,transport,0,1.2143688201904297
7181,candidate_009,radiometer_basic;laser_disdrometer;cr1000xe_backbone,1.9704000000000002,calm,transport,0,0.9982293844223022
7181,candidate_009,radiometer_basic;laser_disdrometer;cr1000xe_backbone,1.9704000000000002,calm,transport,0,0.8756060004234314
7181,candidate_009,radiometer_basic;laser_disdrometer;cr1000xe_backbone,1.9704000000000002,calm,transport,0,0.8144577145576477
7181,candidate_009,radiometer_basic;laser_disdrometer;cr1000xe_backbone,1.9704000000000002,calm,transport,0,0.8353338837623596
7181,candidate_009,radiometer_basic;laser_disdrometer;cr1000xe_backbone,1.9704000000000002,calm,transport,0,0.8775036334991455
7181,candidate_009,radiometer_basic;laser_disdrometer;cr1000xe_backbone,1.9704000000000002,calm,transport,0,0.9281666874885559
7181,candidate_009,radiometer_basic;laser_disdrometer;cr1000xe_backbone,1.9704000000000002,calm,transport,0,0.8918547034263611
7181,candidate_009,radiometer_basic;laser_disdrometer;cr1000xe_backbone,1.9704000000000002,calm,transport,0,1.0783796310424805
7181,candidate_009,radiometer_basic;laser_disdrometer;cr1000xe_backbone,1.9704000000000002,calm,transport,0,1.049000859260559
7181,candidate_009,radiometer_basic;laser_disdrometer;cr1000xe_backbone,1.9704000000000002,calm,transport,0,1.1897627115249634
7181,candidate_009,radiometer_basic;laser_disdrometer;cr1000xe_backbone,1.9704000000000002,calm,transport,0,1.2450001239776611
7181,candidate_009,radiometer_basic;laser_disdrometer;cr1000xe_backbone,1.9704000000000002,calm,transport,0,1.1098549365997314
7181,candidate_009,radiometer_basic;laser_disdrometer;cr1000xe_backbone,1.9704000000000002,calm,transport,0,1.0188308954238892
7181,candidate_009,radiometer_basic;laser_disdrometer;cr1000xe_backbone,1.9704000000000002,calm,transport,0,0.907589316368103
7181,candidate_009,radiometer_basic;laser_disdrometer;cr1000xe_backbone,1.9704000000000002,calm,transport,0,0.8926454782485962
7181,candidate_009,radiometer_basic;laser_disdrometer;cr1000xe_backbone,1.9704000000000002,calm,transport,0,0.8404904007911682
7181,candidate_009,radiometer_basic;laser_disdrometer;cr1000xe_backbone,1.9704000000000002,calm,transport,0,0.8253291845321655
7181,candidate_009,radiometer_basic;laser_disdrometer;cr1000xe_backbone,1.9704000000000002,calm,transport,0,0.9000543355941772
7181,candidate_009,radiometer_basic;laser_disdrometer;cr1000xe_backbone,1.9704000000000002,calm,transport,0,0.9205228686332703
7181,candidate_009,radiometer_basic;laser_disdrometer;cr1000xe_backbone,1.9704000000000002,calm,transport,0,0.8984750509262085
7181,candidate_009,radiometer_basic;laser_disdrometer;cr1000xe_backbone,1.9704000000000002,calm,transport,0,0.9905660152435303
7181,candidate_009,radiometer_basic;laser_disdrometer;cr1000xe_backbone,1.9704000000000002,calm,particle,0,1.0628576278686523
7181,candidate_009,radiometer_basic;laser_disdrometer;cr1000xe_backbone,1.9704000000000002,calm,particle,0,1.0170457363128662
7181,candidate_009,radiometer_basic;laser_disdrometer;cr1000xe_backbone,1.9704000000000002,calm,particle,0,1.0301225185394287
7181,candidate_009,radiometer_basic;laser_disdrometer;cr1000xe_backbone,1.9704000000000002,calm,particle,0,0.9341949820518494
7181,candidate_009,radiometer_basic;laser_disdrometer;cr1000xe_backbone,1.9704000000000002,calm,particle,0,0.8963236808776855
7181,candidate_009,radiometer_basic;laser_disdrometer;cr1000xe_backbone,1.9704000000000002,calm,particle,0,0.6894752979278564
7181,candidate_009,radiometer_basic;laser_disdrometer;cr1000xe_backbone,1.9704000000000002,calm,particle,0,0.6799145340919495
7181,candidate_009,radiometer_basic;laser_disdrometer;cr1000xe_backbone,1.9704000000000002,calm,particle,0,0.6955603957176208
7181,candidate_009,radiometer_basic;laser_disdrometer;cr1000xe_backbone,1.9704000000000002,calm,particle,0,0.7992915511131287
7181,candidate_009,radiometer_basic;laser_disdrometer;cr1000xe_backbone,1.9704000000000002,calm,particle,0,0.623101532459259
7181,candidate_009,radiometer_basic;laser_disdrometer;cr1000xe_backbone,1.9704000000000002,calm,particle,0,0.5946006774902344
7181,candidate_009,radiometer_basic;laser_disdrometer;cr1000xe_backbone,1.9704000000000002,calm,particle,0,0.6132476329803467
7181,candidate_009,radiometer_basic;laser_disdrometer;cr1000xe_backbone,1.9704000000000002,calm,particle,0,0.8749821186065674
7181,candidate_009,radiometer_basic;laser_disdrometer;cr1000xe_backbone,1.9704000000000002,calm,particle,0,0.7127992510795593
7181,candidate_009,radiometer_basic;laser_disdrometer;cr1000xe_backbone,1.9704000000000002,calm,particle,0,0.8935087323188782
7181,candidate_009,radiometer_basic;laser_disdrometer;cr1000xe_backbone,1.9704000000000002,calm,particle,0,0.7324647903442383
7181,candidate_009,radiometer_basic;laser_disdrometer;cr1000xe_backbone,1.9704000000000002,calm,particle,0,0.7721590399742126
7181,candidate_009,radiometer_basic;laser_disdrometer;cr1000xe_backbone,1.9704000000000002,calm,particle,0,0.6555638909339905
7181,candidate_009,radiometer_basic;laser_disdrometer;cr1000xe_backbone,1.9704000000000002,calm,particle,0,0.7199892401695251
7181,candidate_009,radiometer_basic;laser_disdrometer;cr1000xe_backbone,1.9704000000000002,calm,particle,0,0.7740936875343323
7181,candidate_009,radiometer_basic;laser_disdrometer;cr1000xe_backbone,1.9704000000000002,calm,particle,0,0.901893138885498
7181,candidate_009,radiometer_basic;laser_disdrometer;cr1000xe_backbone,1.9704000000000002,calm,particle,0,0.8015568256378174
7181,candidate_009,radiometer_basic;laser_disdrometer;cr1000xe_backbone,1.9704000000000002,calm,thermal,0,0.8114688992500305
7181,candidate_009,radiometer_basic;laser_disdrometer;cr1000xe_backbone,1.9704000000000002,calm,thermal,0,1.0573861598968506
7181,candidate_009,radiometer_basic;laser_disdrometer;cr1000xe_backbone,1.9704000000000002,calm,thermal,0,0.9274470806121826
7181,candidate_009,radiometer_basic;laser_disdrometer;cr1000xe_backbone,1.9704000000000002,calm,thermal,0,1.1414625644683838
7181,candidate_009,radiometer_basic;laser_disdrometer;cr1000xe_backbone,1.9704000000000002,calm,thermal,0,1.0187894105911255
7181,candidate_009,radiometer_basic;laser_disdrometer;cr1000xe_backbone,1.9704000000000002,calm,thermal,0,1.0554094314575195
7181,candidate_009,radiometer_basic;laser_disdrometer;cr1000xe_backbone,1.9704000000000002,calm,thermal,0,0.8568638563156128
7181,candidate_009,radiometer_basic;laser_disdrometer;cr1000xe_backbone,1.9704000000000002,calm,thermal,0,0.7378808856010437
7181,candidate_009,radiometer_basic;laser_disdrometer;cr1000xe_backbone,1.9704000000000002,calm,thermal,0,0.6682249903678894
7181,candidate_009,radiometer_basic;laser_disdrometer;cr1000xe_backbone,1.9704000000000002,calm,thermal,0,0.6594780683517456
7181,candidate_009,radiometer_basic;laser_disdrometer;cr1000xe_backbone,1.9704000000000002,calm,thermal,0,0.6042352318763733
7181,candidate_009,radiometer_basic;laser_disdrometer;cr1000xe_backbone,1.9704000000000002,calm,thermal,0,0.7364617586135864
7181,candidate_009,radiometer_basic;laser_disdrometer;cr1000xe_backbone,1.9704000000000002,calm,thermal,0,0.8380540013313293
7181,candidate_009,radiometer_basic;laser_disdrometer;cr1000xe_backbone,1.9704000000000002,calm,thermal,0,0.8322994709014893
7181,candidate_009,radiometer_basic;laser_disdrometer;cr1000xe_backbone,1.9704000000000002,calm,thermal,0,0.8149007558822632
7181,candidate_009,radiometer_basic;laser_disdrometer;cr1000xe_backbone,1.9704000000000002,calm,thermal,0,0.8751168251037598
7181,candidate_009,radiometer_basic;laser_disdrometer;cr1000xe_backbone,1.9704000000000002,calm,thermal,0,0.850966215133667
7181,candidate_009,radiometer_basic;laser_disdrometer;cr1000xe_backbone,1.9704000000000002,calm,thermal,0,0.8691737055778503
7181,candidate_009,radiometer_basic;laser_disdrometer;cr1000xe_backbone,1.9704000000000002,calm,thermal,0,0.7798365950584412
7181,candidate_009,radiometer_basic;laser_disdrometer;cr1000xe_backbone,1.9704000000000002,calm,thermal,0,0.6524508595466614
7181,candidate_009,radiometer_basic;laser_disdrometer;cr1000xe_backbone,1.9704000000000002,calm,thermal,0,0.6474928259849548
7181,candidate_009,radiometer_basic;laser_disdrometer;cr1000xe_backbone,1.9704000000000002,calm,thermal,0,0.6766873002052307
7181,candidate_009,radiometer_basic;laser_disdrometer;cr1000xe_backbone,1.9704000000000002,calm,thermal,0,0.704097330570221
7181,candidate_009,radiometer_basic;laser_disdrometer;cr1000xe_backbone,1.9704000000000002,calm,thermal,0,0.7502321004867554
7181,candidate_009,radiometer_basic;laser_disdrometer;cr1000xe_backbone,1.9704000000000002,calm,thermal,0,0.8920699954032898
7181,candidate_009,radiometer_basic;laser_disdrometer;cr1000xe_backbone,1.9704000000000002,calm,thermal,0,0.860022246837616
7181,candidate_009,radiometer_basic;laser_disdrometer;cr1000xe_backbone,1.9704000000000002,calm,thermal,0,0.8797188997268677
7181,candidate_009,radiometer_basic;laser_disdrometer;cr1000xe_backbone,1.9704000000000002,calm,transport,0,0.8914517164230347
7181,candidate_009,radiometer_basic;laser_disdrometer;cr1000xe_backbone,1.9704000000000002,calm,transport,0,0.9475086331367493
7181,candidate_009,radiometer_basic;laser_disdrometer;cr1000xe_backbone,1.9704000000000002,calm,transport,0,0.7909858226776123
7181,candidate_009,radiometer_basic;laser_disdrometer;cr1000xe_backbone,1.9704000000000002,calm,transport,0,0.8274030685424805
7181,candidate_009,radiometer_basic;laser_disdrometer;cr1000xe_backbone,1.9704000000000002,calm,transport,0,0.8059231042861938
7181,candidate_009,radiometer_basic;laser_disdrometer;cr1000xe_backbone,1.9704000000000002,calm,transport,0,0.7603577971458435
7181,candidate_009,radiometer_basic;laser_disdrometer;cr1000xe_backbone,1.9704000000000002,calm,transport,0,0.7277552485466003
7181,candidate_009,radiometer_basic;laser_disdrometer;cr1000xe_backbone,1.9704000000000002,calm,transport,0,0.6231622695922852
7181,candidate_009,radiometer_basic;laser_disdrometer;cr1000xe_backbone,1.9704000000000002,calm,transport,0,0.7068047523498535
7181,candidate_009,radiometer_basic;laser_disdrometer;cr1000xe_backbone,1.9704000000000002,calm,transport,0,0.7233067750930786
7181,candidate_009,radiometer_basic;laser_disdrometer;cr1000xe_backbone,1.9704000000000002,calm,transport,0,0.8150046467781067
7181,candidate_009,radiometer_basic;laser_disdrometer;cr1000xe_backbone,1.9704000000000002,calm,transport,0,0.7698413133621216
7181,candidate_009,radiometer_basic;laser_disdrometer;cr1000xe_backbone,1.9704000000000002,calm,transport,0,0.7909464240074158
7181,candidate_009,radiometer_basic;laser_disdrometer;cr1000xe_backbone,1.9704000000000002,calm,transport,0,0.916702389717102
7181,candidate_009,radiometer_basic;laser_disdrometer;cr1000xe_backbone,1.9704000000000002,calm,transport,0,0.9604707956314087
7181,candidate_009,radiometer_basic;laser_disdrometer;cr1000xe_backbone,1.9704000000000002,calm,transport,0,0.8791625499725342
7181,candidate_009,radiometer_basic;laser_disdrometer;cr1000xe_backbone,1.9704000000000002,calm,transport,0,0.7745969295501709
7181,candidate_009,radiometer_basic;laser_disdrometer;cr1000xe_backbone,1.9704000000000002,calm,transport,0,0.7661807537078857
7181,candidate_009,radiometer_basic;laser_disdrometer;cr1000xe_backbone,1.9704000000000002,calm,transport,0,0.7710095643997192
7181,candidate_009,radiometer_basic;laser_disdrometer;cr1000xe_backbone,1.9704000000000002,calm,transport,0,0.8043287992477417
7181,candidate_009,radiometer_basic;laser_disdrometer;cr1000xe_backbone,1.9704000000000002,calm,transport,0,0.851041316986084
7181,candidate_009,radiometer_basic;laser_disdrometer;cr1000xe_backbone,1.9704000000000002,calm,transport,0,0.996665894985199
7181,candidate_009,radiometer_basic;laser_disdrometer;cr1000xe_backbone,1.9704000000000002,calm,transport,0,0.9236449003219604
7181,candidate_009,radiometer_basic;laser_disdrometer;cr1000xe_backbone,1.9704000000000002,calm,transport,0,0.9922739863395691
7181,candidate_009,radiometer_basic;laser_disdrometer;cr1000xe_backbone,1.9704000000000002,calm,transport,0,0.9231606125831604
7181,candidate_009,radiometer_basic;laser_disdrometer;cr1000xe_backbone,1.9704000000000002,calm,transport,0,0.8960627317428589
7181,candidate_009,radiometer_basic;laser_disdrometer;cr1000xe_backbone,1.9704000000000002,calm,transport,0,0.882353663444519
7181,candidate_009,radiometer_basic;laser_disdrometer;cr1000xe_backbone,1.9704000000000002,calm,transport,0,0.8329464197158813
7181,candidate_009,radiometer_basic;laser_disdrometer;cr1000xe_backbone,1.9704000000000002,calm,particle,0,0.7167588472366333
7181,candidate_009,radiometer_basic;laser_disdrometer;cr1000xe_backbone,1.9704000000000002,calm,particle,0,0.6525896787643433
7181,candidate_009,radiometer_basic;laser_disdrometer;cr1000xe_backbone,1.9704000000000002,calm,particle,0,0.6648826599121094
7181,candidate_009,radiometer_basic;laser_disdrometer;cr1000xe_backbone,1.9704000000000002,calm,particle,0,0.6144846677780151
7181,candidate_009,radiometer_basic;laser_disdrometer;cr1000xe_backbone,1.9704000000000002,calm,particle,0,0.5941150784492493
7181,candidate_009,radiometer_basic;laser_disdrometer;cr1000xe_backbone,1.9704000000000002,calm,particle,0,0.6418161988258362
7181,candidate_009,radiometer_basic;laser_disdrometer;cr1000xe_backbone,1.9704000000000002,calm,particle,0,0.6857613921165466
7181,candidate_009,radiometer_basic;laser_disdrometer;cr1000xe_backbone,1.9704000000000002,calm,particle,0,0.6883478164672852
7181,candidate_009,radiometer_basic;laser_disdrometer;cr1000xe_backbone,1.9704000000000002,calm,particle,0,0.6831220388412476
7181,candidate_009,radiometer_basic;laser_disdrometer;cr1000xe_backbone,1.9704000000000002,calm,particle,0,0.7995456457138062
7181,candidate_009,radiometer_basic;laser_disdrometer;cr1000xe_backbone,1.9704000000000002,calm,particle,0,0.8052372336387634
7181,candidate_009,radiometer_basic;laser_disdrometer;cr1000xe_backbone,1.9704000000000002,calm,particle,0,0.7947533130645752
7181,candidate_009,radiometer_basic;laser_disdrometer;cr1000xe_backbone,1.9704000000000002,calm,particle,0,0.7707223296165466
7181,candidate_009,radiometer_basic;laser_disdrometer;cr1000xe_backbone,1.9704000000000002,calm,particle,0,0.8828018307685852
7181,candidate_009,radiometer_basic;laser_disdrometer;cr1000xe_backbone,1.9704000000000002,calm,particle,0,0.9256346225738525
7181,candidate_009,radiometer_basic;laser_disdrometer;cr1000xe_backbone,1.9704000000000002,calm,particle,0,1.0793704986572266
7181,candidate_009,radiometer_basic;laser_disdrometer;cr1000xe_backbone,1.9704000000000002,calm,particle,0,1.12230384349823
7181,candidate_009,radiometer_basic;laser_disdrometer;cr1000xe_backbone,1.9704000000000002,calm,particle,0,0.9162439107894897
7181,candidate_009,radiometer_basic;laser_disdrometer;cr1000xe_backbone,1.9704000000000002,calm,particle,0,0.967953085899353
7181,candidate_009,radiometer_basic;laser_disdrometer;cr1000xe_backbone,1.9704000000000002,calm,particle,0,1.0110052824020386
7181,candidate_009,radiometer_basic;laser_disdrometer;cr1000xe_backbone,1.9704000000000002,calm,particle,0,1.0561479330062866
7181,candidate_009,radiometer_basic;laser_disdrometer;cr1000xe_backbone,1.9704000000000002,calm,particle,0,1.0387846231460571
7181,candidate_009,radiometer_basic;laser_disdrometer;cr1000xe_backbone,1.9704000000000002,calm,particle,0,1.1888539791107178
7181,candidate_009,radiometer_basic;laser_disdrometer;cr1000xe_backbone,1.9704000000000002,calm,particle,0,1.1999411582946777
7181,candidate_009,radiometer_basic;laser_disdrometer;cr1000xe_backbone,1.9704000000000002,calm,particle,0,1.153204083442688
7181,candidate_009,radiometer_basic;laser_disdrometer;cr1000xe_backbone,1.9704000000000002,calm,particle,0,1.0600656270980835
7181,candidate_009,radiometer_basic;laser_disdrometer;cr1000xe_backbone,1.9704000000000002,calm,particle,0,1.538977026939392
7181,candidate_009,radiometer_basic;laser_disdrometer;cr1000xe_backbone,1.9704000000000002,calm,particle,0,1.2719085216522217
7181,candidate_009,radiometer_basic;laser_disdrometer;cr1000xe_backbone,1.9704000000000002,calm,particle,0,1.3199794292449951
7181,candidate_009,radiometer_basic;laser_disdrometer;cr1000xe_backbone,1.9704000000000002,calm,particle,0,1.3240406513214111
7181,candidate_009,radiometer_basic;laser_disdrometer;cr1000xe_backbone,1.9704000000000002,calm,particle,0,1.4390853643417358
7181,candidate_009,radiometer_basic;laser_disdrometer;cr1000xe_backbone,1.9704000000000002,calm,thermal,0,1.4103161096572876
7181,candidate_009,radiometer_basic;laser_disdrometer;cr1000xe_backbone,1.9704000000000002,calm,thermal,0,1.4242085218429565
7181,candidate_009,radiometer_basic;laser_disdrometer;cr1000xe_backbone,1.9704000000000002,calm,thermal,0,1.4809701442718506
7181,candidate_009,radiometer_basic;laser_disdrometer;cr1000xe_backbone,1.9704000000000002,calm,thermal,0,1.4825960397720337
7181,candidate_009,radiometer_basic;laser_disdrometer;cr1000xe_backbone,1.9704000000000002,calm,thermal,0,1.295457363128662
7181,candidate_009,radiometer_basic;laser_disdrometer;cr1000xe_backbone,1.9704000000000002,calm,thermal,0,1.351017951965332
7181,candidate_009,radiometer_basic;laser_disdrometer;cr1000xe_backbone,1.9704000000000002,calm,thermal,0,1.4177443981170654
7181,candidate_009,radiometer_basic;laser_disdrometer;cr1000xe_backbone,1.9704000000000002,calm,thermal,0,1.1037994623184204
7181,candidate_009,radiometer_basic;laser_disdrometer;cr1000xe_backbone,1.9704000000000002,calm,thermal,0,1.0782679319381714
7181,candidate_009,radiometer_basic;laser_disdrometer;cr1000xe_backbone,1.9704000000000002,calm,thermal,0,1.120692253112793
7181,candidate_009,radiometer_basic;laser_disdrometer;cr1000xe_backbone,1.9704000000000002,calm,thermal,0,1.2863863706588745
7181,candidate_009,radiometer_basic;laser_disdrometer;cr1000xe_backbone,1.9704000000000002,calm,thermal,0,1.2240620851516724
7181,candidate_009,radiometer_basic;laser_disdrometer;cr1000xe_backbone,1.9704000000000002,calm,thermal,0,1.3318785429000854
7181,candidate_009,radiometer_basic;laser_disdrometer;cr1000xe_backbone,1.9704000000000002,calm,thermal,0,1.3879843950271606
7181,candidate_009,radiometer_basic;laser_disdrometer;cr1000xe_backbone,1.9704000000000002,calm,thermal,0,1.4625484943389893
7181,candidate_009,radiometer_basic;laser_disdrometer;cr1000xe_backbone,1.9704000000000002,calm,thermal,0,1.3699837923049927
7181,candidate_009,radiometer_basic;laser_disdrometer;cr1000xe_backbone,1.9704000000000002,calm,thermal,0,1.1884047985076904
7181,candidate_009,radiometer_basic;laser_disdrometer;cr1000xe_backbone,1.9704000000000002,calm,thermal,0,1.1769342422485352
7181,candidate_009,radiometer_basic;laser_disdrometer;cr1000xe_backbone,1.9704000000000002,calm,thermal,0,1.044856309890747
7181,candidate_009,radiometer_basic;laser_disdrometer;cr1000xe_backbone,1.9704000000000002,calm,thermal,0,1.007973074913025
7181,candidate_009,radiometer_basic;laser_disdrometer;cr1000xe_backbone,1.9704000000000002,calm,transport,0,0.9735310673713684
7181,candidate_009,radiometer_basic;laser_disdrometer;cr1000xe_backbone,1.9704000000000002,calm,transport,0,1.0414316654205322
7181,candidate_009,radiometer_basic;laser_disdrometer;cr1000xe_backbone,1.9704000000000002,calm,transport,0,1.1023615598678589
7181,candidate_009,radiometer_basic;laser_disdrometer;cr1000xe_backbone,1.9704000000000002,calm,transport,0,1.147650122642517
7181,candidate_009,radiometer_basic;laser_disdrometer;cr1000xe_backbone,1.9704000000000002,calm,transport,0,1.0916143655776978
7181,candidate_009,radiometer_basic;laser_disdrometer;cr1000xe_backbone,1.9704000000000002,calm,transport,0,1.2546204328536987
7181,candidate_009,radiometer_basic;laser_disdrometer;cr1000xe_backbone,1.9704000000000002,calm,transport,0,1.1045911312103271
7181,candidate_009,radiometer_basic;laser_disdrometer;cr1000xe_backbone,1.9704000000000002,calm,transport,0,1.1144622564315796
7181,candidate_009,radiometer_basic;laser_disdrometer;cr1000xe_backbone,1.9704000000000002,calm,transport,0,1.0867042541503906
7181,candidate_009,radiometer_basic;laser_disdrometer;cr1000xe_backbone,1.9704000000000002,calm,transport,0,1.104893684387207
7181,candidate_009,radiometer_basic;laser_disdrometer;cr1000xe_backbone,1.9704000000000002,calm,transport,0,1.2256532907485962
7181,candidate_009,radiometer_basic;laser_disdrometer;cr1000xe_backbone,1.9704000000000002,calm,transport,0,1.3375897407531738
7181,candidate_009,radiometer_basic;laser_disdrometer;cr1000xe_backbone,1.9704000000000002,calm,transport,0,1.2086076736450195
7181,candidate_009,radiometer_basic;laser_disdrometer;cr1000xe_backbone,1.9704000000000002,calm,transport,0,1.3143481016159058
7181,candidate_009,radiometer_basic;laser_disdrometer;cr1000xe_backbone,1.9704000000000002,calm,transport,0,1.3010185956954956
7181,candidate_009,radiometer_basic;laser_disdrometer;cr1000xe_backbone,1.9704000000000002,calm,transport,0,1.3175311088562012
7181,candidate_009,radiometer_basic;laser_disdrometer;cr1000xe_backbone,1.9704000000000002,calm,transport,0,1.411275863647461
7181,candidate_009,radiometer_basic;laser_disdrometer;cr1000xe_backbone,1.9704000000000002,calm,transport,0,1.4515010118484497
7181,candidate_009,radiometer_basic;laser_disdrometer;cr1000xe_backbone,1.9704000000000002,calm,transport,0,1.509231448173523
7181,candidate_009,radiometer_basic;laser_disdrometer;cr1000xe_backbone,1.9704000000000002,calm,transport,0,1.329406976699829
7181,candidate_009,radiometer_basic;laser_disdrometer;cr1000xe_backbone,1.9704000000000002,calm,transport,0,1.3880605697631836
7181,candidate_009,radiometer_basic;laser_disdrometer;cr1000xe_backbone,1.9704000000000002,calm,transport,0,1.1647627353668213
7181,candidate_009,radiometer_basic;laser_disdrometer;cr1000xe_backbone,1.9704000000000002,calm,transport,0,1.0726677179336548
7181,candidate_009,radiometer_basic;laser_disdrometer;cr1000xe_backbone,1.9704000000000002,calm,transport,0,1.0451221466064453
7181,candidate_009,radiometer_basic;laser_disdrometer;cr1000xe_backbone,1.9704000000000002,calm,transport,0,1.0291485786437988
7181,candidate_009,radiometer_basic;laser_disdrometer;cr1000xe_backbone,1.9704000000000002,calm,transport,0,1.0358842611312866
7181,candidate_009,radiometer_basic;laser_disdrometer;cr1000xe_backbone,1.9704000000000002,calm,transport,0,1.054319143295288
7181,candidate_009,radiometer_basic;laser_disdrometer;cr1000xe_backbone,1.9704000000000002,calm,transport,0,1.0290443897247314
7181,candidate_009,radiometer_basic;laser_disdrometer;cr1000xe_backbone,1.9704000000000002,calm,transport,0,1.0300772190093994
7181,candidate_009,radiometer_basic;laser_disdrometer;cr1000xe_backbone,1.9704000000000002,calm,transport,0,1.053168773651123
7181,candidate_009,radiometer_basic;laser_disdrometer;cr1000xe_backbone,1.9704000000000002,calm,transport,0,1.0785462856292725
7181,candidate_009,radiometer_basic;laser_disdrometer;cr1000xe_backbone,1.9704000000000002,calm,transport,0,1.0932620763778687
7181,candidate_009,radiometer_basic;laser_disdrometer;cr1000xe_backbone,1.9704000000000002,calm,transport,0,0.9400324821472168
7181,candidate_009,radiometer_basic;laser_disdrometer;cr1000xe_backbone,1.9704000000000002,calm,transport,0,1.032699704170227
7181,candidate_009,radiometer_basic;laser_disdrometer;cr1000xe_backbone,1.9704000000000002,calm,transport,0,1.13665771484375
7181,candidate_009,radiometer_basic;laser_disdrometer;cr1000xe_backbone,1.9704000000000002,calm,particle,0,1.1353741884231567
7181,candidate_009,radiometer_basic;laser_disdrometer;cr1000xe_backbone,1.9704000000000002,calm,particle,0,1.007562518119812
7181,candidate_009,radiometer_basic;laser_disdrometer;cr1000xe_backbone,1.9704000000000002,calm,particle,0,1.0537629127502441
7181,candidate_009,radiometer_basic;laser_disdrometer;cr1000xe_backbone,1.9704000000000002,calm,particle,0,1.1331393718719482
7181,candidate_009,radiometer_basic;laser_disdrometer;cr1000xe_backbone,1.9704000000000002,calm,particle,0,1.1459795236587524
7181,candidate_009,radiometer_basic;laser_disdrometer;cr1000xe_backbone,1.9704000000000002,calm,particle,0,1.1421667337417603
7181,candidate_009,radiometer_basic;laser_disdrometer;cr1000xe_backbone,1.9704000000000002,calm,particle,0,1.1446542739868164
7181,candidate_009,radiometer_basic;laser_disdrometer;cr1000xe_backbone,1.9704000000000002,calm,particle,0,1.1282014846801758
7181,candidate_009,radiometer_basic;laser_disdrometer;cr1000xe_backbone,1.9704000000000002,calm,particle,0,1.0787153244018555
7181,candidate_009,radiometer_basic;laser_disdrometer;cr1000xe_backbone,1.9704000000000002,calm,particle,0,1.068282961845398
7181,candidate_009,radiometer_basic;laser_disdrometer;cr1000xe_backbone,1.9704000000000002,calm,particle,0,1.0541990995407104
7181,candidate_009,radiometer_basic;laser_disdrometer;cr1000xe_backbone,1.9704000000000002,calm,particle,0,0.9246587753295898
7181,candidate_009,radiometer_basic;laser_disdrometer;cr1000xe_backbone,1.9704000000000002,calm,particle,0,0.8855670094490051
7181,candidate_009,radiometer_basic;laser_disdrometer;cr1000xe_backbone,1.9704000000000002,calm,particle,0,0.8702571392059326
7181,candidate_009,radiometer_basic;laser_disdrometer;cr1000xe_backbone,1.9704000000000002,calm,particle,0,0.9134859442710876
7181,candidate_009,radiometer_basic;laser_disdrometer;cr1000xe_backbone,1.9704000000000002,calm,particle,0,1.0004100799560547
7181,candidate_009,radiometer_basic;laser_disdrometer;cr1000xe_backbone,1.9704000000000002,calm,particle,0,0.9466079473495483
7181,candidate_009,radiometer_basic;laser_disdrometer;cr1000xe_backbone,1.9704000000000002,calm,particle,0,1.1616719961166382
7181,candidate_009,radiometer_basic;laser_disdrometer;cr1000xe_backbone,1.9704000000000002,calm,particle,0,1.2669428586959839
7181,candidate_009,radiometer_basic;laser_disdrometer;cr1000xe_backbone,1.9704000000000002,calm,particle,0,1.2109174728393555
7181,candidate_009,radiometer_basic;laser_disdrometer;cr1000xe_backbone,1.9704000000000002,calm,particle,0,1.1069587469100952
7181,candidate_009,radiometer_basic;laser_disdrometer;cr1000xe_backbone,1.9704000000000002,calm,particle,0,1.3627886772155762
7181,candidate_009,radiometer_basic;laser_disdrometer;cr1000xe_backbone,1.9704000000000002,calm,particle,0,1.3068400621414185
7181,candidate_009,radiometer_basic;laser_disdrometer;cr1000xe_backbone,1.9704000000000002,calm,particle,0,1.2410919666290283
7181,candidate_009,radiometer_basic;laser_disdrometer;cr1000xe_backbone,1.9704000000000002,calm,particle,0,1.1777713298797607
7181,candidate_009,radiometer_basic;laser_disdrometer;cr1000xe_backbone,1.9704000000000002,calm,particle,0,1.2887861728668213
7181,candidate_009,radiometer_basic;laser_disdrometer;cr1000xe_backbone,1.9704000000000002,calm,particle,0,1.3376842737197876
7181,candidate_009,radiometer_basic;laser_disdrometer;cr1000xe_backbone,1.9704000000000002,calm,particle,0,1.2648842334747314
7181,candidate_009,radiometer_basic;laser_disdrometer;cr1000xe_backbone,1.9704000000000002,calm,particle,0,1.3013906478881836
7181,candidate_009,radiometer_basic;laser_disdrometer;cr1000xe_backbone,1.9704000000000002,calm,particle,0,1.4220340251922607
7181,candidate_009,radiometer_basic;laser_disdrometer;cr1000xe_backbone,1.9704000000000002,calm,particle,0,1.4964467287063599
7181,candidate_009,radiometer_basic;laser_disdrometer;cr1000xe_backbone,1.9704000000000002,calm,particle,0,1.465745210647583
7181,candidate_009,radiometer_basic;laser_disdrometer;cr1000xe_backbone,1.9704000000000002,calm,particle,0,1.469666600227356
7181,candidate_009,radiometer_basic;laser_disdrometer;cr1000xe_backbone,1.9704000000000002,calm,particle,0,1.4068254232406616
7181,candidate_009,radiometer_basic;laser_disdrometer;cr1000xe_backbone,1.9704000000000002,calm,thermal,0,1.3339375257492065
7181,candidate_009,radiometer_basic;laser_disdrometer;cr1000xe_backbone,1.9704000000000002,calm,thermal,0,1.384936809539795
7181,candidate_009,radiometer_basic;laser_disdrometer;cr1000xe_backbone,1.9704000000000002,calm,thermal,0,1.2003744840621948
7181,candidate_009,radiometer_basic;laser_disdrometer;cr1000xe_backbone,1.9704000000000002,calm,thermal,0,1.2662428617477417
7181,candidate_009,radiometer_basic;laser_disdrometer;cr1000xe_backbone,1.9704000000000002,calm,thermal,0,1.2383826971054077
7181,candidate_009,radiometer_basic;laser_disdrometer;cr1000xe_backbone,1.9704000000000002,calm,thermal,0,1.2926721572875977
7181,candidate_009,radiometer_basic;laser_disdrometer;cr1000xe_backbone,1.9704000000000002,calm,thermal,0,1.327302098274231
7181,candidate_009,radiometer_basic;laser_disdrometer;cr1000xe_backbone,1.9704000000000002,calm,thermal,0,1.253986120223999
7181,candidate_009,radiometer_basic;laser_disdrometer;cr1000xe_backbone,1.9704000000000002,calm,thermal,0,1.1902494430541992
7181,candidate_009,radiometer_basic;laser_disdrometer;cr1000xe_backbone,1.9704000000000002,calm,thermal,0,1.0512040853500366
7181,candidate_009,radiometer_basic;laser_disdrometer;cr1000xe_backbone,1.9704000000000002,calm,thermal,0,1.227543592453003
7181,candidate_009,radiometer_basic;laser_disdrometer;cr1000xe_backbone,1.9704000000000002,calm,thermal,0,1.2697604894638062
7181,candidate_009,radiometer_basic;laser_disdrometer;cr1000xe_backbone,1.9704000000000002,calm,thermal,0,1.2884202003479004
7181,candidate_009,radiometer_basic;laser_disdrometer;cr1000xe_backbone,1.9704000000000002,calm,thermal,0,1.1352506875991821
7181,candidate_009,radiometer_basic;laser_disdrometer;cr1000xe_backbone,1.9704000000000002,calm,thermal,0,0.9778848886489868
7181,candidate_009,radiometer_basic;laser_disdrometer;cr1000xe_backbone,1.9704000000000002,calm,thermal,0,1.058071255683899
7181,candidate_009,radiometer_basic;laser_disdrometer;cr1000xe_backbone,1.9704000000000002,calm,thermal,0,1.0847179889678955
7181,candidate_009,radiometer_basic;laser_disdrometer;cr1000xe_backbone,1.9704000000000002,calm,thermal,0,1.1840583086013794
7181,candidate_009,radiometer_basic;laser_disdrometer;cr1000xe_backbone,1.9704000000000002,calm,thermal,0,1.2212822437286377
7181,candidate_009,radiometer_basic;laser_disdrometer;cr1000xe_backbone,1.9704000000000002,calm,thermal,0,1.1815258264541626
7181,candidate_009,radiometer_basic;laser_disdrometer;cr1000xe_backbone,1.9704000000000002,calm,thermal,0,1.164958119392395
7181,candidate_009,radiometer_basic;laser_disdrometer;cr1000xe_backbone,1.9704000000000002,calm,transport,0,1.2503286600112915
7181,candidate_009,radiometer_basic;laser_disdrometer;cr1000xe_backbone,1.9704000000000002,calm,transport,0,1.2204161882400513
7181,candidate_009,radiometer_basic;laser_disdrometer;cr1000xe_backbone,1.9704000000000002,calm,transport,0,1.1076691150665283
7181,candidate_009,radiometer_basic;laser_disdrometer;cr1000xe_backbone,1.9704000000000002,calm,transport,0,1.0093350410461426
7181,candidate_009,radiometer_basic;laser_disdrometer;cr1000xe_backbone,1.9704000000000002,calm,transport,0,0.8391526937484741
7181,candidate_009,radiometer_basic;laser_disdrometer;cr1000xe_backbone,1.9704000000000002,calm,transport,0,0.8676809072494507
7181,candidate_009,radiometer_basic;laser_disdrometer;cr1000xe_backbone,1.9704000000000002,calm,transport,0,0.8874393701553345
7181,candidate_009,radiometer_basic;laser_disdrometer;cr1000xe_backbone,1.9704000000000002,calm,transport,0,0.9731877446174622
7181,candidate_009,radiometer_basic;laser_disdrometer;cr1000xe_backbone,1.9704000000000002,calm,transport,0,0.9003419280052185
7181,candidate_009,radiometer_basic;laser_disdrometer;cr1000xe_backbone,1.9704000000000002,calm,transport,0,0.9057620763778687
7181,candidate_009,radiometer_basic;laser_disdrometer;cr1000xe_backbone,1.9704000000000002,calm,transport,0,0.9259045720100403
7181,candidate_009,radiometer_basic;laser_disdrometer;cr1000xe_backbone,1.9704000000000002,calm,transport,0,1.0966120958328247
7181,candidate_009,radiometer_basic;laser_disdrometer;cr1000xe_backbone,1.9704000000000002,calm,transport,0,1.1711663007736206
7181,candidate_009,radiometer_basic;laser_disdrometer;cr1000xe_backbone,1.9704000000000002,calm,transport,0,1.131293773651123
7181,candidate_009,radiometer_basic;laser_disdrometer;cr1000xe_backbone,1.9704000000000002,calm,transport,0,1.060680627822876
7181,candidate_009,radiometer_basic;laser_disdrometer;cr1000xe_backbone,1.9704000000000002,calm,transport,0,1.153417706489563
7181,candidate_009,radiometer_basic;laser_disdrometer;cr1000xe_backbone,1.9704000000000002,particle,thermal,1,0.9295605421066284
7181,candidate_009,radiometer_basic;laser_disdrometer;cr1000xe_backbone,1.9704000000000002,particle,thermal,1,1.131035327911377
7181,candidate_009,radiometer_basic;laser_disdrometer;cr1000xe_backbone,1.9704000000000002,particle,thermal,1,1.4234858751296997
7181,candidate_009,radiometer_basic;laser_disdrometer;cr1000xe_backbone,1.9704000000000002,particle,thermal,1,1.6561410427093506
7181,candidate_009,radiometer_basic;laser_disdrometer;cr1000xe_backbone,1.9704000000000002,particle,thermal,1,2.025911331176758
7181,candidate_009,radiometer_basic;laser_disdrometer;cr1000xe_backbone,1.9704000000000002,particle,thermal,1,2.281832695007324
7181,candidate_009,radiometer_basic;laser_disdrometer;cr1000xe_backbone,1.9704000000000002,particle,thermal,1,2.579660177230835
7181,candidate_009,radiometer_basic;laser_disdrometer;cr1000xe_backbone,1.9704000000000002,particle,thermal,1,2.835574150085449
7181,candidate_009,radiometer_basic;laser_disdrometer;cr1000xe_backbone,1.9704000000000002,particle,transport,1,2.8635506629943848
7181,candidate_009,radiometer_basic;laser_disdrometer;cr1000xe_backbone,1.9704000000000002,particle,transport,1,2.8502273559570312
7181,candidate_009,radiometer_basic;laser_disdrometer;cr1000xe_backbone,1.9704000000000002,particle,transport,1,2.8631622791290283
7181,candidate_009,radiometer_basic;laser_disdrometer;cr1000xe_backbone,1.9704000000000002,particle,transport,1,2.9057650566101074
7181,candidate_009,radiometer_basic;laser_disdrometer;cr1000xe_backbone,1.9704000000000002,particle,transport,1,2.947171449661255
7181,candidate_009,radiometer_basic;laser_disdrometer;cr1000xe_backbone,1.9704000000000002,particle,transport,1,2.6880555152893066
7181,candidate_009,radiometer_basic;laser_disdrometer;cr1000xe_backbone,1.9704000000000002,particle,transport,1,2.42966890335083
7181,candidate_009,radiometer_basic;laser_disdrometer;cr1000xe_backbone,1.9704000000000002,particle,transport,1,2.1768410205841064
7181,candidate_009,radiometer_basic;laser_disdrometer;cr1000xe_backbone,1.9704000000000002,particle,transport,1,1.8750720024108887
7181,candidate_009,radiometer_basic;laser_disdrometer;cr1000xe_backbone,1.9704000000000002,particle,transport,1,1.628539800643921
7181,candidate_009,radiometer_basic;laser_disdrometer;cr1000xe_backbone,1.9704000000000002,particle,transport,1,1.35723876953125
7181,candidate_009,radiometer_basic;laser_disdrometer;cr1000xe_backbone,1.9704000000000002,particle,transport,1,1.0608569383621216
7181,candidate_009,radiometer_basic;laser_disdrometer;cr1000xe_backbone,1.9704000000000002,particle,transport,1,0.7683262228965759
7181,candidate_009,radiometer_basic;laser_disdrometer;cr1000xe_backbone,1.9704000000000002,calm,transport,0,0.7308029532432556
7181,candidate_009,radiometer_basic;laser_disdrometer;cr1000xe_backbone,1.9704000000000002,calm,transport,0,0.8003495335578918
7181,candidate_009,radiometer_basic;laser_disdrometer;cr1000xe_backbone,1.9704000000000002,calm,transport,0,0.7413956522941589
7181,candidate_009,radiometer_basic;laser_disdrometer;cr1000xe_backbone,1.9704000000000002,calm,transport,0,0.641327440738678
7181,candidate_009,radiometer_basic;laser_disdrometer;cr1000xe_backbone,1.9704000000000002,calm,transport,0,0.5367100238800049
7181,candidate_009,radiometer_basic;laser_disdrometer;cr1000xe_backbone,1.9704000000000002,calm,transport,0,0.5070396065711975
7181,candidate_009,radiometer_basic;laser_disdrometer;cr1000xe_backbone,1.9704000000000002,calm,transport,0,0.5265610814094543
7181,candidate_009,radiometer_basic;laser_disdrometer;cr1000xe_backbone,1.9704000000000002,calm,transport,0,0.41319501399993896
7181,candidate_009,radiometer_basic;laser_disdrometer;cr1000xe_backbone,1.9704000000000002,calm,transport,0,0.43518444895744324
7181,candidate_009,radiometer_basic;laser_disdrometer;cr1000xe_backbone,1.9704000000000002,calm,transport,0,0.4097803235054016
7181,candidate_009,radiometer_basic;laser_disdrometer;cr1000xe_backbone,1.9704000000000002,calm,transport,0,0.4538751542568207
7181,candidate_009,radiometer_basic;laser_disdrometer;cr1000xe_backbone,1.9704000000000002,calm,transport,0,0.4492812156677246
7181,candidate_009,radiometer_basic;laser_disdrometer;cr1000xe_backbone,1.9704000000000002,calm,particle,0,0.5188143849372864
7181,candidate_009,radiometer_basic;laser_disdrometer;cr1000xe_backbone,1.9704000000000002,flux,particle,2,0.6426671743392944
7181,candidate_009,radiometer_basic;laser_disdrometer;cr1000xe_backbone,1.9704000000000002,flux,particle,2,0.644228458404541
7181,candidate_009,radiometer_basic;laser_disdrometer;cr1000xe_backbone,1.9704000000000002,flux,particle,2,0.6140329837799072
7181,candidate_009,radiometer_basic;laser_disdrometer;cr1000xe_backbone,1.9704000000000002,flux,particle,2,0.5840017795562744
7181,candidate_009,radiometer_basic;laser_disdrometer;cr1000xe_backbone,1.9704000000000002,flux,particle,2,0.5444375872612
7181,candidate_009,radiometer_basic;laser_disdrometer;cr1000xe_backbone,1.9704000000000002,flux,particle,2,0.5535681247711182
7181,candidate_009,radiometer_basic;laser_disdrometer;cr1000xe_backbone,1.9704000000000002,flux,particle,2,0.5660623908042908
7181,candidate_009,radiometer_basic;laser_disdrometer;cr1000xe_backbone,1.9704000000000002,flux,particle,2,0.6623596549034119
7181,candidate_009,radiometer_basic;laser_disdrometer;cr1000xe_backbone,1.9704000000000002,flux,particle,2,0.6078680157661438
7181,candidate_009,radiometer_basic;laser_disdrometer;cr1000xe_backbone,1.9704000000000002,flux,particle,2,0.591117262840271
7181,candidate_009,radiometer_basic;laser_disdrometer;cr1000xe_backbone,1.9704000000000002,flux,particle,2,0.5499010682106018
7181,candidate_009,radiometer_basic;laser_disdrometer;cr1000xe_backbone,1.9704000000000002,flux,particle,2,0.5506316423416138
7181,candidate_009,radiometer_basic;laser_disdrometer;cr1000xe_backbone,1.9704000000000002,flux,particle,2,0.5541902780532837
7181,candidate_009,radiometer_basic;laser_disdrometer;cr1000xe_backbone,1.9704000000000002,flux,particle,2,0.528029203414917
7181,candidate_009,radiometer_basic;laser_disdrometer;cr1000xe_backbone,1.9704000000000002,flux,particle,2,0.5625522136688232
7181,candidate_009,radiometer_basic;laser_disdrometer;cr1000xe_backbone,1.9704000000000002,flux,particle,2,0.6465104222297668
7181,candidate_009,radiometer_basic;laser_disdrometer;cr1000xe_backbone,1.9704000000000002,flux,particle,2,0.7329455018043518
7181,candidate_009,radiometer_basic;laser_disdrometer;cr1000xe_backbone,1.9704000000000002,flux,particle,2,0.686891496181488
7181,candidate_009,radiometer_basic;laser_disdrometer;cr1000xe_backbone,1.9704000000000002,flux,particle,2,0.5943319201469421
7181,candidate_009,radiometer_basic;laser_disdrometer;cr1000xe_backbone,1.9704000000000002,flux,particle,2,0.6985840201377869
7181,candidate_009,radiometer_basic;laser_disdrometer;cr1000xe_backbone,1.9704000000000002,flux,particle,2,0.8746504187583923
7181,candidate_009,radiometer_basic;laser_disdrometer;cr1000xe_backbone,1.9704000000000002,flux,particle,2,0.727204442024231
7181,candidate_009,radiometer_basic;laser_disdrometer;cr1000xe_backbone,1.9704000000000002,flux,thermal,2,0.7285591959953308
7181,candidate_009,radiometer_basic;laser_disdrometer;cr1000xe_backbone,1.9704000000000002,flux,thermal,2,0.8210293054580688
7181,candidate_009,radiometer_basic;laser_disdrometer;cr1000xe_backbone,1.9704000000000002,flux,thermal,2,0.8616687655448914
7181,candidate_009,radiometer_basic;laser_disdrometer;cr1000xe_backbone,1.9704000000000002,flux,thermal,2,0.8053900599479675
7181,candidate_009,radiometer_basic;laser_disdrometer;cr1000xe_backbone,1.9704000000000002,flux,thermal,2,0.9285274744033813
7181,candidate_009,radiometer_basic;laser_disdrometer;cr1000xe_backbone,1.9704000000000002,flux,thermal,2,0.9074980616569519
7181,candidate_009,radiometer_basic;laser_disdrometer;cr1000xe_backbone,1.9704000000000002,flux,thermal,2,1.028607964515686
7181,candidate_009,radiometer_basic;laser_disdrometer;cr1000xe_backbone,1.9704000000000002,flux,thermal,2,0.9418025016784668
7181,candidate_009,radiometer_basic;laser_disdrometer;cr1000xe_backbone,1.9704000000000002,flux,thermal,2,1.0972239971160889
7181,candidate_009,radiometer_basic;laser_disdrometer;cr1000xe_backbone,1.9704000000000002,flux,thermal,2,0.996486246585846
7181,candidate_009,radiometer_basic;laser_disdrometer;cr1000xe_backbone,1.9704000000000002,flux,thermal,2,0.9994383454322815
7181,candidate_009,radiometer_basic;laser_disdrometer;cr1000xe_backbone,1.9704000000000002,flux,thermal,2,1.1039811372756958
7181,candidate_009,radiometer_basic;laser_disdrometer;cr1000xe_backbone,1.9704000000000002,flux,thermal,2,1.250352382659912
7181,candidate_009,radiometer_basic;laser_disdrometer;cr1000xe_backbone,1.9704000000000002,flux,thermal,2,1.1908897161483765
7181,candidate_009,radiometer_basic;laser_disdrometer;cr1000xe_backbone,1.9704000000000002,flux,thermal,2,1.119368553161621
7181,candidate_009,radiometer_basic;laser_disdrometer;cr1000xe_backbone,1.9704000000000002,flux,thermal,2,1.034381628036499
7181,candidate_009,radiometer_basic;laser_disdrometer;cr1000xe_backbone,1.9704000000000002,flux,thermal,2,1.0089161396026611
7181,candidate_009,radiometer_basic;laser_disdrometer;cr1000xe_backbone,1.9704000000000002,flux,thermal,2,1.1591278314590454
7181,candidate_009,radiometer_basic;laser_disdrometer;cr1000xe_backbone,1.9704000000000002,flux,thermal,2,1.1532295942306519
7181,candidate_009,radiometer_basic;laser_disdrometer;cr1000xe_backbone,1.9704000000000002,flux,thermal,2,1.1593378782272339
7181,candidate_009,radiometer_basic;laser_disdrometer;cr1000xe_backbone,1.9704000000000002,flux,thermal,2,1.1303391456604004
7181,candidate_009,radiometer_basic;laser_disdrometer;cr1000xe_backbone,1.9704000000000002,flux,thermal,2,1.1005488634109497
7181,candidate_009,radiometer_basic;laser_disdrometer;cr1000xe_backbone,1.9704000000000002,flux,thermal,2,1.0502206087112427
7181,candidate_009,radiometer_basic;laser_disdrometer;cr1000xe_backbone,1.9704000000000002,flux,thermal,2,0.9712930917739868
7181,candidate_009,radiometer_basic;laser_disdrometer;cr1000xe_backbone,1.9704000000000002,flux,thermal,2,0.9753689169883728
7181,candidate_009,radiometer_basic;laser_disdrometer;cr1000xe_backbone,1.9704000000000002,flux,thermal,2,0.995559573173523
7181,candidate_009,radiometer_basic;laser_disdrometer;cr1000xe_backbone,1.9704000000000002,flux,thermal,2,1.053496241569519
7181,candidate_009,radiometer_basic;laser_disdrometer;cr1000xe_backbone,1.9704000000000002,flux,thermal,2,0.9561874270439148
7181,candidate_009,radiometer_basic;laser_disdrometer;cr1000xe_backbone,1.9704000000000002,flux,thermal,2,1.0121616125106812
7181,candidate_009,radiometer_basic;laser_disdrometer;cr1000xe_backbone,1.9704000000000002,flux,thermal,2,1.0111448764801025
7181,candidate_009,radiometer_basic;laser_disdrometer;cr1000xe_backbone,1.9704000000000002,flux,thermal,2,0.8671834468841553
7181,candidate_009,radiometer_basic;laser_disdrometer;cr1000xe_backbone,1.9704000000000002,calm,thermal,0,0.8868712782859802
7181,candidate_009,radiometer_basic;laser_disdrometer;cr1000xe_backbone,1.9704000000000002,calm,thermal,0,0.8082475662231445
7181,candidate_009,radiometer_basic;laser_disdrometer;cr1000xe_backbone,1.9704000000000002,calm,thermal,0,0.829366147518158
7181,candidate_009,radiometer_basic;laser_disdrometer;cr1000xe_backbone,1.9704000000000002,calm,transport,0,0.7899163365364075
7181,candidate_009,radiometer_basic;laser_disdrometer;cr1000xe_backbone,1.9704000000000002,calm,transport,0,0.6424293518066406
7181,candidate_009,radiometer_basic;laser_disdrometer;cr1000xe_backbone,1.9704000000000002,calm,transport,0,0.5378278493881226
7181,candidate_009,radiometer_basic;laser_disdrometer;cr1000xe_backbone,1.9704000000000002,calm,transport,0,0.5011264681816101
7181,candidate_009,radiometer_basic;laser_disdrometer;cr1000xe_backbone,1.9704000000000002,calm,transport,0,0.549687385559082
7181,candidate_009,radiometer_basic;laser_disdrometer;cr1000xe_backbone,1.9704000000000002,calm,transport,0,0.4976639449596405
7181,candidate_009,radiometer_basic;laser_disdrometer;cr1000xe_backbone,1.9704000000000002,calm,transport,0,0.5849231481552124
7181,candidate_009,radiometer_basic;laser_disdrometer;cr1000xe_backbone,1.9704000000000002,calm,transport,0,0.6259252429008484
7181,candidate_009,radiometer_basic;laser_disdrometer;cr1000xe_backbone,1.9704000000000002,calm,transport,0,0.6774247288703918
7181,candidate_009,radiometer_basic;laser_disdrometer;cr1000xe_backbone,1.9704000000000002,calm,transport,0,0.5782260894775391
7181,candidate_009,radiometer_basic;laser_disdrometer;cr1000xe_backbone,1.9704000000000002,calm,transport,0,0.5669159293174744
7181,candidate_009,radiometer_basic;laser_disdrometer;cr1000xe_backbone,1.9704000000000002,particle,transport,1,0.6428069472312927
7181,candidate_009,radiometer_basic;laser_disdrometer;cr1000xe_backbone,1.9704000000000002,particle,transport,1,0.6217953562736511
7181,candidate_009,radiometer_basic;laser_disdrometer;cr1000xe_backbone,1.9704000000000002,particle,transport,1,0.6848554015159607
7181,candidate_009,radiometer_basic;laser_disdrometer;cr1000xe_backbone,1.9704000000000002,particle,transport,1,0.7653473019599915
7181,candidate_009,radiometer_basic;laser_disdrometer;cr1000xe_backbone,1.9704000000000002,particle,transport,1,0.8747398853302002
7181,candidate_009,radiometer_basic;laser_disdrometer;cr1000xe_backbone,1.9704000000000002,particle,transport,1,0.8619455099105835
7181,candidate_009,radiometer_basic;laser_disdrometer;cr1000xe_backbone,1.9704000000000002,particle,transport,1,0.837040364742279
7181,candidate_009,radiometer_basic;laser_disdrometer;cr1000xe_backbone,1.9704000000000002,particle,transport,1,1.0355483293533325
7181,candidate_009,radiometer_basic;laser_disdrometer;cr1000xe_backbone,1.9704000000000002,particle,transport,1,1.4270472526550293
7181,candidate_009,radiometer_basic;laser_disdrometer;cr1000xe_backbone,1.9704000000000002,particle,transport,1,1.0069814920425415
7181,candidate_009,radiometer_basic;laser_disdrometer;cr1000xe_backbone,1.9704000000000002,particle,transport,1,1.198718547821045
7181,candidate_009,radiometer_basic;laser_disdrometer;cr1000xe_backbone,1.9704000000000002,particle,transport,1,1.3180582523345947
7181,candidate_009,radiometer_basic;laser_disdrometer;cr1000xe_backbone,1.9704000000000002,particle,transport,1,1.2772393226623535
7181,candidate_009,radiometer_basic;laser_disdrometer;cr1000xe_backbone,1.9704000000000002,particle,transport,1,0.8864606022834778
7181,candidate_009,radiometer_basic;laser_disdrometer;cr1000xe_backbone,1.9704000000000002,particle,transport,1,0.8819311261177063
7181,candidate_009,radiometer_basic;laser_disdrometer;cr1000xe_backbone,1.9704000000000002,particle,particle,1,0.8909236788749695
7181,candidate_009,radiometer_basic;laser_disdrometer;cr1000xe_backbone,1.9704000000000002,particle,particle,1,0.8198891282081604
7181,candidate_009,radiometer_basic;laser_disdrometer;cr1000xe_backbone,1.9704000000000002,particle,particle,1,0.8192781209945679
7181,candidate_009,radiometer_basic;laser_disdrometer;cr1000xe_backbone,1.9704000000000002,particle,particle,1,0.794872522354126
7181,candidate_009,radiometer_basic;laser_disdrometer;cr1000xe_backbone,1.9704000000000002,particle,particle,1,0.830839216709137
7181,candidate_009,radiometer_basic;laser_disdrometer;cr1000xe_backbone,1.9704000000000002,particle,particle,1,0.8854118585586548
7181,candidate_009,radiometer_basic;laser_disdrometer;cr1000xe_backbone,1.9704000000000002,particle,particle,1,0.8743000030517578
7181,candidate_009,radiometer_basic;laser_disdrometer;cr1000xe_backbone,1.9704000000000002,particle,particle,1,0.9056438207626343
7181,candidate_009,radiometer_basic;laser_disdrometer;cr1000xe_backbone,1.9704000000000002,particle,particle,1,0.9226648807525635
7181,candidate_009,radiometer_basic;laser_disdrometer;cr1000xe_backbone,1.9704000000000002,particle,particle,1,0.9371001124382019
7181,candidate_009,radiometer_basic;laser_disdrometer;cr1000xe_backbone,1.9704000000000002,particle,particle,1,0.9913859367370605
7181,candidate_009,radiometer_basic;laser_disdrometer;cr1000xe_backbone,1.9704000000000002,calm,particle,0,0.8750593066215515
7181,candidate_009,radiometer_basic;laser_disdrometer;cr1000xe_backbone,1.9704000000000002,calm,particle,0,0.8504789471626282
7181,candidate_009,radiometer_basic;laser_disdrometer;cr1000xe_backbone,1.9704000000000002,calm,particle,0,0.7729049324989319
7181,candidate_009,radiometer_basic;laser_disdrometer;cr1000xe_backbone,1.9704000000000002,calm,particle,0,0.8984802961349487
7181,candidate_009,radiometer_basic;laser_disdrometer;cr1000xe_backbone,1.9704000000000002,calm,particle,0,0.8098982572555542
7181,candidate_009,radiometer_basic;laser_disdrometer;cr1000xe_backbone,1.9704000000000002,calm,particle,0,0.7800312638282776
7181,candidate_009,radiometer_basic;laser_disdrometer;cr1000xe_backbone,1.9704000000000002,calm,particle,0,0.8029119968414307
7181,candidate_009,radiometer_basic;laser_disdrometer;cr1000xe_backbone,1.9704000000000002,calm,particle,0,0.7752160429954529
7181,candidate_009,radiometer_basic;laser_disdrometer;cr1000xe_backbone,1.9704000000000002,calm,thermal,0,0.7861173152923584
7181,candidate_009,radiometer_basic;laser_disdrometer;cr1000xe_backbone,1.9704000000000002,calm,thermal,0,0.74647057056427
7181,candidate_009,radiometer_basic;laser_disdrometer;cr1000xe_backbone,1.9704000000000002,calm,thermal,0,0.7628771662712097
7181,candidate_009,radiometer_basic;laser_disdrometer;cr1000xe_backbone,1.9704000000000002,calm,thermal,0,0.6898423433303833
7181,candidate_009,radiometer_basic;laser_disdrometer;cr1000xe_backbone,1.9704000000000002,calm,thermal,0,0.6817471981048584
7181,candidate_009,radiometer_basic;laser_disdrometer;cr1000xe_backbone,1.9704000000000002,flux,thermal,2,0.7124565839767456
7181,candidate_009,radiometer_basic;laser_disdrometer;cr1000xe_backbone,1.9704000000000002,flux,thermal,2,0.7181293964385986
7181,candidate_009,radiometer_basic;laser_disdrometer;cr1000xe_backbone,1.9704000000000002,flux,thermal,2,0.8156611919403076
7181,candidate_009,radiometer_basic;laser_disdrometer;cr1000xe_backbone,1.9704000000000002,flux,thermal,2,0.713924765586853
7181,candidate_009,radiometer_basic;laser_disdrometer;cr1000xe_backbone,1.9704000000000002,flux,thermal,2,0.7345322966575623
7181,candidate_009,radiometer_basic;laser_disdrometer;cr1000xe_backbone,1.9704000000000002,flux,thermal,2,0.6232514381408691
7181,candidate_009,radiometer_basic;laser_disdrometer;cr1000xe_backbone,1.9704000000000002,flux,thermal,2,0.6113051176071167
7181,candidate_009,radiometer_basic;laser_disdrometer;cr1000xe_backbone,1.9704000000000002,flux,thermal,2,0.6499123573303223
7181,candidate_009,radiometer_basic;laser_disdrometer;cr1000xe_backbone,1.9704000000000002,flux,thermal,2,0.6898717880249023
7181,candidate_009,radiometer_basic;laser_disdrometer;cr1000xe_backbone,1.9704000000000002,flux,thermal,2,0.6768776178359985
7181,candidate_009,radiometer_basic;laser_disdrometer;cr1000xe_backbone,1.9704000000000002,flux,thermal,2,0.6400182247161865
7181,candidate_009,radiometer_basic;laser_disdrometer;cr1000xe_backbone,1.9704000000000002,flux,thermal,2,0.7341040372848511
7181,candidate_009,radiometer_basic;laser_disdrometer;cr1000xe_backbone,1.9704000000000002,flux,thermal,2,0.7627068758010864
7181,candidate_009,radiometer_basic;laser_disdrometer;cr1000xe_backbone,1.9704000000000002,flux,thermal,2,0.7576708197593689
7181,candidate_009,radiometer_basic;laser_disdrometer;cr1000xe_backbone,1.9704000000000002,flux,thermal,2,0.6921412944793701
7181,candidate_009,radiometer_basic;laser_disdrometer;cr1000xe_backbone,1.9704000000000002,flux,thermal,2,0.6314406394958496
7181,candidate_009,radiometer_basic;laser_disdrometer;cr1000xe_backbone,1.9704000000000002,flux,thermal,2,0.5843461155891418
7181,candidate_009,radiometer_basic;laser_disdrometer;cr1000xe_backbone,1.9704000000000002,flux,thermal,2,0.6483737826347351
7181,candidate_009,radiometer_basic;laser_disdrometer;cr1000xe_backbone,1.9704000000000002,flux,thermal,2,0.597614049911499
7181,candidate_009,radiometer_basic;laser_disdrometer;cr1000xe_backbone,1.9704000000000002,flux,thermal,2,0.700820803642273
7181,candidate_009,radiometer_basic;laser_disdrometer;cr1000xe_backbone,1.9704000000000002,flux,thermal,2,0.921537458896637
7181,candidate_009,radiometer_basic;laser_disdrometer;cr1000xe_backbone,1.9704000000000002,flux,thermal,2,1.171434760093689
7181,candidate_009,radiometer_basic;laser_disdrometer;cr1000xe_backbone,1.9704000000000002,flux,thermal,2,1.4743744134902954
7181,candidate_009,radiometer_basic;laser_disdrometer;cr1000xe_backbone,1.9704000000000002,flux,thermal,2,1.8398054838180542
7181,candidate_009,radiometer_basic;laser_disdrometer;cr1000xe_backbone,1.9704000000000002,flux,thermal,2,2.019440174102783
7181,candidate_009,radiometer_basic;laser_disdrometer;cr1000xe_backbone,1.9704000000000002,flux,thermal,2,2.368915319442749
7181,candidate_009,radiometer_basic;laser_disdrometer;cr1000xe_backbone,1.9704000000000002,flux,thermal,2,2.6947832107543945
7181,candidate_009,radiometer_basic;laser_disdrometer;cr1000xe_backbone,1.9704000000000002,flux,thermal,2,3.0630924701690674
7181,candidate_009,radiometer_basic;laser_disdrometer;cr1000xe_backbone,1.9704000000000002,flux,transport,2,3.0464069843292236
7181,candidate_009,radiometer_basic;laser_disdrometer;cr1000xe_backbone,1.9704000000000002,flux,transport,2,3.0872912406921387
7181,candidate_009,radiometer_basic;laser_disdrometer;cr1000xe_backbone,1.9704000000000002,flux,transport,2,3.076253890991211
7181,candidate_009,radiometer_basic;laser_disdrometer;cr1000xe_backbone,1.9704000000000002,flux,transport,2,3.1358680725097656
7181,candidate_009,radiometer_basic;laser_disdrometer;cr1000xe_backbone,1.9704000000000002,flux,transport,2,3.1371166706085205
7181,candidate_009,radiometer_basic;laser_disdrometer;cr1000xe_backbone,1.9704000000000002,flux,transport,2,3.043745756149292
7181,candidate_009,radiometer_basic;laser_disdrometer;cr1000xe_backbone,1.9704000000000002,flux,transport,2,3.0244600772857666
7181,candidate_009,radiometer_basic;laser_disdrometer;cr1000xe_backbone,1.9704000000000002,flux,transport,2,3.0602474212646484
7181,candidate_009,radiometer_basic;laser_disdrometer;cr1000xe_backbone,1.9704000000000002,flux,transport,2,3.109306573867798
7181,candidate_009,radiometer_basic;laser_disdrometer;cr1000xe_backbone,1.9704000000000002,flux,transport,2,3.0834407806396484
7181,candidate_009,radiometer_basic;laser_disdrometer;cr1000xe_backbone,1.9704000000000002,flux,transport,2,3.0113959312438965
7181,candidate_009,radiometer_basic;laser_disdrometer;cr1000xe_backbone,1.9704000000000002,flux,transport,2,3.0304834842681885
7181,candidate_009,radiometer_basic;laser_disdrometer;cr1000xe_backbone,1.9704000000000002,flux,transport,2,3.0654044151306152
7181,candidate_009,radiometer_basic;laser_disdrometer;cr1000xe_backbone,1.9704000000000002,flux,transport,2,3.1030125617980957
7181,candidate_009,radiometer_basic;laser_disdrometer;cr1000xe_backbone,1.9704000000000002,flux,transport,2,3.078906536102295
7181,candidate_009,radiometer_basic;laser_disdrometer;cr1000xe_backbone,1.9704000000000002,flux,transport,2,3.0836310386657715
7181,candidate_009,radiometer_basic;laser_disdrometer;cr1000xe_backbone,1.9704000000000002,flux,transport,2,3.0236411094665527
7181,candidate_009,radiometer_basic;laser_disdrometer;cr1000xe_backbone,1.9704000000000002,flux,transport,2,3.0572729110717773
7181,candidate_009,radiometer_basic;laser_disdrometer;cr1000xe_backbone,1.9704000000000002,flux,transport,2,3.025205135345459
7181,candidate_009,radiometer_basic;laser_disdrometer;cr1000xe_backbone,1.9704000000000002,flux,transport,2,3.098907947540283
7181,candidate_009,radiometer_basic;laser_disdrometer;cr1000xe_backbone,1.9704000000000002,flux,transport,2,2.8220059871673584
7181,candidate_009,radiometer_basic;laser_disdrometer;cr1000xe_backbone,1.9704000000000002,flux,transport,2,2.5873680114746094
7181,candidate_009,radiometer_basic;laser_disdrometer;cr1000xe_backbone,1.9704000000000002,flux,transport,2,2.370513916015625
7181,candidate_009,radiometer_basic;laser_disdrometer;cr1000xe_backbone,1.9704000000000002,flux,transport,2,2.1096861362457275
7181,candidate_009,radiometer_basic;laser_disdrometer;cr1000xe_backbone,1.9704000000000002,flux,transport,2,1.8558298349380493
7181,candidate_009,radiometer_basic;laser_disdrometer;cr1000xe_backbone,1.9704000000000002,flux,transport,2,1.596382737159729
7181,candidate_009,radiometer_basic;laser_disdrometer;cr1000xe_backbone,1.9704000000000002,flux,transport,2,1.2743231058120728
7181,candidate_009,radiometer_basic;laser_disdrometer;cr1000xe_backbone,1.9704000000000002,flux,transport,2,1.099676251411438
7181,candidate_009,radiometer_basic;laser_disdrometer;cr1000xe_backbone,1.9704000000000002,flux,particle,2,1.2913867235183716
7181,candidate_009,radiometer_basic;laser_disdrometer;cr1000xe_backbone,1.9704000000000002,flux,particle,2,1.3417545557022095
7181,candidate_009,radiometer_basic;laser_disdrometer;cr1000xe_backbone,1.9704000000000002,calm,particle,0,1.0926381349563599
7181,candidate_009,radiometer_basic;laser_disdrometer;cr1000xe_backbone,1.9704000000000002,calm,particle,0,1.091112732887268
7181,candidate_009,radiometer_basic;laser_disdrometer;cr1000xe_backbone,1.9704000000000002,calm,particle,0,1.0291533470153809
7181,candidate_009,radiometer_basic;laser_disdrometer;cr1000xe_backbone,1.9704000000000002,calm,particle,0,0.9314972758293152
7181,candidate_009,radiometer_basic;laser_disdrometer;cr1000xe_backbone,1.9704000000000002,calm,particle,0,0.9488035440444946
7181,candidate_009,radiometer_basic;laser_disdrometer;cr1000xe_backbone,1.9704000000000002,calm,particle,0,0.819471001625061
7181,candidate_009,radiometer_basic;laser_disdrometer;cr1000xe_backbone,1.9704000000000002,calm,particle,0,1.0018788576126099
7181,candidate_009,radiometer_basic;laser_disdrometer;cr1000xe_backbone,1.9704000000000002,calm,particle,0,1.0184376239776611
7181,candidate_009,radiometer_basic;laser_disdrometer;cr1000xe_backbone,1.9704000000000002,calm,particle,0,0.9570596814155579
7181,candidate_009,radiometer_basic;laser_disdrometer;cr1000xe_backbone,1.9704000000000002,calm,particle,0,0.8820953965187073
7181,candidate_009,radiometer_basic;laser_disdrometer;cr1000xe_backbone,1.9704000000000002,calm,particle,0,1.0375773906707764
7181,candidate_009,radiometer_basic;laser_disdrometer;cr1000xe_backbone,1.9704000000000002,calm,particle,0,1.0502684116363525
7181,candidate_009,radiometer_basic;laser_disdrometer;cr1000xe_backbone,1.9704000000000002,flux,particle,2,0.9672566652297974
7181,candidate_009,radiometer_basic;laser_disdrometer;cr1000xe_backbone,1.9704000000000002,flux,particle,2,0.965029239654541
7181,candidate_009,radiometer_basic;laser_disdrometer;cr1000xe_backbone,1.9704000000000002,flux,particle,2,0.9810087084770203
7181,candidate_009,radiometer_basic;laser_disdrometer;cr1000xe_backbone,1.9704000000000002,flux,particle,2,0.9103878140449524
7181,candidate_009,radiometer_basic;laser_disdrometer;cr1000xe_backbone,1.9704000000000002,flux,thermal,2,0.950899600982666
7181,candidate_009,radiometer_basic;laser_disdrometer;cr1000xe_backbone,1.9704000000000002,flux,thermal,2,0.9315425753593445
7181,candidate_009,radiometer_basic;laser_disdrometer;cr1000xe_backbone,1.9704000000000002,flux,thermal,2,0.8923047184944153
7181,candidate_009,radiometer_basic;laser_disdrometer;cr1000xe_backbone,1.9704000000000002,flux,thermal,2,0.8365997672080994
7181,candidate_009,radiometer_basic;laser_disdrometer;cr1000xe_backbone,1.9704000000000002,flux,thermal,2,0.9025430679321289
7181,candidate_009,radiometer_basic;laser_disdrometer;cr1000xe_backbone,1.9704000000000002,flux,thermal,2,0.777571439743042
7181,candidate_009,radiometer_basic;laser_disdrometer;cr1000xe_backbone,1.9704000000000002,flux,thermal,2,0.7880035638809204
7181,candidate_009,radiometer_basic;laser_disdrometer;cr1000xe_backbone,1.9704000000000002,flux,thermal,2,0.735698401927948
7181,candidate_009,radiometer_basic;laser_disdrometer;cr1000xe_backbone,1.9704000000000002,flux,thermal,2,0.8167297840118408
7181,candidate_009,radiometer_basic;laser_disdrometer;cr1000xe_backbone,1.9704000000000002,flux,thermal,2,0.766842246055603
7181,candidate_009,radiometer_basic;laser_disdrometer;cr1000xe_backbone,1.9704000000000002,flux,thermal,2,0.7765927314758301
7181,candidate_009,radiometer_basic;laser_disdrometer;cr1000xe_backbone,1.9704000000000002,flux,thermal,2,0.8313131332397461
7181,candidate_009,radiometer_basic;laser_disdrometer;cr1000xe_backbone,1.9704000000000002,flux,thermal,2,0.8681837320327759
7181,candidate_009,radiometer_basic;laser_disdrometer;cr1000xe_backbone,1.9704000000000002,flux,thermal,2,0.8709670305252075
7181,candidate_009,radiometer_basic;laser_disdrometer;cr1000xe_backbone,1.9704000000000002,flux,thermal,2,0.927023708820343
7181,candidate_009,radiometer_basic;laser_disdrometer;cr1000xe_backbone,1.9704000000000002,flux,thermal,2,0.8767243027687073
7181,candidate_009,radiometer_basic;laser_disdrometer;cr1000xe_backbone,1.9704000000000002,flux,thermal,2,0.8162407875061035
7181,candidate_009,radiometer_basic;laser_disdrometer;cr1000xe_backbone,1.9704000000000002,flux,thermal,2,0.7858702540397644
7181,candidate_009,radiometer_basic;laser_disdrometer;cr1000xe_backbone,1.9704000000000002,flux,thermal,2,0.7728455662727356
7181,candidate_009,radiometer_basic;laser_disdrometer;cr1000xe_backbone,1.9704000000000002,flux,thermal,2,0.853545606136322
7181,candidate_009,radiometer_basic;laser_disdrometer;cr1000xe_backbone,1.9704000000000002,flux,thermal,2,0.9001413583755493
7181,candidate_009,radiometer_basic;laser_disdrometer;cr1000xe_backbone,1.9704000000000002,flux,thermal,2,0.9309539794921875
7181,candidate_009,radiometer_basic;laser_disdrometer;cr1000xe_backbone,1.9704000000000002,flux,thermal,2,0.8259624242782593
7181,candidate_009,radiometer_basic;laser_disdrometer;cr1000xe_backbone,1.9704000000000002,flux,thermal,2,0.7701743245124817
7181,candidate_009,radiometer_basic;laser_disdrometer;cr1000xe_backbone,1.9704000000000002,flux,thermal,2,1.0358471870422363
7181,candidate_009,radiometer_basic;laser_disdrometer;cr1000xe_backbone,1.9704000000000002,flux,thermal,2,1.3524259328842163
7181,candidate_009,radiometer_basic;laser_disdrometer;cr1000xe_backbone,1.9704000000000002,flux,thermal,2,1.4157685041427612
7181,candidate_009,radiometer_basic;laser_disdrometer;cr1000xe_backbone,1.9704000000000002,flux,thermal,2,1.4102622270584106
7181,candidate_009,radiometer_basic;laser_disdrometer;cr1000xe_backbone,1.9704000000000002,flux,thermal,2,1.435697317123413
7181,candidate_009,radiometer_basic;laser_disdrometer;cr1000xe_backbone,1.9704000000000002,flux,thermal,2,1.488122582435608
7181,candidate_009,radiometer_basic;laser_disdrometer;cr1000xe_backbone,1.9704000000000002,flux,thermal,2,1.6294329166412354
7181,candidate_009,radiometer_basic;laser_disdrometer;cr1000xe_backbone,1.9704000000000002,flux,thermal,2,1.576985478401184
7181,candidate_009,radiometer_basic;laser_disdrometer;cr1000xe_backbone,1.9704000000000002,flux,transport,2,1.2319377660751343
7181,candidate_009,radiometer_basic;laser_disdrometer;cr1000xe_backbone,1.9704000000000002,flux,transport,2,0.9360750317573547
7181,candidate_009,radiometer_basic;laser_disdrometer;cr1000xe_backbone,1.9704000000000002,calm,transport,0,0.9721275568008423
7181,candidate_009,radiometer_basic;laser_disdrometer;cr1000xe_backbone,1.9704000000000002,calm,transport,0,1.0111643075942993
7181,candidate_009,radiometer_basic;laser_disdrometer;cr1000xe_backbone,1.9704000000000002,calm,transport,0,0.8804596066474915
7181,candidate_009,radiometer_basic;laser_disdrometer;cr1000xe_backbone,1.9704000000000002,calm,transport,0,0.7964616417884827
7181,candidate_009,radiometer_basic;laser_disdrometer;cr1000xe_backbone,1.9704000000000002,calm,transport,0,0.7787346243858337
7181,candidate_009,radiometer_basic;laser_disdrometer;cr1000xe_backbone,1.9704000000000002,calm,transport,0,0.8807688355445862
7181,candidate_009,radiometer_basic;laser_disdrometer;cr1000xe_backbone,1.9704000000000002,calm,transport,0,1.090134620666504
7181,candidate_009,radiometer_basic;laser_disdrometer;cr1000xe_backbone,1.9704000000000002,calm,transport,0,1.3582051992416382
7181,candidate_010,surface_temp_ir;laser_disdrometer;cr1000xe_backbone,2.0504,calm,transport,0,1.1267374753952026
7181,candidate_010,surface_temp_ir;laser_disdrometer;cr1000xe_backbone,2.0504,calm,transport,0,0.8371618986129761
7181,candidate_010,surface_temp_ir;laser_disdrometer;cr1000xe_backbone,2.0504,calm,transport,0,0.8127077221870422
7181,candidate_010,surface_temp_ir;laser_disdrometer;cr1000xe_backbone,2.0504,calm,transport,0,0.8983533382415771
7181,candidate_010,surface_temp_ir;laser_disdrometer;cr1000xe_backbone,2.0504,calm,transport,0,0.8818777203559875
7181,candidate_010,surface_temp_ir;laser_disdrometer;cr1000xe_backbone,2.0504,calm,transport,0,0.8713849186897278
7181,candidate_010,surface_temp_ir;laser_disdrometer;cr1000xe_backbone,2.0504,calm,transport,0,0.8486177325248718
7181,candidate_010,surface_temp_ir;laser_disdrometer;cr1000xe_backbone,2.0504,calm,transport,0,0.8839410543441772
7181,candidate_010,surface_temp_ir;laser_disdrometer;cr1000xe_backbone,2.0504,calm,transport,0,0.8005768656730652
7181,candidate_010,surface_temp_ir;laser_disdrometer;cr1000xe_backbone,2.0504,calm,transport,0,0.8390897512435913
7181,candidate_010,surface_temp_ir;laser_disdrometer;cr1000xe_backbone,2.0504,calm,transport,0,0.8948023319244385
7181,candidate_010,surface_temp_ir;laser_disdrometer;cr1000xe_backbone,2.0504,calm,transport,0,0.9282515645027161
7181,candidate_010,surface_temp_ir;laser_disdrometer;cr1000xe_backbone,2.0504,calm,transport,0,0.7597962021827698
7181,candidate_010,surface_temp_ir;laser_disdrometer;cr1000xe_backbone,2.0504,calm,transport,0,0.7025277614593506
7181,candidate_010,surface_temp_ir;laser_disdrometer;cr1000xe_backbone,2.0504,calm,transport,0,0.6380168795585632
7181,candidate_010,surface_temp_ir;laser_disdrometer;cr1000xe_backbone,2.0504,calm,transport,0,0.758069634437561
7181,candidate_010,surface_temp_ir;laser_disdrometer;cr1000xe_backbone,2.0504,calm,transport,0,0.7617231011390686
7181,candidate_010,surface_temp_ir;laser_disdrometer;cr1000xe_backbone,2.0504,calm,transport,0,0.7531728744506836
7181,candidate_010,surface_temp_ir;laser_disdrometer;cr1000xe_backbone,2.0504,calm,transport,0,0.8184884786605835
7181,candidate_010,surface_temp_ir;laser_disdrometer;cr1000xe_backbone,2.0504,calm,transport,0,0.8956109881401062
7181,candidate_010,surface_temp_ir;laser_disdrometer;cr1000xe_backbone,2.0504,calm,transport,0,0.9411691427230835
7181,candidate_010,surface_temp_ir;laser_disdrometer;cr1000xe_backbone,2.0504,calm,transport,0,0.8878694176673889
7181,candidate_010,surface_temp_ir;laser_disdrometer;cr1000xe_backbone,2.0504,calm,particle,0,0.9461486339569092
7181,candidate_010,surface_temp_ir;laser_disdrometer;cr1000xe_backbone,2.0504,calm,particle,0,0.9273109436035156
7181,candidate_010,surface_temp_ir;laser_disdrometer;cr1000xe_backbone,2.0504,calm,particle,0,0.9459359049797058
7181,candidate_010,surface_temp_ir;laser_disdrometer;cr1000xe_backbone,2.0504,calm,particle,0,0.9252738952636719
7181,candidate_010,surface_temp_ir;laser_disdrometer;cr1000xe_backbone,2.0504,calm,particle,0,0.9138658046722412
7181,candidate_010,surface_temp_ir;laser_disdrometer;cr1000xe_backbone,2.0504,calm,particle,0,0.9024161100387573
7181,candidate_010,surface_temp_ir;laser_disdrometer;cr1000xe_backbone,2.0504,calm,particle,0,0.7374881505966187
7181,candidate_010,surface_temp_ir;laser_disdrometer;cr1000xe_backbone,2.0504,calm,particle,0,0.6311297416687012
7181,candidate_010,surface_temp_ir;laser_disdrometer;cr1000xe_backbone,2.0504,calm,particle,0,0.5952425599098206
7181,candidate_010,surface_temp_ir;laser_disdrometer;cr1000xe_backbone,2.0504,calm,particle,0,0.7829847931861877
7181,candidate_010,surface_temp_ir;laser_disdrometer;cr1000xe_backbone,2.0504,calm,particle,0,0.6731626987457275
7181,candidate_010,surface_temp_ir;laser_disdrometer;cr1000xe_backbone,2.0504,calm,particle,0,0.6210664510726929
7181,candidate_010,surface_temp_ir;laser_disdrometer;cr1000xe_backbone,2.0504,calm,particle,0,0.5704665184020996
7181,candidate_010,surface_temp_ir;laser_disdrometer;cr1000xe_backbone,2.0504,calm,particle,0,0.7538212537765503
7181,candidate_010,surface_temp_ir;laser_disdrometer;cr1000xe_backbone,2.0504,calm,particle,0,0.8486343622207642
7181,candidate_010,surface_temp_ir;laser_disdrometer;cr1000xe_backbone,2.0504,calm,particle,0,1.019039511680603
7181,candidate_010,surface_temp_ir;laser_disdrometer;cr1000xe_backbone,2.0504,calm,particle,0,0.7554094195365906
7181,candidate_010,surface_temp_ir;laser_disdrometer;cr1000xe_backbone,2.0504,calm,particle,0,0.8132461905479431
7181,candidate_010,surface_temp_ir;laser_disdrometer;cr1000xe_backbone,2.0504,calm,particle,0,0.8265106678009033
7181,candidate_010,surface_temp_ir;laser_disdrometer;cr1000xe_backbone,2.0504,calm,particle,0,0.7200796604156494
7181,candidate_010,surface_temp_ir;laser_disdrometer;cr1000xe_backbone,2.0504,calm,particle,0,0.7248808145523071
7181,candidate_010,surface_temp_ir;laser_disdrometer;cr1000xe_backbone,2.0504,calm,particle,0,0.7992799282073975
7181,candidate_010,surface_temp_ir;laser_disdrometer;cr1000xe_backbone,2.0504,calm,thermal,0,0.8011459708213806
7181,candidate_010,surface_temp_ir;laser_disdrometer;cr1000xe_backbone,2.0504,calm,thermal,0,0.8331862092018127
7181,candidate_010,surface_temp_ir;laser_disdrometer;cr1000xe_backbone,2.0504,calm,thermal,0,0.7759720683097839
7181,candidate_010,surface_temp_ir;laser_disdrometer;cr1000xe_backbone,2.0504,calm,thermal,0,0.7659946084022522
7181,candidate_010,surface_temp_ir;laser_disdrometer;cr1000xe_backbone,2.0504,calm,thermal,0,0.7956021428108215
7181,candidate_010,surface_temp_ir;laser_disdrometer;cr1000xe_backbone,2.0504,calm,thermal,0,0.7409659028053284
7181,candidate_010,surface_temp_ir;laser_disdrometer;cr1000xe_backbone,2.0504,calm,thermal,0,0.751727819442749
7181,candidate_010,surface_temp_ir;laser_disdrometer;cr1000xe_backbone,2.0504,calm,thermal,0,0.629718005657196
7181,candidate_010,surface_temp_ir;laser_disdrometer;cr1000xe_backbone,2.0504,calm,thermal,0,0.6212306022644043
7181,candidate_010,surface_temp_ir;laser_disdrometer;cr1000xe_backbone,2.0504,calm,thermal,0,0.6512163877487183
7181,candidate_010,surface_temp_ir;laser_disdrometer;cr1000xe_backbone,2.0504,calm,thermal,0,0.7309610843658447
7181,candidate_010,surface_temp_ir;laser_disdrometer;cr1000xe_backbone,2.0504,calm,thermal,0,0.7121577262878418
7181,candidate_010,surface_temp_ir;laser_disdrometer;cr1000xe_backbone,2.0504,calm,thermal,0,0.7621518969535828
7181,candidate_010,surface_temp_ir;laser_disdrometer;cr1000xe_backbone,2.0504,calm,thermal,0,0.7746724486351013
7181,candidate_010,surface_temp_ir;laser_disdrometer;cr1000xe_backbone,2.0504,calm,thermal,0,0.7147079110145569
7181,candidate_010,surface_temp_ir;laser_disdrometer;cr1000xe_backbone,2.0504,calm,thermal,0,0.6209116578102112
7181,candidate_010,surface_temp_ir;laser_disdrometer;cr1000xe_backbone,2.0504,calm,thermal,0,0.7025315761566162
7181,candidate_010,surface_temp_ir;laser_disdrometer;cr1000xe_backbone,2.0504,calm,thermal,0,0.6340342164039612
7181,candidate_010,surface_temp_ir;laser_disdrometer;cr1000xe_backbone,2.0504,calm,thermal,0,0.6106427311897278
7181,candidate_010,surface_temp_ir;laser_disdrometer;cr1000xe_backbone,2.0504,calm,thermal,0,0.648202121257782
7181,candidate_010,surface_temp_ir;laser_disdrometer;cr1000xe_backbone,2.0504,calm,thermal,0,0.6019853353500366
7181,candidate_010,surface_temp_ir;laser_disdrometer;cr1000xe_backbone,2.0504,calm,thermal,0,0.6470593810081482
7181,candidate_010,surface_temp_ir;laser_disdrometer;cr1000xe_backbone,2.0504,calm,thermal,0,0.6755647659301758
7181,candidate_010,surface_temp_ir;laser_disdrometer;cr1000xe_backbone,2.0504,calm,thermal,0,0.6553476452827454
7181,candidate_010,surface_temp_ir;laser_disdrometer;cr1000xe_backbone,2.0504,calm,thermal,0,0.6676734685897827
7181,candidate_010,surface_temp_ir;laser_disdrometer;cr1000xe_backbone,2.0504,calm,thermal,0,0.6934255361557007
7181,candidate_010,surface_temp_ir;laser_disdrometer;cr1000xe_backbone,2.0504,calm,thermal,0,0.720072865486145
7181,candidate_010,surface_temp_ir;laser_disdrometer;cr1000xe_backbone,2.0504,calm,transport,0,0.6702263355255127
7181,candidate_010,surface_temp_ir;laser_disdrometer;cr1000xe_backbone,2.0504,calm,transport,0,0.7058622241020203
7181,candidate_010,surface_temp_ir;laser_disdrometer;cr1000xe_backbone,2.0504,calm,transport,0,0.7112231850624084
7181,candidate_010,surface_temp_ir;laser_disdrometer;cr1000xe_backbone,2.0504,calm,transport,0,0.7210600972175598
7181,candidate_010,surface_temp_ir;laser_disdrometer;cr1000xe_backbone,2.0504,calm,transport,0,0.7221930623054504
7181,candidate_010,surface_temp_ir;laser_disdrometer;cr1000xe_backbone,2.0504,calm,transport,0,0.6466054320335388
7181,candidate_010,surface_temp_ir;laser_disdrometer;cr1000xe_backbone,2.0504,calm,transport,0,0.6271982192993164
7181,candidate_010,surface_temp_ir;laser_disdrometer;cr1000xe_backbone,2.0504,calm,transport,0,0.6814490556716919
7181,candidate_010,surface_temp_ir;laser_disdrometer;cr1000xe_backbone,2.0504,calm,transport,0,0.7438827753067017
7181,candidate_010,surface_temp_ir;laser_disdrometer;cr1000xe_backbone,2.0504,calm,transport,0,0.7267510890960693
7181,candidate_010,surface_temp_ir;laser_disdrometer;cr1000xe_backbone,2.0504,calm,transport,0,0.7088737487792969
7181,candidate_010,surface_temp_ir;laser_disdrometer;cr1000xe_backbone,2.0504,calm,transport,0,0.7314966917037964
7181,candidate_010,surface_temp_ir;laser_disdrometer;cr1000xe_backbone,2.0504,calm,transport,0,0.7423604726791382
7181,candidate_010,surface_temp_ir;laser_disdrometer;cr1000xe_backbone,2.0504,calm,transport,0,0.7165221571922302
7181,candidate_010,surface_temp_ir;laser_disdrometer;cr1000xe_backbone,2.0504,calm,transport,0,0.7352648973464966
7181,candidate_010,surface_temp_ir;laser_disdrometer;cr1000xe_backbone,2.0504,calm,transport,0,0.7457631230354309
7181,candidate_010,surface_temp_ir;laser_disdrometer;cr1000xe_backbone,2.0504,calm,transport,0,0.7377183437347412
7181,candidate_010,surface_temp_ir;laser_disdrometer;cr1000xe_backbone,2.0504,calm,transport,0,0.7210389375686646
7181,candidate_010,surface_temp_ir;laser_disdrometer;cr1000xe_backbone,2.0504,calm,transport,0,0.7395342588424683
7181,candidate_010,surface_temp_ir;laser_disdrometer;cr1000xe_backbone,2.0504,calm,transport,0,0.7493669390678406
7181,candidate_010,surface_temp_ir;laser_disdrometer;cr1000xe_backbone,2.0504,calm,transport,0,0.7829292416572571
7181,candidate_010,surface_temp_ir;laser_disdrometer;cr1000xe_backbone,2.0504,calm,transport,0,0.8128751516342163
7181,candidate_010,surface_temp_ir;laser_disdrometer;cr1000xe_backbone,2.0504,calm,transport,0,0.8509465456008911
7181,candidate_010,surface_temp_ir;laser_disdrometer;cr1000xe_backbone,2.0504,calm,transport,0,0.802082359790802
7181,candidate_010,surface_temp_ir;laser_disdrometer;cr1000xe_backbone,2.0504,calm,transport,0,0.9138164520263672
7181,candidate_010,surface_temp_ir;laser_disdrometer;cr1000xe_backbone,2.0504,calm,transport,0,0.8301118612289429
7181,candidate_010,surface_temp_ir;laser_disdrometer;cr1000xe_backbone,2.0504,calm,transport,0,0.770373523235321
7181,candidate_010,surface_temp_ir;laser_disdrometer;cr1000xe_backbone,2.0504,calm,transport,0,0.7119617462158203
7181,candidate_010,surface_temp_ir;laser_disdrometer;cr1000xe_backbone,2.0504,calm,particle,0,0.751888632774353
7181,candidate_010,surface_temp_ir;laser_disdrometer;cr1000xe_backbone,2.0504,calm,particle,0,0.6573162078857422
7181,candidate_010,surface_temp_ir;laser_disdrometer;cr1000xe_backbone,2.0504,calm,particle,0,0.6168716549873352
7181,candidate_010,surface_temp_ir;laser_disdrometer;cr1000xe_backbone,2.0504,calm,particle,0,0.6080564856529236
7181,candidate_010,surface_temp_ir;laser_disdrometer;cr1000xe_backbone,2.0504,calm,particle,0,0.7093119025230408
7181,candidate_010,surface_temp_ir;laser_disdrometer;cr1000xe_backbone,2.0504,calm,particle,0,0.6673973202705383
7181,candidate_010,surface_temp_ir;laser_disdrometer;cr1000xe_backbone,2.0504,calm,particle,0,0.6628499627113342
7181,candidate_010,surface_temp_ir;laser_disdrometer;cr1000xe_backbone,2.0504,calm,particle,0,0.6726440787315369
7181,candidate_010,surface_temp_ir;laser_disdrometer;cr1000xe_backbone,2.0504,calm,particle,0,0.7267394661903381
7181,candidate_010,surface_temp_ir;laser_disdrometer;cr1000xe_backbone,2.0504,calm,particle,0,0.7342433333396912
7181,candidate_010,surface_temp_ir;laser_disdrometer;cr1000xe_backbone,2.0504,calm,particle,0,0.8230920433998108
7181,candidate_010,surface_temp_ir;laser_disdrometer;cr1000xe_backbone,2.0504,calm,particle,0,0.819611668586731
7181,candidate_010,surface_temp_ir;laser_disdrometer;cr1000xe_backbone,2.0504,calm,particle,0,0.8350798487663269
7181,candidate_010,surface_temp_ir;laser_disdrometer;cr1000xe_backbone,2.0504,calm,particle,0,0.8240126371383667
7181,candidate_010,surface_temp_ir;laser_disdrometer;cr1000xe_backbone,2.0504,calm,particle,0,0.7108011841773987
7181,candidate_010,surface_temp_ir;laser_disdrometer;cr1000xe_backbone,2.0504,calm,particle,0,0.6367210745811462
7181,candidate_010,surface_temp_ir;laser_disdrometer;cr1000xe_backbone,2.0504,calm,particle,0,0.680040717124939
7181,candidate_010,surface_temp_ir;laser_disdrometer;cr1000xe_backbone,2.0504,calm,particle,0,0.6978906393051147
7181,candidate_010,surface_temp_ir;laser_disdrometer;cr1000xe_backbone,2.0504,calm,particle,0,0.7818608283996582
7181,candidate_010,surface_temp_ir;laser_disdrometer;cr1000xe_backbone,2.0504,calm,particle,0,0.7767438292503357
7181,candidate_010,surface_temp_ir;laser_disdrometer;cr1000xe_backbone,2.0504,calm,particle,0,0.8122293949127197
7181,candidate_010,surface_temp_ir;laser_disdrometer;cr1000xe_backbone,2.0504,calm,particle,0,0.9374570846557617
7181,candidate_010,surface_temp_ir;laser_disdrometer;cr1000xe_backbone,2.0504,calm,particle,0,1.0099352598190308
7181,candidate_010,surface_temp_ir;laser_disdrometer;cr1000xe_backbone,2.0504,calm,particle,0,1.0425076484680176
7181,candidate_010,surface_temp_ir;laser_disdrometer;cr1000xe_backbone,2.0504,calm,particle,0,1.061845064163208
7181,candidate_010,surface_temp_ir;laser_disdrometer;cr1000xe_backbone,2.0504,calm,particle,0,1.2747092247009277
7181,candidate_010,surface_temp_ir;laser_disdrometer;cr1000xe_backbone,2.0504,calm,particle,0,1.2428609132766724
7181,candidate_010,surface_temp_ir;laser_disdrometer;cr1000xe_backbone,2.0504,calm,particle,0,1.1147905588150024
7181,candidate_010,surface_temp_ir;laser_disdrometer;cr1000xe_backbone,2.0504,calm,particle,0,0.9740963578224182
7181,candidate_010,surface_temp_ir;laser_disdrometer;cr1000xe_backbone,2.0504,calm,particle,0,1.0052024126052856
7181,candidate_010,surface_temp_ir;laser_disdrometer;cr1000xe_backbone,2.0504,calm,particle,0,0.9202256202697754
7181,candidate_010,surface_temp_ir;laser_disdrometer;cr1000xe_backbone,2.0504,calm,thermal,0,0.9539391398429871
7181,candidate_010,surface_temp_ir;laser_disdrometer;cr1000xe_backbone,2.0504,calm,thermal,0,0.904299259185791
7181,candidate_010,surface_temp_ir;laser_disdrometer;cr1000xe_backbone,2.0504,calm,thermal,0,0.9249110817909241
7181,candidate_010,surface_temp_ir;laser_disdrometer;cr1000xe_backbone,2.0504,calm,thermal,0,0.9395312666893005
7181,candidate_010,surface_temp_ir;laser_disdrometer;cr1000xe_backbone,2.0504,calm,thermal,0,0.920021653175354
7181,candidate_010,surface_temp_ir;laser_disdrometer;cr1000xe_backbone,2.0504,calm,thermal,0,0.7851755619049072
7181,candidate_010,surface_temp_ir;laser_disdrometer;cr1000xe_backbone,2.0504,calm,thermal,0,0.8634153008460999
7181,candidate_010,surface_temp_ir;laser_disdrometer;cr1000xe_backbone,2.0504,calm,thermal,0,0.9828823208808899
7181,candidate_010,surface_temp_ir;laser_disdrometer;cr1000xe_backbone,2.0504,calm,thermal,0,0.9604601860046387
7181,candidate_010,surface_temp_ir;laser_disdrometer;cr1000xe_backbone,2.0504,calm,thermal,0,1.0087261199951172
7181,candidate_010,surface_temp_ir;laser_disdrometer;cr1000xe_backbone,2.0504,calm,thermal,0,0.9964389204978943
7181,candidate_010,surface_temp_ir;laser_disdrometer;cr1000xe_backbone,2.0504,calm,thermal,0,1.1856155395507812
7181,candidate_010,surface_temp_ir;laser_disdrometer;cr1000xe_backbone,2.0504,calm,thermal,0,1.2232768535614014
7181,candidate_010,surface_temp_ir;laser_disdrometer;cr1000xe_backbone,2.0504,calm,thermal,0,1.2780909538269043
7181,candidate_010,surface_temp_ir;laser_disdrometer;cr1000xe_backbone,2.0504,calm,thermal,0,1.2961969375610352
7181,candidate_010,surface_temp_ir;laser_disdrometer;cr1000xe_backbone,2.0504,calm,thermal,0,1.394421100616455
7181,candidate_010,surface_temp_ir;laser_disdrometer;cr1000xe_backbone,2.0504,calm,thermal,0,1.3472862243652344
7181,candidate_010,surface_temp_ir;laser_disdrometer;cr1000xe_backbone,2.0504,calm,thermal,0,1.3244683742523193
7181,candidate_010,surface_temp_ir;laser_disdrometer;cr1000xe_backbone,2.0504,calm,thermal,0,1.2365789413452148
7181,candidate_010,surface_temp_ir;laser_disdrometer;cr1000xe_backbone,2.0504,calm,thermal,0,1.1545735597610474
7181,candidate_010,surface_temp_ir;laser_disdrometer;cr1000xe_backbone,2.0504,calm,transport,0,1.1167596578598022
7181,candidate_010,surface_temp_ir;laser_disdrometer;cr1000xe_backbone,2.0504,calm,transport,0,1.0704939365386963
7181,candidate_010,surface_temp_ir;laser_disdrometer;cr1000xe_backbone,2.0504,calm,transport,0,1.0060633420944214
7181,candidate_010,surface_temp_ir;laser_disdrometer;cr1000xe_backbone,2.0504,calm,transport,0,1.0213544368743896
7181,candidate_010,surface_temp_ir;laser_disdrometer;cr1000xe_backbone,2.0504,calm,transport,0,0.9556947350502014
7181,candidate_010,surface_temp_ir;laser_disdrometer;cr1000xe_backbone,2.0504,calm,transport,0,0.9707026481628418
7181,candidate_010,surface_temp_ir;laser_disdrometer;cr1000xe_backbone,2.0504,calm,transport,0,1.0854202508926392
7181,candidate_010,surface_temp_ir;laser_disdrometer;cr1000xe_backbone,2.0504,calm,transport,0,1.1756166219711304
7181,candidate_010,surface_temp_ir;laser_disdrometer;cr1000xe_backbone,2.0504,calm,transport,0,1.1837011575698853
7181,candidate_010,surface_temp_ir;laser_disdrometer;cr1000xe_backbone,2.0504,calm,transport,0,1.261906385421753
7181,candidate_010,surface_temp_ir;laser_disdrometer;cr1000xe_backbone,2.0504,calm,transport,0,1.3799245357513428
7181,candidate_010,surface_temp_ir;laser_disdrometer;cr1000xe_backbone,2.0504,calm,transport,0,1.5241355895996094
7181,candidate_010,surface_temp_ir;laser_disdrometer;cr1000xe_backbone,2.0504,calm,transport,0,1.4005537033081055
7181,candidate_010,surface_temp_ir;laser_disdrometer;cr1000xe_backbone,2.0504,calm,transport,0,1.285730242729187
7181,candidate_010,surface_temp_ir;laser_disdrometer;cr1000xe_backbone,2.0504,calm,transport,0,1.2251564264297485
7181,candidate_010,surface_temp_ir;laser_disdrometer;cr1000xe_backbone,2.0504,calm,transport,0,1.1585239171981812
7181,candidate_010,surface_temp_ir;laser_disdrometer;cr1000xe_backbone,2.0504,calm,transport,0,1.0429768562316895
7181,candidate_010,surface_temp_ir;laser_disdrometer;cr1000xe_backbone,2.0504,calm,transport,0,1.0336952209472656
7181,candidate_010,surface_temp_ir;laser_disdrometer;cr1000xe_backbone,2.0504,calm,transport,0,1.1314057111740112
7181,candidate_010,surface_temp_ir;laser_disdrometer;cr1000xe_backbone,2.0504,calm,transport,0,1.1566293239593506
7181,candidate_010,surface_temp_ir;laser_disdrometer;cr1000xe_backbone,2.0504,calm,transport,0,1.1974297761917114
7181,candidate_010,surface_temp_ir;laser_disdrometer;cr1000xe_backbone,2.0504,calm,transport,0,1.1619019508361816
7181,candidate_010,surface_temp_ir;laser_disdrometer;cr1000xe_backbone,2.0504,calm,transport,0,1.2453083992004395
7181,candidate_010,surface_temp_ir;laser_disdrometer;cr1000xe_backbone,2.0504,calm,transport,0,1.2456440925598145
7181,candidate_010,surface_temp_ir;laser_disdrometer;cr1000xe_backbone,2.0504,calm,transport,0,1.2740974426269531
7181,candidate_010,surface_temp_ir;laser_disdrometer;cr1000xe_backbone,2.0504,calm,transport,0,1.234604001045227
7181,candidate_010,surface_temp_ir;laser_disdrometer;cr1000xe_backbone,2.0504,calm,transport,0,1.2362345457077026
7181,candidate_010,surface_temp_ir;laser_disdrometer;cr1000xe_backbone,2.0504,calm,transport,0,1.2297532558441162
7181,candidate_010,surface_temp_ir;laser_disdrometer;cr1000xe_backbone,2.0504,calm,transport,0,1.2121213674545288
7181,candidate_010,surface_temp_ir;laser_disdrometer;cr1000xe_backbone,2.0504,calm,transport,0,1.1992841958999634
7181,candidate_010,surface_temp_ir;laser_disdrometer;cr1000xe_backbone,2.0504,calm,transport,0,1.251617431640625
7181,candidate_010,surface_temp_ir;laser_disdrometer;cr1000xe_backbone,2.0504,calm,transport,0,1.2066906690597534
7181,candidate_010,surface_temp_ir;laser_disdrometer;cr1000xe_backbone,2.0504,calm,transport,0,1.21947181224823
7181,candidate_010,surface_temp_ir;laser_disdrometer;cr1000xe_backbone,2.0504,calm,transport,0,1.185459017753601
7181,candidate_010,surface_temp_ir;laser_disdrometer;cr1000xe_backbone,2.0504,calm,transport,0,1.1451032161712646
7181,candidate_010,surface_temp_ir;laser_disdrometer;cr1000xe_backbone,2.0504,calm,particle,0,1.1140323877334595
7181,candidate_010,surface_temp_ir;laser_disdrometer;cr1000xe_backbone,2.0504,calm,particle,0,1.1212633848190308
7181,candidate_010,surface_temp_ir;laser_disdrometer;cr1000xe_backbone,2.0504,calm,particle,0,1.0336230993270874
7181,candidate_010,surface_temp_ir;laser_disdrometer;cr1000xe_backbone,2.0504,calm,particle,0,1.078467607498169
7181,candidate_010,surface_temp_ir;laser_disdrometer;cr1000xe_backbone,2.0504,calm,particle,0,1.0782779455184937
7181,candidate_010,surface_temp_ir;laser_disdrometer;cr1000xe_backbone,2.0504,calm,particle,0,1.1502810716629028
7181,candidate_010,surface_temp_ir;laser_disdrometer;cr1000xe_backbone,2.0504,calm,particle,0,1.1921839714050293
7181,candidate_010,surface_temp_ir;laser_disdrometer;cr1000xe_backbone,2.0504,calm,particle,0,1.21734619140625
7181,candidate_010,surface_temp_ir;laser_disdrometer;cr1000xe_backbone,2.0504,calm,particle,0,1.2130874395370483
7181,candidate_010,surface_temp_ir;laser_disdrometer;cr1000xe_backbone,2.0504,calm,particle,0,1.1733286380767822
7181,candidate_010,surface_temp_ir;laser_disdrometer;cr1000xe_backbone,2.0504,calm,particle,0,1.1226366758346558
7181,candidate_010,surface_temp_ir;laser_disdrometer;cr1000xe_backbone,2.0504,calm,particle,0,1.1774009466171265
7181,candidate_010,surface_temp_ir;laser_disdrometer;cr1000xe_backbone,2.0504,calm,particle,0,1.1420572996139526
7181,candidate_010,surface_temp_ir;laser_disdrometer;cr1000xe_backbone,2.0504,calm,particle,0,1.2154107093811035
7181,candidate_010,surface_temp_ir;laser_disdrometer;cr1000xe_backbone,2.0504,calm,particle,0,1.1711256504058838
7181,candidate_010,surface_temp_ir;laser_disdrometer;cr1000xe_backbone,2.0504,calm,particle,0,1.098764181137085
7181,candidate_010,surface_temp_ir;laser_disdrometer;cr1000xe_backbone,2.0504,calm,particle,0,1.1241602897644043
7181,candidate_010,surface_temp_ir;laser_disdrometer;cr1000xe_backbone,2.0504,calm,particle,0,1.1518828868865967
7181,candidate_010,surface_temp_ir;laser_disdrometer;cr1000xe_backbone,2.0504,calm,particle,0,1.0690816640853882
7181,candidate_010,surface_temp_ir;laser_disdrometer;cr1000xe_backbone,2.0504,calm,particle,0,1.2192121744155884
7181,candidate_010,surface_temp_ir;laser_disdrometer;cr1000xe_backbone,2.0504,calm,particle,0,1.2425059080123901
7181,candidate_010,surface_temp_ir;laser_disdrometer;cr1000xe_backbone,2.0504,calm,particle,0,1.1597331762313843
7181,candidate_010,surface_temp_ir;laser_disdrometer;cr1000xe_backbone,2.0504,calm,particle,0,1.0717023611068726
7181,candidate_010,surface_temp_ir;laser_disdrometer;cr1000xe_backbone,2.0504,calm,particle,0,1.1516603231430054
7181,candidate_010,surface_temp_ir;laser_disdrometer;cr1000xe_backbone,2.0504,calm,particle,0,1.1961616277694702
7181,candidate_010,surface_temp_ir;laser_disdrometer;cr1000xe_backbone,2.0504,calm,particle,0,1.0914984941482544
7181,candidate_010,surface_temp_ir;laser_disdrometer;cr1000xe_backbone,2.0504,calm,particle,0,1.0032089948654175
7181,candidate_010,surface_temp_ir;laser_disdrometer;cr1000xe_backbone,2.0504,calm,particle,0,1.15644109249115
7181,candidate_010,surface_temp_ir;laser_disdrometer;cr1000xe_backbone,2.0504,calm,particle,0,1.2104930877685547
7181,candidate_010,surface_temp_ir;laser_disdrometer;cr1000xe_backbone,2.0504,calm,particle,0,1.1542021036148071
7181,candidate_010,surface_temp_ir;laser_disdrometer;cr1000xe_backbone,2.0504,calm,particle,0,1.1154913902282715
7181,candidate_010,surface_temp_ir;laser_disdrometer;cr1000xe_backbone,2.0504,calm,particle,0,1.0626448392868042
7181,candidate_010,surface_temp_ir;laser_disdrometer;cr1000xe_backbone,2.0504,calm,particle,0,1.0727545022964478
7181,candidate_010,surface_temp_ir;laser_disdrometer;cr1000xe_backbone,2.0504,calm,particle,0,1.0015238523483276
7181,candidate_010,surface_temp_ir;laser_disdrometer;cr1000xe_backbone,2.0504,calm,thermal,0,1.010644793510437
7181,candidate_010,surface_temp_ir;laser_disdrometer;cr1000xe_backbone,2.0504,calm,thermal,0,1.0225169658660889
7181,candidate_010,surface_temp_ir;laser_disdrometer;cr1000xe_backbone,2.0504,calm,thermal,0,0.9699298143386841
7181,candidate_010,surface_temp_ir;laser_disdrometer;cr1000xe_backbone,2.0504,calm,thermal,0,0.9724341034889221
7181,candidate_010,surface_temp_ir;laser_disdrometer;cr1000xe_backbone,2.0504,calm,thermal,0,0.9614875316619873
7181,candidate_010,surface_temp_ir;laser_disdrometer;cr1000xe_backbone,2.0504,calm,thermal,0,1.0012354850769043
7181,candidate_010,surface_temp_ir;laser_disdrometer;cr1000xe_backbone,2.0504,calm,thermal,0,0.9543495178222656
7181,candidate_010,surface_temp_ir;laser_disdrometer;cr1000xe_backbone,2.0504,calm,thermal,0,0.9620072841644287
7181,candidate_010,surface_temp_ir;laser_disdrometer;cr1000xe_backbone,2.0504,calm,thermal,0,0.9698086977005005
7181,candidate_010,surface_temp_ir;laser_disdrometer;cr1000xe_backbone,2.0504,calm,thermal,0,0.9854522943496704
7181,candidate_010,surface_temp_ir;laser_disdrometer;cr1000xe_backbone,2.0504,calm,thermal,0,0.9274404644966125
7181,candidate_010,surface_temp_ir;laser_disdrometer;cr1000xe_backbone,2.0504,calm,thermal,0,0.9146797060966492
7181,candidate_010,surface_temp_ir;laser_disdrometer;cr1000xe_backbone,2.0504,calm,thermal,0,0.812939465045929
7181,candidate_010,surface_temp_ir;laser_disdrometer;cr1000xe_backbone,2.0504,calm,thermal,0,0.7448561191558838
7181,candidate_010,surface_temp_ir;laser_disdrometer;cr1000xe_backbone,2.0504,calm,thermal,0,0.85322105884552
7181,candidate_010,surface_temp_ir;laser_disdrometer;cr1000xe_backbone,2.0504,calm,thermal,0,0.8389996290206909
7181,candidate_010,surface_temp_ir;laser_disdrometer;cr1000xe_backbone,2.0504,calm,thermal,0,0.9645921587944031
7181,candidate_010,surface_temp_ir;laser_disdrometer;cr1000xe_backbone,2.0504,calm,thermal,0,1.0111286640167236
7181,candidate_010,surface_temp_ir;laser_disdrometer;cr1000xe_backbone,2.0504,calm,thermal,0,1.1667466163635254
7181,candidate_010,surface_temp_ir;laser_disdrometer;cr1000xe_backbone,2.0504,calm,thermal,0,1.3082149028778076
7181,candidate_010,surface_temp_ir;laser_disdrometer;cr1000xe_backbone,2.0504,calm,thermal,0,1.400400161743164
7181,candidate_010,surface_temp_ir;laser_disdrometer;cr1000xe_backbone,2.0504,calm,transport,0,1.1539422273635864
7181,candidate_010,surface_temp_ir;laser_disdrometer;cr1000xe_backbone,2.0504,calm,transport,0,1.0966274738311768
7181,candidate_010,surface_temp_ir;laser_disdrometer;cr1000xe_backbone,2.0504,calm,transport,0,1.0683666467666626
7181,candidate_010,surface_temp_ir;laser_disdrometer;cr1000xe_backbone,2.0504,calm,transport,0,0.9869160652160645
7181,candidate_010,surface_temp_ir;laser_disdrometer;cr1000xe_backbone,2.0504,calm,transport,0,0.9235397577285767
7181,candidate_010,surface_temp_ir;laser_disdrometer;cr1000xe_backbone,2.0504,calm,transport,0,0.9159443974494934
7181,candidate_010,surface_temp_ir;laser_disdrometer;cr1000xe_backbone,2.0504,calm,transport,0,1.0338895320892334
7181,candidate_010,surface_temp_ir;laser_disdrometer;cr1000xe_backbone,2.0504,calm,transport,0,1.0653249025344849
7181,candidate_010,surface_temp_ir;laser_disdrometer;cr1000xe_backbone,2.0504,calm,transport,0,1.06925630569458
7181,candidate_010,surface_temp_ir;laser_disdrometer;cr1000xe_backbone,2.0504,calm,transport,0,1.042995810508728
7181,candidate_010,surface_temp_ir;laser_disdrometer;cr1000xe_backbone,2.0504,calm,transport,0,1.001729965209961
7181,candidate_010,surface_temp_ir;laser_disdrometer;cr1000xe_backbone,2.0504,calm,transport,0,0.9031574726104736
7181,candidate_010,surface_temp_ir;laser_disdrometer;cr1000xe_backbone,2.0504,calm,transport,0,0.9113125801086426
7181,candidate_010,surface_temp_ir;laser_disdrometer;cr1000xe_backbone,2.0504,calm,transport,0,0.9671070575714111
7181,candidate_010,surface_temp_ir;laser_disdrometer;cr1000xe_backbone,2.0504,calm,transport,0,1.042452096939087
7181,candidate_010,surface_temp_ir;laser_disdrometer;cr1000xe_backbone,2.0504,calm,transport,0,0.9826266169548035
7181,candidate_010,surface_temp_ir;laser_disdrometer;cr1000xe_backbone,2.0504,particle,thermal,1,0.9437281489372253
7181,candidate_010,surface_temp_ir;laser_disdrometer;cr1000xe_backbone,2.0504,particle,thermal,1,1.075581431388855
7181,candidate_010,surface_temp_ir;laser_disdrometer;cr1000xe_backbone,2.0504,particle,thermal,1,1.3383853435516357
7181,candidate_010,surface_temp_ir;laser_disdrometer;cr1000xe_backbone,2.0504,particle,thermal,1,1.6417039632797241
7181,candidate_010,surface_temp_ir;laser_disdrometer;cr1000xe_backbone,2.0504,particle,thermal,1,2.0099542140960693
7181,candidate_010,surface_temp_ir;laser_disdrometer;cr1000xe_backbone,2.0504,particle,thermal,1,2.284167766571045
7181,candidate_010,surface_temp_ir;laser_disdrometer;cr1000xe_backbone,2.0504,particle,thermal,1,2.6168324947357178
7181,candidate_010,surface_temp_ir;laser_disdrometer;cr1000xe_backbone,2.0504,particle,thermal,1,2.8959240913391113
7181,candidate_010,surface_temp_ir;laser_disdrometer;cr1000xe_backbone,2.0504,particle,transport,1,2.8755829334259033
7181,candidate_010,surface_temp_ir;laser_disdrometer;cr1000xe_backbone,2.0504,particle,transport,1,2.825174331665039
7181,candidate_010,surface_temp_ir;laser_disdrometer;cr1000xe_backbone,2.0504,particle,transport,1,2.7512316703796387
7181,candidate_010,surface_temp_ir;laser_disdrometer;cr1000xe_backbone,2.0504,particle,transport,1,2.884075403213501
7181,candidate_010,surface_temp_ir;laser_disdrometer;cr1000xe_backbone,2.0504,particle,transport,1,2.9073328971862793
7181,candidate_010,surface_temp_ir;laser_disdrometer;cr1000xe_backbone,2.0504,particle,transport,1,2.586427688598633
7181,candidate_010,surface_temp_ir;laser_disdrometer;cr1000xe_backbone,2.0504,particle,transport,1,2.339566469192505
7181,candidate_010,surface_temp_ir;laser_disdrometer;cr1000xe_backbone,2.0504,particle,transport,1,2.0372745990753174
7181,candidate_010,surface_temp_ir;laser_disdrometer;cr1000xe_backbone,2.0504,particle,transport,1,1.736167550086975
7181,candidate_010,surface_temp_ir;laser_disdrometer;cr1000xe_backbone,2.0504,particle,transport,1,1.355302333831787
7181,candidate_010,surface_temp_ir;laser_disdrometer;cr1000xe_backbone,2.0504,particle,transport,1,1.0942866802215576
7181,candidate_010,surface_temp_ir;laser_disdrometer;cr1000xe_backbone,2.0504,particle,transport,1,0.7501134276390076
7181,candidate_010,surface_temp_ir;laser_disdrometer;cr1000xe_backbone,2.0504,particle,transport,1,0.4135158061981201
7181,candidate_010,surface_temp_ir;laser_disdrometer;cr1000xe_backbone,2.0504,calm,transport,0,0.43520912528038025
7181,candidate_010,surface_temp_ir;laser_disdrometer;cr1000xe_backbone,2.0504,calm,transport,0,0.39029768109321594
7181,candidate_010,surface_temp_ir;laser_disdrometer;cr1000xe_backbone,2.0504,calm,transport,0,0.38575759530067444
7181,candidate_010,surface_temp_ir;laser_disdrometer;cr1000xe_backbone,2.0504,calm,transport,0,0.38947367668151855
7181,candidate_010,surface_temp_ir;laser_disdrometer;cr1000xe_backbone,2.0504,calm,transport,0,0.45668673515319824
7181,candidate_010,surface_temp_ir;laser_disdrometer;cr1000xe_backbone,2.0504,calm,transport,0,0.4451344609260559
7181,candidate_010,surface_temp_ir;laser_disdrometer;cr1000xe_backbone,2.0504,calm,transport,0,0.528613269329071
7181,candidate_010,surface_temp_ir;laser_disdrometer;cr1000xe_backbone,2.0504,calm,transport,0,0.4911063313484192
7181,candidate_010,surface_temp_ir;laser_disdrometer;cr1000xe_backbone,2.0504,calm,transport,0,0.4813591539859772
7181,candidate_010,surface_temp_ir;laser_disdrometer;cr1000xe_backbone,2.0504,calm,transport,0,0.5085592865943909
7181,candidate_010,surface_temp_ir;laser_disdrometer;cr1000xe_backbone,2.0504,calm,transport,0,0.45381292700767517
7181,candidate_010,surface_temp_ir;laser_disdrometer;cr1000xe_backbone,2.0504,calm,transport,0,0.4979220926761627
7181,candidate_010,surface_temp_ir;laser_disdrometer;cr1000xe_backbone,2.0504,calm,particle,0,0.4611741006374359
7181,candidate_010,surface_temp_ir;laser_disdrometer;cr1000xe_backbone,2.0504,flux,particle,2,0.4572710692882538
7181,candidate_010,surface_temp_ir;laser_disdrometer;cr1000xe_backbone,2.0504,flux,particle,2,0.3954726755619049
7181,candidate_010,surface_temp_ir;laser_disdrometer;cr1000xe_backbone,2.0504,flux,particle,2,0.37401047348976135
7181,candidate_010,surface_temp_ir;laser_disdrometer;cr1000xe_backbone,2.0504,flux,particle,2,0.30647337436676025
7181,candidate_010,surface_temp_ir;laser_disdrometer;cr1000xe_backbone,2.0504,flux,particle,2,0.34853848814964294
7181,candidate_010,surface_temp_ir;laser_disdrometer;cr1000xe_backbone,2.0504,flux,particle,2,0.3786622881889343
7181,candidate_010,surface_temp_ir;laser_disdrometer;cr1000xe_backbone,2.0504,flux,particle,2,0.3866480886936188
7181,candidate_010,surface_temp_ir;laser_disdrometer;cr1000xe_backbone,2.0504,flux,particle,2,0.3670652508735657
7181,candidate_010,surface_temp_ir;laser_disdrometer;cr1000xe_backbone,2.0504,flux,particle,2,0.3920162320137024
7181,candidate_010,surface_temp_ir;laser_disdrometer;cr1000xe_backbone,2.0504,flux,particle,2,0.47686293721199036
7181,candidate_010,surface_temp_ir;laser_disdrometer;cr1000xe_backbone,2.0504,flux,particle,2,0.4033223092556
7181,candidate_010,surface_temp_ir;laser_disdrometer;cr1000xe_backbone,2.0504,flux,particle,2,0.41052350401878357
7181,candidate_010,surface_temp_ir;laser_disdrometer;cr1000xe_backbone,2.0504,flux,particle,2,0.43334293365478516
7181,candidate_010,surface_temp_ir;laser_disdrometer;cr1000xe_backbone,2.0504,flux,particle,2,0.5370266437530518
7181,candidate_010,surface_temp_ir;laser_disdrometer;cr1000xe_backbone,2.0504,flux,particle,2,0.4480503499507904
7181,candidate_010,surface_temp_ir;laser_disdrometer;cr1000xe_backbone,2.0504,flux,particle,2,0.5123111009597778
7181,candidate_010,surface_temp_ir;laser_disdrometer;cr1000xe_backbone,2.0504,flux,particle,2,0.4756481647491455
7181,candidate_010,surface_temp_ir;laser_disdrometer;cr1000xe_backbone,2.0504,flux,particle,2,0.6910149455070496
7181,candidate_010,surface_temp_ir;laser_disdrometer;cr1000xe_backbone,2.0504,flux,particle,2,0.5647252798080444
7181,candidate_010,surface_temp_ir;laser_disdrometer;cr1000xe_backbone,2.0504,flux,particle,2,0.5404858589172363
7181,candidate_010,surface_temp_ir;laser_disdrometer;cr1000xe_backbone,2.0504,flux,particle,2,0.6237924098968506
7181,candidate_010,surface_temp_ir;laser_disdrometer;cr1000xe_backbone,2.0504,flux,particle,2,0.7109864354133606
7181,candidate_010,surface_temp_ir;laser_disdrometer;cr1000xe_backbone,2.0504,flux,thermal,2,0.6716657876968384
7181,candidate_010,surface_temp_ir;laser_disdrometer;cr1000xe_backbone,2.0504,flux,thermal,2,0.7416812181472778
7181,candidate_010,surface_temp_ir;laser_disdrometer;cr1000xe_backbone,2.0504,flux,thermal,2,0.7638247013092041
7181,candidate_010,surface_temp_ir;laser_disdrometer;cr1000xe_backbone,2.0504,flux,thermal,2,0.8139708042144775
7181,candidate_010,surface_temp_ir;laser_disdrometer;cr1000xe_backbone,2.0504,flux,thermal,2,0.7917707562446594
7181,candidate_010,surface_temp_ir;laser_disdrometer;cr1000xe_backbone,2.0504,flux,thermal,2,0.7428644299507141
7181,candidate_010,surface_temp_ir;laser_disdrometer;cr1000xe_backbone,2.0504,flux,thermal,2,0.8285786509513855
7181,candidate_010,surface_temp_ir;laser_disdrometer;cr1000xe_backbone,2.0504,flux,thermal,2,0.743477463722229
7181,candidate_010,surface_temp_ir;laser_disdrometer;cr1000xe_backbone,2.0504,flux,thermal,2,0.8388338685035706
7181,candidate_010,surface_temp_ir;laser_disdrometer;cr1000xe_backbone,2.0504,flux,thermal,2,0.9232495427131653
7181,candidate_010,surface_temp_ir;laser_disdrometer;cr1000xe_backbone,2.0504,flux,thermal,2,0.9287721514701843
7181,candidate_010,surface_temp_ir;laser_disdrometer;cr1000xe_backbone,2.0504,flux,thermal,2,1.0910733938217163
7181,candidate_010,surface_temp_ir;laser_disdrometer;cr1000xe_backbone,2.0504,flux,thermal,2,1.0273046493530273
7181,candidate_010,surface_temp_ir;laser_disdrometer;cr1000xe_backbone,2.0504,flux,thermal,2,1.112225890159607
7181,candidate_010,surface_temp_ir;laser_disdrometer;cr1000xe_backbone,2.0504,flux,thermal,2,1.0650537014007568
7181,candidate_010,surface_temp_ir;laser_disdrometer;cr1000xe_backbone,2.0504,flux,thermal,2,1.0429446697235107
7181,candidate_010,surface_temp_ir;laser_disdrometer;cr1000xe_backbone,2.0504,flux,thermal,2,1.080407977104187
7181,candidate_010,surface_temp_ir;laser_disdrometer;cr1000xe_backbone,2.0504,flux,thermal,2,1.039384126663208
7181,candidate_010,surface_temp_ir;laser_disdrometer;cr1000xe_backbone,2.0504,flux,thermal,2,1.0842194557189941
7181,candidate_010,surface_temp_ir;laser_disdrometer;cr1000xe_backbone,2.0504,flux,thermal,2,1.0826817750930786
7181,candidate_010,surface_temp_ir;laser_disdrometer;cr1000xe_backbone,2.0504,flux,thermal,2,0.9808287620544434
7181,candidate_010,surface_temp_ir;laser_disdrometer;cr1000xe_backbone,2.0504,flux,thermal,2,1.0636566877365112
7181,candidate_010,surface_temp_ir;laser_disdrometer;cr1000xe_backbone,2.0504,flux,thermal,2,1.1223957538604736
7181,candidate_010,surface_temp_ir;laser_disdrometer;cr1000xe_backbone,2.0504,flux,thermal,2,1.1400142908096313
7181,candidate_010,surface_temp_ir;laser_disdrometer;cr1000xe_backbone,2.0504,flux,thermal,2,1.1061362028121948
7181,candidate_010,surface_temp_ir;laser_disdrometer;cr1000xe_backbone,2.0504,flux,thermal,2,1.0463554859161377
7181,candidate_010,surface_temp_ir;laser_disdrometer;cr1000xe_backbone,2.0504,flux,thermal,2,1.028296947479248
7181,candidate_010,surface_temp_ir;laser_disdrometer;cr1000xe_backbone,2.0504,flux,thermal,2,0.975176215171814
7181,candidate_010,surface_temp_ir;laser_disdrometer;cr1000xe_backbone,2.0504,flux,thermal,2,0.821792483329773
7181,candidate_010,surface_temp_ir;laser_disdrometer;cr1000xe_backbone,2.0504,flux,thermal,2,0.8691803216934204
7181,candidate_010,surface_temp_ir;laser_disdrometer;cr1000xe_backbone,2.0504,flux,thermal,2,0.7652512192726135
7181,candidate_010,surface_temp_ir;laser_disdrometer;cr1000xe_backbone,2.0504,calm,thermal,0,0.6849430799484253
7181,candidate_010,surface_temp_ir;laser_disdrometer;cr1000xe_backbone,2.0504,calm,thermal,0,0.6661288142204285
7181,candidate_010,surface_temp_ir;laser_disdrometer;cr1000xe_backbone,2.0504,calm,thermal,0,0.6183996796607971
7181,candidate_010,surface_temp_ir;laser_disdrometer;cr1000xe_backbone,2.0504,calm,transport,0,0.5972659587860107
7181,candidate_010,surface_temp_ir;laser_disdrometer;cr1000xe_backbone,2.0504,calm,transport,0,0.49903231859207153
7181,candidate_010,surface_temp_ir;laser_disdrometer;cr1000xe_backbone,2.0504,calm,transport,0,0.5618443489074707
7181,candidate_010,surface_temp_ir;laser_disdrometer;cr1000xe_backbone,2.0504,calm,transport,0,0.4491121768951416
7181,candidate_010,surface_temp_ir;laser_disdrometer;cr1000xe_backbone,2.0504,calm,transport,0,0.5938522219657898
7181,candidate_010,surface_temp_ir;laser_disdrometer;cr1000xe_backbone,2.0504,calm,transport,0,0.4573464095592499
7181,candidate_010,surface_temp_ir;laser_disdrometer;cr1000xe_backbone,2.0504,calm,transport,0,0.5151849389076233
7181,candidate_010,surface_temp_ir;laser_disdrometer;cr1000xe_backbone,2.0504,calm,transport,0,0.43312951922416687
7181,candidate_010,surface_temp_ir;laser_disdrometer;cr1000xe_backbone,2.0504,calm,transport,0,0.4309532940387726
7181,candidate_010,surface_temp_ir;laser_disdrometer;cr1000xe_backbone,2.0504,calm,transport,0,0.3207509517669678
7181,candidate_010,surface_temp_ir;laser_disdrometer;cr1000xe_backbone,2.0504,calm,transport,0,0.42000991106033325
7181,candidate_010,surface_temp_ir;laser_disdrometer;cr1000xe_backbone,2.0504,particle,transport,1,0.47470152378082275
7181,candidate_010,surface_temp_ir;laser_disdrometer;cr1000xe_backbone,2.0504,particle,transport,1,0.37221771478652954
7181,candidate_010,surface_temp_ir;laser_disdrometer;cr1000xe_backbone,2.0504,particle,transport,1,0.3765566945075989
7181,candidate_010,surface_temp_ir;laser_disdrometer;cr1000xe_backbone,2.0504,particle,transport,1,0.4410967528820038
7181,candidate_010,surface_temp_ir;laser_disdrometer;cr1000xe_backbone,2.0504,particle,transport,1,0.4644002616405487
7181,candidate_010,surface_temp_ir;laser_disdrometer;cr1000xe_backbone,2.0504,particle,transport,1,0.4224540889263153
7181,candidate_010,surface_temp_ir;laser_disdrometer;cr1000xe_backbone,2.0504,particle,transport,1,0.5167492628097534
7181,candidate_010,surface_temp_ir;laser_disdrometer;cr1000xe_backbone,2.0504,particle,transport,1,0.568789005279541
7181,candidate_010,surface_temp_ir;laser_disdrometer;cr1000xe_backbone,2.0504,particle,transport,1,0.48292607069015503
7181,candidate_010,surface_temp_ir;laser_disdrometer;cr1000xe_backbone,2.0504,particle,transport,1,0.49295318126678467
7181,candidate_010,surface_temp_ir;laser_disdrometer;cr1000xe_backbone,2.0504,particle,transport,1,0.5217533707618713
7181,candidate_010,surface_temp_ir;laser_disdrometer;cr1000xe_backbone,2.0504,particle,transport,1,0.5753254890441895
7181,candidate_010,surface_temp_ir;laser_disdrometer;cr1000xe_backbone,2.0504,particle,transport,1,0.5676397681236267
7181,candidate_010,surface_temp_ir;laser_disdrometer;cr1000xe_backbone,2.0504,particle,transport,1,0.5771561861038208
7181,candidate_010,surface_temp_ir;laser_disdrometer;cr1000xe_backbone,2.0504,particle,transport,1,0.5904861688613892
7181,candidate_010,surface_temp_ir;laser_disdrometer;cr1000xe_backbone,2.0504,particle,particle,1,0.6445496678352356
7181,candidate_010,surface_temp_ir;laser_disdrometer;cr1000xe_backbone,2.0504,particle,particle,1,0.5979213118553162
7181,candidate_010,surface_temp_ir;laser_disdrometer;cr1000xe_backbone,2.0504,particle,particle,1,0.5682611465454102
7181,candidate_010,surface_temp_ir;laser_disdrometer;cr1000xe_backbone,2.0504,particle,particle,1,0.5372031331062317
7181,candidate_010,surface_temp_ir;laser_disdrometer;cr1000xe_backbone,2.0504,particle,particle,1,0.508894681930542
7181,candidate_010,surface_temp_ir;laser_disdrometer;cr1000xe_backbone,2.0504,particle,particle,1,0.5339145660400391
7181,candidate_010,surface_temp_ir;laser_disdrometer;cr1000xe_backbone,2.0504,particle,particle,1,0.536422610282898
7181,candidate_010,surface_temp_ir;laser_disdrometer;cr1000xe_backbone,2.0504,particle,particle,1,0.5771992802619934
7181,candidate_010,surface_temp_ir;laser_disdrometer;cr1000xe_backbone,2.0504,particle,particle,1,0.6233917474746704
7181,candidate_010,surface_temp_ir;laser_disdrometer;cr1000xe_backbone,2.0504,particle,particle,1,0.6472384929656982
7181,candidate_010,surface_temp_ir;laser_disdrometer;cr1000xe_backbone,2.0504,particle,particle,1,0.7054445743560791
7181,candidate_010,surface_temp_ir;laser_disdrometer;cr1000xe_backbone,2.0504,calm,particle,0,0.5388681888580322
7181,candidate_010,surface_temp_ir;laser_disdrometer;cr1000xe_backbone,2.0504,calm,particle,0,0.5879642963409424
7181,candidate_010,surface_temp_ir;laser_disdrometer;cr1000xe_backbone,2.0504,calm,particle,0,0.5547498464584351
7181,candidate_010,surface_temp_ir;laser_disdrometer;cr1000xe_backbone,2.0504,calm,particle,0,0.6066832542419434
7181,candidate_010,surface_temp_ir;laser_disdrometer;cr1000xe_backbone,2.0504,calm,particle,0,0.639937698841095
7181,candidate_010,surface_temp_ir;laser_disdrometer;cr1000xe_backbone,2.0504,calm,particle,0,0.6770544648170471
7181,candidate_010,surface_temp_ir;laser_disdrometer;cr1000xe_backbone,2.0504,calm,particle,0,0.6253966093063354
7181,candidate_010,surface_temp_ir;laser_disdrometer;cr1000xe_backbone,2.0504,calm,particle,0,0.5554673671722412
7181,candidate_010,surface_temp_ir;laser_disdrometer;cr1000xe_backbone,2.0504,calm,thermal,0,0.5954532623291016
7181,candidate_010,surface_temp_ir;laser_disdrometer;cr1000xe_backbone,2.0504,calm,thermal,0,0.557873547077179
7181,candidate_010,surface_temp_ir;laser_disdrometer;cr1000xe_backbone,2.0504,calm,thermal,0,0.5643699169158936
7181,candidate_010,surface_temp_ir;laser_disdrometer;cr1000xe_backbone,2.0504,calm,thermal,0,0.6741759181022644
7181,candidate_010,surface_temp_ir;laser_disdrometer;cr1000xe_backbone,2.0504,calm,thermal,0,0.665840208530426
7181,candidate_010,surface_temp_ir;laser_disdrometer;cr1000xe_backbone,2.0504,flux,thermal,2,0.6741430163383484
7181,candidate_010,surface_temp_ir;laser_disdrometer;cr1000xe_backbone,2.0504,flux,thermal,2,0.6205847859382629
7181,candidate_010,surface_temp_ir;laser_disdrometer;cr1000xe_backbone,2.0504,flux,thermal,2,0.7975569367408752
7181,candidate_010,surface_temp_ir;laser_disdrometer;cr1000xe_backbone,2.0504,flux,thermal,2,0.8949601650238037
7181,candidate_010,surface_temp_ir;laser_disdrometer;cr1000xe_backbone,2.0504,flux,thermal,2,0.836935818195343
7181,candidate_010,surface_temp_ir;laser_disdrometer;cr1000xe_backbone,2.0504,flux,thermal,2,0.7991771697998047
7181,candidate_010,surface_temp_ir;laser_disdrometer;cr1000xe_backbone,2.0504,flux,thermal,2,0.7759013175964355
7181,candidate_010,surface_temp_ir;laser_disdrometer;cr1000xe_backbone,2.0504,flux,thermal,2,0.7831329107284546
7181,candidate_010,surface_temp_ir;laser_disdrometer;cr1000xe_backbone,2.0504,flux,thermal,2,0.5811638832092285
7181,candidate_010,surface_temp_ir;laser_disdrometer;cr1000xe_backbone,2.0504,flux,thermal,2,0.7970011234283447
7181,candidate_010,surface_temp_ir;laser_disdrometer;cr1000xe_backbone,2.0504,flux,thermal,2,0.604174792766571
7181,candidate_010,surface_temp_ir;laser_disdrometer;cr1000xe_backbone,2.0504,flux,thermal,2,0.589059591293335
7181,candidate_010,surface_temp_ir;laser_disdrometer;cr1000xe_backbone,2.0504,flux,thermal,2,0.5271605849266052
7181,candidate_010,surface_temp_ir;laser_disdrometer;cr1000xe_backbone,2.0504,flux,thermal,2,0.5447382926940918
7181,candidate_010,surface_temp_ir;laser_disdrometer;cr1000xe_backbone,2.0504,flux,thermal,2,0.47280773520469666
7181,candidate_010,surface_temp_ir;laser_disdrometer;cr1000xe_backbone,2.0504,flux,thermal,2,0.4488014280796051
7181,candidate_010,surface_temp_ir;laser_disdrometer;cr1000xe_backbone,2.0504,flux,thermal,2,0.4629053771495819
7181,candidate_010,surface_temp_ir;laser_disdrometer;cr1000xe_backbone,2.0504,flux,thermal,2,0.5630574226379395
7181,candidate_010,surface_temp_ir;laser_disdrometer;cr1000xe_backbone,2.0504,flux,thermal,2,0.613534152507782
7181,candidate_010,surface_temp_ir;laser_disdrometer;cr1000xe_backbone,2.0504,flux,thermal,2,0.49491652846336365
7181,candidate_010,surface_temp_ir;laser_disdrometer;cr1000xe_backbone,2.0504,flux,thermal,2,0.8381701707839966
7181,candidate_010,surface_temp_ir;laser_disdrometer;cr1000xe_backbone,2.0504,flux,thermal,2,1.172607421875
7181,candidate_010,surface_temp_ir;laser_disdrometer;cr1000xe_backbone,2.0504,flux,thermal,2,1.4480359554290771
7181,candidate_010,surface_temp_ir;laser_disdrometer;cr1000xe_backbone,2.0504,flux,thermal,2,1.757699966430664
7181,candidate_010,surface_temp_ir;laser_disdrometer;cr1000xe_backbone,2.0504,flux,thermal,2,1.9273533821105957
7181,candidate_010,surface_temp_ir;laser_disdrometer;cr1000xe_backbone,2.0504,flux,thermal,2,2.2829251289367676
7181,candidate_010,surface_temp_ir;laser_disdrometer;cr1000xe_backbone,2.0504,flux,thermal,2,2.6193625926971436
7181,candidate_010,surface_temp_ir;laser_disdrometer;cr1000xe_backbone,2.0504,flux,thermal,2,2.938779592514038
7181,candidate_010,surface_temp_ir;laser_disdrometer;cr1000xe_backbone,2.0504,flux,transport,2,2.9240336418151855
7181,candidate_010,surface_temp_ir;laser_disdrometer;cr1000xe_backbone,2.0504,flux,transport,2,2.9031147956848145
7181,candidate_010,surface_temp_ir;laser_disdrometer;cr1000xe_backbone,2.0504,flux,transport,2,2.973057985305786
7181,candidate_010,surface_temp_ir;laser_disdrometer;cr1000xe_backbone,2.0504,flux,transport,2,2.9880199432373047
7181,candidate_010,surface_temp_ir;laser_disdrometer;cr1000xe_backbone,2.0504,flux,transport,2,2.966383457183838
7181,candidate_010,surface_temp_ir;laser_disdrometer;cr1000xe_backbone,2.0504,flux,transport,2,2.9378879070281982
7181,candidate_010,surface_temp_ir;laser_disdrometer;cr1000xe_backbone,2.0504,flux,transport,2,3.044158697128296
7181,candidate_010,surface_temp_ir;laser_disdrometer;cr1000xe_backbone,2.0504,flux,transport,2,3.006204605102539
7181,candidate_010,surface_temp_ir;laser_disdrometer;cr1000xe_backbone,2.0504,flux,transport,2,3.0051472187042236
7181,candidate_010,surface_temp_ir;laser_disdrometer;cr1000xe_backbone,2.0504,flux,transport,2,2.996098279953003
7181,candidate_010,surface_temp_ir;laser_disdrometer;cr1000xe_backbone,2.0504,flux,transport,2,2.9952948093414307
7181,candidate_010,surface_temp_ir;laser_disdrometer;cr1000xe_backbone,2.0504,flux,transport,2,2.9796595573425293
7181,candidate_010,surface_temp_ir;laser_disdrometer;cr1000xe_backbone,2.0504,flux,transport,2,2.9589180946350098
7181,candidate_010,surface_temp_ir;laser_disdrometer;cr1000xe_backbone,2.0504,flux,transport,2,2.9677677154541016
7181,candidate_010,surface_temp_ir;laser_disdrometer;cr1000xe_backbone,2.0504,flux,transport,2,2.9773612022399902
7181,candidate_010,surface_temp_ir;laser_disdrometer;cr1000xe_backbone,2.0504,flux,transport,2,2.974285125732422
7181,candidate_010,surface_temp_ir;laser_disdrometer;cr1000xe_backbone,2.0504,flux,transport,2,2.980309009552002
7181,candidate_010,surface_temp_ir;laser_disdrometer;cr1000xe_backbone,2.0504,flux,transport,2,2.9774210453033447
7181,candidate_010,surface_temp_ir;laser_disdrometer;cr1000xe_backbone,2.0504,flux,transport,2,3.0199694633483887
7181,candidate_010,surface_temp_ir;laser_disdrometer;cr1000xe_backbone,2.0504,flux,transport,2,3.0253915786743164
7181,candidate_010,surface_temp_ir;laser_disdrometer;cr1000xe_backbone,2.0504,flux,transport,2,2.7741801738739014
7181,candidate_010,surface_temp_ir;laser_disdrometer;cr1000xe_backbone,2.0504,flux,transport,2,2.4657249450683594
7181,candidate_010,surface_temp_ir;laser_disdrometer;cr1000xe_backbone,2.0504,flux,transport,2,2.125988483428955
7181,candidate_010,surface_temp_ir;laser_disdrometer;cr1000xe_backbone,2.0504,flux,transport,2,1.8675282001495361
7181,candidate_010,surface_temp_ir;laser_disdrometer;cr1000xe_backbone,2.0504,flux,transport,2,1.626229166984558
7181,candidate_010,surface_temp_ir;laser_disdrometer;cr1000xe_backbone,2.0504,flux,transport,2,1.3894881010055542
7181,candidate_010,surface_temp_ir;laser_disdrometer;cr1000xe_backbone,2.0504,flux,transport,2,1.089280128479004
7181,candidate_010,surface_temp_ir;laser_disdrometer;cr1000xe_backbone,2.0504,flux,transport,2,0.8830564022064209
7181,candidate_010,surface_temp_ir;laser_disdrometer;cr1000xe_backbone,2.0504,flux,particle,2,0.953022301197052
7181,candidate_010,surface_temp_ir;laser_disdrometer;cr1000xe_backbone,2.0504,flux,particle,2,0.9626286029815674
7181,candidate_010,surface_temp_ir;laser_disdrometer;cr1000xe_backbone,2.0504,calm,particle,0,0.8739481568336487
7181,candidate_010,surface_temp_ir;laser_disdrometer;cr1000xe_backbone,2.0504,calm,particle,0,0.7398039698600769
7181,candidate_010,surface_temp_ir;laser_disdrometer;cr1000xe_backbone,2.0504,calm,particle,0,0.715186357498169
7181,candidate_010,surface_temp_ir;laser_disdrometer;cr1000xe_backbone,2.0504,calm,particle,0,0.6199734807014465
7181,candidate_010,surface_temp_ir;laser_disdrometer;cr1000xe_backbone,2.0504,calm,particle,0,0.771888017654419
7181,candidate_010,surface_temp_ir;laser_disdrometer;cr1000xe_backbone,2.0504,calm,particle,0,0.7261208295822144
7181,candidate_010,surface_temp_ir;laser_disdrometer;cr1000xe_backbone,2.0504,calm,particle,0,0.7701566219329834
7181,candidate_010,surface_temp_ir;laser_disdrometer;cr1000xe_backbone,2.0504,calm,particle,0,0.7795571088790894
7181,candidate_010,surface_temp_ir;laser_disdrometer;cr1000xe_backbone,2.0504,calm,particle,0,0.8501960635185242
7181,candidate_010,surface_temp_ir;laser_disdrometer;cr1000xe_backbone,2.0504,calm,particle,0,0.7693969011306763
7181,candidate_010,surface_temp_ir;laser_disdrometer;cr1000xe_backbone,2.0504,calm,particle,0,0.8211325407028198
7181,candidate_010,surface_temp_ir;laser_disdrometer;cr1000xe_backbone,2.0504,calm,particle,0,0.8442491292953491
7181,candidate_010,surface_temp_ir;laser_disdrometer;cr1000xe_backbone,2.0504,flux,particle,2,0.9076650142669678
7181,candidate_010,surface_temp_ir;laser_disdrometer;cr1000xe_backbone,2.0504,flux,particle,2,0.8432393074035645
7181,candidate_010,surface_temp_ir;laser_disdrometer;cr1000xe_backbone,2.0504,flux,particle,2,0.8862302899360657
7181,candidate_010,surface_temp_ir;laser_disdrometer;cr1000xe_backbone,2.0504,flux,particle,2,0.8238669037818909
7181,candidate_010,surface_temp_ir;laser_disdrometer;cr1000xe_backbone,2.0504,flux,thermal,2,0.9516786932945251
7181,candidate_010,surface_temp_ir;laser_disdrometer;cr1000xe_backbone,2.0504,flux,thermal,2,0.8178259134292603
7181,candidate_010,surface_temp_ir;laser_disdrometer;cr1000xe_backbone,2.0504,flux,thermal,2,0.8099702596664429
7181,candidate_010,surface_temp_ir;laser_disdrometer;cr1000xe_backbone,2.0504,flux,thermal,2,0.806524395942688
7181,candidate_010,surface_temp_ir;laser_disdrometer;cr1000xe_backbone,2.0504,flux,thermal,2,0.8728646039962769
7181,candidate_010,surface_temp_ir;laser_disdrometer;cr1000xe_backbone,2.0504,flux,thermal,2,0.7298828363418579
7181,candidate_010,surface_temp_ir;laser_disdrometer;cr1000xe_backbone,2.0504,flux,thermal,2,0.7715206742286682
7181,candidate_010,surface_temp_ir;laser_disdrometer;cr1000xe_backbone,2.0504,flux,thermal,2,0.7425336241722107
7181,candidate_010,surface_temp_ir;laser_disdrometer;cr1000xe_backbone,2.0504,flux,thermal,2,0.6906460523605347
7181,candidate_010,surface_temp_ir;laser_disdrometer;cr1000xe_backbone,2.0504,flux,thermal,2,0.7018498778343201
7181,candidate_010,surface_temp_ir;laser_disdrometer;cr1000xe_backbone,2.0504,flux,thermal,2,0.6717295050621033
7181,candidate_010,surface_temp_ir;laser_disdrometer;cr1000xe_backbone,2.0504,flux,thermal,2,0.6970041394233704
7181,candidate_010,surface_temp_ir;laser_disdrometer;cr1000xe_backbone,2.0504,flux,thermal,2,0.5888708829879761
7181,candidate_010,surface_temp_ir;laser_disdrometer;cr1000xe_backbone,2.0504,flux,thermal,2,0.6113673448562622
7181,candidate_010,surface_temp_ir;laser_disdrometer;cr1000xe_backbone,2.0504,flux,thermal,2,0.6650865077972412
7181,candidate_010,surface_temp_ir;laser_disdrometer;cr1000xe_backbone,2.0504,flux,thermal,2,0.7180246710777283
7181,candidate_010,surface_temp_ir;laser_disdrometer;cr1000xe_backbone,2.0504,flux,thermal,2,0.6452205181121826
7181,candidate_010,surface_temp_ir;laser_disdrometer;cr1000xe_backbone,2.0504,flux,thermal,2,0.627665102481842
7181,candidate_010,surface_temp_ir;laser_disdrometer;cr1000xe_backbone,2.0504,flux,thermal,2,0.6584489345550537
7181,candidate_010,surface_temp_ir;laser_disdrometer;cr1000xe_backbone,2.0504,flux,thermal,2,0.57882159948349
7181,candidate_010,surface_temp_ir;laser_disdrometer;cr1000xe_backbone,2.0504,flux,thermal,2,0.5098233819007874
7181,candidate_010,surface_temp_ir;laser_disdrometer;cr1000xe_backbone,2.0504,flux,thermal,2,0.4776337146759033
7181,candidate_010,surface_temp_ir;laser_disdrometer;cr1000xe_backbone,2.0504,flux,thermal,2,0.6118059158325195
7181,candidate_010,surface_temp_ir;laser_disdrometer;cr1000xe_backbone,2.0504,flux,thermal,2,0.6485117077827454
7181,candidate_010,surface_temp_ir;laser_disdrometer;cr1000xe_backbone,2.0504,flux,thermal,2,0.9505239725112915
7181,candidate_010,surface_temp_ir;laser_disdrometer;cr1000xe_backbone,2.0504,flux,thermal,2,1.2503414154052734
7181,candidate_010,surface_temp_ir;laser_disdrometer;cr1000xe_backbone,2.0504,flux,thermal,2,1.3246631622314453
7181,candidate_010,surface_temp_ir;laser_disdrometer;cr1000xe_backbone,2.0504,flux,thermal,2,1.3013391494750977
7181,candidate_010,surface_temp_ir;laser_disdrometer;cr1000xe_backbone,2.0504,flux,thermal,2,1.329533576965332
7181,candidate_010,surface_temp_ir;laser_disdrometer;cr1000xe_backbone,2.0504,flux,thermal,2,1.321563482284546
7181,candidate_010,surface_temp_ir;laser_disdrometer;cr1000xe_backbone,2.0504,flux,thermal,2,1.3492465019226074
7181,candidate_010,surface_temp_ir;laser_disdrometer;cr1000xe_backbone,2.0504,flux,thermal,2,1.3594918251037598
7181,candidate_010,surface_temp_ir;laser_disdrometer;cr1000xe_backbone,2.0504,flux,transport,2,1.1065155267715454
7181,candidate_010,surface_temp_ir;laser_disdrometer;cr1000xe_backbone,2.0504,flux,transport,2,0.7540431022644043
7181,candidate_010,surface_temp_ir;laser_disdrometer;cr1000xe_backbone,2.0504,calm,transport,0,0.6751543879508972
7181,candidate_010,surface_temp_ir;laser_disdrometer;cr1000xe_backbone,2.0504,calm,transport,0,0.760128915309906
7181,candidate_010,surface_temp_ir;laser_disdrometer;cr1000xe_backbone,2.0504,calm,transport,0,0.7746524214744568
7181,candidate_010,surface_temp_ir;laser_disdrometer;cr1000xe_backbone,2.0504,calm,transport,0,0.7868906259536743
7181,candidate_010,surface_temp_ir;laser_disdrometer;cr1000xe_backbone,2.0504,calm,transport,0,0.7552974820137024
7181,candidate_010,surface_temp_ir;laser_disdrometer;cr1000xe_backbone,2.0504,calm,transport,0,0.7172165513038635
7181,candidate_010,surface_temp_ir;laser_disdrometer;cr1000xe_backbone,2.0504,calm,transport,0,1.0286930799484253
7181,candidate_010,surface_temp_ir;laser_disdrometer;cr1000xe_backbone,2.0504,calm,transport,0,1.2978837490081787
7181,candidate_011,fc4_flux;cr1000xe_backbone,1.2304,calm,transport,0,1.1267374753952026
7181,candidate_011,fc4_flux;cr1000xe_backbone,1.2304,calm,transport,0,1.1364902257919312
7181,candidate_011,fc4_flux;cr1000xe_backbone,1.2304,calm,transport,0,1.1369991302490234
7181,candidate_011,fc4_flux;cr1000xe_backbone,1.2304,calm,transport,0,1.1277917623519897
7181,candidate_011,fc4_flux;cr1000xe_backbone,1.2304,calm,transport,0,1.0094887018203735
7181,candidate_011,fc4_flux;cr1000xe_backbone,1.2304,calm,transport,0,0.9512852430343628
7181,candidate_011,fc4_flux;cr1000xe_backbone,1.2304,calm,transport,0,0.9296349287033081
7181,candidate_011,fc4_flux;cr1000xe_backbone,1.2304,calm,transport,0,0.9178661704063416
7181,candidate_011,fc4_flux;cr1000xe_backbone,1.2304,calm,transport,0,0.9201797842979431
7181,candidate_011,fc4_flux;cr1000xe_backbone,1.2304,calm,transport,0,0.852872371673584
7181,candidate_011,fc4_flux;cr1000xe_backbone,1.2304,calm,transport,0,0.8581357002258301
7181,candidate_011,fc4_flux;cr1000xe_backbone,1.2304,calm,transport,0,0.825651228427887
7181,candidate_011,fc4_flux;cr1000xe_backbone,1.2304,calm,transport,0,0.9249296188354492
7181,candidate_011,fc4_flux;cr1000xe_backbone,1.2304,calm,transport,0,0.8899269104003906
7181,candidate_011,fc4_flux;cr1000xe_backbone,1.2304,calm,transport,0,0.9720571637153625
7181,candidate_011,fc4_flux;cr1000xe_backbone,1.2304,calm,transport,0,1.0780186653137207
7181,candidate_011,fc4_flux;cr1000xe_backbone,1.2304,calm,transport,0,0.9316446185112
7181,candidate_011,fc4_flux;cr1000xe_backbone,1.2304,calm,transport,0,1.0567686557769775
7181,candidate_011,fc4_flux;cr1000xe_backbone,1.2304,calm,transport,0,1.1876575946807861
7181,candidate_011,fc4_flux;cr1000xe_backbone,1.2304,calm,transport,0,1.330093502998352
7181,candidate_011,fc4_flux;cr1000xe_backbone,1.2304,calm,transport,0,1.3362650871276855
7181,candidate_011,fc4_flux;cr1000xe_backbone,1.2304,calm,transport,0,1.4160643815994263
7181,candidate_011,fc4_flux;cr1000xe_backbone,1.2304,calm,particle,0,1.7261228561401367
7181,candidate_011,fc4_flux;cr1000xe_backbone,1.2304,calm,particle,0,1.6856530904769897
7181,candidate_011,fc4_flux;cr1000xe_backbone,1.2304,calm,particle,0,1.5648225545883179
7181,candidate_011,fc4_flux;cr1000xe_backbone,1.2304,calm,particle,0,1.7270745038986206
7181,candidate_011,fc4_flux;cr1000xe_backbone,1.2304,calm,particle,0,1.6732356548309326
7181,candidate_011,fc4_flux;cr1000xe_backbone,1.2304,calm,particle,0,1.7638705968856812
7181,candidate_011,fc4_flux;cr1000xe_backbone,1.2304,calm,particle,0,1.5968695878982544
7181,candidate_011,fc4_flux;cr1000xe_backbone,1.2304,calm,particle,0,1.2224345207214355
7181,candidate_011,fc4_flux;cr1000xe_backbone,1.2304,calm,particle,0,1.0987025499343872
7181,candidate_011,fc4_flux;cr1000xe_backbone,1.2304,calm,particle,0,1.2672466039657593
7181,candidate_011,fc4_flux;cr1000xe_backbone,1.2304,calm,particle,0,1.164009690284729
7181,candidate_011,fc4_flux;cr1000xe_backbone,1.2304,calm,particle,0,1.045262098312378
7181,candidate_011,fc4_flux;cr1000xe_backbone,1.2304,calm,particle,0,0.9718104600906372
7181,candidate_011,fc4_flux;cr1000xe_backbone,1.2304,calm,particle,0,0.9322775602340698
7181,candidate_011,fc4_flux;cr1000xe_backbone,1.2304,calm,particle,0,0.9058020710945129
7181,candidate_011,fc4_flux;cr1000xe_backbone,1.2304,calm,particle,0,0.9323376417160034
7181,candidate_011,fc4_flux;cr1000xe_backbone,1.2304,calm,particle,0,0.9749829769134521
7181,candidate_011,fc4_flux;cr1000xe_backbone,1.2304,calm,particle,0,1.3793336153030396
7181,candidate_011,fc4_flux;cr1000xe_backbone,1.2304,calm,particle,0,1.1755648851394653
7181,candidate_011,fc4_flux;cr1000xe_backbone,1.2304,calm,particle,0,1.2290085554122925
7181,candidate_011,fc4_flux;cr1000xe_backbone,1.2304,calm,particle,0,1.4824588298797607
7181,candidate_011,fc4_flux;cr1000xe_backbone,1.2304,calm,particle,0,1.7116734981536865
7181,candidate_011,fc4_flux;cr1000xe_backbone,1.2304,calm,thermal,0,1.7324786186218262
7181,candidate_011,fc4_flux;cr1000xe_backbone,1.2304,calm,thermal,0,1.3080451488494873
7181,candidate_011,fc4_flux;cr1000xe_backbone,1.2304,calm,thermal,0,1.4408539533615112
7181,candidate_011,fc4_flux;cr1000xe_backbone,1.2304,calm,thermal,0,1.6085894107818604
7181,candidate_011,fc4_flux;cr1000xe_backbone,1.2304,calm,thermal,0,1.7189229726791382
7181,candidate_011,fc4_flux;cr1000xe_backbone,1.2304,calm,thermal,0,1.771145224571228
7181,candidate_011,fc4_flux;cr1000xe_backbone,1.2304,calm,thermal,0,1.8585350513458252
7181,candidate_011,fc4_flux;cr1000xe_backbone,1.2304,calm,thermal,0,1.8575459718704224
7181,candidate_011,fc4_flux;cr1000xe_backbone,1.2304,calm,thermal,0,1.4017179012298584
7181,candidate_011,fc4_flux;cr1000xe_backbone,1.2304,calm,thermal,0,1.1546955108642578
7181,candidate_011,fc4_flux;cr1000xe_backbone,1.2304,calm,thermal,0,1.0660927295684814
7181,candidate_011,fc4_flux;cr1000xe_backbone,1.2304,calm,thermal,0,1.2371100187301636
7181,candidate_011,fc4_flux;cr1000xe_backbone,1.2304,calm,thermal,0,1.0096200704574585
7181,candidate_011,fc4_flux;cr1000xe_backbone,1.2304,calm,thermal,0,0.8169854879379272
7181,candidate_011,fc4_flux;cr1000xe_backbone,1.2304,calm,thermal,0,0.8668093085289001
7181,candidate_011,fc4_flux;cr1000xe_backbone,1.2304,calm,thermal,0,0.8901413083076477
7181,candidate_011,fc4_flux;cr1000xe_backbone,1.2304,calm,thermal,0,0.9486407041549683
7181,candidate_011,fc4_flux;cr1000xe_backbone,1.2304,calm,thermal,0,0.855379581451416
7181,candidate_011,fc4_flux;cr1000xe_backbone,1.2304,calm,thermal,0,0.9851322770118713
7181,candidate_011,fc4_flux;cr1000xe_backbone,1.2304,calm,thermal,0,1.2448540925979614
7181,candidate_011,fc4_flux;cr1000xe_backbone,1.2304,calm,thermal,0,1.0809587240219116
7181,candidate_011,fc4_flux;cr1000xe_backbone,1.2304,calm,thermal,0,0.9331611394882202
7181,candidate_011,fc4_flux;cr1000xe_backbone,1.2304,calm,thermal,0,1.0785009860992432
7181,candidate_011,fc4_flux;cr1000xe_backbone,1.2304,calm,thermal,0,1.281218409538269
7181,candidate_011,fc4_flux;cr1000xe_backbone,1.2304,calm,thermal,0,1.3831422328948975
7181,candidate_011,fc4_flux;cr1000xe_backbone,1.2304,calm,thermal,0,1.3050518035888672
7181,candidate_011,fc4_flux;cr1000xe_backbone,1.2304,calm,thermal,0,1.5438947677612305
7181,candidate_011,fc4_flux;cr1000xe_backbone,1.2304,calm,transport,0,1.4183562994003296
7181,candidate_011,fc4_flux;cr1000xe_backbone,1.2304,calm,transport,0,1.2899165153503418
7181,candidate_011,fc4_flux;cr1000xe_backbone,1.2304,calm,transport,0,1.2213221788406372
7181,candidate_011,fc4_flux;cr1000xe_backbone,1.2304,calm,transport,0,1.0631967782974243
7181,candidate_011,fc4_flux;cr1000xe_backbone,1.2304,calm,transport,0,1.1383931636810303
7181,candidate_011,fc4_flux;cr1000xe_backbone,1.2304,calm,transport,0,1.0079383850097656
7181,candidate_011,fc4_flux;cr1000xe_backbone,1.2304,calm,transport,0,1.024192452430725
7181,candidate_011,fc4_flux;cr1000xe_backbone,1.2304,calm,transport,0,0.8823818564414978
7181,candidate_011,fc4_flux;cr1000xe_backbone,1.2304,calm,transport,0,1.1349505186080933
7181,candidate_011,fc4_flux;cr1000xe_backbone,1.2304,calm,transport,0,0.8435322046279907
7181,candidate_011,fc4_flux;cr1000xe_backbone,1.2304,calm,transport,0,0.8437759876251221
7181,candidate_011,fc4_flux;cr1000xe_backbone,1.2304,calm,transport,0,0.9581262469291687
7181,candidate_011,fc4_flux;cr1000xe_backbone,1.2304,calm,transport,0,1.0700641870498657
7181,candidate_011,fc4_flux;cr1000xe_backbone,1.2304,calm,transport,0,1.2428613901138306
7181,candidate_011,fc4_flux;cr1000xe_backbone,1.2304,calm,transport,0,1.2247364521026611
7181,candidate_011,fc4_flux;cr1000xe_backbone,1.2304,calm,transport,0,1.0337775945663452
7181,candidate_011,fc4_flux;cr1000xe_backbone,1.2304,calm,transport,0,1.2911055088043213
7181,candidate_011,fc4_flux;cr1000xe_backbone,1.2304,calm,transport,0,1.4450105428695679
7181,candidate_011,fc4_flux;cr1000xe_backbone,1.2304,calm,transport,0,1.563412070274353
7181,candidate_011,fc4_flux;cr1000xe_backbone,1.2304,calm,transport,0,1.5447720289230347
7181,candidate_011,fc4_flux;cr1000xe_backbone,1.2304,calm,transport,0,1.838015079498291
7181,candidate_011,fc4_flux;cr1000xe_backbone,1.2304,calm,transport,0,1.87282133102417
7181,candidate_011,fc4_flux;cr1000xe_backbone,1.2304,calm,transport,0,1.5623646974563599
7181,candidate_011,fc4_flux;cr1000xe_backbone,1.2304,calm,transport,0,1.369931936264038
7181,candidate_011,fc4_flux;cr1000xe_backbone,1.2304,calm,transport,0,1.2552939653396606
7181,candidate_011,fc4_flux;cr1000xe_backbone,1.2304,calm,transport,0,1.4016467332839966
7181,candidate_011,fc4_flux;cr1000xe_backbone,1.2304,calm,transport,0,1.2588307857513428
7181,candidate_011,fc4_flux;cr1000xe_backbone,1.2304,calm,transport,0,1.2209242582321167
7181,candidate_011,fc4_flux;cr1000xe_backbone,1.2304,calm,particle,0,1.0755774974822998
7181,candidate_011,fc4_flux;cr1000xe_backbone,1.2304,calm,particle,0,1.0268343687057495
7181,candidate_011,fc4_flux;cr1000xe_backbone,1.2304,calm,particle,0,1.202553629875183
7181,candidate_011,fc4_flux;cr1000xe_backbone,1.2304,calm,particle,0,1.3183560371398926
7181,candidate_011,fc4_flux;cr1000xe_backbone,1.2304,calm,particle,0,1.157972812652588
7181,candidate_011,fc4_flux;cr1000xe_backbone,1.2304,calm,particle,0,1.3792645931243896
7181,candidate_011,fc4_flux;cr1000xe_backbone,1.2304,calm,particle,0,1.2559008598327637
7181,candidate_011,fc4_flux;cr1000xe_backbone,1.2304,calm,particle,0,0.9161480069160461
7181,candidate_011,fc4_flux;cr1000xe_backbone,1.2304,calm,particle,0,0.8698974251747131
7181,candidate_011,fc4_flux;cr1000xe_backbone,1.2304,calm,particle,0,0.9941644072532654
7181,candidate_011,fc4_flux;cr1000xe_backbone,1.2304,calm,particle,0,0.997771680355072
7181,candidate_011,fc4_flux;cr1000xe_backbone,1.2304,calm,particle,0,1.0428720712661743
7181,candidate_011,fc4_flux;cr1000xe_backbone,1.2304,calm,particle,0,0.9960334897041321
7181,candidate_011,fc4_flux;cr1000xe_backbone,1.2304,calm,particle,0,1.3401330709457397
7181,candidate_011,fc4_flux;cr1000xe_backbone,1.2304,calm,particle,0,1.477384328842163
7181,candidate_011,fc4_flux;cr1000xe_backbone,1.2304,calm,particle,0,1.4026840925216675
7181,candidate_011,fc4_flux;cr1000xe_backbone,1.2304,calm,particle,0,1.232922911643982
7181,candidate_011,fc4_flux;cr1000xe_backbone,1.2304,calm,particle,0,1.299809217453003
7181,candidate_011,fc4_flux;cr1000xe_backbone,1.2304,calm,particle,0,1.4883331060409546
7181,candidate_011,fc4_flux;cr1000xe_backbone,1.2304,calm,particle,0,1.4470999240875244
7181,candidate_011,fc4_flux;cr1000xe_backbone,1.2304,calm,particle,0,1.5064818859100342
7181,candidate_011,fc4_flux;cr1000xe_backbone,1.2304,calm,particle,0,1.668045997619629
7181,candidate_011,fc4_flux;cr1000xe_backbone,1.2304,calm,particle,0,1.8293527364730835
7181,candidate_011,fc4_flux;cr1000xe_backbone,1.2304,calm,particle,0,1.795945644378662
7181,candidate_011,fc4_flux;cr1000xe_backbone,1.2304,calm,particle,0,1.673567295074463
7181,candidate_011,fc4_flux;cr1000xe_backbone,1.2304,calm,particle,0,1.6010247468948364
7181,candidate_011,fc4_flux;cr1000xe_backbone,1.2304,calm,particle,0,1.464682936668396
7181,candidate_011,fc4_flux;cr1000xe_backbone,1.2304,calm,particle,0,1.2087113857269287
7181,candidate_011,fc4_flux;cr1000xe_backbone,1.2304,calm,particle,0,1.2363439798355103
7181,candidate_011,fc4_flux;cr1000xe_backbone,1.2304,calm,particle,0,1.2551429271697998
7181,candidate_011,fc4_flux;cr1000xe_backbone,1.2304,calm,particle,0,1.5769931077957153
7181,candidate_011,fc4_flux;cr1000xe_backbone,1.2304,calm,thermal,0,1.406243920326233
7181,candidate_011,fc4_flux;cr1000xe_backbone,1.2304,calm,thermal,0,1.2806806564331055
7181,candidate_011,fc4_flux;cr1000xe_backbone,1.2304,calm,thermal,0,1.1854348182678223
7181,candidate_011,fc4_flux;cr1000xe_backbone,1.2304,calm,thermal,0,1.2593097686767578
7181,candidate_011,fc4_flux;cr1000xe_backbone,1.2304,calm,thermal,0,1.3776342868804932
7181,candidate_011,fc4_flux;cr1000xe_backbone,1.2304,calm,thermal,0,1.3753446340560913
7181,candidate_011,fc4_flux;cr1000xe_backbone,1.2304,calm,thermal,0,1.410344123840332
7181,candidate_011,fc4_flux;cr1000xe_backbone,1.2304,calm,thermal,0,1.5387787818908691
7181,candidate_011,fc4_flux;cr1000xe_backbone,1.2304,calm,thermal,0,1.7032768726348877
7181,candidate_011,fc4_flux;cr1000xe_backbone,1.2304,calm,thermal,0,1.7086631059646606
7181,candidate_011,fc4_flux;cr1000xe_backbone,1.2304,calm,thermal,0,1.731541395187378
7181,candidate_011,fc4_flux;cr1000xe_backbone,1.2304,calm,thermal,0,1.6908624172210693
7181,candidate_011,fc4_flux;cr1000xe_backbone,1.2304,calm,thermal,0,1.7104623317718506
7181,candidate_011,fc4_flux;cr1000xe_backbone,1.2304,calm,thermal,0,1.4236810207366943
7181,candidate_011,fc4_flux;cr1000xe_backbone,1.2304,calm,thermal,0,1.4117435216903687
7181,candidate_011,fc4_flux;cr1000xe_backbone,1.2304,calm,thermal,0,1.3932355642318726
7181,candidate_011,fc4_flux;cr1000xe_backbone,1.2304,calm,thermal,0,1.3248809576034546
7181,candidate_011,fc4_flux;cr1000xe_backbone,1.2304,calm,thermal,0,1.3730274438858032
7181,candidate_011,fc4_flux;cr1000xe_backbone,1.2304,calm,thermal,0,1.2942724227905273
7181,candidate_011,fc4_flux;cr1000xe_backbone,1.2304,calm,thermal,0,1.180709958076477
7181,candidate_011,fc4_flux;cr1000xe_backbone,1.2304,calm,transport,0,1.267820119857788
7181,candidate_011,fc4_flux;cr1000xe_backbone,1.2304,calm,transport,0,1.249954104423523
7181,candidate_011,fc4_flux;cr1000xe_backbone,1.2304,calm,transport,0,1.3010330200195312
7181,candidate_011,fc4_flux;cr1000xe_backbone,1.2304,calm,transport,0,1.1604735851287842
7181,candidate_011,fc4_flux;cr1000xe_backbone,1.2304,calm,transport,0,1.154721975326538
7181,candidate_011,fc4_flux;cr1000xe_backbone,1.2304,calm,transport,0,1.3102364540100098
7181,candidate_011,fc4_flux;cr1000xe_backbone,1.2304,calm,transport,0,1.54115891456604
7181,candidate_011,fc4_flux;cr1000xe_backbone,1.2304,calm,transport,0,1.6379964351654053
7181,candidate_011,fc4_flux;cr1000xe_backbone,1.2304,calm,transport,0,1.664273977279663
7181,candidate_011,fc4_flux;cr1000xe_backbone,1.2304,calm,transport,0,2.1519205570220947
7181,candidate_011,fc4_flux;cr1000xe_backbone,1.2304,calm,transport,0,2.0498270988464355
7181,candidate_011,fc4_flux;cr1000xe_backbone,1.2304,calm,transport,0,1.5195395946502686
7181,candidate_011,fc4_flux;cr1000xe_backbone,1.2304,calm,transport,0,1.7908146381378174
7181,candidate_011,fc4_flux;cr1000xe_backbone,1.2304,calm,transport,0,2.03531813621521
7181,candidate_011,fc4_flux;cr1000xe_backbone,1.2304,calm,transport,0,2.307490825653076
7181,candidate_011,fc4_flux;cr1000xe_backbone,1.2304,calm,transport,0,2.1469767093658447
7181,candidate_011,fc4_flux;cr1000xe_backbone,1.2304,calm,transport,0,2.0331616401672363
7181,candidate_011,fc4_flux;cr1000xe_backbone,1.2304,calm,transport,0,1.8669766187667847
7181,candidate_011,fc4_flux;cr1000xe_backbone,1.2304,calm,transport,0,1.6696382761001587
7181,candidate_011,fc4_flux;cr1000xe_backbone,1.2304,calm,transport,0,1.5920979976654053
7181,candidate_011,fc4_flux;cr1000xe_backbone,1.2304,calm,transport,0,1.5653232336044312
7181,candidate_011,fc4_flux;cr1000xe_backbone,1.2304,calm,transport,0,1.8023669719696045
7181,candidate_011,fc4_flux;cr1000xe_backbone,1.2304,calm,transport,0,1.6779494285583496
7181,candidate_011,fc4_flux;cr1000xe_backbone,1.2304,calm,transport,0,1.4939384460449219
7181,candidate_011,fc4_flux;cr1000xe_backbone,1.2304,calm,transport,0,1.4276392459869385
7181,candidate_011,fc4_flux;cr1000xe_backbone,1.2304,calm,transport,0,1.5904428958892822
7181,candidate_011,fc4_flux;cr1000xe_backbone,1.2304,calm,transport,0,1.763500452041626
7181,candidate_011,fc4_flux;cr1000xe_backbone,1.2304,calm,transport,0,1.9969611167907715
7181,candidate_011,fc4_flux;cr1000xe_backbone,1.2304,calm,transport,0,1.9109787940979004
7181,candidate_011,fc4_flux;cr1000xe_backbone,1.2304,calm,transport,0,1.8070921897888184
7181,candidate_011,fc4_flux;cr1000xe_backbone,1.2304,calm,transport,0,1.7608888149261475
7181,candidate_011,fc4_flux;cr1000xe_backbone,1.2304,calm,transport,0,1.8531827926635742
7181,candidate_011,fc4_flux;cr1000xe_backbone,1.2304,calm,transport,0,1.9283331632614136
7181,candidate_011,fc4_flux;cr1000xe_backbone,1.2304,calm,transport,0,1.905454397201538
7181,candidate_011,fc4_flux;cr1000xe_backbone,1.2304,calm,transport,0,2.14490008354187
7181,candidate_011,fc4_flux;cr1000xe_backbone,1.2304,calm,particle,0,2.1295037269592285
7181,candidate_011,fc4_flux;cr1000xe_backbone,1.2304,calm,particle,0,1.9100978374481201
7181,candidate_011,fc4_flux;cr1000xe_backbone,1.2304,calm,particle,0,1.5973365306854248
7181,candidate_011,fc4_flux;cr1000xe_backbone,1.2304,calm,particle,0,1.9250686168670654
7181,candidate_011,fc4_flux;cr1000xe_backbone,1.2304,calm,particle,0,1.7742300033569336
7181,candidate_011,fc4_flux;cr1000xe_backbone,1.2304,calm,particle,0,1.6721688508987427
7181,candidate_011,fc4_flux;cr1000xe_backbone,1.2304,calm,particle,0,1.5023219585418701
7181,candidate_011,fc4_flux;cr1000xe_backbone,1.2304,calm,particle,0,1.3830397129058838
7181,candidate_011,fc4_flux;cr1000xe_backbone,1.2304,calm,particle,0,1.2782922983169556
7181,candidate_011,fc4_flux;cr1000xe_backbone,1.2304,calm,particle,0,1.203503131866455
7181,candidate_011,fc4_flux;cr1000xe_backbone,1.2304,calm,particle,0,1.2359458208084106
7181,candidate_011,fc4_flux;cr1000xe_backbone,1.2304,calm,particle,0,1.207567572593689
7181,candidate_011,fc4_flux;cr1000xe_backbone,1.2304,calm,particle,0,1.3296856880187988
7181,candidate_011,fc4_flux;cr1000xe_backbone,1.2304,calm,particle,0,1.2683159112930298
7181,candidate_011,fc4_flux;cr1000xe_backbone,1.2304,calm,particle,0,1.1270976066589355
7181,candidate_011,fc4_flux;cr1000xe_backbone,1.2304,calm,particle,0,1.1344882249832153
7181,candidate_011,fc4_flux;cr1000xe_backbone,1.2304,calm,particle,0,1.2063641548156738
7181,candidate_011,fc4_flux;cr1000xe_backbone,1.2304,calm,particle,0,1.3272088766098022
7181,candidate_011,fc4_flux;cr1000xe_backbone,1.2304,calm,particle,0,1.3168556690216064
7181,candidate_011,fc4_flux;cr1000xe_backbone,1.2304,calm,particle,0,1.492162823677063
7181,candidate_011,fc4_flux;cr1000xe_backbone,1.2304,calm,particle,0,1.232442855834961
7181,candidate_011,fc4_flux;cr1000xe_backbone,1.2304,calm,particle,0,1.4840071201324463
7181,candidate_011,fc4_flux;cr1000xe_backbone,1.2304,calm,particle,0,1.4142464399337769
7181,candidate_011,fc4_flux;cr1000xe_backbone,1.2304,calm,particle,0,1.4647234678268433
7181,candidate_011,fc4_flux;cr1000xe_backbone,1.2304,calm,particle,0,1.4956990480422974
7181,candidate_011,fc4_flux;cr1000xe_backbone,1.2304,calm,particle,0,1.502964973449707
7181,candidate_011,fc4_flux;cr1000xe_backbone,1.2304,calm,particle,0,1.798359751701355
7181,candidate_011,fc4_flux;cr1000xe_backbone,1.2304,calm,particle,0,1.6889050006866455
7181,candidate_011,fc4_flux;cr1000xe_backbone,1.2304,calm,particle,0,1.472130298614502
7181,candidate_011,fc4_flux;cr1000xe_backbone,1.2304,calm,particle,0,1.5693902969360352
7181,candidate_011,fc4_flux;cr1000xe_backbone,1.2304,calm,particle,0,1.8099862337112427
7181,candidate_011,fc4_flux;cr1000xe_backbone,1.2304,calm,particle,0,1.8614120483398438
7181,candidate_011,fc4_flux;cr1000xe_backbone,1.2304,calm,particle,0,1.6411625146865845
7181,candidate_011,fc4_flux;cr1000xe_backbone,1.2304,calm,particle,0,1.6837890148162842
7181,candidate_011,fc4_flux;cr1000xe_backbone,1.2304,calm,thermal,0,1.639699935913086
7181,candidate_011,fc4_flux;cr1000xe_backbone,1.2304,calm,thermal,0,1.7276438474655151
7181,candidate_011,fc4_flux;cr1000xe_backbone,1.2304,calm,thermal,0,1.3847981691360474
7181,candidate_011,fc4_flux;cr1000xe_backbone,1.2304,calm,thermal,0,1.673648476600647
7181,candidate_011,fc4_flux;cr1000xe_backbone,1.2304,calm,thermal,0,1.5930031538009644
7181,candidate_011,fc4_flux;cr1000xe_backbone,1.2304,calm,thermal,0,1.5927579402923584
7181,candidate_011,fc4_flux;cr1000xe_backbone,1.2304,calm,thermal,0,1.1445099115371704
7181,candidate_011,fc4_flux;cr1000xe_backbone,1.2304,calm,thermal,0,1.5611870288848877
7181,candidate_011,fc4_flux;cr1000xe_backbone,1.2304,calm,thermal,0,1.4980425834655762
7181,candidate_011,fc4_flux;cr1000xe_backbone,1.2304,calm,thermal,0,1.6165149211883545
7181,candidate_011,fc4_flux;cr1000xe_backbone,1.2304,calm,thermal,0,1.3481682538986206
7181,candidate_011,fc4_flux;cr1000xe_backbone,1.2304,calm,thermal,0,1.5166504383087158
7181,candidate_011,fc4_flux;cr1000xe_backbone,1.2304,calm,thermal,0,1.6144471168518066
7181,candidate_011,fc4_flux;cr1000xe_backbone,1.2304,calm,thermal,0,1.7279547452926636
7181,candidate_011,fc4_flux;cr1000xe_backbone,1.2304,calm,thermal,0,1.6649696826934814
7181,candidate_011,fc4_flux;cr1000xe_backbone,1.2304,calm,thermal,0,1.893547773361206
7181,candidate_011,fc4_flux;cr1000xe_backbone,1.2304,calm,thermal,0,1.9224600791931152
7181,candidate_011,fc4_flux;cr1000xe_backbone,1.2304,calm,thermal,0,1.8852221965789795
7181,candidate_011,fc4_flux;cr1000xe_backbone,1.2304,calm,thermal,0,1.8251025676727295
7181,candidate_011,fc4_flux;cr1000xe_backbone,1.2304,calm,thermal,0,1.7672051191329956
7181,candidate_011,fc4_flux;cr1000xe_backbone,1.2304,calm,thermal,0,1.8845360279083252
7181,candidate_011,fc4_flux;cr1000xe_backbone,1.2304,calm,transport,0,1.699180245399475
7181,candidate_011,fc4_flux;cr1000xe_backbone,1.2304,calm,transport,0,1.6950085163116455
7181,candidate_011,fc4_flux;cr1000xe_backbone,1.2304,calm,transport,0,1.4775789976119995
7181,candidate_011,fc4_flux;cr1000xe_backbone,1.2304,calm,transport,0,1.3662830591201782
7181,candidate_011,fc4_flux;cr1000xe_backbone,1.2304,calm,transport,0,1.2076497077941895
7181,candidate_011,fc4_flux;cr1000xe_backbone,1.2304,calm,transport,0,1.1118346452713013
7181,candidate_011,fc4_flux;cr1000xe_backbone,1.2304,calm,transport,0,1.0043703317642212
7181,candidate_011,fc4_flux;cr1000xe_backbone,1.2304,calm,transport,0,0.9838272333145142
7181,candidate_011,fc4_flux;cr1000xe_backbone,1.2304,calm,transport,0,0.9956973195075989
7181,candidate_011,fc4_flux;cr1000xe_backbone,1.2304,calm,transport,0,1.0210412740707397
7181,candidate_011,fc4_flux;cr1000xe_backbone,1.2304,calm,transport,0,1.0551587343215942
7181,candidate_011,fc4_flux;cr1000xe_backbone,1.2304,calm,transport,0,1.1026241779327393
7181,candidate_011,fc4_flux;cr1000xe_backbone,1.2304,calm,transport,0,1.143620252609253
7181,candidate_011,fc4_flux;cr1000xe_backbone,1.2304,calm,transport,0,1.1470459699630737
7181,candidate_011,fc4_flux;cr1000xe_backbone,1.2304,calm,transport,0,1.187244176864624
7181,candidate_011,fc4_flux;cr1000xe_backbone,1.2304,calm,transport,0,1.1951465606689453
7181,candidate_011,fc4_flux;cr1000xe_backbone,1.2304,particle,thermal,1,0.9437281489372253
7181,candidate_011,fc4_flux;cr1000xe_backbone,1.2304,particle,thermal,1,1.122464895248413
7181,candidate_011,fc4_flux;cr1000xe_backbone,1.2304,particle,thermal,1,1.3876076936721802
7181,candidate_011,fc4_flux;cr1000xe_backbone,1.2304,particle,thermal,1,1.6331794261932373
7181,candidate_011,fc4_flux;cr1000xe_backbone,1.2304,particle,thermal,1,1.9240167140960693
7181,candidate_011,fc4_flux;cr1000xe_backbone,1.2304,particle,thermal,1,2.226691246032715
7181,candidate_011,fc4_flux;cr1000xe_backbone,1.2304,particle,thermal,1,2.5238444805145264
7181,candidate_011,fc4_flux;cr1000xe_backbone,1.2304,particle,thermal,1,2.8375539779663086
7181,candidate_011,fc4_flux;cr1000xe_backbone,1.2304,particle,transport,1,2.2102653980255127
7181,candidate_011,fc4_flux;cr1000xe_backbone,1.2304,particle,transport,1,2.374034881591797
7181,candidate_011,fc4_flux;cr1000xe_backbone,1.2304,particle,transport,1,2.150668144226074
7181,candidate_011,fc4_flux;cr1000xe_backbone,1.2304,particle,transport,1,2.4960193634033203
7181,candidate_011,fc4_flux;cr1000xe_backbone,1.2304,particle,transport,1,2.1211495399475098
7181,candidate_011,fc4_flux;cr1000xe_backbone,1.2304,particle,transport,1,2.3923444747924805
7181,candidate_011,fc4_flux;cr1000xe_backbone,1.2304,particle,transport,1,2.329573631286621
7181,candidate_011,fc4_flux;cr1000xe_backbone,1.2304,particle,transport,1,2.4271364212036133
7181,candidate_011,fc4_flux;cr1000xe_backbone,1.2304,particle,transport,1,2.567033290863037
7181,candidate_011,fc4_flux;cr1000xe_backbone,1.2304,particle,transport,1,2.494168281555176
7181,candidate_011,fc4_flux;cr1000xe_backbone,1.2304,particle,transport,1,2.6058247089385986
7181,candidate_011,fc4_flux;cr1000xe_backbone,1.2304,particle,transport,1,2.5573835372924805
7181,candidate_011,fc4_flux;cr1000xe_backbone,1.2304,particle,transport,1,2.7811968326568604
7181,candidate_011,fc4_flux;cr1000xe_backbone,1.2304,calm,transport,0,2.7436563968658447
7181,candidate_011,fc4_flux;cr1000xe_backbone,1.2304,calm,transport,0,2.727808952331543
7181,candidate_011,fc4_flux;cr1000xe_backbone,1.2304,calm,transport,0,2.706000566482544
7181,candidate_011,fc4_flux;cr1000xe_backbone,1.2304,calm,transport,0,2.2411420345306396
7181,candidate_011,fc4_flux;cr1000xe_backbone,1.2304,calm,transport,0,2.1405980587005615
7181,candidate_011,fc4_flux;cr1000xe_backbone,1.2304,calm,transport,0,1.5116996765136719
7181,candidate_011,fc4_flux;cr1000xe_backbone,1.2304,calm,transport,0,1.95053231716156
7181,candidate_011,fc4_flux;cr1000xe_backbone,1.2304,calm,transport,0,0.9470665454864502
7181,candidate_011,fc4_flux;cr1000xe_backbone,1.2304,calm,transport,0,0.922333300113678
7181,candidate_011,fc4_flux;cr1000xe_backbone,1.2304,calm,transport,0,0.8208170533180237
7181,candidate_011,fc4_flux;cr1000xe_backbone,1.2304,calm,transport,0,0.8301050662994385
7181,candidate_011,fc4_flux;cr1000xe_backbone,1.2304,calm,transport,0,0.4136127233505249
7181,candidate_011,fc4_flux;cr1000xe_backbone,1.2304,calm,particle,0,0.45603668689727783
7181,candidate_011,fc4_flux;cr1000xe_backbone,1.2304,flux,particle,2,0.4518462121486664
7181,candidate_011,fc4_flux;cr1000xe_backbone,1.2304,flux,particle,2,0.4433809220790863
7181,candidate_011,fc4_flux;cr1000xe_backbone,1.2304,flux,particle,2,0.4386140704154968
7181,candidate_011,fc4_flux;cr1000xe_backbone,1.2304,flux,particle,2,0.44335681200027466
7181,candidate_011,fc4_flux;cr1000xe_backbone,1.2304,flux,particle,2,0.44843852519989014
7181,candidate_011,fc4_flux;cr1000xe_backbone,1.2304,flux,particle,2,0.45658689737319946
7181,candidate_011,fc4_flux;cr1000xe_backbone,1.2304,flux,particle,2,0.5580546855926514
7181,candidate_011,fc4_flux;cr1000xe_backbone,1.2304,flux,particle,2,0.5822281837463379
7181,candidate_011,fc4_flux;cr1000xe_backbone,1.2304,flux,particle,2,0.6698651909828186
7181,candidate_011,fc4_flux;cr1000xe_backbone,1.2304,flux,particle,2,0.6724473834037781
7181,candidate_011,fc4_flux;cr1000xe_backbone,1.2304,flux,particle,2,0.7142114639282227
7181,candidate_011,fc4_flux;cr1000xe_backbone,1.2304,flux,particle,2,0.7949686050415039
7181,candidate_011,fc4_flux;cr1000xe_backbone,1.2304,flux,particle,2,0.9285724759101868
7181,candidate_011,fc4_flux;cr1000xe_backbone,1.2304,flux,particle,2,1.1125603914260864
7181,candidate_011,fc4_flux;cr1000xe_backbone,1.2304,flux,particle,2,1.1460850238800049
7181,candidate_011,fc4_flux;cr1000xe_backbone,1.2304,flux,particle,2,1.093226432800293
7181,candidate_011,fc4_flux;cr1000xe_backbone,1.2304,flux,particle,2,1.0967004299163818
7181,candidate_011,fc4_flux;cr1000xe_backbone,1.2304,flux,particle,2,1.255344033241272
7181,candidate_011,fc4_flux;cr1000xe_backbone,1.2304,flux,particle,2,1.4389371871948242
7181,candidate_011,fc4_flux;cr1000xe_backbone,1.2304,flux,particle,2,1.5043178796768188
7181,candidate_011,fc4_flux;cr1000xe_backbone,1.2304,flux,particle,2,1.4801030158996582
7181,candidate_011,fc4_flux;cr1000xe_backbone,1.2304,flux,particle,2,1.5201164484024048
7181,candidate_011,fc4_flux;cr1000xe_backbone,1.2304,flux,thermal,2,1.521764874458313
7181,candidate_011,fc4_flux;cr1000xe_backbone,1.2304,flux,thermal,2,1.5311075448989868
7181,candidate_011,fc4_flux;cr1000xe_backbone,1.2304,flux,thermal,2,1.562644124031067
7181,candidate_011,fc4_flux;cr1000xe_backbone,1.2304,flux,thermal,2,1.5923337936401367
7181,candidate_011,fc4_flux;cr1000xe_backbone,1.2304,flux,thermal,2,1.7089800834655762
7181,candidate_011,fc4_flux;cr1000xe_backbone,1.2304,flux,thermal,2,1.6939913034439087
7181,candidate_011,fc4_flux;cr1000xe_backbone,1.2304,flux,thermal,2,1.7978299856185913
7181,candidate_011,fc4_flux;cr1000xe_backbone,1.2304,flux,thermal,2,1.8546302318572998
7181,candidate_011,fc4_flux;cr1000xe_backbone,1.2304,flux,thermal,2,1.8690402507781982
7181,candidate_011,fc4_flux;cr1000xe_backbone,1.2304,flux,thermal,2,1.812987208366394
7181,candidate_011,fc4_flux;cr1000xe_backbone,1.2304,flux,thermal,2,1.8539512157440186
7181,candidate_011,fc4_flux;cr1000xe_backbone,1.2304,flux,thermal,2,1.8464312553405762
7181,candidate_011,fc4_flux;cr1000xe_backbone,1.2304,flux,thermal,2,1.9459638595581055
7181,candidate_011,fc4_flux;cr1000xe_backbone,1.2304,flux,thermal,2,1.9349391460418701
7181,candidate_011,fc4_flux;cr1000xe_backbone,1.2304,flux,thermal,2,1.9390679597854614
7181,candidate_011,fc4_flux;cr1000xe_backbone,1.2304,flux,thermal,2,1.9184983968734741
7181,candidate_011,fc4_flux;cr1000xe_backbone,1.2304,flux,thermal,2,1.9701238870620728
7181,candidate_011,fc4_flux;cr1000xe_backbone,1.2304,flux,thermal,2,1.9393627643585205
7181,candidate_011,fc4_flux;cr1000xe_backbone,1.2304,flux,thermal,2,1.8788366317749023
7181,candidate_011,fc4_flux;cr1000xe_backbone,1.2304,flux,thermal,2,1.8698662519454956
7181,candidate_011,fc4_flux;cr1000xe_backbone,1.2304,flux,thermal,2,1.825571894645691
7181,candidate_011,fc4_flux;cr1000xe_backbone,1.2304,flux,thermal,2,1.8470460176467896
7181,candidate_011,fc4_flux;cr1000xe_backbone,1.2304,flux,thermal,2,1.7171764373779297
7181,candidate_011,fc4_flux;cr1000xe_backbone,1.2304,flux,thermal,2,1.754561185836792
7181,candidate_011,fc4_flux;cr1000xe_backbone,1.2304,flux,thermal,2,1.7356919050216675
7181,candidate_011,fc4_flux;cr1000xe_backbone,1.2304,flux,thermal,2,1.7404898405075073
7181,candidate_011,fc4_flux;cr1000xe_backbone,1.2304,flux,thermal,2,1.8073009252548218
7181,candidate_011,fc4_flux;cr1000xe_backbone,1.2304,flux,thermal,2,1.7455846071243286
7181,candidate_011,fc4_flux;cr1000xe_backbone,1.2304,flux,thermal,2,1.6751699447631836
7181,candidate_011,fc4_flux;cr1000xe_backbone,1.2304,flux,thermal,2,1.7262473106384277
7181,candidate_011,fc4_flux;cr1000xe_backbone,1.2304,flux,thermal,2,1.8062971830368042
7181,candidate_011,fc4_flux;cr1000xe_backbone,1.2304,calm,thermal,0,1.9848359823226929
7181,candidate_011,fc4_flux;cr1000xe_backbone,1.2304,calm,thermal,0,2.065890073776245
7181,candidate_011,fc4_flux;cr1000xe_backbone,1.2304,calm,thermal,0,2.2311487197875977
7181,candidate_011,fc4_flux;cr1000xe_backbone,1.2304,calm,transport,0,2.3684189319610596
7181,candidate_011,fc4_flux;cr1000xe_backbone,1.2304,calm,transport,0,2.0661025047302246
7181,candidate_011,fc4_flux;cr1000xe_backbone,1.2304,calm,transport,0,2.139761209487915
7181,candidate_011,fc4_flux;cr1000xe_backbone,1.2304,calm,transport,0,1.9218931198120117
7181,candidate_011,fc4_flux;cr1000xe_backbone,1.2304,calm,transport,0,2.012524366378784
7181,candidate_011,fc4_flux;cr1000xe_backbone,1.2304,calm,transport,0,1.6778241395950317
7181,candidate_011,fc4_flux;cr1000xe_backbone,1.2304,calm,transport,0,1.8939729928970337
7181,candidate_011,fc4_flux;cr1000xe_backbone,1.2304,calm,transport,0,1.5237823724746704
7181,candidate_011,fc4_flux;cr1000xe_backbone,1.2304,calm,transport,0,1.6999431848526
7181,candidate_011,fc4_flux;cr1000xe_backbone,1.2304,calm,transport,0,1.462730050086975
7181,candidate_011,fc4_flux;cr1000xe_backbone,1.2304,calm,transport,0,1.6843230724334717
7181,candidate_011,fc4_flux;cr1000xe_backbone,1.2304,particle,transport,1,1.2604552507400513
7181,candidate_011,fc4_flux;cr1000xe_backbone,1.2304,particle,transport,1,1.2469807863235474
7181,candidate_011,fc4_flux;cr1000xe_backbone,1.2304,particle,transport,1,0.8321399092674255
7181,candidate_011,fc4_flux;cr1000xe_backbone,1.2304,particle,transport,1,0.9397333264350891
7181,candidate_011,fc4_flux;cr1000xe_backbone,1.2304,particle,transport,1,0.5804797410964966
7181,candidate_011,fc4_flux;cr1000xe_backbone,1.2304,particle,transport,1,0.6206933259963989
7181,candidate_011,fc4_flux;cr1000xe_backbone,1.2304,particle,transport,1,0.6126878261566162
7181,candidate_011,fc4_flux;cr1000xe_backbone,1.2304,particle,transport,1,0.8570442795753479
7181,candidate_011,fc4_flux;cr1000xe_backbone,1.2304,particle,transport,1,1.0655572414398193
7181,candidate_011,fc4_flux;cr1000xe_backbone,1.2304,particle,transport,1,1.004204273223877
7181,candidate_011,fc4_flux;cr1000xe_backbone,1.2304,particle,transport,1,0.9044853448867798
7181,candidate_011,fc4_flux;cr1000xe_backbone,1.2304,particle,transport,1,1.0888135433197021
7181,candidate_011,fc4_flux;cr1000xe_backbone,1.2304,particle,transport,1,1.30850350856781
7181,candidate_011,fc4_flux;cr1000xe_backbone,1.2304,particle,transport,1,1.4720996618270874
7181,candidate_011,fc4_flux;cr1000xe_backbone,1.2304,particle,transport,1,1.0153172016143799
7181,candidate_011,fc4_flux;cr1000xe_backbone,1.2304,particle,particle,1,1.1110225915908813
7181,candidate_011,fc4_flux;cr1000xe_backbone,1.2304,particle,particle,1,1.1849000453948975
7181,candidate_011,fc4_flux;cr1000xe_backbone,1.2304,particle,particle,1,1.2494547367095947
7181,candidate_011,fc4_flux;cr1000xe_backbone,1.2304,particle,particle,1,1.4225095510482788
7181,candidate_011,fc4_flux;cr1000xe_backbone,1.2304,particle,particle,1,1.4476253986358643
7181,candidate_011,fc4_flux;cr1000xe_backbone,1.2304,particle,particle,1,1.3981382846832275
7181,candidate_011,fc4_flux;cr1000xe_backbone,1.2304,particle,particle,1,1.2354912757873535
7181,candidate_011,fc4_flux;cr1000xe_backbone,1.2304,particle,particle,1,1.2966381311416626
7181,candidate_011,fc4_flux;cr1000xe_backbone,1.2304,particle,particle,1,1.2995539903640747
7181,candidate_011,fc4_flux;cr1000xe_backbone,1.2304,particle,particle,1,1.1656218767166138
7181,candidate_011,fc4_flux;cr1000xe_backbone,1.2304,particle,particle,1,1.4015392065048218
7181,candidate_011,fc4_flux;cr1000xe_backbone,1.2304,calm,particle,0,1.4598305225372314
7181,candidate_011,fc4_flux;cr1000xe_backbone,1.2304,calm,particle,0,1.6702648401260376
7181,candidate_011,fc4_flux;cr1000xe_backbone,1.2304,calm,particle,0,1.3544033765792847
7181,candidate_011,fc4_flux;cr1000xe_backbone,1.2304,calm,particle,0,1.5271888971328735
7181,candidate_011,fc4_flux;cr1000xe_backbone,1.2304,calm,particle,0,1.7067983150482178
7181,candidate_011,fc4_flux;cr1000xe_backbone,1.2304,calm,particle,0,1.9198765754699707
7181,candidate_011,fc4_flux;cr1000xe_backbone,1.2304,calm,particle,0,1.8875153064727783
7181,candidate_011,fc4_flux;cr1000xe_backbone,1.2304,calm,particle,0,1.7936995029449463
7181,candidate_011,fc4_flux;cr1000xe_backbone,1.2304,calm,thermal,0,1.9103487730026245
7181,candidate_011,fc4_flux;cr1000xe_backbone,1.2304,calm,thermal,0,1.8896888494491577
7181,candidate_011,fc4_flux;cr1000xe_backbone,1.2304,calm,thermal,0,1.7212165594100952
7181,candidate_011,fc4_flux;cr1000xe_backbone,1.2304,calm,thermal,0,1.641625165939331
7181,candidate_011,fc4_flux;cr1000xe_backbone,1.2304,calm,thermal,0,1.9055418968200684
7181,candidate_011,fc4_flux;cr1000xe_backbone,1.2304,flux,thermal,2,1.7097746133804321
7181,candidate_011,fc4_flux;cr1000xe_backbone,1.2304,flux,thermal,2,1.4987232685089111
7181,candidate_011,fc4_flux;cr1000xe_backbone,1.2304,flux,thermal,2,1.0678514242172241
7181,candidate_011,fc4_flux;cr1000xe_backbone,1.2304,flux,thermal,2,0.8792722225189209
7181,candidate_011,fc4_flux;cr1000xe_backbone,1.2304,flux,thermal,2,0.6314562559127808
7181,candidate_011,fc4_flux;cr1000xe_backbone,1.2304,flux,thermal,2,0.6539287567138672
7181,candidate_011,fc4_flux;cr1000xe_backbone,1.2304,flux,thermal,2,0.6992367506027222
7181,candidate_011,fc4_flux;cr1000xe_backbone,1.2304,flux,thermal,2,0.7324719429016113
7181,candidate_011,fc4_flux;cr1000xe_backbone,1.2304,flux,thermal,2,0.7445212602615356
7181,candidate_011,fc4_flux;cr1000xe_backbone,1.2304,flux,thermal,2,0.7783632278442383
7181,candidate_011,fc4_flux;cr1000xe_backbone,1.2304,flux,thermal,2,0.751899242401123
7181,candidate_011,fc4_flux;cr1000xe_backbone,1.2304,flux,thermal,2,0.8169045448303223
7181,candidate_011,fc4_flux;cr1000xe_backbone,1.2304,flux,thermal,2,0.8848284482955933
7181,candidate_011,fc4_flux;cr1000xe_backbone,1.2304,flux,thermal,2,0.8509193062782288
7181,candidate_011,fc4_flux;cr1000xe_backbone,1.2304,flux,thermal,2,0.8507394790649414
7181,candidate_011,fc4_flux;cr1000xe_backbone,1.2304,flux,thermal,2,0.9674123525619507
7181,candidate_011,fc4_flux;cr1000xe_backbone,1.2304,flux,thermal,2,0.9736968278884888
7181,candidate_011,fc4_flux;cr1000xe_backbone,1.2304,flux,thermal,2,1.2407258749008179
7181,candidate_011,fc4_flux;cr1000xe_backbone,1.2304,flux,thermal,2,1.3757164478302002
7181,candidate_011,fc4_flux;cr1000xe_backbone,1.2304,flux,thermal,2,1.4467593431472778
7181,candidate_011,fc4_flux;cr1000xe_backbone,1.2304,flux,thermal,2,1.5878374576568604
7181,candidate_011,fc4_flux;cr1000xe_backbone,1.2304,flux,thermal,2,1.698892593383789
7181,candidate_011,fc4_flux;cr1000xe_backbone,1.2304,flux,thermal,2,1.8625788688659668
7181,candidate_011,fc4_flux;cr1000xe_backbone,1.2304,flux,thermal,2,2.05899715423584
7181,candidate_011,fc4_flux;cr1000xe_backbone,1.2304,flux,thermal,2,2.276428699493408
7181,candidate_011,fc4_flux;cr1000xe_backbone,1.2304,flux,thermal,2,2.4600908756256104
7181,candidate_011,fc4_flux;cr1000xe_backbone,1.2304,flux,thermal,2,2.680048942565918
7181,candidate_011,fc4_flux;cr1000xe_backbone,1.2304,flux,thermal,2,2.932586669921875
7181,candidate_011,fc4_flux;cr1000xe_backbone,1.2304,flux,transport,2,2.7805614471435547
7181,candidate_011,fc4_flux;cr1000xe_backbone,1.2304,flux,transport,2,1.4561078548431396
7181,candidate_011,fc4_flux;cr1000xe_backbone,1.2304,flux,transport,2,1.1076273918151855
7181,candidate_011,fc4_flux;cr1000xe_backbone,1.2304,flux,transport,2,1.2625077962875366
7181,candidate_011,fc4_flux;cr1000xe_backbone,1.2304,flux,transport,2,1.478705883026123
7181,candidate_011,fc4_flux;cr1000xe_backbone,1.2304,flux,transport,2,1.9784547090530396
7181,candidate_011,fc4_flux;cr1000xe_backbone,1.2304,flux,transport,2,2.6677489280700684
7181,candidate_011,fc4_flux;cr1000xe_backbone,1.2304,flux,transport,2,2.6579973697662354
7181,candidate_011,fc4_flux;cr1000xe_backbone,1.2304,flux,transport,2,2.734644889831543
7181,candidate_011,fc4_flux;cr1000xe_backbone,1.2304,flux,transport,2,2.8733623027801514
7181,candidate_011,fc4_flux;cr1000xe_backbone,1.2304,flux,transport,2,2.791621446609497
7181,candidate_011,fc4_flux;cr1000xe_backbone,1.2304,flux,transport,2,2.1333274841308594
7181,candidate_011,fc4_flux;cr1000xe_backbone,1.2304,flux,transport,2,1.2852345705032349
7181,candidate_011,fc4_flux;cr1000xe_backbone,1.2304,flux,transport,2,1.3914650678634644
7181,candidate_011,fc4_flux;cr1000xe_backbone,1.2304,flux,transport,2,1.199422001838684
7181,candidate_011,fc4_flux;cr1000xe_backbone,1.2304,flux,transport,2,1.3508434295654297
7181,candidate_011,fc4_flux;cr1000xe_backbone,1.2304,flux,transport,2,2.8135128021240234
7181,candidate_011,fc4_flux;cr1000xe_backbone,1.2304,flux,transport,2,2.9462387561798096
7181,candidate_011,fc4_flux;cr1000xe_backbone,1.2304,flux,transport,2,3.033984899520874
7181,candidate_011,fc4_flux;cr1000xe_backbone,1.2304,flux,transport,2,2.9624900817871094
7181,candidate_011,fc4_flux;cr1000xe_backbone,1.2304,flux,transport,2,2.8473169803619385
7181,candidate_011,fc4_flux;cr1000xe_backbone,1.2304,flux,transport,2,2.7619102001190186
7181,candidate_011,fc4_flux;cr1000xe_backbone,1.2304,flux,transport,2,2.663911819458008
7181,candidate_011,fc4_flux;cr1000xe_backbone,1.2304,flux,transport,2,2.6369621753692627
7181,candidate_011,fc4_flux;cr1000xe_backbone,1.2304,flux,transport,2,2.7737507820129395
7181,candidate_011,fc4_flux;cr1000xe_backbone,1.2304,flux,transport,2,2.817945957183838
7181,candidate_011,fc4_flux;cr1000xe_backbone,1.2304,flux,transport,2,2.9500575065612793
7181,candidate_011,fc4_flux;cr1000xe_backbone,1.2304,flux,transport,2,3.0597195625305176
7181,candidate_011,fc4_flux;cr1000xe_backbone,1.2304,flux,particle,2,1.5909610986709595
7181,candidate_011,fc4_flux;cr1000xe_backbone,1.2304,flux,particle,2,1.1349343061447144
7181,candidate_011,fc4_flux;cr1000xe_backbone,1.2304,calm,particle,0,1.271973729133606
7181,candidate_011,fc4_flux;cr1000xe_backbone,1.2304,calm,particle,0,1.0254300832748413
7181,candidate_011,fc4_flux;cr1000xe_backbone,1.2304,calm,particle,0,1.0457221269607544
7181,candidate_011,fc4_flux;cr1000xe_backbone,1.2304,calm,particle,0,1.090262532234192
7181,candidate_011,fc4_flux;cr1000xe_backbone,1.2304,calm,particle,0,0.9927852749824524
7181,candidate_011,fc4_flux;cr1000xe_backbone,1.2304,calm,particle,0,0.8526045680046082
7181,candidate_011,fc4_flux;cr1000xe_backbone,1.2304,calm,particle,0,0.7491397261619568
7181,candidate_011,fc4_flux;cr1000xe_backbone,1.2304,calm,particle,0,0.7421467900276184
7181,candidate_011,fc4_flux;cr1000xe_backbone,1.2304,calm,particle,0,0.7318466305732727
7181,candidate_011,fc4_flux;cr1000xe_backbone,1.2304,calm,particle,0,0.7811821699142456
7181,candidate_011,fc4_flux;cr1000xe_backbone,1.2304,calm,particle,0,0.8250579833984375
7181,candidate_011,fc4_flux;cr1000xe_backbone,1.2304,calm,particle,0,0.8190206289291382
7181,candidate_011,fc4_flux;cr1000xe_backbone,1.2304,flux,particle,2,0.8136534094810486
7181,candidate_011,fc4_flux;cr1000xe_backbone,1.2304,flux,particle,2,0.8461230993270874
7181,candidate_011,fc4_flux;cr1000xe_backbone,1.2304,flux,particle,2,0.9502844214439392
7181,candidate_011,fc4_flux;cr1000xe_backbone,1.2304,flux,particle,2,0.8888511061668396
7181,candidate_011,fc4_flux;cr1000xe_backbone,1.2304,flux,thermal,2,1.0910309553146362
7181,candidate_011,fc4_flux;cr1000xe_backbone,1.2304,flux,thermal,2,1.1656917333602905
7181,candidate_011,fc4_flux;cr1000xe_backbone,1.2304,flux,thermal,2,1.1185046434402466
7181,candidate_011,fc4_flux;cr1000xe_backbone,1.2304,flux,thermal,2,1.1459068059921265
7181,candidate_011,fc4_flux;cr1000xe_backbone,1.2304,flux,thermal,2,1.1961920261383057
7181,candidate_011,fc4_flux;cr1000xe_backbone,1.2304,flux,thermal,2,1.1609511375427246
7181,candidate_011,fc4_flux;cr1000xe_backbone,1.2304,flux,thermal,2,1.2073233127593994
7181,candidate_011,fc4_flux;cr1000xe_backbone,1.2304,flux,thermal,2,1.1793100833892822
7181,candidate_011,fc4_flux;cr1000xe_backbone,1.2304,flux,thermal,2,1.0824875831604004
7181,candidate_011,fc4_flux;cr1000xe_backbone,1.2304,flux,thermal,2,1.1197503805160522
7181,candidate_011,fc4_flux;cr1000xe_backbone,1.2304,flux,thermal,2,1.1975923776626587
7181,candidate_011,fc4_flux;cr1000xe_backbone,1.2304,flux,thermal,2,1.3890390396118164
7181,candidate_011,fc4_flux;cr1000xe_backbone,1.2304,flux,thermal,2,1.5537298917770386
7181,candidate_011,fc4_flux;cr1000xe_backbone,1.2304,flux,thermal,2,1.485126256942749
7181,candidate_011,fc4_flux;cr1000xe_backbone,1.2304,flux,thermal,2,1.5669244527816772
7181,candidate_011,fc4_flux;cr1000xe_backbone,1.2304,flux,thermal,2,1.5890681743621826
7181,candidate_011,fc4_flux;cr1000xe_backbone,1.2304,flux,thermal,2,1.5553826093673706
7181,candidate_011,fc4_flux;cr1000xe_backbone,1.2304,flux,thermal,2,1.5217218399047852
7181,candidate_011,fc4_flux;cr1000xe_backbone,1.2304,flux,thermal,2,1.5043902397155762
7181,candidate_011,fc4_flux;cr1000xe_backbone,1.2304,flux,thermal,2,1.5143404006958008
7181,candidate_011,fc4_flux;cr1000xe_backbone,1.2304,flux,thermal,2,1.5253822803497314
7181,candidate_011,fc4_flux;cr1000xe_backbone,1.2304,flux,thermal,2,1.439808964729309
7181,candidate_011,fc4_flux;cr1000xe_backbone,1.2304,flux,thermal,2,1.517589807510376
7181,candidate_011,fc4_flux;cr1000xe_backbone,1.2304,flux,thermal,2,1.40826416015625
7181,candidate_011,fc4_flux;cr1000xe_backbone,1.2304,flux,thermal,2,1.57741117477417
7181,candidate_011,fc4_flux;cr1000xe_backbone,1.2304,flux,thermal,2,1.7437714338302612
7181,candidate_011,fc4_flux;cr1000xe_backbone,1.2304,flux,thermal,2,1.777925729751587
7181,candidate_011,fc4_flux;cr1000xe_backbone,1.2304,flux,thermal,2,1.8120553493499756
7181,candidate_011,fc4_flux;cr1000xe_backbone,1.2304,flux,thermal,2,1.8366239070892334
7181,candidate_011,fc4_flux;cr1000xe_backbone,1.2304,flux,thermal,2,1.965162992477417
7181,candidate_011,fc4_flux;cr1000xe_backbone,1.2304,flux,thermal,2,2.2084760665893555
7181,candidate_011,fc4_flux;cr1000xe_backbone,1.2304,flux,thermal,2,2.1868627071380615
7181,candidate_011,fc4_flux;cr1000xe_backbone,1.2304,flux,transport,2,2.9328556060791016
7181,candidate_011,fc4_flux;cr1000xe_backbone,1.2304,flux,transport,2,3.1124706268310547
7181,candidate_011,fc4_flux;cr1000xe_backbone,1.2304,calm,transport,0,3.1517350673675537
7181,candidate_011,fc4_flux;cr1000xe_backbone,1.2304,calm,transport,0,3.122006893157959
7181,candidate_011,fc4_flux;cr1000xe_backbone,1.2304,calm,transport,0,3.059314727783203
7181,candidate_011,fc4_flux;cr1000xe_backbone,1.2304,calm,transport,0,3.0482587814331055
7181,candidate_011,fc4_flux;cr1000xe_backbone,1.2304,calm,transport,0,3.0113420486450195
7181,candidate_011,fc4_flux;cr1000xe_backbone,1.2304,calm,transport,0,2.9735872745513916
7181,candidate_011,fc4_flux;cr1000xe_backbone,1.2304,calm,transport,0,2.902968168258667
7181,candidate_011,fc4_flux;cr1000xe_backbone,1.2304,calm,transport,0,2.950528144836426
7181,candidate_012,met_station_core;fc4_flux;cr1000xe_backbone,1.9504,calm,transport,0,0.49940502643585205
7181,candidate_012,met_station_core;fc4_flux;cr1000xe_backbone,1.9504,calm,transport,0,0.6056978702545166
7181,candidate_012,met_station_core;fc4_flux;cr1000xe_backbone,1.9504,calm,transport,0,0.6413064002990723
7181,candidate_012,met_station_core;fc4_flux;cr1000xe_backbone,1.9504,calm,transport,0,0.6950644850730896
7181,candidate_012,met_station_core;fc4_flux;cr1000xe_backbone,1.9504,calm,transport,0,0.5317125916481018
7181,candidate_012,met_station_core;fc4_flux;cr1000xe_backbone,1.9504,calm,transport,0,0.5222114324569702
7181,candidate_012,met_station_core;fc4_flux;cr1000xe_backbone,1.9504,calm,transport,0,0.49143269658088684
7181,candidate_012,met_station_core;fc4_flux;cr1000xe_backbone,1.9504,calm,transport,0,0.47240644693374634
7181,candidate_012,met_station_core;fc4_flux;cr1000xe_backbone,1.9504,calm,transport,0,0.5501100420951843
7181,candidate_012,met_station_core;fc4_flux;cr1000xe_backbone,1.9504,calm,transport,0,0.5001214146614075
7181,candidate_012,met_station_core;fc4_flux;cr1000xe_backbone,1.9504,calm,transport,0,0.473684161901474
7181,candidate_012,met_station_core;fc4_flux;cr1000xe_backbone,1.9504,calm,transport,0,0.4556312561035156
7181,candidate_012,met_station_core;fc4_flux;cr1000xe_backbone,1.9504,calm,transport,0,0.39345401525497437
7181,candidate_012,met_station_core;fc4_flux;cr1000xe_backbone,1.9504,calm,transport,0,0.39389365911483765
7181,candidate_012,met_station_core;fc4_flux;cr1000xe_backbone,1.9504,calm,transport,0,0.4616442918777466
7181,candidate_012,met_station_core;fc4_flux;cr1000xe_backbone,1.9504,calm,transport,0,0.5143537521362305
7181,candidate_012,met_station_core;fc4_flux;cr1000xe_backbone,1.9504,calm,transport,0,0.5330847501754761
7181,candidate_012,met_station_core;fc4_flux;cr1000xe_backbone,1.9504,calm,transport,0,0.5942946672439575
7181,candidate_012,met_station_core;fc4_flux;cr1000xe_backbone,1.9504,calm,transport,0,1.6477515697479248
7181,candidate_012,met_station_core;fc4_flux;cr1000xe_backbone,1.9504,calm,transport,0,1.8274061679840088
7181,candidate_012,met_station_core;fc4_flux;cr1000xe_backbone,1.9504,calm,transport,0,1.9013828039169312
7181,candidate_012,met_station_core;fc4_flux;cr1000xe_backbone,1.9504,calm,transport,0,2.2308802604675293
7181,candidate_012,met_station_core;fc4_flux;cr1000xe_backbone,1.9504,calm,particle,0,2.420414686203003
7181,candidate_012,met_station_core;fc4_flux;cr1000xe_backbone,1.9504,calm,particle,0,2.4580109119415283
7181,candidate_012,met_station_core;fc4_flux;cr1000xe_backbone,1.9504,calm,particle,0,2.469904661178589
7181,candidate_012,met_station_core;fc4_flux;cr1000xe_backbone,1.9504,calm,particle,0,2.5240554809570312
7181,candidate_012,met_station_core;fc4_flux;cr1000xe_backbone,1.9504,calm,particle,0,2.5638818740844727
7181,candidate_012,met_station_core;fc4_flux;cr1000xe_backbone,1.9504,calm,particle,0,2.538268566131592
7181,candidate_012,met_station_core;fc4_flux;cr1000xe_backbone,1.9504,calm,particle,0,2.4332799911499023
7181,candidate_012,met_station_core;fc4_flux;cr1000xe_backbone,1.9504,calm,particle,0,2.36482572555542
7181,candidate_012,met_station_core;fc4_flux;cr1000xe_backbone,1.9504,calm,particle,0,2.158177375793457
7181,candidate_012,met_station_core;fc4_flux;cr1000xe_backbone,1.9504,calm,particle,0,2.1325600147247314
7181,candidate_012,met_station_core;fc4_flux;cr1000xe_backbone,1.9504,calm,particle,0,2.1502997875213623
7181,candidate_012,met_station_core;fc4_flux;cr1000xe_backbone,1.9504,calm,particle,0,1.918293833732605
7181,candidate_012,met_station_core;fc4_flux;cr1000xe_backbone,1.9504,calm,particle,0,1.4944981336593628
7181,candidate_012,met_station_core;fc4_flux;cr1000xe_backbone,1.9504,calm,particle,0,1.6598621606826782
7181,candidate_012,met_station_core;fc4_flux;cr1000xe_backbone,1.9504,calm,particle,0,1.6448357105255127
7181,candidate_012,met_station_core;fc4_flux;cr1000xe_backbone,1.9504,calm,particle,0,1.5366674661636353
7181,candidate_012,met_station_core;fc4_flux;cr1000xe_backbone,1.9504,calm,particle,0,1.360945224761963
7181,candidate_012,met_station_core;fc4_flux;cr1000xe_backbone,1.9504,calm,particle,0,1.6374694108963013
7181,candidate_012,met_station_core;fc4_flux;cr1000xe_backbone,1.9504,calm,particle,0,1.5015387535095215
7181,candidate_012,met_station_core;fc4_flux;cr1000xe_backbone,1.9504,calm,particle,0,1.918179988861084
7181,candidate_012,met_station_core;fc4_flux;cr1000xe_backbone,1.9504,calm,particle,0,1.8596267700195312
7181,candidate_012,met_station_core;fc4_flux;cr1000xe_backbone,1.9504,calm,particle,0,1.8860188722610474
7181,candidate_012,met_station_core;fc4_flux;cr1000xe_backbone,1.9504,calm,thermal,0,1.4399563074111938
7181,candidate_012,met_station_core;fc4_flux;cr1000xe_backbone,1.9504,calm,thermal,0,1.9268138408660889
7181,candidate_012,met_station_core;fc4_flux;cr1000xe_backbone,1.9504,calm,thermal,0,1.9716414213180542
7181,candidate_012,met_station_core;fc4_flux;cr1000xe_backbone,1.9504,calm,thermal,0,2.0974645614624023
7181,candidate_012,met_station_core;fc4_flux;cr1000xe_backbone,1.9504,calm,thermal,0,2.0570871829986572
7181,candidate_012,met_station_core;fc4_flux;cr1000xe_backbone,1.9504,calm,thermal,0,1.7941330671310425
7181,candidate_012,met_station_core;fc4_flux;cr1000xe_backbone,1.9504,calm,thermal,0,1.7722190618515015
7181,candidate_012,met_station_core;fc4_flux;cr1000xe_backbone,1.9504,calm,thermal,0,1.8178205490112305
7181,candidate_012,met_station_core;fc4_flux;cr1000xe_backbone,1.9504,calm,thermal,0,2.063523292541504
7181,candidate_012,met_station_core;fc4_flux;cr1000xe_backbone,1.9504,calm,thermal,0,1.7477219104766846
7181,candidate_012,met_station_core;fc4_flux;cr1000xe_backbone,1.9504,calm,thermal,0,1.77775239944458
7181,candidate_012,met_station_core;fc4_flux;cr1000xe_backbone,1.9504,calm,thermal,0,1.7100811004638672
7181,candidate_012,met_station_core;fc4_flux;cr1000xe_backbone,1.9504,calm,thermal,0,2.0805959701538086
7181,candidate_012,met_station_core;fc4_flux;cr1000xe_backbone,1.9504,calm,thermal,0,1.833254098892212
7181,candidate_012,met_station_core;fc4_flux;cr1000xe_backbone,1.9504,calm,thermal,0,1.9877101182937622
7181,candidate_012,met_station_core;fc4_flux;cr1000xe_backbone,1.9504,calm,thermal,0,1.949408769607544
7181,candidate_012,met_station_core;fc4_flux;cr1000xe_backbone,1.9504,calm,thermal,0,1.9939897060394287
7181,candidate_012,met_station_core;fc4_flux;cr1000xe_backbone,1.9504,calm,thermal,0,2.0360217094421387
7181,candidate_012,met_station_core;fc4_flux;cr1000xe_backbone,1.9504,calm,thermal,0,1.9793736934661865
7181,candidate_012,met_station_core;fc4_flux;cr1000xe_backbone,1.9504,calm,thermal,0,1.7949107885360718
7181,candidate_012,met_station_core;fc4_flux;cr1000xe_backbone,1.9504,calm,thermal,0,1.907202124595642
7181,candidate_012,met_station_core;fc4_flux;cr1000xe_backbone,1.9504,calm,thermal,0,1.9993889331817627
7181,candidate_012,met_station_core;fc4_flux;cr1000xe_backbone,1.9504,calm,thermal,0,2.0711216926574707
7181,candidate_012,met_station_core;fc4_flux;cr1000xe_backbone,1.9504,calm,thermal,0,1.9385064840316772
7181,candidate_012,met_station_core;fc4_flux;cr1000xe_backbone,1.9504,calm,thermal,0,2.2162256240844727
7181,candidate_012,met_station_core;fc4_flux;cr1000xe_backbone,1.9504,calm,thermal,0,2.10248064994812
7181,candidate_012,met_station_core;fc4_flux;cr1000xe_backbone,1.9504,calm,thermal,0,2.264216184616089
7181,candidate_012,met_station_core;fc4_flux;cr1000xe_backbone,1.9504,calm,transport,0,2.057302951812744
7181,candidate_012,met_station_core;fc4_flux;cr1000xe_backbone,1.9504,calm,transport,0,2.126957416534424
7181,candidate_012,met_station_core;fc4_flux;cr1000xe_backbone,1.9504,calm,transport,0,1.9024498462677002
7181,candidate_012,met_station_core;fc4_flux;cr1000xe_backbone,1.9504,calm,transport,0,1.8878008127212524
7181,candidate_012,met_station_core;fc4_flux;cr1000xe_backbone,1.9504,calm,transport,0,1.672652244567871
7181,candidate_012,met_station_core;fc4_flux;cr1000xe_backbone,1.9504,calm,transport,0,1.2462596893310547
7181,candidate_012,met_station_core;fc4_flux;cr1000xe_backbone,1.9504,calm,transport,0,1.2390592098236084
7181,candidate_012,met_station_core;fc4_flux;cr1000xe_backbone,1.9504,calm,transport,0,1.290298581123352
7181,candidate_012,met_station_core;fc4_flux;cr1000xe_backbone,1.9504,calm,transport,0,1.2013088464736938
7181,candidate_012,met_station_core;fc4_flux;cr1000xe_backbone,1.9504,calm,transport,0,0.8584541082382202
7181,candidate_012,met_station_core;fc4_flux;cr1000xe_backbone,1.9504,calm,transport,0,0.7628633975982666
7181,candidate_012,met_station_core;fc4_flux;cr1000xe_backbone,1.9504,calm,transport,0,0.57144695520401
7181,candidate_012,met_station_core;fc4_flux;cr1000xe_backbone,1.9504,calm,transport,0,0.5254895091056824
7181,candidate_012,met_station_core;fc4_flux;cr1000xe_backbone,1.9504,calm,transport,0,0.51022869348526
7181,candidate_012,met_station_core;fc4_flux;cr1000xe_backbone,1.9504,calm,transport,0,0.5800223350524902
7181,candidate_012,met_station_core;fc4_flux;cr1000xe_backbone,1.9504,calm,transport,0,0.5652060508728027
7181,candidate_012,met_station_core;fc4_flux;cr1000xe_backbone,1.9504,calm,transport,0,0.6796672344207764
7181,candidate_012,met_station_core;fc4_flux;cr1000xe_backbone,1.9504,calm,transport,0,0.6445414423942566
7181,candidate_012,met_station_core;fc4_flux;cr1000xe_backbone,1.9504,calm,transport,0,1.0195268392562866
7181,candidate_012,met_station_core;fc4_flux;cr1000xe_backbone,1.9504,calm,transport,0,1.164241909980774
7181,candidate_012,met_station_core;fc4_flux;cr1000xe_backbone,1.9504,calm,transport,0,0.9215061664581299
7181,candidate_012,met_station_core;fc4_flux;cr1000xe_backbone,1.9504,calm,transport,0,0.873201310634613
7181,candidate_012,met_station_core;fc4_flux;cr1000xe_backbone,1.9504,calm,transport,0,0.8040409088134766
7181,candidate_012,met_station_core;fc4_flux;cr1000xe_backbone,1.9504,calm,transport,0,0.692355215549469
7181,candidate_012,met_station_core;fc4_flux;cr1000xe_backbone,1.9504,calm,transport,0,0.6703206896781921
7181,candidate_012,met_station_core;fc4_flux;cr1000xe_backbone,1.9504,calm,transport,0,0.8091416358947754
7181,candidate_012,met_station_core;fc4_flux;cr1000xe_backbone,1.9504,calm,transport,0,0.7437055706977844
7181,candidate_012,met_station_core;fc4_flux;cr1000xe_backbone,1.9504,calm,transport,0,0.6888391375541687
7181,candidate_012,met_station_core;fc4_flux;cr1000xe_backbone,1.9504,calm,particle,0,0.67835932970047
7181,candidate_012,met_station_core;fc4_flux;cr1000xe_backbone,1.9504,calm,particle,0,0.6184216737747192
7181,candidate_012,met_station_core;fc4_flux;cr1000xe_backbone,1.9504,calm,particle,0,0.5596656203269958
7181,candidate_012,met_station_core;fc4_flux;cr1000xe_backbone,1.9504,calm,particle,0,0.5079200863838196
7181,candidate_012,met_station_core;fc4_flux;cr1000xe_backbone,1.9504,calm,particle,0,0.4738143980503082
7181,candidate_012,met_station_core;fc4_flux;cr1000xe_backbone,1.9504,calm,particle,0,0.3892139494419098
7181,candidate_012,met_station_core;fc4_flux;cr1000xe_backbone,1.9504,calm,particle,0,0.4444531500339508
7181,candidate_012,met_station_core;fc4_flux;cr1000xe_backbone,1.9504,calm,particle,0,0.4315268397331238
7181,candidate_012,met_station_core;fc4_flux;cr1000xe_backbone,1.9504,calm,particle,0,0.5177308917045593
7181,candidate_012,met_station_core;fc4_flux;cr1000xe_backbone,1.9504,calm,particle,0,0.5272363424301147
7181,candidate_012,met_station_core;fc4_flux;cr1000xe_backbone,1.9504,calm,particle,0,0.5866094827651978
7181,candidate_012,met_station_core;fc4_flux;cr1000xe_backbone,1.9504,calm,particle,0,0.6053798198699951
7181,candidate_012,met_station_core;fc4_flux;cr1000xe_backbone,1.9504,calm,particle,0,0.6031133532524109
7181,candidate_012,met_station_core;fc4_flux;cr1000xe_backbone,1.9504,calm,particle,0,0.530503511428833
7181,candidate_012,met_station_core;fc4_flux;cr1000xe_backbone,1.9504,calm,particle,0,0.5055611729621887
7181,candidate_012,met_station_core;fc4_flux;cr1000xe_backbone,1.9504,calm,particle,0,0.5160863399505615
7181,candidate_012,met_station_core;fc4_flux;cr1000xe_backbone,1.9504,calm,particle,0,0.505173921585083
7181,candidate_012,met_station_core;fc4_flux;cr1000xe_backbone,1.9504,calm,particle,0,0.5607270002365112
7181,candidate_012,met_station_core;fc4_flux;cr1000xe_backbone,1.9504,calm,particle,0,0.6345149278640747
7181,candidate_012,met_station_core;fc4_flux;cr1000xe_backbone,1.9504,calm,particle,0,0.6538761258125305
7181,candidate_012,met_station_core;fc4_flux;cr1000xe_backbone,1.9504,calm,particle,0,0.6590723395347595
7181,candidate_012,met_station_core;fc4_flux;cr1000xe_backbone,1.9504,calm,particle,0,0.7212110757827759
7181,candidate_012,met_station_core;fc4_flux;cr1000xe_backbone,1.9504,calm,particle,0,0.7808600664138794
7181,candidate_012,met_station_core;fc4_flux;cr1000xe_backbone,1.9504,calm,particle,0,0.8035698533058167
7181,candidate_012,met_station_core;fc4_flux;cr1000xe_backbone,1.9504,calm,particle,0,0.8394409418106079
7181,candidate_012,met_station_core;fc4_flux;cr1000xe_backbone,1.9504,calm,particle,0,1.2728780508041382
7181,candidate_012,met_station_core;fc4_flux;cr1000xe_backbone,1.9504,calm,particle,0,1.2345110177993774
7181,candidate_012,met_station_core;fc4_flux;cr1000xe_backbone,1.9504,calm,particle,0,1.5133827924728394
7181,candidate_012,met_station_core;fc4_flux;cr1000xe_backbone,1.9504,calm,particle,0,1.3142096996307373
7181,candidate_012,met_station_core;fc4_flux;cr1000xe_backbone,1.9504,calm,particle,0,1.3736823797225952
7181,candidate_012,met_station_core;fc4_flux;cr1000xe_backbone,1.9504,calm,particle,0,0.8763344883918762
7181,candidate_012,met_station_core;fc4_flux;cr1000xe_backbone,1.9504,calm,thermal,0,0.7487924098968506
7181,candidate_012,met_station_core;fc4_flux;cr1000xe_backbone,1.9504,calm,thermal,0,0.8623390197753906
7181,candidate_012,met_station_core;fc4_flux;cr1000xe_backbone,1.9504,calm,thermal,0,0.8509034514427185
7181,candidate_012,met_station_core;fc4_flux;cr1000xe_backbone,1.9504,calm,thermal,0,0.8913096785545349
7181,candidate_012,met_station_core;fc4_flux;cr1000xe_backbone,1.9504,calm,thermal,0,0.8293811082839966
7181,candidate_012,met_station_core;fc4_flux;cr1000xe_backbone,1.9504,calm,thermal,0,0.9503295421600342
7181,candidate_012,met_station_core;fc4_flux;cr1000xe_backbone,1.9504,calm,thermal,0,0.8093423247337341
7181,candidate_012,met_station_core;fc4_flux;cr1000xe_backbone,1.9504,calm,thermal,0,1.0033314228057861
7181,candidate_012,met_station_core;fc4_flux;cr1000xe_backbone,1.9504,calm,thermal,0,1.16813063621521
7181,candidate_012,met_station_core;fc4_flux;cr1000xe_backbone,1.9504,calm,thermal,0,1.33647620677948
7181,candidate_012,met_station_core;fc4_flux;cr1000xe_backbone,1.9504,calm,thermal,0,1.2807278633117676
7181,candidate_012,met_station_core;fc4_flux;cr1000xe_backbone,1.9504,calm,thermal,0,1.5789142847061157
7181,candidate_012,met_station_core;fc4_flux;cr1000xe_backbone,1.9504,calm,thermal,0,1.7736672163009644
7181,candidate_012,met_station_core;fc4_flux;cr1000xe_backbone,1.9504,calm,thermal,0,1.6582849025726318
7181,candidate_012,met_station_core;fc4_flux;cr1000xe_backbone,1.9504,calm,thermal,0,1.7885583639144897
7181,candidate_012,met_station_core;fc4_flux;cr1000xe_backbone,1.9504,calm,thermal,0,1.867203950881958
7181,candidate_012,met_station_core;fc4_flux;cr1000xe_backbone,1.9504,calm,thermal,0,1.9442719221115112
7181,candidate_012,met_station_core;fc4_flux;cr1000xe_backbone,1.9504,calm,thermal,0,1.874027967453003
7181,candidate_012,met_station_core;fc4_flux;cr1000xe_backbone,1.9504,calm,thermal,0,1.8903566598892212
7181,candidate_012,met_station_core;fc4_flux;cr1000xe_backbone,1.9504,calm,thermal,0,1.8795111179351807
7181,candidate_012,met_station_core;fc4_flux;cr1000xe_backbone,1.9504,calm,transport,0,1.7738721370697021
7181,candidate_012,met_station_core;fc4_flux;cr1000xe_backbone,1.9504,calm,transport,0,1.805426001548767
7181,candidate_012,met_station_core;fc4_flux;cr1000xe_backbone,1.9504,calm,transport,0,1.6541438102722168
7181,candidate_012,met_station_core;fc4_flux;cr1000xe_backbone,1.9504,calm,transport,0,1.6342536211013794
7181,candidate_012,met_station_core;fc4_flux;cr1000xe_backbone,1.9504,calm,transport,0,1.591636300086975
7181,candidate_012,met_station_core;fc4_flux;cr1000xe_backbone,1.9504,calm,transport,0,1.7360724210739136
7181,candidate_012,met_station_core;fc4_flux;cr1000xe_backbone,1.9504,calm,transport,0,1.8398771286010742
7181,candidate_012,met_station_core;fc4_flux;cr1000xe_backbone,1.9504,calm,transport,0,1.8168129920959473
7181,candidate_012,met_station_core;fc4_flux;cr1000xe_backbone,1.9504,calm,transport,0,1.6794662475585938
7181,candidate_012,met_station_core;fc4_flux;cr1000xe_backbone,1.9504,calm,transport,0,1.6698973178863525
7181,candidate_012,met_station_core;fc4_flux;cr1000xe_backbone,1.9504,calm,transport,0,1.6157498359680176
7181,candidate_012,met_station_core;fc4_flux;cr1000xe_backbone,1.9504,calm,transport,0,1.6422147750854492
7181,candidate_012,met_station_core;fc4_flux;cr1000xe_backbone,1.9504,calm,transport,0,1.8237797021865845
7181,candidate_012,met_station_core;fc4_flux;cr1000xe_backbone,1.9504,calm,transport,0,1.7734709978103638
7181,candidate_012,met_station_core;fc4_flux;cr1000xe_backbone,1.9504,calm,transport,0,1.7368314266204834
7181,candidate_012,met_station_core;fc4_flux;cr1000xe_backbone,1.9504,calm,transport,0,1.7955656051635742
7181,candidate_012,met_station_core;fc4_flux;cr1000xe_backbone,1.9504,calm,transport,0,1.9072645902633667
7181,candidate_012,met_station_core;fc4_flux;cr1000xe_backbone,1.9504,calm,transport,0,1.8345950841903687
7181,candidate_012,met_station_core;fc4_flux;cr1000xe_backbone,1.9504,calm,transport,0,1.7546528577804565
7181,candidate_012,met_station_core;fc4_flux;cr1000xe_backbone,1.9504,calm,transport,0,1.8151865005493164
7181,candidate_012,met_station_core;fc4_flux;cr1000xe_backbone,1.9504,calm,transport,0,1.830950140953064
7181,candidate_012,met_station_core;fc4_flux;cr1000xe_backbone,1.9504,calm,transport,0,1.8836671113967896
7181,candidate_012,met_station_core;fc4_flux;cr1000xe_backbone,1.9504,calm,transport,0,1.7516765594482422
7181,candidate_012,met_station_core;fc4_flux;cr1000xe_backbone,1.9504,calm,transport,0,1.8438884019851685
7181,candidate_012,met_station_core;fc4_flux;cr1000xe_backbone,1.9504,calm,transport,0,1.807820439338684
7181,candidate_012,met_station_core;fc4_flux;cr1000xe_backbone,1.9504,calm,transport,0,1.898306965827942
7181,candidate_012,met_station_core;fc4_flux;cr1000xe_backbone,1.9504,calm,transport,0,1.74761164188385
7181,candidate_012,met_station_core;fc4_flux;cr1000xe_backbone,1.9504,calm,transport,0,1.774388313293457
7181,candidate_012,met_station_core;fc4_flux;cr1000xe_backbone,1.9504,calm,transport,0,1.7918763160705566
7181,candidate_012,met_station_core;fc4_flux;cr1000xe_backbone,1.9504,calm,transport,0,1.9336198568344116
7181,candidate_012,met_station_core;fc4_flux;cr1000xe_backbone,1.9504,calm,transport,0,2.0251736640930176
7181,candidate_012,met_station_core;fc4_flux;cr1000xe_backbone,1.9504,calm,transport,0,2.158083200454712
7181,candidate_012,met_station_core;fc4_flux;cr1000xe_backbone,1.9504,calm,transport,0,2.192249298095703
7181,candidate_012,met_station_core;fc4_flux;cr1000xe_backbone,1.9504,calm,transport,0,2.253432273864746
7181,candidate_012,met_station_core;fc4_flux;cr1000xe_backbone,1.9504,calm,transport,0,2.32033371925354
7181,candidate_012,met_station_core;fc4_flux;cr1000xe_backbone,1.9504,calm,particle,0,2.282146453857422
7181,candidate_012,met_station_core;fc4_flux;cr1000xe_backbone,1.9504,calm,particle,0,2.436155319213867
7181,candidate_012,met_station_core;fc4_flux;cr1000xe_backbone,1.9504,calm,particle,0,2.419358968734741
7181,candidate_012,met_station_core;fc4_flux;cr1000xe_backbone,1.9504,calm,particle,0,2.472666025161743
7181,candidate_012,met_station_core;fc4_flux;cr1000xe_backbone,1.9504,calm,particle,0,2.513699531555176
7181,candidate_012,met_station_core;fc4_flux;cr1000xe_backbone,1.9504,calm,particle,0,2.5508875846862793
7181,candidate_012,met_station_core;fc4_flux;cr1000xe_backbone,1.9504,calm,particle,0,2.522826671600342
7181,candidate_012,met_station_core;fc4_flux;cr1000xe_backbone,1.9504,calm,particle,0,2.540998935699463
7181,candidate_012,met_station_core;fc4_flux;cr1000xe_backbone,1.9504,calm,particle,0,2.545562267303467
7181,candidate_012,met_station_core;fc4_flux;cr1000xe_backbone,1.9504,calm,particle,0,2.5634925365448
7181,candidate_012,met_station_core;fc4_flux;cr1000xe_backbone,1.9504,calm,particle,0,2.4652881622314453
7181,candidate_012,met_station_core;fc4_flux;cr1000xe_backbone,1.9504,calm,particle,0,2.5301153659820557
7181,candidate_012,met_station_core;fc4_flux;cr1000xe_backbone,1.9504,calm,particle,0,2.563278913497925
7181,candidate_012,met_station_core;fc4_flux;cr1000xe_backbone,1.9504,calm,particle,0,2.5700390338897705
7181,candidate_012,met_station_core;fc4_flux;cr1000xe_backbone,1.9504,calm,particle,0,2.5641374588012695
7181,candidate_012,met_station_core;fc4_flux;cr1000xe_backbone,1.9504,calm,particle,0,2.522437334060669
7181,candidate_012,met_station_core;fc4_flux;cr1000xe_backbone,1.9504,calm,particle,0,2.5207138061523438
7181,candidate_012,met_station_core;fc4_flux;cr1000xe_backbone,1.9504,calm,particle,0,2.4836738109588623
7181,candidate_012,met_station_core;fc4_flux;cr1000xe_backbone,1.9504,calm,particle,0,2.616795301437378
7181,candidate_012,met_station_core;fc4_flux;cr1000xe_backbone,1.9504,calm,particle,0,2.559211015701294
7181,candidate_012,met_station_core;fc4_flux;cr1000xe_backbone,1.9504,calm,particle,0,2.6391873359680176
7181,candidate_012,met_station_core;fc4_flux;cr1000xe_backbone,1.9504,calm,particle,0,2.661851644515991
7181,candidate_012,met_station_core;fc4_flux;cr1000xe_backbone,1.9504,calm,particle,0,2.712691068649292
7181,candidate_012,met_station_core;fc4_flux;cr1000xe_backbone,1.9504,calm,particle,0,2.7085514068603516
7181,candidate_012,met_station_core;fc4_flux;cr1000xe_backbone,1.9504,calm,particle,0,2.718740701675415
7181,candidate_012,met_station_core;fc4_flux;cr1000xe_backbone,1.9504,calm,particle,0,2.7360634803771973
7181,candidate_012,met_station_core;fc4_flux;cr1000xe_backbone,1.9504,calm,particle,0,2.676069974899292
7181,candidate_012,met_station_core;fc4_flux;cr1000xe_backbone,1.9504,calm,particle,0,2.721039295196533
7181,candidate_012,met_station_core;fc4_flux;cr1000xe_backbone,1.9504,calm,particle,0,2.712604522705078
7181,candidate_012,met_station_core;fc4_flux;cr1000xe_backbone,1.9504,calm,particle,0,2.7538700103759766
7181,candidate_012,met_station_core;fc4_flux;cr1000xe_backbone,1.9504,calm,particle,0,2.7364232540130615
7181,candidate_012,met_station_core;fc4_flux;cr1000xe_backbone,1.9504,calm,particle,0,2.746044397354126
7181,candidate_012,met_station_core;fc4_flux;cr1000xe_backbone,1.9504,calm,particle,0,2.7789907455444336
7181,candidate_012,met_station_core;fc4_flux;cr1000xe_backbone,1.9504,calm,particle,0,2.729796886444092
7181,candidate_012,met_station_core;fc4_flux;cr1000xe_backbone,1.9504,calm,thermal,0,2.708731174468994
7181,candidate_012,met_station_core;fc4_flux;cr1000xe_backbone,1.9504,calm,thermal,0,2.446134090423584
7181,candidate_012,met_station_core;fc4_flux;cr1000xe_backbone,1.9504,calm,thermal,0,2.5768516063690186
7181,candidate_012,met_station_core;fc4_flux;cr1000xe_backbone,1.9504,calm,thermal,0,1.9888331890106201
7181,candidate_012,met_station_core;fc4_flux;cr1000xe_backbone,1.9504,calm,thermal,0,1.2139323949813843
7181,candidate_012,met_station_core;fc4_flux;cr1000xe_backbone,1.9504,calm,thermal,0,1.092699408531189
7181,candidate_012,met_station_core;fc4_flux;cr1000xe_backbone,1.9504,calm,thermal,0,1.2942615747451782
7181,candidate_012,met_station_core;fc4_flux;cr1000xe_backbone,1.9504,calm,thermal,0,1.1917654275894165
7181,candidate_012,met_station_core;fc4_flux;cr1000xe_backbone,1.9504,calm,thermal,0,1.0509451627731323
7181,candidate_012,met_station_core;fc4_flux;cr1000xe_backbone,1.9504,calm,thermal,0,1.0351498126983643
7181,candidate_012,met_station_core;fc4_flux;cr1000xe_backbone,1.9504,calm,thermal,0,1.208256483078003
7181,candidate_012,met_station_core;fc4_flux;cr1000xe_backbone,1.9504,calm,thermal,0,1.1228998899459839
7181,candidate_012,met_station_core;fc4_flux;cr1000xe_backbone,1.9504,calm,thermal,0,0.9658507704734802
7181,candidate_012,met_station_core;fc4_flux;cr1000xe_backbone,1.9504,calm,thermal,0,1.1063710451126099
7181,candidate_012,met_station_core;fc4_flux;cr1000xe_backbone,1.9504,calm,thermal,0,1.1075656414031982
7181,candidate_012,met_station_core;fc4_flux;cr1000xe_backbone,1.9504,calm,thermal,0,1.1709167957305908
7181,candidate_012,met_station_core;fc4_flux;cr1000xe_backbone,1.9504,calm,thermal,0,1.1469321250915527
7181,candidate_012,met_station_core;fc4_flux;cr1000xe_backbone,1.9504,calm,thermal,0,1.0596715211868286
7181,candidate_012,met_station_core;fc4_flux;cr1000xe_backbone,1.9504,calm,thermal,0,0.9910418391227722
7181,candidate_012,met_station_core;fc4_flux;cr1000xe_backbone,1.9504,calm,thermal,0,0.9277244210243225
7181,candidate_012,met_station_core;fc4_flux;cr1000xe_backbone,1.9504,calm,thermal,0,0.802117645740509
7181,candidate_012,met_station_core;fc4_flux;cr1000xe_backbone,1.9504,calm,transport,0,0.9247288107872009
7181,candidate_012,met_station_core;fc4_flux;cr1000xe_backbone,1.9504,calm,transport,0,1.027647614479065
7181,candidate_012,met_station_core;fc4_flux;cr1000xe_backbone,1.9504,calm,transport,0,1.701175332069397
7181,candidate_012,met_station_core;fc4_flux;cr1000xe_backbone,1.9504,calm,transport,0,1.220469355583191
7181,candidate_012,met_station_core;fc4_flux;cr1000xe_backbone,1.9504,calm,transport,0,1.4357742071151733
7181,candidate_012,met_station_core;fc4_flux;cr1000xe_backbone,1.9504,calm,transport,0,1.677664875984192
7181,candidate_012,met_station_core;fc4_flux;cr1000xe_backbone,1.9504,calm,transport,0,1.9392768144607544
7181,candidate_012,met_station_core;fc4_flux;cr1000xe_backbone,1.9504,calm,transport,0,1.1888550519943237
7181,candidate_012,met_station_core;fc4_flux;cr1000xe_backbone,1.9504,calm,transport,0,1.7769137620925903
7181,candidate_012,met_station_core;fc4_flux;cr1000xe_backbone,1.9504,calm,transport,0,2.3083114624023438
7181,candidate_012,met_station_core;fc4_flux;cr1000xe_backbone,1.9504,calm,transport,0,2.2873339653015137
7181,candidate_012,met_station_core;fc4_flux;cr1000xe_backbone,1.9504,calm,transport,0,2.1067094802856445
7181,candidate_012,met_station_core;fc4_flux;cr1000xe_backbone,1.9504,calm,transport,0,2.1053292751312256
7181,candidate_012,met_station_core;fc4_flux;cr1000xe_backbone,1.9504,calm,transport,0,2.0078585147857666
7181,candidate_012,met_station_core;fc4_flux;cr1000xe_backbone,1.9504,calm,transport,0,1.3071534633636475
7181,candidate_012,met_station_core;fc4_flux;cr1000xe_backbone,1.9504,calm,transport,0,1.8716846704483032
7181,candidate_012,met_station_core;fc4_flux;cr1000xe_backbone,1.9504,particle,thermal,1,0.6192211508750916
7181,candidate_012,met_station_core;fc4_flux;cr1000xe_backbone,1.9504,particle,thermal,1,0.9441683888435364
7181,candidate_012,met_station_core;fc4_flux;cr1000xe_backbone,1.9504,particle,thermal,1,1.1654852628707886
7181,candidate_012,met_station_core;fc4_flux;cr1000xe_backbone,1.9504,particle,thermal,1,1.331023097038269
7181,candidate_012,met_station_core;fc4_flux;cr1000xe_backbone,1.9504,particle,thermal,1,1.662257432937622
7181,candidate_012,met_station_core;fc4_flux;cr1000xe_backbone,1.9504,particle,thermal,1,1.942718267440796
7181,candidate_012,met_station_core;fc4_flux;cr1000xe_backbone,1.9504,particle,thermal,1,2.291041374206543
7181,candidate_012,met_station_core;fc4_flux;cr1000xe_backbone,1.9504,particle,thermal,1,2.652803421020508
7181,candidate_012,met_station_core;fc4_flux;cr1000xe_backbone,1.9504,particle,transport,1,2.36042857170105
7181,candidate_012,met_station_core;fc4_flux;cr1000xe_backbone,1.9504,particle,transport,1,1.7129509449005127
7181,candidate_012,met_station_core;fc4_flux;cr1000xe_backbone,1.9504,particle,transport,1,1.7323030233383179
7181,candidate_012,met_station_core;fc4_flux;cr1000xe_backbone,1.9504,particle,transport,1,2.4503111839294434
7181,candidate_012,met_station_core;fc4_flux;cr1000xe_backbone,1.9504,particle,transport,1,2.0896613597869873
7181,candidate_012,met_station_core;fc4_flux;cr1000xe_backbone,1.9504,particle,transport,1,2.030062198638916
7181,candidate_012,met_station_core;fc4_flux;cr1000xe_backbone,1.9504,particle,transport,1,2.301453113555908
7181,candidate_012,met_station_core;fc4_flux;cr1000xe_backbone,1.9504,particle,transport,1,2.5399043560028076
7181,candidate_012,met_station_core;fc4_flux;cr1000xe_backbone,1.9504,particle,transport,1,2.5975818634033203
7181,candidate_012,met_station_core;fc4_flux;cr1000xe_backbone,1.9504,particle,transport,1,2.5194506645202637
7181,candidate_012,met_station_core;fc4_flux;cr1000xe_backbone,1.9504,particle,transport,1,2.479342222213745
7181,candidate_012,met_station_core;fc4_flux;cr1000xe_backbone,1.9504,particle,transport,1,2.5245656967163086
7181,candidate_012,met_station_core;fc4_flux;cr1000xe_backbone,1.9504,particle,transport,1,2.6637392044067383
7181,candidate_012,met_station_core;fc4_flux;cr1000xe_backbone,1.9504,calm,transport,0,2.59517502784729
7181,candidate_012,met_station_core;fc4_flux;cr1000xe_backbone,1.9504,calm,transport,0,2.208000659942627
7181,candidate_012,met_station_core;fc4_flux;cr1000xe_backbone,1.9504,calm,transport,0,2.166118621826172
7181,candidate_012,met_station_core;fc4_flux;cr1000xe_backbone,1.9504,calm,transport,0,0.8471818566322327
7181,candidate_012,met_station_core;fc4_flux;cr1000xe_backbone,1.9504,calm,transport,0,0.5238330960273743
7181,candidate_012,met_station_core;fc4_flux;cr1000xe_backbone,1.9504,calm,transport,0,0.6131421327590942
7181,candidate_012,met_station_core;fc4_flux;cr1000xe_backbone,1.9504,calm,transport,0,0.5526609420776367
7181,candidate_012,met_station_core;fc4_flux;cr1000xe_backbone,1.9504,calm,transport,0,0.45497581362724304
7181,candidate_012,met_station_core;fc4_flux;cr1000xe_backbone,1.9504,calm,transport,0,0.3713623285293579
7181,candidate_012,met_station_core;fc4_flux;cr1000xe_backbone,1.9504,calm,transport,0,0.5511415600776672
7181,candidate_012,met_station_core;fc4_flux;cr1000xe_backbone,1.9504,calm,transport,0,0.526566207408905
7181,candidate_012,met_station_core;fc4_flux;cr1000xe_backbone,1.9504,calm,transport,0,0.459401398897171
7181,candidate_012,met_station_core;fc4_flux;cr1000xe_backbone,1.9504,calm,particle,0,0.4103294610977173
7181,candidate_012,met_station_core;fc4_flux;cr1000xe_backbone,1.9504,flux,particle,2,0.5055637955665588
7181,candidate_012,met_station_core;fc4_flux;cr1000xe_backbone,1.9504,flux,particle,2,0.5935041308403015
7181,candidate_012,met_station_core;fc4_flux;cr1000xe_backbone,1.9504,flux,particle,2,0.5304175019264221
7181,candidate_012,met_station_core;fc4_flux;cr1000xe_backbone,1.9504,flux,particle,2,0.5296171307563782
7181,candidate_012,met_station_core;fc4_flux;cr1000xe_backbone,1.9504,flux,particle,2,0.4414948523044586
7181,candidate_012,met_station_core;fc4_flux;cr1000xe_backbone,1.9504,flux,particle,2,0.6143254637718201
7181,candidate_012,met_station_core;fc4_flux;cr1000xe_backbone,1.9504,flux,particle,2,0.589745819568634
7181,candidate_012,met_station_core;fc4_flux;cr1000xe_backbone,1.9504,flux,particle,2,0.6371833086013794
7181,candidate_012,met_station_core;fc4_flux;cr1000xe_backbone,1.9504,flux,particle,2,0.5792083740234375
7181,candidate_012,met_station_core;fc4_flux;cr1000xe_backbone,1.9504,flux,particle,2,0.7330019474029541
7181,candidate_012,met_station_core;fc4_flux;cr1000xe_backbone,1.9504,flux,particle,2,0.6416279673576355
7181,candidate_012,met_station_core;fc4_flux;cr1000xe_backbone,1.9504,flux,particle,2,0.5962525606155396
7181,candidate_012,met_station_core;fc4_flux;cr1000xe_backbone,1.9504,flux,particle,2,0.6338003873825073
7181,candidate_012,met_station_core;fc4_flux;cr1000xe_backbone,1.9504,flux,particle,2,0.572111964225769
7181,candidate_012,met_station_core;fc4_flux;cr1000xe_backbone,1.9504,flux,particle,2,0.5990142226219177
7181,candidate_012,met_station_core;fc4_flux;cr1000xe_backbone,1.9504,flux,particle,2,0.660378634929657
7181,candidate_012,met_station_core;fc4_flux;cr1000xe_backbone,1.9504,flux,particle,2,0.6204913854598999
7181,candidate_012,met_station_core;fc4_flux;cr1000xe_backbone,1.9504,flux,particle,2,0.484375536441803
7181,candidate_012,met_station_core;fc4_flux;cr1000xe_backbone,1.9504,flux,particle,2,0.38105499744415283
7181,candidate_012,met_station_core;fc4_flux;cr1000xe_backbone,1.9504,flux,particle,2,0.4661765992641449
7181,candidate_012,met_station_core;fc4_flux;cr1000xe_backbone,1.9504,flux,particle,2,0.5461048483848572
7181,candidate_012,met_station_core;fc4_flux;cr1000xe_backbone,1.9504,flux,particle,2,0.5479062795639038
7181,candidate_012,met_station_core;fc4_flux;cr1000xe_backbone,1.9504,flux,thermal,2,0.5061630606651306
7181,candidate_012,met_station_core;fc4_flux;cr1000xe_backbone,1.9504,flux,thermal,2,0.4643961191177368
7181,candidate_012,met_station_core;fc4_flux;cr1000xe_backbone,1.9504,flux,thermal,2,0.38110989332199097
7181,candidate_012,met_station_core;fc4_flux;cr1000xe_backbone,1.9504,flux,thermal,2,0.4385965168476105
7181,candidate_012,met_station_core;fc4_flux;cr1000xe_backbone,1.9504,flux,thermal,2,0.4285687804222107
7181,candidate_012,met_station_core;fc4_flux;cr1000xe_backbone,1.9504,flux,thermal,2,0.5520083904266357
7181,candidate_012,met_station_core;fc4_flux;cr1000xe_backbone,1.9504,flux,thermal,2,0.5862118005752563
7181,candidate_012,met_station_core;fc4_flux;cr1000xe_backbone,1.9504,flux,thermal,2,0.606492280960083
7181,candidate_012,met_station_core;fc4_flux;cr1000xe_backbone,1.9504,flux,thermal,2,0.6502707004547119
7181,candidate_012,met_station_core;fc4_flux;cr1000xe_backbone,1.9504,flux,thermal,2,0.6409587860107422
7181,candidate_012,met_station_core;fc4_flux;cr1000xe_backbone,1.9504,flux,thermal,2,0.7106190323829651
7181,candidate_012,met_station_core;fc4_flux;cr1000xe_backbone,1.9504,flux,thermal,2,0.7477220892906189
7181,candidate_012,met_station_core;fc4_flux;cr1000xe_backbone,1.9504,flux,thermal,2,0.7338213324546814
7181,candidate_012,met_station_core;fc4_flux;cr1000xe_backbone,1.9504,flux,thermal,2,0.7896571755409241
7181,candidate_012,met_station_core;fc4_flux;cr1000xe_backbone,1.9504,flux,thermal,2,0.8888998627662659
7181,candidate_012,met_station_core;fc4_flux;cr1000xe_backbone,1.9504,flux,thermal,2,0.8262572884559631
7181,candidate_012,met_station_core;fc4_flux;cr1000xe_backbone,1.9504,flux,thermal,2,1.175553798675537
7181,candidate_012,met_station_core;fc4_flux;cr1000xe_backbone,1.9504,flux,thermal,2,1.2030783891677856
7181,candidate_012,met_station_core;fc4_flux;cr1000xe_backbone,1.9504,flux,thermal,2,0.9143722057342529
7181,candidate_012,met_station_core;fc4_flux;cr1000xe_backbone,1.9504,flux,thermal,2,1.9018715620040894
7181,candidate_012,met_station_core;fc4_flux;cr1000xe_backbone,1.9504,flux,thermal,2,2.333104372024536
7181,candidate_012,met_station_core;fc4_flux;cr1000xe_backbone,1.9504,flux,thermal,2,2.420398473739624
7181,candidate_012,met_station_core;fc4_flux;cr1000xe_backbone,1.9504,flux,thermal,2,2.1408798694610596
7181,candidate_012,met_station_core;fc4_flux;cr1000xe_backbone,1.9504,flux,thermal,2,2.240222215652466
7181,candidate_012,met_station_core;fc4_flux;cr1000xe_backbone,1.9504,flux,thermal,2,2.4115166664123535
7181,candidate_012,met_station_core;fc4_flux;cr1000xe_backbone,1.9504,flux,thermal,2,2.486910104751587
7181,candidate_012,met_station_core;fc4_flux;cr1000xe_backbone,1.9504,flux,thermal,2,2.729750394821167
7181,candidate_012,met_station_core;fc4_flux;cr1000xe_backbone,1.9504,flux,thermal,2,2.6353321075439453
7181,candidate_012,met_station_core;fc4_flux;cr1000xe_backbone,1.9504,flux,thermal,2,2.389923095703125
7181,candidate_012,met_station_core;fc4_flux;cr1000xe_backbone,1.9504,flux,thermal,2,2.5428590774536133
7181,candidate_012,met_station_core;fc4_flux;cr1000xe_backbone,1.9504,flux,thermal,2,2.933192729949951
7181,candidate_012,met_station_core;fc4_flux;cr1000xe_backbone,1.9504,calm,thermal,0,2.5076935291290283
7181,candidate_012,met_station_core;fc4_flux;cr1000xe_backbone,1.9504,calm,thermal,0,2.4431240558624268
7181,candidate_012,met_station_core;fc4_flux;cr1000xe_backbone,1.9504,calm,thermal,0,2.3886289596557617
7181,candidate_012,met_station_core;fc4_flux;cr1000xe_backbone,1.9504,calm,transport,0,1.7326669692993164
7181,candidate_012,met_station_core;fc4_flux;cr1000xe_backbone,1.9504,calm,transport,0,2.3468377590179443
7181,candidate_012,met_station_core;fc4_flux;cr1000xe_backbone,1.9504,calm,transport,0,2.321214199066162
7181,candidate_012,met_station_core;fc4_flux;cr1000xe_backbone,1.9504,calm,transport,0,2.3655107021331787
7181,candidate_012,met_station_core;fc4_flux;cr1000xe_backbone,1.9504,calm,transport,0,2.0367085933685303
7181,candidate_012,met_station_core;fc4_flux;cr1000xe_backbone,1.9504,calm,transport,0,2.452289342880249
7181,candidate_012,met_station_core;fc4_flux;cr1000xe_backbone,1.9504,calm,transport,0,2.4517462253570557
7181,candidate_012,met_station_core;fc4_flux;cr1000xe_backbone,1.9504,calm,transport,0,2.4486794471740723
7181,candidate_012,met_station_core;fc4_flux;cr1000xe_backbone,1.9504,calm,transport,0,2.4050166606903076
7181,candidate_012,met_station_core;fc4_flux;cr1000xe_backbone,1.9504,calm,transport,0,2.2936439514160156
7181,candidate_012,met_station_core;fc4_flux;cr1000xe_backbone,1.9504,calm,transport,0,2.3337576389312744
7181,candidate_012,met_station_core;fc4_flux;cr1000xe_backbone,1.9504,particle,transport,1,2.471853256225586
7181,candidate_012,met_station_core;fc4_flux;cr1000xe_backbone,1.9504,particle,transport,1,2.3741695880889893
7181,candidate_012,met_station_core;fc4_flux;cr1000xe_backbone,1.9504,particle,transport,1,2.232074737548828
7181,candidate_012,met_station_core;fc4_flux;cr1000xe_backbone,1.9504,particle,transport,1,1.8988076448440552
7181,candidate_012,met_station_core;fc4_flux;cr1000xe_backbone,1.9504,particle,transport,1,1.8274145126342773
7181,candidate_012,met_station_core;fc4_flux;cr1000xe_backbone,1.9504,particle,transport,1,1.4823812246322632
7181,candidate_012,met_station_core;fc4_flux;cr1000xe_backbone,1.9504,particle,transport,1,1.1651784181594849
7181,candidate_012,met_station_core;fc4_flux;cr1000xe_backbone,1.9504,particle,transport,1,1.0642211437225342
7181,candidate_012,met_station_core;fc4_flux;cr1000xe_backbone,1.9504,particle,transport,1,0.7748110890388489
7181,candidate_012,met_station_core;fc4_flux;cr1000xe_backbone,1.9504,particle,transport,1,1.387821078300476
7181,candidate_012,met_station_core;fc4_flux;cr1000xe_backbone,1.9504,particle,transport,1,1.3123061656951904
7181,candidate_012,met_station_core;fc4_flux;cr1000xe_backbone,1.9504,particle,transport,1,0.7456044554710388
7181,candidate_012,met_station_core;fc4_flux;cr1000xe_backbone,1.9504,particle,transport,1,0.6708438992500305
7181,candidate_012,met_station_core;fc4_flux;cr1000xe_backbone,1.9504,particle,transport,1,0.5302489399909973
7181,candidate_012,met_station_core;fc4_flux;cr1000xe_backbone,1.9504,particle,transport,1,0.45749205350875854
7181,candidate_012,met_station_core;fc4_flux;cr1000xe_backbone,1.9504,particle,particle,1,0.36571136116981506
7181,candidate_012,met_station_core;fc4_flux;cr1000xe_backbone,1.9504,particle,particle,1,0.3229080140590668
7181,candidate_012,met_station_core;fc4_flux;cr1000xe_backbone,1.9504,particle,particle,1,0.3815016448497772
7181,candidate_012,met_station_core;fc4_flux;cr1000xe_backbone,1.9504,particle,particle,1,0.3458293080329895
7181,candidate_012,met_station_core;fc4_flux;cr1000xe_backbone,1.9504,particle,particle,1,0.44081297516822815
7181,candidate_012,met_station_core;fc4_flux;cr1000xe_backbone,1.9504,particle,particle,1,0.41594329476356506
7181,candidate_012,met_station_core;fc4_flux;cr1000xe_backbone,1.9504,particle,particle,1,0.4192850887775421
7181,candidate_012,met_station_core;fc4_flux;cr1000xe_backbone,1.9504,particle,particle,1,0.6010086536407471
7181,candidate_012,met_station_core;fc4_flux;cr1000xe_backbone,1.9504,particle,particle,1,0.6981602311134338
7181,candidate_012,met_station_core;fc4_flux;cr1000xe_backbone,1.9504,particle,particle,1,0.8656824827194214
7181,candidate_012,met_station_core;fc4_flux;cr1000xe_backbone,1.9504,particle,particle,1,0.6740627288818359
7181,candidate_012,met_station_core;fc4_flux;cr1000xe_backbone,1.9504,calm,particle,0,0.42253395915031433
7181,candidate_012,met_station_core;fc4_flux;cr1000xe_backbone,1.9504,calm,particle,0,0.3890373706817627
7181,candidate_012,met_station_core;fc4_flux;cr1000xe_backbone,1.9504,calm,particle,0,0.40963590145111084
7181,candidate_012,met_station_core;fc4_flux;cr1000xe_backbone,1.9504,calm,particle,0,0.44859281182289124
7181,candidate_012,met_station_core;fc4_flux;cr1000xe_backbone,1.9504,calm,particle,0,0.5295052528381348
7181,candidate_012,met_station_core;fc4_flux;cr1000xe_backbone,1.9504,calm,particle,0,0.6872456669807434
7181,candidate_012,met_station_core;fc4_flux;cr1000xe_backbone,1.9504,calm,particle,0,0.8217613697052002
7181,candidate_012,met_station_core;fc4_flux;cr1000xe_backbone,1.9504,calm,particle,0,1.2325090169906616
7181,candidate_012,met_station_core;fc4_flux;cr1000xe_backbone,1.9504,calm,thermal,0,1.078363299369812
7181,candidate_012,met_station_core;fc4_flux;cr1000xe_backbone,1.9504,calm,thermal,0,1.4392013549804688
7181,candidate_012,met_station_core;fc4_flux;cr1000xe_backbone,1.9504,calm,thermal,0,1.8737070560455322
7181,candidate_012,met_station_core;fc4_flux;cr1000xe_backbone,1.9504,calm,thermal,0,1.9127949476242065
7181,candidate_012,met_station_core;fc4_flux;cr1000xe_backbone,1.9504,calm,thermal,0,2.024186611175537
7181,candidate_012,met_station_core;fc4_flux;cr1000xe_backbone,1.9504,flux,thermal,2,2.254492998123169
7181,candidate_012,met_station_core;fc4_flux;cr1000xe_backbone,1.9504,flux,thermal,2,2.530491828918457
7181,candidate_012,met_station_core;fc4_flux;cr1000xe_backbone,1.9504,flux,thermal,2,2.478529930114746
7181,candidate_012,met_station_core;fc4_flux;cr1000xe_backbone,1.9504,flux,thermal,2,2.308403253555298
7181,candidate_012,met_station_core;fc4_flux;cr1000xe_backbone,1.9504,flux,thermal,2,2.1116409301757812
7181,candidate_012,met_station_core;fc4_flux;cr1000xe_backbone,1.9504,flux,thermal,2,2.347158670425415
7181,candidate_012,met_station_core;fc4_flux;cr1000xe_backbone,1.9504,flux,thermal,2,1.8118106126785278
7181,candidate_012,met_station_core;fc4_flux;cr1000xe_backbone,1.9504,flux,thermal,2,1.0840964317321777
7181,candidate_012,met_station_core;fc4_flux;cr1000xe_backbone,1.9504,flux,thermal,2,0.9369128346443176
7181,candidate_012,met_station_core;fc4_flux;cr1000xe_backbone,1.9504,flux,thermal,2,0.4234105050563812
7181,candidate_012,met_station_core;fc4_flux;cr1000xe_backbone,1.9504,flux,thermal,2,0.5137937664985657
7181,candidate_012,met_station_core;fc4_flux;cr1000xe_backbone,1.9504,flux,thermal,2,0.39965519309043884
7181,candidate_012,met_station_core;fc4_flux;cr1000xe_backbone,1.9504,flux,thermal,2,0.7554797530174255
7181,candidate_012,met_station_core;fc4_flux;cr1000xe_backbone,1.9504,flux,thermal,2,0.45558831095695496
7181,candidate_012,met_station_core;fc4_flux;cr1000xe_backbone,1.9504,flux,thermal,2,0.5737358331680298
7181,candidate_012,met_station_core;fc4_flux;cr1000xe_backbone,1.9504,flux,thermal,2,1.1404950618743896
7181,candidate_012,met_station_core;fc4_flux;cr1000xe_backbone,1.9504,flux,thermal,2,1.260377287864685
7181,candidate_012,met_station_core;fc4_flux;cr1000xe_backbone,1.9504,flux,thermal,2,0.8231229186058044
7181,candidate_012,met_station_core;fc4_flux;cr1000xe_backbone,1.9504,flux,thermal,2,0.8548997044563293
7181,candidate_012,met_station_core;fc4_flux;cr1000xe_backbone,1.9504,flux,thermal,2,1.969099760055542
7181,candidate_012,met_station_core;fc4_flux;cr1000xe_backbone,1.9504,flux,thermal,2,1.5978991985321045
7181,candidate_012,met_station_core;fc4_flux;cr1000xe_backbone,1.9504,flux,thermal,2,2.112706422805786
7181,candidate_012,met_station_core;fc4_flux;cr1000xe_backbone,1.9504,flux,thermal,2,2.0813796520233154
7181,candidate_012,met_station_core;fc4_flux;cr1000xe_backbone,1.9504,flux,thermal,2,2.1829686164855957
7181,candidate_012,met_station_core;fc4_flux;cr1000xe_backbone,1.9504,flux,thermal,2,2.3434176445007324
7181,candidate_012,met_station_core;fc4_flux;cr1000xe_backbone,1.9504,flux,thermal,2,2.3616292476654053
7181,candidate_012,met_station_core;fc4_flux;cr1000xe_backbone,1.9504,flux,thermal,2,2.4635822772979736
7181,candidate_012,met_station_core;fc4_flux;cr1000xe_backbone,1.9504,flux,thermal,2,2.6605477333068848
7181,candidate_012,met_station_core;fc4_flux;cr1000xe_backbone,1.9504,flux,transport,2,2.4080092906951904
7181,candidate_012,met_station_core;fc4_flux;cr1000xe_backbone,1.9504,flux,transport,2,1.605838656425476
7181,candidate_012,met_station_core;fc4_flux;cr1000xe_backbone,1.9504,flux,transport,2,1.2637346982955933
7181,candidate_012,met_station_core;fc4_flux;cr1000xe_backbone,1.9504,flux,transport,2,1.0635895729064941
7181,candidate_012,met_station_core;fc4_flux;cr1000xe_backbone,1.9504,flux,transport,2,1.5679309368133545
7181,candidate_012,met_station_core;fc4_flux;cr1000xe_backbone,1.9504,flux,transport,2,1.0082387924194336
7181,candidate_012,met_station_core;fc4_flux;cr1000xe_backbone,1.9504,flux,transport,2,0.9025329351425171
7181,candidate_012,met_station_core;fc4_flux;cr1000xe_backbone,1.9504,flux,transport,2,0.8036675453186035
7181,candidate_012,met_station_core;fc4_flux;cr1000xe_backbone,1.9504,flux,transport,2,0.521872341632843
7181,candidate_012,met_station_core;fc4_flux;cr1000xe_backbone,1.9504,flux,transport,2,0.47342464327812195
7181,candidate_012,met_station_core;fc4_flux;cr1000xe_backbone,1.9504,flux,transport,2,0.467983603477478
7181,candidate_012,met_station_core;fc4_flux;cr1000xe_backbone,1.9504,flux,transport,2,0.7919679284095764
7181,candidate_012,met_station_core;fc4_flux;cr1000xe_backbone,1.9504,flux,transport,2,0.9513250589370728
7181,candidate_012,met_station_core;fc4_flux;cr1000xe_backbone,1.9504,flux,transport,2,0.5722106695175171
7181,candidate_012,met_station_core;fc4_flux;cr1000xe_backbone,1.9504,flux,transport,2,0.8206565976142883
7181,candidate_012,met_station_core;fc4_flux;cr1000xe_backbone,1.9504,flux,transport,2,0.6541634798049927
7181,candidate_012,met_station_core;fc4_flux;cr1000xe_backbone,1.9504,flux,transport,2,2.547734498977661
7181,candidate_012,met_station_core;fc4_flux;cr1000xe_backbone,1.9504,flux,transport,2,2.3581976890563965
7181,candidate_012,met_station_core;fc4_flux;cr1000xe_backbone,1.9504,flux,transport,2,2.4352545738220215
7181,candidate_012,met_station_core;fc4_flux;cr1000xe_backbone,1.9504,flux,transport,2,2.2988717555999756
7181,candidate_012,met_station_core;fc4_flux;cr1000xe_backbone,1.9504,flux,transport,2,2.291375160217285
7181,candidate_012,met_station_core;fc4_flux;cr1000xe_backbone,1.9504,flux,transport,2,2.658130407333374
7181,candidate_012,met_station_core;fc4_flux;cr1000xe_backbone,1.9504,flux,transport,2,2.382628917694092
7181,candidate_012,met_station_core;fc4_flux;cr1000xe_backbone,1.9504,flux,transport,2,2.525113821029663
7181,candidate_012,met_station_core;fc4_flux;cr1000xe_backbone,1.9504,flux,transport,2,2.5618972778320312
7181,candidate_012,met_station_core;fc4_flux;cr1000xe_backbone,1.9504,flux,transport,2,2.5202269554138184
7181,candidate_012,met_station_core;fc4_flux;cr1000xe_backbone,1.9504,flux,transport,2,2.5255844593048096
7181,candidate_012,met_station_core;fc4_flux;cr1000xe_backbone,1.9504,flux,transport,2,2.8347649574279785
7181,candidate_012,met_station_core;fc4_flux;cr1000xe_backbone,1.9504,flux,particle,2,2.383455753326416
7181,candidate_012,met_station_core;fc4_flux;cr1000xe_backbone,1.9504,flux,particle,2,1.2662127017974854
7181,candidate_012,met_station_core;fc4_flux;cr1000xe_backbone,1.9504,calm,particle,0,0.8325396180152893
7181,candidate_012,met_station_core;fc4_flux;cr1000xe_backbone,1.9504,calm,particle,0,0.5711873173713684
7181,candidate_012,met_station_core;fc4_flux;cr1000xe_backbone,1.9504,calm,particle,0,0.5837137699127197
7181,candidate_012,met_station_core;fc4_flux;cr1000xe_backbone,1.9504,calm,particle,0,0.5660151243209839
7181,candidate_012,met_station_core;fc4_flux;cr1000xe_backbone,1.9504,calm,particle,0,0.6993570923805237
7181,candidate_012,met_station_core;fc4_flux;cr1000xe_backbone,1.9504,calm,particle,0,0.6596225500106812
7181,candidate_012,met_station_core;fc4_flux;cr1000xe_backbone,1.9504,calm,particle,0,0.7908264398574829
7181,candidate_012,met_station_core;fc4_flux;cr1000xe_backbone,1.9504,calm,particle,0,0.8458060026168823
7181,candidate_012,met_station_core;fc4_flux;cr1000xe_backbone,1.9504,calm,particle,0,0.9859552979469299
7181,candidate_012,met_station_core;fc4_flux;cr1000xe_backbone,1.9504,calm,particle,0,1.3227146863937378
7181,candidate_012,met_station_core;fc4_flux;cr1000xe_backbone,1.9504,calm,particle,0,1.3413457870483398
7181,candidate_012,met_station_core;fc4_flux;cr1000xe_backbone,1.9504,calm,particle,0,1.3038592338562012
7181,candidate_012,met_station_core;fc4_flux;cr1000xe_backbone,1.9504,flux,particle,2,2.1801953315734863
7181,candidate_012,met_station_core;fc4_flux;cr1000xe_backbone,1.9504,flux,particle,2,2.2820076942443848
7181,candidate_012,met_station_core;fc4_flux;cr1000xe_backbone,1.9504,flux,particle,2,2.4267661571502686
7181,candidate_012,met_station_core;fc4_flux;cr1000xe_backbone,1.9504,flux,particle,2,2.4273722171783447
7181,candidate_012,met_station_core;fc4_flux;cr1000xe_backbone,1.9504,flux,thermal,2,2.453019618988037
7181,candidate_012,met_station_core;fc4_flux;cr1000xe_backbone,1.9504,flux,thermal,2,2.481213331222534
7181,candidate_012,met_station_core;fc4_flux;cr1000xe_backbone,1.9504,flux,thermal,2,2.3155789375305176
7181,candidate_012,met_station_core;fc4_flux;cr1000xe_backbone,1.9504,flux,thermal,2,2.1195156574249268
7181,candidate_012,met_station_core;fc4_flux;cr1000xe_backbone,1.9504,flux,thermal,2,1.7457685470581055
7181,candidate_012,met_station_core;fc4_flux;cr1000xe_backbone,1.9504,flux,thermal,2,1.7755937576293945
7181,candidate_012,met_station_core;fc4_flux;cr1000xe_backbone,1.9504,flux,thermal,2,1.2543233633041382
7181,candidate_012,met_station_core;fc4_flux;cr1000xe_backbone,1.9504,flux,thermal,2,1.8743816614151
7181,candidate_012,met_station_core;fc4_flux;cr1000xe_backbone,1.9504,flux,thermal,2,1.639093041419983
7181,candidate_012,met_station_core;fc4_flux;cr1000xe_backbone,1.9504,flux,thermal,2,1.8088005781173706
7181,candidate_012,met_station_core;fc4_flux;cr1000xe_backbone,1.9504,flux,thermal,2,1.9435293674468994
7181,candidate_012,met_station_core;fc4_flux;cr1000xe_backbone,1.9504,flux,thermal,2,1.9571443796157837
7181,candidate_012,met_station_core;fc4_flux;cr1000xe_backbone,1.9504,flux,thermal,2,1.814361810684204
7181,candidate_012,met_station_core;fc4_flux;cr1000xe_backbone,1.9504,flux,thermal,2,1.998825192451477
7181,candidate_012,met_station_core;fc4_flux;cr1000xe_backbone,1.9504,flux,thermal,2,1.9955973625183105
7181,candidate_012,met_station_core;fc4_flux;cr1000xe_backbone,1.9504,flux,thermal,2,2.015216112136841
7181,candidate_012,met_station_core;fc4_flux;cr1000xe_backbone,1.9504,flux,thermal,2,1.941676378250122
7181,candidate_012,met_station_core;fc4_flux;cr1000xe_backbone,1.9504,flux,thermal,2,1.7546359300613403
7181,candidate_012,met_station_core;fc4_flux;cr1000xe_backbone,1.9504,flux,thermal,2,1.911665916442871
7181,candidate_012,met_station_core;fc4_flux;cr1000xe_backbone,1.9504,flux,thermal,2,1.825657844543457
7181,candidate_012,met_station_core;fc4_flux;cr1000xe_backbone,1.9504,flux,thermal,2,1.8087739944458008
7181,candidate_012,met_station_core;fc4_flux;cr1000xe_backbone,1.9504,flux,thermal,2,1.95766019821167
7181,candidate_012,met_station_core;fc4_flux;cr1000xe_backbone,1.9504,flux,thermal,2,2.2909317016601562
7181,candidate_012,met_station_core;fc4_flux;cr1000xe_backbone,1.9504,flux,thermal,2,2.2036550045013428
7181,candidate_012,met_station_core;fc4_flux;cr1000xe_backbone,1.9504,flux,thermal,2,1.8054713010787964
7181,candidate_012,met_station_core;fc4_flux;cr1000xe_backbone,1.9504,flux,thermal,2,1.903458595275879
7181,candidate_012,met_station_core;fc4_flux;cr1000xe_backbone,1.9504,flux,thermal,2,1.8547999858856201
7181,candidate_012,met_station_core;fc4_flux;cr1000xe_backbone,1.9504,flux,thermal,2,2.0089917182922363
7181,candidate_012,met_station_core;fc4_flux;cr1000xe_backbone,1.9504,flux,thermal,2,2.1503982543945312
7181,candidate_012,met_station_core;fc4_flux;cr1000xe_backbone,1.9504,flux,thermal,2,2.3836400508880615
7181,candidate_012,met_station_core;fc4_flux;cr1000xe_backbone,1.9504,flux,thermal,2,2.6804094314575195
7181,candidate_012,met_station_core;fc4_flux;cr1000xe_backbone,1.9504,flux,thermal,2,2.723935127258301
7181,candidate_012,met_station_core;fc4_flux;cr1000xe_backbone,1.9504,flux,transport,2,2.5892276763916016
7181,candidate_012,met_station_core;fc4_flux;cr1000xe_backbone,1.9504,flux,transport,2,2.7354462146759033
7181,candidate_012,met_station_core;fc4_flux;cr1000xe_backbone,1.9504,calm,transport,0,2.4753730297088623
7181,candidate_012,met_station_core;fc4_flux;cr1000xe_backbone,1.9504,calm,transport,0,2.288447380065918
7181,candidate_012,met_station_core;fc4_flux;cr1000xe_backbone,1.9504,calm,transport,0,2.4327175617218018
7181,candidate_012,met_station_core;fc4_flux;cr1000xe_backbone,1.9504,calm,transport,0,2.3833837509155273
7181,candidate_012,met_station_core;fc4_flux;cr1000xe_backbone,1.9504,calm,transport,0,1.6362545490264893
7181,candidate_012,met_station_core;fc4_flux;cr1000xe_backbone,1.9504,calm,transport,0,1.948174238204956
7181,candidate_012,met_station_core;fc4_flux;cr1000xe_backbone,1.9504,calm,transport,0,1.3573120832443237
7181,candidate_012,met_station_core;fc4_flux;cr1000xe_backbone,1.9504,calm,transport,0,1.8313031196594238
7181,candidate_013,radiometer_basic;fc4_flux;cr1000xe_backbone,1.9104,calm,transport,0,1.2143688201904297
7181,candidate_013,radiometer_basic;fc4_flux;cr1000xe_backbone,1.9104,calm,transport,0,0.9982293844223022
7181,candidate_013,radiometer_basic;fc4_flux;cr1000xe_backbone,1.9104,calm,transport,0,0.8676939606666565
7181,candidate_013,radiometer_basic;fc4_flux;cr1000xe_backbone,1.9104,calm,transport,0,0.8484196066856384
7181,candidate_013,radiometer_basic;fc4_flux;cr1000xe_backbone,1.9104,calm,transport,0,0.7454417943954468
7181,candidate_013,radiometer_basic;fc4_flux;cr1000xe_backbone,1.9104,calm,transport,0,0.7357946038246155
7181,candidate_013,radiometer_basic;fc4_flux;cr1000xe_backbone,1.9104,calm,transport,0,0.7614772915840149
7181,candidate_013,radiometer_basic;fc4_flux;cr1000xe_backbone,1.9104,calm,transport,0,0.7558017373085022
7181,candidate_013,radiometer_basic;fc4_flux;cr1000xe_backbone,1.9104,calm,transport,0,0.8440901041030884
7181,candidate_013,radiometer_basic;fc4_flux;cr1000xe_backbone,1.9104,calm,transport,0,0.8340417146682739
7181,candidate_013,radiometer_basic;fc4_flux;cr1000xe_backbone,1.9104,calm,transport,0,0.8213127851486206
7181,candidate_013,radiometer_basic;fc4_flux;cr1000xe_backbone,1.9104,calm,transport,0,0.8941295146942139
7181,candidate_013,radiometer_basic;fc4_flux;cr1000xe_backbone,1.9104,calm,transport,0,0.9535945057868958
7181,candidate_013,radiometer_basic;fc4_flux;cr1000xe_backbone,1.9104,calm,transport,0,0.9902738928794861
7181,candidate_013,radiometer_basic;fc4_flux;cr1000xe_backbone,1.9104,calm,transport,0,0.8561753034591675
7181,candidate_013,radiometer_basic;fc4_flux;cr1000xe_backbone,1.9104,calm,transport,0,0.8285290598869324
7181,candidate_013,radiometer_basic;fc4_flux;cr1000xe_backbone,1.9104,calm,transport,0,0.7869208455085754
7181,candidate_013,radiometer_basic;fc4_flux;cr1000xe_backbone,1.9104,calm,transport,0,0.765479326248169
7181,candidate_013,radiometer_basic;fc4_flux;cr1000xe_backbone,1.9104,calm,transport,0,0.7550331354141235
7181,candidate_013,radiometer_basic;fc4_flux;cr1000xe_backbone,1.9104,calm,transport,0,0.8201087117195129
7181,candidate_013,radiometer_basic;fc4_flux;cr1000xe_backbone,1.9104,calm,transport,0,0.8385259509086609
7181,candidate_013,radiometer_basic;fc4_flux;cr1000xe_backbone,1.9104,calm,transport,0,0.8293095231056213
7181,candidate_013,radiometer_basic;fc4_flux;cr1000xe_backbone,1.9104,calm,particle,0,0.8732308149337769
7181,candidate_013,radiometer_basic;fc4_flux;cr1000xe_backbone,1.9104,calm,particle,0,0.8652571439743042
7181,candidate_013,radiometer_basic;fc4_flux;cr1000xe_backbone,1.9104,calm,particle,0,0.9211711883544922
7181,candidate_013,radiometer_basic;fc4_flux;cr1000xe_backbone,1.9104,calm,particle,0,0.8284936547279358
7181,candidate_013,radiometer_basic;fc4_flux;cr1000xe_backbone,1.9104,calm,particle,0,0.809246838092804
7181,candidate_013,radiometer_basic;fc4_flux;cr1000xe_backbone,1.9104,calm,particle,0,0.709000289440155
7181,candidate_013,radiometer_basic;fc4_flux;cr1000xe_backbone,1.9104,calm,particle,0,0.6725785732269287
7181,candidate_013,radiometer_basic;fc4_flux;cr1000xe_backbone,1.9104,calm,particle,0,0.5915568470954895
7181,candidate_013,radiometer_basic;fc4_flux;cr1000xe_backbone,1.9104,calm,particle,0,0.587797999382019
7181,candidate_013,radiometer_basic;fc4_flux;cr1000xe_backbone,1.9104,calm,particle,0,0.6257131695747375
7181,candidate_013,radiometer_basic;fc4_flux;cr1000xe_backbone,1.9104,calm,particle,0,0.6735491156578064
7181,candidate_013,radiometer_basic;fc4_flux;cr1000xe_backbone,1.9104,calm,particle,0,0.6639042496681213
7181,candidate_013,radiometer_basic;fc4_flux;cr1000xe_backbone,1.9104,calm,particle,0,0.7444092631340027
7181,candidate_013,radiometer_basic;fc4_flux;cr1000xe_backbone,1.9104,calm,particle,0,0.7940673232078552
7181,candidate_013,radiometer_basic;fc4_flux;cr1000xe_backbone,1.9104,calm,particle,0,0.8377717137336731
7181,candidate_013,radiometer_basic;fc4_flux;cr1000xe_backbone,1.9104,calm,particle,0,0.9518908858299255
7181,candidate_013,radiometer_basic;fc4_flux;cr1000xe_backbone,1.9104,calm,particle,0,0.7952026128768921
7181,candidate_013,radiometer_basic;fc4_flux;cr1000xe_backbone,1.9104,calm,particle,0,0.7267676591873169
7181,candidate_013,radiometer_basic;fc4_flux;cr1000xe_backbone,1.9104,calm,particle,0,0.7400480508804321
7181,candidate_013,radiometer_basic;fc4_flux;cr1000xe_backbone,1.9104,calm,particle,0,0.7261479496955872
7181,candidate_013,radiometer_basic;fc4_flux;cr1000xe_backbone,1.9104,calm,particle,0,0.7356177568435669
7181,candidate_013,radiometer_basic;fc4_flux;cr1000xe_backbone,1.9104,calm,particle,0,0.7418515682220459
7181,candidate_013,radiometer_basic;fc4_flux;cr1000xe_backbone,1.9104,calm,thermal,0,0.780576229095459
7181,candidate_013,radiometer_basic;fc4_flux;cr1000xe_backbone,1.9104,calm,thermal,0,0.8071659803390503
7181,candidate_013,radiometer_basic;fc4_flux;cr1000xe_backbone,1.9104,calm,thermal,0,0.8437390923500061
7181,candidate_013,radiometer_basic;fc4_flux;cr1000xe_backbone,1.9104,calm,thermal,0,0.8853755593299866
7181,candidate_013,radiometer_basic;fc4_flux;cr1000xe_backbone,1.9104,calm,thermal,0,0.8620414733886719
7181,candidate_013,radiometer_basic;fc4_flux;cr1000xe_backbone,1.9104,calm,thermal,0,0.9007835388183594
7181,candidate_013,radiometer_basic;fc4_flux;cr1000xe_backbone,1.9104,calm,thermal,0,0.7510438561439514
7181,candidate_013,radiometer_basic;fc4_flux;cr1000xe_backbone,1.9104,calm,thermal,0,0.6975317001342773
7181,candidate_013,radiometer_basic;fc4_flux;cr1000xe_backbone,1.9104,calm,thermal,0,0.5991772413253784
7181,candidate_013,radiometer_basic;fc4_flux;cr1000xe_backbone,1.9104,calm,thermal,0,0.5516030788421631
7181,candidate_013,radiometer_basic;fc4_flux;cr1000xe_backbone,1.9104,calm,thermal,0,0.518307089805603
7181,candidate_013,radiometer_basic;fc4_flux;cr1000xe_backbone,1.9104,calm,thermal,0,0.5273081660270691
7181,candidate_013,radiometer_basic;fc4_flux;cr1000xe_backbone,1.9104,calm,thermal,0,0.6123005151748657
7181,candidate_013,radiometer_basic;fc4_flux;cr1000xe_backbone,1.9104,calm,thermal,0,0.6142003536224365
7181,candidate_013,radiometer_basic;fc4_flux;cr1000xe_backbone,1.9104,calm,thermal,0,0.6712876558303833
7181,candidate_013,radiometer_basic;fc4_flux;cr1000xe_backbone,1.9104,calm,thermal,0,0.6753901839256287
7181,candidate_013,radiometer_basic;fc4_flux;cr1000xe_backbone,1.9104,calm,thermal,0,0.7576067447662354
7181,candidate_013,radiometer_basic;fc4_flux;cr1000xe_backbone,1.9104,calm,thermal,0,0.8754215240478516
7181,candidate_013,radiometer_basic;fc4_flux;cr1000xe_backbone,1.9104,calm,thermal,0,0.7427677512168884
7181,candidate_013,radiometer_basic;fc4_flux;cr1000xe_backbone,1.9104,calm,thermal,0,0.6552733182907104
7181,candidate_013,radiometer_basic;fc4_flux;cr1000xe_backbone,1.9104,calm,thermal,0,0.6214000582695007
7181,candidate_013,radiometer_basic;fc4_flux;cr1000xe_backbone,1.9104,calm,thermal,0,0.6294755935668945
7181,candidate_013,radiometer_basic;fc4_flux;cr1000xe_backbone,1.9104,calm,thermal,0,0.6767627000808716
7181,candidate_013,radiometer_basic;fc4_flux;cr1000xe_backbone,1.9104,calm,thermal,0,0.7205243706703186
7181,candidate_013,radiometer_basic;fc4_flux;cr1000xe_backbone,1.9104,calm,thermal,0,0.7254307866096497
7181,candidate_013,radiometer_basic;fc4_flux;cr1000xe_backbone,1.9104,calm,thermal,0,0.7222837209701538
7181,candidate_013,radiometer_basic;fc4_flux;cr1000xe_backbone,1.9104,calm,thermal,0,0.768369734287262
7181,candidate_013,radiometer_basic;fc4_flux;cr1000xe_backbone,1.9104,calm,transport,0,0.8089784979820251
7181,candidate_013,radiometer_basic;fc4_flux;cr1000xe_backbone,1.9104,calm,transport,0,0.788335919380188
7181,candidate_013,radiometer_basic;fc4_flux;cr1000xe_backbone,1.9104,calm,transport,0,0.7284971475601196
7181,candidate_013,radiometer_basic;fc4_flux;cr1000xe_backbone,1.9104,calm,transport,0,0.6982752084732056
7181,candidate_013,radiometer_basic;fc4_flux;cr1000xe_backbone,1.9104,calm,transport,0,0.6319805979728699
7181,candidate_013,radiometer_basic;fc4_flux;cr1000xe_backbone,1.9104,calm,transport,0,0.598890483379364
7181,candidate_013,radiometer_basic;fc4_flux;cr1000xe_backbone,1.9104,calm,transport,0,0.549741268157959
7181,candidate_013,radiometer_basic;fc4_flux;cr1000xe_backbone,1.9104,calm,transport,0,0.5389356017112732
7181,candidate_013,radiometer_basic;fc4_flux;cr1000xe_backbone,1.9104,calm,transport,0,0.5735656023025513
7181,candidate_013,radiometer_basic;fc4_flux;cr1000xe_backbone,1.9104,calm,transport,0,0.6481364369392395
7181,candidate_013,radiometer_basic;fc4_flux;cr1000xe_backbone,1.9104,calm,transport,0,0.6643584966659546
7181,candidate_013,radiometer_basic;fc4_flux;cr1000xe_backbone,1.9104,calm,transport,0,0.685662567615509
7181,candidate_013,radiometer_basic;fc4_flux;cr1000xe_backbone,1.9104,calm,transport,0,0.6787949204444885
7181,candidate_013,radiometer_basic;fc4_flux;cr1000xe_backbone,1.9104,calm,transport,0,0.8293349742889404
7181,candidate_013,radiometer_basic;fc4_flux;cr1000xe_backbone,1.9104,calm,transport,0,0.941211998462677
7181,candidate_013,radiometer_basic;fc4_flux;cr1000xe_backbone,1.9104,calm,transport,0,0.8470684885978699
7181,candidate_013,radiometer_basic;fc4_flux;cr1000xe_backbone,1.9104,calm,transport,0,0.7728525996208191
7181,candidate_013,radiometer_basic;fc4_flux;cr1000xe_backbone,1.9104,calm,transport,0,0.7759750485420227
7181,candidate_013,radiometer_basic;fc4_flux;cr1000xe_backbone,1.9104,calm,transport,0,0.7434554696083069
7181,candidate_013,radiometer_basic;fc4_flux;cr1000xe_backbone,1.9104,calm,transport,0,0.7438065409660339
7181,candidate_013,radiometer_basic;fc4_flux;cr1000xe_backbone,1.9104,calm,transport,0,0.7829524874687195
7181,candidate_013,radiometer_basic;fc4_flux;cr1000xe_backbone,1.9104,calm,transport,0,0.8013160824775696
7181,candidate_013,radiometer_basic;fc4_flux;cr1000xe_backbone,1.9104,calm,transport,0,0.807335615158081
7181,candidate_013,radiometer_basic;fc4_flux;cr1000xe_backbone,1.9104,calm,transport,0,0.8265321850776672
7181,candidate_013,radiometer_basic;fc4_flux;cr1000xe_backbone,1.9104,calm,transport,0,0.8390746712684631
7181,candidate_013,radiometer_basic;fc4_flux;cr1000xe_backbone,1.9104,calm,transport,0,0.846023440361023
7181,candidate_013,radiometer_basic;fc4_flux;cr1000xe_backbone,1.9104,calm,transport,0,0.800452709197998
7181,candidate_013,radiometer_basic;fc4_flux;cr1000xe_backbone,1.9104,calm,transport,0,0.7266778349876404
7181,candidate_013,radiometer_basic;fc4_flux;cr1000xe_backbone,1.9104,calm,particle,0,0.6602959632873535
7181,candidate_013,radiometer_basic;fc4_flux;cr1000xe_backbone,1.9104,calm,particle,0,0.6144523620605469
7181,candidate_013,radiometer_basic;fc4_flux;cr1000xe_backbone,1.9104,calm,particle,0,0.5713630318641663
7181,candidate_013,radiometer_basic;fc4_flux;cr1000xe_backbone,1.9104,calm,particle,0,0.5483872890472412
7181,candidate_013,radiometer_basic;fc4_flux;cr1000xe_backbone,1.9104,calm,particle,0,0.5608608722686768
7181,candidate_013,radiometer_basic;fc4_flux;cr1000xe_backbone,1.9104,calm,particle,0,0.6117023229598999
7181,candidate_013,radiometer_basic;fc4_flux;cr1000xe_backbone,1.9104,calm,particle,0,0.6365051865577698
7181,candidate_013,radiometer_basic;fc4_flux;cr1000xe_backbone,1.9104,calm,particle,0,0.6720152497291565
7181,candidate_013,radiometer_basic;fc4_flux;cr1000xe_backbone,1.9104,calm,particle,0,0.7583485841751099
7181,candidate_013,radiometer_basic;fc4_flux;cr1000xe_backbone,1.9104,calm,particle,0,0.8560028672218323
7181,candidate_013,radiometer_basic;fc4_flux;cr1000xe_backbone,1.9104,calm,particle,0,0.8601974844932556
7181,candidate_013,radiometer_basic;fc4_flux;cr1000xe_backbone,1.9104,calm,particle,0,0.7915458679199219
7181,candidate_013,radiometer_basic;fc4_flux;cr1000xe_backbone,1.9104,calm,particle,0,0.7972562313079834
7181,candidate_013,radiometer_basic;fc4_flux;cr1000xe_backbone,1.9104,calm,particle,0,0.8045519590377808
7181,candidate_013,radiometer_basic;fc4_flux;cr1000xe_backbone,1.9104,calm,particle,0,0.8035624623298645
7181,candidate_013,radiometer_basic;fc4_flux;cr1000xe_backbone,1.9104,calm,particle,0,0.7887744903564453
7181,candidate_013,radiometer_basic;fc4_flux;cr1000xe_backbone,1.9104,calm,particle,0,0.8513269424438477
7181,candidate_013,radiometer_basic;fc4_flux;cr1000xe_backbone,1.9104,calm,particle,0,0.9002787470817566
7181,candidate_013,radiometer_basic;fc4_flux;cr1000xe_backbone,1.9104,calm,particle,0,0.9188976883888245
7181,candidate_013,radiometer_basic;fc4_flux;cr1000xe_backbone,1.9104,calm,particle,0,0.9759318232536316
7181,candidate_013,radiometer_basic;fc4_flux;cr1000xe_backbone,1.9104,calm,particle,0,0.9930604696273804
7181,candidate_013,radiometer_basic;fc4_flux;cr1000xe_backbone,1.9104,calm,particle,0,1.0039012432098389
7181,candidate_013,radiometer_basic;fc4_flux;cr1000xe_backbone,1.9104,calm,particle,0,0.9818747043609619
7181,candidate_013,radiometer_basic;fc4_flux;cr1000xe_backbone,1.9104,calm,particle,0,0.915913462638855
7181,candidate_013,radiometer_basic;fc4_flux;cr1000xe_backbone,1.9104,calm,particle,0,0.85718834400177
7181,candidate_013,radiometer_basic;fc4_flux;cr1000xe_backbone,1.9104,calm,particle,0,0.8070281744003296
7181,candidate_013,radiometer_basic;fc4_flux;cr1000xe_backbone,1.9104,calm,particle,0,0.805152177810669
7181,candidate_013,radiometer_basic;fc4_flux;cr1000xe_backbone,1.9104,calm,particle,0,0.8139698505401611
7181,candidate_013,radiometer_basic;fc4_flux;cr1000xe_backbone,1.9104,calm,particle,0,0.8348771333694458
7181,candidate_013,radiometer_basic;fc4_flux;cr1000xe_backbone,1.9104,calm,particle,0,0.8506636619567871
7181,candidate_013,radiometer_basic;fc4_flux;cr1000xe_backbone,1.9104,calm,particle,0,0.9148178100585938
7181,candidate_013,radiometer_basic;fc4_flux;cr1000xe_backbone,1.9104,calm,thermal,0,0.9423054456710815
7181,candidate_013,radiometer_basic;fc4_flux;cr1000xe_backbone,1.9104,calm,thermal,0,1.0055047273635864
7181,candidate_013,radiometer_basic;fc4_flux;cr1000xe_backbone,1.9104,calm,thermal,0,1.1467944383621216
7181,candidate_013,radiometer_basic;fc4_flux;cr1000xe_backbone,1.9104,calm,thermal,0,1.14556884765625
7181,candidate_013,radiometer_basic;fc4_flux;cr1000xe_backbone,1.9104,calm,thermal,0,1.1108689308166504
7181,candidate_013,radiometer_basic;fc4_flux;cr1000xe_backbone,1.9104,calm,thermal,0,1.1065231561660767
7181,candidate_013,radiometer_basic;fc4_flux;cr1000xe_backbone,1.9104,calm,thermal,0,1.0544809103012085
7181,candidate_013,radiometer_basic;fc4_flux;cr1000xe_backbone,1.9104,calm,thermal,0,1.0266143083572388
7181,candidate_013,radiometer_basic;fc4_flux;cr1000xe_backbone,1.9104,calm,thermal,0,1.037874460220337
7181,candidate_013,radiometer_basic;fc4_flux;cr1000xe_backbone,1.9104,calm,thermal,0,1.1107267141342163
7181,candidate_013,radiometer_basic;fc4_flux;cr1000xe_backbone,1.9104,calm,thermal,0,1.1534051895141602
7181,candidate_013,radiometer_basic;fc4_flux;cr1000xe_backbone,1.9104,calm,thermal,0,1.1589082479476929
7181,candidate_013,radiometer_basic;fc4_flux;cr1000xe_backbone,1.9104,calm,thermal,0,1.1664671897888184
7181,candidate_013,radiometer_basic;fc4_flux;cr1000xe_backbone,1.9104,calm,thermal,0,1.202752709388733
7181,candidate_013,radiometer_basic;fc4_flux;cr1000xe_backbone,1.9104,calm,thermal,0,1.238317847251892
7181,candidate_013,radiometer_basic;fc4_flux;cr1000xe_backbone,1.9104,calm,thermal,0,1.1683684587478638
7181,candidate_013,radiometer_basic;fc4_flux;cr1000xe_backbone,1.9104,calm,thermal,0,1.10408353805542
7181,candidate_013,radiometer_basic;fc4_flux;cr1000xe_backbone,1.9104,calm,thermal,0,1.0496186017990112
7181,candidate_013,radiometer_basic;fc4_flux;cr1000xe_backbone,1.9104,calm,thermal,0,0.9842982292175293
7181,candidate_013,radiometer_basic;fc4_flux;cr1000xe_backbone,1.9104,calm,thermal,0,0.895898163318634
7181,candidate_013,radiometer_basic;fc4_flux;cr1000xe_backbone,1.9104,calm,transport,0,0.8751115202903748
7181,candidate_013,radiometer_basic;fc4_flux;cr1000xe_backbone,1.9104,calm,transport,0,0.8768813610076904
7181,candidate_013,radiometer_basic;fc4_flux;cr1000xe_backbone,1.9104,calm,transport,0,0.9523779153823853
7181,candidate_013,radiometer_basic;fc4_flux;cr1000xe_backbone,1.9104,calm,transport,0,0.9608450531959534
7181,candidate_013,radiometer_basic;fc4_flux;cr1000xe_backbone,1.9104,calm,transport,0,0.9369897842407227
7181,candidate_013,radiometer_basic;fc4_flux;cr1000xe_backbone,1.9104,calm,transport,0,1.0063068866729736
7181,candidate_013,radiometer_basic;fc4_flux;cr1000xe_backbone,1.9104,calm,transport,0,1.132186770439148
7181,candidate_013,radiometer_basic;fc4_flux;cr1000xe_backbone,1.9104,calm,transport,0,1.1588857173919678
7181,candidate_013,radiometer_basic;fc4_flux;cr1000xe_backbone,1.9104,calm,transport,0,1.1570565700531006
7181,candidate_013,radiometer_basic;fc4_flux;cr1000xe_backbone,1.9104,calm,transport,0,1.1155176162719727
7181,candidate_013,radiometer_basic;fc4_flux;cr1000xe_backbone,1.9104,calm,transport,0,1.09181809425354
7181,candidate_013,radiometer_basic;fc4_flux;cr1000xe_backbone,1.9104,calm,transport,0,1.07700777053833
7181,candidate_013,radiometer_basic;fc4_flux;cr1000xe_backbone,1.9104,calm,transport,0,1.0990694761276245
7181,candidate_013,radiometer_basic;fc4_flux;cr1000xe_backbone,1.9104,calm,transport,0,1.1549445390701294
7181,candidate_013,radiometer_basic;fc4_flux;cr1000xe_backbone,1.9104,calm,transport,0,1.1609365940093994
7181,candidate_013,radiometer_basic;fc4_flux;cr1000xe_backbone,1.9104,calm,transport,0,1.1447702646255493
7181,candidate_013,radiometer_basic;fc4_flux;cr1000xe_backbone,1.9104,calm,transport,0,1.2251923084259033
7181,candidate_013,radiometer_basic;fc4_flux;cr1000xe_backbone,1.9104,calm,transport,0,1.2616115808486938
7181,candidate_013,radiometer_basic;fc4_flux;cr1000xe_backbone,1.9104,calm,transport,0,1.2875500917434692
7181,candidate_013,radiometer_basic;fc4_flux;cr1000xe_backbone,1.9104,calm,transport,0,1.1859585046768188
7181,candidate_013,radiometer_basic;fc4_flux;cr1000xe_backbone,1.9104,calm,transport,0,1.180259346961975
7181,candidate_013,radiometer_basic;fc4_flux;cr1000xe_backbone,1.9104,calm,transport,0,1.1333799362182617
7181,candidate_013,radiometer_basic;fc4_flux;cr1000xe_backbone,1.9104,calm,transport,0,1.029503583908081
7181,candidate_013,radiometer_basic;fc4_flux;cr1000xe_backbone,1.9104,calm,transport,0,0.9613764882087708
7181,candidate_013,radiometer_basic;fc4_flux;cr1000xe_backbone,1.9104,calm,transport,0,0.9544222354888916
7181,candidate_013,radiometer_basic;fc4_flux;cr1000xe_backbone,1.9104,calm,transport,0,0.9765545129776001
7181,candidate_013,radiometer_basic;fc4_flux;cr1000xe_backbone,1.9104,calm,transport,0,1.0126826763153076
7181,candidate_013,radiometer_basic;fc4_flux;cr1000xe_backbone,1.9104,calm,transport,0,0.9767629504203796
7181,candidate_013,radiometer_basic;fc4_flux;cr1000xe_backbone,1.9104,calm,transport,0,0.962925910949707
7181,candidate_013,radiometer_basic;fc4_flux;cr1000xe_backbone,1.9104,calm,transport,0,1.0411262512207031
7181,candidate_013,radiometer_basic;fc4_flux;cr1000xe_backbone,1.9104,calm,transport,0,1.1008079051971436
7181,candidate_013,radiometer_basic;fc4_flux;cr1000xe_backbone,1.9104,calm,transport,0,1.1847457885742188
7181,candidate_013,radiometer_basic;fc4_flux;cr1000xe_backbone,1.9104,calm,transport,0,1.1624089479446411
7181,candidate_013,radiometer_basic;fc4_flux;cr1000xe_backbone,1.9104,calm,transport,0,1.1136804819107056
7181,candidate_013,radiometer_basic;fc4_flux;cr1000xe_backbone,1.9104,calm,transport,0,1.1172797679901123
7181,candidate_013,radiometer_basic;fc4_flux;cr1000xe_backbone,1.9104,calm,particle,0,1.0392554998397827
7181,candidate_013,radiometer_basic;fc4_flux;cr1000xe_backbone,1.9104,calm,particle,0,1.0515739917755127
7181,candidate_013,radiometer_basic;fc4_flux;cr1000xe_backbone,1.9104,calm,particle,0,1.0792299509048462
7181,candidate_013,radiometer_basic;fc4_flux;cr1000xe_backbone,1.9104,calm,particle,0,1.118604302406311
7181,candidate_013,radiometer_basic;fc4_flux;cr1000xe_backbone,1.9104,calm,particle,0,1.1214920282363892
7181,candidate_013,radiometer_basic;fc4_flux;cr1000xe_backbone,1.9104,calm,particle,0,1.2148109674453735
7181,candidate_013,radiometer_basic;fc4_flux;cr1000xe_backbone,1.9104,calm,particle,0,1.1637065410614014
7181,candidate_013,radiometer_basic;fc4_flux;cr1000xe_backbone,1.9104,calm,particle,0,1.2405723333358765
7181,candidate_013,radiometer_basic;fc4_flux;cr1000xe_backbone,1.9104,calm,particle,0,1.1394058465957642
7181,candidate_013,radiometer_basic;fc4_flux;cr1000xe_backbone,1.9104,calm,particle,0,1.16818106174469
7181,candidate_013,radiometer_basic;fc4_flux;cr1000xe_backbone,1.9104,calm,particle,0,0.9974060654640198
7181,candidate_013,radiometer_basic;fc4_flux;cr1000xe_backbone,1.9104,calm,particle,0,0.9413911700248718
7181,candidate_013,radiometer_basic;fc4_flux;cr1000xe_backbone,1.9104,calm,particle,0,0.842750072479248
7181,candidate_013,radiometer_basic;fc4_flux;cr1000xe_backbone,1.9104,calm,particle,0,0.8656895756721497
7181,candidate_013,radiometer_basic;fc4_flux;cr1000xe_backbone,1.9104,calm,particle,0,0.8477097153663635
7181,candidate_013,radiometer_basic;fc4_flux;cr1000xe_backbone,1.9104,calm,particle,0,0.8933214545249939
7181,candidate_013,radiometer_basic;fc4_flux;cr1000xe_backbone,1.9104,calm,particle,0,0.9216713309288025
7181,candidate_013,radiometer_basic;fc4_flux;cr1000xe_backbone,1.9104,calm,particle,0,0.9342799186706543
7181,candidate_013,radiometer_basic;fc4_flux;cr1000xe_backbone,1.9104,calm,particle,0,1.0192053318023682
7181,candidate_013,radiometer_basic;fc4_flux;cr1000xe_backbone,1.9104,calm,particle,0,1.1239088773727417
7181,candidate_013,radiometer_basic;fc4_flux;cr1000xe_backbone,1.9104,calm,particle,0,1.1617348194122314
7181,candidate_013,radiometer_basic;fc4_flux;cr1000xe_backbone,1.9104,calm,particle,0,1.1555747985839844
7181,candidate_013,radiometer_basic;fc4_flux;cr1000xe_backbone,1.9104,calm,particle,0,1.1166249513626099
7181,candidate_013,radiometer_basic;fc4_flux;cr1000xe_backbone,1.9104,calm,particle,0,1.0655624866485596
7181,candidate_013,radiometer_basic;fc4_flux;cr1000xe_backbone,1.9104,calm,particle,0,1.0469326972961426
7181,candidate_013,radiometer_basic;fc4_flux;cr1000xe_backbone,1.9104,calm,particle,0,1.0627009868621826
7181,candidate_013,radiometer_basic;fc4_flux;cr1000xe_backbone,1.9104,calm,particle,0,1.1030116081237793
7181,candidate_013,radiometer_basic;fc4_flux;cr1000xe_backbone,1.9104,calm,particle,0,1.1790152788162231
7181,candidate_013,radiometer_basic;fc4_flux;cr1000xe_backbone,1.9104,calm,particle,0,1.1548621654510498
7181,candidate_013,radiometer_basic;fc4_flux;cr1000xe_backbone,1.9104,calm,particle,0,1.1754497289657593
7181,candidate_013,radiometer_basic;fc4_flux;cr1000xe_backbone,1.9104,calm,particle,0,1.2331568002700806
7181,candidate_013,radiometer_basic;fc4_flux;cr1000xe_backbone,1.9104,calm,particle,0,1.2089529037475586
7181,candidate_013,radiometer_basic;fc4_flux;cr1000xe_backbone,1.9104,calm,particle,0,1.185579538345337
7181,candidate_013,radiometer_basic;fc4_flux;cr1000xe_backbone,1.9104,calm,particle,0,1.1616017818450928
7181,candidate_013,radiometer_basic;fc4_flux;cr1000xe_backbone,1.9104,calm,thermal,0,1.0670133829116821
7181,candidate_013,radiometer_basic;fc4_flux;cr1000xe_backbone,1.9104,calm,thermal,0,0.993472695350647
7181,candidate_013,radiometer_basic;fc4_flux;cr1000xe_backbone,1.9104,calm,thermal,0,0.9828643798828125
7181,candidate_013,radiometer_basic;fc4_flux;cr1000xe_backbone,1.9104,calm,thermal,0,0.9324933290481567
7181,candidate_013,radiometer_basic;fc4_flux;cr1000xe_backbone,1.9104,calm,thermal,0,0.9266655445098877
7181,candidate_013,radiometer_basic;fc4_flux;cr1000xe_backbone,1.9104,calm,thermal,0,0.8866380453109741
7181,candidate_013,radiometer_basic;fc4_flux;cr1000xe_backbone,1.9104,calm,thermal,0,0.9140916466712952
7181,candidate_013,radiometer_basic;fc4_flux;cr1000xe_backbone,1.9104,calm,thermal,0,0.9389562010765076
7181,candidate_013,radiometer_basic;fc4_flux;cr1000xe_backbone,1.9104,calm,thermal,0,0.995535135269165
7181,candidate_013,radiometer_basic;fc4_flux;cr1000xe_backbone,1.9104,calm,thermal,0,1.0586800575256348
7181,candidate_013,radiometer_basic;fc4_flux;cr1000xe_backbone,1.9104,calm,thermal,0,1.089553713798523
7181,candidate_013,radiometer_basic;fc4_flux;cr1000xe_backbone,1.9104,calm,thermal,0,1.0638163089752197
7181,candidate_013,radiometer_basic;fc4_flux;cr1000xe_backbone,1.9104,calm,thermal,0,1.0256268978118896
7181,candidate_013,radiometer_basic;fc4_flux;cr1000xe_backbone,1.9104,calm,thermal,0,0.9672635793685913
7181,candidate_013,radiometer_basic;fc4_flux;cr1000xe_backbone,1.9104,calm,thermal,0,0.9243680834770203
7181,candidate_013,radiometer_basic;fc4_flux;cr1000xe_backbone,1.9104,calm,thermal,0,0.9350191950798035
7181,candidate_013,radiometer_basic;fc4_flux;cr1000xe_backbone,1.9104,calm,thermal,0,1.0220962762832642
7181,candidate_013,radiometer_basic;fc4_flux;cr1000xe_backbone,1.9104,calm,thermal,0,1.0318844318389893
7181,candidate_013,radiometer_basic;fc4_flux;cr1000xe_backbone,1.9104,calm,thermal,0,1.0205730199813843
7181,candidate_013,radiometer_basic;fc4_flux;cr1000xe_backbone,1.9104,calm,thermal,0,1.033201813697815
7181,candidate_013,radiometer_basic;fc4_flux;cr1000xe_backbone,1.9104,calm,thermal,0,1.0686280727386475
7181,candidate_013,radiometer_basic;fc4_flux;cr1000xe_backbone,1.9104,calm,transport,0,1.1088043451309204
7181,candidate_013,radiometer_basic;fc4_flux;cr1000xe_backbone,1.9104,calm,transport,0,1.0228029489517212
7181,candidate_013,radiometer_basic;fc4_flux;cr1000xe_backbone,1.9104,calm,transport,0,0.9769987463951111
7181,candidate_013,radiometer_basic;fc4_flux;cr1000xe_backbone,1.9104,calm,transport,0,0.9003523588180542
7181,candidate_013,radiometer_basic;fc4_flux;cr1000xe_backbone,1.9104,calm,transport,0,0.8077402710914612
7181,candidate_013,radiometer_basic;fc4_flux;cr1000xe_backbone,1.9104,calm,transport,0,0.7666820287704468
7181,candidate_013,radiometer_basic;fc4_flux;cr1000xe_backbone,1.9104,calm,transport,0,0.7597613334655762
7181,candidate_013,radiometer_basic;fc4_flux;cr1000xe_backbone,1.9104,calm,transport,0,0.7584476470947266
7181,candidate_013,radiometer_basic;fc4_flux;cr1000xe_backbone,1.9104,calm,transport,0,0.8024259209632874
7181,candidate_013,radiometer_basic;fc4_flux;cr1000xe_backbone,1.9104,calm,transport,0,0.8366008400917053
7181,candidate_013,radiometer_basic;fc4_flux;cr1000xe_backbone,1.9104,calm,transport,0,0.8440093994140625
7181,candidate_013,radiometer_basic;fc4_flux;cr1000xe_backbone,1.9104,calm,transport,0,0.9127086400985718
7181,candidate_013,radiometer_basic;fc4_flux;cr1000xe_backbone,1.9104,calm,transport,0,1.0023078918457031
7181,candidate_013,radiometer_basic;fc4_flux;cr1000xe_backbone,1.9104,calm,transport,0,1.0246143341064453
7181,candidate_013,radiometer_basic;fc4_flux;cr1000xe_backbone,1.9104,calm,transport,0,1.0261040925979614
7181,candidate_013,radiometer_basic;fc4_flux;cr1000xe_backbone,1.9104,calm,transport,0,1.0036925077438354
7181,candidate_013,radiometer_basic;fc4_flux;cr1000xe_backbone,1.9104,particle,thermal,1,0.9295605421066284
7181,candidate_013,radiometer_basic;fc4_flux;cr1000xe_backbone,1.9104,particle,thermal,1,1.1087944507598877
7181,candidate_013,radiometer_basic;fc4_flux;cr1000xe_backbone,1.9104,particle,thermal,1,1.3665485382080078
7181,candidate_013,radiometer_basic;fc4_flux;cr1000xe_backbone,1.9104,particle,thermal,1,1.6393193006515503
7181,candidate_013,radiometer_basic;fc4_flux;cr1000xe_backbone,1.9104,particle,thermal,1,1.9505703449249268
7181,candidate_013,radiometer_basic;fc4_flux;cr1000xe_backbone,1.9104,particle,thermal,1,2.250312566757202
7181,candidate_013,radiometer_basic;fc4_flux;cr1000xe_backbone,1.9104,particle,thermal,1,2.542293071746826
7181,candidate_013,radiometer_basic;fc4_flux;cr1000xe_backbone,1.9104,particle,thermal,1,2.834866523742676
7181,candidate_013,radiometer_basic;fc4_flux;cr1000xe_backbone,1.9104,particle,transport,1,2.516695261001587
7181,candidate_013,radiometer_basic;fc4_flux;cr1000xe_backbone,1.9104,particle,transport,1,2.522397994995117
7181,candidate_013,radiometer_basic;fc4_flux;cr1000xe_backbone,1.9104,particle,transport,1,2.6067955493927
7181,candidate_013,radiometer_basic;fc4_flux;cr1000xe_backbone,1.9104,particle,transport,1,2.770071506500244
7181,candidate_013,radiometer_basic;fc4_flux;cr1000xe_backbone,1.9104,particle,transport,1,2.5072338581085205
7181,candidate_013,radiometer_basic;fc4_flux;cr1000xe_backbone,1.9104,particle,transport,1,2.436504364013672
7181,candidate_013,radiometer_basic;fc4_flux;cr1000xe_backbone,1.9104,particle,transport,1,2.144989013671875
7181,candidate_013,radiometer_basic;fc4_flux;cr1000xe_backbone,1.9104,particle,transport,1,1.9957950115203857
7181,candidate_013,radiometer_basic;fc4_flux;cr1000xe_backbone,1.9104,particle,transport,1,1.8871020078659058
7181,candidate_013,radiometer_basic;fc4_flux;cr1000xe_backbone,1.9104,particle,transport,1,1.70637047290802
7181,candidate_013,radiometer_basic;fc4_flux;cr1000xe_backbone,1.9104,particle,transport,1,1.6132867336273193
7181,candidate_013,radiometer_basic;fc4_flux;cr1000xe_backbone,1.9104,particle,transport,1,1.6373622417449951
7181,candidate_013,radiometer_basic;fc4_flux;cr1000xe_backbone,1.9104,particle,transport,1,1.874680757522583
7181,candidate_013,radiometer_basic;fc4_flux;cr1000xe_backbone,1.9104,calm,transport,0,0.7800045609474182
7181,candidate_013,radiometer_basic;fc4_flux;cr1000xe_backbone,1.9104,calm,transport,0,0.7173632383346558
7181,candidate_013,radiometer_basic;fc4_flux;cr1000xe_backbone,1.9104,calm,transport,0,0.6960157155990601
7181,candidate_013,radiometer_basic;fc4_flux;cr1000xe_backbone,1.9104,calm,transport,0,0.7848722338676453
7181,candidate_013,radiometer_basic;fc4_flux;cr1000xe_backbone,1.9104,calm,transport,0,0.6500421166419983
7181,candidate_013,radiometer_basic;fc4_flux;cr1000xe_backbone,1.9104,calm,transport,0,0.5865728855133057
7181,candidate_013,radiometer_basic;fc4_flux;cr1000xe_backbone,1.9104,calm,transport,0,0.518257737159729
7181,candidate_013,radiometer_basic;fc4_flux;cr1000xe_backbone,1.9104,calm,transport,0,0.5900691151618958
7181,candidate_013,radiometer_basic;fc4_flux;cr1000xe_backbone,1.9104,calm,transport,0,0.39796769618988037
7181,candidate_013,radiometer_basic;fc4_flux;cr1000xe_backbone,1.9104,calm,transport,0,0.3198147118091583
7181,candidate_013,radiometer_basic;fc4_flux;cr1000xe_backbone,1.9104,calm,transport,0,0.38251784443855286
7181,candidate_013,radiometer_basic;fc4_flux;cr1000xe_backbone,1.9104,calm,transport,0,0.379140168428421
7181,candidate_013,radiometer_basic;fc4_flux;cr1000xe_backbone,1.9104,calm,particle,0,0.3249683082103729
7181,candidate_013,radiometer_basic;fc4_flux;cr1000xe_backbone,1.9104,flux,particle,2,0.30115199089050293
7181,candidate_013,radiometer_basic;fc4_flux;cr1000xe_backbone,1.9104,flux,particle,2,0.3307409882545471
7181,candidate_013,radiometer_basic;fc4_flux;cr1000xe_backbone,1.9104,flux,particle,2,0.32779932022094727
7181,candidate_013,radiometer_basic;fc4_flux;cr1000xe_backbone,1.9104,flux,particle,2,0.371153324842453
7181,candidate_013,radiometer_basic;fc4_flux;cr1000xe_backbone,1.9104,flux,particle,2,0.40523502230644226
7181,candidate_013,radiometer_basic;fc4_flux;cr1000xe_backbone,1.9104,flux,particle,2,0.4407118260860443
7181,candidate_013,radiometer_basic;fc4_flux;cr1000xe_backbone,1.9104,flux,particle,2,0.4774446487426758
7181,candidate_013,radiometer_basic;fc4_flux;cr1000xe_backbone,1.9104,flux,particle,2,0.4745239019393921
7181,candidate_013,radiometer_basic;fc4_flux;cr1000xe_backbone,1.9104,flux,particle,2,0.49990564584732056
7181,candidate_013,radiometer_basic;fc4_flux;cr1000xe_backbone,1.9104,flux,particle,2,0.44815129041671753
7181,candidate_013,radiometer_basic;fc4_flux;cr1000xe_backbone,1.9104,flux,particle,2,0.5374953150749207
7181,candidate_013,radiometer_basic;fc4_flux;cr1000xe_backbone,1.9104,flux,particle,2,0.5030092000961304
7181,candidate_013,radiometer_basic;fc4_flux;cr1000xe_backbone,1.9104,flux,particle,2,0.5386945009231567
7181,candidate_013,radiometer_basic;fc4_flux;cr1000xe_backbone,1.9104,flux,particle,2,0.5464107394218445
7181,candidate_013,radiometer_basic;fc4_flux;cr1000xe_backbone,1.9104,flux,particle,2,0.5593026876449585
7181,candidate_013,radiometer_basic;fc4_flux;cr1000xe_backbone,1.9104,flux,particle,2,0.6318220496177673
7181,candidate_013,radiometer_basic;fc4_flux;cr1000xe_backbone,1.9104,flux,particle,2,0.649783730506897
7181,candidate_013,radiometer_basic;fc4_flux;cr1000xe_backbone,1.9104,flux,particle,2,0.6254810690879822
7181,candidate_013,radiometer_basic;fc4_flux;cr1000xe_backbone,1.9104,flux,particle,2,0.6364331245422363
7181,candidate_013,radiometer_basic;fc4_flux;cr1000xe_backbone,1.9104,flux,particle,2,0.6536607146263123
7181,candidate_013,radiometer_basic;fc4_flux;cr1000xe_backbone,1.9104,flux,particle,2,0.618074893951416
7181,candidate_013,radiometer_basic;fc4_flux;cr1000xe_backbone,1.9104,flux,particle,2,0.6609084010124207
7181,candidate_013,radiometer_basic;fc4_flux;cr1000xe_backbone,1.9104,flux,thermal,2,0.6509867310523987
7181,candidate_013,radiometer_basic;fc4_flux;cr1000xe_backbone,1.9104,flux,thermal,2,0.6655930280685425
7181,candidate_013,radiometer_basic;fc4_flux;cr1000xe_backbone,1.9104,flux,thermal,2,0.6822848320007324
7181,candidate_013,radiometer_basic;fc4_flux;cr1000xe_backbone,1.9104,flux,thermal,2,0.6793020963668823
7181,candidate_013,radiometer_basic;fc4_flux;cr1000xe_backbone,1.9104,flux,thermal,2,0.7956734299659729
7181,candidate_013,radiometer_basic;fc4_flux;cr1000xe_backbone,1.9104,flux,thermal,2,0.8177475333213806
7181,candidate_013,radiometer_basic;fc4_flux;cr1000xe_backbone,1.9104,flux,thermal,2,0.9073575139045715
7181,candidate_013,radiometer_basic;fc4_flux;cr1000xe_backbone,1.9104,flux,thermal,2,0.8682199716567993
7181,candidate_013,radiometer_basic;fc4_flux;cr1000xe_backbone,1.9104,flux,thermal,2,0.9912322163581848
7181,candidate_013,radiometer_basic;fc4_flux;cr1000xe_backbone,1.9104,flux,thermal,2,0.9501380324363708
7181,candidate_013,radiometer_basic;fc4_flux;cr1000xe_backbone,1.9104,flux,thermal,2,0.9489628672599792
7181,candidate_013,radiometer_basic;fc4_flux;cr1000xe_backbone,1.9104,flux,thermal,2,0.9507579207420349
7181,candidate_013,radiometer_basic;fc4_flux;cr1000xe_backbone,1.9104,flux,thermal,2,1.0442042350769043
7181,candidate_013,radiometer_basic;fc4_flux;cr1000xe_backbone,1.9104,flux,thermal,2,0.9985553622245789
7181,candidate_013,radiometer_basic;fc4_flux;cr1000xe_backbone,1.9104,flux,thermal,2,1.039220929145813
7181,candidate_013,radiometer_basic;fc4_flux;cr1000xe_backbone,1.9104,flux,thermal,2,0.9703100919723511
7181,candidate_013,radiometer_basic;fc4_flux;cr1000xe_backbone,1.9104,flux,thermal,2,1.0463804006576538
7181,candidate_013,radiometer_basic;fc4_flux;cr1000xe_backbone,1.9104,flux,thermal,2,1.000983715057373
7181,candidate_013,radiometer_basic;fc4_flux;cr1000xe_backbone,1.9104,flux,thermal,2,1.0340783596038818
7181,candidate_013,radiometer_basic;fc4_flux;cr1000xe_backbone,1.9104,flux,thermal,2,0.9880241751670837
7181,candidate_013,radiometer_basic;fc4_flux;cr1000xe_backbone,1.9104,flux,thermal,2,1.003110408782959
7181,candidate_013,radiometer_basic;fc4_flux;cr1000xe_backbone,1.9104,flux,thermal,2,0.9312527179718018
7181,candidate_013,radiometer_basic;fc4_flux;cr1000xe_backbone,1.9104,flux,thermal,2,0.9524411559104919
7181,candidate_013,radiometer_basic;fc4_flux;cr1000xe_backbone,1.9104,flux,thermal,2,0.9368367791175842
7181,candidate_013,radiometer_basic;fc4_flux;cr1000xe_backbone,1.9104,flux,thermal,2,0.9046679139137268
7181,candidate_013,radiometer_basic;fc4_flux;cr1000xe_backbone,1.9104,flux,thermal,2,0.8927516937255859
7181,candidate_013,radiometer_basic;fc4_flux;cr1000xe_backbone,1.9104,flux,thermal,2,0.886894166469574
7181,candidate_013,radiometer_basic;fc4_flux;cr1000xe_backbone,1.9104,flux,thermal,2,0.8697726130485535
7181,candidate_013,radiometer_basic;fc4_flux;cr1000xe_backbone,1.9104,flux,thermal,2,0.807563841342926
7181,candidate_013,radiometer_basic;fc4_flux;cr1000xe_backbone,1.9104,flux,thermal,2,0.820886492729187
7181,candidate_013,radiometer_basic;fc4_flux;cr1000xe_backbone,1.9104,flux,thermal,2,0.8265429139137268
7181,candidate_013,radiometer_basic;fc4_flux;cr1000xe_backbone,1.9104,calm,thermal,0,0.9218803644180298
7181,candidate_013,radiometer_basic;fc4_flux;cr1000xe_backbone,1.9104,calm,thermal,0,0.8428305387496948
7181,candidate_013,radiometer_basic;fc4_flux;cr1000xe_backbone,1.9104,calm,thermal,0,0.8721978068351746
7181,candidate_013,radiometer_basic;fc4_flux;cr1000xe_backbone,1.9104,calm,transport,0,0.91888028383255
7181,candidate_013,radiometer_basic;fc4_flux;cr1000xe_backbone,1.9104,calm,transport,0,0.8696896433830261
7181,candidate_013,radiometer_basic;fc4_flux;cr1000xe_backbone,1.9104,calm,transport,0,0.7857707738876343
7181,candidate_013,radiometer_basic;fc4_flux;cr1000xe_backbone,1.9104,calm,transport,0,0.748975396156311
7181,candidate_013,radiometer_basic;fc4_flux;cr1000xe_backbone,1.9104,calm,transport,0,0.6883836984634399
7181,candidate_013,radiometer_basic;fc4_flux;cr1000xe_backbone,1.9104,calm,transport,0,0.6264141201972961
7181,candidate_013,radiometer_basic;fc4_flux;cr1000xe_backbone,1.9104,calm,transport,0,0.5524135231971741
7181,candidate_013,radiometer_basic;fc4_flux;cr1000xe_backbone,1.9104,calm,transport,0,0.5132458209991455
7181,candidate_013,radiometer_basic;fc4_flux;cr1000xe_backbone,1.9104,calm,transport,0,0.5090400576591492
7181,candidate_013,radiometer_basic;fc4_flux;cr1000xe_backbone,1.9104,calm,transport,0,0.46602120995521545
7181,candidate_013,radiometer_basic;fc4_flux;cr1000xe_backbone,1.9104,calm,transport,0,0.5081935524940491
7181,candidate_013,radiometer_basic;fc4_flux;cr1000xe_backbone,1.9104,particle,transport,1,0.38977116346359253
7181,candidate_013,radiometer_basic;fc4_flux;cr1000xe_backbone,1.9104,particle,transport,1,0.4796580970287323
7181,candidate_013,radiometer_basic;fc4_flux;cr1000xe_backbone,1.9104,particle,transport,1,0.36234134435653687
7181,candidate_013,radiometer_basic;fc4_flux;cr1000xe_backbone,1.9104,particle,transport,1,0.3620126247406006
7181,candidate_013,radiometer_basic;fc4_flux;cr1000xe_backbone,1.9104,particle,transport,1,0.29807043075561523
7181,candidate_013,radiometer_basic;fc4_flux;cr1000xe_backbone,1.9104,particle,transport,1,0.419920414686203
7181,candidate_013,radiometer_basic;fc4_flux;cr1000xe_backbone,1.9104,particle,transport,1,0.34815138578414917
7181,candidate_013,radiometer_basic;fc4_flux;cr1000xe_backbone,1.9104,particle,transport,1,0.34887129068374634
7181,candidate_013,radiometer_basic;fc4_flux;cr1000xe_backbone,1.9104,particle,transport,1,0.3498915731906891
7181,candidate_013,radiometer_basic;fc4_flux;cr1000xe_backbone,1.9104,particle,transport,1,0.45138806104660034
7181,candidate_013,radiometer_basic;fc4_flux;cr1000xe_backbone,1.9104,particle,transport,1,0.33088985085487366
7181,candidate_013,radiometer_basic;fc4_flux;cr1000xe_backbone,1.9104,particle,transport,1,0.43471041321754456
7181,candidate_013,radiometer_basic;fc4_flux;cr1000xe_backbone,1.9104,particle,transport,1,0.3873162865638733
7181,candidate_013,radiometer_basic;fc4_flux;cr1000xe_backbone,1.9104,particle,transport,1,0.5209528207778931
7181,candidate_013,radiometer_basic;fc4_flux;cr1000xe_backbone,1.9104,particle,transport,1,0.45279091596603394
7181,candidate_013,radiometer_basic;fc4_flux;cr1000xe_backbone,1.9104,particle,particle,1,0.481169730424881
7181,candidate_013,radiometer_basic;fc4_flux;cr1000xe_backbone,1.9104,particle,particle,1,0.48297905921936035
7181,candidate_013,radiometer_basic;fc4_flux;cr1000xe_backbone,1.9104,particle,particle,1,0.6166333556175232
7181,candidate_013,radiometer_basic;fc4_flux;cr1000xe_backbone,1.9104,particle,particle,1,0.5408667325973511
7181,candidate_013,radiometer_basic;fc4_flux;cr1000xe_backbone,1.9104,particle,particle,1,0.6526133418083191
7181,candidate_013,radiometer_basic;fc4_flux;cr1000xe_backbone,1.9104,particle,particle,1,0.6625068187713623
7181,candidate_013,radiometer_basic;fc4_flux;cr1000xe_backbone,1.9104,particle,particle,1,0.6649193167686462
7181,candidate_013,radiometer_basic;fc4_flux;cr1000xe_backbone,1.9104,particle,particle,1,0.6779052019119263
7181,candidate_013,radiometer_basic;fc4_flux;cr1000xe_backbone,1.9104,particle,particle,1,0.7806379199028015
7181,candidate_013,radiometer_basic;fc4_flux;cr1000xe_backbone,1.9104,particle,particle,1,0.7689690589904785
7181,candidate_013,radiometer_basic;fc4_flux;cr1000xe_backbone,1.9104,particle,particle,1,0.7498123645782471
7181,candidate_013,radiometer_basic;fc4_flux;cr1000xe_backbone,1.9104,calm,particle,0,0.7858988642692566
7181,candidate_013,radiometer_basic;fc4_flux;cr1000xe_backbone,1.9104,calm,particle,0,0.8907505869865417
7181,candidate_013,radiometer_basic;fc4_flux;cr1000xe_backbone,1.9104,calm,particle,0,0.8949339389801025
7181,candidate_013,radiometer_basic;fc4_flux;cr1000xe_backbone,1.9104,calm,particle,0,0.7876768112182617
7181,candidate_013,radiometer_basic;fc4_flux;cr1000xe_backbone,1.9104,calm,particle,0,0.8343448638916016
7181,candidate_013,radiometer_basic;fc4_flux;cr1000xe_backbone,1.9104,calm,particle,0,0.8958402872085571
7181,candidate_013,radiometer_basic;fc4_flux;cr1000xe_backbone,1.9104,calm,particle,0,0.9119652509689331
7181,candidate_013,radiometer_basic;fc4_flux;cr1000xe_backbone,1.9104,calm,particle,0,0.7709537148475647
7181,candidate_013,radiometer_basic;fc4_flux;cr1000xe_backbone,1.9104,calm,thermal,0,0.7634133696556091
7181,candidate_013,radiometer_basic;fc4_flux;cr1000xe_backbone,1.9104,calm,thermal,0,0.7678475379943848
7181,candidate_013,radiometer_basic;fc4_flux;cr1000xe_backbone,1.9104,calm,thermal,0,0.7392531037330627
7181,candidate_013,radiometer_basic;fc4_flux;cr1000xe_backbone,1.9104,calm,thermal,0,0.6709429621696472
7181,candidate_013,radiometer_basic;fc4_flux;cr1000xe_backbone,1.9104,calm,thermal,0,0.6729534864425659
7181,candidate_013,radiometer_basic;fc4_flux;cr1000xe_backbone,1.9104,flux,thermal,2,0.64402174949646
7181,candidate_013,radiometer_basic;fc4_flux;cr1000xe_backbone,1.9104,flux,thermal,2,0.5958717465400696
7181,candidate_013,radiometer_basic;fc4_flux;cr1000xe_backbone,1.9104,flux,thermal,2,0.6187202334403992
7181,candidate_013,radiometer_basic;fc4_flux;cr1000xe_backbone,1.9104,flux,thermal,2,0.5427828431129456
7181,candidate_013,radiometer_basic;fc4_flux;cr1000xe_backbone,1.9104,flux,thermal,2,0.5735311508178711
7181,candidate_013,radiometer_basic;fc4_flux;cr1000xe_backbone,1.9104,flux,thermal,2,0.617464542388916
7181,candidate_013,radiometer_basic;fc4_flux;cr1000xe_backbone,1.9104,flux,thermal,2,0.5747238397598267
7181,candidate_013,radiometer_basic;fc4_flux;cr1000xe_backbone,1.9104,flux,thermal,2,0.5623878240585327
7181,candidate_013,radiometer_basic;fc4_flux;cr1000xe_backbone,1.9104,flux,thermal,2,0.580854594707489
7181,candidate_013,radiometer_basic;fc4_flux;cr1000xe_backbone,1.9104,flux,thermal,2,0.6307641267776489
7181,candidate_013,radiometer_basic;fc4_flux;cr1000xe_backbone,1.9104,flux,thermal,2,0.6093536615371704
7181,candidate_013,radiometer_basic;fc4_flux;cr1000xe_backbone,1.9104,flux,thermal,2,0.5450242757797241
7181,candidate_013,radiometer_basic;fc4_flux;cr1000xe_backbone,1.9104,flux,thermal,2,0.617233395576477
7181,candidate_013,radiometer_basic;fc4_flux;cr1000xe_backbone,1.9104,flux,thermal,2,0.563298225402832
7181,candidate_013,radiometer_basic;fc4_flux;cr1000xe_backbone,1.9104,flux,thermal,2,0.5381922125816345
7181,candidate_013,radiometer_basic;fc4_flux;cr1000xe_backbone,1.9104,flux,thermal,2,0.5677337050437927
7181,candidate_013,radiometer_basic;fc4_flux;cr1000xe_backbone,1.9104,flux,thermal,2,0.5744156837463379
7181,candidate_013,radiometer_basic;fc4_flux;cr1000xe_backbone,1.9104,flux,thermal,2,0.5616012215614319
7181,candidate_013,radiometer_basic;fc4_flux;cr1000xe_backbone,1.9104,flux,thermal,2,0.5116769075393677
7181,candidate_013,radiometer_basic;fc4_flux;cr1000xe_backbone,1.9104,flux,thermal,2,0.5544529557228088
7181,candidate_013,radiometer_basic;fc4_flux;cr1000xe_backbone,1.9104,flux,thermal,2,0.8017117381095886
7181,candidate_013,radiometer_basic;fc4_flux;cr1000xe_backbone,1.9104,flux,thermal,2,1.1136202812194824
7181,candidate_013,radiometer_basic;fc4_flux;cr1000xe_backbone,1.9104,flux,thermal,2,1.371117353439331
7181,candidate_013,radiometer_basic;fc4_flux;cr1000xe_backbone,1.9104,flux,thermal,2,1.756226897239685
7181,candidate_013,radiometer_basic;fc4_flux;cr1000xe_backbone,1.9104,flux,thermal,2,2.0523531436920166
7181,candidate_013,radiometer_basic;fc4_flux;cr1000xe_backbone,1.9104,flux,thermal,2,2.3745028972625732
7181,candidate_013,radiometer_basic;fc4_flux;cr1000xe_backbone,1.9104,flux,thermal,2,2.632911443710327
7181,candidate_013,radiometer_basic;fc4_flux;cr1000xe_backbone,1.9104,flux,thermal,2,3.0153989791870117
7181,candidate_013,radiometer_basic;fc4_flux;cr1000xe_backbone,1.9104,flux,transport,2,3.1134164333343506
7181,candidate_013,radiometer_basic;fc4_flux;cr1000xe_backbone,1.9104,flux,transport,2,3.1356401443481445
7181,candidate_013,radiometer_basic;fc4_flux;cr1000xe_backbone,1.9104,flux,transport,2,3.083343029022217
7181,candidate_013,radiometer_basic;fc4_flux;cr1000xe_backbone,1.9104,flux,transport,2,3.0509777069091797
7181,candidate_013,radiometer_basic;fc4_flux;cr1000xe_backbone,1.9104,flux,transport,2,2.5430655479431152
7181,candidate_013,radiometer_basic;fc4_flux;cr1000xe_backbone,1.9104,flux,transport,2,2.563800811767578
7181,candidate_013,radiometer_basic;fc4_flux;cr1000xe_backbone,1.9104,flux,transport,2,1.5396353006362915
7181,candidate_013,radiometer_basic;fc4_flux;cr1000xe_backbone,1.9104,flux,transport,2,1.546810269355774
7181,candidate_013,radiometer_basic;fc4_flux;cr1000xe_backbone,1.9104,flux,transport,2,1.1476757526397705
7181,candidate_013,radiometer_basic;fc4_flux;cr1000xe_backbone,1.9104,flux,transport,2,1.7660980224609375
7181,candidate_013,radiometer_basic;fc4_flux;cr1000xe_backbone,1.9104,flux,transport,2,1.8164892196655273
7181,candidate_013,radiometer_basic;fc4_flux;cr1000xe_backbone,1.9104,flux,transport,2,2.5277187824249268
7181,candidate_013,radiometer_basic;fc4_flux;cr1000xe_backbone,1.9104,flux,transport,2,2.7601563930511475
7181,candidate_013,radiometer_basic;fc4_flux;cr1000xe_backbone,1.9104,flux,transport,2,2.8628041744232178
7181,candidate_013,radiometer_basic;fc4_flux;cr1000xe_backbone,1.9104,flux,transport,2,2.944683313369751
7181,candidate_013,radiometer_basic;fc4_flux;cr1000xe_backbone,1.9104,flux,transport,2,3.033332347869873
7181,candidate_013,radiometer_basic;fc4_flux;cr1000xe_backbone,1.9104,flux,transport,2,3.0666496753692627
7181,candidate_013,radiometer_basic;fc4_flux;cr1000xe_backbone,1.9104,flux,transport,2,3.071847438812256
7181,candidate_013,radiometer_basic;fc4_flux;cr1000xe_backbone,1.9104,flux,transport,2,3.0954337120056152
7181,candidate_013,radiometer_basic;fc4_flux;cr1000xe_backbone,1.9104,flux,transport,2,3.1046535968780518
7181,candidate_013,radiometer_basic;fc4_flux;cr1000xe_backbone,1.9104,flux,transport,2,2.850125312805176
7181,candidate_013,radiometer_basic;fc4_flux;cr1000xe_backbone,1.9104,flux,transport,2,2.5366909503936768
7181,candidate_013,radiometer_basic;fc4_flux;cr1000xe_backbone,1.9104,flux,transport,2,2.2583060264587402
7181,candidate_013,radiometer_basic;fc4_flux;cr1000xe_backbone,1.9104,flux,transport,2,2.0495336055755615
7181,candidate_013,radiometer_basic;fc4_flux;cr1000xe_backbone,1.9104,flux,transport,2,1.8914142847061157
7181,candidate_013,radiometer_basic;fc4_flux;cr1000xe_backbone,1.9104,flux,transport,2,1.7759044170379639
7181,candidate_013,radiometer_basic;fc4_flux;cr1000xe_backbone,1.9104,flux,transport,2,1.7238242626190186
7181,candidate_013,radiometer_basic;fc4_flux;cr1000xe_backbone,1.9104,flux,transport,2,1.413065791130066
7181,candidate_013,radiometer_basic;fc4_flux;cr1000xe_backbone,1.9104,flux,particle,2,1.0148718357086182
7181,candidate_013,radiometer_basic;fc4_flux;cr1000xe_backbone,1.9104,flux,particle,2,1.0281152725219727
7181,candidate_013,radiometer_basic;fc4_flux;cr1000xe_backbone,1.9104,calm,particle,0,1.0126019716262817
7181,candidate_013,radiometer_basic;fc4_flux;cr1000xe_backbone,1.9104,calm,particle,0,1.0202447175979614
7181,candidate_013,radiometer_basic;fc4_flux;cr1000xe_backbone,1.9104,calm,particle,0,1.070113182067871
7181,candidate_013,radiometer_basic;fc4_flux;cr1000xe_backbone,1.9104,calm,particle,0,1.0042909383773804
7181,candidate_013,radiometer_basic;fc4_flux;cr1000xe_backbone,1.9104,calm,particle,0,0.9571595788002014
7181,candidate_013,radiometer_basic;fc4_flux;cr1000xe_backbone,1.9104,calm,particle,0,0.9114964008331299
7181,candidate_013,radiometer_basic;fc4_flux;cr1000xe_backbone,1.9104,calm,particle,0,0.8298028111457825
7181,candidate_013,radiometer_basic;fc4_flux;cr1000xe_backbone,1.9104,calm,particle,0,0.8465726971626282
7181,candidate_013,radiometer_basic;fc4_flux;cr1000xe_backbone,1.9104,calm,particle,0,0.8273148536682129
7181,candidate_013,radiometer_basic;fc4_flux;cr1000xe_backbone,1.9104,calm,particle,0,0.8008277416229248
7181,candidate_013,radiometer_basic;fc4_flux;cr1000xe_backbone,1.9104,calm,particle,0,0.7719600200653076
7181,candidate_013,radiometer_basic;fc4_flux;cr1000xe_backbone,1.9104,calm,particle,0,0.7677204012870789
7181,candidate_013,radiometer_basic;fc4_flux;cr1000xe_backbone,1.9104,flux,particle,2,0.7969272136688232
7181,candidate_013,radiometer_basic;fc4_flux;cr1000xe_backbone,1.9104,flux,particle,2,0.7699371576309204
7181,candidate_013,radiometer_basic;fc4_flux;cr1000xe_backbone,1.9104,flux,particle,2,0.747151255607605
7181,candidate_013,radiometer_basic;fc4_flux;cr1000xe_backbone,1.9104,flux,particle,2,0.7130024433135986
7181,candidate_013,radiometer_basic;fc4_flux;cr1000xe_backbone,1.9104,flux,thermal,2,0.6538299918174744
7181,candidate_013,radiometer_basic;fc4_flux;cr1000xe_backbone,1.9104,flux,thermal,2,0.6241488456726074
7181,candidate_013,radiometer_basic;fc4_flux;cr1000xe_backbone,1.9104,flux,thermal,2,0.6263614892959595
7181,candidate_013,radiometer_basic;fc4_flux;cr1000xe_backbone,1.9104,flux,thermal,2,0.6012858152389526
7181,candidate_013,radiometer_basic;fc4_flux;cr1000xe_backbone,1.9104,flux,thermal,2,0.6589368581771851
7181,candidate_013,radiometer_basic;fc4_flux;cr1000xe_backbone,1.9104,flux,thermal,2,0.6488764882087708
7181,candidate_013,radiometer_basic;fc4_flux;cr1000xe_backbone,1.9104,flux,thermal,2,0.6273424029350281
7181,candidate_013,radiometer_basic;fc4_flux;cr1000xe_backbone,1.9104,flux,thermal,2,0.6573156714439392
7181,candidate_013,radiometer_basic;fc4_flux;cr1000xe_backbone,1.9104,flux,thermal,2,0.621268093585968
7181,candidate_013,radiometer_basic;fc4_flux;cr1000xe_backbone,1.9104,flux,thermal,2,0.6756919622421265
7181,candidate_013,radiometer_basic;fc4_flux;cr1000xe_backbone,1.9104,flux,thermal,2,0.6827446818351746
7181,candidate_013,radiometer_basic;fc4_flux;cr1000xe_backbone,1.9104,flux,thermal,2,0.6704573035240173
7181,candidate_013,radiometer_basic;fc4_flux;cr1000xe_backbone,1.9104,flux,thermal,2,0.7973069548606873
7181,candidate_013,radiometer_basic;fc4_flux;cr1000xe_backbone,1.9104,flux,thermal,2,0.7485863566398621
7181,candidate_013,radiometer_basic;fc4_flux;cr1000xe_backbone,1.9104,flux,thermal,2,0.7874888777732849
7181,candidate_013,radiometer_basic;fc4_flux;cr1000xe_backbone,1.9104,flux,thermal,2,0.7149782776832581
7181,candidate_013,radiometer_basic;fc4_flux;cr1000xe_backbone,1.9104,flux,thermal,2,0.7832831740379333
7181,candidate_013,radiometer_basic;fc4_flux;cr1000xe_backbone,1.9104,flux,thermal,2,0.7444514036178589
7181,candidate_013,radiometer_basic;fc4_flux;cr1000xe_backbone,1.9104,flux,thermal,2,0.7978811860084534
7181,candidate_013,radiometer_basic;fc4_flux;cr1000xe_backbone,1.9104,flux,thermal,2,0.659727931022644
7181,candidate_013,radiometer_basic;fc4_flux;cr1000xe_backbone,1.9104,flux,thermal,2,0.7107450366020203
7181,candidate_013,radiometer_basic;fc4_flux;cr1000xe_backbone,1.9104,flux,thermal,2,0.6742641925811768
7181,candidate_013,radiometer_basic;fc4_flux;cr1000xe_backbone,1.9104,flux,thermal,2,0.7518771886825562
7181,candidate_013,radiometer_basic;fc4_flux;cr1000xe_backbone,1.9104,flux,thermal,2,0.6398180723190308
7181,candidate_013,radiometer_basic;fc4_flux;cr1000xe_backbone,1.9104,flux,thermal,2,0.9984431862831116
7181,candidate_013,radiometer_basic;fc4_flux;cr1000xe_backbone,1.9104,flux,thermal,2,1.298426866531372
7181,candidate_013,radiometer_basic;fc4_flux;cr1000xe_backbone,1.9104,flux,thermal,2,1.314059853553772
7181,candidate_013,radiometer_basic;fc4_flux;cr1000xe_backbone,1.9104,flux,thermal,2,1.3123112916946411
7181,candidate_013,radiometer_basic;fc4_flux;cr1000xe_backbone,1.9104,flux,thermal,2,1.3167346715927124
7181,candidate_013,radiometer_basic;fc4_flux;cr1000xe_backbone,1.9104,flux,thermal,2,1.3911055326461792
7181,candidate_013,radiometer_basic;fc4_flux;cr1000xe_backbone,1.9104,flux,thermal,2,1.4394292831420898
7181,candidate_013,radiometer_basic;fc4_flux;cr1000xe_backbone,1.9104,flux,thermal,2,1.4313398599624634
7181,candidate_013,radiometer_basic;fc4_flux;cr1000xe_backbone,1.9104,flux,transport,2,3.0149338245391846
7181,candidate_013,radiometer_basic;fc4_flux;cr1000xe_backbone,1.9104,flux,transport,2,3.212407112121582
7181,candidate_013,radiometer_basic;fc4_flux;cr1000xe_backbone,1.9104,calm,transport,0,3.24247670173645
7181,candidate_013,radiometer_basic;fc4_flux;cr1000xe_backbone,1.9104,calm,transport,0,3.2012996673583984
7181,candidate_013,radiometer_basic;fc4_flux;cr1000xe_backbone,1.9104,calm,transport,0,3.1597673892974854
7181,candidate_013,radiometer_basic;fc4_flux;cr1000xe_backbone,1.9104,calm,transport,0,3.139099597930908
7181,candidate_013,radiometer_basic;fc4_flux;cr1000xe_backbone,1.9104,calm,transport,0,2.9406988620758057
7181,candidate_013,radiometer_basic;fc4_flux;cr1000xe_backbone,1.9104,calm,transport,0,2.9464378356933594
7181,candidate_013,radiometer_basic;fc4_flux;cr1000xe_backbone,1.9104,calm,transport,0,2.530941963195801
7181,candidate_013,radiometer_basic;fc4_flux;cr1000xe_backbone,1.9104,calm,transport,0,2.7211852073669434
7181,candidate_014,surface_temp_ir;fc4_flux;cr1000xe_backbone,1.9904,calm,transport,0,1.1267374753952026
7181,candidate_014,surface_temp_ir;fc4_flux;cr1000xe_backbone,1.9904,calm,transport,0,0.8371618986129761
7181,candidate_014,surface_temp_ir;fc4_flux;cr1000xe_backbone,1.9904,calm,transport,0,0.812212347984314
7181,candidate_014,surface_temp_ir;fc4_flux;cr1000xe_backbone,1.9904,calm,transport,0,0.8477986454963684
7181,candidate_014,surface_temp_ir;fc4_flux;cr1000xe_backbone,1.9904,calm,transport,0,0.835820734500885
7181,candidate_014,surface_temp_ir;fc4_flux;cr1000xe_backbone,1.9904,calm,transport,0,0.7689391374588013
7181,candidate_014,surface_temp_ir;fc4_flux;cr1000xe_backbone,1.9904,calm,transport,0,0.7646582722663879
7181,candidate_014,surface_temp_ir;fc4_flux;cr1000xe_backbone,1.9904,calm,transport,0,0.7483413219451904
7181,candidate_014,surface_temp_ir;fc4_flux;cr1000xe_backbone,1.9904,calm,transport,0,0.7200332283973694
7181,candidate_014,surface_temp_ir;fc4_flux;cr1000xe_backbone,1.9904,calm,transport,0,0.7286844253540039
7181,candidate_014,surface_temp_ir;fc4_flux;cr1000xe_backbone,1.9904,calm,transport,0,0.7271420955657959
7181,candidate_014,surface_temp_ir;fc4_flux;cr1000xe_backbone,1.9904,calm,transport,0,0.743016242980957
7181,candidate_014,surface_temp_ir;fc4_flux;cr1000xe_backbone,1.9904,calm,transport,0,0.7272094488143921
7181,candidate_014,surface_temp_ir;fc4_flux;cr1000xe_backbone,1.9904,calm,transport,0,0.7743862867355347
7181,candidate_014,surface_temp_ir;fc4_flux;cr1000xe_backbone,1.9904,calm,transport,0,0.7735008001327515
7181,candidate_014,surface_temp_ir;fc4_flux;cr1000xe_backbone,1.9904,calm,transport,0,0.7546414136886597
7181,candidate_014,surface_temp_ir;fc4_flux;cr1000xe_backbone,1.9904,calm,transport,0,0.7330734729766846
7181,candidate_014,surface_temp_ir;fc4_flux;cr1000xe_backbone,1.9904,calm,transport,0,0.7898544073104858
7181,candidate_014,surface_temp_ir;fc4_flux;cr1000xe_backbone,1.9904,calm,transport,0,0.7731848359107971
7181,candidate_014,surface_temp_ir;fc4_flux;cr1000xe_backbone,1.9904,calm,transport,0,0.7835779786109924
7181,candidate_014,surface_temp_ir;fc4_flux;cr1000xe_backbone,1.9904,calm,transport,0,0.7763274312019348
7181,candidate_014,surface_temp_ir;fc4_flux;cr1000xe_backbone,1.9904,calm,transport,0,0.7715684771537781
7181,candidate_014,surface_temp_ir;fc4_flux;cr1000xe_backbone,1.9904,calm,particle,0,0.8189778923988342
7181,candidate_014,surface_temp_ir;fc4_flux;cr1000xe_backbone,1.9904,calm,particle,0,0.8665899038314819
7181,candidate_014,surface_temp_ir;fc4_flux;cr1000xe_backbone,1.9904,calm,particle,0,0.905800998210907
7181,candidate_014,surface_temp_ir;fc4_flux;cr1000xe_backbone,1.9904,calm,particle,0,0.8718274235725403
7181,candidate_014,surface_temp_ir;fc4_flux;cr1000xe_backbone,1.9904,calm,particle,0,0.9122722744941711
7181,candidate_014,surface_temp_ir;fc4_flux;cr1000xe_backbone,1.9904,calm,particle,0,0.866135835647583
7181,candidate_014,surface_temp_ir;fc4_flux;cr1000xe_backbone,1.9904,calm,particle,0,0.8519489765167236
7181,candidate_014,surface_temp_ir;fc4_flux;cr1000xe_backbone,1.9904,calm,particle,0,0.7961353659629822
7181,candidate_014,surface_temp_ir;fc4_flux;cr1000xe_backbone,1.9904,calm,particle,0,0.7825635075569153
7181,candidate_014,surface_temp_ir;fc4_flux;cr1000xe_backbone,1.9904,calm,particle,0,0.7179545164108276
7181,candidate_014,surface_temp_ir;fc4_flux;cr1000xe_backbone,1.9904,calm,particle,0,0.7188968062400818
7181,candidate_014,surface_temp_ir;fc4_flux;cr1000xe_backbone,1.9904,calm,particle,0,0.7150645852088928
7181,candidate_014,surface_temp_ir;fc4_flux;cr1000xe_backbone,1.9904,calm,particle,0,0.6630963683128357
7181,candidate_014,surface_temp_ir;fc4_flux;cr1000xe_backbone,1.9904,calm,particle,0,0.6780160069465637
7181,candidate_014,surface_temp_ir;fc4_flux;cr1000xe_backbone,1.9904,calm,particle,0,0.707084059715271
7181,candidate_014,surface_temp_ir;fc4_flux;cr1000xe_backbone,1.9904,calm,particle,0,0.6959319114685059
7181,candidate_014,surface_temp_ir;fc4_flux;cr1000xe_backbone,1.9904,calm,particle,0,0.7133969664573669
7181,candidate_014,surface_temp_ir;fc4_flux;cr1000xe_backbone,1.9904,calm,particle,0,0.6788057088851929
7181,candidate_014,surface_temp_ir;fc4_flux;cr1000xe_backbone,1.9904,calm,particle,0,0.696356475353241
7181,candidate_014,surface_temp_ir;fc4_flux;cr1000xe_backbone,1.9904,calm,particle,0,0.6940483450889587
7181,candidate_014,surface_temp_ir;fc4_flux;cr1000xe_backbone,1.9904,calm,particle,0,0.7264434099197388
7181,candidate_014,surface_temp_ir;fc4_flux;cr1000xe_backbone,1.9904,calm,particle,0,0.7124807238578796
7181,candidate_014,surface_temp_ir;fc4_flux;cr1000xe_backbone,1.9904,calm,thermal,0,0.7529440522193909
7181,candidate_014,surface_temp_ir;fc4_flux;cr1000xe_backbone,1.9904,calm,thermal,0,0.7473358511924744
7181,candidate_014,surface_temp_ir;fc4_flux;cr1000xe_backbone,1.9904,calm,thermal,0,0.7636961936950684
7181,candidate_014,surface_temp_ir;fc4_flux;cr1000xe_backbone,1.9904,calm,thermal,0,0.7599104642868042
7181,candidate_014,surface_temp_ir;fc4_flux;cr1000xe_backbone,1.9904,calm,thermal,0,0.8268294930458069
7181,candidate_014,surface_temp_ir;fc4_flux;cr1000xe_backbone,1.9904,calm,thermal,0,0.821153998374939
7181,candidate_014,surface_temp_ir;fc4_flux;cr1000xe_backbone,1.9904,calm,thermal,0,0.828357458114624
7181,candidate_014,surface_temp_ir;fc4_flux;cr1000xe_backbone,1.9904,calm,thermal,0,0.7989542484283447
7181,candidate_014,surface_temp_ir;fc4_flux;cr1000xe_backbone,1.9904,calm,thermal,0,0.7776268124580383
7181,candidate_014,surface_temp_ir;fc4_flux;cr1000xe_backbone,1.9904,calm,thermal,0,0.7597949504852295
7181,candidate_014,surface_temp_ir;fc4_flux;cr1000xe_backbone,1.9904,calm,thermal,0,0.7567715048789978
7181,candidate_014,surface_temp_ir;fc4_flux;cr1000xe_backbone,1.9904,calm,thermal,0,0.7285541296005249
7181,candidate_014,surface_temp_ir;fc4_flux;cr1000xe_backbone,1.9904,calm,thermal,0,0.6711766719818115
7181,candidate_014,surface_temp_ir;fc4_flux;cr1000xe_backbone,1.9904,calm,thermal,0,0.6600955724716187
7181,candidate_014,surface_temp_ir;fc4_flux;cr1000xe_backbone,1.9904,calm,thermal,0,0.6056903600692749
7181,candidate_014,surface_temp_ir;fc4_flux;cr1000xe_backbone,1.9904,calm,thermal,0,0.6210494637489319
7181,candidate_014,surface_temp_ir;fc4_flux;cr1000xe_backbone,1.9904,calm,thermal,0,0.6099438071250916
7181,candidate_014,surface_temp_ir;fc4_flux;cr1000xe_backbone,1.9904,calm,thermal,0,0.5820059776306152
7181,candidate_014,surface_temp_ir;fc4_flux;cr1000xe_backbone,1.9904,calm,thermal,0,0.6144996881484985
7181,candidate_014,surface_temp_ir;fc4_flux;cr1000xe_backbone,1.9904,calm,thermal,0,0.6103252172470093
7181,candidate_014,surface_temp_ir;fc4_flux;cr1000xe_backbone,1.9904,calm,thermal,0,0.5989545583724976
7181,candidate_014,surface_temp_ir;fc4_flux;cr1000xe_backbone,1.9904,calm,thermal,0,0.6070305705070496
7181,candidate_014,surface_temp_ir;fc4_flux;cr1000xe_backbone,1.9904,calm,thermal,0,0.6344643831253052
7181,candidate_014,surface_temp_ir;fc4_flux;cr1000xe_backbone,1.9904,calm,thermal,0,0.6608663201332092
7181,candidate_014,surface_temp_ir;fc4_flux;cr1000xe_backbone,1.9904,calm,thermal,0,0.71273273229599
7181,candidate_014,surface_temp_ir;fc4_flux;cr1000xe_backbone,1.9904,calm,thermal,0,0.7449965476989746
7181,candidate_014,surface_temp_ir;fc4_flux;cr1000xe_backbone,1.9904,calm,thermal,0,0.7417780756950378
7181,candidate_014,surface_temp_ir;fc4_flux;cr1000xe_backbone,1.9904,calm,transport,0,0.7465080618858337
7181,candidate_014,surface_temp_ir;fc4_flux;cr1000xe_backbone,1.9904,calm,transport,0,0.7843523621559143
7181,candidate_014,surface_temp_ir;fc4_flux;cr1000xe_backbone,1.9904,calm,transport,0,0.7994948625564575
7181,candidate_014,surface_temp_ir;fc4_flux;cr1000xe_backbone,1.9904,calm,transport,0,0.7570560574531555
7181,candidate_014,surface_temp_ir;fc4_flux;cr1000xe_backbone,1.9904,calm,transport,0,0.7817044854164124
7181,candidate_014,surface_temp_ir;fc4_flux;cr1000xe_backbone,1.9904,calm,transport,0,0.7312862277030945
7181,candidate_014,surface_temp_ir;fc4_flux;cr1000xe_backbone,1.9904,calm,transport,0,0.7167216539382935
7181,candidate_014,surface_temp_ir;fc4_flux;cr1000xe_backbone,1.9904,calm,transport,0,0.6820548176765442
7181,candidate_014,surface_temp_ir;fc4_flux;cr1000xe_backbone,1.9904,calm,transport,0,0.6540096998214722
7181,candidate_014,surface_temp_ir;fc4_flux;cr1000xe_backbone,1.9904,calm,transport,0,0.6724611520767212
7181,candidate_014,surface_temp_ir;fc4_flux;cr1000xe_backbone,1.9904,calm,transport,0,0.6846612095832825
7181,candidate_014,surface_temp_ir;fc4_flux;cr1000xe_backbone,1.9904,calm,transport,0,0.6404325366020203
7181,candidate_014,surface_temp_ir;fc4_flux;cr1000xe_backbone,1.9904,calm,transport,0,0.6348206400871277
7181,candidate_014,surface_temp_ir;fc4_flux;cr1000xe_backbone,1.9904,calm,transport,0,0.6153408288955688
7181,candidate_014,surface_temp_ir;fc4_flux;cr1000xe_backbone,1.9904,calm,transport,0,0.6598718762397766
7181,candidate_014,surface_temp_ir;fc4_flux;cr1000xe_backbone,1.9904,calm,transport,0,0.7330722212791443
7181,candidate_014,surface_temp_ir;fc4_flux;cr1000xe_backbone,1.9904,calm,transport,0,0.6918540000915527
7181,candidate_014,surface_temp_ir;fc4_flux;cr1000xe_backbone,1.9904,calm,transport,0,0.6771902441978455
7181,candidate_014,surface_temp_ir;fc4_flux;cr1000xe_backbone,1.9904,calm,transport,0,0.6669957637786865
7181,candidate_014,surface_temp_ir;fc4_flux;cr1000xe_backbone,1.9904,calm,transport,0,0.7051309943199158
7181,candidate_014,surface_temp_ir;fc4_flux;cr1000xe_backbone,1.9904,calm,transport,0,0.7405608892440796
7181,candidate_014,surface_temp_ir;fc4_flux;cr1000xe_backbone,1.9904,calm,transport,0,0.7856829166412354
7181,candidate_014,surface_temp_ir;fc4_flux;cr1000xe_backbone,1.9904,calm,transport,0,0.7857804298400879
7181,candidate_014,surface_temp_ir;fc4_flux;cr1000xe_backbone,1.9904,calm,transport,0,0.7978179454803467
7181,candidate_014,surface_temp_ir;fc4_flux;cr1000xe_backbone,1.9904,calm,transport,0,0.8013914227485657
7181,candidate_014,surface_temp_ir;fc4_flux;cr1000xe_backbone,1.9904,calm,transport,0,0.8245484828948975
7181,candidate_014,surface_temp_ir;fc4_flux;cr1000xe_backbone,1.9904,calm,transport,0,0.8314958810806274
7181,candidate_014,surface_temp_ir;fc4_flux;cr1000xe_backbone,1.9904,calm,transport,0,0.8279600739479065
7181,candidate_014,surface_temp_ir;fc4_flux;cr1000xe_backbone,1.9904,calm,particle,0,0.8065914511680603
7181,candidate_014,surface_temp_ir;fc4_flux;cr1000xe_backbone,1.9904,calm,particle,0,0.774293839931488
7181,candidate_014,surface_temp_ir;fc4_flux;cr1000xe_backbone,1.9904,calm,particle,0,0.7393785119056702
7181,candidate_014,surface_temp_ir;fc4_flux;cr1000xe_backbone,1.9904,calm,particle,0,0.7181915640830994
7181,candidate_014,surface_temp_ir;fc4_flux;cr1000xe_backbone,1.9904,calm,particle,0,0.7070844769477844
7181,candidate_014,surface_temp_ir;fc4_flux;cr1000xe_backbone,1.9904,calm,particle,0,0.6828100085258484
7181,candidate_014,surface_temp_ir;fc4_flux;cr1000xe_backbone,1.9904,calm,particle,0,0.6706494092941284
7181,candidate_014,surface_temp_ir;fc4_flux;cr1000xe_backbone,1.9904,calm,particle,0,0.6699598431587219
7181,candidate_014,surface_temp_ir;fc4_flux;cr1000xe_backbone,1.9904,calm,particle,0,0.6831101179122925
7181,candidate_014,surface_temp_ir;fc4_flux;cr1000xe_backbone,1.9904,calm,particle,0,0.6890437602996826
7181,candidate_014,surface_temp_ir;fc4_flux;cr1000xe_backbone,1.9904,calm,particle,0,0.6824598908424377
7181,candidate_014,surface_temp_ir;fc4_flux;cr1000xe_backbone,1.9904,calm,particle,0,0.7045851945877075
7181,candidate_014,surface_temp_ir;fc4_flux;cr1000xe_backbone,1.9904,calm,particle,0,0.675827145576477
7181,candidate_014,surface_temp_ir;fc4_flux;cr1000xe_backbone,1.9904,calm,particle,0,0.7196375727653503
7181,candidate_014,surface_temp_ir;fc4_flux;cr1000xe_backbone,1.9904,calm,particle,0,0.7355968356132507
7181,candidate_014,surface_temp_ir;fc4_flux;cr1000xe_backbone,1.9904,calm,particle,0,0.736829400062561
7181,candidate_014,surface_temp_ir;fc4_flux;cr1000xe_backbone,1.9904,calm,particle,0,0.7492647171020508
7181,candidate_014,surface_temp_ir;fc4_flux;cr1000xe_backbone,1.9904,calm,particle,0,0.7900399565696716
7181,candidate_014,surface_temp_ir;fc4_flux;cr1000xe_backbone,1.9904,calm,particle,0,0.8361421227455139
7181,candidate_014,surface_temp_ir;fc4_flux;cr1000xe_backbone,1.9904,calm,particle,0,0.8975439667701721
7181,candidate_014,surface_temp_ir;fc4_flux;cr1000xe_backbone,1.9904,calm,particle,0,0.946918785572052
7181,candidate_014,surface_temp_ir;fc4_flux;cr1000xe_backbone,1.9904,calm,particle,0,0.9596906304359436
7181,candidate_014,surface_temp_ir;fc4_flux;cr1000xe_backbone,1.9904,calm,particle,0,0.9773231744766235
7181,candidate_014,surface_temp_ir;fc4_flux;cr1000xe_backbone,1.9904,calm,particle,0,1.001922845840454
7181,candidate_014,surface_temp_ir;fc4_flux;cr1000xe_backbone,1.9904,calm,particle,0,1.0177699327468872
7181,candidate_014,surface_temp_ir;fc4_flux;cr1000xe_backbone,1.9904,calm,particle,0,0.9669178128242493
7181,candidate_014,surface_temp_ir;fc4_flux;cr1000xe_backbone,1.9904,calm,particle,0,0.9945804476737976
7181,candidate_014,surface_temp_ir;fc4_flux;cr1000xe_backbone,1.9904,calm,particle,0,0.9433577656745911
7181,candidate_014,surface_temp_ir;fc4_flux;cr1000xe_backbone,1.9904,calm,particle,0,0.9359273314476013
7181,candidate_014,surface_temp_ir;fc4_flux;cr1000xe_backbone,1.9904,calm,particle,0,0.9417580366134644
7181,candidate_014,surface_temp_ir;fc4_flux;cr1000xe_backbone,1.9904,calm,particle,0,0.9041258096694946
7181,candidate_014,surface_temp_ir;fc4_flux;cr1000xe_backbone,1.9904,calm,thermal,0,0.9328099489212036
7181,candidate_014,surface_temp_ir;fc4_flux;cr1000xe_backbone,1.9904,calm,thermal,0,0.9456599354743958
7181,candidate_014,surface_temp_ir;fc4_flux;cr1000xe_backbone,1.9904,calm,thermal,0,0.9753322005271912
7181,candidate_014,surface_temp_ir;fc4_flux;cr1000xe_backbone,1.9904,calm,thermal,0,0.9942294955253601
7181,candidate_014,surface_temp_ir;fc4_flux;cr1000xe_backbone,1.9904,calm,thermal,0,0.9891423583030701
7181,candidate_014,surface_temp_ir;fc4_flux;cr1000xe_backbone,1.9904,calm,thermal,0,0.9967190623283386
7181,candidate_014,surface_temp_ir;fc4_flux;cr1000xe_backbone,1.9904,calm,thermal,0,1.0526773929595947
7181,candidate_014,surface_temp_ir;fc4_flux;cr1000xe_backbone,1.9904,calm,thermal,0,1.0708627700805664
7181,candidate_014,surface_temp_ir;fc4_flux;cr1000xe_backbone,1.9904,calm,thermal,0,1.0634764432907104
7181,candidate_014,surface_temp_ir;fc4_flux;cr1000xe_backbone,1.9904,calm,thermal,0,1.101056456565857
7181,candidate_014,surface_temp_ir;fc4_flux;cr1000xe_backbone,1.9904,calm,thermal,0,1.1002066135406494
7181,candidate_014,surface_temp_ir;fc4_flux;cr1000xe_backbone,1.9904,calm,thermal,0,1.122275948524475
7181,candidate_014,surface_temp_ir;fc4_flux;cr1000xe_backbone,1.9904,calm,thermal,0,1.1625655889511108
7181,candidate_014,surface_temp_ir;fc4_flux;cr1000xe_backbone,1.9904,calm,thermal,0,1.192882776260376
7181,candidate_014,surface_temp_ir;fc4_flux;cr1000xe_backbone,1.9904,calm,thermal,0,1.2024235725402832
7181,candidate_014,surface_temp_ir;fc4_flux;cr1000xe_backbone,1.9904,calm,thermal,0,1.2245838642120361
7181,candidate_014,surface_temp_ir;fc4_flux;cr1000xe_backbone,1.9904,calm,thermal,0,1.2441495656967163
7181,candidate_014,surface_temp_ir;fc4_flux;cr1000xe_backbone,1.9904,calm,thermal,0,1.224831223487854
7181,candidate_014,surface_temp_ir;fc4_flux;cr1000xe_backbone,1.9904,calm,thermal,0,1.2055069208145142
7181,candidate_014,surface_temp_ir;fc4_flux;cr1000xe_backbone,1.9904,calm,thermal,0,1.1927257776260376
7181,candidate_014,surface_temp_ir;fc4_flux;cr1000xe_backbone,1.9904,calm,transport,0,1.161716341972351
7181,candidate_014,surface_temp_ir;fc4_flux;cr1000xe_backbone,1.9904,calm,transport,0,1.1322026252746582
7181,candidate_014,surface_temp_ir;fc4_flux;cr1000xe_backbone,1.9904,calm,transport,0,1.109012246131897
7181,candidate_014,surface_temp_ir;fc4_flux;cr1000xe_backbone,1.9904,calm,transport,0,1.094009280204773
7181,candidate_014,surface_temp_ir;fc4_flux;cr1000xe_backbone,1.9904,calm,transport,0,1.068599820137024
7181,candidate_014,surface_temp_ir;fc4_flux;cr1000xe_backbone,1.9904,calm,transport,0,1.0911058187484741
7181,candidate_014,surface_temp_ir;fc4_flux;cr1000xe_backbone,1.9904,calm,transport,0,1.0688115358352661
7181,candidate_014,surface_temp_ir;fc4_flux;cr1000xe_backbone,1.9904,calm,transport,0,1.1085765361785889
7181,candidate_014,surface_temp_ir;fc4_flux;cr1000xe_backbone,1.9904,calm,transport,0,1.0684734582901
7181,candidate_014,surface_temp_ir;fc4_flux;cr1000xe_backbone,1.9904,calm,transport,0,1.100795030593872
7181,candidate_014,surface_temp_ir;fc4_flux;cr1000xe_backbone,1.9904,calm,transport,0,1.0834888219833374
7181,candidate_014,surface_temp_ir;fc4_flux;cr1000xe_backbone,1.9904,calm,transport,0,1.0669353008270264
7181,candidate_014,surface_temp_ir;fc4_flux;cr1000xe_backbone,1.9904,calm,transport,0,1.0791294574737549
7181,candidate_014,surface_temp_ir;fc4_flux;cr1000xe_backbone,1.9904,calm,transport,0,1.1287658214569092
7181,candidate_014,surface_temp_ir;fc4_flux;cr1000xe_backbone,1.9904,calm,transport,0,1.1444945335388184
7181,candidate_014,surface_temp_ir;fc4_flux;cr1000xe_backbone,1.9904,calm,transport,0,1.2135698795318604
7181,candidate_014,surface_temp_ir;fc4_flux;cr1000xe_backbone,1.9904,calm,transport,0,1.2281938791275024
7181,candidate_014,surface_temp_ir;fc4_flux;cr1000xe_backbone,1.9904,calm,transport,0,1.2140601873397827
7181,candidate_014,surface_temp_ir;fc4_flux;cr1000xe_backbone,1.9904,calm,transport,0,1.259997010231018
7181,candidate_014,surface_temp_ir;fc4_flux;cr1000xe_backbone,1.9904,calm,transport,0,1.2459689378738403
7181,candidate_014,surface_temp_ir;fc4_flux;cr1000xe_backbone,1.9904,calm,transport,0,1.316053032875061
7181,candidate_014,surface_temp_ir;fc4_flux;cr1000xe_backbone,1.9904,calm,transport,0,1.284819483757019
7181,candidate_014,surface_temp_ir;fc4_flux;cr1000xe_backbone,1.9904,calm,transport,0,1.255050778388977
7181,candidate_014,surface_temp_ir;fc4_flux;cr1000xe_backbone,1.9904,calm,transport,0,1.2142144441604614
7181,candidate_014,surface_temp_ir;fc4_flux;cr1000xe_backbone,1.9904,calm,transport,0,1.2114206552505493
7181,candidate_014,surface_temp_ir;fc4_flux;cr1000xe_backbone,1.9904,calm,transport,0,1.222804069519043
7181,candidate_014,surface_temp_ir;fc4_flux;cr1000xe_backbone,1.9904,calm,transport,0,1.197843313217163
7181,candidate_014,surface_temp_ir;fc4_flux;cr1000xe_backbone,1.9904,calm,transport,0,1.1754049062728882
7181,candidate_014,surface_temp_ir;fc4_flux;cr1000xe_backbone,1.9904,calm,transport,0,1.117621660232544
7181,candidate_014,surface_temp_ir;fc4_flux;cr1000xe_backbone,1.9904,calm,transport,0,1.1276782751083374
7181,candidate_014,surface_temp_ir;fc4_flux;cr1000xe_backbone,1.9904,calm,transport,0,1.1227238178253174
7181,candidate_014,surface_temp_ir;fc4_flux;cr1000xe_backbone,1.9904,calm,transport,0,1.1180574893951416
7181,candidate_014,surface_temp_ir;fc4_flux;cr1000xe_backbone,1.9904,calm,transport,0,1.0523139238357544
7181,candidate_014,surface_temp_ir;fc4_flux;cr1000xe_backbone,1.9904,calm,transport,0,1.0857926607131958
7181,candidate_014,surface_temp_ir;fc4_flux;cr1000xe_backbone,1.9904,calm,transport,0,1.067337155342102
7181,candidate_014,surface_temp_ir;fc4_flux;cr1000xe_backbone,1.9904,calm,particle,0,1.076451301574707
7181,candidate_014,surface_temp_ir;fc4_flux;cr1000xe_backbone,1.9904,calm,particle,0,1.084722876548767
7181,candidate_014,surface_temp_ir;fc4_flux;cr1000xe_backbone,1.9904,calm,particle,0,1.0428184270858765
7181,candidate_014,surface_temp_ir;fc4_flux;cr1000xe_backbone,1.9904,calm,particle,0,1.0760654211044312
7181,candidate_014,surface_temp_ir;fc4_flux;cr1000xe_backbone,1.9904,calm,particle,0,1.135104775428772
7181,candidate_014,surface_temp_ir;fc4_flux;cr1000xe_backbone,1.9904,calm,particle,0,1.1669390201568604
7181,candidate_014,surface_temp_ir;fc4_flux;cr1000xe_backbone,1.9904,calm,particle,0,1.1542696952819824
7181,candidate_014,surface_temp_ir;fc4_flux;cr1000xe_backbone,1.9904,calm,particle,0,1.1586565971374512
7181,candidate_014,surface_temp_ir;fc4_flux;cr1000xe_backbone,1.9904,calm,particle,0,1.1550601720809937
7181,candidate_014,surface_temp_ir;fc4_flux;cr1000xe_backbone,1.9904,calm,particle,0,1.2036705017089844
7181,candidate_014,surface_temp_ir;fc4_flux;cr1000xe_backbone,1.9904,calm,particle,0,1.1946768760681152
7181,candidate_014,surface_temp_ir;fc4_flux;cr1000xe_backbone,1.9904,calm,particle,0,1.1805025339126587
7181,candidate_014,surface_temp_ir;fc4_flux;cr1000xe_backbone,1.9904,calm,particle,0,1.1490504741668701
7181,candidate_014,surface_temp_ir;fc4_flux;cr1000xe_backbone,1.9904,calm,particle,0,1.1146037578582764
7181,candidate_014,surface_temp_ir;fc4_flux;cr1000xe_backbone,1.9904,calm,particle,0,1.136643409729004
7181,candidate_014,surface_temp_ir;fc4_flux;cr1000xe_backbone,1.9904,calm,particle,0,1.0889222621917725
7181,candidate_014,surface_temp_ir;fc4_flux;cr1000xe_backbone,1.9904,calm,particle,0,1.0611388683319092
7181,candidate_014,surface_temp_ir;fc4_flux;cr1000xe_backbone,1.9904,calm,particle,0,1.0635937452316284
7181,candidate_014,surface_temp_ir;fc4_flux;cr1000xe_backbone,1.9904,calm,particle,0,0.9874545931816101
7181,candidate_014,surface_temp_ir;fc4_flux;cr1000xe_backbone,1.9904,calm,particle,0,1.0456311702728271
7181,candidate_014,surface_temp_ir;fc4_flux;cr1000xe_backbone,1.9904,calm,particle,0,1.0490914583206177
7181,candidate_014,surface_temp_ir;fc4_flux;cr1000xe_backbone,1.9904,calm,particle,0,1.0715925693511963
7181,candidate_014,surface_temp_ir;fc4_flux;cr1000xe_backbone,1.9904,calm,particle,0,1.0553040504455566
7181,candidate_014,surface_temp_ir;fc4_flux;cr1000xe_backbone,1.9904,calm,particle,0,1.0950465202331543
7181,candidate_014,surface_temp_ir;fc4_flux;cr1000xe_backbone,1.9904,calm,particle,0,1.1004655361175537
7181,candidate_014,surface_temp_ir;fc4_flux;cr1000xe_backbone,1.9904,calm,particle,0,1.098341703414917
7181,candidate_014,surface_temp_ir;fc4_flux;cr1000xe_backbone,1.9904,calm,particle,0,1.093878984451294
7181,candidate_014,surface_temp_ir;fc4_flux;cr1000xe_backbone,1.9904,calm,particle,0,1.1162521839141846
7181,candidate_014,surface_temp_ir;fc4_flux;cr1000xe_backbone,1.9904,calm,particle,0,1.1482901573181152
7181,candidate_014,surface_temp_ir;fc4_flux;cr1000xe_backbone,1.9904,calm,particle,0,1.1264770030975342
7181,candidate_014,surface_temp_ir;fc4_flux;cr1000xe_backbone,1.9904,calm,particle,0,1.1099646091461182
7181,candidate_014,surface_temp_ir;fc4_flux;cr1000xe_backbone,1.9904,calm,particle,0,1.1205614805221558
7181,candidate_014,surface_temp_ir;fc4_flux;cr1000xe_backbone,1.9904,calm,particle,0,1.1880179643630981
7181,candidate_014,surface_temp_ir;fc4_flux;cr1000xe_backbone,1.9904,calm,particle,0,1.1859233379364014
7181,candidate_014,surface_temp_ir;fc4_flux;cr1000xe_backbone,1.9904,calm,thermal,0,1.1439791917800903
7181,candidate_014,surface_temp_ir;fc4_flux;cr1000xe_backbone,1.9904,calm,thermal,0,1.1063579320907593
7181,candidate_014,surface_temp_ir;fc4_flux;cr1000xe_backbone,1.9904,calm,thermal,0,1.1456290483474731
7181,candidate_014,surface_temp_ir;fc4_flux;cr1000xe_backbone,1.9904,calm,thermal,0,1.1354531049728394
7181,candidate_014,surface_temp_ir;fc4_flux;cr1000xe_backbone,1.9904,calm,thermal,0,1.0988155603408813
7181,candidate_014,surface_temp_ir;fc4_flux;cr1000xe_backbone,1.9904,calm,thermal,0,1.0528655052185059
7181,candidate_014,surface_temp_ir;fc4_flux;cr1000xe_backbone,1.9904,calm,thermal,0,1.060328722000122
7181,candidate_014,surface_temp_ir;fc4_flux;cr1000xe_backbone,1.9904,calm,thermal,0,1.0678167343139648
7181,candidate_014,surface_temp_ir;fc4_flux;cr1000xe_backbone,1.9904,calm,thermal,0,1.047057867050171
7181,candidate_014,surface_temp_ir;fc4_flux;cr1000xe_backbone,1.9904,calm,thermal,0,1.050724744796753
7181,candidate_014,surface_temp_ir;fc4_flux;cr1000xe_backbone,1.9904,calm,thermal,0,1.0296213626861572
7181,candidate_014,surface_temp_ir;fc4_flux;cr1000xe_backbone,1.9904,calm,thermal,0,1.057822823524475
7181,candidate_014,surface_temp_ir;fc4_flux;cr1000xe_backbone,1.9904,calm,thermal,0,1.0596237182617188
7181,candidate_014,surface_temp_ir;fc4_flux;cr1000xe_backbone,1.9904,calm,thermal,0,1.0342638492584229
7181,candidate_014,surface_temp_ir;fc4_flux;cr1000xe_backbone,1.9904,calm,thermal,0,1.0124579668045044
7181,candidate_014,surface_temp_ir;fc4_flux;cr1000xe_backbone,1.9904,calm,thermal,0,0.9945977926254272
7181,candidate_014,surface_temp_ir;fc4_flux;cr1000xe_backbone,1.9904,calm,thermal,0,1.0188183784484863
7181,candidate_014,surface_temp_ir;fc4_flux;cr1000xe_backbone,1.9904,calm,thermal,0,1.0152535438537598
7181,candidate_014,surface_temp_ir;fc4_flux;cr1000xe_backbone,1.9904,calm,thermal,0,1.0103641748428345
7181,candidate_014,surface_temp_ir;fc4_flux;cr1000xe_backbone,1.9904,calm,thermal,0,1.0283900499343872
7181,candidate_014,surface_temp_ir;fc4_flux;cr1000xe_backbone,1.9904,calm,thermal,0,1.0179082155227661
7181,candidate_014,surface_temp_ir;fc4_flux;cr1000xe_backbone,1.9904,calm,transport,0,1.0458972454071045
7181,candidate_014,surface_temp_ir;fc4_flux;cr1000xe_backbone,1.9904,calm,transport,0,1.0810655355453491
7181,candidate_014,surface_temp_ir;fc4_flux;cr1000xe_backbone,1.9904,calm,transport,0,1.0916634798049927
7181,candidate_014,surface_temp_ir;fc4_flux;cr1000xe_backbone,1.9904,calm,transport,0,1.0661569833755493
7181,candidate_014,surface_temp_ir;fc4_flux;cr1000xe_backbone,1.9904,calm,transport,0,1.065646767616272
7181,candidate_014,surface_temp_ir;fc4_flux;cr1000xe_backbone,1.9904,calm,transport,0,1.0532548427581787
7181,candidate_014,surface_temp_ir;fc4_flux;cr1000xe_backbone,1.9904,calm,transport,0,1.0389715433120728
7181,candidate_014,surface_temp_ir;fc4_flux;cr1000xe_backbone,1.9904,calm,transport,0,1.019046664237976
7181,candidate_014,surface_temp_ir;fc4_flux;cr1000xe_backbone,1.9904,calm,transport,0,1.0166276693344116
7181,candidate_014,surface_temp_ir;fc4_flux;cr1000xe_backbone,1.9904,calm,transport,0,0.9904720783233643
7181,candidate_014,surface_temp_ir;fc4_flux;cr1000xe_backbone,1.9904,calm,transport,0,0.9895676374435425
7181,candidate_014,surface_temp_ir;fc4_flux;cr1000xe_backbone,1.9904,calm,transport,0,1.0071048736572266
7181,candidate_014,surface_temp_ir;fc4_flux;cr1000xe_backbone,1.9904,calm,transport,0,0.9887406229972839
7181,candidate_014,surface_temp_ir;fc4_flux;cr1000xe_backbone,1.9904,calm,transport,0,1.0211594104766846
7181,candidate_014,surface_temp_ir;fc4_flux;cr1000xe_backbone,1.9904,calm,transport,0,1.0100650787353516
7181,candidate_014,surface_temp_ir;fc4_flux;cr1000xe_backbone,1.9904,calm,transport,0,0.9933127164840698
7181,candidate_014,surface_temp_ir;fc4_flux;cr1000xe_backbone,1.9904,particle,thermal,1,0.9437281489372253
7181,candidate_014,surface_temp_ir;fc4_flux;cr1000xe_backbone,1.9904,particle,thermal,1,1.075581431388855
7181,candidate_014,surface_temp_ir;fc4_flux;cr1000xe_backbone,1.9904,particle,thermal,1,1.2577184438705444
7181,candidate_014,surface_temp_ir;fc4_flux;cr1000xe_backbone,1.9904,particle,thermal,1,1.6058707237243652
7181,candidate_014,surface_temp_ir;fc4_flux;cr1000xe_backbone,1.9904,particle,thermal,1,1.9026888608932495
7181,candidate_014,surface_temp_ir;fc4_flux;cr1000xe_backbone,1.9904,particle,thermal,1,2.188354730606079
7181,candidate_014,surface_temp_ir;fc4_flux;cr1000xe_backbone,1.9904,particle,thermal,1,2.524674654006958
7181,candidate_014,surface_temp_ir;fc4_flux;cr1000xe_backbone,1.9904,particle,thermal,1,2.841186046600342
7181,candidate_014,surface_temp_ir;fc4_flux;cr1000xe_backbone,1.9904,particle,transport,1,2.338449239730835
7181,candidate_014,surface_temp_ir;fc4_flux;cr1000xe_backbone,1.9904,particle,transport,1,2.5687763690948486
7181,candidate_014,surface_temp_ir;fc4_flux;cr1000xe_backbone,1.9904,particle,transport,1,2.5707051753997803
7181,candidate_014,surface_temp_ir;fc4_flux;cr1000xe_backbone,1.9904,particle,transport,1,2.708448648452759
7181,candidate_014,surface_temp_ir;fc4_flux;cr1000xe_backbone,1.9904,particle,transport,1,2.7114672660827637
7181,candidate_014,surface_temp_ir;fc4_flux;cr1000xe_backbone,1.9904,particle,transport,1,2.507704257965088
7181,candidate_014,surface_temp_ir;fc4_flux;cr1000xe_backbone,1.9904,particle,transport,1,2.134524345397949
7181,candidate_014,surface_temp_ir;fc4_flux;cr1000xe_backbone,1.9904,particle,transport,1,1.886671781539917
7181,candidate_014,surface_temp_ir;fc4_flux;cr1000xe_backbone,1.9904,particle,transport,1,1.6549993753433228
7181,candidate_014,surface_temp_ir;fc4_flux;cr1000xe_backbone,1.9904,particle,transport,1,1.418738603591919
7181,candidate_014,surface_temp_ir;fc4_flux;cr1000xe_backbone,1.9904,particle,transport,1,1.3377161026000977
7181,candidate_014,surface_temp_ir;fc4_flux;cr1000xe_backbone,1.9904,particle,transport,1,1.3472603559494019
7181,candidate_014,surface_temp_ir;fc4_flux;cr1000xe_backbone,1.9904,particle,transport,1,1.4127682447433472
7181,candidate_014,surface_temp_ir;fc4_flux;cr1000xe_backbone,1.9904,calm,transport,0,1.1164264678955078
7181,candidate_014,surface_temp_ir;fc4_flux;cr1000xe_backbone,1.9904,calm,transport,0,0.7000143527984619
7181,candidate_014,surface_temp_ir;fc4_flux;cr1000xe_backbone,1.9904,calm,transport,0,0.5281624794006348
7181,candidate_014,surface_temp_ir;fc4_flux;cr1000xe_backbone,1.9904,calm,transport,0,0.4816327393054962
7181,candidate_014,surface_temp_ir;fc4_flux;cr1000xe_backbone,1.9904,calm,transport,0,0.46543675661087036
7181,candidate_014,surface_temp_ir;fc4_flux;cr1000xe_backbone,1.9904,calm,transport,0,0.44593480229377747
7181,candidate_014,surface_temp_ir;fc4_flux;cr1000xe_backbone,1.9904,calm,transport,0,0.3866593539714813
7181,candidate_014,surface_temp_ir;fc4_flux;cr1000xe_backbone,1.9904,calm,transport,0,0.3999433219432831
7181,candidate_014,surface_temp_ir;fc4_flux;cr1000xe_backbone,1.9904,calm,transport,0,0.3333585560321808
7181,candidate_014,surface_temp_ir;fc4_flux;cr1000xe_backbone,1.9904,calm,transport,0,0.3667912185192108
7181,candidate_014,surface_temp_ir;fc4_flux;cr1000xe_backbone,1.9904,calm,transport,0,0.4358657896518707
7181,candidate_014,surface_temp_ir;fc4_flux;cr1000xe_backbone,1.9904,calm,transport,0,0.40874481201171875
7181,candidate_014,surface_temp_ir;fc4_flux;cr1000xe_backbone,1.9904,calm,particle,0,0.4951811730861664
7181,candidate_014,surface_temp_ir;fc4_flux;cr1000xe_backbone,1.9904,flux,particle,2,0.48416659235954285
7181,candidate_014,surface_temp_ir;fc4_flux;cr1000xe_backbone,1.9904,flux,particle,2,0.4825153052806854
7181,candidate_014,surface_temp_ir;fc4_flux;cr1000xe_backbone,1.9904,flux,particle,2,0.49033597111701965
7181,candidate_014,surface_temp_ir;fc4_flux;cr1000xe_backbone,1.9904,flux,particle,2,0.44764089584350586
7181,candidate_014,surface_temp_ir;fc4_flux;cr1000xe_backbone,1.9904,flux,particle,2,0.39466068148612976
7181,candidate_014,surface_temp_ir;fc4_flux;cr1000xe_backbone,1.9904,flux,particle,2,0.4029686450958252
7181,candidate_014,surface_temp_ir;fc4_flux;cr1000xe_backbone,1.9904,flux,particle,2,0.3960011303424835
7181,candidate_014,surface_temp_ir;fc4_flux;cr1000xe_backbone,1.9904,flux,particle,2,0.41734641790390015
7181,candidate_014,surface_temp_ir;fc4_flux;cr1000xe_backbone,1.9904,flux,particle,2,0.4437609016895294
7181,candidate_014,surface_temp_ir;fc4_flux;cr1000xe_backbone,1.9904,flux,particle,2,0.4342857599258423
7181,candidate_014,surface_temp_ir;fc4_flux;cr1000xe_backbone,1.9904,flux,particle,2,0.4194578528404236
7181,candidate_014,surface_temp_ir;fc4_flux;cr1000xe_backbone,1.9904,flux,particle,2,0.43347981572151184
7181,candidate_014,surface_temp_ir;fc4_flux;cr1000xe_backbone,1.9904,flux,particle,2,0.44608446955680847
7181,candidate_014,surface_temp_ir;fc4_flux;cr1000xe_backbone,1.9904,flux,particle,2,0.4580829441547394
7181,candidate_014,surface_temp_ir;fc4_flux;cr1000xe_backbone,1.9904,flux,particle,2,0.4513741135597229
7181,candidate_014,surface_temp_ir;fc4_flux;cr1000xe_backbone,1.9904,flux,particle,2,0.46476200222969055
7181,candidate_014,surface_temp_ir;fc4_flux;cr1000xe_backbone,1.9904,flux,particle,2,0.44814109802246094
7181,candidate_014,surface_temp_ir;fc4_flux;cr1000xe_backbone,1.9904,flux,particle,2,0.4510972201824188
7181,candidate_014,surface_temp_ir;fc4_flux;cr1000xe_backbone,1.9904,flux,particle,2,0.4770495593547821
7181,candidate_014,surface_temp_ir;fc4_flux;cr1000xe_backbone,1.9904,flux,particle,2,0.5153924822807312
7181,candidate_014,surface_temp_ir;fc4_flux;cr1000xe_backbone,1.9904,flux,particle,2,0.5071905851364136
7181,candidate_014,surface_temp_ir;fc4_flux;cr1000xe_backbone,1.9904,flux,particle,2,0.5456339716911316
7181,candidate_014,surface_temp_ir;fc4_flux;cr1000xe_backbone,1.9904,flux,thermal,2,0.5529338717460632
7181,candidate_014,surface_temp_ir;fc4_flux;cr1000xe_backbone,1.9904,flux,thermal,2,0.5845448970794678
7181,candidate_014,surface_temp_ir;fc4_flux;cr1000xe_backbone,1.9904,flux,thermal,2,0.6589565277099609
7181,candidate_014,surface_temp_ir;fc4_flux;cr1000xe_backbone,1.9904,flux,thermal,2,0.6826726198196411
7181,candidate_014,surface_temp_ir;fc4_flux;cr1000xe_backbone,1.9904,flux,thermal,2,0.7000073790550232
7181,candidate_014,surface_temp_ir;fc4_flux;cr1000xe_backbone,1.9904,flux,thermal,2,0.6914326548576355
7181,candidate_014,surface_temp_ir;fc4_flux;cr1000xe_backbone,1.9904,flux,thermal,2,0.6836339235305786
7181,candidate_014,surface_temp_ir;fc4_flux;cr1000xe_backbone,1.9904,flux,thermal,2,0.6971647143363953
7181,candidate_014,surface_temp_ir;fc4_flux;cr1000xe_backbone,1.9904,flux,thermal,2,0.7006807923316956
7181,candidate_014,surface_temp_ir;fc4_flux;cr1000xe_backbone,1.9904,flux,thermal,2,0.687807023525238
7181,candidate_014,surface_temp_ir;fc4_flux;cr1000xe_backbone,1.9904,flux,thermal,2,0.7097123861312866
7181,candidate_014,surface_temp_ir;fc4_flux;cr1000xe_backbone,1.9904,flux,thermal,2,0.7446261048316956
7181,candidate_014,surface_temp_ir;fc4_flux;cr1000xe_backbone,1.9904,flux,thermal,2,0.8202642202377319
7181,candidate_014,surface_temp_ir;fc4_flux;cr1000xe_backbone,1.9904,flux,thermal,2,0.8289860486984253
7181,candidate_014,surface_temp_ir;fc4_flux;cr1000xe_backbone,1.9904,flux,thermal,2,0.8722498416900635
7181,candidate_014,surface_temp_ir;fc4_flux;cr1000xe_backbone,1.9904,flux,thermal,2,0.9088886976242065
7181,candidate_014,surface_temp_ir;fc4_flux;cr1000xe_backbone,1.9904,flux,thermal,2,0.8897709250450134
7181,candidate_014,surface_temp_ir;fc4_flux;cr1000xe_backbone,1.9904,flux,thermal,2,0.9318262934684753
7181,candidate_014,surface_temp_ir;fc4_flux;cr1000xe_backbone,1.9904,flux,thermal,2,0.9987325072288513
7181,candidate_014,surface_temp_ir;fc4_flux;cr1000xe_backbone,1.9904,flux,thermal,2,1.0226908922195435
7181,candidate_014,surface_temp_ir;fc4_flux;cr1000xe_backbone,1.9904,flux,thermal,2,0.9448018074035645
7181,candidate_014,surface_temp_ir;fc4_flux;cr1000xe_backbone,1.9904,flux,thermal,2,1.003393292427063
7181,candidate_014,surface_temp_ir;fc4_flux;cr1000xe_backbone,1.9904,flux,thermal,2,1.108826756477356
7181,candidate_014,surface_temp_ir;fc4_flux;cr1000xe_backbone,1.9904,flux,thermal,2,1.062946081161499
7181,candidate_014,surface_temp_ir;fc4_flux;cr1000xe_backbone,1.9904,flux,thermal,2,1.0121732950210571
7181,candidate_014,surface_temp_ir;fc4_flux;cr1000xe_backbone,1.9904,flux,thermal,2,0.9876630902290344
7181,candidate_014,surface_temp_ir;fc4_flux;cr1000xe_backbone,1.9904,flux,thermal,2,0.8836806416511536
7181,candidate_014,surface_temp_ir;fc4_flux;cr1000xe_backbone,1.9904,flux,thermal,2,0.8189678192138672
7181,candidate_014,surface_temp_ir;fc4_flux;cr1000xe_backbone,1.9904,flux,thermal,2,0.8121287822723389
7181,candidate_014,surface_temp_ir;fc4_flux;cr1000xe_backbone,1.9904,flux,thermal,2,0.8293799757957458
7181,candidate_014,surface_temp_ir;fc4_flux;cr1000xe_backbone,1.9904,flux,thermal,2,0.7022212743759155
7181,candidate_014,surface_temp_ir;fc4_flux;cr1000xe_backbone,1.9904,calm,thermal,0,0.6758248805999756
7181,candidate_014,surface_temp_ir;fc4_flux;cr1000xe_backbone,1.9904,calm,thermal,0,0.6722654104232788
7181,candidate_014,surface_temp_ir;fc4_flux;cr1000xe_backbone,1.9904,calm,thermal,0,0.69057697057724
7181,candidate_014,surface_temp_ir;fc4_flux;cr1000xe_backbone,1.9904,calm,transport,0,0.6169089078903198
7181,candidate_014,surface_temp_ir;fc4_flux;cr1000xe_backbone,1.9904,calm,transport,0,0.539704442024231
7181,candidate_014,surface_temp_ir;fc4_flux;cr1000xe_backbone,1.9904,calm,transport,0,0.56258225440979
7181,candidate_014,surface_temp_ir;fc4_flux;cr1000xe_backbone,1.9904,calm,transport,0,0.596803605556488
7181,candidate_014,surface_temp_ir;fc4_flux;cr1000xe_backbone,1.9904,calm,transport,0,0.6022990345954895
7181,candidate_014,surface_temp_ir;fc4_flux;cr1000xe_backbone,1.9904,calm,transport,0,0.5586466789245605
7181,candidate_014,surface_temp_ir;fc4_flux;cr1000xe_backbone,1.9904,calm,transport,0,0.5976051688194275
7181,candidate_014,surface_temp_ir;fc4_flux;cr1000xe_backbone,1.9904,calm,transport,0,0.5313467383384705
7181,candidate_014,surface_temp_ir;fc4_flux;cr1000xe_backbone,1.9904,calm,transport,0,0.5515137910842896
7181,candidate_014,surface_temp_ir;fc4_flux;cr1000xe_backbone,1.9904,calm,transport,0,0.4888908565044403
7181,candidate_014,surface_temp_ir;fc4_flux;cr1000xe_backbone,1.9904,calm,transport,0,0.4005458652973175
7181,candidate_014,surface_temp_ir;fc4_flux;cr1000xe_backbone,1.9904,particle,transport,1,0.3591671288013458
7181,candidate_014,surface_temp_ir;fc4_flux;cr1000xe_backbone,1.9904,particle,transport,1,0.35121187567710876
7181,candidate_014,surface_temp_ir;fc4_flux;cr1000xe_backbone,1.9904,particle,transport,1,0.2695351541042328
7181,candidate_014,surface_temp_ir;fc4_flux;cr1000xe_backbone,1.9904,particle,transport,1,0.22582833468914032
7181,candidate_014,surface_temp_ir;fc4_flux;cr1000xe_backbone,1.9904,particle,transport,1,0.2101127952337265
7181,candidate_014,surface_temp_ir;fc4_flux;cr1000xe_backbone,1.9904,particle,transport,1,0.2511133849620819
7181,candidate_014,surface_temp_ir;fc4_flux;cr1000xe_backbone,1.9904,particle,transport,1,0.22466228902339935
7181,candidate_014,surface_temp_ir;fc4_flux;cr1000xe_backbone,1.9904,particle,transport,1,0.22155624628067017
7181,candidate_014,surface_temp_ir;fc4_flux;cr1000xe_backbone,1.9904,particle,transport,1,0.25302043557167053
7181,candidate_014,surface_temp_ir;fc4_flux;cr1000xe_backbone,1.9904,particle,transport,1,0.2771151065826416
7181,candidate_014,surface_temp_ir;fc4_flux;cr1000xe_backbone,1.9904,particle,transport,1,0.2674415409564972
7181,candidate_014,surface_temp_ir;fc4_flux;cr1000xe_backbone,1.9904,particle,transport,1,0.28493332862854004
7181,candidate_014,surface_temp_ir;fc4_flux;cr1000xe_backbone,1.9904,particle,transport,1,0.2805333733558655
7181,candidate_014,surface_temp_ir;fc4_flux;cr1000xe_backbone,1.9904,particle,transport,1,0.2921227812767029
7181,candidate_014,surface_temp_ir;fc4_flux;cr1000xe_backbone,1.9904,particle,transport,1,0.31054362654685974
7181,candidate_014,surface_temp_ir;fc4_flux;cr1000xe_backbone,1.9904,particle,particle,1,0.3170091509819031
7181,candidate_014,surface_temp_ir;fc4_flux;cr1000xe_backbone,1.9904,particle,particle,1,0.3360426127910614
7181,candidate_014,surface_temp_ir;fc4_flux;cr1000xe_backbone,1.9904,particle,particle,1,0.3780064880847931
7181,candidate_014,surface_temp_ir;fc4_flux;cr1000xe_backbone,1.9904,particle,particle,1,0.44697561860084534
7181,candidate_014,surface_temp_ir;fc4_flux;cr1000xe_backbone,1.9904,particle,particle,1,0.50095534324646
7181,candidate_014,surface_temp_ir;fc4_flux;cr1000xe_backbone,1.9904,particle,particle,1,0.4474720060825348
7181,candidate_014,surface_temp_ir;fc4_flux;cr1000xe_backbone,1.9904,particle,particle,1,0.4639434218406677
7181,candidate_014,surface_temp_ir;fc4_flux;cr1000xe_backbone,1.9904,particle,particle,1,0.41419029235839844
7181,candidate_014,surface_temp_ir;fc4_flux;cr1000xe_backbone,1.9904,particle,particle,1,0.4340060353279114
7181,candidate_014,surface_temp_ir;fc4_flux;cr1000xe_backbone,1.9904,particle,particle,1,0.43436136841773987
7181,candidate_014,surface_temp_ir;fc4_flux;cr1000xe_backbone,1.9904,particle,particle,1,0.4574122428894043
7181,candidate_014,surface_temp_ir;fc4_flux;cr1000xe_backbone,1.9904,calm,particle,0,0.4624221622943878
7181,candidate_014,surface_temp_ir;fc4_flux;cr1000xe_backbone,1.9904,calm,particle,0,0.5285729765892029
7181,candidate_014,surface_temp_ir;fc4_flux;cr1000xe_backbone,1.9904,calm,particle,0,0.5199492573738098
7181,candidate_014,surface_temp_ir;fc4_flux;cr1000xe_backbone,1.9904,calm,particle,0,0.4995543956756592
7181,candidate_014,surface_temp_ir;fc4_flux;cr1000xe_backbone,1.9904,calm,particle,0,0.5582160353660583
7181,candidate_014,surface_temp_ir;fc4_flux;cr1000xe_backbone,1.9904,calm,particle,0,0.5401278734207153
7181,candidate_014,surface_temp_ir;fc4_flux;cr1000xe_backbone,1.9904,calm,particle,0,0.5438690185546875
7181,candidate_014,surface_temp_ir;fc4_flux;cr1000xe_backbone,1.9904,calm,particle,0,0.576581597328186
7181,candidate_014,surface_temp_ir;fc4_flux;cr1000xe_backbone,1.9904,calm,thermal,0,0.5911807417869568
7181,candidate_014,surface_temp_ir;fc4_flux;cr1000xe_backbone,1.9904,calm,thermal,0,0.5836873054504395
7181,candidate_014,surface_temp_ir;fc4_flux;cr1000xe_backbone,1.9904,calm,thermal,0,0.6029089689254761
7181,candidate_014,surface_temp_ir;fc4_flux;cr1000xe_backbone,1.9904,calm,thermal,0,0.6380953788757324
7181,candidate_014,surface_temp_ir;fc4_flux;cr1000xe_backbone,1.9904,calm,thermal,0,0.6240269541740417
7181,candidate_014,surface_temp_ir;fc4_flux;cr1000xe_backbone,1.9904,flux,thermal,2,0.6206185817718506
7181,candidate_014,surface_temp_ir;fc4_flux;cr1000xe_backbone,1.9904,flux,thermal,2,0.6338865756988525
7181,candidate_014,surface_temp_ir;fc4_flux;cr1000xe_backbone,1.9904,flux,thermal,2,0.5963418483734131
7181,candidate_014,surface_temp_ir;fc4_flux;cr1000xe_backbone,1.9904,flux,thermal,2,0.5824069380760193
7181,candidate_014,surface_temp_ir;fc4_flux;cr1000xe_backbone,1.9904,flux,thermal,2,0.6066510677337646
7181,candidate_014,surface_temp_ir;fc4_flux;cr1000xe_backbone,1.9904,flux,thermal,2,0.5475099086761475
7181,candidate_014,surface_temp_ir;fc4_flux;cr1000xe_backbone,1.9904,flux,thermal,2,0.5181198716163635
7181,candidate_014,surface_temp_ir;fc4_flux;cr1000xe_backbone,1.9904,flux,thermal,2,0.5351459383964539
7181,candidate_014,surface_temp_ir;fc4_flux;cr1000xe_backbone,1.9904,flux,thermal,2,0.5784290432929993
7181,candidate_014,surface_temp_ir;fc4_flux;cr1000xe_backbone,1.9904,flux,thermal,2,0.5386892557144165
7181,candidate_014,surface_temp_ir;fc4_flux;cr1000xe_backbone,1.9904,flux,thermal,2,0.5574936270713806
7181,candidate_014,surface_temp_ir;fc4_flux;cr1000xe_backbone,1.9904,flux,thermal,2,0.5862692594528198
7181,candidate_014,surface_temp_ir;fc4_flux;cr1000xe_backbone,1.9904,flux,thermal,2,0.508643388748169
7181,candidate_014,surface_temp_ir;fc4_flux;cr1000xe_backbone,1.9904,flux,thermal,2,0.5495782494544983
7181,candidate_014,surface_temp_ir;fc4_flux;cr1000xe_backbone,1.9904,flux,thermal,2,0.5847625136375427
7181,candidate_014,surface_temp_ir;fc4_flux;cr1000xe_backbone,1.9904,flux,thermal,2,0.5469764471054077
7181,candidate_014,surface_temp_ir;fc4_flux;cr1000xe_backbone,1.9904,flux,thermal,2,0.53589928150177
7181,candidate_014,surface_temp_ir;fc4_flux;cr1000xe_backbone,1.9904,flux,thermal,2,0.5109931230545044
7181,candidate_014,surface_temp_ir;fc4_flux;cr1000xe_backbone,1.9904,flux,thermal,2,0.46697649359703064
7181,candidate_014,surface_temp_ir;fc4_flux;cr1000xe_backbone,1.9904,flux,thermal,2,0.4200300872325897
7181,candidate_014,surface_temp_ir;fc4_flux;cr1000xe_backbone,1.9904,flux,thermal,2,0.7347085475921631
7181,candidate_014,surface_temp_ir;fc4_flux;cr1000xe_backbone,1.9904,flux,thermal,2,1.0660197734832764
7181,candidate_014,surface_temp_ir;fc4_flux;cr1000xe_backbone,1.9904,flux,thermal,2,1.3588120937347412
7181,candidate_014,surface_temp_ir;fc4_flux;cr1000xe_backbone,1.9904,flux,thermal,2,1.6671661138534546
7181,candidate_014,surface_temp_ir;fc4_flux;cr1000xe_backbone,1.9904,flux,thermal,2,1.9657200574874878
7181,candidate_014,surface_temp_ir;fc4_flux;cr1000xe_backbone,1.9904,flux,thermal,2,2.2883105278015137
7181,candidate_014,surface_temp_ir;fc4_flux;cr1000xe_backbone,1.9904,flux,thermal,2,2.6180896759033203
7181,candidate_014,surface_temp_ir;fc4_flux;cr1000xe_backbone,1.9904,flux,thermal,2,2.9683098793029785
7181,candidate_014,surface_temp_ir;fc4_flux;cr1000xe_backbone,1.9904,flux,transport,2,2.9040281772613525
7181,candidate_014,surface_temp_ir;fc4_flux;cr1000xe_backbone,1.9904,flux,transport,2,2.9458463191986084
7181,candidate_014,surface_temp_ir;fc4_flux;cr1000xe_backbone,1.9904,flux,transport,2,2.9516332149505615
7181,candidate_014,surface_temp_ir;fc4_flux;cr1000xe_backbone,1.9904,flux,transport,2,2.9292821884155273
7181,candidate_014,surface_temp_ir;fc4_flux;cr1000xe_backbone,1.9904,flux,transport,2,2.9841766357421875
7181,candidate_014,surface_temp_ir;fc4_flux;cr1000xe_backbone,1.9904,flux,transport,2,2.981168746948242
7181,candidate_014,surface_temp_ir;fc4_flux;cr1000xe_backbone,1.9904,flux,transport,2,2.906367540359497
7181,candidate_014,surface_temp_ir;fc4_flux;cr1000xe_backbone,1.9904,flux,transport,2,2.9200637340545654
7181,candidate_014,surface_temp_ir;fc4_flux;cr1000xe_backbone,1.9904,flux,transport,2,2.937830686569214
7181,candidate_014,surface_temp_ir;fc4_flux;cr1000xe_backbone,1.9904,flux,transport,2,2.948077440261841
7181,candidate_014,surface_temp_ir;fc4_flux;cr1000xe_backbone,1.9904,flux,transport,2,2.8897926807403564
7181,candidate_014,surface_temp_ir;fc4_flux;cr1000xe_backbone,1.9904,flux,transport,2,2.9171392917633057
7181,candidate_014,surface_temp_ir;fc4_flux;cr1000xe_backbone,1.9904,flux,transport,2,2.9245285987854004
7181,candidate_014,surface_temp_ir;fc4_flux;cr1000xe_backbone,1.9904,flux,transport,2,2.9240400791168213
7181,candidate_014,surface_temp_ir;fc4_flux;cr1000xe_backbone,1.9904,flux,transport,2,2.922818899154663
7181,candidate_014,surface_temp_ir;fc4_flux;cr1000xe_backbone,1.9904,flux,transport,2,2.9281961917877197
7181,candidate_014,surface_temp_ir;fc4_flux;cr1000xe_backbone,1.9904,flux,transport,2,2.9568464756011963
7181,candidate_014,surface_temp_ir;fc4_flux;cr1000xe_backbone,1.9904,flux,transport,2,2.970959186553955
7181,candidate_014,surface_temp_ir;fc4_flux;cr1000xe_backbone,1.9904,flux,transport,2,3.013272762298584
7181,candidate_014,surface_temp_ir;fc4_flux;cr1000xe_backbone,1.9904,flux,transport,2,3.0204336643218994
7181,candidate_014,surface_temp_ir;fc4_flux;cr1000xe_backbone,1.9904,flux,transport,2,2.729156255722046
7181,candidate_014,surface_temp_ir;fc4_flux;cr1000xe_backbone,1.9904,flux,transport,2,2.459944009780884
7181,candidate_014,surface_temp_ir;fc4_flux;cr1000xe_backbone,1.9904,flux,transport,2,2.207430124282837
7181,candidate_014,surface_temp_ir;fc4_flux;cr1000xe_backbone,1.9904,flux,transport,2,1.975286602973938
7181,candidate_014,surface_temp_ir;fc4_flux;cr1000xe_backbone,1.9904,flux,transport,2,1.7907665967941284
7181,candidate_014,surface_temp_ir;fc4_flux;cr1000xe_backbone,1.9904,flux,transport,2,1.670691728591919
7181,candidate_014,surface_temp_ir;fc4_flux;cr1000xe_backbone,1.9904,flux,transport,2,1.7292964458465576
7181,candidate_014,surface_temp_ir;fc4_flux;cr1000xe_backbone,1.9904,flux,transport,2,1.534590721130371
7181,candidate_014,surface_temp_ir;fc4_flux;cr1000xe_backbone,1.9904,flux,particle,2,0.9137521386146545
7181,candidate_014,surface_temp_ir;fc4_flux;cr1000xe_backbone,1.9904,flux,particle,2,0.7569569945335388
7181,candidate_014,surface_temp_ir;fc4_flux;cr1000xe_backbone,1.9904,calm,particle,0,0.8502172827720642
7181,candidate_014,surface_temp_ir;fc4_flux;cr1000xe_backbone,1.9904,calm,particle,0,0.7517422437667847
7181,candidate_014,surface_temp_ir;fc4_flux;cr1000xe_backbone,1.9904,calm,particle,0,0.8077753782272339
7181,candidate_014,surface_temp_ir;fc4_flux;cr1000xe_backbone,1.9904,calm,particle,0,0.8355210423469543
7181,candidate_014,surface_temp_ir;fc4_flux;cr1000xe_backbone,1.9904,calm,particle,0,0.8267558217048645
7181,candidate_014,surface_temp_ir;fc4_flux;cr1000xe_backbone,1.9904,calm,particle,0,0.7964403629302979
7181,candidate_014,surface_temp_ir;fc4_flux;cr1000xe_backbone,1.9904,calm,particle,0,0.8690241575241089
7181,candidate_014,surface_temp_ir;fc4_flux;cr1000xe_backbone,1.9904,calm,particle,0,0.8836732506752014
7181,candidate_014,surface_temp_ir;fc4_flux;cr1000xe_backbone,1.9904,calm,particle,0,0.9474189877510071
7181,candidate_014,surface_temp_ir;fc4_flux;cr1000xe_backbone,1.9904,calm,particle,0,0.9055036902427673
7181,candidate_014,surface_temp_ir;fc4_flux;cr1000xe_backbone,1.9904,calm,particle,0,0.9841989874839783
7181,candidate_014,surface_temp_ir;fc4_flux;cr1000xe_backbone,1.9904,calm,particle,0,0.9446046948432922
7181,candidate_014,surface_temp_ir;fc4_flux;cr1000xe_backbone,1.9904,flux,particle,2,0.9506325721740723
7181,candidate_014,surface_temp_ir;fc4_flux;cr1000xe_backbone,1.9904,flux,particle,2,0.899968147277832
7181,candidate_014,surface_temp_ir;fc4_flux;cr1000xe_backbone,1.9904,flux,particle,2,0.7936820983886719
7181,candidate_014,surface_temp_ir;fc4_flux;cr1000xe_backbone,1.9904,flux,particle,2,0.7658878564834595
7181,candidate_014,surface_temp_ir;fc4_flux;cr1000xe_backbone,1.9904,flux,thermal,2,0.6859460473060608
7181,candidate_014,surface_temp_ir;fc4_flux;cr1000xe_backbone,1.9904,flux,thermal,2,0.675666868686676
7181,candidate_014,surface_temp_ir;fc4_flux;cr1000xe_backbone,1.9904,flux,thermal,2,0.6606305837631226
7181,candidate_014,surface_temp_ir;fc4_flux;cr1000xe_backbone,1.9904,flux,thermal,2,0.6493180990219116
7181,candidate_014,surface_temp_ir;fc4_flux;cr1000xe_backbone,1.9904,flux,thermal,2,0.6372735500335693
7181,candidate_014,surface_temp_ir;fc4_flux;cr1000xe_backbone,1.9904,flux,thermal,2,0.6623526215553284
7181,candidate_014,surface_temp_ir;fc4_flux;cr1000xe_backbone,1.9904,flux,thermal,2,0.7171542048454285
7181,candidate_014,surface_temp_ir;fc4_flux;cr1000xe_backbone,1.9904,flux,thermal,2,0.6524872183799744
7181,candidate_014,surface_temp_ir;fc4_flux;cr1000xe_backbone,1.9904,flux,thermal,2,0.6345877647399902
7181,candidate_014,surface_temp_ir;fc4_flux;cr1000xe_backbone,1.9904,flux,thermal,2,0.6352419257164001
7181,candidate_014,surface_temp_ir;fc4_flux;cr1000xe_backbone,1.9904,flux,thermal,2,0.6615045070648193
7181,candidate_014,surface_temp_ir;fc4_flux;cr1000xe_backbone,1.9904,flux,thermal,2,0.6038693189620972
7181,candidate_014,surface_temp_ir;fc4_flux;cr1000xe_backbone,1.9904,flux,thermal,2,0.5843052864074707
7181,candidate_014,surface_temp_ir;fc4_flux;cr1000xe_backbone,1.9904,flux,thermal,2,0.5747490525245667
7181,candidate_014,surface_temp_ir;fc4_flux;cr1000xe_backbone,1.9904,flux,thermal,2,0.6133747100830078
7181,candidate_014,surface_temp_ir;fc4_flux;cr1000xe_backbone,1.9904,flux,thermal,2,0.6266270875930786
7181,candidate_014,surface_temp_ir;fc4_flux;cr1000xe_backbone,1.9904,flux,thermal,2,0.6311632394790649
7181,candidate_014,surface_temp_ir;fc4_flux;cr1000xe_backbone,1.9904,flux,thermal,2,0.6457272171974182
7181,candidate_014,surface_temp_ir;fc4_flux;cr1000xe_backbone,1.9904,flux,thermal,2,0.5809615850448608
7181,candidate_014,surface_temp_ir;fc4_flux;cr1000xe_backbone,1.9904,flux,thermal,2,0.5743280053138733
7181,candidate_014,surface_temp_ir;fc4_flux;cr1000xe_backbone,1.9904,flux,thermal,2,0.5246366262435913
7181,candidate_014,surface_temp_ir;fc4_flux;cr1000xe_backbone,1.9904,flux,thermal,2,0.5281564593315125
7181,candidate_014,surface_temp_ir;fc4_flux;cr1000xe_backbone,1.9904,flux,thermal,2,0.5323796272277832
7181,candidate_014,surface_temp_ir;fc4_flux;cr1000xe_backbone,1.9904,flux,thermal,2,0.5838325619697571
7181,candidate_014,surface_temp_ir;fc4_flux;cr1000xe_backbone,1.9904,flux,thermal,2,0.8845930099487305
7181,candidate_014,surface_temp_ir;fc4_flux;cr1000xe_backbone,1.9904,flux,thermal,2,1.1770373582839966
7181,candidate_014,surface_temp_ir;fc4_flux;cr1000xe_backbone,1.9904,flux,thermal,2,1.186084270477295
7181,candidate_014,surface_temp_ir;fc4_flux;cr1000xe_backbone,1.9904,flux,thermal,2,1.2169657945632935
7181,candidate_014,surface_temp_ir;fc4_flux;cr1000xe_backbone,1.9904,flux,thermal,2,1.319580078125
7181,candidate_014,surface_temp_ir;fc4_flux;cr1000xe_backbone,1.9904,flux,thermal,2,1.3355566263198853
7181,candidate_014,surface_temp_ir;fc4_flux;cr1000xe_backbone,1.9904,flux,thermal,2,1.3448257446289062
7181,candidate_014,surface_temp_ir;fc4_flux;cr1000xe_backbone,1.9904,flux,thermal,2,1.3594239950180054
7181,candidate_014,surface_temp_ir;fc4_flux;cr1000xe_backbone,1.9904,flux,transport,2,1.9851349592208862
7181,candidate_014,surface_temp_ir;fc4_flux;cr1000xe_backbone,1.9904,flux,transport,2,2.166233777999878
7181,candidate_014,surface_temp_ir;fc4_flux;cr1000xe_backbone,1.9904,calm,transport,0,2.363637924194336
7181,candidate_014,surface_temp_ir;fc4_flux;cr1000xe_backbone,1.9904,calm,transport,0,2.1360890865325928
7181,candidate_014,surface_temp_ir;fc4_flux;cr1000xe_backbone,1.9904,calm,transport,0,1.9478647708892822
7181,candidate_014,surface_temp_ir;fc4_flux;cr1000xe_backbone,1.9904,calm,transport,0,1.4858996868133545
7181,candidate_014,surface_temp_ir;fc4_flux;cr1000xe_backbone,1.9904,calm,transport,0,0.8295559287071228
7181,candidate_014,surface_temp_ir;fc4_flux;cr1000xe_backbone,1.9904,calm,transport,0,0.6328585743904114
7181,candidate_014,surface_temp_ir;fc4_flux;cr1000xe_backbone,1.9904,calm,transport,0,1.0696699619293213
7181,candidate_014,surface_temp_ir;fc4_flux;cr1000xe_backbone,1.9904,calm,transport,0,1.3120903968811035
7181,candidate_015,laser_disdrometer;fc4_flux;cr1000xe_backbone,2.1104,calm,transport,0,1.1267374753952026
7181,candidate_015,laser_disdrometer;fc4_flux;cr1000xe_backbone,2.1104,calm,transport,0,1.1364902257919312
7181,candidate_015,laser_disdrometer;fc4_flux;cr1000xe_backbone,2.1104,calm,transport,0,1.0386065244674683
7181,candidate_015,laser_disdrometer;fc4_flux;cr1000xe_backbone,2.1104,calm,transport,0,0.9948944449424744
7181,candidate_015,laser_disdrometer;fc4_flux;cr1000xe_backbone,2.1104,calm,transport,0,1.048802137374878
7181,candidate_015,laser_disdrometer;fc4_flux;cr1000xe_backbone,2.1104,calm,transport,0,1.0310901403427124
7181,candidate_015,laser_disdrometer;fc4_flux;cr1000xe_backbone,2.1104,calm,transport,0,1.111721158027649
7181,candidate_015,laser_disdrometer;fc4_flux;cr1000xe_backbone,2.1104,calm,transport,0,0.9448977708816528
7181,candidate_015,laser_disdrometer;fc4_flux;cr1000xe_backbone,2.1104,calm,transport,0,1.0319690704345703
7181,candidate_015,laser_disdrometer;fc4_flux;cr1000xe_backbone,2.1104,calm,transport,0,1.206084132194519
7181,candidate_015,laser_disdrometer;fc4_flux;cr1000xe_backbone,2.1104,calm,transport,0,1.273034691810608
7181,candidate_015,laser_disdrometer;fc4_flux;cr1000xe_backbone,2.1104,calm,transport,0,0.9921669363975525
7181,candidate_015,laser_disdrometer;fc4_flux;cr1000xe_backbone,2.1104,calm,transport,0,1.33681058883667
7181,candidate_015,laser_disdrometer;fc4_flux;cr1000xe_backbone,2.1104,calm,transport,0,1.288591742515564
7181,candidate_015,laser_disdrometer;fc4_flux;cr1000xe_backbone,2.1104,calm,transport,0,1.5258787870407104
7181,candidate_015,laser_disdrometer;fc4_flux;cr1000xe_backbone,2.1104,calm,transport,0,1.0645476579666138
7181,candidate_015,laser_disdrometer;fc4_flux;cr1000xe_backbone,2.1104,calm,transport,0,1.447932243347168
7181,candidate_015,laser_disdrometer;fc4_flux;cr1000xe_backbone,2.1104,calm,transport,0,1.4818693399429321
7181,candidate_015,laser_disdrometer;fc4_flux;cr1000xe_backbone,2.1104,calm,transport,0,2.039957284927368
7181,candidate_015,laser_disdrometer;fc4_flux;cr1000xe_backbone,2.1104,calm,transport,0,1.4662094116210938
7181,candidate_015,laser_disdrometer;fc4_flux;cr1000xe_backbone,2.1104,calm,transport,0,1.809790849685669
7181,candidate_015,laser_disdrometer;fc4_flux;cr1000xe_backbone,2.1104,calm,transport,0,2.0254411697387695
7181,candidate_015,laser_disdrometer;fc4_flux;cr1000xe_backbone,2.1104,calm,particle,0,1.8662086725234985
7181,candidate_015,laser_disdrometer;fc4_flux;cr1000xe_backbone,2.1104,calm,particle,0,1.3184698820114136
7181,candidate_015,laser_disdrometer;fc4_flux;cr1000xe_backbone,2.1104,calm,particle,0,1.3448195457458496
7181,candidate_015,laser_disdrometer;fc4_flux;cr1000xe_backbone,2.1104,calm,particle,0,1.3620777130126953
7181,candidate_015,laser_disdrometer;fc4_flux;cr1000xe_backbone,2.1104,calm,particle,0,1.3789664506912231
7181,candidate_015,laser_disdrometer;fc4_flux;cr1000xe_backbone,2.1104,calm,particle,0,1.0752944946289062
7181,candidate_015,laser_disdrometer;fc4_flux;cr1000xe_backbone,2.1104,calm,particle,0,1.5620028972625732
7181,candidate_015,laser_disdrometer;fc4_flux;cr1000xe_backbone,2.1104,calm,particle,0,1.2274869680404663
7181,candidate_015,laser_disdrometer;fc4_flux;cr1000xe_backbone,2.1104,calm,particle,0,1.419067621231079
7181,candidate_015,laser_disdrometer;fc4_flux;cr1000xe_backbone,2.1104,calm,particle,0,1.2347396612167358
7181,candidate_015,laser_disdrometer;fc4_flux;cr1000xe_backbone,2.1104,calm,particle,0,1.1056489944458008
7181,candidate_015,laser_disdrometer;fc4_flux;cr1000xe_backbone,2.1104,calm,particle,0,1.081261396408081
7181,candidate_015,laser_disdrometer;fc4_flux;cr1000xe_backbone,2.1104,calm,particle,0,1.0878868103027344
7181,candidate_015,laser_disdrometer;fc4_flux;cr1000xe_backbone,2.1104,calm,particle,0,1.0555977821350098
7181,candidate_015,laser_disdrometer;fc4_flux;cr1000xe_backbone,2.1104,calm,particle,0,1.1103183031082153
7181,candidate_015,laser_disdrometer;fc4_flux;cr1000xe_backbone,2.1104,calm,particle,0,1.5253944396972656
7181,candidate_015,laser_disdrometer;fc4_flux;cr1000xe_backbone,2.1104,calm,particle,0,1.0117944478988647
7181,candidate_015,laser_disdrometer;fc4_flux;cr1000xe_backbone,2.1104,calm,particle,0,0.9591695666313171
7181,candidate_015,laser_disdrometer;fc4_flux;cr1000xe_backbone,2.1104,calm,particle,0,1.0061792135238647
7181,candidate_015,laser_disdrometer;fc4_flux;cr1000xe_backbone,2.1104,calm,particle,0,1.2187474966049194
7181,candidate_015,laser_disdrometer;fc4_flux;cr1000xe_backbone,2.1104,calm,particle,0,1.0845494270324707
7181,candidate_015,laser_disdrometer;fc4_flux;cr1000xe_backbone,2.1104,calm,particle,0,1.1055951118469238
7181,candidate_015,laser_disdrometer;fc4_flux;cr1000xe_backbone,2.1104,calm,thermal,0,1.2076326608657837
7181,candidate_015,laser_disdrometer;fc4_flux;cr1000xe_backbone,2.1104,calm,thermal,0,1.545450210571289
7181,candidate_015,laser_disdrometer;fc4_flux;cr1000xe_backbone,2.1104,calm,thermal,0,1.3792338371276855
7181,candidate_015,laser_disdrometer;fc4_flux;cr1000xe_backbone,2.1104,calm,thermal,0,1.257798671722412
7181,candidate_015,laser_disdrometer;fc4_flux;cr1000xe_backbone,2.1104,calm,thermal,0,1.9303133487701416
7181,candidate_015,laser_disdrometer;fc4_flux;cr1000xe_backbone,2.1104,calm,thermal,0,1.253159999847412
7181,candidate_015,laser_disdrometer;fc4_flux;cr1000xe_backbone,2.1104,calm,thermal,0,1.2958060503005981
7181,candidate_015,laser_disdrometer;fc4_flux;cr1000xe_backbone,2.1104,calm,thermal,0,1.0842933654785156
7181,candidate_015,laser_disdrometer;fc4_flux;cr1000xe_backbone,2.1104,calm,thermal,0,1.6435800790786743
7181,candidate_015,laser_disdrometer;fc4_flux;cr1000xe_backbone,2.1104,calm,thermal,0,1.0392675399780273
7181,candidate_015,laser_disdrometer;fc4_flux;cr1000xe_backbone,2.1104,calm,thermal,0,1.1734812259674072
7181,candidate_015,laser_disdrometer;fc4_flux;cr1000xe_backbone,2.1104,calm,thermal,0,1.333322525024414
7181,candidate_015,laser_disdrometer;fc4_flux;cr1000xe_backbone,2.1104,calm,thermal,0,1.101515293121338
7181,candidate_015,laser_disdrometer;fc4_flux;cr1000xe_backbone,2.1104,calm,thermal,0,0.8669613599777222
7181,candidate_015,laser_disdrometer;fc4_flux;cr1000xe_backbone,2.1104,calm,thermal,0,1.070410966873169
7181,candidate_015,laser_disdrometer;fc4_flux;cr1000xe_backbone,2.1104,calm,thermal,0,1.2812076807022095
7181,candidate_015,laser_disdrometer;fc4_flux;cr1000xe_backbone,2.1104,calm,thermal,0,1.3669204711914062
7181,candidate_015,laser_disdrometer;fc4_flux;cr1000xe_backbone,2.1104,calm,thermal,0,1.2727454900741577
7181,candidate_015,laser_disdrometer;fc4_flux;cr1000xe_backbone,2.1104,calm,thermal,0,1.5354903936386108
7181,candidate_015,laser_disdrometer;fc4_flux;cr1000xe_backbone,2.1104,calm,thermal,0,1.2473604679107666
7181,candidate_015,laser_disdrometer;fc4_flux;cr1000xe_backbone,2.1104,calm,thermal,0,1.4572190046310425
7181,candidate_015,laser_disdrometer;fc4_flux;cr1000xe_backbone,2.1104,calm,thermal,0,1.3041263818740845
7181,candidate_015,laser_disdrometer;fc4_flux;cr1000xe_backbone,2.1104,calm,thermal,0,1.4781527519226074
7181,candidate_015,laser_disdrometer;fc4_flux;cr1000xe_backbone,2.1104,calm,thermal,0,1.6317238807678223
7181,candidate_015,laser_disdrometer;fc4_flux;cr1000xe_backbone,2.1104,calm,thermal,0,1.4553213119506836
7181,candidate_015,laser_disdrometer;fc4_flux;cr1000xe_backbone,2.1104,calm,thermal,0,1.3253852128982544
7181,candidate_015,laser_disdrometer;fc4_flux;cr1000xe_backbone,2.1104,calm,thermal,0,1.3338569402694702
7181,candidate_015,laser_disdrometer;fc4_flux;cr1000xe_backbone,2.1104,calm,transport,0,1.638370394706726
7181,candidate_015,laser_disdrometer;fc4_flux;cr1000xe_backbone,2.1104,calm,transport,0,1.2782424688339233
7181,candidate_015,laser_disdrometer;fc4_flux;cr1000xe_backbone,2.1104,calm,transport,0,1.3659602403640747
7181,candidate_015,laser_disdrometer;fc4_flux;cr1000xe_backbone,2.1104,calm,transport,0,1.163061261177063
7181,candidate_015,laser_disdrometer;fc4_flux;cr1000xe_backbone,2.1104,calm,transport,0,1.8394473791122437
7181,candidate_015,laser_disdrometer;fc4_flux;cr1000xe_backbone,2.1104,calm,transport,0,1.3669801950454712
7181,candidate_015,laser_disdrometer;fc4_flux;cr1000xe_backbone,2.1104,calm,transport,0,1.2753937244415283
7181,candidate_015,laser_disdrometer;fc4_flux;cr1000xe_backbone,2.1104,calm,transport,0,1.2701795101165771
7181,candidate_015,laser_disdrometer;fc4_flux;cr1000xe_backbone,2.1104,calm,transport,0,1.2430810928344727
7181,candidate_015,laser_disdrometer;fc4_flux;cr1000xe_backbone,2.1104,calm,transport,0,1.6252186298370361
7181,candidate_015,laser_disdrometer;fc4_flux;cr1000xe_backbone,2.1104,calm,transport,0,1.4189499616622925
7181,candidate_015,laser_disdrometer;fc4_flux;cr1000xe_backbone,2.1104,calm,transport,0,1.1820645332336426
7181,candidate_015,laser_disdrometer;fc4_flux;cr1000xe_backbone,2.1104,calm,transport,0,1.3461310863494873
7181,candidate_015,laser_disdrometer;fc4_flux;cr1000xe_backbone,2.1104,calm,transport,0,1.8333163261413574
7181,candidate_015,laser_disdrometer;fc4_flux;cr1000xe_backbone,2.1104,calm,transport,0,1.6092617511749268
7181,candidate_015,laser_disdrometer;fc4_flux;cr1000xe_backbone,2.1104,calm,transport,0,1.3649638891220093
7181,candidate_015,laser_disdrometer;fc4_flux;cr1000xe_backbone,2.1104,calm,transport,0,1.4944249391555786
7181,candidate_015,laser_disdrometer;fc4_flux;cr1000xe_backbone,2.1104,calm,transport,0,1.141169548034668
7181,candidate_015,laser_disdrometer;fc4_flux;cr1000xe_backbone,2.1104,calm,transport,0,1.1502504348754883
7181,candidate_015,laser_disdrometer;fc4_flux;cr1000xe_backbone,2.1104,calm,transport,0,1.1027568578720093
7181,candidate_015,laser_disdrometer;fc4_flux;cr1000xe_backbone,2.1104,calm,transport,0,1.0579811334609985
7181,candidate_015,laser_disdrometer;fc4_flux;cr1000xe_backbone,2.1104,calm,transport,0,0.9432743787765503
7181,candidate_015,laser_disdrometer;fc4_flux;cr1000xe_backbone,2.1104,calm,transport,0,0.9406917691230774
7181,candidate_015,laser_disdrometer;fc4_flux;cr1000xe_backbone,2.1104,calm,transport,0,0.9677069187164307
7181,candidate_015,laser_disdrometer;fc4_flux;cr1000xe_backbone,2.1104,calm,transport,0,1.080697774887085
7181,candidate_015,laser_disdrometer;fc4_flux;cr1000xe_backbone,2.1104,calm,transport,0,1.0504759550094604
7181,candidate_015,laser_disdrometer;fc4_flux;cr1000xe_backbone,2.1104,calm,transport,0,1.430275559425354
7181,candidate_015,laser_disdrometer;fc4_flux;cr1000xe_backbone,2.1104,calm,transport,0,1.0843929052352905
7181,candidate_015,laser_disdrometer;fc4_flux;cr1000xe_backbone,2.1104,calm,particle,0,1.4893237352371216
7181,candidate_015,laser_disdrometer;fc4_flux;cr1000xe_backbone,2.1104,calm,particle,0,1.1511223316192627
7181,candidate_015,laser_disdrometer;fc4_flux;cr1000xe_backbone,2.1104,calm,particle,0,1.4271469116210938
7181,candidate_015,laser_disdrometer;fc4_flux;cr1000xe_backbone,2.1104,calm,particle,0,1.1766211986541748
7181,candidate_015,laser_disdrometer;fc4_flux;cr1000xe_backbone,2.1104,calm,particle,0,1.3832018375396729
7181,candidate_015,laser_disdrometer;fc4_flux;cr1000xe_backbone,2.1104,calm,particle,0,0.9459103345870972
7181,candidate_015,laser_disdrometer;fc4_flux;cr1000xe_backbone,2.1104,calm,particle,0,1.1009151935577393
7181,candidate_015,laser_disdrometer;fc4_flux;cr1000xe_backbone,2.1104,calm,particle,0,0.8518885374069214
7181,candidate_015,laser_disdrometer;fc4_flux;cr1000xe_backbone,2.1104,calm,particle,0,1.220065951347351
7181,candidate_015,laser_disdrometer;fc4_flux;cr1000xe_backbone,2.1104,calm,particle,0,1.044603943824768
7181,candidate_015,laser_disdrometer;fc4_flux;cr1000xe_backbone,2.1104,calm,particle,0,0.9378111958503723
7181,candidate_015,laser_disdrometer;fc4_flux;cr1000xe_backbone,2.1104,calm,particle,0,1.0319325923919678
7181,candidate_015,laser_disdrometer;fc4_flux;cr1000xe_backbone,2.1104,calm,particle,0,0.9207642078399658
7181,candidate_015,laser_disdrometer;fc4_flux;cr1000xe_backbone,2.1104,calm,particle,0,1.1583508253097534
7181,candidate_015,laser_disdrometer;fc4_flux;cr1000xe_backbone,2.1104,calm,particle,0,1.1470260620117188
7181,candidate_015,laser_disdrometer;fc4_flux;cr1000xe_backbone,2.1104,calm,particle,0,1.4157819747924805
7181,candidate_015,laser_disdrometer;fc4_flux;cr1000xe_backbone,2.1104,calm,particle,0,1.327712059020996
7181,candidate_015,laser_disdrometer;fc4_flux;cr1000xe_backbone,2.1104,calm,particle,0,1.4010131359100342
7181,candidate_015,laser_disdrometer;fc4_flux;cr1000xe_backbone,2.1104,calm,particle,0,1.8556205034255981
7181,candidate_015,laser_disdrometer;fc4_flux;cr1000xe_backbone,2.1104,calm,particle,0,2.2108356952667236
7181,candidate_015,laser_disdrometer;fc4_flux;cr1000xe_backbone,2.1104,calm,particle,0,2.177581548690796
7181,candidate_015,laser_disdrometer;fc4_flux;cr1000xe_backbone,2.1104,calm,particle,0,2.1301891803741455
7181,candidate_015,laser_disdrometer;fc4_flux;cr1000xe_backbone,2.1104,calm,particle,0,2.610285758972168
7181,candidate_015,laser_disdrometer;fc4_flux;cr1000xe_backbone,2.1104,calm,particle,0,2.5982322692871094
7181,candidate_015,laser_disdrometer;fc4_flux;cr1000xe_backbone,2.1104,calm,particle,0,2.1845998764038086
7181,candidate_015,laser_disdrometer;fc4_flux;cr1000xe_backbone,2.1104,calm,particle,0,2.345935821533203
7181,candidate_015,laser_disdrometer;fc4_flux;cr1000xe_backbone,2.1104,calm,particle,0,2.045884609222412
7181,candidate_015,laser_disdrometer;fc4_flux;cr1000xe_backbone,2.1104,calm,particle,0,1.7556754350662231
7181,candidate_015,laser_disdrometer;fc4_flux;cr1000xe_backbone,2.1104,calm,particle,0,1.6793309450149536
7181,candidate_015,laser_disdrometer;fc4_flux;cr1000xe_backbone,2.1104,calm,particle,0,1.5820882320404053
7181,candidate_015,laser_disdrometer;fc4_flux;cr1000xe_backbone,2.1104,calm,particle,0,1.407634973526001
7181,candidate_015,laser_disdrometer;fc4_flux;cr1000xe_backbone,2.1104,calm,thermal,0,1.1982030868530273
7181,candidate_015,laser_disdrometer;fc4_flux;cr1000xe_backbone,2.1104,calm,thermal,0,1.1878668069839478
7181,candidate_015,laser_disdrometer;fc4_flux;cr1000xe_backbone,2.1104,calm,thermal,0,1.1248301267623901
7181,candidate_015,laser_disdrometer;fc4_flux;cr1000xe_backbone,2.1104,calm,thermal,0,1.159495234489441
7181,candidate_015,laser_disdrometer;fc4_flux;cr1000xe_backbone,2.1104,calm,thermal,0,1.0988582372665405
7181,candidate_015,laser_disdrometer;fc4_flux;cr1000xe_backbone,2.1104,calm,thermal,0,1.235041618347168
7181,candidate_015,laser_disdrometer;fc4_flux;cr1000xe_backbone,2.1104,calm,thermal,0,1.0940994024276733
7181,candidate_015,laser_disdrometer;fc4_flux;cr1000xe_backbone,2.1104,calm,thermal,0,1.225864052772522
7181,candidate_015,laser_disdrometer;fc4_flux;cr1000xe_backbone,2.1104,calm,thermal,0,1.0378754138946533
7181,candidate_015,laser_disdrometer;fc4_flux;cr1000xe_backbone,2.1104,calm,thermal,0,1.2137094736099243
7181,candidate_015,laser_disdrometer;fc4_flux;cr1000xe_backbone,2.1104,calm,thermal,0,1.3862594366073608
7181,candidate_015,laser_disdrometer;fc4_flux;cr1000xe_backbone,2.1104,calm,thermal,0,1.5826280117034912
7181,candidate_015,laser_disdrometer;fc4_flux;cr1000xe_backbone,2.1104,calm,thermal,0,1.498439908027649
7181,candidate_015,laser_disdrometer;fc4_flux;cr1000xe_backbone,2.1104,calm,thermal,0,1.4202598333358765
7181,candidate_015,laser_disdrometer;fc4_flux;cr1000xe_backbone,2.1104,calm,thermal,0,1.4937429428100586
7181,candidate_015,laser_disdrometer;fc4_flux;cr1000xe_backbone,2.1104,calm,thermal,0,1.5538362264633179
7181,candidate_015,laser_disdrometer;fc4_flux;cr1000xe_backbone,2.1104,calm,thermal,0,1.4247162342071533
7181,candidate_015,laser_disdrometer;fc4_flux;cr1000xe_backbone,2.1104,calm,thermal,0,1.7831202745437622
7181,candidate_015,laser_disdrometer;fc4_flux;cr1000xe_backbone,2.1104,calm,thermal,0,1.5526058673858643
7181,candidate_015,laser_disdrometer;fc4_flux;cr1000xe_backbone,2.1104,calm,thermal,0,1.6438219547271729
7181,candidate_015,laser_disdrometer;fc4_flux;cr1000xe_backbone,2.1104,calm,transport,0,1.4800238609313965
7181,candidate_015,laser_disdrometer;fc4_flux;cr1000xe_backbone,2.1104,calm,transport,0,1.8704978227615356
7181,candidate_015,laser_disdrometer;fc4_flux;cr1000xe_backbone,2.1104,calm,transport,0,1.354968547821045
7181,candidate_015,laser_disdrometer;fc4_flux;cr1000xe_backbone,2.1104,calm,transport,0,1.3403738737106323
7181,candidate_015,laser_disdrometer;fc4_flux;cr1000xe_backbone,2.1104,calm,transport,0,1.3417699337005615
7181,candidate_015,laser_disdrometer;fc4_flux;cr1000xe_backbone,2.1104,calm,transport,0,1.5256881713867188
7181,candidate_015,laser_disdrometer;fc4_flux;cr1000xe_backbone,2.1104,calm,transport,0,1.6120586395263672
7181,candidate_015,laser_disdrometer;fc4_flux;cr1000xe_backbone,2.1104,calm,transport,0,1.3791821002960205
7181,candidate_015,laser_disdrometer;fc4_flux;cr1000xe_backbone,2.1104,calm,transport,0,1.9497143030166626
7181,candidate_015,laser_disdrometer;fc4_flux;cr1000xe_backbone,2.1104,calm,transport,0,1.3535921573638916
7181,candidate_015,laser_disdrometer;fc4_flux;cr1000xe_backbone,2.1104,calm,transport,0,2.1922454833984375
7181,candidate_015,laser_disdrometer;fc4_flux;cr1000xe_backbone,2.1104,calm,transport,0,1.6058242321014404
7181,candidate_015,laser_disdrometer;fc4_flux;cr1000xe_backbone,2.1104,calm,transport,0,1.5318049192428589
7181,candidate_015,laser_disdrometer;fc4_flux;cr1000xe_backbone,2.1104,calm,transport,0,1.2860790491104126
7181,candidate_015,laser_disdrometer;fc4_flux;cr1000xe_backbone,2.1104,calm,transport,0,1.727144718170166
7181,candidate_015,laser_disdrometer;fc4_flux;cr1000xe_backbone,2.1104,calm,transport,0,1.47115159034729
7181,candidate_015,laser_disdrometer;fc4_flux;cr1000xe_backbone,2.1104,calm,transport,0,1.710487723350525
7181,candidate_015,laser_disdrometer;fc4_flux;cr1000xe_backbone,2.1104,calm,transport,0,2.0996413230895996
7181,candidate_015,laser_disdrometer;fc4_flux;cr1000xe_backbone,2.1104,calm,transport,0,1.7967079877853394
7181,candidate_015,laser_disdrometer;fc4_flux;cr1000xe_backbone,2.1104,calm,transport,0,1.7471445798873901
7181,candidate_015,laser_disdrometer;fc4_flux;cr1000xe_backbone,2.1104,calm,transport,0,1.7683287858963013
7181,candidate_015,laser_disdrometer;fc4_flux;cr1000xe_backbone,2.1104,calm,transport,0,1.7056159973144531
7181,candidate_015,laser_disdrometer;fc4_flux;cr1000xe_backbone,2.1104,calm,transport,0,1.6180864572525024
7181,candidate_015,laser_disdrometer;fc4_flux;cr1000xe_backbone,2.1104,calm,transport,0,1.5580447912216187
7181,candidate_015,laser_disdrometer;fc4_flux;cr1000xe_backbone,2.1104,calm,transport,0,1.7694224119186401
7181,candidate_015,laser_disdrometer;fc4_flux;cr1000xe_backbone,2.1104,calm,transport,0,1.6778826713562012
7181,candidate_015,laser_disdrometer;fc4_flux;cr1000xe_backbone,2.1104,calm,transport,0,1.796750783920288
7181,candidate_015,laser_disdrometer;fc4_flux;cr1000xe_backbone,2.1104,calm,transport,0,1.5771383047103882
7181,candidate_015,laser_disdrometer;fc4_flux;cr1000xe_backbone,2.1104,calm,transport,0,1.6793451309204102
7181,candidate_015,laser_disdrometer;fc4_flux;cr1000xe_backbone,2.1104,calm,transport,0,1.2803651094436646
7181,candidate_015,laser_disdrometer;fc4_flux;cr1000xe_backbone,2.1104,calm,transport,0,1.651922345161438
7181,candidate_015,laser_disdrometer;fc4_flux;cr1000xe_backbone,2.1104,calm,transport,0,1.5175848007202148
7181,candidate_015,laser_disdrometer;fc4_flux;cr1000xe_backbone,2.1104,calm,transport,0,1.7147406339645386
7181,candidate_015,laser_disdrometer;fc4_flux;cr1000xe_backbone,2.1104,calm,transport,0,1.255069613456726
7181,candidate_015,laser_disdrometer;fc4_flux;cr1000xe_backbone,2.1104,calm,transport,0,1.392130732536316
7181,candidate_015,laser_disdrometer;fc4_flux;cr1000xe_backbone,2.1104,calm,particle,0,1.1806917190551758
7181,candidate_015,laser_disdrometer;fc4_flux;cr1000xe_backbone,2.1104,calm,particle,0,1.4373359680175781
7181,candidate_015,laser_disdrometer;fc4_flux;cr1000xe_backbone,2.1104,calm,particle,0,1.5075228214263916
7181,candidate_015,laser_disdrometer;fc4_flux;cr1000xe_backbone,2.1104,calm,particle,0,1.532975196838379
7181,candidate_015,laser_disdrometer;fc4_flux;cr1000xe_backbone,2.1104,calm,particle,0,1.5808494091033936
7181,candidate_015,laser_disdrometer;fc4_flux;cr1000xe_backbone,2.1104,calm,particle,0,2.090561628341675
7181,candidate_015,laser_disdrometer;fc4_flux;cr1000xe_backbone,2.1104,calm,particle,0,1.653153896331787
7181,candidate_015,laser_disdrometer;fc4_flux;cr1000xe_backbone,2.1104,calm,particle,0,1.589704990386963
7181,candidate_015,laser_disdrometer;fc4_flux;cr1000xe_backbone,2.1104,calm,particle,0,1.9382972717285156
7181,candidate_015,laser_disdrometer;fc4_flux;cr1000xe_backbone,2.1104,calm,particle,0,2.001920223236084
7181,candidate_015,laser_disdrometer;fc4_flux;cr1000xe_backbone,2.1104,calm,particle,0,1.9227917194366455
7181,candidate_015,laser_disdrometer;fc4_flux;cr1000xe_backbone,2.1104,calm,particle,0,2.2254648208618164
7181,candidate_015,laser_disdrometer;fc4_flux;cr1000xe_backbone,2.1104,calm,particle,0,1.6486148834228516
7181,candidate_015,laser_disdrometer;fc4_flux;cr1000xe_backbone,2.1104,calm,particle,0,1.7333563566207886
7181,candidate_015,laser_disdrometer;fc4_flux;cr1000xe_backbone,2.1104,calm,particle,0,1.2485142946243286
7181,candidate_015,laser_disdrometer;fc4_flux;cr1000xe_backbone,2.1104,calm,particle,0,1.4505263566970825
7181,candidate_015,laser_disdrometer;fc4_flux;cr1000xe_backbone,2.1104,calm,particle,0,1.555611252784729
7181,candidate_015,laser_disdrometer;fc4_flux;cr1000xe_backbone,2.1104,calm,particle,0,1.725162386894226
7181,candidate_015,laser_disdrometer;fc4_flux;cr1000xe_backbone,2.1104,calm,particle,0,1.3856935501098633
7181,candidate_015,laser_disdrometer;fc4_flux;cr1000xe_backbone,2.1104,calm,particle,0,1.3073428869247437
7181,candidate_015,laser_disdrometer;fc4_flux;cr1000xe_backbone,2.1104,calm,particle,0,1.1016350984573364
7181,candidate_015,laser_disdrometer;fc4_flux;cr1000xe_backbone,2.1104,calm,particle,0,1.5820025205612183
7181,candidate_015,laser_disdrometer;fc4_flux;cr1000xe_backbone,2.1104,calm,particle,0,1.2989041805267334
7181,candidate_015,laser_disdrometer;fc4_flux;cr1000xe_backbone,2.1104,calm,particle,0,1.2947638034820557
7181,candidate_015,laser_disdrometer;fc4_flux;cr1000xe_backbone,2.1104,calm,particle,0,1.2022050619125366
7181,candidate_015,laser_disdrometer;fc4_flux;cr1000xe_backbone,2.1104,calm,particle,0,1.3348478078842163
7181,candidate_015,laser_disdrometer;fc4_flux;cr1000xe_backbone,2.1104,calm,particle,0,1.3785513639450073
7181,candidate_015,laser_disdrometer;fc4_flux;cr1000xe_backbone,2.1104,calm,particle,0,1.3165137767791748
7181,candidate_015,laser_disdrometer;fc4_flux;cr1000xe_backbone,2.1104,calm,particle,0,1.2227600812911987
7181,candidate_015,laser_disdrometer;fc4_flux;cr1000xe_backbone,2.1104,calm,particle,0,1.1486588716506958
7181,candidate_015,laser_disdrometer;fc4_flux;cr1000xe_backbone,2.1104,calm,particle,0,1.1433722972869873
7181,candidate_015,laser_disdrometer;fc4_flux;cr1000xe_backbone,2.1104,calm,particle,0,1.185385823249817
7181,candidate_015,laser_disdrometer;fc4_flux;cr1000xe_backbone,2.1104,calm,particle,0,1.175086498260498
7181,candidate_015,laser_disdrometer;fc4_flux;cr1000xe_backbone,2.1104,calm,particle,0,1.2312880754470825
7181,candidate_015,laser_disdrometer;fc4_flux;cr1000xe_backbone,2.1104,calm,thermal,0,1.1244808435440063
7181,candidate_015,laser_disdrometer;fc4_flux;cr1000xe_backbone,2.1104,calm,thermal,0,1.3266147375106812
7181,candidate_015,laser_disdrometer;fc4_flux;cr1000xe_backbone,2.1104,calm,thermal,0,1.2430014610290527
7181,candidate_015,laser_disdrometer;fc4_flux;cr1000xe_backbone,2.1104,calm,thermal,0,1.3738476037979126
7181,candidate_015,laser_disdrometer;fc4_flux;cr1000xe_backbone,2.1104,calm,thermal,0,1.4096472263336182
7181,candidate_015,laser_disdrometer;fc4_flux;cr1000xe_backbone,2.1104,calm,thermal,0,1.5961512327194214
7181,candidate_015,laser_disdrometer;fc4_flux;cr1000xe_backbone,2.1104,calm,thermal,0,1.5689483880996704
7181,candidate_015,laser_disdrometer;fc4_flux;cr1000xe_backbone,2.1104,calm,thermal,0,1.2663722038269043
7181,candidate_015,laser_disdrometer;fc4_flux;cr1000xe_backbone,2.1104,calm,thermal,0,1.4319565296173096
7181,candidate_015,laser_disdrometer;fc4_flux;cr1000xe_backbone,2.1104,calm,thermal,0,1.2785879373550415
7181,candidate_015,laser_disdrometer;fc4_flux;cr1000xe_backbone,2.1104,calm,thermal,0,1.429099440574646
7181,candidate_015,laser_disdrometer;fc4_flux;cr1000xe_backbone,2.1104,calm,thermal,0,1.3722003698349
7181,candidate_015,laser_disdrometer;fc4_flux;cr1000xe_backbone,2.1104,calm,thermal,0,1.2842278480529785
7181,candidate_015,laser_disdrometer;fc4_flux;cr1000xe_backbone,2.1104,calm,thermal,0,1.2293221950531006
7181,candidate_015,laser_disdrometer;fc4_flux;cr1000xe_backbone,2.1104,calm,thermal,0,1.0911870002746582
7181,candidate_015,laser_disdrometer;fc4_flux;cr1000xe_backbone,2.1104,calm,thermal,0,1.2420387268066406
7181,candidate_015,laser_disdrometer;fc4_flux;cr1000xe_backbone,2.1104,calm,thermal,0,1.4834136962890625
7181,candidate_015,laser_disdrometer;fc4_flux;cr1000xe_backbone,2.1104,calm,thermal,0,1.299741268157959
7181,candidate_015,laser_disdrometer;fc4_flux;cr1000xe_backbone,2.1104,calm,thermal,0,1.3789007663726807
7181,candidate_015,laser_disdrometer;fc4_flux;cr1000xe_backbone,2.1104,calm,thermal,0,1.3116201162338257
7181,candidate_015,laser_disdrometer;fc4_flux;cr1000xe_backbone,2.1104,calm,thermal,0,1.1463052034378052
7181,candidate_015,laser_disdrometer;fc4_flux;cr1000xe_backbone,2.1104,calm,transport,0,1.0348129272460938
7181,candidate_015,laser_disdrometer;fc4_flux;cr1000xe_backbone,2.1104,calm,transport,0,1.0350755453109741
7181,candidate_015,laser_disdrometer;fc4_flux;cr1000xe_backbone,2.1104,calm,transport,0,1.097667932510376
7181,candidate_015,laser_disdrometer;fc4_flux;cr1000xe_backbone,2.1104,calm,transport,0,1.3989335298538208
7181,candidate_015,laser_disdrometer;fc4_flux;cr1000xe_backbone,2.1104,calm,transport,0,1.1467057466506958
7181,candidate_015,laser_disdrometer;fc4_flux;cr1000xe_backbone,2.1104,calm,transport,0,1.1236612796783447
7181,candidate_015,laser_disdrometer;fc4_flux;cr1000xe_backbone,2.1104,calm,transport,0,1.0421589612960815
7181,candidate_015,laser_disdrometer;fc4_flux;cr1000xe_backbone,2.1104,calm,transport,0,1.0426002740859985
7181,candidate_015,laser_disdrometer;fc4_flux;cr1000xe_backbone,2.1104,calm,transport,0,1.0407330989837646
7181,candidate_015,laser_disdrometer;fc4_flux;cr1000xe_backbone,2.1104,calm,transport,0,1.0953024625778198
7181,candidate_015,laser_disdrometer;fc4_flux;cr1000xe_backbone,2.1104,calm,transport,0,1.6230998039245605
7181,candidate_015,laser_disdrometer;fc4_flux;cr1000xe_backbone,2.1104,calm,transport,0,1.6892374753952026
7181,candidate_015,laser_disdrometer;fc4_flux;cr1000xe_backbone,2.1104,calm,transport,0,1.8250099420547485
7181,candidate_015,laser_disdrometer;fc4_flux;cr1000xe_backbone,2.1104,calm,transport,0,1.6598058938980103
7181,candidate_015,laser_disdrometer;fc4_flux;cr1000xe_backbone,2.1104,calm,transport,0,1.6952571868896484
7181,candidate_015,laser_disdrometer;fc4_flux;cr1000xe_backbone,2.1104,calm,transport,0,1.2984871864318848
7181,candidate_015,laser_disdrometer;fc4_flux;cr1000xe_backbone,2.1104,particle,thermal,1,0.9437281489372253
7181,candidate_015,laser_disdrometer;fc4_flux;cr1000xe_backbone,2.1104,particle,thermal,1,1.122464895248413
7181,candidate_015,laser_disdrometer;fc4_flux;cr1000xe_backbone,2.1104,particle,thermal,1,1.4201442003250122
7181,candidate_015,laser_disdrometer;fc4_flux;cr1000xe_backbone,2.1104,particle,thermal,1,1.7042819261550903
7181,candidate_015,laser_disdrometer;fc4_flux;cr1000xe_backbone,2.1104,particle,thermal,1,1.9928549528121948
7181,candidate_015,laser_disdrometer;fc4_flux;cr1000xe_backbone,2.1104,particle,thermal,1,2.258805274963379
7181,candidate_015,laser_disdrometer;fc4_flux;cr1000xe_backbone,2.1104,particle,thermal,1,2.4720001220703125
7181,candidate_015,laser_disdrometer;fc4_flux;cr1000xe_backbone,2.1104,particle,thermal,1,2.562662124633789
7181,candidate_015,laser_disdrometer;fc4_flux;cr1000xe_backbone,2.1104,particle,transport,1,1.171691656112671
7181,candidate_015,laser_disdrometer;fc4_flux;cr1000xe_backbone,2.1104,particle,transport,1,1.0440477132797241
7181,candidate_015,laser_disdrometer;fc4_flux;cr1000xe_backbone,2.1104,particle,transport,1,1.1642824411392212
7181,candidate_015,laser_disdrometer;fc4_flux;cr1000xe_backbone,2.1104,particle,transport,1,1.2529736757278442
7181,candidate_015,laser_disdrometer;fc4_flux;cr1000xe_backbone,2.1104,particle,transport,1,1.492903709411621
7181,candidate_015,laser_disdrometer;fc4_flux;cr1000xe_backbone,2.1104,particle,transport,1,1.387194275856018
7181,candidate_015,laser_disdrometer;fc4_flux;cr1000xe_backbone,2.1104,particle,transport,1,1.6247673034667969
7181,candidate_015,laser_disdrometer;fc4_flux;cr1000xe_backbone,2.1104,particle,transport,1,1.6210633516311646
7181,candidate_015,laser_disdrometer;fc4_flux;cr1000xe_backbone,2.1104,particle,transport,1,1.9572561979293823
7181,candidate_015,laser_disdrometer;fc4_flux;cr1000xe_backbone,2.1104,particle,transport,1,2.3318257331848145
7181,candidate_015,laser_disdrometer;fc4_flux;cr1000xe_backbone,2.1104,particle,transport,1,2.386521577835083
7181,candidate_015,laser_disdrometer;fc4_flux;cr1000xe_backbone,2.1104,particle,transport,1,2.6844444274902344
7181,candidate_015,laser_disdrometer;fc4_flux;cr1000xe_backbone,2.1104,particle,transport,1,2.8489420413970947
7181,candidate_015,laser_disdrometer;fc4_flux;cr1000xe_backbone,2.1104,calm,transport,0,2.86274790763855
7181,candidate_015,laser_disdrometer;fc4_flux;cr1000xe_backbone,2.1104,calm,transport,0,2.718622922897339
7181,candidate_015,laser_disdrometer;fc4_flux;cr1000xe_backbone,2.1104,calm,transport,0,2.8131797313690186
7181,candidate_015,laser_disdrometer;fc4_flux;cr1000xe_backbone,2.1104,calm,transport,0,2.6395509243011475
7181,candidate_015,laser_disdrometer;fc4_flux;cr1000xe_backbone,2.1104,calm,transport,0,2.0460848808288574
7181,candidate_015,laser_disdrometer;fc4_flux;cr1000xe_backbone,2.1104,calm,transport,0,1.1952786445617676
7181,candidate_015,laser_disdrometer;fc4_flux;cr1000xe_backbone,2.1104,calm,transport,0,1.2359888553619385
7181,candidate_015,laser_disdrometer;fc4_flux;cr1000xe_backbone,2.1104,calm,transport,0,1.149352788925171
7181,candidate_015,laser_disdrometer;fc4_flux;cr1000xe_backbone,2.1104,calm,transport,0,0.8234639763832092
7181,candidate_015,laser_disdrometer;fc4_flux;cr1000xe_backbone,2.1104,calm,transport,0,0.6878154873847961
7181,candidate_015,laser_disdrometer;fc4_flux;cr1000xe_backbone,2.1104,calm,transport,0,0.5658162832260132
7181,candidate_015,laser_disdrometer;fc4_flux;cr1000xe_backbone,2.1104,calm,transport,0,0.6437625885009766
7181,candidate_015,laser_disdrometer;fc4_flux;cr1000xe_backbone,2.1104,calm,particle,0,0.5799078941345215
7181,candidate_015,laser_disdrometer;fc4_flux;cr1000xe_backbone,2.1104,flux,particle,2,0.5146581530570984
7181,candidate_015,laser_disdrometer;fc4_flux;cr1000xe_backbone,2.1104,flux,particle,2,0.5786195397377014
7181,candidate_015,laser_disdrometer;fc4_flux;cr1000xe_backbone,2.1104,flux,particle,2,0.6062839031219482
7181,candidate_015,laser_disdrometer;fc4_flux;cr1000xe_backbone,2.1104,flux,particle,2,0.5939084887504578
7181,candidate_015,laser_disdrometer;fc4_flux;cr1000xe_backbone,2.1104,flux,particle,2,0.7468633055686951
7181,candidate_015,laser_disdrometer;fc4_flux;cr1000xe_backbone,2.1104,flux,particle,2,0.7288980484008789
7181,candidate_015,laser_disdrometer;fc4_flux;cr1000xe_backbone,2.1104,flux,particle,2,0.7589225172996521
7181,candidate_015,laser_disdrometer;fc4_flux;cr1000xe_backbone,2.1104,flux,particle,2,0.6065065264701843
7181,candidate_015,laser_disdrometer;fc4_flux;cr1000xe_backbone,2.1104,flux,particle,2,1.006290316581726
7181,candidate_015,laser_disdrometer;fc4_flux;cr1000xe_backbone,2.1104,flux,particle,2,1.2596759796142578
7181,candidate_015,laser_disdrometer;fc4_flux;cr1000xe_backbone,2.1104,flux,particle,2,1.3971089124679565
7181,candidate_015,laser_disdrometer;fc4_flux;cr1000xe_backbone,2.1104,flux,particle,2,1.7922500371932983
7181,candidate_015,laser_disdrometer;fc4_flux;cr1000xe_backbone,2.1104,flux,particle,2,1.4771132469177246
7181,candidate_015,laser_disdrometer;fc4_flux;cr1000xe_backbone,2.1104,flux,particle,2,1.5013163089752197
7181,candidate_015,laser_disdrometer;fc4_flux;cr1000xe_backbone,2.1104,flux,particle,2,1.4185103178024292
7181,candidate_015,laser_disdrometer;fc4_flux;cr1000xe_backbone,2.1104,flux,particle,2,1.8304468393325806
7181,candidate_015,laser_disdrometer;fc4_flux;cr1000xe_backbone,2.1104,flux,particle,2,1.7680336236953735
7181,candidate_015,laser_disdrometer;fc4_flux;cr1000xe_backbone,2.1104,flux,particle,2,1.9778616428375244
7181,candidate_015,laser_disdrometer;fc4_flux;cr1000xe_backbone,2.1104,flux,particle,2,1.7471847534179688
7181,candidate_015,laser_disdrometer;fc4_flux;cr1000xe_backbone,2.1104,flux,particle,2,2.0615530014038086
7181,candidate_015,laser_disdrometer;fc4_flux;cr1000xe_backbone,2.1104,flux,particle,2,1.60370934009552
7181,candidate_015,laser_disdrometer;fc4_flux;cr1000xe_backbone,2.1104,flux,particle,2,1.5849443674087524
7181,candidate_015,laser_disdrometer;fc4_flux;cr1000xe_backbone,2.1104,flux,thermal,2,1.564578890800476
7181,candidate_015,laser_disdrometer;fc4_flux;cr1000xe_backbone,2.1104,flux,thermal,2,1.8480981588363647
7181,candidate_015,laser_disdrometer;fc4_flux;cr1000xe_backbone,2.1104,flux,thermal,2,1.576897144317627
7181,candidate_015,laser_disdrometer;fc4_flux;cr1000xe_backbone,2.1104,flux,thermal,2,1.6447664499282837
7181,candidate_015,laser_disdrometer;fc4_flux;cr1000xe_backbone,2.1104,flux,thermal,2,2.2811667919158936
7181,candidate_015,laser_disdrometer;fc4_flux;cr1000xe_backbone,2.1104,flux,thermal,2,2.264667510986328
7181,candidate_015,laser_disdrometer;fc4_flux;cr1000xe_backbone,2.1104,flux,thermal,2,2.666656017303467
7181,candidate_015,laser_disdrometer;fc4_flux;cr1000xe_backbone,2.1104,flux,thermal,2,2.531111001968384
7181,candidate_015,laser_disdrometer;fc4_flux;cr1000xe_backbone,2.1104,flux,thermal,2,2.8173394203186035
7181,candidate_015,laser_disdrometer;fc4_flux;cr1000xe_backbone,2.1104,flux,thermal,2,2.5918869972229004
7181,candidate_015,laser_disdrometer;fc4_flux;cr1000xe_backbone,2.1104,flux,thermal,2,2.796464443206787
7181,candidate_015,laser_disdrometer;fc4_flux;cr1000xe_backbone,2.1104,flux,thermal,2,2.950589418411255
7181,candidate_015,laser_disdrometer;fc4_flux;cr1000xe_backbone,2.1104,flux,thermal,2,2.940782308578491
7181,candidate_015,laser_disdrometer;fc4_flux;cr1000xe_backbone,2.1104,flux,thermal,2,3.1030490398406982
7181,candidate_015,laser_disdrometer;fc4_flux;cr1000xe_backbone,2.1104,flux,thermal,2,3.085214138031006
7181,candidate_015,laser_disdrometer;fc4_flux;cr1000xe_backbone,2.1104,flux,thermal,2,3.239476203918457
7181,candidate_015,laser_disdrometer;fc4_flux;cr1000xe_backbone,2.1104,flux,thermal,2,2.701080799102783
7181,candidate_015,laser_disdrometer;fc4_flux;cr1000xe_backbone,2.1104,flux,thermal,2,3.0479578971862793
7181,candidate_015,laser_disdrometer;fc4_flux;cr1000xe_backbone,2.1104,flux,thermal,2,2.1277008056640625
7181,candidate_015,laser_disdrometer;fc4_flux;cr1000xe_backbone,2.1104,flux,thermal,2,2.6708481311798096
7181,candidate_015,laser_disdrometer;fc4_flux;cr1000xe_backbone,2.1104,flux,thermal,2,2.048875093460083
7181,candidate_015,laser_disdrometer;fc4_flux;cr1000xe_backbone,2.1104,flux,thermal,2,2.5720744132995605
7181,candidate_015,laser_disdrometer;fc4_flux;cr1000xe_backbone,2.1104,flux,thermal,2,2.199954032897949
7181,candidate_015,laser_disdrometer;fc4_flux;cr1000xe_backbone,2.1104,flux,thermal,2,2.5311079025268555
7181,candidate_015,laser_disdrometer;fc4_flux;cr1000xe_backbone,2.1104,flux,thermal,2,2.425102710723877
7181,candidate_015,laser_disdrometer;fc4_flux;cr1000xe_backbone,2.1104,flux,thermal,2,1.9797419309616089
7181,candidate_015,laser_disdrometer;fc4_flux;cr1000xe_backbone,2.1104,flux,thermal,2,2.151050090789795
7181,candidate_015,laser_disdrometer;fc4_flux;cr1000xe_backbone,2.1104,flux,thermal,2,1.5734533071517944
7181,candidate_015,laser_disdrometer;fc4_flux;cr1000xe_backbone,2.1104,flux,thermal,2,2.0850746631622314
7181,candidate_015,laser_disdrometer;fc4_flux;cr1000xe_backbone,2.1104,flux,thermal,2,1.86595618724823
7181,candidate_015,laser_disdrometer;fc4_flux;cr1000xe_backbone,2.1104,flux,thermal,2,2.3196070194244385
7181,candidate_015,laser_disdrometer;fc4_flux;cr1000xe_backbone,2.1104,calm,thermal,0,2.125152111053467
7181,candidate_015,laser_disdrometer;fc4_flux;cr1000xe_backbone,2.1104,calm,thermal,0,2.196744203567505
7181,candidate_015,laser_disdrometer;fc4_flux;cr1000xe_backbone,2.1104,calm,thermal,0,2.2406976222991943
7181,candidate_015,laser_disdrometer;fc4_flux;cr1000xe_backbone,2.1104,calm,transport,0,1.8963937759399414
7181,candidate_015,laser_disdrometer;fc4_flux;cr1000xe_backbone,2.1104,calm,transport,0,2.3283677101135254
7181,candidate_015,laser_disdrometer;fc4_flux;cr1000xe_backbone,2.1104,calm,transport,0,1.6336085796356201
7181,candidate_015,laser_disdrometer;fc4_flux;cr1000xe_backbone,2.1104,calm,transport,0,2.557586669921875
7181,candidate_015,laser_disdrometer;fc4_flux;cr1000xe_backbone,2.1104,calm,transport,0,1.396210789680481
7181,candidate_015,laser_disdrometer;fc4_flux;cr1000xe_backbone,2.1104,calm,transport,0,1.7125797271728516
7181,candidate_015,laser_disdrometer;fc4_flux;cr1000xe_backbone,2.1104,calm,transport,0,1.0580285787582397
7181,candidate_015,laser_disdrometer;fc4_flux;cr1000xe_backbone,2.1104,calm,transport,0,1.4555736780166626
7181,candidate_015,laser_disdrometer;fc4_flux;cr1000xe_backbone,2.1104,calm,transport,0,0.8901609182357788
7181,candidate_015,laser_disdrometer;fc4_flux;cr1000xe_backbone,2.1104,calm,transport,0,1.0469326972961426
7181,candidate_015,laser_disdrometer;fc4_flux;cr1000xe_backbone,2.1104,calm,transport,0,0.7170175313949585
7181,candidate_015,laser_disdrometer;fc4_flux;cr1000xe_backbone,2.1104,particle,transport,1,0.8157095909118652
7181,candidate_015,laser_disdrometer;fc4_flux;cr1000xe_backbone,2.1104,particle,transport,1,0.7565822601318359
7181,candidate_015,laser_disdrometer;fc4_flux;cr1000xe_backbone,2.1104,particle,transport,1,0.8468920588493347
7181,candidate_015,laser_disdrometer;fc4_flux;cr1000xe_backbone,2.1104,particle,transport,1,0.9884606003761292
7181,candidate_015,laser_disdrometer;fc4_flux;cr1000xe_backbone,2.1104,particle,transport,1,1.040032982826233
7181,candidate_015,laser_disdrometer;fc4_flux;cr1000xe_backbone,2.1104,particle,transport,1,0.9237545132637024
7181,candidate_015,laser_disdrometer;fc4_flux;cr1000xe_backbone,2.1104,particle,transport,1,0.8179660439491272
7181,candidate_015,laser_disdrometer;fc4_flux;cr1000xe_backbone,2.1104,particle,transport,1,0.8497663140296936
7181,candidate_015,laser_disdrometer;fc4_flux;cr1000xe_backbone,2.1104,particle,transport,1,1.701543927192688
7181,candidate_015,laser_disdrometer;fc4_flux;cr1000xe_backbone,2.1104,particle,transport,1,2.235591411590576
7181,candidate_015,laser_disdrometer;fc4_flux;cr1000xe_backbone,2.1104,particle,transport,1,2.517467975616455
7181,candidate_015,laser_disdrometer;fc4_flux;cr1000xe_backbone,2.1104,particle,transport,1,2.5176780223846436
7181,candidate_015,laser_disdrometer;fc4_flux;cr1000xe_backbone,2.1104,particle,transport,1,2.6219117641448975
7181,candidate_015,laser_disdrometer;fc4_flux;cr1000xe_backbone,2.1104,particle,transport,1,2.694831371307373
7181,candidate_015,laser_disdrometer;fc4_flux;cr1000xe_backbone,2.1104,particle,transport,1,2.733647108078003
7181,candidate_015,laser_disdrometer;fc4_flux;cr1000xe_backbone,2.1104,particle,particle,1,2.7284743785858154
7181,candidate_015,laser_disdrometer;fc4_flux;cr1000xe_backbone,2.1104,particle,particle,1,2.7336902618408203
7181,candidate_015,laser_disdrometer;fc4_flux;cr1000xe_backbone,2.1104,particle,particle,1,2.7774710655212402
7181,candidate_015,laser_disdrometer;fc4_flux;cr1000xe_backbone,2.1104,particle,particle,1,2.8608760833740234
7181,candidate_015,laser_disdrometer;fc4_flux;cr1000xe_backbone,2.1104,particle,particle,1,2.8673653602600098
7181,candidate_015,laser_disdrometer;fc4_flux;cr1000xe_backbone,2.1104,particle,particle,1,2.884188175201416
7181,candidate_015,laser_disdrometer;fc4_flux;cr1000xe_backbone,2.1104,particle,particle,1,2.924848794937134
7181,candidate_015,laser_disdrometer;fc4_flux;cr1000xe_backbone,2.1104,particle,particle,1,2.915278434753418
7181,candidate_015,laser_disdrometer;fc4_flux;cr1000xe_backbone,2.1104,particle,particle,1,2.9225313663482666
7181,candidate_015,laser_disdrometer;fc4_flux;cr1000xe_backbone,2.1104,particle,particle,1,2.922013998031616
7181,candidate_015,laser_disdrometer;fc4_flux;cr1000xe_backbone,2.1104,particle,particle,1,2.9630892276763916
7181,candidate_015,laser_disdrometer;fc4_flux;cr1000xe_backbone,2.1104,calm,particle,0,2.9412708282470703
7181,candidate_015,laser_disdrometer;fc4_flux;cr1000xe_backbone,2.1104,calm,particle,0,2.973817825317383
7181,candidate_015,laser_disdrometer;fc4_flux;cr1000xe_backbone,2.1104,calm,particle,0,2.781604766845703
7181,candidate_015,laser_disdrometer;fc4_flux;cr1000xe_backbone,2.1104,calm,particle,0,2.789335012435913
7181,candidate_015,laser_disdrometer;fc4_flux;cr1000xe_backbone,2.1104,calm,particle,0,2.4596023559570312
7181,candidate_015,laser_disdrometer;fc4_flux;cr1000xe_backbone,2.1104,calm,particle,0,2.5895538330078125
7181,candidate_015,laser_disdrometer;fc4_flux;cr1000xe_backbone,2.1104,calm,particle,0,2.448847770690918
7181,candidate_015,laser_disdrometer;fc4_flux;cr1000xe_backbone,2.1104,calm,particle,0,1.9347972869873047
7181,candidate_015,laser_disdrometer;fc4_flux;cr1000xe_backbone,2.1104,calm,thermal,0,1.8465960025787354
7181,candidate_015,laser_disdrometer;fc4_flux;cr1000xe_backbone,2.1104,calm,thermal,0,1.936292052268982
7181,candidate_015,laser_disdrometer;fc4_flux;cr1000xe_backbone,2.1104,calm,thermal,0,2.0259780883789062
7181,candidate_015,laser_disdrometer;fc4_flux;cr1000xe_backbone,2.1104,calm,thermal,0,1.9264562129974365
7181,candidate_015,laser_disdrometer;fc4_flux;cr1000xe_backbone,2.1104,calm,thermal,0,1.5472822189331055
7181,candidate_015,laser_disdrometer;fc4_flux;cr1000xe_backbone,2.1104,flux,thermal,2,1.3024824857711792
7181,candidate_015,laser_disdrometer;fc4_flux;cr1000xe_backbone,2.1104,flux,thermal,2,1.6349608898162842
7181,candidate_015,laser_disdrometer;fc4_flux;cr1000xe_backbone,2.1104,flux,thermal,2,2.1368563175201416
7181,candidate_015,laser_disdrometer;fc4_flux;cr1000xe_backbone,2.1104,flux,thermal,2,2.0360264778137207
7181,candidate_015,laser_disdrometer;fc4_flux;cr1000xe_backbone,2.1104,flux,thermal,2,1.7143782377243042
7181,candidate_015,laser_disdrometer;fc4_flux;cr1000xe_backbone,2.1104,flux,thermal,2,1.8300272226333618
7181,candidate_015,laser_disdrometer;fc4_flux;cr1000xe_backbone,2.1104,flux,thermal,2,2.0354957580566406
7181,candidate_015,laser_disdrometer;fc4_flux;cr1000xe_backbone,2.1104,flux,thermal,2,1.9689967632293701
7181,candidate_015,laser_disdrometer;fc4_flux;cr1000xe_backbone,2.1104,flux,thermal,2,1.936328411102295
7181,candidate_015,laser_disdrometer;fc4_flux;cr1000xe_backbone,2.1104,flux,thermal,2,2.369633197784424
7181,candidate_015,laser_disdrometer;fc4_flux;cr1000xe_backbone,2.1104,flux,thermal,2,2.7780611515045166
7181,candidate_015,laser_disdrometer;fc4_flux;cr1000xe_backbone,2.1104,flux,thermal,2,2.359217643737793
7181,candidate_015,laser_disdrometer;fc4_flux;cr1000xe_backbone,2.1104,flux,thermal,2,2.777674674987793
7181,candidate_015,laser_disdrometer;fc4_flux;cr1000xe_backbone,2.1104,flux,thermal,2,2.461725950241089
7181,candidate_015,laser_disdrometer;fc4_flux;cr1000xe_backbone,2.1104,flux,thermal,2,2.601522922515869
7181,candidate_015,laser_disdrometer;fc4_flux;cr1000xe_backbone,2.1104,flux,thermal,2,2.3898048400878906
7181,candidate_015,laser_disdrometer;fc4_flux;cr1000xe_backbone,2.1104,flux,thermal,2,2.203082799911499
7181,candidate_015,laser_disdrometer;fc4_flux;cr1000xe_backbone,2.1104,flux,thermal,2,2.0615968704223633
7181,candidate_015,laser_disdrometer;fc4_flux;cr1000xe_backbone,2.1104,flux,thermal,2,2.418401002883911
7181,candidate_015,laser_disdrometer;fc4_flux;cr1000xe_backbone,2.1104,flux,thermal,2,2.305880546569824
7181,candidate_015,laser_disdrometer;fc4_flux;cr1000xe_backbone,2.1104,flux,thermal,2,2.1919682025909424
7181,candidate_015,laser_disdrometer;fc4_flux;cr1000xe_backbone,2.1104,flux,thermal,2,2.231350898742676
7181,candidate_015,laser_disdrometer;fc4_flux;cr1000xe_backbone,2.1104,flux,thermal,2,2.345844268798828
7181,candidate_015,laser_disdrometer;fc4_flux;cr1000xe_backbone,2.1104,flux,thermal,2,2.5735909938812256
7181,candidate_015,laser_disdrometer;fc4_flux;cr1000xe_backbone,2.1104,flux,thermal,2,2.470150947570801
7181,candidate_015,laser_disdrometer;fc4_flux;cr1000xe_backbone,2.1104,flux,thermal,2,2.709106683731079
7181,candidate_015,laser_disdrometer;fc4_flux;cr1000xe_backbone,2.1104,flux,thermal,2,2.822291612625122
7181,candidate_015,laser_disdrometer;fc4_flux;cr1000xe_backbone,2.1104,flux,thermal,2,2.979782819747925
7181,candidate_015,laser_disdrometer;fc4_flux;cr1000xe_backbone,2.1104,flux,transport,2,2.0965116024017334
7181,candidate_015,laser_disdrometer;fc4_flux;cr1000xe_backbone,2.1104,flux,transport,2,0.7915076613426208
7181,candidate_015,laser_disdrometer;fc4_flux;cr1000xe_backbone,2.1104,flux,transport,2,1.0421509742736816
7181,candidate_015,laser_disdrometer;fc4_flux;cr1000xe_backbone,2.1104,flux,transport,2,1.1039810180664062
7181,candidate_015,laser_disdrometer;fc4_flux;cr1000xe_backbone,2.1104,flux,transport,2,2.0967049598693848
7181,candidate_015,laser_disdrometer;fc4_flux;cr1000xe_backbone,2.1104,flux,transport,2,2.3321585655212402
7181,candidate_015,laser_disdrometer;fc4_flux;cr1000xe_backbone,2.1104,flux,transport,2,2.6896305084228516
7181,candidate_015,laser_disdrometer;fc4_flux;cr1000xe_backbone,2.1104,flux,transport,2,2.9418628215789795
7181,candidate_015,laser_disdrometer;fc4_flux;cr1000xe_backbone,2.1104,flux,transport,2,2.9752326011657715
7181,candidate_015,laser_disdrometer;fc4_flux;cr1000xe_backbone,2.1104,flux,transport,2,2.8872768878936768
7181,candidate_015,laser_disdrometer;fc4_flux;cr1000xe_backbone,2.1104,flux,transport,2,2.7250828742980957
7181,candidate_015,laser_disdrometer;fc4_flux;cr1000xe_backbone,2.1104,flux,transport,2,1.9730983972549438
7181,candidate_015,laser_disdrometer;fc4_flux;cr1000xe_backbone,2.1104,flux,transport,2,1.6193366050720215
7181,candidate_015,laser_disdrometer;fc4_flux;cr1000xe_backbone,2.1104,flux,transport,2,1.5747615098953247
7181,candidate_015,laser_disdrometer;fc4_flux;cr1000xe_backbone,2.1104,flux,transport,2,1.7436836957931519
7181,candidate_015,laser_disdrometer;fc4_flux;cr1000xe_backbone,2.1104,flux,transport,2,1.9797385931015015
7181,candidate_015,laser_disdrometer;fc4_flux;cr1000xe_backbone,2.1104,flux,transport,2,2.763014316558838
7181,candidate_015,laser_disdrometer;fc4_flux;cr1000xe_backbone,2.1104,flux,transport,2,2.8440356254577637
7181,candidate_015,laser_disdrometer;fc4_flux;cr1000xe_backbone,2.1104,flux,transport,2,2.975687265396118
7181,candidate_015,laser_disdrometer;fc4_flux;cr1000xe_backbone,2.1104,flux,transport,2,2.746488571166992
7181,candidate_015,laser_disdrometer;fc4_flux;cr1000xe_backbone,2.1104,flux,transport,2,2.7141761779785156
7181,candidate_015,laser_disdrometer;fc4_flux;cr1000xe_backbone,2.1104,flux,transport,2,2.6921088695526123
7181,candidate_015,laser_disdrometer;fc4_flux;cr1000xe_backbone,2.1104,flux,transport,2,2.4844563007354736
7181,candidate_015,laser_disdrometer;fc4_flux;cr1000xe_backbone,2.1104,flux,transport,2,2.696451187133789
7181,candidate_015,laser_disdrometer;fc4_flux;cr1000xe_backbone,2.1104,flux,transport,2,2.841247320175171
7181,candidate_015,laser_disdrometer;fc4_flux;cr1000xe_backbone,2.1104,flux,transport,2,2.7254624366760254
7181,candidate_015,laser_disdrometer;fc4_flux;cr1000xe_backbone,2.1104,flux,transport,2,2.886730194091797
7181,candidate_015,laser_disdrometer;fc4_flux;cr1000xe_backbone,2.1104,flux,transport,2,3.162508487701416
7181,candidate_015,laser_disdrometer;fc4_flux;cr1000xe_backbone,2.1104,flux,particle,2,1.9685044288635254
7181,candidate_015,laser_disdrometer;fc4_flux;cr1000xe_backbone,2.1104,flux,particle,2,1.9038509130477905
7181,candidate_015,laser_disdrometer;fc4_flux;cr1000xe_backbone,2.1104,calm,particle,0,1.6956498622894287
7181,candidate_015,laser_disdrometer;fc4_flux;cr1000xe_backbone,2.1104,calm,particle,0,1.526621699333191
7181,candidate_015,laser_disdrometer;fc4_flux;cr1000xe_backbone,2.1104,calm,particle,0,1.1622065305709839
7181,candidate_015,laser_disdrometer;fc4_flux;cr1000xe_backbone,2.1104,calm,particle,0,0.9585219621658325
7181,candidate_015,laser_disdrometer;fc4_flux;cr1000xe_backbone,2.1104,calm,particle,0,0.9657331705093384
7181,candidate_015,laser_disdrometer;fc4_flux;cr1000xe_backbone,2.1104,calm,particle,0,0.8594167232513428
7181,candidate_015,laser_disdrometer;fc4_flux;cr1000xe_backbone,2.1104,calm,particle,0,0.800460696220398
7181,candidate_015,laser_disdrometer;fc4_flux;cr1000xe_backbone,2.1104,calm,particle,0,0.8914152383804321
7181,candidate_015,laser_disdrometer;fc4_flux;cr1000xe_backbone,2.1104,calm,particle,0,0.8074406981468201
7181,candidate_015,laser_disdrometer;fc4_flux;cr1000xe_backbone,2.1104,calm,particle,0,0.8141409158706665
7181,candidate_015,laser_disdrometer;fc4_flux;cr1000xe_backbone,2.1104,calm,particle,0,0.8786569237709045
7181,candidate_015,laser_disdrometer;fc4_flux;cr1000xe_backbone,2.1104,calm,particle,0,0.7015255689620972
7181,candidate_015,laser_disdrometer;fc4_flux;cr1000xe_backbone,2.1104,flux,particle,2,0.9471065998077393
7181,candidate_015,laser_disdrometer;fc4_flux;cr1000xe_backbone,2.1104,flux,particle,2,1.0606554746627808
7181,candidate_015,laser_disdrometer;fc4_flux;cr1000xe_backbone,2.1104,flux,particle,2,1.1208515167236328
7181,candidate_015,laser_disdrometer;fc4_flux;cr1000xe_backbone,2.1104,flux,particle,2,1.0403333902359009
7181,candidate_015,laser_disdrometer;fc4_flux;cr1000xe_backbone,2.1104,flux,thermal,2,1.8143212795257568
7181,candidate_015,laser_disdrometer;fc4_flux;cr1000xe_backbone,2.1104,flux,thermal,2,1.863161563873291
7181,candidate_015,laser_disdrometer;fc4_flux;cr1000xe_backbone,2.1104,flux,thermal,2,2.033958673477173
7181,candidate_015,laser_disdrometer;fc4_flux;cr1000xe_backbone,2.1104,flux,thermal,2,2.073615312576294
7181,candidate_015,laser_disdrometer;fc4_flux;cr1000xe_backbone,2.1104,flux,thermal,2,2.5187549591064453
7181,candidate_015,laser_disdrometer;fc4_flux;cr1000xe_backbone,2.1104,flux,thermal,2,2.3367042541503906
7181,candidate_015,laser_disdrometer;fc4_flux;cr1000xe_backbone,2.1104,flux,thermal,2,2.348602056503296
7181,candidate_015,laser_disdrometer;fc4_flux;cr1000xe_backbone,2.1104,flux,thermal,2,2.6807680130004883
7181,candidate_015,laser_disdrometer;fc4_flux;cr1000xe_backbone,2.1104,flux,thermal,2,2.4930026531219482
7181,candidate_015,laser_disdrometer;fc4_flux;cr1000xe_backbone,2.1104,flux,thermal,2,1.979998230934143
7181,candidate_015,laser_disdrometer;fc4_flux;cr1000xe_backbone,2.1104,flux,thermal,2,1.846537470817566
7181,candidate_015,laser_disdrometer;fc4_flux;cr1000xe_backbone,2.1104,flux,thermal,2,2.67318058013916
7181,candidate_015,laser_disdrometer;fc4_flux;cr1000xe_backbone,2.1104,flux,thermal,2,2.1424198150634766
7181,candidate_015,laser_disdrometer;fc4_flux;cr1000xe_backbone,2.1104,flux,thermal,2,1.4461945295333862
7181,candidate_015,laser_disdrometer;fc4_flux;cr1000xe_backbone,2.1104,flux,thermal,2,2.0427134037017822
7181,candidate_015,laser_disdrometer;fc4_flux;cr1000xe_backbone,2.1104,flux,thermal,2,2.1881887912750244
7181,candidate_015,laser_disdrometer;fc4_flux;cr1000xe_backbone,2.1104,flux,thermal,2,2.051177501678467
7181,candidate_015,laser_disdrometer;fc4_flux;cr1000xe_backbone,2.1104,flux,thermal,2,1.4189015626907349
7181,candidate_015,laser_disdrometer;fc4_flux;cr1000xe_backbone,2.1104,flux,thermal,2,1.9412848949432373
7181,candidate_015,laser_disdrometer;fc4_flux;cr1000xe_backbone,2.1104,flux,thermal,2,1.9008787870407104
7181,candidate_015,laser_disdrometer;fc4_flux;cr1000xe_backbone,2.1104,flux,thermal,2,2.035655975341797
7181,candidate_015,laser_disdrometer;fc4_flux;cr1000xe_backbone,2.1104,flux,thermal,2,1.8763456344604492
7181,candidate_015,laser_disdrometer;fc4_flux;cr1000xe_backbone,2.1104,flux,thermal,2,1.9411323070526123
7181,candidate_015,laser_disdrometer;fc4_flux;cr1000xe_backbone,2.1104,flux,thermal,2,2.2233762741088867
7181,candidate_015,laser_disdrometer;fc4_flux;cr1000xe_backbone,2.1104,flux,thermal,2,1.963577151298523
7181,candidate_015,laser_disdrometer;fc4_flux;cr1000xe_backbone,2.1104,flux,thermal,2,2.2434027194976807
7181,candidate_015,laser_disdrometer;fc4_flux;cr1000xe_backbone,2.1104,flux,thermal,2,2.140092372894287
7181,candidate_015,laser_disdrometer;fc4_flux;cr1000xe_backbone,2.1104,flux,thermal,2,2.589850902557373
7181,candidate_015,laser_disdrometer;fc4_flux;cr1000xe_backbone,2.1104,flux,thermal,2,2.0801351070404053
7181,candidate_015,laser_disdrometer;fc4_flux;cr1000xe_backbone,2.1104,flux,thermal,2,2.3968491554260254
7181,candidate_015,laser_disdrometer;fc4_flux;cr1000xe_backbone,2.1104,flux,thermal,2,2.72836971282959
7181,candidate_015,laser_disdrometer;fc4_flux;cr1000xe_backbone,2.1104,flux,thermal,2,3.097858428955078
7181,candidate_015,laser_disdrometer;fc4_flux;cr1000xe_backbone,2.1104,flux,transport,2,2.8888845443725586
7181,candidate_015,laser_disdrometer;fc4_flux;cr1000xe_backbone,2.1104,flux,transport,2,3.165848970413208
7181,candidate_015,laser_disdrometer;fc4_flux;cr1000xe_backbone,2.1104,calm,transport,0,3.237570285797119
7181,candidate_015,laser_disdrometer;fc4_flux;cr1000xe_backbone,2.1104,calm,transport,0,3.215573310852051
7181,candidate_015,laser_disdrometer;fc4_flux;cr1000xe_backbone,2.1104,calm,transport,0,3.1929852962493896
7181,candidate_015,laser_disdrometer;fc4_flux;cr1000xe_backbone,2.1104,calm,transport,0,3.189574956893921
7181,candidate_015,laser_disdrometer;fc4_flux;cr1000xe_backbone,2.1104,calm,transport,0,3.1107213497161865
7181,candidate_015,laser_disdrometer;fc4_flux;cr1000xe_backbone,2.1104,calm,transport,0,3.1161041259765625
7181,candidate_015,laser_disdrometer;fc4_flux;cr1000xe_backbone,2.1104,calm,transport,0,2.8513097763061523
7181,candidate_015,laser_disdrometer;fc4_flux;cr1000xe_backbone,2.1104,calm,transport,0,2.683774471282959
