seed,candidate,selected_sensor_ids,steady_cost,condition,operating_condition,event_subtype_id,oracle_loss
7182,candidate_000,cr1000xe_backbone,0.4104,calm,thermal,0,1.0971429347991943
7182,candidate_000,cr1000xe_backbone,0.4104,calm,thermal,0,1.1159751415252686
7182,candidate_000,cr1000xe_backbone,0.4104,calm,thermal,0,1.133423089981079
7182,candidate_000,cr1000xe_backbone,0.4104,calm,thermal,0,1.1466964483261108
7182,candidate_000,cr1000xe_backbone,0.4104,calm,thermal,0,1.1489957571029663
7182,candidate_000,cr1000xe_backbone,0.4104,calm,thermal,0,1.1392035484313965
7182,candidate_000,cr1000xe_backbone,0.4104,calm,thermal,0,1.1178005933761597
7182,candidate_000,cr1000xe_backbone,0.4104,calm,thermal,0,1.092911720275879
7182,candidate_000,cr1000xe_backbone,0.4104,calm,thermal,0,1.0663015842437744
7182,candidate_000,cr1000xe_backbone,0.4104,calm,thermal,0,1.0416903495788574
7182,candidate_000,cr1000xe_backbone,0.4104,calm,thermal,0,1.0210453271865845
7182,candidate_000,cr1000xe_backbone,0.4104,calm,transport,0,1.0024158954620361
7182,candidate_000,cr1000xe_backbone,0.4104,calm,transport,0,0.9861255884170532
7182,candidate_000,cr1000xe_backbone,0.4104,calm,transport,0,0.9743561744689941
7182,candidate_000,cr1000xe_backbone,0.4104,calm,transport,0,0.9665802717208862
7182,candidate_000,cr1000xe_backbone,0.4104,calm,transport,0,0.958604097366333
7182,candidate_000,cr1000xe_backbone,0.4104,calm,transport,0,0.9503752589225769
7182,candidate_000,cr1000xe_backbone,0.4104,calm,transport,0,0.9408393502235413
7182,candidate_000,cr1000xe_backbone,0.4104,calm,transport,0,0.9300829172134399
7182,candidate_000,cr1000xe_backbone,0.4104,calm,transport,0,0.9250696301460266
7182,candidate_000,cr1000xe_backbone,0.4104,calm,transport,0,0.9283422231674194
7182,candidate_000,cr1000xe_backbone,0.4104,calm,transport,0,0.9381669759750366
7182,candidate_000,cr1000xe_backbone,0.4104,calm,transport,0,0.9526717066764832
7182,candidate_000,cr1000xe_backbone,0.4104,calm,transport,0,0.9708595871925354
7182,candidate_000,cr1000xe_backbone,0.4104,calm,transport,0,0.9917969107627869
7182,candidate_000,cr1000xe_backbone,0.4104,calm,transport,0,1.013219952583313
7182,candidate_000,cr1000xe_backbone,0.4104,calm,transport,0,1.032595157623291
7182,candidate_000,cr1000xe_backbone,0.4104,calm,transport,0,1.0457642078399658
7182,candidate_000,cr1000xe_backbone,0.4104,calm,transport,0,1.0470669269561768
7182,candidate_000,cr1000xe_backbone,0.4104,calm,transport,0,1.035007357597351
7182,candidate_000,cr1000xe_backbone,0.4104,calm,transport,0,1.0131357908248901
7182,candidate_000,cr1000xe_backbone,0.4104,calm,transport,0,0.9900038838386536
7182,candidate_000,cr1000xe_backbone,0.4104,calm,transport,0,0.9667426347732544
7182,candidate_000,cr1000xe_backbone,0.4104,calm,transport,0,0.9447078704833984
7182,candidate_000,cr1000xe_backbone,0.4104,calm,transport,0,0.9248747825622559
7182,candidate_000,cr1000xe_backbone,0.4104,calm,transport,0,0.908656120300293
7182,candidate_000,cr1000xe_backbone,0.4104,calm,transport,0,0.8982428908348083
7182,candidate_000,cr1000xe_backbone,0.4104,calm,transport,0,0.8958261609077454
7182,candidate_000,cr1000xe_backbone,0.4104,calm,transport,0,0.8962125182151794
7182,candidate_000,cr1000xe_backbone,0.4104,calm,transport,0,0.8966593146324158
7182,candidate_000,cr1000xe_backbone,0.4104,calm,transport,0,0.8961712718009949
7182,candidate_000,cr1000xe_backbone,0.4104,calm,transport,0,0.895443320274353
7182,candidate_000,cr1000xe_backbone,0.4104,calm,transport,0,0.8941170573234558
7182,candidate_000,cr1000xe_backbone,0.4104,calm,transport,0,0.8974007368087769
7182,candidate_000,cr1000xe_backbone,0.4104,calm,particle,0,0.9064316153526306
7182,candidate_000,cr1000xe_backbone,0.4104,calm,particle,0,0.9183406233787537
7182,candidate_000,cr1000xe_backbone,0.4104,calm,particle,0,0.9332386255264282
7182,candidate_000,cr1000xe_backbone,0.4104,calm,particle,0,0.950128972530365
7182,candidate_000,cr1000xe_backbone,0.4104,calm,particle,0,0.9674428105354309
7182,candidate_000,cr1000xe_backbone,0.4104,calm,particle,0,0.9846675395965576
7182,candidate_000,cr1000xe_backbone,0.4104,calm,particle,0,0.9994643926620483
7182,candidate_000,cr1000xe_backbone,0.4104,calm,particle,0,1.0086174011230469
7182,candidate_000,cr1000xe_backbone,0.4104,calm,particle,0,1.004465103149414
7182,candidate_000,cr1000xe_backbone,0.4104,calm,particle,0,0.9889591336250305
7182,candidate_000,cr1000xe_backbone,0.4104,calm,particle,0,0.9645735621452332
7182,candidate_000,cr1000xe_backbone,0.4104,calm,particle,0,0.9379667043685913
7182,candidate_000,cr1000xe_backbone,0.4104,calm,particle,0,0.911346971988678
7182,candidate_000,cr1000xe_backbone,0.4104,calm,particle,0,0.8847315907478333
7182,candidate_000,cr1000xe_backbone,0.4104,calm,particle,0,0.8610816597938538
7182,candidate_000,cr1000xe_backbone,0.4104,calm,particle,0,0.8416652679443359
7182,candidate_000,cr1000xe_backbone,0.4104,calm,particle,0,0.8293765783309937
7182,candidate_000,cr1000xe_backbone,0.4104,calm,particle,0,0.8240561485290527
7182,candidate_000,cr1000xe_backbone,0.4104,calm,particle,0,0.8213160634040833
7182,candidate_000,cr1000xe_backbone,0.4104,calm,particle,0,0.8184357285499573
7182,candidate_000,cr1000xe_backbone,0.4104,calm,particle,0,0.8157278299331665
7182,candidate_000,cr1000xe_backbone,0.4104,calm,thermal,0,0.8142419457435608
7182,candidate_000,cr1000xe_backbone,0.4104,calm,thermal,0,0.8137948513031006
7182,candidate_000,cr1000xe_backbone,0.4104,calm,thermal,0,0.8180361390113831
7182,candidate_000,cr1000xe_backbone,0.4104,calm,thermal,0,0.8278613686561584
7182,candidate_000,cr1000xe_backbone,0.4104,calm,thermal,0,0.841579258441925
7182,candidate_000,cr1000xe_backbone,0.4104,calm,thermal,0,0.8594136238098145
7182,candidate_000,cr1000xe_backbone,0.4104,calm,thermal,0,0.8799107074737549
7182,candidate_000,cr1000xe_backbone,0.4104,calm,thermal,0,0.9025960564613342
7182,candidate_000,cr1000xe_backbone,0.4104,calm,thermal,0,0.9263771772384644
7182,candidate_000,cr1000xe_backbone,0.4104,calm,thermal,0,0.9500865340232849
7182,candidate_000,cr1000xe_backbone,0.4104,calm,thermal,0,0.9695380926132202
7182,candidate_000,cr1000xe_backbone,0.4104,calm,thermal,0,0.9772122502326965
7182,candidate_000,cr1000xe_backbone,0.4104,calm,thermal,0,0.9737255573272705
7182,candidate_000,cr1000xe_backbone,0.4104,calm,thermal,0,0.9609965682029724
7182,candidate_000,cr1000xe_backbone,0.4104,calm,thermal,0,0.9471976161003113
7182,candidate_000,cr1000xe_backbone,0.4104,calm,thermal,0,0.9336740970611572
7182,candidate_000,cr1000xe_backbone,0.4104,calm,thermal,0,0.9201679229736328
7182,candidate_000,cr1000xe_backbone,0.4104,calm,thermal,0,0.9069770574569702
7182,candidate_000,cr1000xe_backbone,0.4104,calm,thermal,0,0.8964588642120361
7182,candidate_000,cr1000xe_backbone,0.4104,calm,thermal,0,0.8919738531112671
7182,candidate_000,cr1000xe_backbone,0.4104,calm,thermal,0,0.8945119976997375
7182,candidate_000,cr1000xe_backbone,0.4104,calm,thermal,0,0.8990961909294128
7182,candidate_000,cr1000xe_backbone,0.4104,calm,thermal,0,0.9010213613510132
7182,candidate_000,cr1000xe_backbone,0.4104,calm,thermal,0,0.9011362195014954
7182,candidate_000,cr1000xe_backbone,0.4104,calm,transport,0,0.9002255201339722
7182,candidate_000,cr1000xe_backbone,0.4104,calm,transport,0,0.8996350169181824
7182,candidate_000,cr1000xe_backbone,0.4104,calm,transport,0,0.9025370478630066
7182,candidate_000,cr1000xe_backbone,0.4104,calm,transport,0,0.9107157588005066
7182,candidate_000,cr1000xe_backbone,0.4104,calm,transport,0,0.9223113656044006
7182,candidate_000,cr1000xe_backbone,0.4104,calm,transport,0,0.9371220469474792
7182,candidate_000,cr1000xe_backbone,0.4104,calm,transport,0,0.954023540019989
7182,candidate_000,cr1000xe_backbone,0.4104,calm,transport,0,0.971565306186676
7182,candidate_000,cr1000xe_backbone,0.4104,calm,transport,0,0.9874712824821472
7182,candidate_000,cr1000xe_backbone,0.4104,calm,transport,0,0.999690592288971
7182,candidate_000,cr1000xe_backbone,0.4104,calm,transport,0,1.0066889524459839
7182,candidate_000,cr1000xe_backbone,0.4104,calm,transport,0,1.0022611618041992
7182,candidate_000,cr1000xe_backbone,0.4104,calm,transport,0,0.9873082637786865
7182,candidate_000,cr1000xe_backbone,0.4104,calm,transport,0,0.9653056263923645
7182,candidate_000,cr1000xe_backbone,0.4104,calm,transport,0,0.9430116415023804
7182,candidate_000,cr1000xe_backbone,0.4104,calm,transport,0,0.9227772951126099
7182,candidate_000,cr1000xe_backbone,0.4104,calm,transport,0,0.9053376913070679
7182,candidate_000,cr1000xe_backbone,0.4104,calm,transport,0,0.8925865888595581
7182,candidate_000,cr1000xe_backbone,0.4104,calm,transport,0,0.8837730884552002
7182,candidate_000,cr1000xe_backbone,0.4104,calm,transport,0,0.8816543817520142
7182,candidate_000,cr1000xe_backbone,0.4104,calm,transport,0,0.8855546116828918
7182,candidate_000,cr1000xe_backbone,0.4104,calm,transport,0,0.891413688659668
7182,candidate_000,cr1000xe_backbone,0.4104,calm,particle,0,0.8983738422393799
7182,candidate_000,cr1000xe_backbone,0.4104,calm,particle,0,0.907081663608551
7182,candidate_000,cr1000xe_backbone,0.4104,calm,particle,0,0.9188789129257202
7182,candidate_000,cr1000xe_backbone,0.4104,calm,particle,0,0.9305311441421509
7182,candidate_000,cr1000xe_backbone,0.4104,calm,particle,0,0.9473555088043213
7182,candidate_000,cr1000xe_backbone,0.4104,calm,particle,0,0.9681395888328552
7182,candidate_000,cr1000xe_backbone,0.4104,calm,particle,0,0.99455326795578
7182,candidate_000,cr1000xe_backbone,0.4104,calm,particle,0,1.0247447490692139
7182,candidate_000,cr1000xe_backbone,0.4104,calm,particle,0,1.057907223701477
7182,candidate_000,cr1000xe_backbone,0.4104,calm,particle,0,1.0914236307144165
7182,candidate_000,cr1000xe_backbone,0.4104,calm,particle,0,1.123265027999878
7182,candidate_000,cr1000xe_backbone,0.4104,calm,particle,0,1.1529618501663208
7182,candidate_000,cr1000xe_backbone,0.4104,calm,particle,0,1.1774646043777466
7182,candidate_000,cr1000xe_backbone,0.4104,calm,particle,0,1.1931864023208618
7182,candidate_000,cr1000xe_backbone,0.4104,calm,particle,0,1.1984363794326782
7182,candidate_000,cr1000xe_backbone,0.4104,calm,particle,0,1.195483684539795
7182,candidate_000,cr1000xe_backbone,0.4104,calm,particle,0,1.1888493299484253
7182,candidate_000,cr1000xe_backbone,0.4104,calm,particle,0,1.179943561553955
7182,candidate_000,cr1000xe_backbone,0.4104,calm,particle,0,1.1703094244003296
7182,candidate_000,cr1000xe_backbone,0.4104,calm,particle,0,1.162158489227295
7182,candidate_000,cr1000xe_backbone,0.4104,calm,particle,0,1.158597707748413
7182,candidate_000,cr1000xe_backbone,0.4104,calm,particle,0,1.1595067977905273
7182,candidate_000,cr1000xe_backbone,0.4104,calm,particle,0,1.1657952070236206
7182,candidate_000,cr1000xe_backbone,0.4104,calm,thermal,0,1.1728253364562988
7182,candidate_000,cr1000xe_backbone,0.4104,calm,thermal,0,1.1798956394195557
7182,candidate_000,cr1000xe_backbone,0.4104,calm,thermal,0,1.1867045164108276
7182,candidate_000,cr1000xe_backbone,0.4104,calm,thermal,0,1.1934199333190918
7182,candidate_000,cr1000xe_backbone,0.4104,calm,thermal,0,1.2000197172164917
7182,candidate_000,cr1000xe_backbone,0.4104,calm,thermal,0,1.2099255323410034
7182,candidate_000,cr1000xe_backbone,0.4104,calm,thermal,0,1.2240513563156128
7182,candidate_000,cr1000xe_backbone,0.4104,calm,thermal,0,1.2412805557250977
7182,candidate_000,cr1000xe_backbone,0.4104,calm,thermal,0,1.2612758874893188
7182,candidate_000,cr1000xe_backbone,0.4104,calm,thermal,0,1.2821030616760254
7182,candidate_000,cr1000xe_backbone,0.4104,calm,thermal,0,1.3018925189971924
7182,candidate_000,cr1000xe_backbone,0.4104,calm,thermal,0,1.3192518949508667
7182,candidate_000,cr1000xe_backbone,0.4104,calm,thermal,0,1.333800196647644
7182,candidate_000,cr1000xe_backbone,0.4104,calm,thermal,0,1.3418856859207153
7182,candidate_000,cr1000xe_backbone,0.4104,calm,thermal,0,1.3394826650619507
7182,candidate_000,cr1000xe_backbone,0.4104,calm,thermal,0,1.3265767097473145
7182,candidate_000,cr1000xe_backbone,0.4104,calm,thermal,0,1.3055294752120972
7182,candidate_000,cr1000xe_backbone,0.4104,calm,thermal,0,1.2828551530838013
7182,candidate_000,cr1000xe_backbone,0.4104,calm,thermal,0,1.2608327865600586
7182,candidate_000,cr1000xe_backbone,0.4104,calm,thermal,0,1.2413854598999023
7182,candidate_000,cr1000xe_backbone,0.4104,calm,thermal,0,1.2248249053955078
7182,candidate_000,cr1000xe_backbone,0.4104,calm,transport,0,1.21332585811615
7182,candidate_000,cr1000xe_backbone,0.4104,calm,transport,0,1.2068079710006714
7182,candidate_000,cr1000xe_backbone,0.4104,calm,transport,0,1.2057780027389526
7182,candidate_000,cr1000xe_backbone,0.4104,calm,transport,0,1.2073185443878174
7182,candidate_000,cr1000xe_backbone,0.4104,calm,transport,0,1.2089622020721436
7182,candidate_000,cr1000xe_backbone,0.4104,calm,transport,0,1.2119135856628418
7182,candidate_000,cr1000xe_backbone,0.4104,calm,transport,0,1.2159744501113892
7182,candidate_000,cr1000xe_backbone,0.4104,calm,transport,0,1.2200064659118652
7182,candidate_000,cr1000xe_backbone,0.4104,calm,transport,0,1.226847767829895
7182,candidate_000,cr1000xe_backbone,0.4104,calm,transport,0,1.2381170988082886
7182,candidate_000,cr1000xe_backbone,0.4104,calm,transport,0,1.2538901567459106
7182,candidate_000,cr1000xe_backbone,0.4104,calm,transport,0,1.2736753225326538
7182,candidate_000,cr1000xe_backbone,0.4104,calm,transport,0,1.2965850830078125
7182,candidate_000,cr1000xe_backbone,0.4104,calm,transport,0,1.320945382118225
7182,candidate_000,cr1000xe_backbone,0.4104,calm,transport,0,1.3448054790496826
7182,candidate_000,cr1000xe_backbone,0.4104,calm,transport,0,1.3657017946243286
7182,candidate_000,cr1000xe_backbone,0.4104,calm,transport,0,1.3813292980194092
7182,candidate_000,cr1000xe_backbone,0.4104,calm,transport,0,1.3868470191955566
7182,candidate_000,cr1000xe_backbone,0.4104,calm,particle,0,1.3818808794021606
7182,candidate_000,cr1000xe_backbone,0.4104,calm,particle,0,1.3678197860717773
7182,candidate_000,cr1000xe_backbone,0.4104,calm,particle,0,1.3488303422927856
7182,candidate_000,cr1000xe_backbone,0.4104,calm,particle,0,1.3266290426254272
7182,candidate_000,cr1000xe_backbone,0.4104,calm,particle,0,1.3017058372497559
7182,candidate_000,cr1000xe_backbone,0.4104,calm,particle,0,1.2786667346954346
7182,candidate_000,cr1000xe_backbone,0.4104,calm,particle,0,1.2583369016647339
7182,candidate_000,cr1000xe_backbone,0.4104,calm,particle,0,1.2426728010177612
7182,candidate_000,cr1000xe_backbone,0.4104,calm,particle,0,1.2326781749725342
7182,candidate_000,cr1000xe_backbone,0.4104,calm,particle,0,1.2253724336624146
7182,candidate_000,cr1000xe_backbone,0.4104,calm,particle,0,1.2191468477249146
7182,candidate_000,cr1000xe_backbone,0.4104,calm,particle,0,1.214016318321228
7182,candidate_000,cr1000xe_backbone,0.4104,calm,particle,0,1.2097420692443848
7182,candidate_000,cr1000xe_backbone,0.4104,calm,particle,0,1.2058470249176025
7182,candidate_000,cr1000xe_backbone,0.4104,calm,particle,0,1.206581473350525
7182,candidate_000,cr1000xe_backbone,0.4104,calm,particle,0,1.2123428583145142
7182,candidate_000,cr1000xe_backbone,0.4104,calm,particle,0,1.2203502655029297
7182,candidate_000,cr1000xe_backbone,0.4104,calm,particle,0,1.2299330234527588
7182,candidate_000,cr1000xe_backbone,0.4104,calm,particle,0,1.239891529083252
7182,candidate_000,cr1000xe_backbone,0.4104,calm,particle,0,1.25091552734375
7182,candidate_000,cr1000xe_backbone,0.4104,calm,particle,0,1.261698842048645
7182,candidate_000,cr1000xe_backbone,0.4104,calm,particle,0,1.2715617418289185
7182,candidate_000,cr1000xe_backbone,0.4104,calm,particle,0,1.2778046131134033
7182,candidate_000,cr1000xe_backbone,0.4104,calm,particle,0,1.2759449481964111
7182,candidate_000,cr1000xe_backbone,0.4104,calm,particle,0,1.2659326791763306
7182,candidate_000,cr1000xe_backbone,0.4104,calm,particle,0,1.2491108179092407
7182,candidate_000,cr1000xe_backbone,0.4104,calm,particle,0,1.2325243949890137
7182,candidate_000,cr1000xe_backbone,0.4104,calm,particle,0,1.2167706489562988
7182,candidate_000,cr1000xe_backbone,0.4104,calm,particle,0,1.2051643133163452
7182,candidate_000,cr1000xe_backbone,0.4104,calm,particle,0,1.1973868608474731
7182,candidate_000,cr1000xe_backbone,0.4104,calm,particle,0,1.1926617622375488
7182,candidate_000,cr1000xe_backbone,0.4104,calm,particle,0,1.1918463706970215
7182,candidate_000,cr1000xe_backbone,0.4104,calm,thermal,0,1.1965692043304443
7182,candidate_000,cr1000xe_backbone,0.4104,calm,thermal,0,1.2040709257125854
7182,candidate_000,cr1000xe_backbone,0.4104,calm,thermal,0,1.2123572826385498
7182,candidate_000,cr1000xe_backbone,0.4104,calm,thermal,0,1.2191996574401855
7182,candidate_000,cr1000xe_backbone,0.4104,calm,thermal,0,1.2229421138763428
7182,candidate_000,cr1000xe_backbone,0.4104,calm,thermal,0,1.224938988685608
7182,candidate_000,cr1000xe_backbone,0.4104,calm,thermal,0,1.2317179441452026
7182,candidate_000,cr1000xe_backbone,0.4104,calm,thermal,0,1.2438263893127441
7182,candidate_000,cr1000xe_backbone,0.4104,calm,thermal,0,1.2591263055801392
7182,candidate_000,cr1000xe_backbone,0.4104,calm,thermal,0,1.2749806642532349
7182,candidate_000,cr1000xe_backbone,0.4104,calm,thermal,0,1.2902452945709229
7182,candidate_000,cr1000xe_backbone,0.4104,calm,thermal,0,1.303561806678772
7182,candidate_000,cr1000xe_backbone,0.4104,calm,thermal,0,1.3123356103897095
7182,candidate_000,cr1000xe_backbone,0.4104,calm,thermal,0,1.3170088529586792
7182,candidate_000,cr1000xe_backbone,0.4104,calm,thermal,0,1.3148996829986572
7182,candidate_000,cr1000xe_backbone,0.4104,calm,thermal,0,1.3060400485992432
7182,candidate_000,cr1000xe_backbone,0.4104,calm,thermal,0,1.3220531940460205
7182,candidate_000,cr1000xe_backbone,0.4104,calm,thermal,0,1.3362057209014893
7182,candidate_000,cr1000xe_backbone,0.4104,calm,thermal,0,1.3497045040130615
7182,candidate_000,cr1000xe_backbone,0.4104,calm,thermal,0,1.3327168226242065
7182,candidate_000,cr1000xe_backbone,0.4104,calm,thermal,0,1.321070671081543
7182,candidate_000,cr1000xe_backbone,0.4104,calm,thermal,0,1.313547968864441
7182,candidate_000,cr1000xe_backbone,0.4104,calm,thermal,0,1.3097697496414185
7182,candidate_000,cr1000xe_backbone,0.4104,calm,thermal,0,1.30690336227417
7182,candidate_000,cr1000xe_backbone,0.4104,thermal,thermal,3,1.275762677192688
7182,candidate_000,cr1000xe_backbone,0.4104,thermal,thermal,3,1.2396918535232544
7182,candidate_000,cr1000xe_backbone,0.4104,thermal,thermal,3,1.2045316696166992
7182,candidate_000,cr1000xe_backbone,0.4104,thermal,transport,3,1.1957744359970093
7182,candidate_000,cr1000xe_backbone,0.4104,thermal,transport,3,1.1890870332717896
7182,candidate_000,cr1000xe_backbone,0.4104,thermal,transport,3,1.183140754699707
7182,candidate_000,cr1000xe_backbone,0.4104,thermal,transport,3,1.179689884185791
7182,candidate_000,cr1000xe_backbone,0.4104,thermal,transport,3,1.178500771522522
7182,candidate_000,cr1000xe_backbone,0.4104,thermal,transport,3,1.1784725189208984
7182,candidate_000,cr1000xe_backbone,0.4104,thermal,transport,3,1.1832195520401
7182,candidate_000,cr1000xe_backbone,0.4104,thermal,transport,3,1.1874723434448242
7182,candidate_000,cr1000xe_backbone,0.4104,thermal,transport,3,1.198543906211853
7182,candidate_000,cr1000xe_backbone,0.4104,thermal,transport,3,1.2067248821258545
7182,candidate_000,cr1000xe_backbone,0.4104,thermal,transport,3,1.2134026288986206
7182,candidate_000,cr1000xe_backbone,0.4104,thermal,transport,3,1.218612551689148
7182,candidate_000,cr1000xe_backbone,0.4104,thermal,transport,3,1.2175804376602173
7182,candidate_000,cr1000xe_backbone,0.4104,thermal,transport,3,1.2091469764709473
7182,candidate_000,cr1000xe_backbone,0.4104,thermal,transport,3,1.193359136581421
7182,candidate_000,cr1000xe_backbone,0.4104,thermal,transport,3,1.1775400638580322
7182,candidate_000,cr1000xe_backbone,0.4104,thermal,transport,3,1.166354775428772
7182,candidate_000,cr1000xe_backbone,0.4104,thermal,transport,3,1.1595206260681152
7182,candidate_000,cr1000xe_backbone,0.4104,thermal,transport,3,1.1533905267715454
7182,candidate_000,cr1000xe_backbone,0.4104,thermal,transport,3,1.1490954160690308
7182,candidate_000,cr1000xe_backbone,0.4104,thermal,transport,3,1.1610562801361084
7182,candidate_000,cr1000xe_backbone,0.4104,thermal,transport,3,1.1697827577590942
7182,candidate_000,cr1000xe_backbone,0.4104,thermal,transport,3,1.1816341876983643
7182,candidate_000,cr1000xe_backbone,0.4104,thermal,transport,3,1.1849457025527954
7182,candidate_000,cr1000xe_backbone,0.4104,calm,thermal,0,0.8750852942466736
7182,candidate_000,cr1000xe_backbone,0.4104,particle,thermal,1,0.8534945249557495
7182,candidate_000,cr1000xe_backbone,0.4104,particle,thermal,1,0.8377163410186768
7182,candidate_000,cr1000xe_backbone,0.4104,particle,thermal,1,0.81737220287323
7182,candidate_000,cr1000xe_backbone,0.4104,particle,thermal,1,0.78367018699646
7182,candidate_000,cr1000xe_backbone,0.4104,particle,thermal,1,0.7506582140922546
7182,candidate_000,cr1000xe_backbone,0.4104,particle,thermal,1,0.7332519292831421
7182,candidate_000,cr1000xe_backbone,0.4104,particle,thermal,1,0.704422652721405
7182,candidate_000,cr1000xe_backbone,0.4104,particle,thermal,1,0.6745460033416748
7182,candidate_000,cr1000xe_backbone,0.4104,particle,thermal,1,0.6453778743743896
7182,candidate_000,cr1000xe_backbone,0.4104,particle,thermal,1,0.6237983107566833
7182,candidate_000,cr1000xe_backbone,0.4104,particle,thermal,1,0.6082773208618164
7182,candidate_000,cr1000xe_backbone,0.4104,particle,thermal,1,0.5966051816940308
7182,candidate_000,cr1000xe_backbone,0.4104,particle,thermal,1,0.5869645476341248
7182,candidate_000,cr1000xe_backbone,0.4104,particle,thermal,1,0.5756459832191467
7182,candidate_000,cr1000xe_backbone,0.4104,particle,transport,1,0.5749667286872864
7182,candidate_000,cr1000xe_backbone,0.4104,particle,transport,1,0.572980523109436
7182,candidate_000,cr1000xe_backbone,0.4104,particle,transport,1,0.5794204473495483
7182,candidate_000,cr1000xe_backbone,0.4104,particle,transport,1,0.5799701809883118
7182,candidate_000,cr1000xe_backbone,0.4104,particle,transport,1,0.5847307443618774
7182,candidate_000,cr1000xe_backbone,0.4104,particle,transport,1,0.5900800824165344
7182,candidate_000,cr1000xe_backbone,0.4104,particle,transport,1,0.5932186841964722
7182,candidate_000,cr1000xe_backbone,0.4104,particle,transport,1,0.595230758190155
7182,candidate_000,cr1000xe_backbone,0.4104,particle,transport,1,0.6028514504432678
7182,candidate_000,cr1000xe_backbone,0.4104,particle,transport,1,0.6069401502609253
7182,candidate_000,cr1000xe_backbone,0.4104,particle,transport,1,0.6142240762710571
7182,candidate_000,cr1000xe_backbone,0.4104,particle,transport,1,0.6239542365074158
7182,candidate_000,cr1000xe_backbone,0.4104,particle,transport,1,0.6360451579093933
7182,candidate_000,cr1000xe_backbone,0.4104,particle,transport,1,0.6445508003234863
7182,candidate_000,cr1000xe_backbone,0.4104,particle,transport,1,0.657031774520874
7182,candidate_000,cr1000xe_backbone,0.4104,particle,transport,1,0.6721633672714233
7182,candidate_000,cr1000xe_backbone,0.4104,particle,transport,1,0.6841581463813782
7182,candidate_000,cr1000xe_backbone,0.4104,particle,transport,1,0.6999821066856384
7182,candidate_000,cr1000xe_backbone,0.4104,particle,transport,1,0.7125368714332581
7182,candidate_000,cr1000xe_backbone,0.4104,particle,transport,1,0.7285376191139221
7182,candidate_000,cr1000xe_backbone,0.4104,particle,transport,1,0.7334457039833069
7182,candidate_000,cr1000xe_backbone,0.4104,particle,transport,1,0.762632429599762
7182,candidate_000,cr1000xe_backbone,0.4104,particle,transport,1,0.7753625512123108
7182,candidate_000,cr1000xe_backbone,0.4104,particle,transport,1,0.7898868322372437
7182,candidate_000,cr1000xe_backbone,0.4104,particle,transport,1,0.8039343953132629
7182,candidate_000,cr1000xe_backbone,0.4104,particle,transport,1,0.8222878575325012
7182,candidate_000,cr1000xe_backbone,0.4104,particle,transport,1,0.8303403854370117
7182,candidate_000,cr1000xe_backbone,0.4104,particle,transport,1,0.8183992505073547
7182,candidate_000,cr1000xe_backbone,0.4104,particle,particle,1,0.8295733332633972
7182,candidate_000,cr1000xe_backbone,0.4104,particle,particle,1,0.8269100785255432
7182,candidate_000,cr1000xe_backbone,0.4104,particle,particle,1,0.8484471440315247
7182,candidate_000,cr1000xe_backbone,0.4104,particle,particle,1,0.8617565035820007
7182,candidate_000,cr1000xe_backbone,0.4104,particle,particle,1,0.8769198656082153
7182,candidate_000,cr1000xe_backbone,0.4104,particle,particle,1,0.8838461637496948
7182,candidate_000,cr1000xe_backbone,0.4104,particle,particle,1,0.8975091576576233
7182,candidate_000,cr1000xe_backbone,0.4104,particle,particle,1,0.9314117431640625
7182,candidate_000,cr1000xe_backbone,0.4104,particle,particle,1,0.9416429996490479
7182,candidate_000,cr1000xe_backbone,0.4104,particle,particle,1,0.9557204246520996
7182,candidate_000,cr1000xe_backbone,0.4104,particle,particle,1,0.9622703194618225
7182,candidate_000,cr1000xe_backbone,0.4104,particle,particle,1,0.9716360569000244
7182,candidate_000,cr1000xe_backbone,0.4104,particle,particle,1,0.9751785397529602
7182,candidate_000,cr1000xe_backbone,0.4104,particle,particle,1,0.9802554249763489
7182,candidate_000,cr1000xe_backbone,0.4104,particle,particle,1,0.9841379523277283
7182,candidate_000,cr1000xe_backbone,0.4104,particle,particle,1,0.9878525137901306
7182,candidate_000,cr1000xe_backbone,0.4104,particle,particle,1,0.9932595491409302
7182,candidate_000,cr1000xe_backbone,0.4104,calm,particle,0,0.9890336394309998
7182,candidate_000,cr1000xe_backbone,0.4104,calm,particle,0,0.9829131364822388
7182,candidate_000,cr1000xe_backbone,0.4104,calm,particle,0,0.9757363796234131
7182,candidate_000,cr1000xe_backbone,0.4104,calm,particle,0,0.9685795307159424
7182,candidate_000,cr1000xe_backbone,0.4104,calm,particle,0,0.9598805904388428
7182,candidate_000,cr1000xe_backbone,0.4104,calm,particle,0,0.9490107893943787
7182,candidate_000,cr1000xe_backbone,0.4104,calm,particle,0,0.9364537000656128
7182,candidate_000,cr1000xe_backbone,0.4104,calm,particle,0,0.9218251705169678
7182,candidate_000,cr1000xe_backbone,0.4104,calm,particle,0,0.9007347226142883
7182,candidate_000,cr1000xe_backbone,0.4104,calm,particle,0,0.8815015554428101
7182,candidate_000,cr1000xe_backbone,0.4104,calm,particle,0,0.9020348787307739
7182,candidate_000,cr1000xe_backbone,0.4104,calm,particle,0,0.9119371175765991
7182,candidate_000,cr1000xe_backbone,0.4104,calm,particle,0,0.9111326336860657
7182,candidate_000,cr1000xe_backbone,0.4104,calm,particle,0,0.9266442060470581
7182,candidate_000,cr1000xe_backbone,0.4104,particle,particle,1,0.9412419199943542
7182,candidate_000,cr1000xe_backbone,0.4104,particle,particle,1,0.9558573365211487
7182,candidate_000,cr1000xe_backbone,0.4104,particle,particle,1,0.9783462285995483
7182,candidate_000,cr1000xe_backbone,0.4104,particle,particle,1,0.9989973902702332
7182,candidate_000,cr1000xe_backbone,0.4104,particle,thermal,1,0.9707635045051575
7182,candidate_000,cr1000xe_backbone,0.4104,particle,thermal,1,0.9533112049102783
7182,candidate_000,cr1000xe_backbone,0.4104,particle,thermal,1,0.9431208372116089
7182,candidate_000,cr1000xe_backbone,0.4104,particle,thermal,1,0.92461758852005
7182,candidate_000,cr1000xe_backbone,0.4104,particle,thermal,1,0.9063484072685242
7182,candidate_000,cr1000xe_backbone,0.4104,particle,thermal,1,0.8861299753189087
7182,candidate_000,cr1000xe_backbone,0.4104,particle,thermal,1,0.8640574216842651
7182,candidate_000,cr1000xe_backbone,0.4104,particle,thermal,1,0.8510493636131287
7182,candidate_000,cr1000xe_backbone,0.4104,particle,thermal,1,0.8391817212104797
7182,candidate_000,cr1000xe_backbone,0.4104,particle,thermal,1,0.8249188661575317
7182,candidate_000,cr1000xe_backbone,0.4104,particle,thermal,1,0.7927042841911316
7182,candidate_000,cr1000xe_backbone,0.4104,particle,thermal,1,0.7529000639915466
7182,candidate_000,cr1000xe_backbone,0.4104,particle,thermal,1,0.7170171141624451
7182,candidate_000,cr1000xe_backbone,0.4104,particle,thermal,1,0.6903336048126221
7182,candidate_000,cr1000xe_backbone,0.4104,particle,thermal,1,0.660295844078064
7182,candidate_000,cr1000xe_backbone,0.4104,particle,thermal,1,0.6210976839065552
7182,candidate_000,cr1000xe_backbone,0.4104,particle,thermal,1,0.5920292139053345
7182,candidate_000,cr1000xe_backbone,0.4104,particle,thermal,1,0.5675184726715088
7182,candidate_000,cr1000xe_backbone,0.4104,particle,transport,1,0.570008397102356
7182,candidate_000,cr1000xe_backbone,0.4104,particle,transport,1,0.5880551934242249
7182,candidate_000,cr1000xe_backbone,0.4104,particle,transport,1,0.6038157343864441
7182,candidate_000,cr1000xe_backbone,0.4104,particle,transport,1,0.6138808727264404
7182,candidate_000,cr1000xe_backbone,0.4104,particle,transport,1,0.62380051612854
7182,candidate_000,cr1000xe_backbone,0.4104,particle,transport,1,0.6460580229759216
7182,candidate_000,cr1000xe_backbone,0.4104,particle,transport,1,0.6545935869216919
7182,candidate_000,cr1000xe_backbone,0.4104,particle,transport,1,0.6633941531181335
7182,candidate_000,cr1000xe_backbone,0.4104,particle,transport,1,0.6705514192581177
7182,candidate_000,cr1000xe_backbone,0.4104,particle,transport,1,0.665291965007782
7182,candidate_000,cr1000xe_backbone,0.4104,particle,transport,1,0.6631877422332764
7182,candidate_000,cr1000xe_backbone,0.4104,particle,transport,1,0.664506196975708
7182,candidate_000,cr1000xe_backbone,0.4104,particle,transport,1,0.6724928617477417
7182,candidate_000,cr1000xe_backbone,0.4104,particle,transport,1,0.6713879108428955
7182,candidate_000,cr1000xe_backbone,0.4104,calm,transport,0,0.6837296485900879
7182,candidate_000,cr1000xe_backbone,0.4104,calm,transport,0,0.6974821090698242
7182,candidate_000,cr1000xe_backbone,0.4104,calm,transport,0,0.7122699022293091
7182,candidate_000,cr1000xe_backbone,0.4104,calm,transport,0,0.7261109352111816
7182,candidate_000,cr1000xe_backbone,0.4104,calm,transport,0,0.7366572022438049
7182,candidate_000,cr1000xe_backbone,0.4104,calm,transport,0,0.7426733374595642
7182,candidate_000,cr1000xe_backbone,0.4104,calm,particle,0,0.7504245638847351
7182,candidate_000,cr1000xe_backbone,0.4104,calm,particle,0,0.7562888264656067
7182,candidate_000,cr1000xe_backbone,0.4104,calm,particle,0,0.7519552111625671
7182,candidate_000,cr1000xe_backbone,0.4104,calm,particle,0,0.7509733438491821
7182,candidate_000,cr1000xe_backbone,0.4104,calm,particle,0,0.7493436336517334
7182,candidate_000,cr1000xe_backbone,0.4104,calm,particle,0,0.7456679940223694
7182,candidate_000,cr1000xe_backbone,0.4104,calm,particle,0,0.7440916299819946
7182,candidate_000,cr1000xe_backbone,0.4104,calm,particle,0,0.7484617829322815
7182,candidate_000,cr1000xe_backbone,0.4104,flux,particle,2,0.7531319856643677
7182,candidate_000,cr1000xe_backbone,0.4104,flux,particle,2,0.7582011222839355
7182,candidate_000,cr1000xe_backbone,0.4104,flux,particle,2,0.7718003392219543
7182,candidate_000,cr1000xe_backbone,0.4104,flux,particle,2,0.7853299975395203
7182,candidate_000,cr1000xe_backbone,0.4104,flux,particle,2,0.7927581667900085
7182,candidate_000,cr1000xe_backbone,0.4104,flux,particle,2,0.7909170389175415
7182,candidate_000,cr1000xe_backbone,0.4104,flux,particle,2,0.8007351160049438
7182,candidate_000,cr1000xe_backbone,0.4104,flux,particle,2,0.7835392355918884
7182,candidate_000,cr1000xe_backbone,0.4104,flux,particle,2,0.7777112722396851
7182,candidate_000,cr1000xe_backbone,0.4104,flux,particle,2,0.814583957195282
7182,candidate_000,cr1000xe_backbone,0.4104,flux,particle,2,0.8447573781013489
7182,candidate_000,cr1000xe_backbone,0.4104,flux,particle,2,0.875928521156311
7182,candidate_000,cr1000xe_backbone,0.4104,flux,particle,2,0.9096556901931763
7182,candidate_000,cr1000xe_backbone,0.4104,flux,particle,2,0.9538529515266418
7182,candidate_000,cr1000xe_backbone,0.4104,flux,particle,2,0.9745789170265198
7182,candidate_000,cr1000xe_backbone,0.4104,flux,particle,2,1.0271542072296143
7182,candidate_000,cr1000xe_backbone,0.4104,flux,particle,2,1.0646787881851196
7182,candidate_000,cr1000xe_backbone,0.4104,flux,thermal,2,1.056705355644226
7182,candidate_000,cr1000xe_backbone,0.4104,flux,thermal,2,1.0577354431152344
7182,candidate_000,cr1000xe_backbone,0.4104,flux,thermal,2,1.0454858541488647
7182,candidate_000,cr1000xe_backbone,0.4104,flux,thermal,2,1.0418659448623657
7182,candidate_000,cr1000xe_backbone,0.4104,flux,thermal,2,1.0351556539535522
7182,candidate_000,cr1000xe_backbone,0.4104,flux,thermal,2,1.0435473918914795
7182,candidate_000,cr1000xe_backbone,0.4104,flux,thermal,2,1.0381022691726685
7182,candidate_000,cr1000xe_backbone,0.4104,flux,thermal,2,1.0359933376312256
7182,candidate_000,cr1000xe_backbone,0.4104,flux,thermal,2,1.021405816078186
7182,candidate_000,cr1000xe_backbone,0.4104,flux,thermal,2,1.016323208808899
7182,candidate_000,cr1000xe_backbone,0.4104,flux,thermal,2,1.0211223363876343
7182,candidate_000,cr1000xe_backbone,0.4104,flux,thermal,2,1.001541018486023
7182,candidate_000,cr1000xe_backbone,0.4104,flux,thermal,2,0.9980717897415161
7182,candidate_000,cr1000xe_backbone,0.4104,flux,thermal,2,0.9979226589202881
7182,candidate_000,cr1000xe_backbone,0.4104,flux,thermal,2,1.0036511421203613
7182,candidate_000,cr1000xe_backbone,0.4104,flux,thermal,2,0.9770228266716003
7182,candidate_000,cr1000xe_backbone,0.4104,flux,thermal,2,0.9794598817825317
7182,candidate_000,cr1000xe_backbone,0.4104,flux,thermal,2,0.9812864661216736
7182,candidate_000,cr1000xe_backbone,0.4104,flux,thermal,2,0.9663503766059875
7182,candidate_000,cr1000xe_backbone,0.4104,flux,thermal,2,0.9563494920730591
7182,candidate_000,cr1000xe_backbone,0.4104,flux,thermal,2,0.9382829666137695
7182,candidate_000,cr1000xe_backbone,0.4104,flux,thermal,2,0.9142866730690002
7182,candidate_000,cr1000xe_backbone,0.4104,flux,thermal,2,0.8898967504501343
7182,candidate_000,cr1000xe_backbone,0.4104,flux,thermal,2,0.8965395092964172
7182,candidate_000,cr1000xe_backbone,0.4104,flux,thermal,2,0.8887366652488708
7182,candidate_000,cr1000xe_backbone,0.4104,flux,thermal,2,0.8702244758605957
7182,candidate_000,cr1000xe_backbone,0.4104,flux,thermal,2,0.8656391501426697
7182,candidate_000,cr1000xe_backbone,0.4104,flux,transport,2,0.8762456774711609
7182,candidate_000,cr1000xe_backbone,0.4104,flux,transport,2,0.8842886686325073
7182,candidate_000,cr1000xe_backbone,0.4104,flux,transport,2,0.8928512334823608
7182,candidate_000,cr1000xe_backbone,0.4104,flux,transport,2,0.8992924690246582
7182,candidate_000,cr1000xe_backbone,0.4104,calm,transport,0,0.903831958770752
7182,candidate_000,cr1000xe_backbone,0.4104,calm,transport,0,0.908252477645874
7182,candidate_000,cr1000xe_backbone,0.4104,calm,transport,0,0.9138807654380798
7182,candidate_000,cr1000xe_backbone,0.4104,calm,transport,0,0.9206444025039673
7182,candidate_000,cr1000xe_backbone,0.4104,calm,transport,0,0.9262880682945251
7182,candidate_000,cr1000xe_backbone,0.4104,calm,transport,0,0.930923342704773
7182,candidate_000,cr1000xe_backbone,0.4104,calm,transport,0,0.9384488463401794
7182,candidate_000,cr1000xe_backbone,0.4104,calm,transport,0,0.9434425234794617
7182,candidate_000,cr1000xe_backbone,0.4104,calm,transport,0,0.952715277671814
7182,candidate_000,cr1000xe_backbone,0.4104,calm,transport,0,0.9566171765327454
7182,candidate_000,cr1000xe_backbone,0.4104,calm,transport,0,0.9585093259811401
7182,candidate_000,cr1000xe_backbone,0.4104,calm,transport,0,0.9583614468574524
7182,candidate_000,cr1000xe_backbone,0.4104,calm,transport,0,0.963813304901123
7182,candidate_000,cr1000xe_backbone,0.4104,calm,transport,0,0.9548326134681702
7182,candidate_000,cr1000xe_backbone,0.4104,thermal,transport,3,0.9514481425285339
7182,candidate_000,cr1000xe_backbone,0.4104,thermal,transport,3,0.9492913484573364
7182,candidate_000,cr1000xe_backbone,0.4104,thermal,transport,3,0.9415606260299683
7182,candidate_000,cr1000xe_backbone,0.4104,thermal,transport,3,0.9377102255821228
7182,candidate_000,cr1000xe_backbone,0.4104,thermal,particle,3,0.9379616975784302
7182,candidate_000,cr1000xe_backbone,0.4104,thermal,particle,3,0.9383541941642761
7182,candidate_000,cr1000xe_backbone,0.4104,thermal,particle,3,0.9307364821434021
7182,candidate_000,cr1000xe_backbone,0.4104,thermal,particle,3,0.939385175704956
7182,candidate_000,cr1000xe_backbone,0.4104,thermal,particle,3,0.9289278984069824
7182,candidate_000,cr1000xe_backbone,0.4104,thermal,particle,3,0.9287528991699219
7182,candidate_000,cr1000xe_backbone,0.4104,thermal,particle,3,0.9227940440177917
7182,candidate_000,cr1000xe_backbone,0.4104,thermal,particle,3,0.9192142486572266
7182,candidate_000,cr1000xe_backbone,0.4104,thermal,particle,3,0.9137192964553833
7182,candidate_000,cr1000xe_backbone,0.4104,thermal,particle,3,0.9093291163444519
7182,candidate_000,cr1000xe_backbone,0.4104,thermal,particle,3,0.9064517617225647
7182,candidate_000,cr1000xe_backbone,0.4104,thermal,particle,3,0.8978949189186096
7182,candidate_000,cr1000xe_backbone,0.4104,thermal,particle,3,0.8985196948051453
7182,candidate_000,cr1000xe_backbone,0.4104,thermal,particle,3,0.8949341773986816
7182,candidate_000,cr1000xe_backbone,0.4104,thermal,particle,3,0.8985004425048828
7182,candidate_000,cr1000xe_backbone,0.4104,thermal,particle,3,0.8972722887992859
7182,candidate_000,cr1000xe_backbone,0.4104,thermal,particle,3,0.8983674049377441
7182,candidate_000,cr1000xe_backbone,0.4104,thermal,particle,3,0.8847277760505676
7182,candidate_000,cr1000xe_backbone,0.4104,thermal,particle,3,0.8870074152946472
7182,candidate_000,cr1000xe_backbone,0.4104,thermal,particle,3,0.8898255228996277
7182,candidate_000,cr1000xe_backbone,0.4104,thermal,particle,3,0.8905035853385925
7182,candidate_000,cr1000xe_backbone,0.4104,thermal,particle,3,0.8858591914176941
7182,candidate_000,cr1000xe_backbone,0.4104,thermal,particle,3,0.8900222182273865
7182,candidate_000,cr1000xe_backbone,0.4104,thermal,particle,3,0.8918699622154236
7182,candidate_000,cr1000xe_backbone,0.4104,thermal,particle,3,0.8913813233375549
7182,candidate_000,cr1000xe_backbone,0.4104,thermal,particle,3,0.9030685424804688
7182,candidate_000,cr1000xe_backbone,0.4104,thermal,particle,3,0.8985335826873779
7182,candidate_000,cr1000xe_backbone,0.4104,thermal,particle,3,0.8948546051979065
7182,candidate_000,cr1000xe_backbone,0.4104,thermal,particle,3,0.9261186718940735
7182,candidate_000,cr1000xe_backbone,0.4104,thermal,particle,3,0.9611917734146118
7182,candidate_000,cr1000xe_backbone,0.4104,thermal,particle,3,0.9836142659187317
7182,candidate_000,cr1000xe_backbone,0.4104,thermal,particle,3,1.015213131904602
7182,candidate_000,cr1000xe_backbone,0.4104,thermal,particle,3,1.0444142818450928
7182,candidate_000,cr1000xe_backbone,0.4104,thermal,particle,3,1.0751279592514038
7182,candidate_000,cr1000xe_backbone,0.4104,thermal,particle,3,1.1098040342330933
7182,candidate_000,cr1000xe_backbone,0.4104,thermal,particle,3,1.1472419500350952
7182,candidate_000,cr1000xe_backbone,0.4104,thermal,thermal,3,1.1523586511611938
7182,candidate_000,cr1000xe_backbone,0.4104,thermal,thermal,3,1.1568541526794434
7182,candidate_000,cr1000xe_backbone,0.4104,thermal,thermal,3,1.1625592708587646
7182,candidate_000,cr1000xe_backbone,0.4104,thermal,thermal,3,1.1638998985290527
7182,candidate_000,cr1000xe_backbone,0.4104,thermal,thermal,3,1.1750563383102417
7182,candidate_000,cr1000xe_backbone,0.4104,thermal,thermal,3,1.1865544319152832
7182,candidate_000,cr1000xe_backbone,0.4104,thermal,thermal,3,1.198225736618042
7182,candidate_000,cr1000xe_backbone,0.4104,thermal,thermal,3,1.2076324224472046
7182,candidate_000,cr1000xe_backbone,0.4104,thermal,thermal,3,1.1784844398498535
7182,candidate_000,cr1000xe_backbone,0.4104,thermal,thermal,3,1.143638253211975
7182,candidate_000,cr1000xe_backbone,0.4104,thermal,thermal,3,1.1113600730895996
7182,candidate_000,cr1000xe_backbone,0.4104,thermal,thermal,3,1.0821702480316162
7182,candidate_000,cr1000xe_backbone,0.4104,thermal,thermal,3,1.0459635257720947
7182,candidate_000,cr1000xe_backbone,0.4104,thermal,thermal,3,1.008949637413025
7182,candidate_000,cr1000xe_backbone,0.4104,thermal,thermal,3,0.9660102128982544
7182,candidate_000,cr1000xe_backbone,0.4104,thermal,thermal,3,0.9229809641838074
7182,candidate_000,cr1000xe_backbone,0.4104,calm,thermal,0,0.9177188873291016
7182,candidate_000,cr1000xe_backbone,0.4104,calm,thermal,0,0.916414737701416
7182,candidate_000,cr1000xe_backbone,0.4104,calm,thermal,0,0.9132882356643677
7182,candidate_000,cr1000xe_backbone,0.4104,calm,thermal,0,0.9068371057510376
7182,candidate_000,cr1000xe_backbone,0.4104,calm,thermal,0,0.9019554853439331
7182,candidate_000,cr1000xe_backbone,0.4104,calm,thermal,0,0.8970081806182861
7182,candidate_000,cr1000xe_backbone,0.4104,calm,thermal,0,0.8944264650344849
7182,candidate_000,cr1000xe_backbone,0.4104,calm,thermal,0,0.8943803906440735
7182,candidate_000,cr1000xe_backbone,0.4104,calm,thermal,0,0.8931057453155518
7182,candidate_000,cr1000xe_backbone,0.4104,calm,thermal,0,0.8962367177009583
7182,candidate_000,cr1000xe_backbone,0.4104,calm,thermal,0,0.8962234854698181
7182,candidate_000,cr1000xe_backbone,0.4104,calm,transport,0,0.8980956077575684
7182,candidate_000,cr1000xe_backbone,0.4104,thermal,transport,3,0.9037774801254272
7182,candidate_000,cr1000xe_backbone,0.4104,thermal,transport,3,0.9100401997566223
7182,candidate_001,met_station_core;cr1000xe_backbone,1.1303999999999998,calm,thermal,0,0.7280855178833008
7182,candidate_001,met_station_core;cr1000xe_backbone,1.1303999999999998,calm,thermal,0,0.7180953025817871
7182,candidate_001,met_station_core;cr1000xe_backbone,1.1303999999999998,calm,thermal,0,0.6307013630867004
7182,candidate_001,met_station_core;cr1000xe_backbone,1.1303999999999998,calm,thermal,0,0.6096900701522827
7182,candidate_001,met_station_core;cr1000xe_backbone,1.1303999999999998,calm,thermal,0,0.5923946499824524
7182,candidate_001,met_station_core;cr1000xe_backbone,1.1303999999999998,calm,thermal,0,0.5372409820556641
7182,candidate_001,met_station_core;cr1000xe_backbone,1.1303999999999998,calm,thermal,0,0.49736732244491577
7182,candidate_001,met_station_core;cr1000xe_backbone,1.1303999999999998,calm,thermal,0,0.4671248197555542
7182,candidate_001,met_station_core;cr1000xe_backbone,1.1303999999999998,calm,thermal,0,0.38499584794044495
7182,candidate_001,met_station_core;cr1000xe_backbone,1.1303999999999998,calm,thermal,0,0.35765621066093445
7182,candidate_001,met_station_core;cr1000xe_backbone,1.1303999999999998,calm,thermal,0,0.3289709985256195
7182,candidate_001,met_station_core;cr1000xe_backbone,1.1303999999999998,calm,transport,0,0.30696505308151245
7182,candidate_001,met_station_core;cr1000xe_backbone,1.1303999999999998,calm,transport,0,0.30451491475105286
7182,candidate_001,met_station_core;cr1000xe_backbone,1.1303999999999998,calm,transport,0,0.2973520755767822
7182,candidate_001,met_station_core;cr1000xe_backbone,1.1303999999999998,calm,transport,0,0.2688245177268982
7182,candidate_001,met_station_core;cr1000xe_backbone,1.1303999999999998,calm,transport,0,0.26361900568008423
7182,candidate_001,met_station_core;cr1000xe_backbone,1.1303999999999998,calm,transport,0,0.3140296936035156
7182,candidate_001,met_station_core;cr1000xe_backbone,1.1303999999999998,calm,transport,0,0.29573169350624084
7182,candidate_001,met_station_core;cr1000xe_backbone,1.1303999999999998,calm,transport,0,0.3087271451950073
7182,candidate_001,met_station_core;cr1000xe_backbone,1.1303999999999998,calm,transport,0,0.28521019220352173
7182,candidate_001,met_station_core;cr1000xe_backbone,1.1303999999999998,calm,transport,0,0.2967619299888611
7182,candidate_001,met_station_core;cr1000xe_backbone,1.1303999999999998,calm,transport,0,0.3013526201248169
7182,candidate_001,met_station_core;cr1000xe_backbone,1.1303999999999998,calm,transport,0,0.3053281605243683
7182,candidate_001,met_station_core;cr1000xe_backbone,1.1303999999999998,calm,transport,0,0.3249349296092987
7182,candidate_001,met_station_core;cr1000xe_backbone,1.1303999999999998,calm,transport,0,0.35167810320854187
7182,candidate_001,met_station_core;cr1000xe_backbone,1.1303999999999998,calm,transport,0,0.3866846561431885
7182,candidate_001,met_station_core;cr1000xe_backbone,1.1303999999999998,calm,transport,0,0.4081810414791107
7182,candidate_001,met_station_core;cr1000xe_backbone,1.1303999999999998,calm,transport,0,0.4127512574195862
7182,candidate_001,met_station_core;cr1000xe_backbone,1.1303999999999998,calm,transport,0,0.42122289538383484
7182,candidate_001,met_station_core;cr1000xe_backbone,1.1303999999999998,calm,transport,0,0.400081992149353
7182,candidate_001,met_station_core;cr1000xe_backbone,1.1303999999999998,calm,transport,0,0.3902472257614136
7182,candidate_001,met_station_core;cr1000xe_backbone,1.1303999999999998,calm,transport,0,0.3736998736858368
7182,candidate_001,met_station_core;cr1000xe_backbone,1.1303999999999998,calm,transport,0,0.32848045229911804
7182,candidate_001,met_station_core;cr1000xe_backbone,1.1303999999999998,calm,transport,0,0.3160879611968994
7182,candidate_001,met_station_core;cr1000xe_backbone,1.1303999999999998,calm,transport,0,0.3054140508174896
7182,candidate_001,met_station_core;cr1000xe_backbone,1.1303999999999998,calm,transport,0,0.28529536724090576
7182,candidate_001,met_station_core;cr1000xe_backbone,1.1303999999999998,calm,transport,0,0.264922171831131
7182,candidate_001,met_station_core;cr1000xe_backbone,1.1303999999999998,calm,transport,0,0.26410505175590515
7182,candidate_001,met_station_core;cr1000xe_backbone,1.1303999999999998,calm,transport,0,0.27076229453086853
7182,candidate_001,met_station_core;cr1000xe_backbone,1.1303999999999998,calm,transport,0,0.2721042037010193
7182,candidate_001,met_station_core;cr1000xe_backbone,1.1303999999999998,calm,transport,0,0.26487284898757935
7182,candidate_001,met_station_core;cr1000xe_backbone,1.1303999999999998,calm,transport,0,0.27039864659309387
7182,candidate_001,met_station_core;cr1000xe_backbone,1.1303999999999998,calm,transport,0,0.2781611680984497
7182,candidate_001,met_station_core;cr1000xe_backbone,1.1303999999999998,calm,transport,0,0.2732539772987366
7182,candidate_001,met_station_core;cr1000xe_backbone,1.1303999999999998,calm,particle,0,0.2867234945297241
7182,candidate_001,met_station_core;cr1000xe_backbone,1.1303999999999998,calm,particle,0,0.29846152663230896
7182,candidate_001,met_station_core;cr1000xe_backbone,1.1303999999999998,calm,particle,0,0.32542407512664795
7182,candidate_001,met_station_core;cr1000xe_backbone,1.1303999999999998,calm,particle,0,0.3382303714752197
7182,candidate_001,met_station_core;cr1000xe_backbone,1.1303999999999998,calm,particle,0,0.3738989531993866
7182,candidate_001,met_station_core;cr1000xe_backbone,1.1303999999999998,calm,particle,0,0.3855934143066406
7182,candidate_001,met_station_core;cr1000xe_backbone,1.1303999999999998,calm,particle,0,0.4152134954929352
7182,candidate_001,met_station_core;cr1000xe_backbone,1.1303999999999998,calm,particle,0,0.40040427446365356
7182,candidate_001,met_station_core;cr1000xe_backbone,1.1303999999999998,calm,particle,0,0.4107809066772461
7182,candidate_001,met_station_core;cr1000xe_backbone,1.1303999999999998,calm,particle,0,0.3958550691604614
7182,candidate_001,met_station_core;cr1000xe_backbone,1.1303999999999998,calm,particle,0,0.3674422800540924
7182,candidate_001,met_station_core;cr1000xe_backbone,1.1303999999999998,calm,particle,0,0.33544138073921204
7182,candidate_001,met_station_core;cr1000xe_backbone,1.1303999999999998,calm,particle,0,0.3150433301925659
7182,candidate_001,met_station_core;cr1000xe_backbone,1.1303999999999998,calm,particle,0,0.2911946475505829
7182,candidate_001,met_station_core;cr1000xe_backbone,1.1303999999999998,calm,particle,0,0.3041917383670807
7182,candidate_001,met_station_core;cr1000xe_backbone,1.1303999999999998,calm,particle,0,0.2871282398700714
7182,candidate_001,met_station_core;cr1000xe_backbone,1.1303999999999998,calm,particle,0,0.27271559834480286
7182,candidate_001,met_station_core;cr1000xe_backbone,1.1303999999999998,calm,particle,0,0.2614423930644989
7182,candidate_001,met_station_core;cr1000xe_backbone,1.1303999999999998,calm,particle,0,0.25254887342453003
7182,candidate_001,met_station_core;cr1000xe_backbone,1.1303999999999998,calm,particle,0,0.24390909075737
7182,candidate_001,met_station_core;cr1000xe_backbone,1.1303999999999998,calm,particle,0,0.24208299815654755
7182,candidate_001,met_station_core;cr1000xe_backbone,1.1303999999999998,calm,thermal,0,0.2542186975479126
7182,candidate_001,met_station_core;cr1000xe_backbone,1.1303999999999998,calm,thermal,0,0.27062493562698364
7182,candidate_001,met_station_core;cr1000xe_backbone,1.1303999999999998,calm,thermal,0,0.2677499055862427
7182,candidate_001,met_station_core;cr1000xe_backbone,1.1303999999999998,calm,thermal,0,0.28314754366874695
7182,candidate_001,met_station_core;cr1000xe_backbone,1.1303999999999998,calm,thermal,0,0.28758418560028076
7182,candidate_001,met_station_core;cr1000xe_backbone,1.1303999999999998,calm,thermal,0,0.2981538474559784
7182,candidate_001,met_station_core;cr1000xe_backbone,1.1303999999999998,calm,thermal,0,0.3402860760688782
7182,candidate_001,met_station_core;cr1000xe_backbone,1.1303999999999998,calm,thermal,0,0.3630540668964386
7182,candidate_001,met_station_core;cr1000xe_backbone,1.1303999999999998,calm,thermal,0,0.3770939111709595
7182,candidate_001,met_station_core;cr1000xe_backbone,1.1303999999999998,calm,thermal,0,0.3808956742286682
7182,candidate_001,met_station_core;cr1000xe_backbone,1.1303999999999998,calm,thermal,0,0.38609591126441956
7182,candidate_001,met_station_core;cr1000xe_backbone,1.1303999999999998,calm,thermal,0,0.3969724476337433
7182,candidate_001,met_station_core;cr1000xe_backbone,1.1303999999999998,calm,thermal,0,0.38794443011283875
7182,candidate_001,met_station_core;cr1000xe_backbone,1.1303999999999998,calm,thermal,0,0.38030439615249634
7182,candidate_001,met_station_core;cr1000xe_backbone,1.1303999999999998,calm,thermal,0,0.35577452182769775
7182,candidate_001,met_station_core;cr1000xe_backbone,1.1303999999999998,calm,thermal,0,0.3139932155609131
7182,candidate_001,met_station_core;cr1000xe_backbone,1.1303999999999998,calm,thermal,0,0.3297572433948517
7182,candidate_001,met_station_core;cr1000xe_backbone,1.1303999999999998,calm,thermal,0,0.33900734782218933
7182,candidate_001,met_station_core;cr1000xe_backbone,1.1303999999999998,calm,thermal,0,0.35200589895248413
7182,candidate_001,met_station_core;cr1000xe_backbone,1.1303999999999998,calm,thermal,0,0.3588389754295349
7182,candidate_001,met_station_core;cr1000xe_backbone,1.1303999999999998,calm,thermal,0,0.3772231936454773
7182,candidate_001,met_station_core;cr1000xe_backbone,1.1303999999999998,calm,thermal,0,0.34932518005371094
7182,candidate_001,met_station_core;cr1000xe_backbone,1.1303999999999998,calm,thermal,0,0.3428919315338135
7182,candidate_001,met_station_core;cr1000xe_backbone,1.1303999999999998,calm,thermal,0,0.28793466091156006
7182,candidate_001,met_station_core;cr1000xe_backbone,1.1303999999999998,calm,transport,0,0.29358333349227905
7182,candidate_001,met_station_core;cr1000xe_backbone,1.1303999999999998,calm,transport,0,0.26830828189849854
7182,candidate_001,met_station_core;cr1000xe_backbone,1.1303999999999998,calm,transport,0,0.2946813106536865
7182,candidate_001,met_station_core;cr1000xe_backbone,1.1303999999999998,calm,transport,0,0.2950108051300049
7182,candidate_001,met_station_core;cr1000xe_backbone,1.1303999999999998,calm,transport,0,0.31663012504577637
7182,candidate_001,met_station_core;cr1000xe_backbone,1.1303999999999998,calm,transport,0,0.3335588276386261
7182,candidate_001,met_station_core;cr1000xe_backbone,1.1303999999999998,calm,transport,0,0.3237769305706024
7182,candidate_001,met_station_core;cr1000xe_backbone,1.1303999999999998,calm,transport,0,0.3289128243923187
7182,candidate_001,met_station_core;cr1000xe_backbone,1.1303999999999998,calm,transport,0,0.3455685079097748
7182,candidate_001,met_station_core;cr1000xe_backbone,1.1303999999999998,calm,transport,0,0.3580515384674072
7182,candidate_001,met_station_core;cr1000xe_backbone,1.1303999999999998,calm,transport,0,0.3663260042667389
7182,candidate_001,met_station_core;cr1000xe_backbone,1.1303999999999998,calm,transport,0,0.38033774495124817
7182,candidate_001,met_station_core;cr1000xe_backbone,1.1303999999999998,calm,transport,0,0.36321282386779785
7182,candidate_001,met_station_core;cr1000xe_backbone,1.1303999999999998,calm,transport,0,0.3688606321811676
7182,candidate_001,met_station_core;cr1000xe_backbone,1.1303999999999998,calm,transport,0,0.35141468048095703
7182,candidate_001,met_station_core;cr1000xe_backbone,1.1303999999999998,calm,transport,0,0.3700118362903595
7182,candidate_001,met_station_core;cr1000xe_backbone,1.1303999999999998,calm,transport,0,0.35922566056251526
7182,candidate_001,met_station_core;cr1000xe_backbone,1.1303999999999998,calm,transport,0,0.3281630873680115
7182,candidate_001,met_station_core;cr1000xe_backbone,1.1303999999999998,calm,transport,0,0.29683056473731995
7182,candidate_001,met_station_core;cr1000xe_backbone,1.1303999999999998,calm,transport,0,0.2853313982486725
7182,candidate_001,met_station_core;cr1000xe_backbone,1.1303999999999998,calm,transport,0,0.28396135568618774
7182,candidate_001,met_station_core;cr1000xe_backbone,1.1303999999999998,calm,transport,0,0.3043067455291748
7182,candidate_001,met_station_core;cr1000xe_backbone,1.1303999999999998,calm,particle,0,0.33046457171440125
7182,candidate_001,met_station_core;cr1000xe_backbone,1.1303999999999998,calm,particle,0,0.31433919072151184
7182,candidate_001,met_station_core;cr1000xe_backbone,1.1303999999999998,calm,particle,0,0.33649584650993347
7182,candidate_001,met_station_core;cr1000xe_backbone,1.1303999999999998,calm,particle,0,0.3291698098182678
7182,candidate_001,met_station_core;cr1000xe_backbone,1.1303999999999998,calm,particle,0,0.3258645534515381
7182,candidate_001,met_station_core;cr1000xe_backbone,1.1303999999999998,calm,particle,0,0.32030999660491943
7182,candidate_001,met_station_core;cr1000xe_backbone,1.1303999999999998,calm,particle,0,0.32082271575927734
7182,candidate_001,met_station_core;cr1000xe_backbone,1.1303999999999998,calm,particle,0,0.33065831661224365
7182,candidate_001,met_station_core;cr1000xe_backbone,1.1303999999999998,calm,particle,0,0.3469817340373993
7182,candidate_001,met_station_core;cr1000xe_backbone,1.1303999999999998,calm,particle,0,0.33210039138793945
7182,candidate_001,met_station_core;cr1000xe_backbone,1.1303999999999998,calm,particle,0,0.35689544677734375
7182,candidate_001,met_station_core;cr1000xe_backbone,1.1303999999999998,calm,particle,0,0.38342660665512085
7182,candidate_001,met_station_core;cr1000xe_backbone,1.1303999999999998,calm,particle,0,0.40439099073410034
7182,candidate_001,met_station_core;cr1000xe_backbone,1.1303999999999998,calm,particle,0,0.4176361858844757
7182,candidate_001,met_station_core;cr1000xe_backbone,1.1303999999999998,calm,particle,0,0.42137792706489563
7182,candidate_001,met_station_core;cr1000xe_backbone,1.1303999999999998,calm,particle,0,0.4208095669746399
7182,candidate_001,met_station_core;cr1000xe_backbone,1.1303999999999998,calm,particle,0,0.3830893933773041
7182,candidate_001,met_station_core;cr1000xe_backbone,1.1303999999999998,calm,particle,0,0.3499598503112793
7182,candidate_001,met_station_core;cr1000xe_backbone,1.1303999999999998,calm,particle,0,0.3229176700115204
7182,candidate_001,met_station_core;cr1000xe_backbone,1.1303999999999998,calm,particle,0,0.2998138666152954
7182,candidate_001,met_station_core;cr1000xe_backbone,1.1303999999999998,calm,particle,0,0.29545092582702637
7182,candidate_001,met_station_core;cr1000xe_backbone,1.1303999999999998,calm,particle,0,0.30343398451805115
7182,candidate_001,met_station_core;cr1000xe_backbone,1.1303999999999998,calm,particle,0,0.29441654682159424
7182,candidate_001,met_station_core;cr1000xe_backbone,1.1303999999999998,calm,thermal,0,0.31689074635505676
7182,candidate_001,met_station_core;cr1000xe_backbone,1.1303999999999998,calm,thermal,0,0.3127838373184204
7182,candidate_001,met_station_core;cr1000xe_backbone,1.1303999999999998,calm,thermal,0,0.32237866520881653
7182,candidate_001,met_station_core;cr1000xe_backbone,1.1303999999999998,calm,thermal,0,0.3319318890571594
7182,candidate_001,met_station_core;cr1000xe_backbone,1.1303999999999998,calm,thermal,0,0.3288160264492035
7182,candidate_001,met_station_core;cr1000xe_backbone,1.1303999999999998,calm,thermal,0,0.32514289021492004
7182,candidate_001,met_station_core;cr1000xe_backbone,1.1303999999999998,calm,thermal,0,0.3488233983516693
7182,candidate_001,met_station_core;cr1000xe_backbone,1.1303999999999998,calm,thermal,0,0.3664197623729706
7182,candidate_001,met_station_core;cr1000xe_backbone,1.1303999999999998,calm,thermal,0,0.40038540959358215
7182,candidate_001,met_station_core;cr1000xe_backbone,1.1303999999999998,calm,thermal,0,0.4214753806591034
7182,candidate_001,met_station_core;cr1000xe_backbone,1.1303999999999998,calm,thermal,0,0.4451830983161926
7182,candidate_001,met_station_core;cr1000xe_backbone,1.1303999999999998,calm,thermal,0,0.46259018778800964
7182,candidate_001,met_station_core;cr1000xe_backbone,1.1303999999999998,calm,thermal,0,0.509063184261322
7182,candidate_001,met_station_core;cr1000xe_backbone,1.1303999999999998,calm,thermal,0,0.5000823140144348
7182,candidate_001,met_station_core;cr1000xe_backbone,1.1303999999999998,calm,thermal,0,0.5271615982055664
7182,candidate_001,met_station_core;cr1000xe_backbone,1.1303999999999998,calm,thermal,0,0.4952937662601471
7182,candidate_001,met_station_core;cr1000xe_backbone,1.1303999999999998,calm,thermal,0,0.4670741558074951
7182,candidate_001,met_station_core;cr1000xe_backbone,1.1303999999999998,calm,thermal,0,0.4247903823852539
7182,candidate_001,met_station_core;cr1000xe_backbone,1.1303999999999998,calm,thermal,0,0.40499627590179443
7182,candidate_001,met_station_core;cr1000xe_backbone,1.1303999999999998,calm,thermal,0,0.4007928967475891
7182,candidate_001,met_station_core;cr1000xe_backbone,1.1303999999999998,calm,thermal,0,0.3861253559589386
7182,candidate_001,met_station_core;cr1000xe_backbone,1.1303999999999998,calm,transport,0,0.3588777780532837
7182,candidate_001,met_station_core;cr1000xe_backbone,1.1303999999999998,calm,transport,0,0.37313976883888245
7182,candidate_001,met_station_core;cr1000xe_backbone,1.1303999999999998,calm,transport,0,0.3494054675102234
7182,candidate_001,met_station_core;cr1000xe_backbone,1.1303999999999998,calm,transport,0,0.37713855504989624
7182,candidate_001,met_station_core;cr1000xe_backbone,1.1303999999999998,calm,transport,0,0.3642629086971283
7182,candidate_001,met_station_core;cr1000xe_backbone,1.1303999999999998,calm,transport,0,0.35403499007225037
7182,candidate_001,met_station_core;cr1000xe_backbone,1.1303999999999998,calm,transport,0,0.3735606372356415
7182,candidate_001,met_station_core;cr1000xe_backbone,1.1303999999999998,calm,transport,0,0.3676948845386505
7182,candidate_001,met_station_core;cr1000xe_backbone,1.1303999999999998,calm,transport,0,0.35593298077583313
7182,candidate_001,met_station_core;cr1000xe_backbone,1.1303999999999998,calm,transport,0,0.38291168212890625
7182,candidate_001,met_station_core;cr1000xe_backbone,1.1303999999999998,calm,transport,0,0.38568079471588135
7182,candidate_001,met_station_core;cr1000xe_backbone,1.1303999999999998,calm,transport,0,0.43229877948760986
7182,candidate_001,met_station_core;cr1000xe_backbone,1.1303999999999998,calm,transport,0,0.42777734994888306
7182,candidate_001,met_station_core;cr1000xe_backbone,1.1303999999999998,calm,transport,0,0.4479496479034424
7182,candidate_001,met_station_core;cr1000xe_backbone,1.1303999999999998,calm,transport,0,0.4358157515525818
7182,candidate_001,met_station_core;cr1000xe_backbone,1.1303999999999998,calm,transport,0,0.4744889736175537
7182,candidate_001,met_station_core;cr1000xe_backbone,1.1303999999999998,calm,transport,0,0.4844593405723572
7182,candidate_001,met_station_core;cr1000xe_backbone,1.1303999999999998,calm,transport,0,0.5035004615783691
7182,candidate_001,met_station_core;cr1000xe_backbone,1.1303999999999998,calm,particle,0,0.4809640347957611
7182,candidate_001,met_station_core;cr1000xe_backbone,1.1303999999999998,calm,particle,0,0.45482882857322693
7182,candidate_001,met_station_core;cr1000xe_backbone,1.1303999999999998,calm,particle,0,0.41388025879859924
7182,candidate_001,met_station_core;cr1000xe_backbone,1.1303999999999998,calm,particle,0,0.3786066472530365
7182,candidate_001,met_station_core;cr1000xe_backbone,1.1303999999999998,calm,particle,0,0.3583902418613434
7182,candidate_001,met_station_core;cr1000xe_backbone,1.1303999999999998,calm,particle,0,0.3489503562450409
7182,candidate_001,met_station_core;cr1000xe_backbone,1.1303999999999998,calm,particle,0,0.336385041475296
7182,candidate_001,met_station_core;cr1000xe_backbone,1.1303999999999998,calm,particle,0,0.3492636978626251
7182,candidate_001,met_station_core;cr1000xe_backbone,1.1303999999999998,calm,particle,0,0.3580074906349182
7182,candidate_001,met_station_core;cr1000xe_backbone,1.1303999999999998,calm,particle,0,0.3622658848762512
7182,candidate_001,met_station_core;cr1000xe_backbone,1.1303999999999998,calm,particle,0,0.3661535680294037
7182,candidate_001,met_station_core;cr1000xe_backbone,1.1303999999999998,calm,particle,0,0.37335625290870667
7182,candidate_001,met_station_core;cr1000xe_backbone,1.1303999999999998,calm,particle,0,0.38230201601982117
7182,candidate_001,met_station_core;cr1000xe_backbone,1.1303999999999998,calm,particle,0,0.37853872776031494
7182,candidate_001,met_station_core;cr1000xe_backbone,1.1303999999999998,calm,particle,0,0.40394100546836853
7182,candidate_001,met_station_core;cr1000xe_backbone,1.1303999999999998,calm,particle,0,0.41437312960624695
7182,candidate_001,met_station_core;cr1000xe_backbone,1.1303999999999998,calm,particle,0,0.44131654500961304
7182,candidate_001,met_station_core;cr1000xe_backbone,1.1303999999999998,calm,particle,0,0.4631687104701996
7182,candidate_001,met_station_core;cr1000xe_backbone,1.1303999999999998,calm,particle,0,0.48383888602256775
7182,candidate_001,met_station_core;cr1000xe_backbone,1.1303999999999998,calm,particle,0,0.5108678340911865
7182,candidate_001,met_station_core;cr1000xe_backbone,1.1303999999999998,calm,particle,0,0.5436663031578064
7182,candidate_001,met_station_core;cr1000xe_backbone,1.1303999999999998,calm,particle,0,0.5502093434333801
7182,candidate_001,met_station_core;cr1000xe_backbone,1.1303999999999998,calm,particle,0,0.5698729753494263
7182,candidate_001,met_station_core;cr1000xe_backbone,1.1303999999999998,calm,particle,0,0.5938331484794617
7182,candidate_001,met_station_core;cr1000xe_backbone,1.1303999999999998,calm,particle,0,0.5676809549331665
7182,candidate_001,met_station_core;cr1000xe_backbone,1.1303999999999998,calm,particle,0,0.555111825466156
7182,candidate_001,met_station_core;cr1000xe_backbone,1.1303999999999998,calm,particle,0,0.5230752229690552
7182,candidate_001,met_station_core;cr1000xe_backbone,1.1303999999999998,calm,particle,0,0.4757169187068939
7182,candidate_001,met_station_core;cr1000xe_backbone,1.1303999999999998,calm,particle,0,0.4978279769420624
7182,candidate_001,met_station_core;cr1000xe_backbone,1.1303999999999998,calm,particle,0,0.4962262213230133
7182,candidate_001,met_station_core;cr1000xe_backbone,1.1303999999999998,calm,particle,0,0.4937191307544708
7182,candidate_001,met_station_core;cr1000xe_backbone,1.1303999999999998,calm,particle,0,0.5045523047447205
7182,candidate_001,met_station_core;cr1000xe_backbone,1.1303999999999998,calm,thermal,0,0.506582498550415
7182,candidate_001,met_station_core;cr1000xe_backbone,1.1303999999999998,calm,thermal,0,0.5333154201507568
7182,candidate_001,met_station_core;cr1000xe_backbone,1.1303999999999998,calm,thermal,0,0.5317870378494263
7182,candidate_001,met_station_core;cr1000xe_backbone,1.1303999999999998,calm,thermal,0,0.586475133895874
7182,candidate_001,met_station_core;cr1000xe_backbone,1.1303999999999998,calm,thermal,0,0.6471030116081238
7182,candidate_001,met_station_core;cr1000xe_backbone,1.1303999999999998,calm,thermal,0,0.6856541633605957
7182,candidate_001,met_station_core;cr1000xe_backbone,1.1303999999999998,calm,thermal,0,0.6976128816604614
7182,candidate_001,met_station_core;cr1000xe_backbone,1.1303999999999998,calm,thermal,0,0.6794294714927673
7182,candidate_001,met_station_core;cr1000xe_backbone,1.1303999999999998,calm,thermal,0,0.6613243818283081
7182,candidate_001,met_station_core;cr1000xe_backbone,1.1303999999999998,calm,thermal,0,0.6935797333717346
7182,candidate_001,met_station_core;cr1000xe_backbone,1.1303999999999998,calm,thermal,0,0.6789212226867676
7182,candidate_001,met_station_core;cr1000xe_backbone,1.1303999999999998,calm,thermal,0,0.7259625792503357
7182,candidate_001,met_station_core;cr1000xe_backbone,1.1303999999999998,calm,thermal,0,0.7105312943458557
7182,candidate_001,met_station_core;cr1000xe_backbone,1.1303999999999998,calm,thermal,0,0.7065148949623108
7182,candidate_001,met_station_core;cr1000xe_backbone,1.1303999999999998,calm,thermal,0,0.7345472574234009
7182,candidate_001,met_station_core;cr1000xe_backbone,1.1303999999999998,calm,thermal,0,0.7277668714523315
7182,candidate_001,met_station_core;cr1000xe_backbone,1.1303999999999998,calm,thermal,0,0.8037341237068176
7182,candidate_001,met_station_core;cr1000xe_backbone,1.1303999999999998,calm,thermal,0,0.7669908404350281
7182,candidate_001,met_station_core;cr1000xe_backbone,1.1303999999999998,calm,thermal,0,0.7100377678871155
7182,candidate_001,met_station_core;cr1000xe_backbone,1.1303999999999998,calm,thermal,0,0.653294563293457
7182,candidate_001,met_station_core;cr1000xe_backbone,1.1303999999999998,calm,thermal,0,0.5789756774902344
7182,candidate_001,met_station_core;cr1000xe_backbone,1.1303999999999998,calm,thermal,0,0.5977908968925476
7182,candidate_001,met_station_core;cr1000xe_backbone,1.1303999999999998,calm,thermal,0,0.6116275191307068
7182,candidate_001,met_station_core;cr1000xe_backbone,1.1303999999999998,calm,thermal,0,0.6026352643966675
7182,candidate_001,met_station_core;cr1000xe_backbone,1.1303999999999998,thermal,thermal,3,0.6118178963661194
7182,candidate_001,met_station_core;cr1000xe_backbone,1.1303999999999998,thermal,thermal,3,0.5251315236091614
7182,candidate_001,met_station_core;cr1000xe_backbone,1.1303999999999998,thermal,thermal,3,0.5463755130767822
7182,candidate_001,met_station_core;cr1000xe_backbone,1.1303999999999998,thermal,transport,3,0.41349315643310547
7182,candidate_001,met_station_core;cr1000xe_backbone,1.1303999999999998,thermal,transport,3,0.4388698637485504
7182,candidate_001,met_station_core;cr1000xe_backbone,1.1303999999999998,thermal,transport,3,0.4029904007911682
7182,candidate_001,met_station_core;cr1000xe_backbone,1.1303999999999998,thermal,transport,3,0.43007227778434753
7182,candidate_001,met_station_core;cr1000xe_backbone,1.1303999999999998,thermal,transport,3,0.4769369959831238
7182,candidate_001,met_station_core;cr1000xe_backbone,1.1303999999999998,thermal,transport,3,0.40124955773353577
7182,candidate_001,met_station_core;cr1000xe_backbone,1.1303999999999998,thermal,transport,3,0.49080634117126465
7182,candidate_001,met_station_core;cr1000xe_backbone,1.1303999999999998,thermal,transport,3,0.5141043663024902
7182,candidate_001,met_station_core;cr1000xe_backbone,1.1303999999999998,thermal,transport,3,0.5031362771987915
7182,candidate_001,met_station_core;cr1000xe_backbone,1.1303999999999998,thermal,transport,3,0.5312580466270447
7182,candidate_001,met_station_core;cr1000xe_backbone,1.1303999999999998,thermal,transport,3,0.5453511476516724
7182,candidate_001,met_station_core;cr1000xe_backbone,1.1303999999999998,thermal,transport,3,0.5327558517456055
7182,candidate_001,met_station_core;cr1000xe_backbone,1.1303999999999998,thermal,transport,3,0.5471059083938599
7182,candidate_001,met_station_core;cr1000xe_backbone,1.1303999999999998,thermal,transport,3,0.492963582277298
7182,candidate_001,met_station_core;cr1000xe_backbone,1.1303999999999998,thermal,transport,3,0.44275346398353577
7182,candidate_001,met_station_core;cr1000xe_backbone,1.1303999999999998,thermal,transport,3,0.43958571553230286
7182,candidate_001,met_station_core;cr1000xe_backbone,1.1303999999999998,thermal,transport,3,0.45857730507850647
7182,candidate_001,met_station_core;cr1000xe_backbone,1.1303999999999998,thermal,transport,3,0.44795843958854675
7182,candidate_001,met_station_core;cr1000xe_backbone,1.1303999999999998,thermal,transport,3,0.4819166362285614
7182,candidate_001,met_station_core;cr1000xe_backbone,1.1303999999999998,thermal,transport,3,0.48889967799186707
7182,candidate_001,met_station_core;cr1000xe_backbone,1.1303999999999998,thermal,transport,3,0.4663091003894806
7182,candidate_001,met_station_core;cr1000xe_backbone,1.1303999999999998,thermal,transport,3,0.4917319416999817
7182,candidate_001,met_station_core;cr1000xe_backbone,1.1303999999999998,thermal,transport,3,0.49791452288627625
7182,candidate_001,met_station_core;cr1000xe_backbone,1.1303999999999998,thermal,transport,3,0.49907511472702026
7182,candidate_001,met_station_core;cr1000xe_backbone,1.1303999999999998,calm,thermal,0,0.717289388179779
7182,candidate_001,met_station_core;cr1000xe_backbone,1.1303999999999998,particle,thermal,1,0.7260327339172363
7182,candidate_001,met_station_core;cr1000xe_backbone,1.1303999999999998,particle,thermal,1,0.6681981086730957
7182,candidate_001,met_station_core;cr1000xe_backbone,1.1303999999999998,particle,thermal,1,0.6535924077033997
7182,candidate_001,met_station_core;cr1000xe_backbone,1.1303999999999998,particle,thermal,1,0.402170330286026
7182,candidate_001,met_station_core;cr1000xe_backbone,1.1303999999999998,particle,thermal,1,0.352323055267334
7182,candidate_001,met_station_core;cr1000xe_backbone,1.1303999999999998,particle,thermal,1,0.30100008845329285
7182,candidate_001,met_station_core;cr1000xe_backbone,1.1303999999999998,particle,thermal,1,0.30651599168777466
7182,candidate_001,met_station_core;cr1000xe_backbone,1.1303999999999998,particle,thermal,1,0.2594361901283264
7182,candidate_001,met_station_core;cr1000xe_backbone,1.1303999999999998,particle,thermal,1,0.2931162416934967
7182,candidate_001,met_station_core;cr1000xe_backbone,1.1303999999999998,particle,thermal,1,0.279272198677063
7182,candidate_001,met_station_core;cr1000xe_backbone,1.1303999999999998,particle,thermal,1,0.2793080806732178
7182,candidate_001,met_station_core;cr1000xe_backbone,1.1303999999999998,particle,thermal,1,0.3033285439014435
7182,candidate_001,met_station_core;cr1000xe_backbone,1.1303999999999998,particle,thermal,1,0.2678256332874298
7182,candidate_001,met_station_core;cr1000xe_backbone,1.1303999999999998,particle,thermal,1,0.2083864063024521
7182,candidate_001,met_station_core;cr1000xe_backbone,1.1303999999999998,particle,transport,1,0.18050332367420197
7182,candidate_001,met_station_core;cr1000xe_backbone,1.1303999999999998,particle,transport,1,0.17909342050552368
7182,candidate_001,met_station_core;cr1000xe_backbone,1.1303999999999998,particle,transport,1,0.20580685138702393
7182,candidate_001,met_station_core;cr1000xe_backbone,1.1303999999999998,particle,transport,1,0.23524488508701324
7182,candidate_001,met_station_core;cr1000xe_backbone,1.1303999999999998,particle,transport,1,0.21426913142204285
7182,candidate_001,met_station_core;cr1000xe_backbone,1.1303999999999998,particle,transport,1,0.2569062113761902
7182,candidate_001,met_station_core;cr1000xe_backbone,1.1303999999999998,particle,transport,1,0.2502993047237396
7182,candidate_001,met_station_core;cr1000xe_backbone,1.1303999999999998,particle,transport,1,0.26812130212783813
7182,candidate_001,met_station_core;cr1000xe_backbone,1.1303999999999998,particle,transport,1,0.2901250422000885
7182,candidate_001,met_station_core;cr1000xe_backbone,1.1303999999999998,particle,transport,1,0.2713584005832672
7182,candidate_001,met_station_core;cr1000xe_backbone,1.1303999999999998,particle,transport,1,0.3159242272377014
7182,candidate_001,met_station_core;cr1000xe_backbone,1.1303999999999998,particle,transport,1,0.26986071467399597
7182,candidate_001,met_station_core;cr1000xe_backbone,1.1303999999999998,particle,transport,1,0.24624145030975342
7182,candidate_001,met_station_core;cr1000xe_backbone,1.1303999999999998,particle,transport,1,0.2785255014896393
7182,candidate_001,met_station_core;cr1000xe_backbone,1.1303999999999998,particle,transport,1,0.3201734721660614
7182,candidate_001,met_station_core;cr1000xe_backbone,1.1303999999999998,particle,transport,1,0.28879278898239136
7182,candidate_001,met_station_core;cr1000xe_backbone,1.1303999999999998,particle,transport,1,0.2823507785797119
7182,candidate_001,met_station_core;cr1000xe_backbone,1.1303999999999998,particle,transport,1,0.22494082152843475
7182,candidate_001,met_station_core;cr1000xe_backbone,1.1303999999999998,particle,transport,1,0.1952817738056183
7182,candidate_001,met_station_core;cr1000xe_backbone,1.1303999999999998,particle,transport,1,0.1984216719865799
7182,candidate_001,met_station_core;cr1000xe_backbone,1.1303999999999998,particle,transport,1,0.19251570105552673
7182,candidate_001,met_station_core;cr1000xe_backbone,1.1303999999999998,particle,transport,1,0.21041515469551086
7182,candidate_001,met_station_core;cr1000xe_backbone,1.1303999999999998,particle,transport,1,0.1912037581205368
7182,candidate_001,met_station_core;cr1000xe_backbone,1.1303999999999998,particle,transport,1,0.18450352549552917
7182,candidate_001,met_station_core;cr1000xe_backbone,1.1303999999999998,particle,transport,1,0.18407417833805084
7182,candidate_001,met_station_core;cr1000xe_backbone,1.1303999999999998,particle,transport,1,0.20646019279956818
7182,candidate_001,met_station_core;cr1000xe_backbone,1.1303999999999998,particle,transport,1,0.19075436890125275
7182,candidate_001,met_station_core;cr1000xe_backbone,1.1303999999999998,particle,transport,1,0.23438286781311035
7182,candidate_001,met_station_core;cr1000xe_backbone,1.1303999999999998,particle,particle,1,0.22847630083560944
7182,candidate_001,met_station_core;cr1000xe_backbone,1.1303999999999998,particle,particle,1,0.26848769187927246
7182,candidate_001,met_station_core;cr1000xe_backbone,1.1303999999999998,particle,particle,1,0.20404328405857086
7182,candidate_001,met_station_core;cr1000xe_backbone,1.1303999999999998,particle,particle,1,0.21083705127239227
7182,candidate_001,met_station_core;cr1000xe_backbone,1.1303999999999998,particle,particle,1,0.19393321871757507
7182,candidate_001,met_station_core;cr1000xe_backbone,1.1303999999999998,particle,particle,1,0.19276684522628784
7182,candidate_001,met_station_core;cr1000xe_backbone,1.1303999999999998,particle,particle,1,0.26810190081596375
7182,candidate_001,met_station_core;cr1000xe_backbone,1.1303999999999998,particle,particle,1,0.28110024333000183
7182,candidate_001,met_station_core;cr1000xe_backbone,1.1303999999999998,particle,particle,1,0.2824859023094177
7182,candidate_001,met_station_core;cr1000xe_backbone,1.1303999999999998,particle,particle,1,0.24205905199050903
7182,candidate_001,met_station_core;cr1000xe_backbone,1.1303999999999998,particle,particle,1,0.29191461205482483
7182,candidate_001,met_station_core;cr1000xe_backbone,1.1303999999999998,particle,particle,1,0.23937387764453888
7182,candidate_001,met_station_core;cr1000xe_backbone,1.1303999999999998,particle,particle,1,0.29215240478515625
7182,candidate_001,met_station_core;cr1000xe_backbone,1.1303999999999998,particle,particle,1,0.24260903894901276
7182,candidate_001,met_station_core;cr1000xe_backbone,1.1303999999999998,particle,particle,1,0.24510818719863892
7182,candidate_001,met_station_core;cr1000xe_backbone,1.1303999999999998,particle,particle,1,0.3343753516674042
7182,candidate_001,met_station_core;cr1000xe_backbone,1.1303999999999998,particle,particle,1,0.31980055570602417
7182,candidate_001,met_station_core;cr1000xe_backbone,1.1303999999999998,calm,particle,0,0.2759205102920532
7182,candidate_001,met_station_core;cr1000xe_backbone,1.1303999999999998,calm,particle,0,0.27887392044067383
7182,candidate_001,met_station_core;cr1000xe_backbone,1.1303999999999998,calm,particle,0,0.26147136092185974
7182,candidate_001,met_station_core;cr1000xe_backbone,1.1303999999999998,calm,particle,0,0.26550546288490295
7182,candidate_001,met_station_core;cr1000xe_backbone,1.1303999999999998,calm,particle,0,0.2710731327533722
7182,candidate_001,met_station_core;cr1000xe_backbone,1.1303999999999998,calm,particle,0,0.27224498987197876
7182,candidate_001,met_station_core;cr1000xe_backbone,1.1303999999999998,calm,particle,0,0.2940728962421417
7182,candidate_001,met_station_core;cr1000xe_backbone,1.1303999999999998,calm,particle,0,0.3114418387413025
7182,candidate_001,met_station_core;cr1000xe_backbone,1.1303999999999998,calm,particle,0,0.31174013018608093
7182,candidate_001,met_station_core;cr1000xe_backbone,1.1303999999999998,calm,particle,0,0.33025312423706055
7182,candidate_001,met_station_core;cr1000xe_backbone,1.1303999999999998,calm,particle,0,0.3708966374397278
7182,candidate_001,met_station_core;cr1000xe_backbone,1.1303999999999998,calm,particle,0,0.4080294966697693
7182,candidate_001,met_station_core;cr1000xe_backbone,1.1303999999999998,calm,particle,0,0.4343739449977875
7182,candidate_001,met_station_core;cr1000xe_backbone,1.1303999999999998,calm,particle,0,0.4610700011253357
7182,candidate_001,met_station_core;cr1000xe_backbone,1.1303999999999998,particle,particle,1,0.3877291977405548
7182,candidate_001,met_station_core;cr1000xe_backbone,1.1303999999999998,particle,particle,1,0.4096352458000183
7182,candidate_001,met_station_core;cr1000xe_backbone,1.1303999999999998,particle,particle,1,0.3759141266345978
7182,candidate_001,met_station_core;cr1000xe_backbone,1.1303999999999998,particle,particle,1,0.3928912580013275
7182,candidate_001,met_station_core;cr1000xe_backbone,1.1303999999999998,particle,thermal,1,0.3832196593284607
7182,candidate_001,met_station_core;cr1000xe_backbone,1.1303999999999998,particle,thermal,1,0.41521599888801575
7182,candidate_001,met_station_core;cr1000xe_backbone,1.1303999999999998,particle,thermal,1,0.43934276700019836
7182,candidate_001,met_station_core;cr1000xe_backbone,1.1303999999999998,particle,thermal,1,0.42125681042671204
7182,candidate_001,met_station_core;cr1000xe_backbone,1.1303999999999998,particle,thermal,1,0.4343797564506531
7182,candidate_001,met_station_core;cr1000xe_backbone,1.1303999999999998,particle,thermal,1,0.4561398923397064
7182,candidate_001,met_station_core;cr1000xe_backbone,1.1303999999999998,particle,thermal,1,0.44278988242149353
7182,candidate_001,met_station_core;cr1000xe_backbone,1.1303999999999998,particle,thermal,1,0.4663865864276886
7182,candidate_001,met_station_core;cr1000xe_backbone,1.1303999999999998,particle,thermal,1,0.49931013584136963
7182,candidate_001,met_station_core;cr1000xe_backbone,1.1303999999999998,particle,thermal,1,0.48168936371803284
7182,candidate_001,met_station_core;cr1000xe_backbone,1.1303999999999998,particle,thermal,1,0.4736965596675873
7182,candidate_001,met_station_core;cr1000xe_backbone,1.1303999999999998,particle,thermal,1,0.41320767998695374
7182,candidate_001,met_station_core;cr1000xe_backbone,1.1303999999999998,particle,thermal,1,0.4003235101699829
7182,candidate_001,met_station_core;cr1000xe_backbone,1.1303999999999998,particle,thermal,1,0.3496513068675995
7182,candidate_001,met_station_core;cr1000xe_backbone,1.1303999999999998,particle,thermal,1,0.2639698386192322
7182,candidate_001,met_station_core;cr1000xe_backbone,1.1303999999999998,particle,thermal,1,0.22414329648017883
7182,candidate_001,met_station_core;cr1000xe_backbone,1.1303999999999998,particle,thermal,1,0.265285849571228
7182,candidate_001,met_station_core;cr1000xe_backbone,1.1303999999999998,particle,thermal,1,0.23331473767757416
7182,candidate_001,met_station_core;cr1000xe_backbone,1.1303999999999998,particle,transport,1,0.22236192226409912
7182,candidate_001,met_station_core;cr1000xe_backbone,1.1303999999999998,particle,transport,1,0.2245246022939682
7182,candidate_001,met_station_core;cr1000xe_backbone,1.1303999999999998,particle,transport,1,0.22882404923439026
7182,candidate_001,met_station_core;cr1000xe_backbone,1.1303999999999998,particle,transport,1,0.23468683660030365
7182,candidate_001,met_station_core;cr1000xe_backbone,1.1303999999999998,particle,transport,1,0.22958429157733917
7182,candidate_001,met_station_core;cr1000xe_backbone,1.1303999999999998,particle,transport,1,0.24125376343727112
7182,candidate_001,met_station_core;cr1000xe_backbone,1.1303999999999998,particle,transport,1,0.21118706464767456
7182,candidate_001,met_station_core;cr1000xe_backbone,1.1303999999999998,particle,transport,1,0.2237391173839569
7182,candidate_001,met_station_core;cr1000xe_backbone,1.1303999999999998,particle,transport,1,0.198889821767807
7182,candidate_001,met_station_core;cr1000xe_backbone,1.1303999999999998,particle,transport,1,0.2415684014558792
7182,candidate_001,met_station_core;cr1000xe_backbone,1.1303999999999998,particle,transport,1,0.3033345639705658
7182,candidate_001,met_station_core;cr1000xe_backbone,1.1303999999999998,particle,transport,1,0.2808995842933655
7182,candidate_001,met_station_core;cr1000xe_backbone,1.1303999999999998,particle,transport,1,0.29288285970687866
7182,candidate_001,met_station_core;cr1000xe_backbone,1.1303999999999998,particle,transport,1,0.27649518847465515
7182,candidate_001,met_station_core;cr1000xe_backbone,1.1303999999999998,calm,transport,0,0.2671433389186859
7182,candidate_001,met_station_core;cr1000xe_backbone,1.1303999999999998,calm,transport,0,0.24921751022338867
7182,candidate_001,met_station_core;cr1000xe_backbone,1.1303999999999998,calm,transport,0,0.2564009130001068
7182,candidate_001,met_station_core;cr1000xe_backbone,1.1303999999999998,calm,transport,0,0.2181335836648941
7182,candidate_001,met_station_core;cr1000xe_backbone,1.1303999999999998,calm,transport,0,0.2826278805732727
7182,candidate_001,met_station_core;cr1000xe_backbone,1.1303999999999998,calm,transport,0,0.2638193666934967
7182,candidate_001,met_station_core;cr1000xe_backbone,1.1303999999999998,calm,particle,0,0.2506423592567444
7182,candidate_001,met_station_core;cr1000xe_backbone,1.1303999999999998,calm,particle,0,0.21774354577064514
7182,candidate_001,met_station_core;cr1000xe_backbone,1.1303999999999998,calm,particle,0,0.22376635670661926
7182,candidate_001,met_station_core;cr1000xe_backbone,1.1303999999999998,calm,particle,0,0.22028474509716034
7182,candidate_001,met_station_core;cr1000xe_backbone,1.1303999999999998,calm,particle,0,0.22038206458091736
7182,candidate_001,met_station_core;cr1000xe_backbone,1.1303999999999998,calm,particle,0,0.22049961984157562
7182,candidate_001,met_station_core;cr1000xe_backbone,1.1303999999999998,calm,particle,0,0.2510724663734436
7182,candidate_001,met_station_core;cr1000xe_backbone,1.1303999999999998,calm,particle,0,0.21251291036605835
7182,candidate_001,met_station_core;cr1000xe_backbone,1.1303999999999998,flux,particle,2,0.21669887006282806
7182,candidate_001,met_station_core;cr1000xe_backbone,1.1303999999999998,flux,particle,2,0.15893948078155518
7182,candidate_001,met_station_core;cr1000xe_backbone,1.1303999999999998,flux,particle,2,0.16264647245407104
7182,candidate_001,met_station_core;cr1000xe_backbone,1.1303999999999998,flux,particle,2,0.15143154561519623
7182,candidate_001,met_station_core;cr1000xe_backbone,1.1303999999999998,flux,particle,2,0.14668981730937958
7182,candidate_001,met_station_core;cr1000xe_backbone,1.1303999999999998,flux,particle,2,0.20016218721866608
7182,candidate_001,met_station_core;cr1000xe_backbone,1.1303999999999998,flux,particle,2,0.27197253704071045
7182,candidate_001,met_station_core;cr1000xe_backbone,1.1303999999999998,flux,particle,2,0.23886187374591827
7182,candidate_001,met_station_core;cr1000xe_backbone,1.1303999999999998,flux,particle,2,0.23500998318195343
7182,candidate_001,met_station_core;cr1000xe_backbone,1.1303999999999998,flux,particle,2,0.25943082571029663
7182,candidate_001,met_station_core;cr1000xe_backbone,1.1303999999999998,flux,particle,2,0.27729901671409607
7182,candidate_001,met_station_core;cr1000xe_backbone,1.1303999999999998,flux,particle,2,0.29063209891319275
7182,candidate_001,met_station_core;cr1000xe_backbone,1.1303999999999998,flux,particle,2,0.3094719350337982
7182,candidate_001,met_station_core;cr1000xe_backbone,1.1303999999999998,flux,particle,2,0.3225874602794647
7182,candidate_001,met_station_core;cr1000xe_backbone,1.1303999999999998,flux,particle,2,0.3497198522090912
7182,candidate_001,met_station_core;cr1000xe_backbone,1.1303999999999998,flux,particle,2,0.3654460906982422
7182,candidate_001,met_station_core;cr1000xe_backbone,1.1303999999999998,flux,particle,2,0.4445628225803375
7182,candidate_001,met_station_core;cr1000xe_backbone,1.1303999999999998,flux,thermal,2,0.41273507475852966
7182,candidate_001,met_station_core;cr1000xe_backbone,1.1303999999999998,flux,thermal,2,0.4378741979598999
7182,candidate_001,met_station_core;cr1000xe_backbone,1.1303999999999998,flux,thermal,2,0.4206739366054535
7182,candidate_001,met_station_core;cr1000xe_backbone,1.1303999999999998,flux,thermal,2,0.45306238532066345
7182,candidate_001,met_station_core;cr1000xe_backbone,1.1303999999999998,flux,thermal,2,0.4677233397960663
7182,candidate_001,met_station_core;cr1000xe_backbone,1.1303999999999998,flux,thermal,2,0.4237140417098999
7182,candidate_001,met_station_core;cr1000xe_backbone,1.1303999999999998,flux,thermal,2,0.40510597825050354
7182,candidate_001,met_station_core;cr1000xe_backbone,1.1303999999999998,flux,thermal,2,0.3985406756401062
7182,candidate_001,met_station_core;cr1000xe_backbone,1.1303999999999998,flux,thermal,2,0.42388156056404114
7182,candidate_001,met_station_core;cr1000xe_backbone,1.1303999999999998,flux,thermal,2,0.3971787691116333
7182,candidate_001,met_station_core;cr1000xe_backbone,1.1303999999999998,flux,thermal,2,0.385746031999588
7182,candidate_001,met_station_core;cr1000xe_backbone,1.1303999999999998,flux,thermal,2,0.38735857605934143
7182,candidate_001,met_station_core;cr1000xe_backbone,1.1303999999999998,flux,thermal,2,0.39471951127052307
7182,candidate_001,met_station_core;cr1000xe_backbone,1.1303999999999998,flux,thermal,2,0.40635690093040466
7182,candidate_001,met_station_core;cr1000xe_backbone,1.1303999999999998,flux,thermal,2,0.4208664894104004
7182,candidate_001,met_station_core;cr1000xe_backbone,1.1303999999999998,flux,thermal,2,0.4139690399169922
7182,candidate_001,met_station_core;cr1000xe_backbone,1.1303999999999998,flux,thermal,2,0.38232192397117615
7182,candidate_001,met_station_core;cr1000xe_backbone,1.1303999999999998,flux,thermal,2,0.4313102662563324
7182,candidate_001,met_station_core;cr1000xe_backbone,1.1303999999999998,flux,thermal,2,0.40354350209236145
7182,candidate_001,met_station_core;cr1000xe_backbone,1.1303999999999998,flux,thermal,2,0.3489484190940857
7182,candidate_001,met_station_core;cr1000xe_backbone,1.1303999999999998,flux,thermal,2,0.32168567180633545
7182,candidate_001,met_station_core;cr1000xe_backbone,1.1303999999999998,flux,thermal,2,0.31093624234199524
7182,candidate_001,met_station_core;cr1000xe_backbone,1.1303999999999998,flux,thermal,2,0.28511789441108704
7182,candidate_001,met_station_core;cr1000xe_backbone,1.1303999999999998,flux,thermal,2,0.30930039286613464
7182,candidate_001,met_station_core;cr1000xe_backbone,1.1303999999999998,flux,thermal,2,0.30486810207366943
7182,candidate_001,met_station_core;cr1000xe_backbone,1.1303999999999998,flux,thermal,2,0.31286340951919556
7182,candidate_001,met_station_core;cr1000xe_backbone,1.1303999999999998,flux,thermal,2,0.3116045594215393
7182,candidate_001,met_station_core;cr1000xe_backbone,1.1303999999999998,flux,transport,2,0.26176679134368896
7182,candidate_001,met_station_core;cr1000xe_backbone,1.1303999999999998,flux,transport,2,0.24269570410251617
7182,candidate_001,met_station_core;cr1000xe_backbone,1.1303999999999998,flux,transport,2,0.3020780384540558
7182,candidate_001,met_station_core;cr1000xe_backbone,1.1303999999999998,flux,transport,2,0.25829070806503296
7182,candidate_001,met_station_core;cr1000xe_backbone,1.1303999999999998,calm,transport,0,0.24116471409797668
7182,candidate_001,met_station_core;cr1000xe_backbone,1.1303999999999998,calm,transport,0,0.2400602102279663
7182,candidate_001,met_station_core;cr1000xe_backbone,1.1303999999999998,calm,transport,0,0.26151683926582336
7182,candidate_001,met_station_core;cr1000xe_backbone,1.1303999999999998,calm,transport,0,0.2737259864807129
7182,candidate_001,met_station_core;cr1000xe_backbone,1.1303999999999998,calm,transport,0,0.2525210976600647
7182,candidate_001,met_station_core;cr1000xe_backbone,1.1303999999999998,calm,transport,0,0.258453905582428
7182,candidate_001,met_station_core;cr1000xe_backbone,1.1303999999999998,calm,transport,0,0.26608094573020935
7182,candidate_001,met_station_core;cr1000xe_backbone,1.1303999999999998,calm,transport,0,0.2598596215248108
7182,candidate_001,met_station_core;cr1000xe_backbone,1.1303999999999998,calm,transport,0,0.2915145754814148
7182,candidate_001,met_station_core;cr1000xe_backbone,1.1303999999999998,calm,transport,0,0.28646308183670044
7182,candidate_001,met_station_core;cr1000xe_backbone,1.1303999999999998,calm,transport,0,0.3001979887485504
7182,candidate_001,met_station_core;cr1000xe_backbone,1.1303999999999998,calm,transport,0,0.30438053607940674
7182,candidate_001,met_station_core;cr1000xe_backbone,1.1303999999999998,calm,transport,0,0.32312947511672974
7182,candidate_001,met_station_core;cr1000xe_backbone,1.1303999999999998,calm,transport,0,0.35204899311065674
7182,candidate_001,met_station_core;cr1000xe_backbone,1.1303999999999998,thermal,transport,3,0.2672777473926544
7182,candidate_001,met_station_core;cr1000xe_backbone,1.1303999999999998,thermal,transport,3,0.24356187880039215
7182,candidate_001,met_station_core;cr1000xe_backbone,1.1303999999999998,thermal,transport,3,0.20297685265541077
7182,candidate_001,met_station_core;cr1000xe_backbone,1.1303999999999998,thermal,transport,3,0.21392853558063507
7182,candidate_001,met_station_core;cr1000xe_backbone,1.1303999999999998,thermal,particle,3,0.22275987267494202
7182,candidate_001,met_station_core;cr1000xe_backbone,1.1303999999999998,thermal,particle,3,0.22661608457565308
7182,candidate_001,met_station_core;cr1000xe_backbone,1.1303999999999998,thermal,particle,3,0.2369893193244934
7182,candidate_001,met_station_core;cr1000xe_backbone,1.1303999999999998,thermal,particle,3,0.2502017617225647
7182,candidate_001,met_station_core;cr1000xe_backbone,1.1303999999999998,thermal,particle,3,0.237400084733963
7182,candidate_001,met_station_core;cr1000xe_backbone,1.1303999999999998,thermal,particle,3,0.2682305574417114
7182,candidate_001,met_station_core;cr1000xe_backbone,1.1303999999999998,thermal,particle,3,0.24719209969043732
7182,candidate_001,met_station_core;cr1000xe_backbone,1.1303999999999998,thermal,particle,3,0.22641153633594513
7182,candidate_001,met_station_core;cr1000xe_backbone,1.1303999999999998,thermal,particle,3,0.18109406530857086
7182,candidate_001,met_station_core;cr1000xe_backbone,1.1303999999999998,thermal,particle,3,0.20550282299518585
7182,candidate_001,met_station_core;cr1000xe_backbone,1.1303999999999998,thermal,particle,3,0.23157085478305817
7182,candidate_001,met_station_core;cr1000xe_backbone,1.1303999999999998,thermal,particle,3,0.19104169309139252
7182,candidate_001,met_station_core;cr1000xe_backbone,1.1303999999999998,thermal,particle,3,0.20686496794223785
7182,candidate_001,met_station_core;cr1000xe_backbone,1.1303999999999998,thermal,particle,3,0.18009866774082184
7182,candidate_001,met_station_core;cr1000xe_backbone,1.1303999999999998,thermal,particle,3,0.1813514083623886
7182,candidate_001,met_station_core;cr1000xe_backbone,1.1303999999999998,thermal,particle,3,0.19400696456432343
7182,candidate_001,met_station_core;cr1000xe_backbone,1.1303999999999998,thermal,particle,3,0.18315790593624115
7182,candidate_001,met_station_core;cr1000xe_backbone,1.1303999999999998,thermal,particle,3,0.1872006207704544
7182,candidate_001,met_station_core;cr1000xe_backbone,1.1303999999999998,thermal,particle,3,0.216549813747406
7182,candidate_001,met_station_core;cr1000xe_backbone,1.1303999999999998,thermal,particle,3,0.22252537310123444
7182,candidate_001,met_station_core;cr1000xe_backbone,1.1303999999999998,thermal,particle,3,0.2047523856163025
7182,candidate_001,met_station_core;cr1000xe_backbone,1.1303999999999998,thermal,particle,3,0.1837426722049713
7182,candidate_001,met_station_core;cr1000xe_backbone,1.1303999999999998,thermal,particle,3,0.18578845262527466
7182,candidate_001,met_station_core;cr1000xe_backbone,1.1303999999999998,thermal,particle,3,0.22317881882190704
7182,candidate_001,met_station_core;cr1000xe_backbone,1.1303999999999998,thermal,particle,3,0.2115107774734497
7182,candidate_001,met_station_core;cr1000xe_backbone,1.1303999999999998,thermal,particle,3,0.22849403321743011
7182,candidate_001,met_station_core;cr1000xe_backbone,1.1303999999999998,thermal,particle,3,0.1848008930683136
7182,candidate_001,met_station_core;cr1000xe_backbone,1.1303999999999998,thermal,particle,3,0.24265174567699432
7182,candidate_001,met_station_core;cr1000xe_backbone,1.1303999999999998,thermal,particle,3,0.25592997670173645
7182,candidate_001,met_station_core;cr1000xe_backbone,1.1303999999999998,thermal,particle,3,0.3090950846672058
7182,candidate_001,met_station_core;cr1000xe_backbone,1.1303999999999998,thermal,particle,3,0.31011250615119934
7182,candidate_001,met_station_core;cr1000xe_backbone,1.1303999999999998,thermal,particle,3,0.3339972496032715
7182,candidate_001,met_station_core;cr1000xe_backbone,1.1303999999999998,thermal,particle,3,0.3822786211967468
7182,candidate_001,met_station_core;cr1000xe_backbone,1.1303999999999998,thermal,particle,3,0.3842211663722992
7182,candidate_001,met_station_core;cr1000xe_backbone,1.1303999999999998,thermal,particle,3,0.4153774380683899
7182,candidate_001,met_station_core;cr1000xe_backbone,1.1303999999999998,thermal,particle,3,0.48854920268058777
7182,candidate_001,met_station_core;cr1000xe_backbone,1.1303999999999998,thermal,thermal,3,0.46034467220306396
7182,candidate_001,met_station_core;cr1000xe_backbone,1.1303999999999998,thermal,thermal,3,0.5109394192695618
7182,candidate_001,met_station_core;cr1000xe_backbone,1.1303999999999998,thermal,thermal,3,0.4936061501502991
7182,candidate_001,met_station_core;cr1000xe_backbone,1.1303999999999998,thermal,thermal,3,0.5016686320304871
7182,candidate_001,met_station_core;cr1000xe_backbone,1.1303999999999998,thermal,thermal,3,0.5131242275238037
7182,candidate_001,met_station_core;cr1000xe_backbone,1.1303999999999998,thermal,thermal,3,0.5715802907943726
7182,candidate_001,met_station_core;cr1000xe_backbone,1.1303999999999998,thermal,thermal,3,0.5650069117546082
7182,candidate_001,met_station_core;cr1000xe_backbone,1.1303999999999998,thermal,thermal,3,0.5322191715240479
7182,candidate_001,met_station_core;cr1000xe_backbone,1.1303999999999998,thermal,thermal,3,0.4760185480117798
7182,candidate_001,met_station_core;cr1000xe_backbone,1.1303999999999998,thermal,thermal,3,0.45603662729263306
7182,candidate_001,met_station_core;cr1000xe_backbone,1.1303999999999998,thermal,thermal,3,0.4221792221069336
7182,candidate_001,met_station_core;cr1000xe_backbone,1.1303999999999998,thermal,thermal,3,0.4430788457393646
7182,candidate_001,met_station_core;cr1000xe_backbone,1.1303999999999998,thermal,thermal,3,0.45811188220977783
7182,candidate_001,met_station_core;cr1000xe_backbone,1.1303999999999998,thermal,thermal,3,0.4518416225910187
7182,candidate_001,met_station_core;cr1000xe_backbone,1.1303999999999998,thermal,thermal,3,0.36341482400894165
7182,candidate_001,met_station_core;cr1000xe_backbone,1.1303999999999998,thermal,thermal,3,0.3192865252494812
7182,candidate_001,met_station_core;cr1000xe_backbone,1.1303999999999998,calm,thermal,0,0.2300543189048767
7182,candidate_001,met_station_core;cr1000xe_backbone,1.1303999999999998,calm,thermal,0,0.25559502840042114
7182,candidate_001,met_station_core;cr1000xe_backbone,1.1303999999999998,calm,thermal,0,0.2500564754009247
7182,candidate_001,met_station_core;cr1000xe_backbone,1.1303999999999998,calm,thermal,0,0.27935531735420227
7182,candidate_001,met_station_core;cr1000xe_backbone,1.1303999999999998,calm,thermal,0,0.28739821910858154
7182,candidate_001,met_station_core;cr1000xe_backbone,1.1303999999999998,calm,thermal,0,0.28388479351997375
7182,candidate_001,met_station_core;cr1000xe_backbone,1.1303999999999998,calm,thermal,0,0.22595761716365814
7182,candidate_001,met_station_core;cr1000xe_backbone,1.1303999999999998,calm,thermal,0,0.19143393635749817
7182,candidate_001,met_station_core;cr1000xe_backbone,1.1303999999999998,calm,thermal,0,0.18803735077381134
7182,candidate_001,met_station_core;cr1000xe_backbone,1.1303999999999998,calm,thermal,0,0.1977146863937378
7182,candidate_001,met_station_core;cr1000xe_backbone,1.1303999999999998,calm,thermal,0,0.21498757600784302
7182,candidate_001,met_station_core;cr1000xe_backbone,1.1303999999999998,calm,transport,0,0.23509736359119415
7182,candidate_001,met_station_core;cr1000xe_backbone,1.1303999999999998,thermal,transport,3,0.21616977453231812
7182,candidate_001,met_station_core;cr1000xe_backbone,1.1303999999999998,thermal,transport,3,0.20753657817840576
7182,candidate_002,radiometer_basic;cr1000xe_backbone,1.0904,calm,thermal,0,1.072939395904541
7182,candidate_002,radiometer_basic;cr1000xe_backbone,1.0904,calm,thermal,0,1.0634337663650513
7182,candidate_002,radiometer_basic;cr1000xe_backbone,1.0904,calm,thermal,0,1.0617656707763672
7182,candidate_002,radiometer_basic;cr1000xe_backbone,1.0904,calm,thermal,0,1.0279755592346191
7182,candidate_002,radiometer_basic;cr1000xe_backbone,1.0904,calm,thermal,0,0.92099928855896
7182,candidate_002,radiometer_basic;cr1000xe_backbone,1.0904,calm,thermal,0,0.8906797766685486
7182,candidate_002,radiometer_basic;cr1000xe_backbone,1.0904,calm,thermal,0,0.8595811724662781
7182,candidate_002,radiometer_basic;cr1000xe_backbone,1.0904,calm,thermal,0,0.8187492489814758
7182,candidate_002,radiometer_basic;cr1000xe_backbone,1.0904,calm,thermal,0,0.8015788197517395
7182,candidate_002,radiometer_basic;cr1000xe_backbone,1.0904,calm,thermal,0,0.7366222143173218
7182,candidate_002,radiometer_basic;cr1000xe_backbone,1.0904,calm,thermal,0,0.7423012852668762
7182,candidate_002,radiometer_basic;cr1000xe_backbone,1.0904,calm,transport,0,0.765173077583313
7182,candidate_002,radiometer_basic;cr1000xe_backbone,1.0904,calm,transport,0,0.7859310507774353
7182,candidate_002,radiometer_basic;cr1000xe_backbone,1.0904,calm,transport,0,0.7817082405090332
7182,candidate_002,radiometer_basic;cr1000xe_backbone,1.0904,calm,transport,0,0.7822256684303284
7182,candidate_002,radiometer_basic;cr1000xe_backbone,1.0904,calm,transport,0,0.7959421277046204
7182,candidate_002,radiometer_basic;cr1000xe_backbone,1.0904,calm,transport,0,0.8201290369033813
7182,candidate_002,radiometer_basic;cr1000xe_backbone,1.0904,calm,transport,0,0.8102785348892212
7182,candidate_002,radiometer_basic;cr1000xe_backbone,1.0904,calm,transport,0,0.793253481388092
7182,candidate_002,radiometer_basic;cr1000xe_backbone,1.0904,calm,transport,0,0.779987633228302
7182,candidate_002,radiometer_basic;cr1000xe_backbone,1.0904,calm,transport,0,0.7762688994407654
7182,candidate_002,radiometer_basic;cr1000xe_backbone,1.0904,calm,transport,0,0.7599122524261475
7182,candidate_002,radiometer_basic;cr1000xe_backbone,1.0904,calm,transport,0,0.7104666233062744
7182,candidate_002,radiometer_basic;cr1000xe_backbone,1.0904,calm,transport,0,0.7202485799789429
7182,candidate_002,radiometer_basic;cr1000xe_backbone,1.0904,calm,transport,0,0.7231464982032776
7182,candidate_002,radiometer_basic;cr1000xe_backbone,1.0904,calm,transport,0,0.7098226547241211
7182,candidate_002,radiometer_basic;cr1000xe_backbone,1.0904,calm,transport,0,0.6735703945159912
7182,candidate_002,radiometer_basic;cr1000xe_backbone,1.0904,calm,transport,0,0.6891731023788452
7182,candidate_002,radiometer_basic;cr1000xe_backbone,1.0904,calm,transport,0,0.6932699680328369
7182,candidate_002,radiometer_basic;cr1000xe_backbone,1.0904,calm,transport,0,0.672850489616394
7182,candidate_002,radiometer_basic;cr1000xe_backbone,1.0904,calm,transport,0,0.7008689045906067
7182,candidate_002,radiometer_basic;cr1000xe_backbone,1.0904,calm,transport,0,0.6779949069023132
7182,candidate_002,radiometer_basic;cr1000xe_backbone,1.0904,calm,transport,0,0.6827404499053955
7182,candidate_002,radiometer_basic;cr1000xe_backbone,1.0904,calm,transport,0,0.6223382949829102
7182,candidate_002,radiometer_basic;cr1000xe_backbone,1.0904,calm,transport,0,0.6378241181373596
7182,candidate_002,radiometer_basic;cr1000xe_backbone,1.0904,calm,transport,0,0.6574611067771912
7182,candidate_002,radiometer_basic;cr1000xe_backbone,1.0904,calm,transport,0,0.6961199641227722
7182,candidate_002,radiometer_basic;cr1000xe_backbone,1.0904,calm,transport,0,0.6794270873069763
7182,candidate_002,radiometer_basic;cr1000xe_backbone,1.0904,calm,transport,0,0.7101828455924988
7182,candidate_002,radiometer_basic;cr1000xe_backbone,1.0904,calm,transport,0,0.7339116334915161
7182,candidate_002,radiometer_basic;cr1000xe_backbone,1.0904,calm,transport,0,0.7570292353630066
7182,candidate_002,radiometer_basic;cr1000xe_backbone,1.0904,calm,transport,0,0.7582461833953857
7182,candidate_002,radiometer_basic;cr1000xe_backbone,1.0904,calm,transport,0,0.7567064166069031
7182,candidate_002,radiometer_basic;cr1000xe_backbone,1.0904,calm,transport,0,0.7707532048225403
7182,candidate_002,radiometer_basic;cr1000xe_backbone,1.0904,calm,particle,0,0.7565858364105225
7182,candidate_002,radiometer_basic;cr1000xe_backbone,1.0904,calm,particle,0,0.7491248846054077
7182,candidate_002,radiometer_basic;cr1000xe_backbone,1.0904,calm,particle,0,0.7064387202262878
7182,candidate_002,radiometer_basic;cr1000xe_backbone,1.0904,calm,particle,0,0.694695770740509
7182,candidate_002,radiometer_basic;cr1000xe_backbone,1.0904,calm,particle,0,0.7123705744743347
7182,candidate_002,radiometer_basic;cr1000xe_backbone,1.0904,calm,particle,0,0.6902024149894714
7182,candidate_002,radiometer_basic;cr1000xe_backbone,1.0904,calm,particle,0,0.6631600856781006
7182,candidate_002,radiometer_basic;cr1000xe_backbone,1.0904,calm,particle,0,0.6658857464790344
7182,candidate_002,radiometer_basic;cr1000xe_backbone,1.0904,calm,particle,0,0.6653682589530945
7182,candidate_002,radiometer_basic;cr1000xe_backbone,1.0904,calm,particle,0,0.6538655757904053
7182,candidate_002,radiometer_basic;cr1000xe_backbone,1.0904,calm,particle,0,0.6780075430870056
7182,candidate_002,radiometer_basic;cr1000xe_backbone,1.0904,calm,particle,0,0.6638414859771729
7182,candidate_002,radiometer_basic;cr1000xe_backbone,1.0904,calm,particle,0,0.6373301148414612
7182,candidate_002,radiometer_basic;cr1000xe_backbone,1.0904,calm,particle,0,0.5879217982292175
7182,candidate_002,radiometer_basic;cr1000xe_backbone,1.0904,calm,particle,0,0.5657928586006165
7182,candidate_002,radiometer_basic;cr1000xe_backbone,1.0904,calm,particle,0,0.6072690486907959
7182,candidate_002,radiometer_basic;cr1000xe_backbone,1.0904,calm,particle,0,0.6192069053649902
7182,candidate_002,radiometer_basic;cr1000xe_backbone,1.0904,calm,particle,0,0.6188052892684937
7182,candidate_002,radiometer_basic;cr1000xe_backbone,1.0904,calm,particle,0,0.6311643123626709
7182,candidate_002,radiometer_basic;cr1000xe_backbone,1.0904,calm,particle,0,0.6642833948135376
7182,candidate_002,radiometer_basic;cr1000xe_backbone,1.0904,calm,particle,0,0.6937305331230164
7182,candidate_002,radiometer_basic;cr1000xe_backbone,1.0904,calm,thermal,0,0.6754249334335327
7182,candidate_002,radiometer_basic;cr1000xe_backbone,1.0904,calm,thermal,0,0.6895676255226135
7182,candidate_002,radiometer_basic;cr1000xe_backbone,1.0904,calm,thermal,0,0.6850500702857971
7182,candidate_002,radiometer_basic;cr1000xe_backbone,1.0904,calm,thermal,0,0.6838887929916382
7182,candidate_002,radiometer_basic;cr1000xe_backbone,1.0904,calm,thermal,0,0.681706428527832
7182,candidate_002,radiometer_basic;cr1000xe_backbone,1.0904,calm,thermal,0,0.6482390761375427
7182,candidate_002,radiometer_basic;cr1000xe_backbone,1.0904,calm,thermal,0,0.6435635089874268
7182,candidate_002,radiometer_basic;cr1000xe_backbone,1.0904,calm,thermal,0,0.669230043888092
7182,candidate_002,radiometer_basic;cr1000xe_backbone,1.0904,calm,thermal,0,0.6307274699211121
7182,candidate_002,radiometer_basic;cr1000xe_backbone,1.0904,calm,thermal,0,0.609565019607544
7182,candidate_002,radiometer_basic;cr1000xe_backbone,1.0904,calm,thermal,0,0.6325697302818298
7182,candidate_002,radiometer_basic;cr1000xe_backbone,1.0904,calm,thermal,0,0.6320255994796753
7182,candidate_002,radiometer_basic;cr1000xe_backbone,1.0904,calm,thermal,0,0.6161963939666748
7182,candidate_002,radiometer_basic;cr1000xe_backbone,1.0904,calm,thermal,0,0.6731491684913635
7182,candidate_002,radiometer_basic;cr1000xe_backbone,1.0904,calm,thermal,0,0.6593356132507324
7182,candidate_002,radiometer_basic;cr1000xe_backbone,1.0904,calm,thermal,0,0.656123161315918
7182,candidate_002,radiometer_basic;cr1000xe_backbone,1.0904,calm,thermal,0,0.6084701418876648
7182,candidate_002,radiometer_basic;cr1000xe_backbone,1.0904,calm,thermal,0,0.6282519698143005
7182,candidate_002,radiometer_basic;cr1000xe_backbone,1.0904,calm,thermal,0,0.6542467474937439
7182,candidate_002,radiometer_basic;cr1000xe_backbone,1.0904,calm,thermal,0,0.6935808658599854
7182,candidate_002,radiometer_basic;cr1000xe_backbone,1.0904,calm,thermal,0,0.6838540434837341
7182,candidate_002,radiometer_basic;cr1000xe_backbone,1.0904,calm,thermal,0,0.7070086002349854
7182,candidate_002,radiometer_basic;cr1000xe_backbone,1.0904,calm,thermal,0,0.7446041703224182
7182,candidate_002,radiometer_basic;cr1000xe_backbone,1.0904,calm,thermal,0,0.7726093530654907
7182,candidate_002,radiometer_basic;cr1000xe_backbone,1.0904,calm,transport,0,0.7743852734565735
7182,candidate_002,radiometer_basic;cr1000xe_backbone,1.0904,calm,transport,0,0.7675186395645142
7182,candidate_002,radiometer_basic;cr1000xe_backbone,1.0904,calm,transport,0,0.7832067608833313
7182,candidate_002,radiometer_basic;cr1000xe_backbone,1.0904,calm,transport,0,0.7695838212966919
7182,candidate_002,radiometer_basic;cr1000xe_backbone,1.0904,calm,transport,0,0.7488404512405396
7182,candidate_002,radiometer_basic;cr1000xe_backbone,1.0904,calm,transport,0,0.721950888633728
7182,candidate_002,radiometer_basic;cr1000xe_backbone,1.0904,calm,transport,0,0.6971068978309631
7182,candidate_002,radiometer_basic;cr1000xe_backbone,1.0904,calm,transport,0,0.7029757499694824
7182,candidate_002,radiometer_basic;cr1000xe_backbone,1.0904,calm,transport,0,0.7072142958641052
7182,candidate_002,radiometer_basic;cr1000xe_backbone,1.0904,calm,transport,0,0.6456263065338135
7182,candidate_002,radiometer_basic;cr1000xe_backbone,1.0904,calm,transport,0,0.6627410054206848
7182,candidate_002,radiometer_basic;cr1000xe_backbone,1.0904,calm,transport,0,0.6625290513038635
7182,candidate_002,radiometer_basic;cr1000xe_backbone,1.0904,calm,transport,0,0.6461825370788574
7182,candidate_002,radiometer_basic;cr1000xe_backbone,1.0904,calm,transport,0,0.6858692765235901
7182,candidate_002,radiometer_basic;cr1000xe_backbone,1.0904,calm,transport,0,0.6851796507835388
7182,candidate_002,radiometer_basic;cr1000xe_backbone,1.0904,calm,transport,0,0.6605735421180725
7182,candidate_002,radiometer_basic;cr1000xe_backbone,1.0904,calm,transport,0,0.6053362488746643
7182,candidate_002,radiometer_basic;cr1000xe_backbone,1.0904,calm,transport,0,0.6024964451789856
7182,candidate_002,radiometer_basic;cr1000xe_backbone,1.0904,calm,transport,0,0.6485570669174194
7182,candidate_002,radiometer_basic;cr1000xe_backbone,1.0904,calm,transport,0,0.6796894669532776
7182,candidate_002,radiometer_basic;cr1000xe_backbone,1.0904,calm,transport,0,0.6804818511009216
7182,candidate_002,radiometer_basic;cr1000xe_backbone,1.0904,calm,transport,0,0.7007205486297607
7182,candidate_002,radiometer_basic;cr1000xe_backbone,1.0904,calm,particle,0,0.7407188415527344
7182,candidate_002,radiometer_basic;cr1000xe_backbone,1.0904,calm,particle,0,0.7731844186782837
7182,candidate_002,radiometer_basic;cr1000xe_backbone,1.0904,calm,particle,0,0.7782291769981384
7182,candidate_002,radiometer_basic;cr1000xe_backbone,1.0904,calm,particle,0,0.7931697964668274
7182,candidate_002,radiometer_basic;cr1000xe_backbone,1.0904,calm,particle,0,0.8119192123413086
7182,candidate_002,radiometer_basic;cr1000xe_backbone,1.0904,calm,particle,0,0.8323608636856079
7182,candidate_002,radiometer_basic;cr1000xe_backbone,1.0904,calm,particle,0,0.8322648406028748
7182,candidate_002,radiometer_basic;cr1000xe_backbone,1.0904,calm,particle,0,0.7958273887634277
7182,candidate_002,radiometer_basic;cr1000xe_backbone,1.0904,calm,particle,0,0.8143179416656494
7182,candidate_002,radiometer_basic;cr1000xe_backbone,1.0904,calm,particle,0,0.8345445990562439
7182,candidate_002,radiometer_basic;cr1000xe_backbone,1.0904,calm,particle,0,0.8438243865966797
7182,candidate_002,radiometer_basic;cr1000xe_backbone,1.0904,calm,particle,0,0.8069654107093811
7182,candidate_002,radiometer_basic;cr1000xe_backbone,1.0904,calm,particle,0,0.8399459719657898
7182,candidate_002,radiometer_basic;cr1000xe_backbone,1.0904,calm,particle,0,0.8543311953544617
7182,candidate_002,radiometer_basic;cr1000xe_backbone,1.0904,calm,particle,0,0.8508174419403076
7182,candidate_002,radiometer_basic;cr1000xe_backbone,1.0904,calm,particle,0,0.906920313835144
7182,candidate_002,radiometer_basic;cr1000xe_backbone,1.0904,calm,particle,0,0.9171929955482483
7182,candidate_002,radiometer_basic;cr1000xe_backbone,1.0904,calm,particle,0,0.9332311153411865
7182,candidate_002,radiometer_basic;cr1000xe_backbone,1.0904,calm,particle,0,0.8768100142478943
7182,candidate_002,radiometer_basic;cr1000xe_backbone,1.0904,calm,particle,0,0.8755580186843872
7182,candidate_002,radiometer_basic;cr1000xe_backbone,1.0904,calm,particle,0,0.9159454703330994
7182,candidate_002,radiometer_basic;cr1000xe_backbone,1.0904,calm,particle,0,0.967240035533905
7182,candidate_002,radiometer_basic;cr1000xe_backbone,1.0904,calm,particle,0,0.9652359485626221
7182,candidate_002,radiometer_basic;cr1000xe_backbone,1.0904,calm,thermal,0,0.9770611524581909
7182,candidate_002,radiometer_basic;cr1000xe_backbone,1.0904,calm,thermal,0,1.0206634998321533
7182,candidate_002,radiometer_basic;cr1000xe_backbone,1.0904,calm,thermal,0,1.0735722780227661
7182,candidate_002,radiometer_basic;cr1000xe_backbone,1.0904,calm,thermal,0,1.0573391914367676
7182,candidate_002,radiometer_basic;cr1000xe_backbone,1.0904,calm,thermal,0,1.0753284692764282
7182,candidate_002,radiometer_basic;cr1000xe_backbone,1.0904,calm,thermal,0,1.091223120689392
7182,candidate_002,radiometer_basic;cr1000xe_backbone,1.0904,calm,thermal,0,1.0855618715286255
7182,candidate_002,radiometer_basic;cr1000xe_backbone,1.0904,calm,thermal,0,1.0747389793395996
7182,candidate_002,radiometer_basic;cr1000xe_backbone,1.0904,calm,thermal,0,1.0290793180465698
7182,candidate_002,radiometer_basic;cr1000xe_backbone,1.0904,calm,thermal,0,1.0242068767547607
7182,candidate_002,radiometer_basic;cr1000xe_backbone,1.0904,calm,thermal,0,1.0467058420181274
7182,candidate_002,radiometer_basic;cr1000xe_backbone,1.0904,calm,thermal,0,1.02927565574646
7182,candidate_002,radiometer_basic;cr1000xe_backbone,1.0904,calm,thermal,0,1.0031518936157227
7182,candidate_002,radiometer_basic;cr1000xe_backbone,1.0904,calm,thermal,0,1.0176632404327393
7182,candidate_002,radiometer_basic;cr1000xe_backbone,1.0904,calm,thermal,0,1.0121040344238281
7182,candidate_002,radiometer_basic;cr1000xe_backbone,1.0904,calm,thermal,0,0.9885050058364868
7182,candidate_002,radiometer_basic;cr1000xe_backbone,1.0904,calm,thermal,0,1.0109225511550903
7182,candidate_002,radiometer_basic;cr1000xe_backbone,1.0904,calm,thermal,0,1.0467963218688965
7182,candidate_002,radiometer_basic;cr1000xe_backbone,1.0904,calm,thermal,0,1.0083378553390503
7182,candidate_002,radiometer_basic;cr1000xe_backbone,1.0904,calm,thermal,0,0.960316002368927
7182,candidate_002,radiometer_basic;cr1000xe_backbone,1.0904,calm,thermal,0,0.9529984593391418
7182,candidate_002,radiometer_basic;cr1000xe_backbone,1.0904,calm,transport,0,0.9929428100585938
7182,candidate_002,radiometer_basic;cr1000xe_backbone,1.0904,calm,transport,0,0.9993289113044739
7182,candidate_002,radiometer_basic;cr1000xe_backbone,1.0904,calm,transport,0,1.0085972547531128
7182,candidate_002,radiometer_basic;cr1000xe_backbone,1.0904,calm,transport,0,1.0214252471923828
7182,candidate_002,radiometer_basic;cr1000xe_backbone,1.0904,calm,transport,0,1.0618350505828857
7182,candidate_002,radiometer_basic;cr1000xe_backbone,1.0904,calm,transport,0,1.0921365022659302
7182,candidate_002,radiometer_basic;cr1000xe_backbone,1.0904,calm,transport,0,1.090754508972168
7182,candidate_002,radiometer_basic;cr1000xe_backbone,1.0904,calm,transport,0,1.0848299264907837
7182,candidate_002,radiometer_basic;cr1000xe_backbone,1.0904,calm,transport,0,1.0986241102218628
7182,candidate_002,radiometer_basic;cr1000xe_backbone,1.0904,calm,transport,0,1.0858968496322632
7182,candidate_002,radiometer_basic;cr1000xe_backbone,1.0904,calm,transport,0,1.0950838327407837
7182,candidate_002,radiometer_basic;cr1000xe_backbone,1.0904,calm,transport,0,1.08362877368927
7182,candidate_002,radiometer_basic;cr1000xe_backbone,1.0904,calm,transport,0,1.0619237422943115
7182,candidate_002,radiometer_basic;cr1000xe_backbone,1.0904,calm,transport,0,1.0742582082748413
7182,candidate_002,radiometer_basic;cr1000xe_backbone,1.0904,calm,transport,0,1.0521053075790405
7182,candidate_002,radiometer_basic;cr1000xe_backbone,1.0904,calm,transport,0,1.0412086248397827
7182,candidate_002,radiometer_basic;cr1000xe_backbone,1.0904,calm,transport,0,1.0396697521209717
7182,candidate_002,radiometer_basic;cr1000xe_backbone,1.0904,calm,transport,0,1.0591427087783813
7182,candidate_002,radiometer_basic;cr1000xe_backbone,1.0904,calm,particle,0,1.0655571222305298
7182,candidate_002,radiometer_basic;cr1000xe_backbone,1.0904,calm,particle,0,1.0656176805496216
7182,candidate_002,radiometer_basic;cr1000xe_backbone,1.0904,calm,particle,0,1.0733935832977295
7182,candidate_002,radiometer_basic;cr1000xe_backbone,1.0904,calm,particle,0,1.0901776552200317
7182,candidate_002,radiometer_basic;cr1000xe_backbone,1.0904,calm,particle,0,1.0393524169921875
7182,candidate_002,radiometer_basic;cr1000xe_backbone,1.0904,calm,particle,0,0.9967296123504639
7182,candidate_002,radiometer_basic;cr1000xe_backbone,1.0904,calm,particle,0,1.0338810682296753
7182,candidate_002,radiometer_basic;cr1000xe_backbone,1.0904,calm,particle,0,1.034576654434204
7182,candidate_002,radiometer_basic;cr1000xe_backbone,1.0904,calm,particle,0,1.0385347604751587
7182,candidate_002,radiometer_basic;cr1000xe_backbone,1.0904,calm,particle,0,1.0373677015304565
7182,candidate_002,radiometer_basic;cr1000xe_backbone,1.0904,calm,particle,0,1.0734699964523315
7182,candidate_002,radiometer_basic;cr1000xe_backbone,1.0904,calm,particle,0,1.0780949592590332
7182,candidate_002,radiometer_basic;cr1000xe_backbone,1.0904,calm,particle,0,1.067380428314209
7182,candidate_002,radiometer_basic;cr1000xe_backbone,1.0904,calm,particle,0,1.065179705619812
7182,candidate_002,radiometer_basic;cr1000xe_backbone,1.0904,calm,particle,0,1.0858004093170166
7182,candidate_002,radiometer_basic;cr1000xe_backbone,1.0904,calm,particle,0,1.0800504684448242
7182,candidate_002,radiometer_basic;cr1000xe_backbone,1.0904,calm,particle,0,1.068925380706787
7182,candidate_002,radiometer_basic;cr1000xe_backbone,1.0904,calm,particle,0,1.0300294160842896
7182,candidate_002,radiometer_basic;cr1000xe_backbone,1.0904,calm,particle,0,1.0323032140731812
7182,candidate_002,radiometer_basic;cr1000xe_backbone,1.0904,calm,particle,0,1.0130294561386108
7182,candidate_002,radiometer_basic;cr1000xe_backbone,1.0904,calm,particle,0,0.9936313033103943
7182,candidate_002,radiometer_basic;cr1000xe_backbone,1.0904,calm,particle,0,0.9683240056037903
7182,candidate_002,radiometer_basic;cr1000xe_backbone,1.0904,calm,particle,0,0.9651164412498474
7182,candidate_002,radiometer_basic;cr1000xe_backbone,1.0904,calm,particle,0,0.9528206586837769
7182,candidate_002,radiometer_basic;cr1000xe_backbone,1.0904,calm,particle,0,0.9657098054885864
7182,candidate_002,radiometer_basic;cr1000xe_backbone,1.0904,calm,particle,0,0.9746776223182678
7182,candidate_002,radiometer_basic;cr1000xe_backbone,1.0904,calm,particle,0,0.9880235195159912
7182,candidate_002,radiometer_basic;cr1000xe_backbone,1.0904,calm,particle,0,0.9691364765167236
7182,candidate_002,radiometer_basic;cr1000xe_backbone,1.0904,calm,particle,0,0.9585291743278503
7182,candidate_002,radiometer_basic;cr1000xe_backbone,1.0904,calm,particle,0,0.9362418055534363
7182,candidate_002,radiometer_basic;cr1000xe_backbone,1.0904,calm,particle,0,0.9540822505950928
7182,candidate_002,radiometer_basic;cr1000xe_backbone,1.0904,calm,particle,0,0.9941734075546265
7182,candidate_002,radiometer_basic;cr1000xe_backbone,1.0904,calm,thermal,0,1.0114290714263916
7182,candidate_002,radiometer_basic;cr1000xe_backbone,1.0904,calm,thermal,0,1.0256134271621704
7182,candidate_002,radiometer_basic;cr1000xe_backbone,1.0904,calm,thermal,0,1.070088505744934
7182,candidate_002,radiometer_basic;cr1000xe_backbone,1.0904,calm,thermal,0,1.097785472869873
7182,candidate_002,radiometer_basic;cr1000xe_backbone,1.0904,calm,thermal,0,1.113173007965088
7182,candidate_002,radiometer_basic;cr1000xe_backbone,1.0904,calm,thermal,0,1.0965765714645386
7182,candidate_002,radiometer_basic;cr1000xe_backbone,1.0904,calm,thermal,0,1.124870777130127
7182,candidate_002,radiometer_basic;cr1000xe_backbone,1.0904,calm,thermal,0,1.1420351266860962
7182,candidate_002,radiometer_basic;cr1000xe_backbone,1.0904,calm,thermal,0,1.1249244213104248
7182,candidate_002,radiometer_basic;cr1000xe_backbone,1.0904,calm,thermal,0,1.133710503578186
7182,candidate_002,radiometer_basic;cr1000xe_backbone,1.0904,calm,thermal,0,1.1063835620880127
7182,candidate_002,radiometer_basic;cr1000xe_backbone,1.0904,calm,thermal,0,1.1078563928604126
7182,candidate_002,radiometer_basic;cr1000xe_backbone,1.0904,calm,thermal,0,1.0882647037506104
7182,candidate_002,radiometer_basic;cr1000xe_backbone,1.0904,calm,thermal,0,1.026660680770874
7182,candidate_002,radiometer_basic;cr1000xe_backbone,1.0904,calm,thermal,0,1.0529961585998535
7182,candidate_002,radiometer_basic;cr1000xe_backbone,1.0904,calm,thermal,0,1.0305182933807373
7182,candidate_002,radiometer_basic;cr1000xe_backbone,1.0904,calm,thermal,0,1.0627226829528809
7182,candidate_002,radiometer_basic;cr1000xe_backbone,1.0904,calm,thermal,0,1.0646978616714478
7182,candidate_002,radiometer_basic;cr1000xe_backbone,1.0904,calm,thermal,0,1.116307020187378
7182,candidate_002,radiometer_basic;cr1000xe_backbone,1.0904,calm,thermal,0,1.1419363021850586
7182,candidate_002,radiometer_basic;cr1000xe_backbone,1.0904,calm,thermal,0,1.1043750047683716
7182,candidate_002,radiometer_basic;cr1000xe_backbone,1.0904,calm,thermal,0,1.0685458183288574
7182,candidate_002,radiometer_basic;cr1000xe_backbone,1.0904,calm,thermal,0,1.097388505935669
7182,candidate_002,radiometer_basic;cr1000xe_backbone,1.0904,calm,thermal,0,1.1167436838150024
7182,candidate_002,radiometer_basic;cr1000xe_backbone,1.0904,thermal,thermal,3,1.0817961692810059
7182,candidate_002,radiometer_basic;cr1000xe_backbone,1.0904,thermal,thermal,3,1.0500075817108154
7182,candidate_002,radiometer_basic;cr1000xe_backbone,1.0904,thermal,thermal,3,1.0415003299713135
7182,candidate_002,radiometer_basic;cr1000xe_backbone,1.0904,thermal,transport,3,1.0477098226547241
7182,candidate_002,radiometer_basic;cr1000xe_backbone,1.0904,thermal,transport,3,1.0273661613464355
7182,candidate_002,radiometer_basic;cr1000xe_backbone,1.0904,thermal,transport,3,1.0214916467666626
7182,candidate_002,radiometer_basic;cr1000xe_backbone,1.0904,thermal,transport,3,1.0663917064666748
7182,candidate_002,radiometer_basic;cr1000xe_backbone,1.0904,thermal,transport,3,1.0533390045166016
7182,candidate_002,radiometer_basic;cr1000xe_backbone,1.0904,thermal,transport,3,1.0426616668701172
7182,candidate_002,radiometer_basic;cr1000xe_backbone,1.0904,thermal,transport,3,1.0530714988708496
7182,candidate_002,radiometer_basic;cr1000xe_backbone,1.0904,thermal,transport,3,1.0243874788284302
7182,candidate_002,radiometer_basic;cr1000xe_backbone,1.0904,thermal,transport,3,1.0429919958114624
7182,candidate_002,radiometer_basic;cr1000xe_backbone,1.0904,thermal,transport,3,0.9877012968063354
7182,candidate_002,radiometer_basic;cr1000xe_backbone,1.0904,thermal,transport,3,0.9629391431808472
7182,candidate_002,radiometer_basic;cr1000xe_backbone,1.0904,thermal,transport,3,0.9565795063972473
7182,candidate_002,radiometer_basic;cr1000xe_backbone,1.0904,thermal,transport,3,0.958023726940155
7182,candidate_002,radiometer_basic;cr1000xe_backbone,1.0904,thermal,transport,3,0.9516280889511108
7182,candidate_002,radiometer_basic;cr1000xe_backbone,1.0904,thermal,transport,3,0.9257733821868896
7182,candidate_002,radiometer_basic;cr1000xe_backbone,1.0904,thermal,transport,3,0.946439266204834
7182,candidate_002,radiometer_basic;cr1000xe_backbone,1.0904,thermal,transport,3,0.938246488571167
7182,candidate_002,radiometer_basic;cr1000xe_backbone,1.0904,thermal,transport,3,0.9171222448348999
7182,candidate_002,radiometer_basic;cr1000xe_backbone,1.0904,thermal,transport,3,0.9152172803878784
7182,candidate_002,radiometer_basic;cr1000xe_backbone,1.0904,thermal,transport,3,0.9276878833770752
7182,candidate_002,radiometer_basic;cr1000xe_backbone,1.0904,thermal,transport,3,0.9489702582359314
7182,candidate_002,radiometer_basic;cr1000xe_backbone,1.0904,thermal,transport,3,0.9558407068252563
7182,candidate_002,radiometer_basic;cr1000xe_backbone,1.0904,thermal,transport,3,0.9877814054489136
7182,candidate_002,radiometer_basic;cr1000xe_backbone,1.0904,thermal,transport,3,1.005279302597046
7182,candidate_002,radiometer_basic;cr1000xe_backbone,1.0904,calm,thermal,0,0.8431208729743958
7182,candidate_002,radiometer_basic;cr1000xe_backbone,1.0904,particle,thermal,1,0.8050078749656677
7182,candidate_002,radiometer_basic;cr1000xe_backbone,1.0904,particle,thermal,1,0.7678549885749817
7182,candidate_002,radiometer_basic;cr1000xe_backbone,1.0904,particle,thermal,1,0.7350417375564575
7182,candidate_002,radiometer_basic;cr1000xe_backbone,1.0904,particle,thermal,1,0.6723737120628357
7182,candidate_002,radiometer_basic;cr1000xe_backbone,1.0904,particle,thermal,1,0.631631076335907
7182,candidate_002,radiometer_basic;cr1000xe_backbone,1.0904,particle,thermal,1,0.5944826602935791
7182,candidate_002,radiometer_basic;cr1000xe_backbone,1.0904,particle,thermal,1,0.5676445960998535
7182,candidate_002,radiometer_basic;cr1000xe_backbone,1.0904,particle,thermal,1,0.5111168622970581
7182,candidate_002,radiometer_basic;cr1000xe_backbone,1.0904,particle,thermal,1,0.5126818418502808
7182,candidate_002,radiometer_basic;cr1000xe_backbone,1.0904,particle,thermal,1,0.48789140582084656
7182,candidate_002,radiometer_basic;cr1000xe_backbone,1.0904,particle,thermal,1,0.4272127151489258
7182,candidate_002,radiometer_basic;cr1000xe_backbone,1.0904,particle,thermal,1,0.385196328163147
7182,candidate_002,radiometer_basic;cr1000xe_backbone,1.0904,particle,thermal,1,0.35277122259140015
7182,candidate_002,radiometer_basic;cr1000xe_backbone,1.0904,particle,thermal,1,0.3647556006908417
7182,candidate_002,radiometer_basic;cr1000xe_backbone,1.0904,particle,transport,1,0.33334141969680786
7182,candidate_002,radiometer_basic;cr1000xe_backbone,1.0904,particle,transport,1,0.3080892562866211
7182,candidate_002,radiometer_basic;cr1000xe_backbone,1.0904,particle,transport,1,0.3254952132701874
7182,candidate_002,radiometer_basic;cr1000xe_backbone,1.0904,particle,transport,1,0.32873663306236267
7182,candidate_002,radiometer_basic;cr1000xe_backbone,1.0904,particle,transport,1,0.3386786878108978
7182,candidate_002,radiometer_basic;cr1000xe_backbone,1.0904,particle,transport,1,0.32806921005249023
7182,candidate_002,radiometer_basic;cr1000xe_backbone,1.0904,particle,transport,1,0.358195424079895
7182,candidate_002,radiometer_basic;cr1000xe_backbone,1.0904,particle,transport,1,0.3204445540904999
7182,candidate_002,radiometer_basic;cr1000xe_backbone,1.0904,particle,transport,1,0.34153008460998535
7182,candidate_002,radiometer_basic;cr1000xe_backbone,1.0904,particle,transport,1,0.3441356420516968
7182,candidate_002,radiometer_basic;cr1000xe_backbone,1.0904,particle,transport,1,0.36883801221847534
7182,candidate_002,radiometer_basic;cr1000xe_backbone,1.0904,particle,transport,1,0.3752405643463135
7182,candidate_002,radiometer_basic;cr1000xe_backbone,1.0904,particle,transport,1,0.34911155700683594
7182,candidate_002,radiometer_basic;cr1000xe_backbone,1.0904,particle,transport,1,0.3805156648159027
7182,candidate_002,radiometer_basic;cr1000xe_backbone,1.0904,particle,transport,1,0.4043571650981903
7182,candidate_002,radiometer_basic;cr1000xe_backbone,1.0904,particle,transport,1,0.4206189811229706
7182,candidate_002,radiometer_basic;cr1000xe_backbone,1.0904,particle,transport,1,0.42288121581077576
7182,candidate_002,radiometer_basic;cr1000xe_backbone,1.0904,particle,transport,1,0.45221641659736633
7182,candidate_002,radiometer_basic;cr1000xe_backbone,1.0904,particle,transport,1,0.4869247376918793
7182,candidate_002,radiometer_basic;cr1000xe_backbone,1.0904,particle,transport,1,0.47372207045555115
7182,candidate_002,radiometer_basic;cr1000xe_backbone,1.0904,particle,transport,1,0.5074567794799805
7182,candidate_002,radiometer_basic;cr1000xe_backbone,1.0904,particle,transport,1,0.519303560256958
7182,candidate_002,radiometer_basic;cr1000xe_backbone,1.0904,particle,transport,1,0.5438147187232971
7182,candidate_002,radiometer_basic;cr1000xe_backbone,1.0904,particle,transport,1,0.535490095615387
7182,candidate_002,radiometer_basic;cr1000xe_backbone,1.0904,particle,transport,1,0.5654366612434387
7182,candidate_002,radiometer_basic;cr1000xe_backbone,1.0904,particle,transport,1,0.569735586643219
7182,candidate_002,radiometer_basic;cr1000xe_backbone,1.0904,particle,transport,1,0.580161452293396
7182,candidate_002,radiometer_basic;cr1000xe_backbone,1.0904,particle,transport,1,0.6330395936965942
7182,candidate_002,radiometer_basic;cr1000xe_backbone,1.0904,particle,particle,1,0.624788224697113
7182,candidate_002,radiometer_basic;cr1000xe_backbone,1.0904,particle,particle,1,0.6098282337188721
7182,candidate_002,radiometer_basic;cr1000xe_backbone,1.0904,particle,particle,1,0.618944525718689
7182,candidate_002,radiometer_basic;cr1000xe_backbone,1.0904,particle,particle,1,0.6298649311065674
7182,candidate_002,radiometer_basic;cr1000xe_backbone,1.0904,particle,particle,1,0.6421829462051392
7182,candidate_002,radiometer_basic;cr1000xe_backbone,1.0904,particle,particle,1,0.628926157951355
7182,candidate_002,radiometer_basic;cr1000xe_backbone,1.0904,particle,particle,1,0.6418551802635193
7182,candidate_002,radiometer_basic;cr1000xe_backbone,1.0904,particle,particle,1,0.7058219313621521
7182,candidate_002,radiometer_basic;cr1000xe_backbone,1.0904,particle,particle,1,0.7656126618385315
7182,candidate_002,radiometer_basic;cr1000xe_backbone,1.0904,particle,particle,1,0.7061243057250977
7182,candidate_002,radiometer_basic;cr1000xe_backbone,1.0904,particle,particle,1,0.7272214293479919
7182,candidate_002,radiometer_basic;cr1000xe_backbone,1.0904,particle,particle,1,0.7161269783973694
7182,candidate_002,radiometer_basic;cr1000xe_backbone,1.0904,particle,particle,1,0.736855685710907
7182,candidate_002,radiometer_basic;cr1000xe_backbone,1.0904,particle,particle,1,0.745489776134491
7182,candidate_002,radiometer_basic;cr1000xe_backbone,1.0904,particle,particle,1,0.7701929211616516
7182,candidate_002,radiometer_basic;cr1000xe_backbone,1.0904,particle,particle,1,0.7483710050582886
7182,candidate_002,radiometer_basic;cr1000xe_backbone,1.0904,particle,particle,1,0.710513710975647
7182,candidate_002,radiometer_basic;cr1000xe_backbone,1.0904,calm,particle,0,0.722337007522583
7182,candidate_002,radiometer_basic;cr1000xe_backbone,1.0904,calm,particle,0,0.7079786062240601
7182,candidate_002,radiometer_basic;cr1000xe_backbone,1.0904,calm,particle,0,0.7081937193870544
7182,candidate_002,radiometer_basic;cr1000xe_backbone,1.0904,calm,particle,0,0.7032612562179565
7182,candidate_002,radiometer_basic;cr1000xe_backbone,1.0904,calm,particle,0,0.7197989225387573
7182,candidate_002,radiometer_basic;cr1000xe_backbone,1.0904,calm,particle,0,0.6982032656669617
7182,candidate_002,radiometer_basic;cr1000xe_backbone,1.0904,calm,particle,0,0.6910742521286011
7182,candidate_002,radiometer_basic;cr1000xe_backbone,1.0904,calm,particle,0,0.6617385745048523
7182,candidate_002,radiometer_basic;cr1000xe_backbone,1.0904,calm,particle,0,0.6597256660461426
7182,candidate_002,radiometer_basic;cr1000xe_backbone,1.0904,calm,particle,0,0.6348381638526917
7182,candidate_002,radiometer_basic;cr1000xe_backbone,1.0904,calm,particle,0,0.6631322503089905
7182,candidate_002,radiometer_basic;cr1000xe_backbone,1.0904,calm,particle,0,0.6668533086776733
7182,candidate_002,radiometer_basic;cr1000xe_backbone,1.0904,calm,particle,0,0.6838247776031494
7182,candidate_002,radiometer_basic;cr1000xe_backbone,1.0904,calm,particle,0,0.6796492338180542
7182,candidate_002,radiometer_basic;cr1000xe_backbone,1.0904,particle,particle,1,0.6917197704315186
7182,candidate_002,radiometer_basic;cr1000xe_backbone,1.0904,particle,particle,1,0.7274940013885498
7182,candidate_002,radiometer_basic;cr1000xe_backbone,1.0904,particle,particle,1,0.736332893371582
7182,candidate_002,radiometer_basic;cr1000xe_backbone,1.0904,particle,particle,1,0.730486273765564
7182,candidate_002,radiometer_basic;cr1000xe_backbone,1.0904,particle,thermal,1,0.7136752605438232
7182,candidate_002,radiometer_basic;cr1000xe_backbone,1.0904,particle,thermal,1,0.7017065286636353
7182,candidate_002,radiometer_basic;cr1000xe_backbone,1.0904,particle,thermal,1,0.7019244432449341
7182,candidate_002,radiometer_basic;cr1000xe_backbone,1.0904,particle,thermal,1,0.6956467628479004
7182,candidate_002,radiometer_basic;cr1000xe_backbone,1.0904,particle,thermal,1,0.6489986181259155
7182,candidate_002,radiometer_basic;cr1000xe_backbone,1.0904,particle,thermal,1,0.6571705341339111
7182,candidate_002,radiometer_basic;cr1000xe_backbone,1.0904,particle,thermal,1,0.6324645280838013
7182,candidate_002,radiometer_basic;cr1000xe_backbone,1.0904,particle,thermal,1,0.6145796179771423
7182,candidate_002,radiometer_basic;cr1000xe_backbone,1.0904,particle,thermal,1,0.5822348594665527
7182,candidate_002,radiometer_basic;cr1000xe_backbone,1.0904,particle,thermal,1,0.6168714761734009
7182,candidate_002,radiometer_basic;cr1000xe_backbone,1.0904,particle,thermal,1,0.5369535684585571
7182,candidate_002,radiometer_basic;cr1000xe_backbone,1.0904,particle,thermal,1,0.49291136860847473
7182,candidate_002,radiometer_basic;cr1000xe_backbone,1.0904,particle,thermal,1,0.4708704650402069
7182,candidate_002,radiometer_basic;cr1000xe_backbone,1.0904,particle,thermal,1,0.4766777455806732
7182,candidate_002,radiometer_basic;cr1000xe_backbone,1.0904,particle,thermal,1,0.4308570623397827
7182,candidate_002,radiometer_basic;cr1000xe_backbone,1.0904,particle,thermal,1,0.3871501684188843
7182,candidate_002,radiometer_basic;cr1000xe_backbone,1.0904,particle,thermal,1,0.3673693537712097
7182,candidate_002,radiometer_basic;cr1000xe_backbone,1.0904,particle,thermal,1,0.3156907856464386
7182,candidate_002,radiometer_basic;cr1000xe_backbone,1.0904,particle,transport,1,0.35076242685317993
7182,candidate_002,radiometer_basic;cr1000xe_backbone,1.0904,particle,transport,1,0.3556472659111023
7182,candidate_002,radiometer_basic;cr1000xe_backbone,1.0904,particle,transport,1,0.3730510175228119
7182,candidate_002,radiometer_basic;cr1000xe_backbone,1.0904,particle,transport,1,0.3131709694862366
7182,candidate_002,radiometer_basic;cr1000xe_backbone,1.0904,particle,transport,1,0.35688793659210205
7182,candidate_002,radiometer_basic;cr1000xe_backbone,1.0904,particle,transport,1,0.3941400647163391
7182,candidate_002,radiometer_basic;cr1000xe_backbone,1.0904,particle,transport,1,0.4034493863582611
7182,candidate_002,radiometer_basic;cr1000xe_backbone,1.0904,particle,transport,1,0.3773743212223053
7182,candidate_002,radiometer_basic;cr1000xe_backbone,1.0904,particle,transport,1,0.3937617540359497
7182,candidate_002,radiometer_basic;cr1000xe_backbone,1.0904,particle,transport,1,0.4297846853733063
7182,candidate_002,radiometer_basic;cr1000xe_backbone,1.0904,particle,transport,1,0.4093288779258728
7182,candidate_002,radiometer_basic;cr1000xe_backbone,1.0904,particle,transport,1,0.37999293208122253
7182,candidate_002,radiometer_basic;cr1000xe_backbone,1.0904,particle,transport,1,0.39791032671928406
7182,candidate_002,radiometer_basic;cr1000xe_backbone,1.0904,particle,transport,1,0.43802642822265625
7182,candidate_002,radiometer_basic;cr1000xe_backbone,1.0904,calm,transport,0,0.47601747512817383
7182,candidate_002,radiometer_basic;cr1000xe_backbone,1.0904,calm,transport,0,0.46734288334846497
7182,candidate_002,radiometer_basic;cr1000xe_backbone,1.0904,calm,transport,0,0.49460867047309875
7182,candidate_002,radiometer_basic;cr1000xe_backbone,1.0904,calm,transport,0,0.49449029564857483
7182,candidate_002,radiometer_basic;cr1000xe_backbone,1.0904,calm,transport,0,0.5196795463562012
7182,candidate_002,radiometer_basic;cr1000xe_backbone,1.0904,calm,transport,0,0.4916002154350281
7182,candidate_002,radiometer_basic;cr1000xe_backbone,1.0904,calm,particle,0,0.5407688617706299
7182,candidate_002,radiometer_basic;cr1000xe_backbone,1.0904,calm,particle,0,0.515679121017456
7182,candidate_002,radiometer_basic;cr1000xe_backbone,1.0904,calm,particle,0,0.5154170393943787
7182,candidate_002,radiometer_basic;cr1000xe_backbone,1.0904,calm,particle,0,0.5307453870773315
7182,candidate_002,radiometer_basic;cr1000xe_backbone,1.0904,calm,particle,0,0.5051943063735962
7182,candidate_002,radiometer_basic;cr1000xe_backbone,1.0904,calm,particle,0,0.523921549320221
7182,candidate_002,radiometer_basic;cr1000xe_backbone,1.0904,calm,particle,0,0.5286772847175598
7182,candidate_002,radiometer_basic;cr1000xe_backbone,1.0904,calm,particle,0,0.5351613759994507
7182,candidate_002,radiometer_basic;cr1000xe_backbone,1.0904,flux,particle,2,0.5257994532585144
7182,candidate_002,radiometer_basic;cr1000xe_backbone,1.0904,flux,particle,2,0.5221495628356934
7182,candidate_002,radiometer_basic;cr1000xe_backbone,1.0904,flux,particle,2,0.5113494396209717
7182,candidate_002,radiometer_basic;cr1000xe_backbone,1.0904,flux,particle,2,0.5572682023048401
7182,candidate_002,radiometer_basic;cr1000xe_backbone,1.0904,flux,particle,2,0.5698597431182861
7182,candidate_002,radiometer_basic;cr1000xe_backbone,1.0904,flux,particle,2,0.5930212140083313
7182,candidate_002,radiometer_basic;cr1000xe_backbone,1.0904,flux,particle,2,0.5431913137435913
7182,candidate_002,radiometer_basic;cr1000xe_backbone,1.0904,flux,particle,2,0.6023343205451965
7182,candidate_002,radiometer_basic;cr1000xe_backbone,1.0904,flux,particle,2,0.5981426239013672
7182,candidate_002,radiometer_basic;cr1000xe_backbone,1.0904,flux,particle,2,0.6372148990631104
7182,candidate_002,radiometer_basic;cr1000xe_backbone,1.0904,flux,particle,2,0.6454334259033203
7182,candidate_002,radiometer_basic;cr1000xe_backbone,1.0904,flux,particle,2,0.6880900859832764
7182,candidate_002,radiometer_basic;cr1000xe_backbone,1.0904,flux,particle,2,0.6972379088401794
7182,candidate_002,radiometer_basic;cr1000xe_backbone,1.0904,flux,particle,2,0.7138011455535889
7182,candidate_002,radiometer_basic;cr1000xe_backbone,1.0904,flux,particle,2,0.7472618222236633
7182,candidate_002,radiometer_basic;cr1000xe_backbone,1.0904,flux,particle,2,0.8085430860519409
7182,candidate_002,radiometer_basic;cr1000xe_backbone,1.0904,flux,particle,2,0.8441582322120667
7182,candidate_002,radiometer_basic;cr1000xe_backbone,1.0904,flux,thermal,2,0.8143669962882996
7182,candidate_002,radiometer_basic;cr1000xe_backbone,1.0904,flux,thermal,2,0.8072046637535095
7182,candidate_002,radiometer_basic;cr1000xe_backbone,1.0904,flux,thermal,2,0.8031479120254517
7182,candidate_002,radiometer_basic;cr1000xe_backbone,1.0904,flux,thermal,2,0.8195852637290955
7182,candidate_002,radiometer_basic;cr1000xe_backbone,1.0904,flux,thermal,2,0.8033121824264526
7182,candidate_002,radiometer_basic;cr1000xe_backbone,1.0904,flux,thermal,2,0.8123186826705933
7182,candidate_002,radiometer_basic;cr1000xe_backbone,1.0904,flux,thermal,2,0.8142423629760742
7182,candidate_002,radiometer_basic;cr1000xe_backbone,1.0904,flux,thermal,2,0.7793620824813843
7182,candidate_002,radiometer_basic;cr1000xe_backbone,1.0904,flux,thermal,2,0.821270227432251
7182,candidate_002,radiometer_basic;cr1000xe_backbone,1.0904,flux,thermal,2,0.8016209602355957
7182,candidate_002,radiometer_basic;cr1000xe_backbone,1.0904,flux,thermal,2,0.8247427940368652
7182,candidate_002,radiometer_basic;cr1000xe_backbone,1.0904,flux,thermal,2,0.8186697959899902
7182,candidate_002,radiometer_basic;cr1000xe_backbone,1.0904,flux,thermal,2,0.8170474171638489
7182,candidate_002,radiometer_basic;cr1000xe_backbone,1.0904,flux,thermal,2,0.8011723756790161
7182,candidate_002,radiometer_basic;cr1000xe_backbone,1.0904,flux,thermal,2,0.786524772644043
7182,candidate_002,radiometer_basic;cr1000xe_backbone,1.0904,flux,thermal,2,0.8050894141197205
7182,candidate_002,radiometer_basic;cr1000xe_backbone,1.0904,flux,thermal,2,0.8089116811752319
7182,candidate_002,radiometer_basic;cr1000xe_backbone,1.0904,flux,thermal,2,0.8040068745613098
7182,candidate_002,radiometer_basic;cr1000xe_backbone,1.0904,flux,thermal,2,0.8015045523643494
7182,candidate_002,radiometer_basic;cr1000xe_backbone,1.0904,flux,thermal,2,0.7670668363571167
7182,candidate_002,radiometer_basic;cr1000xe_backbone,1.0904,flux,thermal,2,0.7269090414047241
7182,candidate_002,radiometer_basic;cr1000xe_backbone,1.0904,flux,thermal,2,0.7072104215621948
7182,candidate_002,radiometer_basic;cr1000xe_backbone,1.0904,flux,thermal,2,0.6534809470176697
7182,candidate_002,radiometer_basic;cr1000xe_backbone,1.0904,flux,thermal,2,0.6346730589866638
7182,candidate_002,radiometer_basic;cr1000xe_backbone,1.0904,flux,thermal,2,0.6286709308624268
7182,candidate_002,radiometer_basic;cr1000xe_backbone,1.0904,flux,thermal,2,0.6146121025085449
7182,candidate_002,radiometer_basic;cr1000xe_backbone,1.0904,flux,thermal,2,0.6017401814460754
7182,candidate_002,radiometer_basic;cr1000xe_backbone,1.0904,flux,transport,2,0.6036571860313416
7182,candidate_002,radiometer_basic;cr1000xe_backbone,1.0904,flux,transport,2,0.6786341071128845
7182,candidate_002,radiometer_basic;cr1000xe_backbone,1.0904,flux,transport,2,0.6133744716644287
7182,candidate_002,radiometer_basic;cr1000xe_backbone,1.0904,flux,transport,2,0.6322339177131653
7182,candidate_002,radiometer_basic;cr1000xe_backbone,1.0904,calm,transport,0,0.6563125252723694
7182,candidate_002,radiometer_basic;cr1000xe_backbone,1.0904,calm,transport,0,0.6776755452156067
7182,candidate_002,radiometer_basic;cr1000xe_backbone,1.0904,calm,transport,0,0.6505950093269348
7182,candidate_002,radiometer_basic;cr1000xe_backbone,1.0904,calm,transport,0,0.655290424823761
7182,candidate_002,radiometer_basic;cr1000xe_backbone,1.0904,calm,transport,0,0.6579160690307617
7182,candidate_002,radiometer_basic;cr1000xe_backbone,1.0904,calm,transport,0,0.670637309551239
7182,candidate_002,radiometer_basic;cr1000xe_backbone,1.0904,calm,transport,0,0.6780433654785156
7182,candidate_002,radiometer_basic;cr1000xe_backbone,1.0904,calm,transport,0,0.6848021745681763
7182,candidate_002,radiometer_basic;cr1000xe_backbone,1.0904,calm,transport,0,0.6855418682098389
7182,candidate_002,radiometer_basic;cr1000xe_backbone,1.0904,calm,transport,0,0.6870786547660828
7182,candidate_002,radiometer_basic;cr1000xe_backbone,1.0904,calm,transport,0,0.6935738921165466
7182,candidate_002,radiometer_basic;cr1000xe_backbone,1.0904,calm,transport,0,0.6919704079627991
7182,candidate_002,radiometer_basic;cr1000xe_backbone,1.0904,calm,transport,0,0.7101551294326782
7182,candidate_002,radiometer_basic;cr1000xe_backbone,1.0904,calm,transport,0,0.7264031171798706
7182,candidate_002,radiometer_basic;cr1000xe_backbone,1.0904,thermal,transport,3,0.7147307991981506
7182,candidate_002,radiometer_basic;cr1000xe_backbone,1.0904,thermal,transport,3,0.6944898366928101
7182,candidate_002,radiometer_basic;cr1000xe_backbone,1.0904,thermal,transport,3,0.7105913758277893
7182,candidate_002,radiometer_basic;cr1000xe_backbone,1.0904,thermal,transport,3,0.6749179363250732
7182,candidate_002,radiometer_basic;cr1000xe_backbone,1.0904,thermal,particle,3,0.6943938732147217
7182,candidate_002,radiometer_basic;cr1000xe_backbone,1.0904,thermal,particle,3,0.6830053925514221
7182,candidate_002,radiometer_basic;cr1000xe_backbone,1.0904,thermal,particle,3,0.7116982340812683
7182,candidate_002,radiometer_basic;cr1000xe_backbone,1.0904,thermal,particle,3,0.684960126876831
7182,candidate_002,radiometer_basic;cr1000xe_backbone,1.0904,thermal,particle,3,0.6951080560684204
7182,candidate_002,radiometer_basic;cr1000xe_backbone,1.0904,thermal,particle,3,0.6844459176063538
7182,candidate_002,radiometer_basic;cr1000xe_backbone,1.0904,thermal,particle,3,0.6762681603431702
7182,candidate_002,radiometer_basic;cr1000xe_backbone,1.0904,thermal,particle,3,0.6756063103675842
7182,candidate_002,radiometer_basic;cr1000xe_backbone,1.0904,thermal,particle,3,0.6455914378166199
7182,candidate_002,radiometer_basic;cr1000xe_backbone,1.0904,thermal,particle,3,0.6541383266448975
7182,candidate_002,radiometer_basic;cr1000xe_backbone,1.0904,thermal,particle,3,0.6481193900108337
7182,candidate_002,radiometer_basic;cr1000xe_backbone,1.0904,thermal,particle,3,0.6512776017189026
7182,candidate_002,radiometer_basic;cr1000xe_backbone,1.0904,thermal,particle,3,0.63661789894104
7182,candidate_002,radiometer_basic;cr1000xe_backbone,1.0904,thermal,particle,3,0.6647989749908447
7182,candidate_002,radiometer_basic;cr1000xe_backbone,1.0904,thermal,particle,3,0.6299988627433777
7182,candidate_002,radiometer_basic;cr1000xe_backbone,1.0904,thermal,particle,3,0.6700131893157959
7182,candidate_002,radiometer_basic;cr1000xe_backbone,1.0904,thermal,particle,3,0.6502644419670105
7182,candidate_002,radiometer_basic;cr1000xe_backbone,1.0904,thermal,particle,3,0.6809450387954712
7182,candidate_002,radiometer_basic;cr1000xe_backbone,1.0904,thermal,particle,3,0.6692027449607849
7182,candidate_002,radiometer_basic;cr1000xe_backbone,1.0904,thermal,particle,3,0.6561285853385925
7182,candidate_002,radiometer_basic;cr1000xe_backbone,1.0904,thermal,particle,3,0.6526127457618713
7182,candidate_002,radiometer_basic;cr1000xe_backbone,1.0904,thermal,particle,3,0.6644231677055359
7182,candidate_002,radiometer_basic;cr1000xe_backbone,1.0904,thermal,particle,3,0.6537714600563049
7182,candidate_002,radiometer_basic;cr1000xe_backbone,1.0904,thermal,particle,3,0.6402762532234192
7182,candidate_002,radiometer_basic;cr1000xe_backbone,1.0904,thermal,particle,3,0.6354148387908936
7182,candidate_002,radiometer_basic;cr1000xe_backbone,1.0904,thermal,particle,3,0.6315230131149292
7182,candidate_002,radiometer_basic;cr1000xe_backbone,1.0904,thermal,particle,3,0.6297582983970642
7182,candidate_002,radiometer_basic;cr1000xe_backbone,1.0904,thermal,particle,3,0.6204241514205933
7182,candidate_002,radiometer_basic;cr1000xe_backbone,1.0904,thermal,particle,3,0.6499618291854858
7182,candidate_002,radiometer_basic;cr1000xe_backbone,1.0904,thermal,particle,3,0.7008504271507263
7182,candidate_002,radiometer_basic;cr1000xe_backbone,1.0904,thermal,particle,3,0.7389258146286011
7182,candidate_002,radiometer_basic;cr1000xe_backbone,1.0904,thermal,particle,3,0.7578393220901489
7182,candidate_002,radiometer_basic;cr1000xe_backbone,1.0904,thermal,particle,3,0.7760838270187378
7182,candidate_002,radiometer_basic;cr1000xe_backbone,1.0904,thermal,particle,3,0.8223196864128113
7182,candidate_002,radiometer_basic;cr1000xe_backbone,1.0904,thermal,particle,3,0.866300106048584
7182,candidate_002,radiometer_basic;cr1000xe_backbone,1.0904,thermal,particle,3,0.8950585722923279
7182,candidate_002,radiometer_basic;cr1000xe_backbone,1.0904,thermal,thermal,3,0.9048142433166504
7182,candidate_002,radiometer_basic;cr1000xe_backbone,1.0904,thermal,thermal,3,0.8994060158729553
7182,candidate_002,radiometer_basic;cr1000xe_backbone,1.0904,thermal,thermal,3,0.9322800636291504
7182,candidate_002,radiometer_basic;cr1000xe_backbone,1.0904,thermal,thermal,3,0.9228218197822571
7182,candidate_002,radiometer_basic;cr1000xe_backbone,1.0904,thermal,thermal,3,0.9281615018844604
7182,candidate_002,radiometer_basic;cr1000xe_backbone,1.0904,thermal,thermal,3,0.9679226279258728
7182,candidate_002,radiometer_basic;cr1000xe_backbone,1.0904,thermal,thermal,3,0.9520383477210999
7182,candidate_002,radiometer_basic;cr1000xe_backbone,1.0904,thermal,thermal,3,0.9928992986679077
7182,candidate_002,radiometer_basic;cr1000xe_backbone,1.0904,thermal,thermal,3,0.9111470580101013
7182,candidate_002,radiometer_basic;cr1000xe_backbone,1.0904,thermal,thermal,3,0.9101472496986389
7182,candidate_002,radiometer_basic;cr1000xe_backbone,1.0904,thermal,thermal,3,0.8847445845603943
7182,candidate_002,radiometer_basic;cr1000xe_backbone,1.0904,thermal,thermal,3,0.8252565860748291
7182,candidate_002,radiometer_basic;cr1000xe_backbone,1.0904,thermal,thermal,3,0.7953498959541321
7182,candidate_002,radiometer_basic;cr1000xe_backbone,1.0904,thermal,thermal,3,0.7460399270057678
7182,candidate_002,radiometer_basic;cr1000xe_backbone,1.0904,thermal,thermal,3,0.7477283477783203
7182,candidate_002,radiometer_basic;cr1000xe_backbone,1.0904,thermal,thermal,3,0.6876214146614075
7182,candidate_002,radiometer_basic;cr1000xe_backbone,1.0904,calm,thermal,0,0.7307366728782654
7182,candidate_002,radiometer_basic;cr1000xe_backbone,1.0904,calm,thermal,0,0.6615683436393738
7182,candidate_002,radiometer_basic;cr1000xe_backbone,1.0904,calm,thermal,0,0.6878895163536072
7182,candidate_002,radiometer_basic;cr1000xe_backbone,1.0904,calm,thermal,0,0.6492196321487427
7182,candidate_002,radiometer_basic;cr1000xe_backbone,1.0904,calm,thermal,0,0.6643519997596741
7182,candidate_002,radiometer_basic;cr1000xe_backbone,1.0904,calm,thermal,0,0.6553996801376343
7182,candidate_002,radiometer_basic;cr1000xe_backbone,1.0904,calm,thermal,0,0.6630966663360596
7182,candidate_002,radiometer_basic;cr1000xe_backbone,1.0904,calm,thermal,0,0.6535295844078064
7182,candidate_002,radiometer_basic;cr1000xe_backbone,1.0904,calm,thermal,0,0.6361172795295715
7182,candidate_002,radiometer_basic;cr1000xe_backbone,1.0904,calm,thermal,0,0.6739658117294312
7182,candidate_002,radiometer_basic;cr1000xe_backbone,1.0904,calm,thermal,0,0.6375508904457092
7182,candidate_002,radiometer_basic;cr1000xe_backbone,1.0904,calm,transport,0,0.6334953308105469
7182,candidate_002,radiometer_basic;cr1000xe_backbone,1.0904,thermal,transport,3,0.62711501121521
7182,candidate_002,radiometer_basic;cr1000xe_backbone,1.0904,thermal,transport,3,0.6505351066589355
7182,candidate_003,met_station_core;radiometer_basic;cr1000xe_backbone,1.8104,calm,thermal,0,0.6782411932945251
7182,candidate_003,met_station_core;radiometer_basic;cr1000xe_backbone,1.8104,calm,thermal,0,0.6971699595451355
7182,candidate_003,met_station_core;radiometer_basic;cr1000xe_backbone,1.8104,calm,thermal,0,0.571288526058197
7182,candidate_003,met_station_core;radiometer_basic;cr1000xe_backbone,1.8104,calm,thermal,0,0.5770736336708069
7182,candidate_003,met_station_core;radiometer_basic;cr1000xe_backbone,1.8104,calm,thermal,0,0.5226740837097168
7182,candidate_003,met_station_core;radiometer_basic;cr1000xe_backbone,1.8104,calm,thermal,0,0.47353029251098633
7182,candidate_003,met_station_core;radiometer_basic;cr1000xe_backbone,1.8104,calm,thermal,0,0.38427186012268066
7182,candidate_003,met_station_core;radiometer_basic;cr1000xe_backbone,1.8104,calm,thermal,0,0.357281893491745
7182,candidate_003,met_station_core;radiometer_basic;cr1000xe_backbone,1.8104,calm,thermal,0,0.3378313183784485
7182,candidate_003,met_station_core;radiometer_basic;cr1000xe_backbone,1.8104,calm,thermal,0,0.32998159527778625
7182,candidate_003,met_station_core;radiometer_basic;cr1000xe_backbone,1.8104,calm,thermal,0,0.35392576456069946
7182,candidate_003,met_station_core;radiometer_basic;cr1000xe_backbone,1.8104,calm,transport,0,0.3593650162220001
7182,candidate_003,met_station_core;radiometer_basic;cr1000xe_backbone,1.8104,calm,transport,0,0.3907160460948944
7182,candidate_003,met_station_core;radiometer_basic;cr1000xe_backbone,1.8104,calm,transport,0,0.3877635598182678
7182,candidate_003,met_station_core;radiometer_basic;cr1000xe_backbone,1.8104,calm,transport,0,0.3426233232021332
7182,candidate_003,met_station_core;radiometer_basic;cr1000xe_backbone,1.8104,calm,transport,0,0.3021503984928131
7182,candidate_003,met_station_core;radiometer_basic;cr1000xe_backbone,1.8104,calm,transport,0,0.2735633850097656
7182,candidate_003,met_station_core;radiometer_basic;cr1000xe_backbone,1.8104,calm,transport,0,0.22673149406909943
7182,candidate_003,met_station_core;radiometer_basic;cr1000xe_backbone,1.8104,calm,transport,0,0.20676758885383606
7182,candidate_003,met_station_core;radiometer_basic;cr1000xe_backbone,1.8104,calm,transport,0,0.22853851318359375
7182,candidate_003,met_station_core;radiometer_basic;cr1000xe_backbone,1.8104,calm,transport,0,0.25231632590293884
7182,candidate_003,met_station_core;radiometer_basic;cr1000xe_backbone,1.8104,calm,transport,0,0.2749982476234436
7182,candidate_003,met_station_core;radiometer_basic;cr1000xe_backbone,1.8104,calm,transport,0,0.24890930950641632
7182,candidate_003,met_station_core;radiometer_basic;cr1000xe_backbone,1.8104,calm,transport,0,0.22900818288326263
7182,candidate_003,met_station_core;radiometer_basic;cr1000xe_backbone,1.8104,calm,transport,0,0.25025060772895813
7182,candidate_003,met_station_core;radiometer_basic;cr1000xe_backbone,1.8104,calm,transport,0,0.2352408915758133
7182,candidate_003,met_station_core;radiometer_basic;cr1000xe_backbone,1.8104,calm,transport,0,0.21135227382183075
7182,candidate_003,met_station_core;radiometer_basic;cr1000xe_backbone,1.8104,calm,transport,0,0.20996978878974915
7182,candidate_003,met_station_core;radiometer_basic;cr1000xe_backbone,1.8104,calm,transport,0,0.21370553970336914
7182,candidate_003,met_station_core;radiometer_basic;cr1000xe_backbone,1.8104,calm,transport,0,0.23977495729923248
7182,candidate_003,met_station_core;radiometer_basic;cr1000xe_backbone,1.8104,calm,transport,0,0.24784500896930695
7182,candidate_003,met_station_core;radiometer_basic;cr1000xe_backbone,1.8104,calm,transport,0,0.24223631620407104
7182,candidate_003,met_station_core;radiometer_basic;cr1000xe_backbone,1.8104,calm,transport,0,0.2801259458065033
7182,candidate_003,met_station_core;radiometer_basic;cr1000xe_backbone,1.8104,calm,transport,0,0.30553576350212097
7182,candidate_003,met_station_core;radiometer_basic;cr1000xe_backbone,1.8104,calm,transport,0,0.335220068693161
7182,candidate_003,met_station_core;radiometer_basic;cr1000xe_backbone,1.8104,calm,transport,0,0.35437896847724915
7182,candidate_003,met_station_core;radiometer_basic;cr1000xe_backbone,1.8104,calm,transport,0,0.3447699546813965
7182,candidate_003,met_station_core;radiometer_basic;cr1000xe_backbone,1.8104,calm,transport,0,0.34550148248672485
7182,candidate_003,met_station_core;radiometer_basic;cr1000xe_backbone,1.8104,calm,transport,0,0.3128734529018402
7182,candidate_003,met_station_core;radiometer_basic;cr1000xe_backbone,1.8104,calm,transport,0,0.2993951439857483
7182,candidate_003,met_station_core;radiometer_basic;cr1000xe_backbone,1.8104,calm,transport,0,0.26224055886268616
7182,candidate_003,met_station_core;radiometer_basic;cr1000xe_backbone,1.8104,calm,transport,0,0.2501928210258484
7182,candidate_003,met_station_core;radiometer_basic;cr1000xe_backbone,1.8104,calm,transport,0,0.25894695520401
7182,candidate_003,met_station_core;radiometer_basic;cr1000xe_backbone,1.8104,calm,transport,0,0.26791107654571533
7182,candidate_003,met_station_core;radiometer_basic;cr1000xe_backbone,1.8104,calm,particle,0,0.2934042513370514
7182,candidate_003,met_station_core;radiometer_basic;cr1000xe_backbone,1.8104,calm,particle,0,0.2998368442058563
7182,candidate_003,met_station_core;radiometer_basic;cr1000xe_backbone,1.8104,calm,particle,0,0.3020446002483368
7182,candidate_003,met_station_core;radiometer_basic;cr1000xe_backbone,1.8104,calm,particle,0,0.28456351161003113
7182,candidate_003,met_station_core;radiometer_basic;cr1000xe_backbone,1.8104,calm,particle,0,0.29946765303611755
7182,candidate_003,met_station_core;radiometer_basic;cr1000xe_backbone,1.8104,calm,particle,0,0.2783220410346985
7182,candidate_003,met_station_core;radiometer_basic;cr1000xe_backbone,1.8104,calm,particle,0,0.2540681064128876
7182,candidate_003,met_station_core;radiometer_basic;cr1000xe_backbone,1.8104,calm,particle,0,0.23576290905475616
7182,candidate_003,met_station_core;radiometer_basic;cr1000xe_backbone,1.8104,calm,particle,0,0.2618708312511444
7182,candidate_003,met_station_core;radiometer_basic;cr1000xe_backbone,1.8104,calm,particle,0,0.22805967926979065
7182,candidate_003,met_station_core;radiometer_basic;cr1000xe_backbone,1.8104,calm,particle,0,0.21837782859802246
7182,candidate_003,met_station_core;radiometer_basic;cr1000xe_backbone,1.8104,calm,particle,0,0.24881260097026825
7182,candidate_003,met_station_core;radiometer_basic;cr1000xe_backbone,1.8104,calm,particle,0,0.2628253996372223
7182,candidate_003,met_station_core;radiometer_basic;cr1000xe_backbone,1.8104,calm,particle,0,0.2962031364440918
7182,candidate_003,met_station_core;radiometer_basic;cr1000xe_backbone,1.8104,calm,particle,0,0.3251134157180786
7182,candidate_003,met_station_core;radiometer_basic;cr1000xe_backbone,1.8104,calm,particle,0,0.366201788187027
7182,candidate_003,met_station_core;radiometer_basic;cr1000xe_backbone,1.8104,calm,particle,0,0.37718844413757324
7182,candidate_003,met_station_core;radiometer_basic;cr1000xe_backbone,1.8104,calm,particle,0,0.333865761756897
7182,candidate_003,met_station_core;radiometer_basic;cr1000xe_backbone,1.8104,calm,particle,0,0.3159346282482147
7182,candidate_003,met_station_core;radiometer_basic;cr1000xe_backbone,1.8104,calm,particle,0,0.2823766767978668
7182,candidate_003,met_station_core;radiometer_basic;cr1000xe_backbone,1.8104,calm,particle,0,0.25910747051239014
7182,candidate_003,met_station_core;radiometer_basic;cr1000xe_backbone,1.8104,calm,thermal,0,0.24877579510211945
7182,candidate_003,met_station_core;radiometer_basic;cr1000xe_backbone,1.8104,calm,thermal,0,0.2198844999074936
7182,candidate_003,met_station_core;radiometer_basic;cr1000xe_backbone,1.8104,calm,thermal,0,0.2426283210515976
7182,candidate_003,met_station_core;radiometer_basic;cr1000xe_backbone,1.8104,calm,thermal,0,0.2492610216140747
7182,candidate_003,met_station_core;radiometer_basic;cr1000xe_backbone,1.8104,calm,thermal,0,0.28448939323425293
7182,candidate_003,met_station_core;radiometer_basic;cr1000xe_backbone,1.8104,calm,thermal,0,0.280566543340683
7182,candidate_003,met_station_core;radiometer_basic;cr1000xe_backbone,1.8104,calm,thermal,0,0.2726729214191437
7182,candidate_003,met_station_core;radiometer_basic;cr1000xe_backbone,1.8104,calm,thermal,0,0.28261423110961914
7182,candidate_003,met_station_core;radiometer_basic;cr1000xe_backbone,1.8104,calm,thermal,0,0.2657763361930847
7182,candidate_003,met_station_core;radiometer_basic;cr1000xe_backbone,1.8104,calm,thermal,0,0.2593694031238556
7182,candidate_003,met_station_core;radiometer_basic;cr1000xe_backbone,1.8104,calm,thermal,0,0.22602435946464539
7182,candidate_003,met_station_core;radiometer_basic;cr1000xe_backbone,1.8104,calm,thermal,0,0.1896982640028
7182,candidate_003,met_station_core;radiometer_basic;cr1000xe_backbone,1.8104,calm,thermal,0,0.19169512391090393
7182,candidate_003,met_station_core;radiometer_basic;cr1000xe_backbone,1.8104,calm,thermal,0,0.19331811368465424
7182,candidate_003,met_station_core;radiometer_basic;cr1000xe_backbone,1.8104,calm,thermal,0,0.21258561313152313
7182,candidate_003,met_station_core;radiometer_basic;cr1000xe_backbone,1.8104,calm,thermal,0,0.2279403656721115
7182,candidate_003,met_station_core;radiometer_basic;cr1000xe_backbone,1.8104,calm,thermal,0,0.306696355342865
7182,candidate_003,met_station_core;radiometer_basic;cr1000xe_backbone,1.8104,calm,thermal,0,0.33787938952445984
7182,candidate_003,met_station_core;radiometer_basic;cr1000xe_backbone,1.8104,calm,thermal,0,0.3687022030353546
7182,candidate_003,met_station_core;radiometer_basic;cr1000xe_backbone,1.8104,calm,thermal,0,0.38033193349838257
7182,candidate_003,met_station_core;radiometer_basic;cr1000xe_backbone,1.8104,calm,thermal,0,0.38448405265808105
7182,candidate_003,met_station_core;radiometer_basic;cr1000xe_backbone,1.8104,calm,thermal,0,0.38605836033821106
7182,candidate_003,met_station_core;radiometer_basic;cr1000xe_backbone,1.8104,calm,thermal,0,0.4283672273159027
7182,candidate_003,met_station_core;radiometer_basic;cr1000xe_backbone,1.8104,calm,thermal,0,0.35418635606765747
7182,candidate_003,met_station_core;radiometer_basic;cr1000xe_backbone,1.8104,calm,transport,0,0.2891194224357605
7182,candidate_003,met_station_core;radiometer_basic;cr1000xe_backbone,1.8104,calm,transport,0,0.293462872505188
7182,candidate_003,met_station_core;radiometer_basic;cr1000xe_backbone,1.8104,calm,transport,0,0.2977933883666992
7182,candidate_003,met_station_core;radiometer_basic;cr1000xe_backbone,1.8104,calm,transport,0,0.26805737614631653
7182,candidate_003,met_station_core;radiometer_basic;cr1000xe_backbone,1.8104,calm,transport,0,0.24050042033195496
7182,candidate_003,met_station_core;radiometer_basic;cr1000xe_backbone,1.8104,calm,transport,0,0.2548993229866028
7182,candidate_003,met_station_core;radiometer_basic;cr1000xe_backbone,1.8104,calm,transport,0,0.21349425613880157
7182,candidate_003,met_station_core;radiometer_basic;cr1000xe_backbone,1.8104,calm,transport,0,0.2155943512916565
7182,candidate_003,met_station_core;radiometer_basic;cr1000xe_backbone,1.8104,calm,transport,0,0.21012787520885468
7182,candidate_003,met_station_core;radiometer_basic;cr1000xe_backbone,1.8104,calm,transport,0,0.16662152111530304
7182,candidate_003,met_station_core;radiometer_basic;cr1000xe_backbone,1.8104,calm,transport,0,0.20255231857299805
7182,candidate_003,met_station_core;radiometer_basic;cr1000xe_backbone,1.8104,calm,transport,0,0.2270250767469406
7182,candidate_003,met_station_core;radiometer_basic;cr1000xe_backbone,1.8104,calm,transport,0,0.2815146744251251
7182,candidate_003,met_station_core;radiometer_basic;cr1000xe_backbone,1.8104,calm,transport,0,0.2974707782268524
7182,candidate_003,met_station_core;radiometer_basic;cr1000xe_backbone,1.8104,calm,transport,0,0.30606600642204285
7182,candidate_003,met_station_core;radiometer_basic;cr1000xe_backbone,1.8104,calm,transport,0,0.3046860098838806
7182,candidate_003,met_station_core;radiometer_basic;cr1000xe_backbone,1.8104,calm,transport,0,0.31359657645225525
7182,candidate_003,met_station_core;radiometer_basic;cr1000xe_backbone,1.8104,calm,transport,0,0.3173130452632904
7182,candidate_003,met_station_core;radiometer_basic;cr1000xe_backbone,1.8104,calm,transport,0,0.31764671206474304
7182,candidate_003,met_station_core;radiometer_basic;cr1000xe_backbone,1.8104,calm,transport,0,0.29231902956962585
7182,candidate_003,met_station_core;radiometer_basic;cr1000xe_backbone,1.8104,calm,transport,0,0.3052312731742859
7182,candidate_003,met_station_core;radiometer_basic;cr1000xe_backbone,1.8104,calm,transport,0,0.2836989164352417
7182,candidate_003,met_station_core;radiometer_basic;cr1000xe_backbone,1.8104,calm,particle,0,0.2863093912601471
7182,candidate_003,met_station_core;radiometer_basic;cr1000xe_backbone,1.8104,calm,particle,0,0.2429783046245575
7182,candidate_003,met_station_core;radiometer_basic;cr1000xe_backbone,1.8104,calm,particle,0,0.22545911371707916
7182,candidate_003,met_station_core;radiometer_basic;cr1000xe_backbone,1.8104,calm,particle,0,0.22375234961509705
7182,candidate_003,met_station_core;radiometer_basic;cr1000xe_backbone,1.8104,calm,particle,0,0.23186145722866058
7182,candidate_003,met_station_core;radiometer_basic;cr1000xe_backbone,1.8104,calm,particle,0,0.23335227370262146
7182,candidate_003,met_station_core;radiometer_basic;cr1000xe_backbone,1.8104,calm,particle,0,0.24196922779083252
7182,candidate_003,met_station_core;radiometer_basic;cr1000xe_backbone,1.8104,calm,particle,0,0.24919632077217102
7182,candidate_003,met_station_core;radiometer_basic;cr1000xe_backbone,1.8104,calm,particle,0,0.2390572726726532
7182,candidate_003,met_station_core;radiometer_basic;cr1000xe_backbone,1.8104,calm,particle,0,0.2458498626947403
7182,candidate_003,met_station_core;radiometer_basic;cr1000xe_backbone,1.8104,calm,particle,0,0.25184571743011475
7182,candidate_003,met_station_core;radiometer_basic;cr1000xe_backbone,1.8104,calm,particle,0,0.25107187032699585
7182,candidate_003,met_station_core;radiometer_basic;cr1000xe_backbone,1.8104,calm,particle,0,0.2660156786441803
7182,candidate_003,met_station_core;radiometer_basic;cr1000xe_backbone,1.8104,calm,particle,0,0.255651593208313
7182,candidate_003,met_station_core;radiometer_basic;cr1000xe_backbone,1.8104,calm,particle,0,0.2618674039840698
7182,candidate_003,met_station_core;radiometer_basic;cr1000xe_backbone,1.8104,calm,particle,0,0.25432294607162476
7182,candidate_003,met_station_core;radiometer_basic;cr1000xe_backbone,1.8104,calm,particle,0,0.22719064354896545
7182,candidate_003,met_station_core;radiometer_basic;cr1000xe_backbone,1.8104,calm,particle,0,0.21774202585220337
7182,candidate_003,met_station_core;radiometer_basic;cr1000xe_backbone,1.8104,calm,particle,0,0.243046835064888
7182,candidate_003,met_station_core;radiometer_basic;cr1000xe_backbone,1.8104,calm,particle,0,0.2753298878669739
7182,candidate_003,met_station_core;radiometer_basic;cr1000xe_backbone,1.8104,calm,particle,0,0.32714468240737915
7182,candidate_003,met_station_core;radiometer_basic;cr1000xe_backbone,1.8104,calm,particle,0,0.351592481136322
7182,candidate_003,met_station_core;radiometer_basic;cr1000xe_backbone,1.8104,calm,particle,0,0.3320031464099884
7182,candidate_003,met_station_core;radiometer_basic;cr1000xe_backbone,1.8104,calm,thermal,0,0.3218606412410736
7182,candidate_003,met_station_core;radiometer_basic;cr1000xe_backbone,1.8104,calm,thermal,0,0.3326416015625
7182,candidate_003,met_station_core;radiometer_basic;cr1000xe_backbone,1.8104,calm,thermal,0,0.3393273949623108
7182,candidate_003,met_station_core;radiometer_basic;cr1000xe_backbone,1.8104,calm,thermal,0,0.3175013065338135
7182,candidate_003,met_station_core;radiometer_basic;cr1000xe_backbone,1.8104,calm,thermal,0,0.35034048557281494
7182,candidate_003,met_station_core;radiometer_basic;cr1000xe_backbone,1.8104,calm,thermal,0,0.3263086676597595
7182,candidate_003,met_station_core;radiometer_basic;cr1000xe_backbone,1.8104,calm,thermal,0,0.3361969292163849
7182,candidate_003,met_station_core;radiometer_basic;cr1000xe_backbone,1.8104,calm,thermal,0,0.34109970927238464
7182,candidate_003,met_station_core;radiometer_basic;cr1000xe_backbone,1.8104,calm,thermal,0,0.39058947563171387
7182,candidate_003,met_station_core;radiometer_basic;cr1000xe_backbone,1.8104,calm,thermal,0,0.3504779636859894
7182,candidate_003,met_station_core;radiometer_basic;cr1000xe_backbone,1.8104,calm,thermal,0,0.3978809118270874
7182,candidate_003,met_station_core;radiometer_basic;cr1000xe_backbone,1.8104,calm,thermal,0,0.375207781791687
7182,candidate_003,met_station_core;radiometer_basic;cr1000xe_backbone,1.8104,calm,thermal,0,0.3541896641254425
7182,candidate_003,met_station_core;radiometer_basic;cr1000xe_backbone,1.8104,calm,thermal,0,0.3642108142375946
7182,candidate_003,met_station_core;radiometer_basic;cr1000xe_backbone,1.8104,calm,thermal,0,0.3557189404964447
7182,candidate_003,met_station_core;radiometer_basic;cr1000xe_backbone,1.8104,calm,thermal,0,0.31271716952323914
7182,candidate_003,met_station_core;radiometer_basic;cr1000xe_backbone,1.8104,calm,thermal,0,0.30609244108200073
7182,candidate_003,met_station_core;radiometer_basic;cr1000xe_backbone,1.8104,calm,thermal,0,0.26667866110801697
7182,candidate_003,met_station_core;radiometer_basic;cr1000xe_backbone,1.8104,calm,thermal,0,0.2771828770637512
7182,candidate_003,met_station_core;radiometer_basic;cr1000xe_backbone,1.8104,calm,thermal,0,0.31060028076171875
7182,candidate_003,met_station_core;radiometer_basic;cr1000xe_backbone,1.8104,calm,thermal,0,0.34866490960121155
7182,candidate_003,met_station_core;radiometer_basic;cr1000xe_backbone,1.8104,calm,transport,0,0.35582342743873596
7182,candidate_003,met_station_core;radiometer_basic;cr1000xe_backbone,1.8104,calm,transport,0,0.3810289204120636
7182,candidate_003,met_station_core;radiometer_basic;cr1000xe_backbone,1.8104,calm,transport,0,0.355983167886734
7182,candidate_003,met_station_core;radiometer_basic;cr1000xe_backbone,1.8104,calm,transport,0,0.37243518233299255
7182,candidate_003,met_station_core;radiometer_basic;cr1000xe_backbone,1.8104,calm,transport,0,0.3281640410423279
7182,candidate_003,met_station_core;radiometer_basic;cr1000xe_backbone,1.8104,calm,transport,0,0.32374307513237
7182,candidate_003,met_station_core;radiometer_basic;cr1000xe_backbone,1.8104,calm,transport,0,0.3479301631450653
7182,candidate_003,met_station_core;radiometer_basic;cr1000xe_backbone,1.8104,calm,transport,0,0.29895663261413574
7182,candidate_003,met_station_core;radiometer_basic;cr1000xe_backbone,1.8104,calm,transport,0,0.33582404255867004
7182,candidate_003,met_station_core;radiometer_basic;cr1000xe_backbone,1.8104,calm,transport,0,0.3526223301887512
7182,candidate_003,met_station_core;radiometer_basic;cr1000xe_backbone,1.8104,calm,transport,0,0.3580187261104584
7182,candidate_003,met_station_core;radiometer_basic;cr1000xe_backbone,1.8104,calm,transport,0,0.3711637854576111
7182,candidate_003,met_station_core;radiometer_basic;cr1000xe_backbone,1.8104,calm,transport,0,0.3751494884490967
7182,candidate_003,met_station_core;radiometer_basic;cr1000xe_backbone,1.8104,calm,transport,0,0.4056510031223297
7182,candidate_003,met_station_core;radiometer_basic;cr1000xe_backbone,1.8104,calm,transport,0,0.37697839736938477
7182,candidate_003,met_station_core;radiometer_basic;cr1000xe_backbone,1.8104,calm,transport,0,0.37152042984962463
7182,candidate_003,met_station_core;radiometer_basic;cr1000xe_backbone,1.8104,calm,transport,0,0.3511600196361542
7182,candidate_003,met_station_core;radiometer_basic;cr1000xe_backbone,1.8104,calm,transport,0,0.3285689353942871
7182,candidate_003,met_station_core;radiometer_basic;cr1000xe_backbone,1.8104,calm,particle,0,0.32337817549705505
7182,candidate_003,met_station_core;radiometer_basic;cr1000xe_backbone,1.8104,calm,particle,0,0.3113856017589569
7182,candidate_003,met_station_core;radiometer_basic;cr1000xe_backbone,1.8104,calm,particle,0,0.29975011944770813
7182,candidate_003,met_station_core;radiometer_basic;cr1000xe_backbone,1.8104,calm,particle,0,0.30347979068756104
7182,candidate_003,met_station_core;radiometer_basic;cr1000xe_backbone,1.8104,calm,particle,0,0.31645432114601135
7182,candidate_003,met_station_core;radiometer_basic;cr1000xe_backbone,1.8104,calm,particle,0,0.3527630567550659
7182,candidate_003,met_station_core;radiometer_basic;cr1000xe_backbone,1.8104,calm,particle,0,0.3442642092704773
7182,candidate_003,met_station_core;radiometer_basic;cr1000xe_backbone,1.8104,calm,particle,0,0.35408681631088257
7182,candidate_003,met_station_core;radiometer_basic;cr1000xe_backbone,1.8104,calm,particle,0,0.33674824237823486
7182,candidate_003,met_station_core;radiometer_basic;cr1000xe_backbone,1.8104,calm,particle,0,0.337798535823822
7182,candidate_003,met_station_core;radiometer_basic;cr1000xe_backbone,1.8104,calm,particle,0,0.330413818359375
7182,candidate_003,met_station_core;radiometer_basic;cr1000xe_backbone,1.8104,calm,particle,0,0.3247537314891815
7182,candidate_003,met_station_core;radiometer_basic;cr1000xe_backbone,1.8104,calm,particle,0,0.320241779088974
7182,candidate_003,met_station_core;radiometer_basic;cr1000xe_backbone,1.8104,calm,particle,0,0.32893338799476624
7182,candidate_003,met_station_core;radiometer_basic;cr1000xe_backbone,1.8104,calm,particle,0,0.34088894724845886
7182,candidate_003,met_station_core;radiometer_basic;cr1000xe_backbone,1.8104,calm,particle,0,0.38302525877952576
7182,candidate_003,met_station_core;radiometer_basic;cr1000xe_backbone,1.8104,calm,particle,0,0.38048359751701355
7182,candidate_003,met_station_core;radiometer_basic;cr1000xe_backbone,1.8104,calm,particle,0,0.3773728609085083
7182,candidate_003,met_station_core;radiometer_basic;cr1000xe_backbone,1.8104,calm,particle,0,0.3877236247062683
7182,candidate_003,met_station_core;radiometer_basic;cr1000xe_backbone,1.8104,calm,particle,0,0.40455254912376404
7182,candidate_003,met_station_core;radiometer_basic;cr1000xe_backbone,1.8104,calm,particle,0,0.43976709246635437
7182,candidate_003,met_station_core;radiometer_basic;cr1000xe_backbone,1.8104,calm,particle,0,0.40717026591300964
7182,candidate_003,met_station_core;radiometer_basic;cr1000xe_backbone,1.8104,calm,particle,0,0.3917132019996643
7182,candidate_003,met_station_core;radiometer_basic;cr1000xe_backbone,1.8104,calm,particle,0,0.3642818033695221
7182,candidate_003,met_station_core;radiometer_basic;cr1000xe_backbone,1.8104,calm,particle,0,0.3833770751953125
7182,candidate_003,met_station_core;radiometer_basic;cr1000xe_backbone,1.8104,calm,particle,0,0.3838523030281067
7182,candidate_003,met_station_core;radiometer_basic;cr1000xe_backbone,1.8104,calm,particle,0,0.39194193482398987
7182,candidate_003,met_station_core;radiometer_basic;cr1000xe_backbone,1.8104,calm,particle,0,0.3888925015926361
7182,candidate_003,met_station_core;radiometer_basic;cr1000xe_backbone,1.8104,calm,particle,0,0.39242464303970337
7182,candidate_003,met_station_core;radiometer_basic;cr1000xe_backbone,1.8104,calm,particle,0,0.3932667672634125
7182,candidate_003,met_station_core;radiometer_basic;cr1000xe_backbone,1.8104,calm,particle,0,0.4016738533973694
7182,candidate_003,met_station_core;radiometer_basic;cr1000xe_backbone,1.8104,calm,particle,0,0.41142773628234863
7182,candidate_003,met_station_core;radiometer_basic;cr1000xe_backbone,1.8104,calm,thermal,0,0.412712037563324
7182,candidate_003,met_station_core;radiometer_basic;cr1000xe_backbone,1.8104,calm,thermal,0,0.42126041650772095
7182,candidate_003,met_station_core;radiometer_basic;cr1000xe_backbone,1.8104,calm,thermal,0,0.4802060127258301
7182,candidate_003,met_station_core;radiometer_basic;cr1000xe_backbone,1.8104,calm,thermal,0,0.5005472898483276
7182,candidate_003,met_station_core;radiometer_basic;cr1000xe_backbone,1.8104,calm,thermal,0,0.5422454476356506
7182,candidate_003,met_station_core;radiometer_basic;cr1000xe_backbone,1.8104,calm,thermal,0,0.46646714210510254
7182,candidate_003,met_station_core;radiometer_basic;cr1000xe_backbone,1.8104,calm,thermal,0,0.5367554426193237
7182,candidate_003,met_station_core;radiometer_basic;cr1000xe_backbone,1.8104,calm,thermal,0,0.5254811644554138
7182,candidate_003,met_station_core;radiometer_basic;cr1000xe_backbone,1.8104,calm,thermal,0,0.5304839015007019
7182,candidate_003,met_station_core;radiometer_basic;cr1000xe_backbone,1.8104,calm,thermal,0,0.5540919303894043
7182,candidate_003,met_station_core;radiometer_basic;cr1000xe_backbone,1.8104,calm,thermal,0,0.5855459570884705
7182,candidate_003,met_station_core;radiometer_basic;cr1000xe_backbone,1.8104,calm,thermal,0,0.6205371022224426
7182,candidate_003,met_station_core;radiometer_basic;cr1000xe_backbone,1.8104,calm,thermal,0,0.6353582143783569
7182,candidate_003,met_station_core;radiometer_basic;cr1000xe_backbone,1.8104,calm,thermal,0,0.6009462475776672
7182,candidate_003,met_station_core;radiometer_basic;cr1000xe_backbone,1.8104,calm,thermal,0,0.5856963396072388
7182,candidate_003,met_station_core;radiometer_basic;cr1000xe_backbone,1.8104,calm,thermal,0,0.5333285331726074
7182,candidate_003,met_station_core;radiometer_basic;cr1000xe_backbone,1.8104,calm,thermal,0,0.6022874116897583
7182,candidate_003,met_station_core;radiometer_basic;cr1000xe_backbone,1.8104,calm,thermal,0,0.6829386353492737
7182,candidate_003,met_station_core;radiometer_basic;cr1000xe_backbone,1.8104,calm,thermal,0,0.7454380393028259
7182,candidate_003,met_station_core;radiometer_basic;cr1000xe_backbone,1.8104,calm,thermal,0,0.6877792477607727
7182,candidate_003,met_station_core;radiometer_basic;cr1000xe_backbone,1.8104,calm,thermal,0,0.6273525357246399
7182,candidate_003,met_station_core;radiometer_basic;cr1000xe_backbone,1.8104,calm,thermal,0,0.5383274555206299
7182,candidate_003,met_station_core;radiometer_basic;cr1000xe_backbone,1.8104,calm,thermal,0,0.527727484703064
7182,candidate_003,met_station_core;radiometer_basic;cr1000xe_backbone,1.8104,calm,thermal,0,0.5313718318939209
7182,candidate_003,met_station_core;radiometer_basic;cr1000xe_backbone,1.8104,thermal,thermal,3,0.46674877405166626
7182,candidate_003,met_station_core;radiometer_basic;cr1000xe_backbone,1.8104,thermal,thermal,3,0.488005667924881
7182,candidate_003,met_station_core;radiometer_basic;cr1000xe_backbone,1.8104,thermal,thermal,3,0.40293341875076294
7182,candidate_003,met_station_core;radiometer_basic;cr1000xe_backbone,1.8104,thermal,transport,3,0.3422054648399353
7182,candidate_003,met_station_core;radiometer_basic;cr1000xe_backbone,1.8104,thermal,transport,3,0.3252381682395935
7182,candidate_003,met_station_core;radiometer_basic;cr1000xe_backbone,1.8104,thermal,transport,3,0.3096997141838074
7182,candidate_003,met_station_core;radiometer_basic;cr1000xe_backbone,1.8104,thermal,transport,3,0.3760261535644531
7182,candidate_003,met_station_core;radiometer_basic;cr1000xe_backbone,1.8104,thermal,transport,3,0.41763707995414734
7182,candidate_003,met_station_core;radiometer_basic;cr1000xe_backbone,1.8104,thermal,transport,3,0.45892471075057983
7182,candidate_003,met_station_core;radiometer_basic;cr1000xe_backbone,1.8104,thermal,transport,3,0.4404221177101135
7182,candidate_003,met_station_core;radiometer_basic;cr1000xe_backbone,1.8104,thermal,transport,3,0.41613930463790894
7182,candidate_003,met_station_core;radiometer_basic;cr1000xe_backbone,1.8104,thermal,transport,3,0.42190471291542053
7182,candidate_003,met_station_core;radiometer_basic;cr1000xe_backbone,1.8104,thermal,transport,3,0.38470950722694397
7182,candidate_003,met_station_core;radiometer_basic;cr1000xe_backbone,1.8104,thermal,transport,3,0.38640645146369934
7182,candidate_003,met_station_core;radiometer_basic;cr1000xe_backbone,1.8104,thermal,transport,3,0.3147553503513336
7182,candidate_003,met_station_core;radiometer_basic;cr1000xe_backbone,1.8104,thermal,transport,3,0.30468177795410156
7182,candidate_003,met_station_core;radiometer_basic;cr1000xe_backbone,1.8104,thermal,transport,3,0.33198675513267517
7182,candidate_003,met_station_core;radiometer_basic;cr1000xe_backbone,1.8104,thermal,transport,3,0.30858808755874634
7182,candidate_003,met_station_core;radiometer_basic;cr1000xe_backbone,1.8104,thermal,transport,3,0.3251233994960785
7182,candidate_003,met_station_core;radiometer_basic;cr1000xe_backbone,1.8104,thermal,transport,3,0.3470381796360016
7182,candidate_003,met_station_core;radiometer_basic;cr1000xe_backbone,1.8104,thermal,transport,3,0.39839112758636475
7182,candidate_003,met_station_core;radiometer_basic;cr1000xe_backbone,1.8104,thermal,transport,3,0.4713892340660095
7182,candidate_003,met_station_core;radiometer_basic;cr1000xe_backbone,1.8104,thermal,transport,3,0.4703318774700165
7182,candidate_003,met_station_core;radiometer_basic;cr1000xe_backbone,1.8104,thermal,transport,3,0.40861403942108154
7182,candidate_003,met_station_core;radiometer_basic;cr1000xe_backbone,1.8104,thermal,transport,3,0.38623642921447754
7182,candidate_003,met_station_core;radiometer_basic;cr1000xe_backbone,1.8104,thermal,transport,3,0.40763941407203674
7182,candidate_003,met_station_core;radiometer_basic;cr1000xe_backbone,1.8104,thermal,transport,3,0.4624369144439697
7182,candidate_003,met_station_core;radiometer_basic;cr1000xe_backbone,1.8104,calm,thermal,0,0.6400782465934753
7182,candidate_003,met_station_core;radiometer_basic;cr1000xe_backbone,1.8104,particle,thermal,1,0.6445797681808472
7182,candidate_003,met_station_core;radiometer_basic;cr1000xe_backbone,1.8104,particle,thermal,1,0.5736762881278992
7182,candidate_003,met_station_core;radiometer_basic;cr1000xe_backbone,1.8104,particle,thermal,1,0.5510321259498596
7182,candidate_003,met_station_core;radiometer_basic;cr1000xe_backbone,1.8104,particle,thermal,1,0.30706751346588135
7182,candidate_003,met_station_core;radiometer_basic;cr1000xe_backbone,1.8104,particle,thermal,1,0.27510717511177063
7182,candidate_003,met_station_core;radiometer_basic;cr1000xe_backbone,1.8104,particle,thermal,1,0.2119709998369217
7182,candidate_003,met_station_core;radiometer_basic;cr1000xe_backbone,1.8104,particle,thermal,1,0.20449139177799225
7182,candidate_003,met_station_core;radiometer_basic;cr1000xe_backbone,1.8104,particle,thermal,1,0.20497195422649384
7182,candidate_003,met_station_core;radiometer_basic;cr1000xe_backbone,1.8104,particle,thermal,1,0.16423453390598297
7182,candidate_003,met_station_core;radiometer_basic;cr1000xe_backbone,1.8104,particle,thermal,1,0.18648675084114075
7182,candidate_003,met_station_core;radiometer_basic;cr1000xe_backbone,1.8104,particle,thermal,1,0.20307087898254395
7182,candidate_003,met_station_core;radiometer_basic;cr1000xe_backbone,1.8104,particle,thermal,1,0.20428085327148438
7182,candidate_003,met_station_core;radiometer_basic;cr1000xe_backbone,1.8104,particle,thermal,1,0.21552425622940063
7182,candidate_003,met_station_core;radiometer_basic;cr1000xe_backbone,1.8104,particle,thermal,1,0.167197123169899
7182,candidate_003,met_station_core;radiometer_basic;cr1000xe_backbone,1.8104,particle,transport,1,0.18350937962532043
7182,candidate_003,met_station_core;radiometer_basic;cr1000xe_backbone,1.8104,particle,transport,1,0.2557922601699829
7182,candidate_003,met_station_core;radiometer_basic;cr1000xe_backbone,1.8104,particle,transport,1,0.23441703617572784
7182,candidate_003,met_station_core;radiometer_basic;cr1000xe_backbone,1.8104,particle,transport,1,0.22322174906730652
7182,candidate_003,met_station_core;radiometer_basic;cr1000xe_backbone,1.8104,particle,transport,1,0.2198757529258728
7182,candidate_003,met_station_core;radiometer_basic;cr1000xe_backbone,1.8104,particle,transport,1,0.18161481618881226
7182,candidate_003,met_station_core;radiometer_basic;cr1000xe_backbone,1.8104,particle,transport,1,0.1900145411491394
7182,candidate_003,met_station_core;radiometer_basic;cr1000xe_backbone,1.8104,particle,transport,1,0.14858496189117432
7182,candidate_003,met_station_core;radiometer_basic;cr1000xe_backbone,1.8104,particle,transport,1,0.16046759486198425
7182,candidate_003,met_station_core;radiometer_basic;cr1000xe_backbone,1.8104,particle,transport,1,0.20305205881595612
7182,candidate_003,met_station_core;radiometer_basic;cr1000xe_backbone,1.8104,particle,transport,1,0.20169933140277863
7182,candidate_003,met_station_core;radiometer_basic;cr1000xe_backbone,1.8104,particle,transport,1,0.19791124761104584
7182,candidate_003,met_station_core;radiometer_basic;cr1000xe_backbone,1.8104,particle,transport,1,0.2660326659679413
7182,candidate_003,met_station_core;radiometer_basic;cr1000xe_backbone,1.8104,particle,transport,1,0.2736453115940094
7182,candidate_003,met_station_core;radiometer_basic;cr1000xe_backbone,1.8104,particle,transport,1,0.2772292494773865
7182,candidate_003,met_station_core;radiometer_basic;cr1000xe_backbone,1.8104,particle,transport,1,0.24335753917694092
7182,candidate_003,met_station_core;radiometer_basic;cr1000xe_backbone,1.8104,particle,transport,1,0.22492097318172455
7182,candidate_003,met_station_core;radiometer_basic;cr1000xe_backbone,1.8104,particle,transport,1,0.19267556071281433
7182,candidate_003,met_station_core;radiometer_basic;cr1000xe_backbone,1.8104,particle,transport,1,0.17345325648784637
7182,candidate_003,met_station_core;radiometer_basic;cr1000xe_backbone,1.8104,particle,transport,1,0.1349528282880783
7182,candidate_003,met_station_core;radiometer_basic;cr1000xe_backbone,1.8104,particle,transport,1,0.12948326766490936
7182,candidate_003,met_station_core;radiometer_basic;cr1000xe_backbone,1.8104,particle,transport,1,0.1857779175043106
7182,candidate_003,met_station_core;radiometer_basic;cr1000xe_backbone,1.8104,particle,transport,1,0.19834426045417786
7182,candidate_003,met_station_core;radiometer_basic;cr1000xe_backbone,1.8104,particle,transport,1,0.1821509301662445
7182,candidate_003,met_station_core;radiometer_basic;cr1000xe_backbone,1.8104,particle,transport,1,0.22953449189662933
7182,candidate_003,met_station_core;radiometer_basic;cr1000xe_backbone,1.8104,particle,transport,1,0.2644996643066406
7182,candidate_003,met_station_core;radiometer_basic;cr1000xe_backbone,1.8104,particle,transport,1,0.24473778903484344
7182,candidate_003,met_station_core;radiometer_basic;cr1000xe_backbone,1.8104,particle,transport,1,0.29551875591278076
7182,candidate_003,met_station_core;radiometer_basic;cr1000xe_backbone,1.8104,particle,particle,1,0.2880539000034332
7182,candidate_003,met_station_core;radiometer_basic;cr1000xe_backbone,1.8104,particle,particle,1,0.27305591106414795
7182,candidate_003,met_station_core;radiometer_basic;cr1000xe_backbone,1.8104,particle,particle,1,0.2856799066066742
7182,candidate_003,met_station_core;radiometer_basic;cr1000xe_backbone,1.8104,particle,particle,1,0.24851207435131073
7182,candidate_003,met_station_core;radiometer_basic;cr1000xe_backbone,1.8104,particle,particle,1,0.22885960340499878
7182,candidate_003,met_station_core;radiometer_basic;cr1000xe_backbone,1.8104,particle,particle,1,0.20566217601299286
7182,candidate_003,met_station_core;radiometer_basic;cr1000xe_backbone,1.8104,particle,particle,1,0.22578032314777374
7182,candidate_003,met_station_core;radiometer_basic;cr1000xe_backbone,1.8104,particle,particle,1,0.2830418646335602
7182,candidate_003,met_station_core;radiometer_basic;cr1000xe_backbone,1.8104,particle,particle,1,0.3015529215335846
7182,candidate_003,met_station_core;radiometer_basic;cr1000xe_backbone,1.8104,particle,particle,1,0.27289795875549316
7182,candidate_003,met_station_core;radiometer_basic;cr1000xe_backbone,1.8104,particle,particle,1,0.2583628296852112
7182,candidate_003,met_station_core;radiometer_basic;cr1000xe_backbone,1.8104,particle,particle,1,0.24470406770706177
7182,candidate_003,met_station_core;radiometer_basic;cr1000xe_backbone,1.8104,particle,particle,1,0.2377404272556305
7182,candidate_003,met_station_core;radiometer_basic;cr1000xe_backbone,1.8104,particle,particle,1,0.2268289178609848
7182,candidate_003,met_station_core;radiometer_basic;cr1000xe_backbone,1.8104,particle,particle,1,0.23332780599594116
7182,candidate_003,met_station_core;radiometer_basic;cr1000xe_backbone,1.8104,particle,particle,1,0.2856898307800293
7182,candidate_003,met_station_core;radiometer_basic;cr1000xe_backbone,1.8104,particle,particle,1,0.27797096967697144
7182,candidate_003,met_station_core;radiometer_basic;cr1000xe_backbone,1.8104,calm,particle,0,0.24761973321437836
7182,candidate_003,met_station_core;radiometer_basic;cr1000xe_backbone,1.8104,calm,particle,0,0.29716235399246216
7182,candidate_003,met_station_core;radiometer_basic;cr1000xe_backbone,1.8104,calm,particle,0,0.24905221164226532
7182,candidate_003,met_station_core;radiometer_basic;cr1000xe_backbone,1.8104,calm,particle,0,0.2438521832227707
7182,candidate_003,met_station_core;radiometer_basic;cr1000xe_backbone,1.8104,calm,particle,0,0.2268727570772171
7182,candidate_003,met_station_core;radiometer_basic;cr1000xe_backbone,1.8104,calm,particle,0,0.2325751632452011
7182,candidate_003,met_station_core;radiometer_basic;cr1000xe_backbone,1.8104,calm,particle,0,0.27738118171691895
7182,candidate_003,met_station_core;radiometer_basic;cr1000xe_backbone,1.8104,calm,particle,0,0.28852424025535583
7182,candidate_003,met_station_core;radiometer_basic;cr1000xe_backbone,1.8104,calm,particle,0,0.3029971718788147
7182,candidate_003,met_station_core;radiometer_basic;cr1000xe_backbone,1.8104,calm,particle,0,0.31651467084884644
7182,candidate_003,met_station_core;radiometer_basic;cr1000xe_backbone,1.8104,calm,particle,0,0.36260998249053955
7182,candidate_003,met_station_core;radiometer_basic;cr1000xe_backbone,1.8104,calm,particle,0,0.3876667022705078
7182,candidate_003,met_station_core;radiometer_basic;cr1000xe_backbone,1.8104,calm,particle,0,0.42616403102874756
7182,candidate_003,met_station_core;radiometer_basic;cr1000xe_backbone,1.8104,calm,particle,0,0.43342170119285583
7182,candidate_003,met_station_core;radiometer_basic;cr1000xe_backbone,1.8104,particle,particle,1,0.3392196595668793
7182,candidate_003,met_station_core;radiometer_basic;cr1000xe_backbone,1.8104,particle,particle,1,0.3805891275405884
7182,candidate_003,met_station_core;radiometer_basic;cr1000xe_backbone,1.8104,particle,particle,1,0.3308427035808563
7182,candidate_003,met_station_core;radiometer_basic;cr1000xe_backbone,1.8104,particle,particle,1,0.38168779015541077
7182,candidate_003,met_station_core;radiometer_basic;cr1000xe_backbone,1.8104,particle,thermal,1,0.3612537980079651
7182,candidate_003,met_station_core;radiometer_basic;cr1000xe_backbone,1.8104,particle,thermal,1,0.3755759298801422
7182,candidate_003,met_station_core;radiometer_basic;cr1000xe_backbone,1.8104,particle,thermal,1,0.3687690198421478
7182,candidate_003,met_station_core;radiometer_basic;cr1000xe_backbone,1.8104,particle,thermal,1,0.34302735328674316
7182,candidate_003,met_station_core;radiometer_basic;cr1000xe_backbone,1.8104,particle,thermal,1,0.34637174010276794
7182,candidate_003,met_station_core;radiometer_basic;cr1000xe_backbone,1.8104,particle,thermal,1,0.32833245396614075
7182,candidate_003,met_station_core;radiometer_basic;cr1000xe_backbone,1.8104,particle,thermal,1,0.36143866181373596
7182,candidate_003,met_station_core;radiometer_basic;cr1000xe_backbone,1.8104,particle,thermal,1,0.39795568585395813
7182,candidate_003,met_station_core;radiometer_basic;cr1000xe_backbone,1.8104,particle,thermal,1,0.3745477497577667
7182,candidate_003,met_station_core;radiometer_basic;cr1000xe_backbone,1.8104,particle,thermal,1,0.37778210639953613
7182,candidate_003,met_station_core;radiometer_basic;cr1000xe_backbone,1.8104,particle,thermal,1,0.40264207124710083
7182,candidate_003,met_station_core;radiometer_basic;cr1000xe_backbone,1.8104,particle,thermal,1,0.29497024416923523
7182,candidate_003,met_station_core;radiometer_basic;cr1000xe_backbone,1.8104,particle,thermal,1,0.28319260478019714
7182,candidate_003,met_station_core;radiometer_basic;cr1000xe_backbone,1.8104,particle,thermal,1,0.2131834179162979
7182,candidate_003,met_station_core;radiometer_basic;cr1000xe_backbone,1.8104,particle,thermal,1,0.21670159697532654
7182,candidate_003,met_station_core;radiometer_basic;cr1000xe_backbone,1.8104,particle,thermal,1,0.20867517590522766
7182,candidate_003,met_station_core;radiometer_basic;cr1000xe_backbone,1.8104,particle,thermal,1,0.1316690444946289
7182,candidate_003,met_station_core;radiometer_basic;cr1000xe_backbone,1.8104,particle,thermal,1,0.11133702844381332
7182,candidate_003,met_station_core;radiometer_basic;cr1000xe_backbone,1.8104,particle,transport,1,0.11163890361785889
7182,candidate_003,met_station_core;radiometer_basic;cr1000xe_backbone,1.8104,particle,transport,1,0.18511319160461426
7182,candidate_003,met_station_core;radiometer_basic;cr1000xe_backbone,1.8104,particle,transport,1,0.151345357298851
7182,candidate_003,met_station_core;radiometer_basic;cr1000xe_backbone,1.8104,particle,transport,1,0.15390224754810333
7182,candidate_003,met_station_core;radiometer_basic;cr1000xe_backbone,1.8104,particle,transport,1,0.1310359537601471
7182,candidate_003,met_station_core;radiometer_basic;cr1000xe_backbone,1.8104,particle,transport,1,0.1594262421131134
7182,candidate_003,met_station_core;radiometer_basic;cr1000xe_backbone,1.8104,particle,transport,1,0.16194361448287964
7182,candidate_003,met_station_core;radiometer_basic;cr1000xe_backbone,1.8104,particle,transport,1,0.18197977542877197
7182,candidate_003,met_station_core;radiometer_basic;cr1000xe_backbone,1.8104,particle,transport,1,0.19187818467617035
7182,candidate_003,met_station_core;radiometer_basic;cr1000xe_backbone,1.8104,particle,transport,1,0.22226490080356598
7182,candidate_003,met_station_core;radiometer_basic;cr1000xe_backbone,1.8104,particle,transport,1,0.2713563144207001
7182,candidate_003,met_station_core;radiometer_basic;cr1000xe_backbone,1.8104,particle,transport,1,0.2567635178565979
7182,candidate_003,met_station_core;radiometer_basic;cr1000xe_backbone,1.8104,particle,transport,1,0.2259128838777542
7182,candidate_003,met_station_core;radiometer_basic;cr1000xe_backbone,1.8104,particle,transport,1,0.2506633698940277
7182,candidate_003,met_station_core;radiometer_basic;cr1000xe_backbone,1.8104,calm,transport,0,0.19896842539310455
7182,candidate_003,met_station_core;radiometer_basic;cr1000xe_backbone,1.8104,calm,transport,0,0.2027328759431839
7182,candidate_003,met_station_core;radiometer_basic;cr1000xe_backbone,1.8104,calm,transport,0,0.20866140723228455
7182,candidate_003,met_station_core;radiometer_basic;cr1000xe_backbone,1.8104,calm,transport,0,0.231998473405838
7182,candidate_003,met_station_core;radiometer_basic;cr1000xe_backbone,1.8104,calm,transport,0,0.2225678712129593
7182,candidate_003,met_station_core;radiometer_basic;cr1000xe_backbone,1.8104,calm,transport,0,0.2420606166124344
7182,candidate_003,met_station_core;radiometer_basic;cr1000xe_backbone,1.8104,calm,particle,0,0.218563050031662
7182,candidate_003,met_station_core;radiometer_basic;cr1000xe_backbone,1.8104,calm,particle,0,0.2325643002986908
7182,candidate_003,met_station_core;radiometer_basic;cr1000xe_backbone,1.8104,calm,particle,0,0.23125264048576355
7182,candidate_003,met_station_core;radiometer_basic;cr1000xe_backbone,1.8104,calm,particle,0,0.24104183912277222
7182,candidate_003,met_station_core;radiometer_basic;cr1000xe_backbone,1.8104,calm,particle,0,0.23815901577472687
7182,candidate_003,met_station_core;radiometer_basic;cr1000xe_backbone,1.8104,calm,particle,0,0.26742956042289734
7182,candidate_003,met_station_core;radiometer_basic;cr1000xe_backbone,1.8104,calm,particle,0,0.26072877645492554
7182,candidate_003,met_station_core;radiometer_basic;cr1000xe_backbone,1.8104,calm,particle,0,0.2439032346010208
7182,candidate_003,met_station_core;radiometer_basic;cr1000xe_backbone,1.8104,flux,particle,2,0.2275415062904358
7182,candidate_003,met_station_core;radiometer_basic;cr1000xe_backbone,1.8104,flux,particle,2,0.20370568335056305
7182,candidate_003,met_station_core;radiometer_basic;cr1000xe_backbone,1.8104,flux,particle,2,0.19908185303211212
7182,candidate_003,met_station_core;radiometer_basic;cr1000xe_backbone,1.8104,flux,particle,2,0.1841164082288742
7182,candidate_003,met_station_core;radiometer_basic;cr1000xe_backbone,1.8104,flux,particle,2,0.1941513568162918
7182,candidate_003,met_station_core;radiometer_basic;cr1000xe_backbone,1.8104,flux,particle,2,0.1868194192647934
7182,candidate_003,met_station_core;radiometer_basic;cr1000xe_backbone,1.8104,flux,particle,2,0.20016933977603912
7182,candidate_003,met_station_core;radiometer_basic;cr1000xe_backbone,1.8104,flux,particle,2,0.23642480373382568
7182,candidate_003,met_station_core;radiometer_basic;cr1000xe_backbone,1.8104,flux,particle,2,0.26142480969429016
7182,candidate_003,met_station_core;radiometer_basic;cr1000xe_backbone,1.8104,flux,particle,2,0.27864429354667664
7182,candidate_003,met_station_core;radiometer_basic;cr1000xe_backbone,1.8104,flux,particle,2,0.30781781673431396
7182,candidate_003,met_station_core;radiometer_basic;cr1000xe_backbone,1.8104,flux,particle,2,0.314557284116745
7182,candidate_003,met_station_core;radiometer_basic;cr1000xe_backbone,1.8104,flux,particle,2,0.31795525550842285
7182,candidate_003,met_station_core;radiometer_basic;cr1000xe_backbone,1.8104,flux,particle,2,0.3331894278526306
7182,candidate_003,met_station_core;radiometer_basic;cr1000xe_backbone,1.8104,flux,particle,2,0.3231528699398041
7182,candidate_003,met_station_core;radiometer_basic;cr1000xe_backbone,1.8104,flux,particle,2,0.36644330620765686
7182,candidate_003,met_station_core;radiometer_basic;cr1000xe_backbone,1.8104,flux,particle,2,0.38267961144447327
7182,candidate_003,met_station_core;radiometer_basic;cr1000xe_backbone,1.8104,flux,thermal,2,0.3552561104297638
7182,candidate_003,met_station_core;radiometer_basic;cr1000xe_backbone,1.8104,flux,thermal,2,0.3844200670719147
7182,candidate_003,met_station_core;radiometer_basic;cr1000xe_backbone,1.8104,flux,thermal,2,0.39196330308914185
7182,candidate_003,met_station_core;radiometer_basic;cr1000xe_backbone,1.8104,flux,thermal,2,0.3826090693473816
7182,candidate_003,met_station_core;radiometer_basic;cr1000xe_backbone,1.8104,flux,thermal,2,0.412658154964447
7182,candidate_003,met_station_core;radiometer_basic;cr1000xe_backbone,1.8104,flux,thermal,2,0.38727977871894836
7182,candidate_003,met_station_core;radiometer_basic;cr1000xe_backbone,1.8104,flux,thermal,2,0.38470807671546936
7182,candidate_003,met_station_core;radiometer_basic;cr1000xe_backbone,1.8104,flux,thermal,2,0.34092023968696594
7182,candidate_003,met_station_core;radiometer_basic;cr1000xe_backbone,1.8104,flux,thermal,2,0.3634297847747803
7182,candidate_003,met_station_core;radiometer_basic;cr1000xe_backbone,1.8104,flux,thermal,2,0.3564557135105133
7182,candidate_003,met_station_core;radiometer_basic;cr1000xe_backbone,1.8104,flux,thermal,2,0.3776581287384033
7182,candidate_003,met_station_core;radiometer_basic;cr1000xe_backbone,1.8104,flux,thermal,2,0.37467435002326965
7182,candidate_003,met_station_core;radiometer_basic;cr1000xe_backbone,1.8104,flux,thermal,2,0.40172192454338074
7182,candidate_003,met_station_core;radiometer_basic;cr1000xe_backbone,1.8104,flux,thermal,2,0.3784329891204834
7182,candidate_003,met_station_core;radiometer_basic;cr1000xe_backbone,1.8104,flux,thermal,2,0.39808812737464905
7182,candidate_003,met_station_core;radiometer_basic;cr1000xe_backbone,1.8104,flux,thermal,2,0.3814042806625366
7182,candidate_003,met_station_core;radiometer_basic;cr1000xe_backbone,1.8104,flux,thermal,2,0.38182827830314636
7182,candidate_003,met_station_core;radiometer_basic;cr1000xe_backbone,1.8104,flux,thermal,2,0.3714180886745453
7182,candidate_003,met_station_core;radiometer_basic;cr1000xe_backbone,1.8104,flux,thermal,2,0.38344234228134155
7182,candidate_003,met_station_core;radiometer_basic;cr1000xe_backbone,1.8104,flux,thermal,2,0.32746854424476624
7182,candidate_003,met_station_core;radiometer_basic;cr1000xe_backbone,1.8104,flux,thermal,2,0.29252052307128906
7182,candidate_003,met_station_core;radiometer_basic;cr1000xe_backbone,1.8104,flux,thermal,2,0.2859463691711426
7182,candidate_003,met_station_core;radiometer_basic;cr1000xe_backbone,1.8104,flux,thermal,2,0.21711984276771545
7182,candidate_003,met_station_core;radiometer_basic;cr1000xe_backbone,1.8104,flux,thermal,2,0.20980043709278107
7182,candidate_003,met_station_core;radiometer_basic;cr1000xe_backbone,1.8104,flux,thermal,2,0.20108738541603088
7182,candidate_003,met_station_core;radiometer_basic;cr1000xe_backbone,1.8104,flux,thermal,2,0.18507695198059082
7182,candidate_003,met_station_core;radiometer_basic;cr1000xe_backbone,1.8104,flux,thermal,2,0.19900527596473694
7182,candidate_003,met_station_core;radiometer_basic;cr1000xe_backbone,1.8104,flux,transport,2,0.1977142095565796
7182,candidate_003,met_station_core;radiometer_basic;cr1000xe_backbone,1.8104,flux,transport,2,0.19832676649093628
7182,candidate_003,met_station_core;radiometer_basic;cr1000xe_backbone,1.8104,flux,transport,2,0.21380139887332916
7182,candidate_003,met_station_core;radiometer_basic;cr1000xe_backbone,1.8104,flux,transport,2,0.22326946258544922
7182,candidate_003,met_station_core;radiometer_basic;cr1000xe_backbone,1.8104,calm,transport,0,0.18665634095668793
7182,candidate_003,met_station_core;radiometer_basic;cr1000xe_backbone,1.8104,calm,transport,0,0.24700406193733215
7182,candidate_003,met_station_core;radiometer_basic;cr1000xe_backbone,1.8104,calm,transport,0,0.2047245055437088
7182,candidate_003,met_station_core;radiometer_basic;cr1000xe_backbone,1.8104,calm,transport,0,0.21398498117923737
7182,candidate_003,met_station_core;radiometer_basic;cr1000xe_backbone,1.8104,calm,transport,0,0.1853901743888855
7182,candidate_003,met_station_core;radiometer_basic;cr1000xe_backbone,1.8104,calm,transport,0,0.2278565615415573
7182,candidate_003,met_station_core;radiometer_basic;cr1000xe_backbone,1.8104,calm,transport,0,0.21618004143238068
7182,candidate_003,met_station_core;radiometer_basic;cr1000xe_backbone,1.8104,calm,transport,0,0.2369895577430725
7182,candidate_003,met_station_core;radiometer_basic;cr1000xe_backbone,1.8104,calm,transport,0,0.2408967912197113
7182,candidate_003,met_station_core;radiometer_basic;cr1000xe_backbone,1.8104,calm,transport,0,0.2473774403333664
7182,candidate_003,met_station_core;radiometer_basic;cr1000xe_backbone,1.8104,calm,transport,0,0.2512504756450653
7182,candidate_003,met_station_core;radiometer_basic;cr1000xe_backbone,1.8104,calm,transport,0,0.2639199197292328
7182,candidate_003,met_station_core;radiometer_basic;cr1000xe_backbone,1.8104,calm,transport,0,0.28107762336730957
7182,candidate_003,met_station_core;radiometer_basic;cr1000xe_backbone,1.8104,calm,transport,0,0.3059046268463135
7182,candidate_003,met_station_core;radiometer_basic;cr1000xe_backbone,1.8104,thermal,transport,3,0.2562563419342041
7182,candidate_003,met_station_core;radiometer_basic;cr1000xe_backbone,1.8104,thermal,transport,3,0.27758321166038513
7182,candidate_003,met_station_core;radiometer_basic;cr1000xe_backbone,1.8104,thermal,transport,3,0.23040522634983063
7182,candidate_003,met_station_core;radiometer_basic;cr1000xe_backbone,1.8104,thermal,transport,3,0.21396614611148834
7182,candidate_003,met_station_core;radiometer_basic;cr1000xe_backbone,1.8104,thermal,particle,3,0.17233388125896454
7182,candidate_003,met_station_core;radiometer_basic;cr1000xe_backbone,1.8104,thermal,particle,3,0.24334387481212616
7182,candidate_003,met_station_core;radiometer_basic;cr1000xe_backbone,1.8104,thermal,particle,3,0.18110370635986328
7182,candidate_003,met_station_core;radiometer_basic;cr1000xe_backbone,1.8104,thermal,particle,3,0.17483800649642944
7182,candidate_003,met_station_core;radiometer_basic;cr1000xe_backbone,1.8104,thermal,particle,3,0.17015112936496735
7182,candidate_003,met_station_core;radiometer_basic;cr1000xe_backbone,1.8104,thermal,particle,3,0.16381171345710754
7182,candidate_003,met_station_core;radiometer_basic;cr1000xe_backbone,1.8104,thermal,particle,3,0.1415477693080902
7182,candidate_003,met_station_core;radiometer_basic;cr1000xe_backbone,1.8104,thermal,particle,3,0.1756187230348587
7182,candidate_003,met_station_core;radiometer_basic;cr1000xe_backbone,1.8104,thermal,particle,3,0.15653279423713684
7182,candidate_003,met_station_core;radiometer_basic;cr1000xe_backbone,1.8104,thermal,particle,3,0.14996552467346191
7182,candidate_003,met_station_core;radiometer_basic;cr1000xe_backbone,1.8104,thermal,particle,3,0.14969179034233093
7182,candidate_003,met_station_core;radiometer_basic;cr1000xe_backbone,1.8104,thermal,particle,3,0.1349107027053833
7182,candidate_003,met_station_core;radiometer_basic;cr1000xe_backbone,1.8104,thermal,particle,3,0.1384158581495285
7182,candidate_003,met_station_core;radiometer_basic;cr1000xe_backbone,1.8104,thermal,particle,3,0.116225965321064
7182,candidate_003,met_station_core;radiometer_basic;cr1000xe_backbone,1.8104,thermal,particle,3,0.14221176505088806
7182,candidate_003,met_station_core;radiometer_basic;cr1000xe_backbone,1.8104,thermal,particle,3,0.14386944472789764
7182,candidate_003,met_station_core;radiometer_basic;cr1000xe_backbone,1.8104,thermal,particle,3,0.14631231129169464
7182,candidate_003,met_station_core;radiometer_basic;cr1000xe_backbone,1.8104,thermal,particle,3,0.16065096855163574
7182,candidate_003,met_station_core;radiometer_basic;cr1000xe_backbone,1.8104,thermal,particle,3,0.15695445239543915
7182,candidate_003,met_station_core;radiometer_basic;cr1000xe_backbone,1.8104,thermal,particle,3,0.18579234182834625
7182,candidate_003,met_station_core;radiometer_basic;cr1000xe_backbone,1.8104,thermal,particle,3,0.16663697361946106
7182,candidate_003,met_station_core;radiometer_basic;cr1000xe_backbone,1.8104,thermal,particle,3,0.16335316002368927
7182,candidate_003,met_station_core;radiometer_basic;cr1000xe_backbone,1.8104,thermal,particle,3,0.13399197161197662
7182,candidate_003,met_station_core;radiometer_basic;cr1000xe_backbone,1.8104,thermal,particle,3,0.1451343148946762
7182,candidate_003,met_station_core;radiometer_basic;cr1000xe_backbone,1.8104,thermal,particle,3,0.1421779990196228
7182,candidate_003,met_station_core;radiometer_basic;cr1000xe_backbone,1.8104,thermal,particle,3,0.13502086699008942
7182,candidate_003,met_station_core;radiometer_basic;cr1000xe_backbone,1.8104,thermal,particle,3,0.12635409832000732
7182,candidate_003,met_station_core;radiometer_basic;cr1000xe_backbone,1.8104,thermal,particle,3,0.136467844247818
7182,candidate_003,met_station_core;radiometer_basic;cr1000xe_backbone,1.8104,thermal,particle,3,0.17698697745800018
7182,candidate_003,met_station_core;radiometer_basic;cr1000xe_backbone,1.8104,thermal,particle,3,0.17985963821411133
7182,candidate_003,met_station_core;radiometer_basic;cr1000xe_backbone,1.8104,thermal,particle,3,0.21786226332187653
7182,candidate_003,met_station_core;radiometer_basic;cr1000xe_backbone,1.8104,thermal,particle,3,0.2503536343574524
7182,candidate_003,met_station_core;radiometer_basic;cr1000xe_backbone,1.8104,thermal,particle,3,0.30473384261131287
7182,candidate_003,met_station_core;radiometer_basic;cr1000xe_backbone,1.8104,thermal,particle,3,0.3239974081516266
7182,candidate_003,met_station_core;radiometer_basic;cr1000xe_backbone,1.8104,thermal,particle,3,0.3661644458770752
7182,candidate_003,met_station_core;radiometer_basic;cr1000xe_backbone,1.8104,thermal,particle,3,0.4197761118412018
7182,candidate_003,met_station_core;radiometer_basic;cr1000xe_backbone,1.8104,thermal,thermal,3,0.4356461763381958
7182,candidate_003,met_station_core;radiometer_basic;cr1000xe_backbone,1.8104,thermal,thermal,3,0.4162394106388092
7182,candidate_003,met_station_core;radiometer_basic;cr1000xe_backbone,1.8104,thermal,thermal,3,0.4558429419994354
7182,candidate_003,met_station_core;radiometer_basic;cr1000xe_backbone,1.8104,thermal,thermal,3,0.4334927499294281
7182,candidate_003,met_station_core;radiometer_basic;cr1000xe_backbone,1.8104,thermal,thermal,3,0.433224081993103
7182,candidate_003,met_station_core;radiometer_basic;cr1000xe_backbone,1.8104,thermal,thermal,3,0.45622819662094116
7182,candidate_003,met_station_core;radiometer_basic;cr1000xe_backbone,1.8104,thermal,thermal,3,0.434563547372818
7182,candidate_003,met_station_core;radiometer_basic;cr1000xe_backbone,1.8104,thermal,thermal,3,0.45505887269973755
7182,candidate_003,met_station_core;radiometer_basic;cr1000xe_backbone,1.8104,thermal,thermal,3,0.38469111919403076
7182,candidate_003,met_station_core;radiometer_basic;cr1000xe_backbone,1.8104,thermal,thermal,3,0.34116485714912415
7182,candidate_003,met_station_core;radiometer_basic;cr1000xe_backbone,1.8104,thermal,thermal,3,0.31437668204307556
7182,candidate_003,met_station_core;radiometer_basic;cr1000xe_backbone,1.8104,thermal,thermal,3,0.2877025008201599
7182,candidate_003,met_station_core;radiometer_basic;cr1000xe_backbone,1.8104,thermal,thermal,3,0.2705720365047455
7182,candidate_003,met_station_core;radiometer_basic;cr1000xe_backbone,1.8104,thermal,thermal,3,0.24895980954170227
7182,candidate_003,met_station_core;radiometer_basic;cr1000xe_backbone,1.8104,thermal,thermal,3,0.21465405821800232
7182,candidate_003,met_station_core;radiometer_basic;cr1000xe_backbone,1.8104,thermal,thermal,3,0.18983867764472961
7182,candidate_003,met_station_core;radiometer_basic;cr1000xe_backbone,1.8104,calm,thermal,0,0.18897438049316406
7182,candidate_003,met_station_core;radiometer_basic;cr1000xe_backbone,1.8104,calm,thermal,0,0.19807808101177216
7182,candidate_003,met_station_core;radiometer_basic;cr1000xe_backbone,1.8104,calm,thermal,0,0.21530506014823914
7182,candidate_003,met_station_core;radiometer_basic;cr1000xe_backbone,1.8104,calm,thermal,0,0.18510030210018158
7182,candidate_003,met_station_core;radiometer_basic;cr1000xe_backbone,1.8104,calm,thermal,0,0.1948487013578415
7182,candidate_003,met_station_core;radiometer_basic;cr1000xe_backbone,1.8104,calm,thermal,0,0.17106394469738007
7182,candidate_003,met_station_core;radiometer_basic;cr1000xe_backbone,1.8104,calm,thermal,0,0.1485878825187683
7182,candidate_003,met_station_core;radiometer_basic;cr1000xe_backbone,1.8104,calm,thermal,0,0.16986016929149628
7182,candidate_003,met_station_core;radiometer_basic;cr1000xe_backbone,1.8104,calm,thermal,0,0.182037815451622
7182,candidate_003,met_station_core;radiometer_basic;cr1000xe_backbone,1.8104,calm,thermal,0,0.1822717785835266
7182,candidate_003,met_station_core;radiometer_basic;cr1000xe_backbone,1.8104,calm,thermal,0,0.2489549219608307
7182,candidate_003,met_station_core;radiometer_basic;cr1000xe_backbone,1.8104,calm,transport,0,0.24724449217319489
7182,candidate_003,met_station_core;radiometer_basic;cr1000xe_backbone,1.8104,thermal,transport,3,0.20106466114521027
7182,candidate_003,met_station_core;radiometer_basic;cr1000xe_backbone,1.8104,thermal,transport,3,0.19960221648216248
7182,candidate_004,surface_temp_ir;cr1000xe_backbone,1.1703999999999999,calm,thermal,0,1.0971429347991943
7182,candidate_004,surface_temp_ir;cr1000xe_backbone,1.1703999999999999,calm,thermal,0,0.8038101196289062
7182,candidate_004,surface_temp_ir;cr1000xe_backbone,1.1703999999999999,calm,thermal,0,0.9410252571105957
7182,candidate_004,surface_temp_ir;cr1000xe_backbone,1.1703999999999999,calm,thermal,0,0.941206157207489
7182,candidate_004,surface_temp_ir;cr1000xe_backbone,1.1703999999999999,calm,thermal,0,0.9376753568649292
7182,candidate_004,surface_temp_ir;cr1000xe_backbone,1.1703999999999999,calm,thermal,0,0.85538250207901
7182,candidate_004,surface_temp_ir;cr1000xe_backbone,1.1703999999999999,calm,thermal,0,0.8554434180259705
7182,candidate_004,surface_temp_ir;cr1000xe_backbone,1.1703999999999999,calm,thermal,0,0.8437039256095886
7182,candidate_004,surface_temp_ir;cr1000xe_backbone,1.1703999999999999,calm,thermal,0,0.8024131059646606
7182,candidate_004,surface_temp_ir;cr1000xe_backbone,1.1703999999999999,calm,thermal,0,0.7858151793479919
7182,candidate_004,surface_temp_ir;cr1000xe_backbone,1.1703999999999999,calm,thermal,0,0.8008900880813599
7182,candidate_004,surface_temp_ir;cr1000xe_backbone,1.1703999999999999,calm,transport,0,0.8099692463874817
7182,candidate_004,surface_temp_ir;cr1000xe_backbone,1.1703999999999999,calm,transport,0,0.8120209574699402
7182,candidate_004,surface_temp_ir;cr1000xe_backbone,1.1703999999999999,calm,transport,0,0.7711512446403503
7182,candidate_004,surface_temp_ir;cr1000xe_backbone,1.1703999999999999,calm,transport,0,0.7748926877975464
7182,candidate_004,surface_temp_ir;cr1000xe_backbone,1.1703999999999999,calm,transport,0,0.743651270866394
7182,candidate_004,surface_temp_ir;cr1000xe_backbone,1.1703999999999999,calm,transport,0,0.7477157711982727
7182,candidate_004,surface_temp_ir;cr1000xe_backbone,1.1703999999999999,calm,transport,0,0.7186431288719177
7182,candidate_004,surface_temp_ir;cr1000xe_backbone,1.1703999999999999,calm,transport,0,0.6978214979171753
7182,candidate_004,surface_temp_ir;cr1000xe_backbone,1.1703999999999999,calm,transport,0,0.6946316361427307
7182,candidate_004,surface_temp_ir;cr1000xe_backbone,1.1703999999999999,calm,transport,0,0.6927610635757446
7182,candidate_004,surface_temp_ir;cr1000xe_backbone,1.1703999999999999,calm,transport,0,0.7107636332511902
7182,candidate_004,surface_temp_ir;cr1000xe_backbone,1.1703999999999999,calm,transport,0,0.7248657941818237
7182,candidate_004,surface_temp_ir;cr1000xe_backbone,1.1703999999999999,calm,transport,0,0.7473530769348145
7182,candidate_004,surface_temp_ir;cr1000xe_backbone,1.1703999999999999,calm,transport,0,0.7653936743736267
7182,candidate_004,surface_temp_ir;cr1000xe_backbone,1.1703999999999999,calm,transport,0,0.792384147644043
7182,candidate_004,surface_temp_ir;cr1000xe_backbone,1.1703999999999999,calm,transport,0,0.80626380443573
7182,candidate_004,surface_temp_ir;cr1000xe_backbone,1.1703999999999999,calm,transport,0,0.8317467570304871
7182,candidate_004,surface_temp_ir;cr1000xe_backbone,1.1703999999999999,calm,transport,0,0.8152717351913452
7182,candidate_004,surface_temp_ir;cr1000xe_backbone,1.1703999999999999,calm,transport,0,0.8162489533424377
7182,candidate_004,surface_temp_ir;cr1000xe_backbone,1.1703999999999999,calm,transport,0,0.8021653294563293
7182,candidate_004,surface_temp_ir;cr1000xe_backbone,1.1703999999999999,calm,transport,0,0.7886991500854492
7182,candidate_004,surface_temp_ir;cr1000xe_backbone,1.1703999999999999,calm,transport,0,0.7593797445297241
7182,candidate_004,surface_temp_ir;cr1000xe_backbone,1.1703999999999999,calm,transport,0,0.7288185358047485
7182,candidate_004,surface_temp_ir;cr1000xe_backbone,1.1703999999999999,calm,transport,0,0.7187985181808472
7182,candidate_004,surface_temp_ir;cr1000xe_backbone,1.1703999999999999,calm,transport,0,0.700664758682251
7182,candidate_004,surface_temp_ir;cr1000xe_backbone,1.1703999999999999,calm,transport,0,0.6834931969642639
7182,candidate_004,surface_temp_ir;cr1000xe_backbone,1.1703999999999999,calm,transport,0,0.690132737159729
7182,candidate_004,surface_temp_ir;cr1000xe_backbone,1.1703999999999999,calm,transport,0,0.6883074641227722
7182,candidate_004,surface_temp_ir;cr1000xe_backbone,1.1703999999999999,calm,transport,0,0.6820403337478638
7182,candidate_004,surface_temp_ir;cr1000xe_backbone,1.1703999999999999,calm,transport,0,0.6848435401916504
7182,candidate_004,surface_temp_ir;cr1000xe_backbone,1.1703999999999999,calm,transport,0,0.6848449110984802
7182,candidate_004,surface_temp_ir;cr1000xe_backbone,1.1703999999999999,calm,transport,0,0.6851590275764465
7182,candidate_004,surface_temp_ir;cr1000xe_backbone,1.1703999999999999,calm,transport,0,0.6792449951171875
7182,candidate_004,surface_temp_ir;cr1000xe_backbone,1.1703999999999999,calm,particle,0,0.702223002910614
7182,candidate_004,surface_temp_ir;cr1000xe_backbone,1.1703999999999999,calm,particle,0,0.6918774843215942
7182,candidate_004,surface_temp_ir;cr1000xe_backbone,1.1703999999999999,calm,particle,0,0.71512770652771
7182,candidate_004,surface_temp_ir;cr1000xe_backbone,1.1703999999999999,calm,particle,0,0.7209081053733826
7182,candidate_004,surface_temp_ir;cr1000xe_backbone,1.1703999999999999,calm,particle,0,0.7407539486885071
7182,candidate_004,surface_temp_ir;cr1000xe_backbone,1.1703999999999999,calm,particle,0,0.7533414959907532
7182,candidate_004,surface_temp_ir;cr1000xe_backbone,1.1703999999999999,calm,particle,0,0.7806565761566162
7182,candidate_004,surface_temp_ir;cr1000xe_backbone,1.1703999999999999,calm,particle,0,0.7842867374420166
7182,candidate_004,surface_temp_ir;cr1000xe_backbone,1.1703999999999999,calm,particle,0,0.7840341329574585
7182,candidate_004,surface_temp_ir;cr1000xe_backbone,1.1703999999999999,calm,particle,0,0.7581008076667786
7182,candidate_004,surface_temp_ir;cr1000xe_backbone,1.1703999999999999,calm,particle,0,0.743995189666748
7182,candidate_004,surface_temp_ir;cr1000xe_backbone,1.1703999999999999,calm,particle,0,0.7122147083282471
7182,candidate_004,surface_temp_ir;cr1000xe_backbone,1.1703999999999999,calm,particle,0,0.6967469453811646
7182,candidate_004,surface_temp_ir;cr1000xe_backbone,1.1703999999999999,calm,particle,0,0.6570942401885986
7182,candidate_004,surface_temp_ir;cr1000xe_backbone,1.1703999999999999,calm,particle,0,0.6487571001052856
7182,candidate_004,surface_temp_ir;cr1000xe_backbone,1.1703999999999999,calm,particle,0,0.6361574530601501
7182,candidate_004,surface_temp_ir;cr1000xe_backbone,1.1703999999999999,calm,particle,0,0.6140016317367554
7182,candidate_004,surface_temp_ir;cr1000xe_backbone,1.1703999999999999,calm,particle,0,0.6005144715309143
7182,candidate_004,surface_temp_ir;cr1000xe_backbone,1.1703999999999999,calm,particle,0,0.6081024408340454
7182,candidate_004,surface_temp_ir;cr1000xe_backbone,1.1703999999999999,calm,particle,0,0.6082369089126587
7182,candidate_004,surface_temp_ir;cr1000xe_backbone,1.1703999999999999,calm,particle,0,0.6075279712677002
7182,candidate_004,surface_temp_ir;cr1000xe_backbone,1.1703999999999999,calm,thermal,0,0.6192042827606201
7182,candidate_004,surface_temp_ir;cr1000xe_backbone,1.1703999999999999,calm,thermal,0,0.5900209546089172
7182,candidate_004,surface_temp_ir;cr1000xe_backbone,1.1703999999999999,calm,thermal,0,0.6220331192016602
7182,candidate_004,surface_temp_ir;cr1000xe_backbone,1.1703999999999999,calm,thermal,0,0.6185927987098694
7182,candidate_004,surface_temp_ir;cr1000xe_backbone,1.1703999999999999,calm,thermal,0,0.6199134588241577
7182,candidate_004,surface_temp_ir;cr1000xe_backbone,1.1703999999999999,calm,thermal,0,0.6524381637573242
7182,candidate_004,surface_temp_ir;cr1000xe_backbone,1.1703999999999999,calm,thermal,0,0.6826183795928955
7182,candidate_004,surface_temp_ir;cr1000xe_backbone,1.1703999999999999,calm,thermal,0,0.689380407333374
7182,candidate_004,surface_temp_ir;cr1000xe_backbone,1.1703999999999999,calm,thermal,0,0.7285512089729309
7182,candidate_004,surface_temp_ir;cr1000xe_backbone,1.1703999999999999,calm,thermal,0,0.734498918056488
7182,candidate_004,surface_temp_ir;cr1000xe_backbone,1.1703999999999999,calm,thermal,0,0.770673930644989
7182,candidate_004,surface_temp_ir;cr1000xe_backbone,1.1703999999999999,calm,thermal,0,0.7591342926025391
7182,candidate_004,surface_temp_ir;cr1000xe_backbone,1.1703999999999999,calm,thermal,0,0.7689725160598755
7182,candidate_004,surface_temp_ir;cr1000xe_backbone,1.1703999999999999,calm,thermal,0,0.7566743493080139
7182,candidate_004,surface_temp_ir;cr1000xe_backbone,1.1703999999999999,calm,thermal,0,0.7560577988624573
7182,candidate_004,surface_temp_ir;cr1000xe_backbone,1.1703999999999999,calm,thermal,0,0.7336300015449524
7182,candidate_004,surface_temp_ir;cr1000xe_backbone,1.1703999999999999,calm,thermal,0,0.7148876190185547
7182,candidate_004,surface_temp_ir;cr1000xe_backbone,1.1703999999999999,calm,thermal,0,0.7000423669815063
7182,candidate_004,surface_temp_ir;cr1000xe_backbone,1.1703999999999999,calm,thermal,0,0.6822490692138672
7182,candidate_004,surface_temp_ir;cr1000xe_backbone,1.1703999999999999,calm,thermal,0,0.6822187304496765
7182,candidate_004,surface_temp_ir;cr1000xe_backbone,1.1703999999999999,calm,thermal,0,0.6860387921333313
7182,candidate_004,surface_temp_ir;cr1000xe_backbone,1.1703999999999999,calm,thermal,0,0.6855844259262085
7182,candidate_004,surface_temp_ir;cr1000xe_backbone,1.1703999999999999,calm,thermal,0,0.6870148181915283
7182,candidate_004,surface_temp_ir;cr1000xe_backbone,1.1703999999999999,calm,thermal,0,0.6752238273620605
7182,candidate_004,surface_temp_ir;cr1000xe_backbone,1.1703999999999999,calm,transport,0,0.6673023700714111
7182,candidate_004,surface_temp_ir;cr1000xe_backbone,1.1703999999999999,calm,transport,0,0.6815457344055176
7182,candidate_004,surface_temp_ir;cr1000xe_backbone,1.1703999999999999,calm,transport,0,0.6620307564735413
7182,candidate_004,surface_temp_ir;cr1000xe_backbone,1.1703999999999999,calm,transport,0,0.6818270087242126
7182,candidate_004,surface_temp_ir;cr1000xe_backbone,1.1703999999999999,calm,transport,0,0.6839057803153992
7182,candidate_004,surface_temp_ir;cr1000xe_backbone,1.1703999999999999,calm,transport,0,0.6864433884620667
7182,candidate_004,surface_temp_ir;cr1000xe_backbone,1.1703999999999999,calm,transport,0,0.7194779515266418
7182,candidate_004,surface_temp_ir;cr1000xe_backbone,1.1703999999999999,calm,transport,0,0.7271313071250916
7182,candidate_004,surface_temp_ir;cr1000xe_backbone,1.1703999999999999,calm,transport,0,0.738985538482666
7182,candidate_004,surface_temp_ir;cr1000xe_backbone,1.1703999999999999,calm,transport,0,0.7566373944282532
7182,candidate_004,surface_temp_ir;cr1000xe_backbone,1.1703999999999999,calm,transport,0,0.7651051878929138
7182,candidate_004,surface_temp_ir;cr1000xe_backbone,1.1703999999999999,calm,transport,0,0.7631624937057495
7182,candidate_004,surface_temp_ir;cr1000xe_backbone,1.1703999999999999,calm,transport,0,0.7601040005683899
7182,candidate_004,surface_temp_ir;cr1000xe_backbone,1.1703999999999999,calm,transport,0,0.7327387928962708
7182,candidate_004,surface_temp_ir;cr1000xe_backbone,1.1703999999999999,calm,transport,0,0.7049893140792847
7182,candidate_004,surface_temp_ir;cr1000xe_backbone,1.1703999999999999,calm,transport,0,0.6939122676849365
7182,candidate_004,surface_temp_ir;cr1000xe_backbone,1.1703999999999999,calm,transport,0,0.6889253258705139
7182,candidate_004,surface_temp_ir;cr1000xe_backbone,1.1703999999999999,calm,transport,0,0.6766366362571716
7182,candidate_004,surface_temp_ir;cr1000xe_backbone,1.1703999999999999,calm,transport,0,0.6670417785644531
7182,candidate_004,surface_temp_ir;cr1000xe_backbone,1.1703999999999999,calm,transport,0,0.6666945219039917
7182,candidate_004,surface_temp_ir;cr1000xe_backbone,1.1703999999999999,calm,transport,0,0.6852078437805176
7182,candidate_004,surface_temp_ir;cr1000xe_backbone,1.1703999999999999,calm,transport,0,0.683820366859436
7182,candidate_004,surface_temp_ir;cr1000xe_backbone,1.1703999999999999,calm,particle,0,0.6786001920700073
7182,candidate_004,surface_temp_ir;cr1000xe_backbone,1.1703999999999999,calm,particle,0,0.7004104256629944
7182,candidate_004,surface_temp_ir;cr1000xe_backbone,1.1703999999999999,calm,particle,0,0.7016668319702148
7182,candidate_004,surface_temp_ir;cr1000xe_backbone,1.1703999999999999,calm,particle,0,0.7086503505706787
7182,candidate_004,surface_temp_ir;cr1000xe_backbone,1.1703999999999999,calm,particle,0,0.7429109811782837
7182,candidate_004,surface_temp_ir;cr1000xe_backbone,1.1703999999999999,calm,particle,0,0.7502025365829468
7182,candidate_004,surface_temp_ir;cr1000xe_backbone,1.1703999999999999,calm,particle,0,0.7758699059486389
7182,candidate_004,surface_temp_ir;cr1000xe_backbone,1.1703999999999999,calm,particle,0,0.7936121225357056
7182,candidate_004,surface_temp_ir;cr1000xe_backbone,1.1703999999999999,calm,particle,0,0.8335368633270264
7182,candidate_004,surface_temp_ir;cr1000xe_backbone,1.1703999999999999,calm,particle,0,0.8609288334846497
7182,candidate_004,surface_temp_ir;cr1000xe_backbone,1.1703999999999999,calm,particle,0,0.8955440521240234
7182,candidate_004,surface_temp_ir;cr1000xe_backbone,1.1703999999999999,calm,particle,0,0.9106451869010925
7182,candidate_004,surface_temp_ir;cr1000xe_backbone,1.1703999999999999,calm,particle,0,0.9349643588066101
7182,candidate_004,surface_temp_ir;cr1000xe_backbone,1.1703999999999999,calm,particle,0,0.9433115124702454
7182,candidate_004,surface_temp_ir;cr1000xe_backbone,1.1703999999999999,calm,particle,0,0.9577945470809937
7182,candidate_004,surface_temp_ir;cr1000xe_backbone,1.1703999999999999,calm,particle,0,0.9500109553337097
7182,candidate_004,surface_temp_ir;cr1000xe_backbone,1.1703999999999999,calm,particle,0,0.9412997961044312
7182,candidate_004,surface_temp_ir;cr1000xe_backbone,1.1703999999999999,calm,particle,0,0.931176483631134
7182,candidate_004,surface_temp_ir;cr1000xe_backbone,1.1703999999999999,calm,particle,0,0.9271972179412842
7182,candidate_004,surface_temp_ir;cr1000xe_backbone,1.1703999999999999,calm,particle,0,0.9113795757293701
7182,candidate_004,surface_temp_ir;cr1000xe_backbone,1.1703999999999999,calm,particle,0,0.8978757858276367
7182,candidate_004,surface_temp_ir;cr1000xe_backbone,1.1703999999999999,calm,particle,0,0.9110645055770874
7182,candidate_004,surface_temp_ir;cr1000xe_backbone,1.1703999999999999,calm,particle,0,0.9199241399765015
7182,candidate_004,surface_temp_ir;cr1000xe_backbone,1.1703999999999999,calm,thermal,0,0.9174239039421082
7182,candidate_004,surface_temp_ir;cr1000xe_backbone,1.1703999999999999,calm,thermal,0,0.9250528812408447
7182,candidate_004,surface_temp_ir;cr1000xe_backbone,1.1703999999999999,calm,thermal,0,0.9155786037445068
7182,candidate_004,surface_temp_ir;cr1000xe_backbone,1.1703999999999999,calm,thermal,0,0.9460392594337463
7182,candidate_004,surface_temp_ir;cr1000xe_backbone,1.1703999999999999,calm,thermal,0,0.9295874834060669
7182,candidate_004,surface_temp_ir;cr1000xe_backbone,1.1703999999999999,calm,thermal,0,0.95511794090271
7182,candidate_004,surface_temp_ir;cr1000xe_backbone,1.1703999999999999,calm,thermal,0,0.9701843857765198
7182,candidate_004,surface_temp_ir;cr1000xe_backbone,1.1703999999999999,calm,thermal,0,0.9603577852249146
7182,candidate_004,surface_temp_ir;cr1000xe_backbone,1.1703999999999999,calm,thermal,0,0.989746630191803
7182,candidate_004,surface_temp_ir;cr1000xe_backbone,1.1703999999999999,calm,thermal,0,1.0135678052902222
7182,candidate_004,surface_temp_ir;cr1000xe_backbone,1.1703999999999999,calm,thermal,0,1.0283786058425903
7182,candidate_004,surface_temp_ir;cr1000xe_backbone,1.1703999999999999,calm,thermal,0,1.041113257408142
7182,candidate_004,surface_temp_ir;cr1000xe_backbone,1.1703999999999999,calm,thermal,0,1.0567920207977295
7182,candidate_004,surface_temp_ir;cr1000xe_backbone,1.1703999999999999,calm,thermal,0,1.0708717107772827
7182,candidate_004,surface_temp_ir;cr1000xe_backbone,1.1703999999999999,calm,thermal,0,1.0758334398269653
7182,candidate_004,surface_temp_ir;cr1000xe_backbone,1.1703999999999999,calm,thermal,0,1.041546106338501
7182,candidate_004,surface_temp_ir;cr1000xe_backbone,1.1703999999999999,calm,thermal,0,1.0386768579483032
7182,candidate_004,surface_temp_ir;cr1000xe_backbone,1.1703999999999999,calm,thermal,0,1.0146983861923218
7182,candidate_004,surface_temp_ir;cr1000xe_backbone,1.1703999999999999,calm,thermal,0,0.9855325222015381
7182,candidate_004,surface_temp_ir;cr1000xe_backbone,1.1703999999999999,calm,thermal,0,0.9732114672660828
7182,candidate_004,surface_temp_ir;cr1000xe_backbone,1.1703999999999999,calm,thermal,0,0.9466180801391602
7182,candidate_004,surface_temp_ir;cr1000xe_backbone,1.1703999999999999,calm,transport,0,0.950451672077179
7182,candidate_004,surface_temp_ir;cr1000xe_backbone,1.1703999999999999,calm,transport,0,0.9368185997009277
7182,candidate_004,surface_temp_ir;cr1000xe_backbone,1.1703999999999999,calm,transport,0,0.9405367374420166
7182,candidate_004,surface_temp_ir;cr1000xe_backbone,1.1703999999999999,calm,transport,0,0.9541865587234497
7182,candidate_004,surface_temp_ir;cr1000xe_backbone,1.1703999999999999,calm,transport,0,0.9514310359954834
7182,candidate_004,surface_temp_ir;cr1000xe_backbone,1.1703999999999999,calm,transport,0,0.9394983053207397
7182,candidate_004,surface_temp_ir;cr1000xe_backbone,1.1703999999999999,calm,transport,0,0.9613203406333923
7182,candidate_004,surface_temp_ir;cr1000xe_backbone,1.1703999999999999,calm,transport,0,0.9585362672805786
7182,candidate_004,surface_temp_ir;cr1000xe_backbone,1.1703999999999999,calm,transport,0,0.9438539743423462
7182,candidate_004,surface_temp_ir;cr1000xe_backbone,1.1703999999999999,calm,transport,0,0.966143012046814
7182,candidate_004,surface_temp_ir;cr1000xe_backbone,1.1703999999999999,calm,transport,0,0.9825343489646912
7182,candidate_004,surface_temp_ir;cr1000xe_backbone,1.1703999999999999,calm,transport,0,1.0116328001022339
7182,candidate_004,surface_temp_ir;cr1000xe_backbone,1.1703999999999999,calm,transport,0,1.0232590436935425
7182,candidate_004,surface_temp_ir;cr1000xe_backbone,1.1703999999999999,calm,transport,0,1.0474224090576172
7182,candidate_004,surface_temp_ir;cr1000xe_backbone,1.1703999999999999,calm,transport,0,1.0713772773742676
7182,candidate_004,surface_temp_ir;cr1000xe_backbone,1.1703999999999999,calm,transport,0,1.0869933366775513
7182,candidate_004,surface_temp_ir;cr1000xe_backbone,1.1703999999999999,calm,transport,0,1.1011872291564941
7182,candidate_004,surface_temp_ir;cr1000xe_backbone,1.1703999999999999,calm,transport,0,1.1079530715942383
7182,candidate_004,surface_temp_ir;cr1000xe_backbone,1.1703999999999999,calm,particle,0,1.1059203147888184
7182,candidate_004,surface_temp_ir;cr1000xe_backbone,1.1703999999999999,calm,particle,0,1.0850412845611572
7182,candidate_004,surface_temp_ir;cr1000xe_backbone,1.1703999999999999,calm,particle,0,1.0717417001724243
7182,candidate_004,surface_temp_ir;cr1000xe_backbone,1.1703999999999999,calm,particle,0,1.0579288005828857
7182,candidate_004,surface_temp_ir;cr1000xe_backbone,1.1703999999999999,calm,particle,0,1.0220239162445068
7182,candidate_004,surface_temp_ir;cr1000xe_backbone,1.1703999999999999,calm,particle,0,0.9942529797554016
7182,candidate_004,surface_temp_ir;cr1000xe_backbone,1.1703999999999999,calm,particle,0,0.9846247434616089
7182,candidate_004,surface_temp_ir;cr1000xe_backbone,1.1703999999999999,calm,particle,0,0.9742392301559448
7182,candidate_004,surface_temp_ir;cr1000xe_backbone,1.1703999999999999,calm,particle,0,0.9669999480247498
7182,candidate_004,surface_temp_ir;cr1000xe_backbone,1.1703999999999999,calm,particle,0,0.9492686986923218
7182,candidate_004,surface_temp_ir;cr1000xe_backbone,1.1703999999999999,calm,particle,0,0.9456729888916016
7182,candidate_004,surface_temp_ir;cr1000xe_backbone,1.1703999999999999,calm,particle,0,0.9285933971405029
7182,candidate_004,surface_temp_ir;cr1000xe_backbone,1.1703999999999999,calm,particle,0,0.9208073616027832
7182,candidate_004,surface_temp_ir;cr1000xe_backbone,1.1703999999999999,calm,particle,0,0.9376776814460754
7182,candidate_004,surface_temp_ir;cr1000xe_backbone,1.1703999999999999,calm,particle,0,0.9363836646080017
7182,candidate_004,surface_temp_ir;cr1000xe_backbone,1.1703999999999999,calm,particle,0,0.9228565096855164
7182,candidate_004,surface_temp_ir;cr1000xe_backbone,1.1703999999999999,calm,particle,0,0.9482911825180054
7182,candidate_004,surface_temp_ir;cr1000xe_backbone,1.1703999999999999,calm,particle,0,0.95972740650177
7182,candidate_004,surface_temp_ir;cr1000xe_backbone,1.1703999999999999,calm,particle,0,0.9598183035850525
7182,candidate_004,surface_temp_ir;cr1000xe_backbone,1.1703999999999999,calm,particle,0,0.9672927260398865
7182,candidate_004,surface_temp_ir;cr1000xe_backbone,1.1703999999999999,calm,particle,0,0.9859556555747986
7182,candidate_004,surface_temp_ir;cr1000xe_backbone,1.1703999999999999,calm,particle,0,0.9923802018165588
7182,candidate_004,surface_temp_ir;cr1000xe_backbone,1.1703999999999999,calm,particle,0,1.004425048828125
7182,candidate_004,surface_temp_ir;cr1000xe_backbone,1.1703999999999999,calm,particle,0,1.0002344846725464
7182,candidate_004,surface_temp_ir;cr1000xe_backbone,1.1703999999999999,calm,particle,0,0.9850252866744995
7182,candidate_004,surface_temp_ir;cr1000xe_backbone,1.1703999999999999,calm,particle,0,0.9704696536064148
7182,candidate_004,surface_temp_ir;cr1000xe_backbone,1.1703999999999999,calm,particle,0,0.9599266052246094
7182,candidate_004,surface_temp_ir;cr1000xe_backbone,1.1703999999999999,calm,particle,0,0.9306369423866272
7182,candidate_004,surface_temp_ir;cr1000xe_backbone,1.1703999999999999,calm,particle,0,0.9408864974975586
7182,candidate_004,surface_temp_ir;cr1000xe_backbone,1.1703999999999999,calm,particle,0,0.9118452668190002
7182,candidate_004,surface_temp_ir;cr1000xe_backbone,1.1703999999999999,calm,particle,0,0.9058146476745605
7182,candidate_004,surface_temp_ir;cr1000xe_backbone,1.1703999999999999,calm,particle,0,0.9210073947906494
7182,candidate_004,surface_temp_ir;cr1000xe_backbone,1.1703999999999999,calm,thermal,0,0.9153458476066589
7182,candidate_004,surface_temp_ir;cr1000xe_backbone,1.1703999999999999,calm,thermal,0,0.9225121140480042
7182,candidate_004,surface_temp_ir;cr1000xe_backbone,1.1703999999999999,calm,thermal,0,0.9242039918899536
7182,candidate_004,surface_temp_ir;cr1000xe_backbone,1.1703999999999999,calm,thermal,0,0.9332109689712524
7182,candidate_004,surface_temp_ir;cr1000xe_backbone,1.1703999999999999,calm,thermal,0,0.9296128153800964
7182,candidate_004,surface_temp_ir;cr1000xe_backbone,1.1703999999999999,calm,thermal,0,0.9451009631156921
7182,candidate_004,surface_temp_ir;cr1000xe_backbone,1.1703999999999999,calm,thermal,0,0.9205893874168396
7182,candidate_004,surface_temp_ir;cr1000xe_backbone,1.1703999999999999,calm,thermal,0,0.9455834031105042
7182,candidate_004,surface_temp_ir;cr1000xe_backbone,1.1703999999999999,calm,thermal,0,0.9821686148643494
7182,candidate_004,surface_temp_ir;cr1000xe_backbone,1.1703999999999999,calm,thermal,0,0.9753819108009338
7182,candidate_004,surface_temp_ir;cr1000xe_backbone,1.1703999999999999,calm,thermal,0,1.000646710395813
7182,candidate_004,surface_temp_ir;cr1000xe_backbone,1.1703999999999999,calm,thermal,0,1.0050735473632812
7182,candidate_004,surface_temp_ir;cr1000xe_backbone,1.1703999999999999,calm,thermal,0,1.0224430561065674
7182,candidate_004,surface_temp_ir;cr1000xe_backbone,1.1703999999999999,calm,thermal,0,1.0231744050979614
7182,candidate_004,surface_temp_ir;cr1000xe_backbone,1.1703999999999999,calm,thermal,0,1.0057528018951416
7182,candidate_004,surface_temp_ir;cr1000xe_backbone,1.1703999999999999,calm,thermal,0,1.0236926078796387
7182,candidate_004,surface_temp_ir;cr1000xe_backbone,1.1703999999999999,calm,thermal,0,1.0205724239349365
7182,candidate_004,surface_temp_ir;cr1000xe_backbone,1.1703999999999999,calm,thermal,0,1.0318703651428223
7182,candidate_004,surface_temp_ir;cr1000xe_backbone,1.1703999999999999,calm,thermal,0,1.0620834827423096
7182,candidate_004,surface_temp_ir;cr1000xe_backbone,1.1703999999999999,calm,thermal,0,1.028822422027588
7182,candidate_004,surface_temp_ir;cr1000xe_backbone,1.1703999999999999,calm,thermal,0,1.0120034217834473
7182,candidate_004,surface_temp_ir;cr1000xe_backbone,1.1703999999999999,calm,thermal,0,0.995856761932373
7182,candidate_004,surface_temp_ir;cr1000xe_backbone,1.1703999999999999,calm,thermal,0,0.9846915006637573
7182,candidate_004,surface_temp_ir;cr1000xe_backbone,1.1703999999999999,calm,thermal,0,0.9928545355796814
7182,candidate_004,surface_temp_ir;cr1000xe_backbone,1.1703999999999999,thermal,thermal,3,0.8474991917610168
7182,candidate_004,surface_temp_ir;cr1000xe_backbone,1.1703999999999999,thermal,thermal,3,0.8648066520690918
7182,candidate_004,surface_temp_ir;cr1000xe_backbone,1.1703999999999999,thermal,thermal,3,0.8822585940361023
7182,candidate_004,surface_temp_ir;cr1000xe_backbone,1.1703999999999999,thermal,transport,3,0.9545146822929382
7182,candidate_004,surface_temp_ir;cr1000xe_backbone,1.1703999999999999,thermal,transport,3,0.951422393321991
7182,candidate_004,surface_temp_ir;cr1000xe_backbone,1.1703999999999999,thermal,transport,3,0.9309873580932617
7182,candidate_004,surface_temp_ir;cr1000xe_backbone,1.1703999999999999,thermal,transport,3,0.980491042137146
7182,candidate_004,surface_temp_ir;cr1000xe_backbone,1.1703999999999999,thermal,transport,3,0.8843539953231812
7182,candidate_004,surface_temp_ir;cr1000xe_backbone,1.1703999999999999,thermal,transport,3,0.9131414890289307
7182,candidate_004,surface_temp_ir;cr1000xe_backbone,1.1703999999999999,thermal,transport,3,0.907487154006958
7182,candidate_004,surface_temp_ir;cr1000xe_backbone,1.1703999999999999,thermal,transport,3,0.9194759130477905
7182,candidate_004,surface_temp_ir;cr1000xe_backbone,1.1703999999999999,thermal,transport,3,0.875204861164093
7182,candidate_004,surface_temp_ir;cr1000xe_backbone,1.1703999999999999,thermal,transport,3,0.91441810131073
7182,candidate_004,surface_temp_ir;cr1000xe_backbone,1.1703999999999999,thermal,transport,3,0.932377278804779
7182,candidate_004,surface_temp_ir;cr1000xe_backbone,1.1703999999999999,thermal,transport,3,0.9554153680801392
7182,candidate_004,surface_temp_ir;cr1000xe_backbone,1.1703999999999999,thermal,transport,3,0.878498911857605
7182,candidate_004,surface_temp_ir;cr1000xe_backbone,1.1703999999999999,thermal,transport,3,0.8807441592216492
7182,candidate_004,surface_temp_ir;cr1000xe_backbone,1.1703999999999999,thermal,transport,3,0.8928582072257996
7182,candidate_004,surface_temp_ir;cr1000xe_backbone,1.1703999999999999,thermal,transport,3,0.8850855231285095
7182,candidate_004,surface_temp_ir;cr1000xe_backbone,1.1703999999999999,thermal,transport,3,0.8519958853721619
7182,candidate_004,surface_temp_ir;cr1000xe_backbone,1.1703999999999999,thermal,transport,3,0.8240810036659241
7182,candidate_004,surface_temp_ir;cr1000xe_backbone,1.1703999999999999,thermal,transport,3,0.8298330903053284
7182,candidate_004,surface_temp_ir;cr1000xe_backbone,1.1703999999999999,thermal,transport,3,0.8244310021400452
7182,candidate_004,surface_temp_ir;cr1000xe_backbone,1.1703999999999999,thermal,transport,3,0.8337740898132324
7182,candidate_004,surface_temp_ir;cr1000xe_backbone,1.1703999999999999,thermal,transport,3,0.8403609395027161
7182,candidate_004,surface_temp_ir;cr1000xe_backbone,1.1703999999999999,thermal,transport,3,0.8646934628486633
7182,candidate_004,surface_temp_ir;cr1000xe_backbone,1.1703999999999999,thermal,transport,3,0.8846352696418762
7182,candidate_004,surface_temp_ir;cr1000xe_backbone,1.1703999999999999,calm,thermal,0,0.8750852942466736
7182,candidate_004,surface_temp_ir;cr1000xe_backbone,1.1703999999999999,particle,thermal,1,0.4612165689468384
7182,candidate_004,surface_temp_ir;cr1000xe_backbone,1.1703999999999999,particle,thermal,1,0.510055661201477
7182,candidate_004,surface_temp_ir;cr1000xe_backbone,1.1703999999999999,particle,thermal,1,0.5034274458885193
7182,candidate_004,surface_temp_ir;cr1000xe_backbone,1.1703999999999999,particle,thermal,1,0.45448341965675354
7182,candidate_004,surface_temp_ir;cr1000xe_backbone,1.1703999999999999,particle,thermal,1,0.4160842299461365
7182,candidate_004,surface_temp_ir;cr1000xe_backbone,1.1703999999999999,particle,thermal,1,0.48953139781951904
7182,candidate_004,surface_temp_ir;cr1000xe_backbone,1.1703999999999999,particle,thermal,1,0.4675879180431366
7182,candidate_004,surface_temp_ir;cr1000xe_backbone,1.1703999999999999,particle,thermal,1,0.486339271068573
7182,candidate_004,surface_temp_ir;cr1000xe_backbone,1.1703999999999999,particle,thermal,1,0.42000478506088257
7182,candidate_004,surface_temp_ir;cr1000xe_backbone,1.1703999999999999,particle,thermal,1,0.4829011857509613
7182,candidate_004,surface_temp_ir;cr1000xe_backbone,1.1703999999999999,particle,thermal,1,0.5116122364997864
7182,candidate_004,surface_temp_ir;cr1000xe_backbone,1.1703999999999999,particle,thermal,1,0.5143876671791077
7182,candidate_004,surface_temp_ir;cr1000xe_backbone,1.1703999999999999,particle,thermal,1,0.45336097478866577
7182,candidate_004,surface_temp_ir;cr1000xe_backbone,1.1703999999999999,particle,thermal,1,0.45427680015563965
7182,candidate_004,surface_temp_ir;cr1000xe_backbone,1.1703999999999999,particle,transport,1,0.4983210861682892
7182,candidate_004,surface_temp_ir;cr1000xe_backbone,1.1703999999999999,particle,transport,1,0.4855687916278839
7182,candidate_004,surface_temp_ir;cr1000xe_backbone,1.1703999999999999,particle,transport,1,0.4885658323764801
7182,candidate_004,surface_temp_ir;cr1000xe_backbone,1.1703999999999999,particle,transport,1,0.4970446228981018
7182,candidate_004,surface_temp_ir;cr1000xe_backbone,1.1703999999999999,particle,transport,1,0.4348161220550537
7182,candidate_004,surface_temp_ir;cr1000xe_backbone,1.1703999999999999,particle,transport,1,0.5128380060195923
7182,candidate_004,surface_temp_ir;cr1000xe_backbone,1.1703999999999999,particle,transport,1,0.5019804835319519
7182,candidate_004,surface_temp_ir;cr1000xe_backbone,1.1703999999999999,particle,transport,1,0.47210925817489624
7182,candidate_004,surface_temp_ir;cr1000xe_backbone,1.1703999999999999,particle,transport,1,0.4727512300014496
7182,candidate_004,surface_temp_ir;cr1000xe_backbone,1.1703999999999999,particle,transport,1,0.49845266342163086
7182,candidate_004,surface_temp_ir;cr1000xe_backbone,1.1703999999999999,particle,transport,1,0.4623189866542816
7182,candidate_004,surface_temp_ir;cr1000xe_backbone,1.1703999999999999,particle,transport,1,0.40632688999176025
7182,candidate_004,surface_temp_ir;cr1000xe_backbone,1.1703999999999999,particle,transport,1,0.4439247250556946
7182,candidate_004,surface_temp_ir;cr1000xe_backbone,1.1703999999999999,particle,transport,1,0.43474069237709045
7182,candidate_004,surface_temp_ir;cr1000xe_backbone,1.1703999999999999,particle,transport,1,0.4261972904205322
7182,candidate_004,surface_temp_ir;cr1000xe_backbone,1.1703999999999999,particle,transport,1,0.47894763946533203
7182,candidate_004,surface_temp_ir;cr1000xe_backbone,1.1703999999999999,particle,transport,1,0.47180062532424927
7182,candidate_004,surface_temp_ir;cr1000xe_backbone,1.1703999999999999,particle,transport,1,0.5473959445953369
7182,candidate_004,surface_temp_ir;cr1000xe_backbone,1.1703999999999999,particle,transport,1,0.4915386140346527
7182,candidate_004,surface_temp_ir;cr1000xe_backbone,1.1703999999999999,particle,transport,1,0.5704267621040344
7182,candidate_004,surface_temp_ir;cr1000xe_backbone,1.1703999999999999,particle,transport,1,0.5319364666938782
7182,candidate_004,surface_temp_ir;cr1000xe_backbone,1.1703999999999999,particle,transport,1,0.6678838133811951
7182,candidate_004,surface_temp_ir;cr1000xe_backbone,1.1703999999999999,particle,transport,1,0.5339701771736145
7182,candidate_004,surface_temp_ir;cr1000xe_backbone,1.1703999999999999,particle,transport,1,0.6586984395980835
7182,candidate_004,surface_temp_ir;cr1000xe_backbone,1.1703999999999999,particle,transport,1,0.5337367653846741
7182,candidate_004,surface_temp_ir;cr1000xe_backbone,1.1703999999999999,particle,transport,1,0.7553597688674927
7182,candidate_004,surface_temp_ir;cr1000xe_backbone,1.1703999999999999,particle,transport,1,0.5373986959457397
7182,candidate_004,surface_temp_ir;cr1000xe_backbone,1.1703999999999999,particle,transport,1,0.6612035632133484
7182,candidate_004,surface_temp_ir;cr1000xe_backbone,1.1703999999999999,particle,particle,1,0.5614389181137085
7182,candidate_004,surface_temp_ir;cr1000xe_backbone,1.1703999999999999,particle,particle,1,0.6068165898323059
7182,candidate_004,surface_temp_ir;cr1000xe_backbone,1.1703999999999999,particle,particle,1,0.5715553164482117
7182,candidate_004,surface_temp_ir;cr1000xe_backbone,1.1703999999999999,particle,particle,1,0.6370861530303955
7182,candidate_004,surface_temp_ir;cr1000xe_backbone,1.1703999999999999,particle,particle,1,0.6439864635467529
7182,candidate_004,surface_temp_ir;cr1000xe_backbone,1.1703999999999999,particle,particle,1,0.5798535943031311
7182,candidate_004,surface_temp_ir;cr1000xe_backbone,1.1703999999999999,particle,particle,1,0.6313493251800537
7182,candidate_004,surface_temp_ir;cr1000xe_backbone,1.1703999999999999,particle,particle,1,0.6417050957679749
7182,candidate_004,surface_temp_ir;cr1000xe_backbone,1.1703999999999999,particle,particle,1,0.6632682085037231
7182,candidate_004,surface_temp_ir;cr1000xe_backbone,1.1703999999999999,particle,particle,1,0.6682703495025635
7182,candidate_004,surface_temp_ir;cr1000xe_backbone,1.1703999999999999,particle,particle,1,0.7034827470779419
7182,candidate_004,surface_temp_ir;cr1000xe_backbone,1.1703999999999999,particle,particle,1,0.6690471768379211
7182,candidate_004,surface_temp_ir;cr1000xe_backbone,1.1703999999999999,particle,particle,1,0.6959607005119324
7182,candidate_004,surface_temp_ir;cr1000xe_backbone,1.1703999999999999,particle,particle,1,0.6943932771682739
7182,candidate_004,surface_temp_ir;cr1000xe_backbone,1.1703999999999999,particle,particle,1,0.7417442798614502
7182,candidate_004,surface_temp_ir;cr1000xe_backbone,1.1703999999999999,particle,particle,1,0.7289980053901672
7182,candidate_004,surface_temp_ir;cr1000xe_backbone,1.1703999999999999,particle,particle,1,0.7670817971229553
7182,candidate_004,surface_temp_ir;cr1000xe_backbone,1.1703999999999999,calm,particle,0,0.7341465353965759
7182,candidate_004,surface_temp_ir;cr1000xe_backbone,1.1703999999999999,calm,particle,0,0.7322355508804321
7182,candidate_004,surface_temp_ir;cr1000xe_backbone,1.1703999999999999,calm,particle,0,0.7135663628578186
7182,candidate_004,surface_temp_ir;cr1000xe_backbone,1.1703999999999999,calm,particle,0,0.7158121466636658
7182,candidate_004,surface_temp_ir;cr1000xe_backbone,1.1703999999999999,calm,particle,0,0.7099196910858154
7182,candidate_004,surface_temp_ir;cr1000xe_backbone,1.1703999999999999,calm,particle,0,0.6910895705223083
7182,candidate_004,surface_temp_ir;cr1000xe_backbone,1.1703999999999999,calm,particle,0,0.7011649012565613
7182,candidate_004,surface_temp_ir;cr1000xe_backbone,1.1703999999999999,calm,particle,0,0.659347653388977
7182,candidate_004,surface_temp_ir;cr1000xe_backbone,1.1703999999999999,calm,particle,0,0.6604843139648438
7182,candidate_004,surface_temp_ir;cr1000xe_backbone,1.1703999999999999,calm,particle,0,0.6360430121421814
7182,candidate_004,surface_temp_ir;cr1000xe_backbone,1.1703999999999999,calm,particle,0,0.6562743186950684
7182,candidate_004,surface_temp_ir;cr1000xe_backbone,1.1703999999999999,calm,particle,0,0.6523515582084656
7182,candidate_004,surface_temp_ir;cr1000xe_backbone,1.1703999999999999,calm,particle,0,0.6648351550102234
7182,candidate_004,surface_temp_ir;cr1000xe_backbone,1.1703999999999999,calm,particle,0,0.6717991828918457
7182,candidate_004,surface_temp_ir;cr1000xe_backbone,1.1703999999999999,particle,particle,1,0.6762928366661072
7182,candidate_004,surface_temp_ir;cr1000xe_backbone,1.1703999999999999,particle,particle,1,0.6868762373924255
7182,candidate_004,surface_temp_ir;cr1000xe_backbone,1.1703999999999999,particle,particle,1,0.7095630764961243
7182,candidate_004,surface_temp_ir;cr1000xe_backbone,1.1703999999999999,particle,particle,1,0.7190374135971069
7182,candidate_004,surface_temp_ir;cr1000xe_backbone,1.1703999999999999,particle,thermal,1,0.6111316084861755
7182,candidate_004,surface_temp_ir;cr1000xe_backbone,1.1703999999999999,particle,thermal,1,0.6147724986076355
7182,candidate_004,surface_temp_ir;cr1000xe_backbone,1.1703999999999999,particle,thermal,1,0.643577516078949
7182,candidate_004,surface_temp_ir;cr1000xe_backbone,1.1703999999999999,particle,thermal,1,0.6329149603843689
7182,candidate_004,surface_temp_ir;cr1000xe_backbone,1.1703999999999999,particle,thermal,1,0.6213667988777161
7182,candidate_004,surface_temp_ir;cr1000xe_backbone,1.1703999999999999,particle,thermal,1,0.5907145142555237
7182,candidate_004,surface_temp_ir;cr1000xe_backbone,1.1703999999999999,particle,thermal,1,0.5687577724456787
7182,candidate_004,surface_temp_ir;cr1000xe_backbone,1.1703999999999999,particle,thermal,1,0.5617519617080688
7182,candidate_004,surface_temp_ir;cr1000xe_backbone,1.1703999999999999,particle,thermal,1,0.5300482511520386
7182,candidate_004,surface_temp_ir;cr1000xe_backbone,1.1703999999999999,particle,thermal,1,0.5355482697486877
7182,candidate_004,surface_temp_ir;cr1000xe_backbone,1.1703999999999999,particle,thermal,1,0.5643671154975891
7182,candidate_004,surface_temp_ir;cr1000xe_backbone,1.1703999999999999,particle,thermal,1,0.5331793427467346
7182,candidate_004,surface_temp_ir;cr1000xe_backbone,1.1703999999999999,particle,thermal,1,0.5168307423591614
7182,candidate_004,surface_temp_ir;cr1000xe_backbone,1.1703999999999999,particle,thermal,1,0.5190173983573914
7182,candidate_004,surface_temp_ir;cr1000xe_backbone,1.1703999999999999,particle,thermal,1,0.5060532093048096
7182,candidate_004,surface_temp_ir;cr1000xe_backbone,1.1703999999999999,particle,thermal,1,0.5041751861572266
7182,candidate_004,surface_temp_ir;cr1000xe_backbone,1.1703999999999999,particle,thermal,1,0.51384437084198
7182,candidate_004,surface_temp_ir;cr1000xe_backbone,1.1703999999999999,particle,thermal,1,0.5073926448822021
7182,candidate_004,surface_temp_ir;cr1000xe_backbone,1.1703999999999999,particle,transport,1,0.5175385475158691
7182,candidate_004,surface_temp_ir;cr1000xe_backbone,1.1703999999999999,particle,transport,1,0.47233471274375916
7182,candidate_004,surface_temp_ir;cr1000xe_backbone,1.1703999999999999,particle,transport,1,0.4787853956222534
7182,candidate_004,surface_temp_ir;cr1000xe_backbone,1.1703999999999999,particle,transport,1,0.4572300910949707
7182,candidate_004,surface_temp_ir;cr1000xe_backbone,1.1703999999999999,particle,transport,1,0.48068028688430786
7182,candidate_004,surface_temp_ir;cr1000xe_backbone,1.1703999999999999,particle,transport,1,0.508967399597168
7182,candidate_004,surface_temp_ir;cr1000xe_backbone,1.1703999999999999,particle,transport,1,0.5111510157585144
7182,candidate_004,surface_temp_ir;cr1000xe_backbone,1.1703999999999999,particle,transport,1,0.5430030226707458
7182,candidate_004,surface_temp_ir;cr1000xe_backbone,1.1703999999999999,particle,transport,1,0.5780007839202881
7182,candidate_004,surface_temp_ir;cr1000xe_backbone,1.1703999999999999,particle,transport,1,0.5892614722251892
7182,candidate_004,surface_temp_ir;cr1000xe_backbone,1.1703999999999999,particle,transport,1,0.6363555788993835
7182,candidate_004,surface_temp_ir;cr1000xe_backbone,1.1703999999999999,particle,transport,1,0.6125562191009521
7182,candidate_004,surface_temp_ir;cr1000xe_backbone,1.1703999999999999,particle,transport,1,0.619905412197113
7182,candidate_004,surface_temp_ir;cr1000xe_backbone,1.1703999999999999,particle,transport,1,0.5676774978637695
7182,candidate_004,surface_temp_ir;cr1000xe_backbone,1.1703999999999999,calm,transport,0,0.6337767839431763
7182,candidate_004,surface_temp_ir;cr1000xe_backbone,1.1703999999999999,calm,transport,0,0.5774922966957092
7182,candidate_004,surface_temp_ir;cr1000xe_backbone,1.1703999999999999,calm,transport,0,0.5945022106170654
7182,candidate_004,surface_temp_ir;cr1000xe_backbone,1.1703999999999999,calm,transport,0,0.4845672845840454
7182,candidate_004,surface_temp_ir;cr1000xe_backbone,1.1703999999999999,calm,transport,0,0.5790975689888
7182,candidate_004,surface_temp_ir;cr1000xe_backbone,1.1703999999999999,calm,transport,0,0.4942883253097534
7182,candidate_004,surface_temp_ir;cr1000xe_backbone,1.1703999999999999,calm,particle,0,0.5414283871650696
7182,candidate_004,surface_temp_ir;cr1000xe_backbone,1.1703999999999999,calm,particle,0,0.49624335765838623
7182,candidate_004,surface_temp_ir;cr1000xe_backbone,1.1703999999999999,calm,particle,0,0.5310590267181396
7182,candidate_004,surface_temp_ir;cr1000xe_backbone,1.1703999999999999,calm,particle,0,0.4920787811279297
7182,candidate_004,surface_temp_ir;cr1000xe_backbone,1.1703999999999999,calm,particle,0,0.4837103486061096
7182,candidate_004,surface_temp_ir;cr1000xe_backbone,1.1703999999999999,calm,particle,0,0.4743770658969879
7182,candidate_004,surface_temp_ir;cr1000xe_backbone,1.1703999999999999,calm,particle,0,0.5014608502388
7182,candidate_004,surface_temp_ir;cr1000xe_backbone,1.1703999999999999,calm,particle,0,0.47079771757125854
7182,candidate_004,surface_temp_ir;cr1000xe_backbone,1.1703999999999999,flux,particle,2,0.4743005037307739
7182,candidate_004,surface_temp_ir;cr1000xe_backbone,1.1703999999999999,flux,particle,2,0.4698428809642792
7182,candidate_004,surface_temp_ir;cr1000xe_backbone,1.1703999999999999,flux,particle,2,0.4631822109222412
7182,candidate_004,surface_temp_ir;cr1000xe_backbone,1.1703999999999999,flux,particle,2,0.4823886752128601
7182,candidate_004,surface_temp_ir;cr1000xe_backbone,1.1703999999999999,flux,particle,2,0.48376113176345825
7182,candidate_004,surface_temp_ir;cr1000xe_backbone,1.1703999999999999,flux,particle,2,0.49816766381263733
7182,candidate_004,surface_temp_ir;cr1000xe_backbone,1.1703999999999999,flux,particle,2,0.5174197554588318
7182,candidate_004,surface_temp_ir;cr1000xe_backbone,1.1703999999999999,flux,particle,2,0.5608645081520081
7182,candidate_004,surface_temp_ir;cr1000xe_backbone,1.1703999999999999,flux,particle,2,0.5578374862670898
7182,candidate_004,surface_temp_ir;cr1000xe_backbone,1.1703999999999999,flux,particle,2,0.5735322833061218
7182,candidate_004,surface_temp_ir;cr1000xe_backbone,1.1703999999999999,flux,particle,2,0.6315491199493408
7182,candidate_004,surface_temp_ir;cr1000xe_backbone,1.1703999999999999,flux,particle,2,0.661148726940155
7182,candidate_004,surface_temp_ir;cr1000xe_backbone,1.1703999999999999,flux,particle,2,0.6645817160606384
7182,candidate_004,surface_temp_ir;cr1000xe_backbone,1.1703999999999999,flux,particle,2,0.7064996957778931
7182,candidate_004,surface_temp_ir;cr1000xe_backbone,1.1703999999999999,flux,particle,2,0.7325214147567749
7182,candidate_004,surface_temp_ir;cr1000xe_backbone,1.1703999999999999,flux,particle,2,0.8224642872810364
7182,candidate_004,surface_temp_ir;cr1000xe_backbone,1.1703999999999999,flux,particle,2,0.8029027581214905
7182,candidate_004,surface_temp_ir;cr1000xe_backbone,1.1703999999999999,flux,thermal,2,0.721722424030304
7182,candidate_004,surface_temp_ir;cr1000xe_backbone,1.1703999999999999,flux,thermal,2,0.7532814741134644
7182,candidate_004,surface_temp_ir;cr1000xe_backbone,1.1703999999999999,flux,thermal,2,0.759024977684021
7182,candidate_004,surface_temp_ir;cr1000xe_backbone,1.1703999999999999,flux,thermal,2,0.7296802997589111
7182,candidate_004,surface_temp_ir;cr1000xe_backbone,1.1703999999999999,flux,thermal,2,0.7724883556365967
7182,candidate_004,surface_temp_ir;cr1000xe_backbone,1.1703999999999999,flux,thermal,2,0.7494370341300964
7182,candidate_004,surface_temp_ir;cr1000xe_backbone,1.1703999999999999,flux,thermal,2,0.7493019104003906
7182,candidate_004,surface_temp_ir;cr1000xe_backbone,1.1703999999999999,flux,thermal,2,0.7555328011512756
7182,candidate_004,surface_temp_ir;cr1000xe_backbone,1.1703999999999999,flux,thermal,2,0.7639018893241882
7182,candidate_004,surface_temp_ir;cr1000xe_backbone,1.1703999999999999,flux,thermal,2,0.7904618978500366
7182,candidate_004,surface_temp_ir;cr1000xe_backbone,1.1703999999999999,flux,thermal,2,0.7795757055282593
7182,candidate_004,surface_temp_ir;cr1000xe_backbone,1.1703999999999999,flux,thermal,2,0.8088131546974182
7182,candidate_004,surface_temp_ir;cr1000xe_backbone,1.1703999999999999,flux,thermal,2,0.7964308261871338
7182,candidate_004,surface_temp_ir;cr1000xe_backbone,1.1703999999999999,flux,thermal,2,0.7779316902160645
7182,candidate_004,surface_temp_ir;cr1000xe_backbone,1.1703999999999999,flux,thermal,2,0.7305555939674377
7182,candidate_004,surface_temp_ir;cr1000xe_backbone,1.1703999999999999,flux,thermal,2,0.7446509003639221
7182,candidate_004,surface_temp_ir;cr1000xe_backbone,1.1703999999999999,flux,thermal,2,0.7563701868057251
7182,candidate_004,surface_temp_ir;cr1000xe_backbone,1.1703999999999999,flux,thermal,2,0.740963876247406
7182,candidate_004,surface_temp_ir;cr1000xe_backbone,1.1703999999999999,flux,thermal,2,0.7455018758773804
7182,candidate_004,surface_temp_ir;cr1000xe_backbone,1.1703999999999999,flux,thermal,2,0.7027252316474915
7182,candidate_004,surface_temp_ir;cr1000xe_backbone,1.1703999999999999,flux,thermal,2,0.6907157301902771
7182,candidate_004,surface_temp_ir;cr1000xe_backbone,1.1703999999999999,flux,thermal,2,0.644498884677887
7182,candidate_004,surface_temp_ir;cr1000xe_backbone,1.1703999999999999,flux,thermal,2,0.5985905528068542
7182,candidate_004,surface_temp_ir;cr1000xe_backbone,1.1703999999999999,flux,thermal,2,0.6295148730278015
7182,candidate_004,surface_temp_ir;cr1000xe_backbone,1.1703999999999999,flux,thermal,2,0.623256504535675
7182,candidate_004,surface_temp_ir;cr1000xe_backbone,1.1703999999999999,flux,thermal,2,0.6280530691146851
7182,candidate_004,surface_temp_ir;cr1000xe_backbone,1.1703999999999999,flux,thermal,2,0.6526516675949097
7182,candidate_004,surface_temp_ir;cr1000xe_backbone,1.1703999999999999,flux,transport,2,0.7542696595191956
7182,candidate_004,surface_temp_ir;cr1000xe_backbone,1.1703999999999999,flux,transport,2,0.7948532700538635
7182,candidate_004,surface_temp_ir;cr1000xe_backbone,1.1703999999999999,flux,transport,2,0.730387806892395
7182,candidate_004,surface_temp_ir;cr1000xe_backbone,1.1703999999999999,flux,transport,2,0.8055842518806458
7182,candidate_004,surface_temp_ir;cr1000xe_backbone,1.1703999999999999,calm,transport,0,0.7337771058082581
7182,candidate_004,surface_temp_ir;cr1000xe_backbone,1.1703999999999999,calm,transport,0,0.7658172845840454
7182,candidate_004,surface_temp_ir;cr1000xe_backbone,1.1703999999999999,calm,transport,0,0.7545257806777954
7182,candidate_004,surface_temp_ir;cr1000xe_backbone,1.1703999999999999,calm,transport,0,0.798455536365509
7182,candidate_004,surface_temp_ir;cr1000xe_backbone,1.1703999999999999,calm,transport,0,0.7644983530044556
7182,candidate_004,surface_temp_ir;cr1000xe_backbone,1.1703999999999999,calm,transport,0,0.8163374066352844
7182,candidate_004,surface_temp_ir;cr1000xe_backbone,1.1703999999999999,calm,transport,0,0.8230801820755005
7182,candidate_004,surface_temp_ir;cr1000xe_backbone,1.1703999999999999,calm,transport,0,0.8204655051231384
7182,candidate_004,surface_temp_ir;cr1000xe_backbone,1.1703999999999999,calm,transport,0,0.7830889225006104
7182,candidate_004,surface_temp_ir;cr1000xe_backbone,1.1703999999999999,calm,transport,0,0.7615833282470703
7182,candidate_004,surface_temp_ir;cr1000xe_backbone,1.1703999999999999,calm,transport,0,0.763644278049469
7182,candidate_004,surface_temp_ir;cr1000xe_backbone,1.1703999999999999,calm,transport,0,0.7625634074211121
7182,candidate_004,surface_temp_ir;cr1000xe_backbone,1.1703999999999999,calm,transport,0,0.7184565663337708
7182,candidate_004,surface_temp_ir;cr1000xe_backbone,1.1703999999999999,calm,transport,0,0.7114476561546326
7182,candidate_004,surface_temp_ir;cr1000xe_backbone,1.1703999999999999,thermal,transport,3,0.6928238868713379
7182,candidate_004,surface_temp_ir;cr1000xe_backbone,1.1703999999999999,thermal,transport,3,0.6806991100311279
7182,candidate_004,surface_temp_ir;cr1000xe_backbone,1.1703999999999999,thermal,transport,3,0.6730226278305054
7182,candidate_004,surface_temp_ir;cr1000xe_backbone,1.1703999999999999,thermal,transport,3,0.6574312448501587
7182,candidate_004,surface_temp_ir;cr1000xe_backbone,1.1703999999999999,thermal,particle,3,0.6463437080383301
7182,candidate_004,surface_temp_ir;cr1000xe_backbone,1.1703999999999999,thermal,particle,3,0.6627275347709656
7182,candidate_004,surface_temp_ir;cr1000xe_backbone,1.1703999999999999,thermal,particle,3,0.6542755365371704
7182,candidate_004,surface_temp_ir;cr1000xe_backbone,1.1703999999999999,thermal,particle,3,0.6456512212753296
7182,candidate_004,surface_temp_ir;cr1000xe_backbone,1.1703999999999999,thermal,particle,3,0.6416330933570862
7182,candidate_004,surface_temp_ir;cr1000xe_backbone,1.1703999999999999,thermal,particle,3,0.6492365002632141
7182,candidate_004,surface_temp_ir;cr1000xe_backbone,1.1703999999999999,thermal,particle,3,0.6414577960968018
7182,candidate_004,surface_temp_ir;cr1000xe_backbone,1.1703999999999999,thermal,particle,3,0.635306179523468
7182,candidate_004,surface_temp_ir;cr1000xe_backbone,1.1703999999999999,thermal,particle,3,0.6277231574058533
7182,candidate_004,surface_temp_ir;cr1000xe_backbone,1.1703999999999999,thermal,particle,3,0.6150726079940796
7182,candidate_004,surface_temp_ir;cr1000xe_backbone,1.1703999999999999,thermal,particle,3,0.6155434846878052
7182,candidate_004,surface_temp_ir;cr1000xe_backbone,1.1703999999999999,thermal,particle,3,0.614838182926178
7182,candidate_004,surface_temp_ir;cr1000xe_backbone,1.1703999999999999,thermal,particle,3,0.6168558597564697
7182,candidate_004,surface_temp_ir;cr1000xe_backbone,1.1703999999999999,thermal,particle,3,0.6119509339332581
7182,candidate_004,surface_temp_ir;cr1000xe_backbone,1.1703999999999999,thermal,particle,3,0.6140465140342712
7182,candidate_004,surface_temp_ir;cr1000xe_backbone,1.1703999999999999,thermal,particle,3,0.6164025664329529
7182,candidate_004,surface_temp_ir;cr1000xe_backbone,1.1703999999999999,thermal,particle,3,0.6192613840103149
7182,candidate_004,surface_temp_ir;cr1000xe_backbone,1.1703999999999999,thermal,particle,3,0.6389888525009155
7182,candidate_004,surface_temp_ir;cr1000xe_backbone,1.1703999999999999,thermal,particle,3,0.6421830058097839
7182,candidate_004,surface_temp_ir;cr1000xe_backbone,1.1703999999999999,thermal,particle,3,0.6382376551628113
7182,candidate_004,surface_temp_ir;cr1000xe_backbone,1.1703999999999999,thermal,particle,3,0.6375240087509155
7182,candidate_004,surface_temp_ir;cr1000xe_backbone,1.1703999999999999,thermal,particle,3,0.6167446970939636
7182,candidate_004,surface_temp_ir;cr1000xe_backbone,1.1703999999999999,thermal,particle,3,0.6188704967498779
7182,candidate_004,surface_temp_ir;cr1000xe_backbone,1.1703999999999999,thermal,particle,3,0.6419291496276855
7182,candidate_004,surface_temp_ir;cr1000xe_backbone,1.1703999999999999,thermal,particle,3,0.6316027045249939
7182,candidate_004,surface_temp_ir;cr1000xe_backbone,1.1703999999999999,thermal,particle,3,0.6476049423217773
7182,candidate_004,surface_temp_ir;cr1000xe_backbone,1.1703999999999999,thermal,particle,3,0.6241834759712219
7182,candidate_004,surface_temp_ir;cr1000xe_backbone,1.1703999999999999,thermal,particle,3,0.6384953856468201
7182,candidate_004,surface_temp_ir;cr1000xe_backbone,1.1703999999999999,thermal,particle,3,0.6569048762321472
7182,candidate_004,surface_temp_ir;cr1000xe_backbone,1.1703999999999999,thermal,particle,3,0.6967965960502625
7182,candidate_004,surface_temp_ir;cr1000xe_backbone,1.1703999999999999,thermal,particle,3,0.7151790261268616
7182,candidate_004,surface_temp_ir;cr1000xe_backbone,1.1703999999999999,thermal,particle,3,0.7509492039680481
7182,candidate_004,surface_temp_ir;cr1000xe_backbone,1.1703999999999999,thermal,particle,3,0.7714757919311523
7182,candidate_004,surface_temp_ir;cr1000xe_backbone,1.1703999999999999,thermal,particle,3,0.8033558130264282
7182,candidate_004,surface_temp_ir;cr1000xe_backbone,1.1703999999999999,thermal,particle,3,0.8420191407203674
7182,candidate_004,surface_temp_ir;cr1000xe_backbone,1.1703999999999999,thermal,particle,3,0.8785915374755859
7182,candidate_004,surface_temp_ir;cr1000xe_backbone,1.1703999999999999,thermal,thermal,3,0.7874224781990051
7182,candidate_004,surface_temp_ir;cr1000xe_backbone,1.1703999999999999,thermal,thermal,3,0.8126185536384583
7182,candidate_004,surface_temp_ir;cr1000xe_backbone,1.1703999999999999,thermal,thermal,3,0.822254478931427
7182,candidate_004,surface_temp_ir;cr1000xe_backbone,1.1703999999999999,thermal,thermal,3,0.8298412561416626
7182,candidate_004,surface_temp_ir;cr1000xe_backbone,1.1703999999999999,thermal,thermal,3,0.849400520324707
7182,candidate_004,surface_temp_ir;cr1000xe_backbone,1.1703999999999999,thermal,thermal,3,0.8666104674339294
7182,candidate_004,surface_temp_ir;cr1000xe_backbone,1.1703999999999999,thermal,thermal,3,0.8751063346862793
7182,candidate_004,surface_temp_ir;cr1000xe_backbone,1.1703999999999999,thermal,thermal,3,0.8728029131889343
7182,candidate_004,surface_temp_ir;cr1000xe_backbone,1.1703999999999999,thermal,thermal,3,0.8559136390686035
7182,candidate_004,surface_temp_ir;cr1000xe_backbone,1.1703999999999999,thermal,thermal,3,0.8332769870758057
7182,candidate_004,surface_temp_ir;cr1000xe_backbone,1.1703999999999999,thermal,thermal,3,0.81535804271698
7182,candidate_004,surface_temp_ir;cr1000xe_backbone,1.1703999999999999,thermal,thermal,3,0.8003226518630981
7182,candidate_004,surface_temp_ir;cr1000xe_backbone,1.1703999999999999,thermal,thermal,3,0.7635490298271179
7182,candidate_004,surface_temp_ir;cr1000xe_backbone,1.1703999999999999,thermal,thermal,3,0.7422028183937073
7182,candidate_004,surface_temp_ir;cr1000xe_backbone,1.1703999999999999,thermal,thermal,3,0.7295180559158325
7182,candidate_004,surface_temp_ir;cr1000xe_backbone,1.1703999999999999,thermal,thermal,3,0.7287845611572266
7182,candidate_004,surface_temp_ir;cr1000xe_backbone,1.1703999999999999,calm,thermal,0,0.8118398785591125
7182,candidate_004,surface_temp_ir;cr1000xe_backbone,1.1703999999999999,calm,thermal,0,0.7700055837631226
7182,candidate_004,surface_temp_ir;cr1000xe_backbone,1.1703999999999999,calm,thermal,0,0.7229155898094177
7182,candidate_004,surface_temp_ir;cr1000xe_backbone,1.1703999999999999,calm,thermal,0,0.7343121767044067
7182,candidate_004,surface_temp_ir;cr1000xe_backbone,1.1703999999999999,calm,thermal,0,0.6664000153541565
7182,candidate_004,surface_temp_ir;cr1000xe_backbone,1.1703999999999999,calm,thermal,0,0.6944950222969055
7182,candidate_004,surface_temp_ir;cr1000xe_backbone,1.1703999999999999,calm,thermal,0,0.6621205806732178
7182,candidate_004,surface_temp_ir;cr1000xe_backbone,1.1703999999999999,calm,thermal,0,0.6783068180084229
7182,candidate_004,surface_temp_ir;cr1000xe_backbone,1.1703999999999999,calm,thermal,0,0.6677562594413757
7182,candidate_004,surface_temp_ir;cr1000xe_backbone,1.1703999999999999,calm,thermal,0,0.6965385675430298
7182,candidate_004,surface_temp_ir;cr1000xe_backbone,1.1703999999999999,calm,thermal,0,0.7098475098609924
7182,candidate_004,surface_temp_ir;cr1000xe_backbone,1.1703999999999999,calm,transport,0,0.7096228003501892
7182,candidate_004,surface_temp_ir;cr1000xe_backbone,1.1703999999999999,thermal,transport,3,0.6515471339225769
7182,candidate_004,surface_temp_ir;cr1000xe_backbone,1.1703999999999999,thermal,transport,3,0.6737095713615417
7182,candidate_005,met_station_core;surface_temp_ir;cr1000xe_backbone,1.8904,calm,thermal,0,0.7280855178833008
7182,candidate_005,met_station_core;surface_temp_ir;cr1000xe_backbone,1.8904,calm,thermal,0,0.46258342266082764
7182,candidate_005,met_station_core;surface_temp_ir;cr1000xe_backbone,1.8904,calm,thermal,0,0.453512042760849
7182,candidate_005,met_station_core;surface_temp_ir;cr1000xe_backbone,1.8904,calm,thermal,0,0.41442379355430603
7182,candidate_005,met_station_core;surface_temp_ir;cr1000xe_backbone,1.8904,calm,thermal,0,0.3932616114616394
7182,candidate_005,met_station_core;surface_temp_ir;cr1000xe_backbone,1.8904,calm,thermal,0,0.42601585388183594
7182,candidate_005,met_station_core;surface_temp_ir;cr1000xe_backbone,1.8904,calm,thermal,0,0.3543739914894104
7182,candidate_005,met_station_core;surface_temp_ir;cr1000xe_backbone,1.8904,calm,thermal,0,0.3592236042022705
7182,candidate_005,met_station_core;surface_temp_ir;cr1000xe_backbone,1.8904,calm,thermal,0,0.2928343117237091
7182,candidate_005,met_station_core;surface_temp_ir;cr1000xe_backbone,1.8904,calm,thermal,0,0.3062927722930908
7182,candidate_005,met_station_core;surface_temp_ir;cr1000xe_backbone,1.8904,calm,thermal,0,0.2824631929397583
7182,candidate_005,met_station_core;surface_temp_ir;cr1000xe_backbone,1.8904,calm,transport,0,0.24864313006401062
7182,candidate_005,met_station_core;surface_temp_ir;cr1000xe_backbone,1.8904,calm,transport,0,0.22922760248184204
7182,candidate_005,met_station_core;surface_temp_ir;cr1000xe_backbone,1.8904,calm,transport,0,0.20983357727527618
7182,candidate_005,met_station_core;surface_temp_ir;cr1000xe_backbone,1.8904,calm,transport,0,0.20684939622879028
7182,candidate_005,met_station_core;surface_temp_ir;cr1000xe_backbone,1.8904,calm,transport,0,0.2134815752506256
7182,candidate_005,met_station_core;surface_temp_ir;cr1000xe_backbone,1.8904,calm,transport,0,0.19990545511245728
7182,candidate_005,met_station_core;surface_temp_ir;cr1000xe_backbone,1.8904,calm,transport,0,0.1610739380121231
7182,candidate_005,met_station_core;surface_temp_ir;cr1000xe_backbone,1.8904,calm,transport,0,0.17634321749210358
7182,candidate_005,met_station_core;surface_temp_ir;cr1000xe_backbone,1.8904,calm,transport,0,0.19380973279476166
7182,candidate_005,met_station_core;surface_temp_ir;cr1000xe_backbone,1.8904,calm,transport,0,0.20886053144931793
7182,candidate_005,met_station_core;surface_temp_ir;cr1000xe_backbone,1.8904,calm,transport,0,0.24011316895484924
7182,candidate_005,met_station_core;surface_temp_ir;cr1000xe_backbone,1.8904,calm,transport,0,0.24355612695217133
7182,candidate_005,met_station_core;surface_temp_ir;cr1000xe_backbone,1.8904,calm,transport,0,0.24546608328819275
7182,candidate_005,met_station_core;surface_temp_ir;cr1000xe_backbone,1.8904,calm,transport,0,0.25706881284713745
7182,candidate_005,met_station_core;surface_temp_ir;cr1000xe_backbone,1.8904,calm,transport,0,0.2909523546695709
7182,candidate_005,met_station_core;surface_temp_ir;cr1000xe_backbone,1.8904,calm,transport,0,0.35430216789245605
7182,candidate_005,met_station_core;surface_temp_ir;cr1000xe_backbone,1.8904,calm,transport,0,0.3498166799545288
7182,candidate_005,met_station_core;surface_temp_ir;cr1000xe_backbone,1.8904,calm,transport,0,0.35269299149513245
7182,candidate_005,met_station_core;surface_temp_ir;cr1000xe_backbone,1.8904,calm,transport,0,0.3137732148170471
7182,candidate_005,met_station_core;surface_temp_ir;cr1000xe_backbone,1.8904,calm,transport,0,0.30307307839393616
7182,candidate_005,met_station_core;surface_temp_ir;cr1000xe_backbone,1.8904,calm,transport,0,0.2740088999271393
7182,candidate_005,met_station_core;surface_temp_ir;cr1000xe_backbone,1.8904,calm,transport,0,0.2525089979171753
7182,candidate_005,met_station_core;surface_temp_ir;cr1000xe_backbone,1.8904,calm,transport,0,0.21578079462051392
7182,candidate_005,met_station_core;surface_temp_ir;cr1000xe_backbone,1.8904,calm,transport,0,0.2110123634338379
7182,candidate_005,met_station_core;surface_temp_ir;cr1000xe_backbone,1.8904,calm,transport,0,0.1975814402103424
7182,candidate_005,met_station_core;surface_temp_ir;cr1000xe_backbone,1.8904,calm,transport,0,0.18226279318332672
7182,candidate_005,met_station_core;surface_temp_ir;cr1000xe_backbone,1.8904,calm,transport,0,0.18969415128231049
7182,candidate_005,met_station_core;surface_temp_ir;cr1000xe_backbone,1.8904,calm,transport,0,0.18052609264850616
7182,candidate_005,met_station_core;surface_temp_ir;cr1000xe_backbone,1.8904,calm,transport,0,0.22019432485103607
7182,candidate_005,met_station_core;surface_temp_ir;cr1000xe_backbone,1.8904,calm,transport,0,0.1944013088941574
7182,candidate_005,met_station_core;surface_temp_ir;cr1000xe_backbone,1.8904,calm,transport,0,0.19630368053913116
7182,candidate_005,met_station_core;surface_temp_ir;cr1000xe_backbone,1.8904,calm,transport,0,0.18310940265655518
7182,candidate_005,met_station_core;surface_temp_ir;cr1000xe_backbone,1.8904,calm,transport,0,0.20065352320671082
7182,candidate_005,met_station_core;surface_temp_ir;cr1000xe_backbone,1.8904,calm,particle,0,0.22025166451931
7182,candidate_005,met_station_core;surface_temp_ir;cr1000xe_backbone,1.8904,calm,particle,0,0.22019244730472565
7182,candidate_005,met_station_core;surface_temp_ir;cr1000xe_backbone,1.8904,calm,particle,0,0.251010000705719
7182,candidate_005,met_station_core;surface_temp_ir;cr1000xe_backbone,1.8904,calm,particle,0,0.2679024040699005
7182,candidate_005,met_station_core;surface_temp_ir;cr1000xe_backbone,1.8904,calm,particle,0,0.30009713768959045
7182,candidate_005,met_station_core;surface_temp_ir;cr1000xe_backbone,1.8904,calm,particle,0,0.31582093238830566
7182,candidate_005,met_station_core;surface_temp_ir;cr1000xe_backbone,1.8904,calm,particle,0,0.3055029511451721
7182,candidate_005,met_station_core;surface_temp_ir;cr1000xe_backbone,1.8904,calm,particle,0,0.319429874420166
7182,candidate_005,met_station_core;surface_temp_ir;cr1000xe_backbone,1.8904,calm,particle,0,0.29734206199645996
7182,candidate_005,met_station_core;surface_temp_ir;cr1000xe_backbone,1.8904,calm,particle,0,0.2976560592651367
7182,candidate_005,met_station_core;surface_temp_ir;cr1000xe_backbone,1.8904,calm,particle,0,0.2662375867366791
7182,candidate_005,met_station_core;surface_temp_ir;cr1000xe_backbone,1.8904,calm,particle,0,0.256287544965744
7182,candidate_005,met_station_core;surface_temp_ir;cr1000xe_backbone,1.8904,calm,particle,0,0.21981573104858398
7182,candidate_005,met_station_core;surface_temp_ir;cr1000xe_backbone,1.8904,calm,particle,0,0.2128024697303772
7182,candidate_005,met_station_core;surface_temp_ir;cr1000xe_backbone,1.8904,calm,particle,0,0.2069576382637024
7182,candidate_005,met_station_core;surface_temp_ir;cr1000xe_backbone,1.8904,calm,particle,0,0.21190790832042694
7182,candidate_005,met_station_core;surface_temp_ir;cr1000xe_backbone,1.8904,calm,particle,0,0.19928021728992462
7182,candidate_005,met_station_core;surface_temp_ir;cr1000xe_backbone,1.8904,calm,particle,0,0.19094929099082947
7182,candidate_005,met_station_core;surface_temp_ir;cr1000xe_backbone,1.8904,calm,particle,0,0.2087790071964264
7182,candidate_005,met_station_core;surface_temp_ir;cr1000xe_backbone,1.8904,calm,particle,0,0.1903018057346344
7182,candidate_005,met_station_core;surface_temp_ir;cr1000xe_backbone,1.8904,calm,particle,0,0.18451237678527832
7182,candidate_005,met_station_core;surface_temp_ir;cr1000xe_backbone,1.8904,calm,thermal,0,0.19850483536720276
7182,candidate_005,met_station_core;surface_temp_ir;cr1000xe_backbone,1.8904,calm,thermal,0,0.20398613810539246
7182,candidate_005,met_station_core;surface_temp_ir;cr1000xe_backbone,1.8904,calm,thermal,0,0.21816185116767883
7182,candidate_005,met_station_core;surface_temp_ir;cr1000xe_backbone,1.8904,calm,thermal,0,0.21634767949581146
7182,candidate_005,met_station_core;surface_temp_ir;cr1000xe_backbone,1.8904,calm,thermal,0,0.2520318329334259
7182,candidate_005,met_station_core;surface_temp_ir;cr1000xe_backbone,1.8904,calm,thermal,0,0.252050518989563
7182,candidate_005,met_station_core;surface_temp_ir;cr1000xe_backbone,1.8904,calm,thermal,0,0.31327489018440247
7182,candidate_005,met_station_core;surface_temp_ir;cr1000xe_backbone,1.8904,calm,thermal,0,0.3443818688392639
7182,candidate_005,met_station_core;surface_temp_ir;cr1000xe_backbone,1.8904,calm,thermal,0,0.37286093831062317
7182,candidate_005,met_station_core;surface_temp_ir;cr1000xe_backbone,1.8904,calm,thermal,0,0.38657182455062866
7182,candidate_005,met_station_core;surface_temp_ir;cr1000xe_backbone,1.8904,calm,thermal,0,0.3788135349750519
7182,candidate_005,met_station_core;surface_temp_ir;cr1000xe_backbone,1.8904,calm,thermal,0,0.35481253266334534
7182,candidate_005,met_station_core;surface_temp_ir;cr1000xe_backbone,1.8904,calm,thermal,0,0.3767355978488922
7182,candidate_005,met_station_core;surface_temp_ir;cr1000xe_backbone,1.8904,calm,thermal,0,0.34720221161842346
7182,candidate_005,met_station_core;surface_temp_ir;cr1000xe_backbone,1.8904,calm,thermal,0,0.3450429141521454
7182,candidate_005,met_station_core;surface_temp_ir;cr1000xe_backbone,1.8904,calm,thermal,0,0.3024992048740387
7182,candidate_005,met_station_core;surface_temp_ir;cr1000xe_backbone,1.8904,calm,thermal,0,0.3113805949687958
7182,candidate_005,met_station_core;surface_temp_ir;cr1000xe_backbone,1.8904,calm,thermal,0,0.31720155477523804
7182,candidate_005,met_station_core;surface_temp_ir;cr1000xe_backbone,1.8904,calm,thermal,0,0.31157737970352173
7182,candidate_005,met_station_core;surface_temp_ir;cr1000xe_backbone,1.8904,calm,thermal,0,0.317031592130661
7182,candidate_005,met_station_core;surface_temp_ir;cr1000xe_backbone,1.8904,calm,thermal,0,0.28802868723869324
7182,candidate_005,met_station_core;surface_temp_ir;cr1000xe_backbone,1.8904,calm,thermal,0,0.31248027086257935
7182,candidate_005,met_station_core;surface_temp_ir;cr1000xe_backbone,1.8904,calm,thermal,0,0.3081936240196228
7182,candidate_005,met_station_core;surface_temp_ir;cr1000xe_backbone,1.8904,calm,thermal,0,0.29846903681755066
7182,candidate_005,met_station_core;surface_temp_ir;cr1000xe_backbone,1.8904,calm,transport,0,0.305262953042984
7182,candidate_005,met_station_core;surface_temp_ir;cr1000xe_backbone,1.8904,calm,transport,0,0.3028472661972046
7182,candidate_005,met_station_core;surface_temp_ir;cr1000xe_backbone,1.8904,calm,transport,0,0.2786117196083069
7182,candidate_005,met_station_core;surface_temp_ir;cr1000xe_backbone,1.8904,calm,transport,0,0.26476195454597473
7182,candidate_005,met_station_core;surface_temp_ir;cr1000xe_backbone,1.8904,calm,transport,0,0.2677513062953949
7182,candidate_005,met_station_core;surface_temp_ir;cr1000xe_backbone,1.8904,calm,transport,0,0.2961404323577881
7182,candidate_005,met_station_core;surface_temp_ir;cr1000xe_backbone,1.8904,calm,transport,0,0.2918187081813812
7182,candidate_005,met_station_core;surface_temp_ir;cr1000xe_backbone,1.8904,calm,transport,0,0.30253735184669495
7182,candidate_005,met_station_core;surface_temp_ir;cr1000xe_backbone,1.8904,calm,transport,0,0.3230835497379303
7182,candidate_005,met_station_core;surface_temp_ir;cr1000xe_backbone,1.8904,calm,transport,0,0.3168165981769562
7182,candidate_005,met_station_core;surface_temp_ir;cr1000xe_backbone,1.8904,calm,transport,0,0.3125527501106262
7182,candidate_005,met_station_core;surface_temp_ir;cr1000xe_backbone,1.8904,calm,transport,0,0.30904120206832886
7182,candidate_005,met_station_core;surface_temp_ir;cr1000xe_backbone,1.8904,calm,transport,0,0.30204275250434875
7182,candidate_005,met_station_core;surface_temp_ir;cr1000xe_backbone,1.8904,calm,transport,0,0.2723439037799835
7182,candidate_005,met_station_core;surface_temp_ir;cr1000xe_backbone,1.8904,calm,transport,0,0.2617643177509308
7182,candidate_005,met_station_core;surface_temp_ir;cr1000xe_backbone,1.8904,calm,transport,0,0.26247578859329224
7182,candidate_005,met_station_core;surface_temp_ir;cr1000xe_backbone,1.8904,calm,transport,0,0.25530770421028137
7182,candidate_005,met_station_core;surface_temp_ir;cr1000xe_backbone,1.8904,calm,transport,0,0.24489419162273407
7182,candidate_005,met_station_core;surface_temp_ir;cr1000xe_backbone,1.8904,calm,transport,0,0.19434233009815216
7182,candidate_005,met_station_core;surface_temp_ir;cr1000xe_backbone,1.8904,calm,transport,0,0.23206676542758942
7182,candidate_005,met_station_core;surface_temp_ir;cr1000xe_backbone,1.8904,calm,transport,0,0.2460833638906479
7182,candidate_005,met_station_core;surface_temp_ir;cr1000xe_backbone,1.8904,calm,transport,0,0.25307589769363403
7182,candidate_005,met_station_core;surface_temp_ir;cr1000xe_backbone,1.8904,calm,particle,0,0.23022174835205078
7182,candidate_005,met_station_core;surface_temp_ir;cr1000xe_backbone,1.8904,calm,particle,0,0.21495367586612701
7182,candidate_005,met_station_core;surface_temp_ir;cr1000xe_backbone,1.8904,calm,particle,0,0.2524915635585785
7182,candidate_005,met_station_core;surface_temp_ir;cr1000xe_backbone,1.8904,calm,particle,0,0.23808163404464722
7182,candidate_005,met_station_core;surface_temp_ir;cr1000xe_backbone,1.8904,calm,particle,0,0.25827252864837646
7182,candidate_005,met_station_core;surface_temp_ir;cr1000xe_backbone,1.8904,calm,particle,0,0.24948827922344208
7182,candidate_005,met_station_core;surface_temp_ir;cr1000xe_backbone,1.8904,calm,particle,0,0.2712027430534363
7182,candidate_005,met_station_core;surface_temp_ir;cr1000xe_backbone,1.8904,calm,particle,0,0.31299611926078796
7182,candidate_005,met_station_core;surface_temp_ir;cr1000xe_backbone,1.8904,calm,particle,0,0.35365480184555054
7182,candidate_005,met_station_core;surface_temp_ir;cr1000xe_backbone,1.8904,calm,particle,0,0.34820103645324707
7182,candidate_005,met_station_core;surface_temp_ir;cr1000xe_backbone,1.8904,calm,particle,0,0.37007007002830505
7182,candidate_005,met_station_core;surface_temp_ir;cr1000xe_backbone,1.8904,calm,particle,0,0.40144625306129456
7182,candidate_005,met_station_core;surface_temp_ir;cr1000xe_backbone,1.8904,calm,particle,0,0.41988611221313477
7182,candidate_005,met_station_core;surface_temp_ir;cr1000xe_backbone,1.8904,calm,particle,0,0.4267807602882385
7182,candidate_005,met_station_core;surface_temp_ir;cr1000xe_backbone,1.8904,calm,particle,0,0.4285554885864258
7182,candidate_005,met_station_core;surface_temp_ir;cr1000xe_backbone,1.8904,calm,particle,0,0.4059962034225464
7182,candidate_005,met_station_core;surface_temp_ir;cr1000xe_backbone,1.8904,calm,particle,0,0.3746982216835022
7182,candidate_005,met_station_core;surface_temp_ir;cr1000xe_backbone,1.8904,calm,particle,0,0.35208213329315186
7182,candidate_005,met_station_core;surface_temp_ir;cr1000xe_backbone,1.8904,calm,particle,0,0.3364463150501251
7182,candidate_005,met_station_core;surface_temp_ir;cr1000xe_backbone,1.8904,calm,particle,0,0.33120179176330566
7182,candidate_005,met_station_core;surface_temp_ir;cr1000xe_backbone,1.8904,calm,particle,0,0.3089022636413574
7182,candidate_005,met_station_core;surface_temp_ir;cr1000xe_backbone,1.8904,calm,particle,0,0.2963085472583771
7182,candidate_005,met_station_core;surface_temp_ir;cr1000xe_backbone,1.8904,calm,particle,0,0.2878009080886841
7182,candidate_005,met_station_core;surface_temp_ir;cr1000xe_backbone,1.8904,calm,thermal,0,0.28726619482040405
7182,candidate_005,met_station_core;surface_temp_ir;cr1000xe_backbone,1.8904,calm,thermal,0,0.28590941429138184
7182,candidate_005,met_station_core;surface_temp_ir;cr1000xe_backbone,1.8904,calm,thermal,0,0.2855832874774933
7182,candidate_005,met_station_core;surface_temp_ir;cr1000xe_backbone,1.8904,calm,thermal,0,0.2726093828678131
7182,candidate_005,met_station_core;surface_temp_ir;cr1000xe_backbone,1.8904,calm,thermal,0,0.26273494958877563
7182,candidate_005,met_station_core;surface_temp_ir;cr1000xe_backbone,1.8904,calm,thermal,0,0.2769472301006317
7182,candidate_005,met_station_core;surface_temp_ir;cr1000xe_backbone,1.8904,calm,thermal,0,0.3006831705570221
7182,candidate_005,met_station_core;surface_temp_ir;cr1000xe_backbone,1.8904,calm,thermal,0,0.298755019903183
7182,candidate_005,met_station_core;surface_temp_ir;cr1000xe_backbone,1.8904,calm,thermal,0,0.3260575234889984
7182,candidate_005,met_station_core;surface_temp_ir;cr1000xe_backbone,1.8904,calm,thermal,0,0.33176419138908386
7182,candidate_005,met_station_core;surface_temp_ir;cr1000xe_backbone,1.8904,calm,thermal,0,0.3721856474876404
7182,candidate_005,met_station_core;surface_temp_ir;cr1000xe_backbone,1.8904,calm,thermal,0,0.37630900740623474
7182,candidate_005,met_station_core;surface_temp_ir;cr1000xe_backbone,1.8904,calm,thermal,0,0.39814674854278564
7182,candidate_005,met_station_core;surface_temp_ir;cr1000xe_backbone,1.8904,calm,thermal,0,0.39890599250793457
7182,candidate_005,met_station_core;surface_temp_ir;cr1000xe_backbone,1.8904,calm,thermal,0,0.3814953565597534
7182,candidate_005,met_station_core;surface_temp_ir;cr1000xe_backbone,1.8904,calm,thermal,0,0.3628000319004059
7182,candidate_005,met_station_core;surface_temp_ir;cr1000xe_backbone,1.8904,calm,thermal,0,0.3239745497703552
7182,candidate_005,met_station_core;surface_temp_ir;cr1000xe_backbone,1.8904,calm,thermal,0,0.3009823262691498
7182,candidate_005,met_station_core;surface_temp_ir;cr1000xe_backbone,1.8904,calm,thermal,0,0.28645604848861694
7182,candidate_005,met_station_core;surface_temp_ir;cr1000xe_backbone,1.8904,calm,thermal,0,0.2488877922296524
7182,candidate_005,met_station_core;surface_temp_ir;cr1000xe_backbone,1.8904,calm,thermal,0,0.24389059841632843
7182,candidate_005,met_station_core;surface_temp_ir;cr1000xe_backbone,1.8904,calm,transport,0,0.228092759847641
7182,candidate_005,met_station_core;surface_temp_ir;cr1000xe_backbone,1.8904,calm,transport,0,0.22350892424583435
7182,candidate_005,met_station_core;surface_temp_ir;cr1000xe_backbone,1.8904,calm,transport,0,0.22867406904697418
7182,candidate_005,met_station_core;surface_temp_ir;cr1000xe_backbone,1.8904,calm,transport,0,0.22999560832977295
7182,candidate_005,met_station_core;surface_temp_ir;cr1000xe_backbone,1.8904,calm,transport,0,0.2234930396080017
7182,candidate_005,met_station_core;surface_temp_ir;cr1000xe_backbone,1.8904,calm,transport,0,0.2111632078886032
7182,candidate_005,met_station_core;surface_temp_ir;cr1000xe_backbone,1.8904,calm,transport,0,0.22853967547416687
7182,candidate_005,met_station_core;surface_temp_ir;cr1000xe_backbone,1.8904,calm,transport,0,0.22450463473796844
7182,candidate_005,met_station_core;surface_temp_ir;cr1000xe_backbone,1.8904,calm,transport,0,0.22364605963230133
7182,candidate_005,met_station_core;surface_temp_ir;cr1000xe_backbone,1.8904,calm,transport,0,0.2311379760503769
7182,candidate_005,met_station_core;surface_temp_ir;cr1000xe_backbone,1.8904,calm,transport,0,0.2459661364555359
7182,candidate_005,met_station_core;surface_temp_ir;cr1000xe_backbone,1.8904,calm,transport,0,0.26861727237701416
7182,candidate_005,met_station_core;surface_temp_ir;cr1000xe_backbone,1.8904,calm,transport,0,0.2815847396850586
7182,candidate_005,met_station_core;surface_temp_ir;cr1000xe_backbone,1.8904,calm,transport,0,0.286289781332016
7182,candidate_005,met_station_core;surface_temp_ir;cr1000xe_backbone,1.8904,calm,transport,0,0.3056027591228485
7182,candidate_005,met_station_core;surface_temp_ir;cr1000xe_backbone,1.8904,calm,transport,0,0.3154914677143097
7182,candidate_005,met_station_core;surface_temp_ir;cr1000xe_backbone,1.8904,calm,transport,0,0.32733461260795593
7182,candidate_005,met_station_core;surface_temp_ir;cr1000xe_backbone,1.8904,calm,transport,0,0.34252914786338806
7182,candidate_005,met_station_core;surface_temp_ir;cr1000xe_backbone,1.8904,calm,particle,0,0.3197978138923645
7182,candidate_005,met_station_core;surface_temp_ir;cr1000xe_backbone,1.8904,calm,particle,0,0.30112430453300476
7182,candidate_005,met_station_core;surface_temp_ir;cr1000xe_backbone,1.8904,calm,particle,0,0.26340538263320923
7182,candidate_005,met_station_core;surface_temp_ir;cr1000xe_backbone,1.8904,calm,particle,0,0.22489739954471588
7182,candidate_005,met_station_core;surface_temp_ir;cr1000xe_backbone,1.8904,calm,particle,0,0.19409218430519104
7182,candidate_005,met_station_core;surface_temp_ir;cr1000xe_backbone,1.8904,calm,particle,0,0.17315317690372467
7182,candidate_005,met_station_core;surface_temp_ir;cr1000xe_backbone,1.8904,calm,particle,0,0.16062012314796448
7182,candidate_005,met_station_core;surface_temp_ir;cr1000xe_backbone,1.8904,calm,particle,0,0.17376843094825745
7182,candidate_005,met_station_core;surface_temp_ir;cr1000xe_backbone,1.8904,calm,particle,0,0.18195629119873047
7182,candidate_005,met_station_core;surface_temp_ir;cr1000xe_backbone,1.8904,calm,particle,0,0.20022974908351898
7182,candidate_005,met_station_core;surface_temp_ir;cr1000xe_backbone,1.8904,calm,particle,0,0.19331826269626617
7182,candidate_005,met_station_core;surface_temp_ir;cr1000xe_backbone,1.8904,calm,particle,0,0.1885775327682495
7182,candidate_005,met_station_core;surface_temp_ir;cr1000xe_backbone,1.8904,calm,particle,0,0.20054425299167633
7182,candidate_005,met_station_core;surface_temp_ir;cr1000xe_backbone,1.8904,calm,particle,0,0.18078754842281342
7182,candidate_005,met_station_core;surface_temp_ir;cr1000xe_backbone,1.8904,calm,particle,0,0.19775794446468353
7182,candidate_005,met_station_core;surface_temp_ir;cr1000xe_backbone,1.8904,calm,particle,0,0.19183659553527832
7182,candidate_005,met_station_core;surface_temp_ir;cr1000xe_backbone,1.8904,calm,particle,0,0.20423752069473267
7182,candidate_005,met_station_core;surface_temp_ir;cr1000xe_backbone,1.8904,calm,particle,0,0.22252602875232697
7182,candidate_005,met_station_core;surface_temp_ir;cr1000xe_backbone,1.8904,calm,particle,0,0.2409375011920929
7182,candidate_005,met_station_core;surface_temp_ir;cr1000xe_backbone,1.8904,calm,particle,0,0.26812130212783813
7182,candidate_005,met_station_core;surface_temp_ir;cr1000xe_backbone,1.8904,calm,particle,0,0.29108956456184387
7182,candidate_005,met_station_core;surface_temp_ir;cr1000xe_backbone,1.8904,calm,particle,0,0.31558141112327576
7182,candidate_005,met_station_core;surface_temp_ir;cr1000xe_backbone,1.8904,calm,particle,0,0.3284585177898407
7182,candidate_005,met_station_core;surface_temp_ir;cr1000xe_backbone,1.8904,calm,particle,0,0.3349149823188782
7182,candidate_005,met_station_core;surface_temp_ir;cr1000xe_backbone,1.8904,calm,particle,0,0.33889585733413696
7182,candidate_005,met_station_core;surface_temp_ir;cr1000xe_backbone,1.8904,calm,particle,0,0.29958438873291016
7182,candidate_005,met_station_core;surface_temp_ir;cr1000xe_backbone,1.8904,calm,particle,0,0.2849753201007843
7182,candidate_005,met_station_core;surface_temp_ir;cr1000xe_backbone,1.8904,calm,particle,0,0.2729226052761078
7182,candidate_005,met_station_core;surface_temp_ir;cr1000xe_backbone,1.8904,calm,particle,0,0.25702372193336487
7182,candidate_005,met_station_core;surface_temp_ir;cr1000xe_backbone,1.8904,calm,particle,0,0.25624486804008484
7182,candidate_005,met_station_core;surface_temp_ir;cr1000xe_backbone,1.8904,calm,particle,0,0.24974428117275238
7182,candidate_005,met_station_core;surface_temp_ir;cr1000xe_backbone,1.8904,calm,particle,0,0.26799237728118896
7182,candidate_005,met_station_core;surface_temp_ir;cr1000xe_backbone,1.8904,calm,thermal,0,0.27378517389297485
7182,candidate_005,met_station_core;surface_temp_ir;cr1000xe_backbone,1.8904,calm,thermal,0,0.28495317697525024
7182,candidate_005,met_station_core;surface_temp_ir;cr1000xe_backbone,1.8904,calm,thermal,0,0.2959481179714203
7182,candidate_005,met_station_core;surface_temp_ir;cr1000xe_backbone,1.8904,calm,thermal,0,0.28609877824783325
7182,candidate_005,met_station_core;surface_temp_ir;cr1000xe_backbone,1.8904,calm,thermal,0,0.3085137903690338
7182,candidate_005,met_station_core;surface_temp_ir;cr1000xe_backbone,1.8904,calm,thermal,0,0.34506237506866455
7182,candidate_005,met_station_core;surface_temp_ir;cr1000xe_backbone,1.8904,calm,thermal,0,0.33569860458374023
7182,candidate_005,met_station_core;surface_temp_ir;cr1000xe_backbone,1.8904,calm,thermal,0,0.32197004556655884
7182,candidate_005,met_station_core;surface_temp_ir;cr1000xe_backbone,1.8904,calm,thermal,0,0.31309959292411804
7182,candidate_005,met_station_core;surface_temp_ir;cr1000xe_backbone,1.8904,calm,thermal,0,0.3104327619075775
7182,candidate_005,met_station_core;surface_temp_ir;cr1000xe_backbone,1.8904,calm,thermal,0,0.3376500904560089
7182,candidate_005,met_station_core;surface_temp_ir;cr1000xe_backbone,1.8904,calm,thermal,0,0.35368263721466064
7182,candidate_005,met_station_core;surface_temp_ir;cr1000xe_backbone,1.8904,calm,thermal,0,0.38021230697631836
7182,candidate_005,met_station_core;surface_temp_ir;cr1000xe_backbone,1.8904,calm,thermal,0,0.3739696145057678
7182,candidate_005,met_station_core;surface_temp_ir;cr1000xe_backbone,1.8904,calm,thermal,0,0.37354615330696106
7182,candidate_005,met_station_core;surface_temp_ir;cr1000xe_backbone,1.8904,calm,thermal,0,0.36567434668540955
7182,candidate_005,met_station_core;surface_temp_ir;cr1000xe_backbone,1.8904,calm,thermal,0,0.3731493055820465
7182,candidate_005,met_station_core;surface_temp_ir;cr1000xe_backbone,1.8904,calm,thermal,0,0.40995144844055176
7182,candidate_005,met_station_core;surface_temp_ir;cr1000xe_backbone,1.8904,calm,thermal,0,0.3870212137699127
7182,candidate_005,met_station_core;surface_temp_ir;cr1000xe_backbone,1.8904,calm,thermal,0,0.35718274116516113
7182,candidate_005,met_station_core;surface_temp_ir;cr1000xe_backbone,1.8904,calm,thermal,0,0.3468586206436157
7182,candidate_005,met_station_core;surface_temp_ir;cr1000xe_backbone,1.8904,calm,thermal,0,0.3544326424598694
7182,candidate_005,met_station_core;surface_temp_ir;cr1000xe_backbone,1.8904,calm,thermal,0,0.3409079313278198
7182,candidate_005,met_station_core;surface_temp_ir;cr1000xe_backbone,1.8904,calm,thermal,0,0.320655882358551
7182,candidate_005,met_station_core;surface_temp_ir;cr1000xe_backbone,1.8904,thermal,thermal,3,0.31533265113830566
7182,candidate_005,met_station_core;surface_temp_ir;cr1000xe_backbone,1.8904,thermal,thermal,3,0.32342004776000977
7182,candidate_005,met_station_core;surface_temp_ir;cr1000xe_backbone,1.8904,thermal,thermal,3,0.3377712368965149
7182,candidate_005,met_station_core;surface_temp_ir;cr1000xe_backbone,1.8904,thermal,transport,3,0.28391849994659424
7182,candidate_005,met_station_core;surface_temp_ir;cr1000xe_backbone,1.8904,thermal,transport,3,0.24324940145015717
7182,candidate_005,met_station_core;surface_temp_ir;cr1000xe_backbone,1.8904,thermal,transport,3,0.217527374625206
7182,candidate_005,met_station_core;surface_temp_ir;cr1000xe_backbone,1.8904,thermal,transport,3,0.2398233264684677
7182,candidate_005,met_station_core;surface_temp_ir;cr1000xe_backbone,1.8904,thermal,transport,3,0.24069248139858246
7182,candidate_005,met_station_core;surface_temp_ir;cr1000xe_backbone,1.8904,thermal,transport,3,0.24499700963497162
7182,candidate_005,met_station_core;surface_temp_ir;cr1000xe_backbone,1.8904,thermal,transport,3,0.25421038269996643
7182,candidate_005,met_station_core;surface_temp_ir;cr1000xe_backbone,1.8904,thermal,transport,3,0.24879252910614014
7182,candidate_005,met_station_core;surface_temp_ir;cr1000xe_backbone,1.8904,thermal,transport,3,0.2619740068912506
7182,candidate_005,met_station_core;surface_temp_ir;cr1000xe_backbone,1.8904,thermal,transport,3,0.2631129324436188
7182,candidate_005,met_station_core;surface_temp_ir;cr1000xe_backbone,1.8904,thermal,transport,3,0.23946668207645416
7182,candidate_005,met_station_core;surface_temp_ir;cr1000xe_backbone,1.8904,thermal,transport,3,0.2632928788661957
7182,candidate_005,met_station_core;surface_temp_ir;cr1000xe_backbone,1.8904,thermal,transport,3,0.29897022247314453
7182,candidate_005,met_station_core;surface_temp_ir;cr1000xe_backbone,1.8904,thermal,transport,3,0.26868608593940735
7182,candidate_005,met_station_core;surface_temp_ir;cr1000xe_backbone,1.8904,thermal,transport,3,0.21865397691726685
7182,candidate_005,met_station_core;surface_temp_ir;cr1000xe_backbone,1.8904,thermal,transport,3,0.22923137247562408
7182,candidate_005,met_station_core;surface_temp_ir;cr1000xe_backbone,1.8904,thermal,transport,3,0.26546525955200195
7182,candidate_005,met_station_core;surface_temp_ir;cr1000xe_backbone,1.8904,thermal,transport,3,0.24380846321582794
7182,candidate_005,met_station_core;surface_temp_ir;cr1000xe_backbone,1.8904,thermal,transport,3,0.22332076728343964
7182,candidate_005,met_station_core;surface_temp_ir;cr1000xe_backbone,1.8904,thermal,transport,3,0.23760123550891876
7182,candidate_005,met_station_core;surface_temp_ir;cr1000xe_backbone,1.8904,thermal,transport,3,0.24097397923469543
7182,candidate_005,met_station_core;surface_temp_ir;cr1000xe_backbone,1.8904,thermal,transport,3,0.2453797161579132
7182,candidate_005,met_station_core;surface_temp_ir;cr1000xe_backbone,1.8904,thermal,transport,3,0.2692924439907074
7182,candidate_005,met_station_core;surface_temp_ir;cr1000xe_backbone,1.8904,thermal,transport,3,0.3102132976055145
7182,candidate_005,met_station_core;surface_temp_ir;cr1000xe_backbone,1.8904,calm,thermal,0,0.717289388179779
7182,candidate_005,met_station_core;surface_temp_ir;cr1000xe_backbone,1.8904,particle,thermal,1,0.44622889161109924
7182,candidate_005,met_station_core;surface_temp_ir;cr1000xe_backbone,1.8904,particle,thermal,1,0.45494145154953003
7182,candidate_005,met_station_core;surface_temp_ir;cr1000xe_backbone,1.8904,particle,thermal,1,0.4203192889690399
7182,candidate_005,met_station_core;surface_temp_ir;cr1000xe_backbone,1.8904,particle,thermal,1,0.2537378668785095
7182,candidate_005,met_station_core;surface_temp_ir;cr1000xe_backbone,1.8904,particle,thermal,1,0.30440935492515564
7182,candidate_005,met_station_core;surface_temp_ir;cr1000xe_backbone,1.8904,particle,thermal,1,0.22467248141765594
7182,candidate_005,met_station_core;surface_temp_ir;cr1000xe_backbone,1.8904,particle,thermal,1,0.4065522253513336
7182,candidate_005,met_station_core;surface_temp_ir;cr1000xe_backbone,1.8904,particle,thermal,1,0.2274826318025589
7182,candidate_005,met_station_core;surface_temp_ir;cr1000xe_backbone,1.8904,particle,thermal,1,0.46928244829177856
7182,candidate_005,met_station_core;surface_temp_ir;cr1000xe_backbone,1.8904,particle,thermal,1,0.3490627706050873
7182,candidate_005,met_station_core;surface_temp_ir;cr1000xe_backbone,1.8904,particle,thermal,1,0.3445209264755249
7182,candidate_005,met_station_core;surface_temp_ir;cr1000xe_backbone,1.8904,particle,thermal,1,0.2442631870508194
7182,candidate_005,met_station_core;surface_temp_ir;cr1000xe_backbone,1.8904,particle,thermal,1,0.27084067463874817
7182,candidate_005,met_station_core;surface_temp_ir;cr1000xe_backbone,1.8904,particle,thermal,1,0.1622103899717331
7182,candidate_005,met_station_core;surface_temp_ir;cr1000xe_backbone,1.8904,particle,transport,1,0.1781398355960846
7182,candidate_005,met_station_core;surface_temp_ir;cr1000xe_backbone,1.8904,particle,transport,1,0.196625217795372
7182,candidate_005,met_station_core;surface_temp_ir;cr1000xe_backbone,1.8904,particle,transport,1,0.1873622089624405
7182,candidate_005,met_station_core;surface_temp_ir;cr1000xe_backbone,1.8904,particle,transport,1,0.18424440920352936
7182,candidate_005,met_station_core;surface_temp_ir;cr1000xe_backbone,1.8904,particle,transport,1,0.2572261095046997
7182,candidate_005,met_station_core;surface_temp_ir;cr1000xe_backbone,1.8904,particle,transport,1,0.1837988942861557
7182,candidate_005,met_station_core;surface_temp_ir;cr1000xe_backbone,1.8904,particle,transport,1,0.2440912425518036
7182,candidate_005,met_station_core;surface_temp_ir;cr1000xe_backbone,1.8904,particle,transport,1,0.25488293170928955
7182,candidate_005,met_station_core;surface_temp_ir;cr1000xe_backbone,1.8904,particle,transport,1,0.26831912994384766
7182,candidate_005,met_station_core;surface_temp_ir;cr1000xe_backbone,1.8904,particle,transport,1,0.28557074069976807
7182,candidate_005,met_station_core;surface_temp_ir;cr1000xe_backbone,1.8904,particle,transport,1,0.29437747597694397
7182,candidate_005,met_station_core;surface_temp_ir;cr1000xe_backbone,1.8904,particle,transport,1,0.2974555790424347
7182,candidate_005,met_station_core;surface_temp_ir;cr1000xe_backbone,1.8904,particle,transport,1,0.2984665036201477
7182,candidate_005,met_station_core;surface_temp_ir;cr1000xe_backbone,1.8904,particle,transport,1,0.309326171875
7182,candidate_005,met_station_core;surface_temp_ir;cr1000xe_backbone,1.8904,particle,transport,1,0.30769863724708557
7182,candidate_005,met_station_core;surface_temp_ir;cr1000xe_backbone,1.8904,particle,transport,1,0.2774050235748291
7182,candidate_005,met_station_core;surface_temp_ir;cr1000xe_backbone,1.8904,particle,transport,1,0.20937322080135345
7182,candidate_005,met_station_core;surface_temp_ir;cr1000xe_backbone,1.8904,particle,transport,1,0.21748647093772888
7182,candidate_005,met_station_core;surface_temp_ir;cr1000xe_backbone,1.8904,particle,transport,1,0.21649502217769623
7182,candidate_005,met_station_core;surface_temp_ir;cr1000xe_backbone,1.8904,particle,transport,1,0.18012063205242157
7182,candidate_005,met_station_core;surface_temp_ir;cr1000xe_backbone,1.8904,particle,transport,1,0.20464089512825012
7182,candidate_005,met_station_core;surface_temp_ir;cr1000xe_backbone,1.8904,particle,transport,1,0.24868963658809662
7182,candidate_005,met_station_core;surface_temp_ir;cr1000xe_backbone,1.8904,particle,transport,1,0.2428869754076004
7182,candidate_005,met_station_core;surface_temp_ir;cr1000xe_backbone,1.8904,particle,transport,1,0.19429388642311096
7182,candidate_005,met_station_core;surface_temp_ir;cr1000xe_backbone,1.8904,particle,transport,1,0.25168919563293457
7182,candidate_005,met_station_core;surface_temp_ir;cr1000xe_backbone,1.8904,particle,transport,1,0.24866370856761932
7182,candidate_005,met_station_core;surface_temp_ir;cr1000xe_backbone,1.8904,particle,transport,1,0.24970608949661255
7182,candidate_005,met_station_core;surface_temp_ir;cr1000xe_backbone,1.8904,particle,transport,1,0.25012296438217163
7182,candidate_005,met_station_core;surface_temp_ir;cr1000xe_backbone,1.8904,particle,particle,1,0.26492902636528015
7182,candidate_005,met_station_core;surface_temp_ir;cr1000xe_backbone,1.8904,particle,particle,1,0.25541073083877563
7182,candidate_005,met_station_core;surface_temp_ir;cr1000xe_backbone,1.8904,particle,particle,1,0.25672629475593567
7182,candidate_005,met_station_core;surface_temp_ir;cr1000xe_backbone,1.8904,particle,particle,1,0.22117222845554352
7182,candidate_005,met_station_core;surface_temp_ir;cr1000xe_backbone,1.8904,particle,particle,1,0.25665879249572754
7182,candidate_005,met_station_core;surface_temp_ir;cr1000xe_backbone,1.8904,particle,particle,1,0.21491047739982605
7182,candidate_005,met_station_core;surface_temp_ir;cr1000xe_backbone,1.8904,particle,particle,1,0.24659959971904755
7182,candidate_005,met_station_core;surface_temp_ir;cr1000xe_backbone,1.8904,particle,particle,1,0.298819363117218
7182,candidate_005,met_station_core;surface_temp_ir;cr1000xe_backbone,1.8904,particle,particle,1,0.29968640208244324
7182,candidate_005,met_station_core;surface_temp_ir;cr1000xe_backbone,1.8904,particle,particle,1,0.27462318539619446
7182,candidate_005,met_station_core;surface_temp_ir;cr1000xe_backbone,1.8904,particle,particle,1,0.2805268168449402
7182,candidate_005,met_station_core;surface_temp_ir;cr1000xe_backbone,1.8904,particle,particle,1,0.2610771656036377
7182,candidate_005,met_station_core;surface_temp_ir;cr1000xe_backbone,1.8904,particle,particle,1,0.26274099946022034
7182,candidate_005,met_station_core;surface_temp_ir;cr1000xe_backbone,1.8904,particle,particle,1,0.25358644127845764
7182,candidate_005,met_station_core;surface_temp_ir;cr1000xe_backbone,1.8904,particle,particle,1,0.2640761137008667
7182,candidate_005,met_station_core;surface_temp_ir;cr1000xe_backbone,1.8904,particle,particle,1,0.2900039851665497
7182,candidate_005,met_station_core;surface_temp_ir;cr1000xe_backbone,1.8904,particle,particle,1,0.2852880358695984
7182,candidate_005,met_station_core;surface_temp_ir;cr1000xe_backbone,1.8904,calm,particle,0,0.2706974148750305
7182,candidate_005,met_station_core;surface_temp_ir;cr1000xe_backbone,1.8904,calm,particle,0,0.2701265811920166
7182,candidate_005,met_station_core;surface_temp_ir;cr1000xe_backbone,1.8904,calm,particle,0,0.26736173033714294
7182,candidate_005,met_station_core;surface_temp_ir;cr1000xe_backbone,1.8904,calm,particle,0,0.20685288310050964
7182,candidate_005,met_station_core;surface_temp_ir;cr1000xe_backbone,1.8904,calm,particle,0,0.2009458988904953
7182,candidate_005,met_station_core;surface_temp_ir;cr1000xe_backbone,1.8904,calm,particle,0,0.1687178909778595
7182,candidate_005,met_station_core;surface_temp_ir;cr1000xe_backbone,1.8904,calm,particle,0,0.19998480379581451
7182,candidate_005,met_station_core;surface_temp_ir;cr1000xe_backbone,1.8904,calm,particle,0,0.21440622210502625
7182,candidate_005,met_station_core;surface_temp_ir;cr1000xe_backbone,1.8904,calm,particle,0,0.22071366012096405
7182,candidate_005,met_station_core;surface_temp_ir;cr1000xe_backbone,1.8904,calm,particle,0,0.2273642122745514
7182,candidate_005,met_station_core;surface_temp_ir;cr1000xe_backbone,1.8904,calm,particle,0,0.24556821584701538
7182,candidate_005,met_station_core;surface_temp_ir;cr1000xe_backbone,1.8904,calm,particle,0,0.3046082556247711
7182,candidate_005,met_station_core;surface_temp_ir;cr1000xe_backbone,1.8904,calm,particle,0,0.3231782019138336
7182,candidate_005,met_station_core;surface_temp_ir;cr1000xe_backbone,1.8904,calm,particle,0,0.3544149696826935
7182,candidate_005,met_station_core;surface_temp_ir;cr1000xe_backbone,1.8904,particle,particle,1,0.29163143038749695
7182,candidate_005,met_station_core;surface_temp_ir;cr1000xe_backbone,1.8904,particle,particle,1,0.3552907705307007
7182,candidate_005,met_station_core;surface_temp_ir;cr1000xe_backbone,1.8904,particle,particle,1,0.36605119705200195
7182,candidate_005,met_station_core;surface_temp_ir;cr1000xe_backbone,1.8904,particle,particle,1,0.3750244379043579
7182,candidate_005,met_station_core;surface_temp_ir;cr1000xe_backbone,1.8904,particle,thermal,1,0.29110121726989746
7182,candidate_005,met_station_core;surface_temp_ir;cr1000xe_backbone,1.8904,particle,thermal,1,0.2678113877773285
7182,candidate_005,met_station_core;surface_temp_ir;cr1000xe_backbone,1.8904,particle,thermal,1,0.2909730076789856
7182,candidate_005,met_station_core;surface_temp_ir;cr1000xe_backbone,1.8904,particle,thermal,1,0.2997913658618927
7182,candidate_005,met_station_core;surface_temp_ir;cr1000xe_backbone,1.8904,particle,thermal,1,0.34710413217544556
7182,candidate_005,met_station_core;surface_temp_ir;cr1000xe_backbone,1.8904,particle,thermal,1,0.37054914236068726
7182,candidate_005,met_station_core;surface_temp_ir;cr1000xe_backbone,1.8904,particle,thermal,1,0.4215213656425476
7182,candidate_005,met_station_core;surface_temp_ir;cr1000xe_backbone,1.8904,particle,thermal,1,0.4283134639263153
7182,candidate_005,met_station_core;surface_temp_ir;cr1000xe_backbone,1.8904,particle,thermal,1,0.3824337124824524
7182,candidate_005,met_station_core;surface_temp_ir;cr1000xe_backbone,1.8904,particle,thermal,1,0.3658934235572815
7182,candidate_005,met_station_core;surface_temp_ir;cr1000xe_backbone,1.8904,particle,thermal,1,0.32918843626976013
7182,candidate_005,met_station_core;surface_temp_ir;cr1000xe_backbone,1.8904,particle,thermal,1,0.3250133693218231
7182,candidate_005,met_station_core;surface_temp_ir;cr1000xe_backbone,1.8904,particle,thermal,1,0.30850279331207275
7182,candidate_005,met_station_core;surface_temp_ir;cr1000xe_backbone,1.8904,particle,thermal,1,0.36739668250083923
7182,candidate_005,met_station_core;surface_temp_ir;cr1000xe_backbone,1.8904,particle,thermal,1,0.41044825315475464
7182,candidate_005,met_station_core;surface_temp_ir;cr1000xe_backbone,1.8904,particle,thermal,1,0.35053595900535583
7182,candidate_005,met_station_core;surface_temp_ir;cr1000xe_backbone,1.8904,particle,thermal,1,0.3263455033302307
7182,candidate_005,met_station_core;surface_temp_ir;cr1000xe_backbone,1.8904,particle,thermal,1,0.2725880742073059
7182,candidate_005,met_station_core;surface_temp_ir;cr1000xe_backbone,1.8904,particle,transport,1,0.2918742299079895
7182,candidate_005,met_station_core;surface_temp_ir;cr1000xe_backbone,1.8904,particle,transport,1,0.2365453839302063
7182,candidate_005,met_station_core;surface_temp_ir;cr1000xe_backbone,1.8904,particle,transport,1,0.24431286752223969
7182,candidate_005,met_station_core;surface_temp_ir;cr1000xe_backbone,1.8904,particle,transport,1,0.22222290933132172
7182,candidate_005,met_station_core;surface_temp_ir;cr1000xe_backbone,1.8904,particle,transport,1,0.20354591310024261
7182,candidate_005,met_station_core;surface_temp_ir;cr1000xe_backbone,1.8904,particle,transport,1,0.2237362563610077
7182,candidate_005,met_station_core;surface_temp_ir;cr1000xe_backbone,1.8904,particle,transport,1,0.1869834065437317
7182,candidate_005,met_station_core;surface_temp_ir;cr1000xe_backbone,1.8904,particle,transport,1,0.21225374937057495
7182,candidate_005,met_station_core;surface_temp_ir;cr1000xe_backbone,1.8904,particle,transport,1,0.20273032784461975
7182,candidate_005,met_station_core;surface_temp_ir;cr1000xe_backbone,1.8904,particle,transport,1,0.27480629086494446
7182,candidate_005,met_station_core;surface_temp_ir;cr1000xe_backbone,1.8904,particle,transport,1,0.3081718385219574
7182,candidate_005,met_station_core;surface_temp_ir;cr1000xe_backbone,1.8904,particle,transport,1,0.29486528038978577
7182,candidate_005,met_station_core;surface_temp_ir;cr1000xe_backbone,1.8904,particle,transport,1,0.25442934036254883
7182,candidate_005,met_station_core;surface_temp_ir;cr1000xe_backbone,1.8904,particle,transport,1,0.2640301585197449
7182,candidate_005,met_station_core;surface_temp_ir;cr1000xe_backbone,1.8904,calm,transport,0,0.2474740445613861
7182,candidate_005,met_station_core;surface_temp_ir;cr1000xe_backbone,1.8904,calm,transport,0,0.20305825769901276
7182,candidate_005,met_station_core;surface_temp_ir;cr1000xe_backbone,1.8904,calm,transport,0,0.27272266149520874
7182,candidate_005,met_station_core;surface_temp_ir;cr1000xe_backbone,1.8904,calm,transport,0,0.19756287336349487
7182,candidate_005,met_station_core;surface_temp_ir;cr1000xe_backbone,1.8904,calm,transport,0,0.24143287539482117
7182,candidate_005,met_station_core;surface_temp_ir;cr1000xe_backbone,1.8904,calm,transport,0,0.21036575734615326
7182,candidate_005,met_station_core;surface_temp_ir;cr1000xe_backbone,1.8904,calm,particle,0,0.2155269831418991
7182,candidate_005,met_station_core;surface_temp_ir;cr1000xe_backbone,1.8904,calm,particle,0,0.1892167180776596
7182,candidate_005,met_station_core;surface_temp_ir;cr1000xe_backbone,1.8904,calm,particle,0,0.20270267128944397
7182,candidate_005,met_station_core;surface_temp_ir;cr1000xe_backbone,1.8904,calm,particle,0,0.2256038933992386
7182,candidate_005,met_station_core;surface_temp_ir;cr1000xe_backbone,1.8904,calm,particle,0,0.22063228487968445
7182,candidate_005,met_station_core;surface_temp_ir;cr1000xe_backbone,1.8904,calm,particle,0,0.30456310510635376
7182,candidate_005,met_station_core;surface_temp_ir;cr1000xe_backbone,1.8904,calm,particle,0,0.24612006545066833
7182,candidate_005,met_station_core;surface_temp_ir;cr1000xe_backbone,1.8904,calm,particle,0,0.22899359464645386
7182,candidate_005,met_station_core;surface_temp_ir;cr1000xe_backbone,1.8904,flux,particle,2,0.2168654352426529
7182,candidate_005,met_station_core;surface_temp_ir;cr1000xe_backbone,1.8904,flux,particle,2,0.2573387026786804
7182,candidate_005,met_station_core;surface_temp_ir;cr1000xe_backbone,1.8904,flux,particle,2,0.18590569496154785
7182,candidate_005,met_station_core;surface_temp_ir;cr1000xe_backbone,1.8904,flux,particle,2,0.2180655598640442
7182,candidate_005,met_station_core;surface_temp_ir;cr1000xe_backbone,1.8904,flux,particle,2,0.20480823516845703
7182,candidate_005,met_station_core;surface_temp_ir;cr1000xe_backbone,1.8904,flux,particle,2,0.2050684541463852
7182,candidate_005,met_station_core;surface_temp_ir;cr1000xe_backbone,1.8904,flux,particle,2,0.23483380675315857
7182,candidate_005,met_station_core;surface_temp_ir;cr1000xe_backbone,1.8904,flux,particle,2,0.23128095269203186
7182,candidate_005,met_station_core;surface_temp_ir;cr1000xe_backbone,1.8904,flux,particle,2,0.2404465228319168
7182,candidate_005,met_station_core;surface_temp_ir;cr1000xe_backbone,1.8904,flux,particle,2,0.2949334681034088
7182,candidate_005,met_station_core;surface_temp_ir;cr1000xe_backbone,1.8904,flux,particle,2,0.3050054907798767
7182,candidate_005,met_station_core;surface_temp_ir;cr1000xe_backbone,1.8904,flux,particle,2,0.28902578353881836
7182,candidate_005,met_station_core;surface_temp_ir;cr1000xe_backbone,1.8904,flux,particle,2,0.3164764940738678
7182,candidate_005,met_station_core;surface_temp_ir;cr1000xe_backbone,1.8904,flux,particle,2,0.3406729996204376
7182,candidate_005,met_station_core;surface_temp_ir;cr1000xe_backbone,1.8904,flux,particle,2,0.3547264039516449
7182,candidate_005,met_station_core;surface_temp_ir;cr1000xe_backbone,1.8904,flux,particle,2,0.39948272705078125
7182,candidate_005,met_station_core;surface_temp_ir;cr1000xe_backbone,1.8904,flux,particle,2,0.4279949367046356
7182,candidate_005,met_station_core;surface_temp_ir;cr1000xe_backbone,1.8904,flux,thermal,2,0.2990095317363739
7182,candidate_005,met_station_core;surface_temp_ir;cr1000xe_backbone,1.8904,flux,thermal,2,0.2731874883174896
7182,candidate_005,met_station_core;surface_temp_ir;cr1000xe_backbone,1.8904,flux,thermal,2,0.2888438403606415
7182,candidate_005,met_station_core;surface_temp_ir;cr1000xe_backbone,1.8904,flux,thermal,2,0.22921520471572876
7182,candidate_005,met_station_core;surface_temp_ir;cr1000xe_backbone,1.8904,flux,thermal,2,0.24205783009529114
7182,candidate_005,met_station_core;surface_temp_ir;cr1000xe_backbone,1.8904,flux,thermal,2,0.2182178795337677
7182,candidate_005,met_station_core;surface_temp_ir;cr1000xe_backbone,1.8904,flux,thermal,2,0.25478193163871765
7182,candidate_005,met_station_core;surface_temp_ir;cr1000xe_backbone,1.8904,flux,thermal,2,0.27819421887397766
7182,candidate_005,met_station_core;surface_temp_ir;cr1000xe_backbone,1.8904,flux,thermal,2,0.35872799158096313
7182,candidate_005,met_station_core;surface_temp_ir;cr1000xe_backbone,1.8904,flux,thermal,2,0.32873260974884033
7182,candidate_005,met_station_core;surface_temp_ir;cr1000xe_backbone,1.8904,flux,thermal,2,0.35530197620391846
7182,candidate_005,met_station_core;surface_temp_ir;cr1000xe_backbone,1.8904,flux,thermal,2,0.36555933952331543
7182,candidate_005,met_station_core;surface_temp_ir;cr1000xe_backbone,1.8904,flux,thermal,2,0.36705467104911804
7182,candidate_005,met_station_core;surface_temp_ir;cr1000xe_backbone,1.8904,flux,thermal,2,0.42106038331985474
7182,candidate_005,met_station_core;surface_temp_ir;cr1000xe_backbone,1.8904,flux,thermal,2,0.3786131739616394
7182,candidate_005,met_station_core;surface_temp_ir;cr1000xe_backbone,1.8904,flux,thermal,2,0.3584587574005127
7182,candidate_005,met_station_core;surface_temp_ir;cr1000xe_backbone,1.8904,flux,thermal,2,0.36556243896484375
7182,candidate_005,met_station_core;surface_temp_ir;cr1000xe_backbone,1.8904,flux,thermal,2,0.36088743805885315
7182,candidate_005,met_station_core;surface_temp_ir;cr1000xe_backbone,1.8904,flux,thermal,2,0.35493478178977966
7182,candidate_005,met_station_core;surface_temp_ir;cr1000xe_backbone,1.8904,flux,thermal,2,0.29348593950271606
7182,candidate_005,met_station_core;surface_temp_ir;cr1000xe_backbone,1.8904,flux,thermal,2,0.3038722276687622
7182,candidate_005,met_station_core;surface_temp_ir;cr1000xe_backbone,1.8904,flux,thermal,2,0.24966204166412354
7182,candidate_005,met_station_core;surface_temp_ir;cr1000xe_backbone,1.8904,flux,thermal,2,0.24148721992969513
7182,candidate_005,met_station_core;surface_temp_ir;cr1000xe_backbone,1.8904,flux,thermal,2,0.26448795199394226
7182,candidate_005,met_station_core;surface_temp_ir;cr1000xe_backbone,1.8904,flux,thermal,2,0.2689867615699768
7182,candidate_005,met_station_core;surface_temp_ir;cr1000xe_backbone,1.8904,flux,thermal,2,0.3178621828556061
7182,candidate_005,met_station_core;surface_temp_ir;cr1000xe_backbone,1.8904,flux,thermal,2,0.34366539120674133
7182,candidate_005,met_station_core;surface_temp_ir;cr1000xe_backbone,1.8904,flux,transport,2,0.33972132205963135
7182,candidate_005,met_station_core;surface_temp_ir;cr1000xe_backbone,1.8904,flux,transport,2,0.29145917296409607
7182,candidate_005,met_station_core;surface_temp_ir;cr1000xe_backbone,1.8904,flux,transport,2,0.3017019033432007
7182,candidate_005,met_station_core;surface_temp_ir;cr1000xe_backbone,1.8904,flux,transport,2,0.23469583690166473
7182,candidate_005,met_station_core;surface_temp_ir;cr1000xe_backbone,1.8904,calm,transport,0,0.25206446647644043
7182,candidate_005,met_station_core;surface_temp_ir;cr1000xe_backbone,1.8904,calm,transport,0,0.23875394463539124
7182,candidate_005,met_station_core;surface_temp_ir;cr1000xe_backbone,1.8904,calm,transport,0,0.2481316775083542
7182,candidate_005,met_station_core;surface_temp_ir;cr1000xe_backbone,1.8904,calm,transport,0,0.25059595704078674
7182,candidate_005,met_station_core;surface_temp_ir;cr1000xe_backbone,1.8904,calm,transport,0,0.22914080321788788
7182,candidate_005,met_station_core;surface_temp_ir;cr1000xe_backbone,1.8904,calm,transport,0,0.20997267961502075
7182,candidate_005,met_station_core;surface_temp_ir;cr1000xe_backbone,1.8904,calm,transport,0,0.1965097188949585
7182,candidate_005,met_station_core;surface_temp_ir;cr1000xe_backbone,1.8904,calm,transport,0,0.2095198631286621
7182,candidate_005,met_station_core;surface_temp_ir;cr1000xe_backbone,1.8904,calm,transport,0,0.25055238604545593
7182,candidate_005,met_station_core;surface_temp_ir;cr1000xe_backbone,1.8904,calm,transport,0,0.2584330141544342
7182,candidate_005,met_station_core;surface_temp_ir;cr1000xe_backbone,1.8904,calm,transport,0,0.2661075294017792
7182,candidate_005,met_station_core;surface_temp_ir;cr1000xe_backbone,1.8904,calm,transport,0,0.2863089144229889
7182,candidate_005,met_station_core;surface_temp_ir;cr1000xe_backbone,1.8904,calm,transport,0,0.3092736601829529
7182,candidate_005,met_station_core;surface_temp_ir;cr1000xe_backbone,1.8904,calm,transport,0,0.3014586269855499
7182,candidate_005,met_station_core;surface_temp_ir;cr1000xe_backbone,1.8904,thermal,transport,3,0.2448737472295761
7182,candidate_005,met_station_core;surface_temp_ir;cr1000xe_backbone,1.8904,thermal,transport,3,0.22354795038700104
7182,candidate_005,met_station_core;surface_temp_ir;cr1000xe_backbone,1.8904,thermal,transport,3,0.19575826823711395
7182,candidate_005,met_station_core;surface_temp_ir;cr1000xe_backbone,1.8904,thermal,transport,3,0.18092034757137299
7182,candidate_005,met_station_core;surface_temp_ir;cr1000xe_backbone,1.8904,thermal,particle,3,0.1730707883834839
7182,candidate_005,met_station_core;surface_temp_ir;cr1000xe_backbone,1.8904,thermal,particle,3,0.2096860259771347
7182,candidate_005,met_station_core;surface_temp_ir;cr1000xe_backbone,1.8904,thermal,particle,3,0.15282873809337616
7182,candidate_005,met_station_core;surface_temp_ir;cr1000xe_backbone,1.8904,thermal,particle,3,0.15421192348003387
7182,candidate_005,met_station_core;surface_temp_ir;cr1000xe_backbone,1.8904,thermal,particle,3,0.16003403067588806
7182,candidate_005,met_station_core;surface_temp_ir;cr1000xe_backbone,1.8904,thermal,particle,3,0.17634595930576324
7182,candidate_005,met_station_core;surface_temp_ir;cr1000xe_backbone,1.8904,thermal,particle,3,0.16499051451683044
7182,candidate_005,met_station_core;surface_temp_ir;cr1000xe_backbone,1.8904,thermal,particle,3,0.17574869096279144
7182,candidate_005,met_station_core;surface_temp_ir;cr1000xe_backbone,1.8904,thermal,particle,3,0.15148578584194183
7182,candidate_005,met_station_core;surface_temp_ir;cr1000xe_backbone,1.8904,thermal,particle,3,0.14219346642494202
7182,candidate_005,met_station_core;surface_temp_ir;cr1000xe_backbone,1.8904,thermal,particle,3,0.14780129492282867
7182,candidate_005,met_station_core;surface_temp_ir;cr1000xe_backbone,1.8904,thermal,particle,3,0.12443606555461884
7182,candidate_005,met_station_core;surface_temp_ir;cr1000xe_backbone,1.8904,thermal,particle,3,0.19376713037490845
7182,candidate_005,met_station_core;surface_temp_ir;cr1000xe_backbone,1.8904,thermal,particle,3,0.13093984127044678
7182,candidate_005,met_station_core;surface_temp_ir;cr1000xe_backbone,1.8904,thermal,particle,3,0.18575872480869293
7182,candidate_005,met_station_core;surface_temp_ir;cr1000xe_backbone,1.8904,thermal,particle,3,0.19752676784992218
7182,candidate_005,met_station_core;surface_temp_ir;cr1000xe_backbone,1.8904,thermal,particle,3,0.25513479113578796
7182,candidate_005,met_station_core;surface_temp_ir;cr1000xe_backbone,1.8904,thermal,particle,3,0.17910897731781006
7182,candidate_005,met_station_core;surface_temp_ir;cr1000xe_backbone,1.8904,thermal,particle,3,0.2103937864303589
7182,candidate_005,met_station_core;surface_temp_ir;cr1000xe_backbone,1.8904,thermal,particle,3,0.1978222131729126
7182,candidate_005,met_station_core;surface_temp_ir;cr1000xe_backbone,1.8904,thermal,particle,3,0.20379790663719177
7182,candidate_005,met_station_core;surface_temp_ir;cr1000xe_backbone,1.8904,thermal,particle,3,0.1587771624326706
7182,candidate_005,met_station_core;surface_temp_ir;cr1000xe_backbone,1.8904,thermal,particle,3,0.161652609705925
7182,candidate_005,met_station_core;surface_temp_ir;cr1000xe_backbone,1.8904,thermal,particle,3,0.19395071268081665
7182,candidate_005,met_station_core;surface_temp_ir;cr1000xe_backbone,1.8904,thermal,particle,3,0.18601004779338837
7182,candidate_005,met_station_core;surface_temp_ir;cr1000xe_backbone,1.8904,thermal,particle,3,0.19938184320926666
7182,candidate_005,met_station_core;surface_temp_ir;cr1000xe_backbone,1.8904,thermal,particle,3,0.1792386770248413
7182,candidate_005,met_station_core;surface_temp_ir;cr1000xe_backbone,1.8904,thermal,particle,3,0.19580665230751038
7182,candidate_005,met_station_core;surface_temp_ir;cr1000xe_backbone,1.8904,thermal,particle,3,0.23551711440086365
7182,candidate_005,met_station_core;surface_temp_ir;cr1000xe_backbone,1.8904,thermal,particle,3,0.30019158124923706
7182,candidate_005,met_station_core;surface_temp_ir;cr1000xe_backbone,1.8904,thermal,particle,3,0.2783418595790863
7182,candidate_005,met_station_core;surface_temp_ir;cr1000xe_backbone,1.8904,thermal,particle,3,0.3433411121368408
7182,candidate_005,met_station_core;surface_temp_ir;cr1000xe_backbone,1.8904,thermal,particle,3,0.33019763231277466
7182,candidate_005,met_station_core;surface_temp_ir;cr1000xe_backbone,1.8904,thermal,particle,3,0.3585071861743927
7182,candidate_005,met_station_core;surface_temp_ir;cr1000xe_backbone,1.8904,thermal,particle,3,0.42284008860588074
7182,candidate_005,met_station_core;surface_temp_ir;cr1000xe_backbone,1.8904,thermal,particle,3,0.45639142394065857
7182,candidate_005,met_station_core;surface_temp_ir;cr1000xe_backbone,1.8904,thermal,thermal,3,0.306454598903656
7182,candidate_005,met_station_core;surface_temp_ir;cr1000xe_backbone,1.8904,thermal,thermal,3,0.2725389897823334
7182,candidate_005,met_station_core;surface_temp_ir;cr1000xe_backbone,1.8904,thermal,thermal,3,0.31528177857398987
7182,candidate_005,met_station_core;surface_temp_ir;cr1000xe_backbone,1.8904,thermal,thermal,3,0.2686300575733185
7182,candidate_005,met_station_core;surface_temp_ir;cr1000xe_backbone,1.8904,thermal,thermal,3,0.3116947412490845
7182,candidate_005,met_station_core;surface_temp_ir;cr1000xe_backbone,1.8904,thermal,thermal,3,0.3881649076938629
7182,candidate_005,met_station_core;surface_temp_ir;cr1000xe_backbone,1.8904,thermal,thermal,3,0.4008280336856842
7182,candidate_005,met_station_core;surface_temp_ir;cr1000xe_backbone,1.8904,thermal,thermal,3,0.39323660731315613
7182,candidate_005,met_station_core;surface_temp_ir;cr1000xe_backbone,1.8904,thermal,thermal,3,0.36237433552742004
7182,candidate_005,met_station_core;surface_temp_ir;cr1000xe_backbone,1.8904,thermal,thermal,3,0.312029629945755
7182,candidate_005,met_station_core;surface_temp_ir;cr1000xe_backbone,1.8904,thermal,thermal,3,0.271593302488327
7182,candidate_005,met_station_core;surface_temp_ir;cr1000xe_backbone,1.8904,thermal,thermal,3,0.2638320028781891
7182,candidate_005,met_station_core;surface_temp_ir;cr1000xe_backbone,1.8904,thermal,thermal,3,0.25824010372161865
7182,candidate_005,met_station_core;surface_temp_ir;cr1000xe_backbone,1.8904,thermal,thermal,3,0.2930839955806732
7182,candidate_005,met_station_core;surface_temp_ir;cr1000xe_backbone,1.8904,thermal,thermal,3,0.323906809091568
7182,candidate_005,met_station_core;surface_temp_ir;cr1000xe_backbone,1.8904,thermal,thermal,3,0.32744571566581726
7182,candidate_005,met_station_core;surface_temp_ir;cr1000xe_backbone,1.8904,calm,thermal,0,0.2145971804857254
7182,candidate_005,met_station_core;surface_temp_ir;cr1000xe_backbone,1.8904,calm,thermal,0,0.20960476994514465
7182,candidate_005,met_station_core;surface_temp_ir;cr1000xe_backbone,1.8904,calm,thermal,0,0.194913849234581
7182,candidate_005,met_station_core;surface_temp_ir;cr1000xe_backbone,1.8904,calm,thermal,0,0.18871934711933136
7182,candidate_005,met_station_core;surface_temp_ir;cr1000xe_backbone,1.8904,calm,thermal,0,0.1927643120288849
7182,candidate_005,met_station_core;surface_temp_ir;cr1000xe_backbone,1.8904,calm,thermal,0,0.2698688805103302
7182,candidate_005,met_station_core;surface_temp_ir;cr1000xe_backbone,1.8904,calm,thermal,0,0.2559283971786499
7182,candidate_005,met_station_core;surface_temp_ir;cr1000xe_backbone,1.8904,calm,thermal,0,0.2060728371143341
7182,candidate_005,met_station_core;surface_temp_ir;cr1000xe_backbone,1.8904,calm,thermal,0,0.15656231343746185
7182,candidate_005,met_station_core;surface_temp_ir;cr1000xe_backbone,1.8904,calm,thermal,0,0.18427269160747528
7182,candidate_005,met_station_core;surface_temp_ir;cr1000xe_backbone,1.8904,calm,thermal,0,0.1612071543931961
7182,candidate_005,met_station_core;surface_temp_ir;cr1000xe_backbone,1.8904,calm,transport,0,0.2032087743282318
7182,candidate_005,met_station_core;surface_temp_ir;cr1000xe_backbone,1.8904,thermal,transport,3,0.1891585737466812
7182,candidate_005,met_station_core;surface_temp_ir;cr1000xe_backbone,1.8904,thermal,transport,3,0.1870449185371399
7182,candidate_006,radiometer_basic;surface_temp_ir;cr1000xe_backbone,1.8504,calm,thermal,0,1.072939395904541
7182,candidate_006,radiometer_basic;surface_temp_ir;cr1000xe_backbone,1.8504,calm,thermal,0,0.7910027503967285
7182,candidate_006,radiometer_basic;surface_temp_ir;cr1000xe_backbone,1.8504,calm,thermal,0,0.8943555951118469
7182,candidate_006,radiometer_basic;surface_temp_ir;cr1000xe_backbone,1.8504,calm,thermal,0,0.9781659841537476
7182,candidate_006,radiometer_basic;surface_temp_ir;cr1000xe_backbone,1.8504,calm,thermal,0,0.8647984862327576
7182,candidate_006,radiometer_basic;surface_temp_ir;cr1000xe_backbone,1.8504,calm,thermal,0,0.7631703615188599
7182,candidate_006,radiometer_basic;surface_temp_ir;cr1000xe_backbone,1.8504,calm,thermal,0,0.751928985118866
7182,candidate_006,radiometer_basic;surface_temp_ir;cr1000xe_backbone,1.8504,calm,thermal,0,0.7336724400520325
7182,candidate_006,radiometer_basic;surface_temp_ir;cr1000xe_backbone,1.8504,calm,thermal,0,0.7036330103874207
7182,candidate_006,radiometer_basic;surface_temp_ir;cr1000xe_backbone,1.8504,calm,thermal,0,0.7584587931632996
7182,candidate_006,radiometer_basic;surface_temp_ir;cr1000xe_backbone,1.8504,calm,thermal,0,0.7724093198776245
7182,candidate_006,radiometer_basic;surface_temp_ir;cr1000xe_backbone,1.8504,calm,transport,0,0.7730487585067749
7182,candidate_006,radiometer_basic;surface_temp_ir;cr1000xe_backbone,1.8504,calm,transport,0,0.7187435626983643
7182,candidate_006,radiometer_basic;surface_temp_ir;cr1000xe_backbone,1.8504,calm,transport,0,0.7277867197990417
7182,candidate_006,radiometer_basic;surface_temp_ir;cr1000xe_backbone,1.8504,calm,transport,0,0.7114444375038147
7182,candidate_006,radiometer_basic;surface_temp_ir;cr1000xe_backbone,1.8504,calm,transport,0,0.7221388816833496
7182,candidate_006,radiometer_basic;surface_temp_ir;cr1000xe_backbone,1.8504,calm,transport,0,0.6600398421287537
7182,candidate_006,radiometer_basic;surface_temp_ir;cr1000xe_backbone,1.8504,calm,transport,0,0.6547641754150391
7182,candidate_006,radiometer_basic;surface_temp_ir;cr1000xe_backbone,1.8504,calm,transport,0,0.6539812684059143
7182,candidate_006,radiometer_basic;surface_temp_ir;cr1000xe_backbone,1.8504,calm,transport,0,0.6493098139762878
7182,candidate_006,radiometer_basic;surface_temp_ir;cr1000xe_backbone,1.8504,calm,transport,0,0.6957160234451294
7182,candidate_006,radiometer_basic;surface_temp_ir;cr1000xe_backbone,1.8504,calm,transport,0,0.6701844930648804
7182,candidate_006,radiometer_basic;surface_temp_ir;cr1000xe_backbone,1.8504,calm,transport,0,0.7081086039543152
7182,candidate_006,radiometer_basic;surface_temp_ir;cr1000xe_backbone,1.8504,calm,transport,0,0.6904336214065552
7182,candidate_006,radiometer_basic;surface_temp_ir;cr1000xe_backbone,1.8504,calm,transport,0,0.7451944947242737
7182,candidate_006,radiometer_basic;surface_temp_ir;cr1000xe_backbone,1.8504,calm,transport,0,0.7424139380455017
7182,candidate_006,radiometer_basic;surface_temp_ir;cr1000xe_backbone,1.8504,calm,transport,0,0.7159727215766907
7182,candidate_006,radiometer_basic;surface_temp_ir;cr1000xe_backbone,1.8504,calm,transport,0,0.7699797749519348
7182,candidate_006,radiometer_basic;surface_temp_ir;cr1000xe_backbone,1.8504,calm,transport,0,0.7969205975532532
7182,candidate_006,radiometer_basic;surface_temp_ir;cr1000xe_backbone,1.8504,calm,transport,0,0.8224674463272095
7182,candidate_006,radiometer_basic;surface_temp_ir;cr1000xe_backbone,1.8504,calm,transport,0,0.8097224235534668
7182,candidate_006,radiometer_basic;surface_temp_ir;cr1000xe_backbone,1.8504,calm,transport,0,0.7514936923980713
7182,candidate_006,radiometer_basic;surface_temp_ir;cr1000xe_backbone,1.8504,calm,transport,0,0.7177311778068542
7182,candidate_006,radiometer_basic;surface_temp_ir;cr1000xe_backbone,1.8504,calm,transport,0,0.7259767651557922
7182,candidate_006,radiometer_basic;surface_temp_ir;cr1000xe_backbone,1.8504,calm,transport,0,0.7263057827949524
7182,candidate_006,radiometer_basic;surface_temp_ir;cr1000xe_backbone,1.8504,calm,transport,0,0.6490235328674316
7182,candidate_006,radiometer_basic;surface_temp_ir;cr1000xe_backbone,1.8504,calm,transport,0,0.6366590261459351
7182,candidate_006,radiometer_basic;surface_temp_ir;cr1000xe_backbone,1.8504,calm,transport,0,0.6270533204078674
7182,candidate_006,radiometer_basic;surface_temp_ir;cr1000xe_backbone,1.8504,calm,transport,0,0.6636388897895813
7182,candidate_006,radiometer_basic;surface_temp_ir;cr1000xe_backbone,1.8504,calm,transport,0,0.6438125967979431
7182,candidate_006,radiometer_basic;surface_temp_ir;cr1000xe_backbone,1.8504,calm,transport,0,0.6353981494903564
7182,candidate_006,radiometer_basic;surface_temp_ir;cr1000xe_backbone,1.8504,calm,transport,0,0.6053688526153564
7182,candidate_006,radiometer_basic;surface_temp_ir;cr1000xe_backbone,1.8504,calm,transport,0,0.6188698410987854
7182,candidate_006,radiometer_basic;surface_temp_ir;cr1000xe_backbone,1.8504,calm,transport,0,0.6522939205169678
7182,candidate_006,radiometer_basic;surface_temp_ir;cr1000xe_backbone,1.8504,calm,particle,0,0.6470651030540466
7182,candidate_006,radiometer_basic;surface_temp_ir;cr1000xe_backbone,1.8504,calm,particle,0,0.667182445526123
7182,candidate_006,radiometer_basic;surface_temp_ir;cr1000xe_backbone,1.8504,calm,particle,0,0.6611550450325012
7182,candidate_006,radiometer_basic;surface_temp_ir;cr1000xe_backbone,1.8504,calm,particle,0,0.6419726014137268
7182,candidate_006,radiometer_basic;surface_temp_ir;cr1000xe_backbone,1.8504,calm,particle,0,0.6769405007362366
7182,candidate_006,radiometer_basic;surface_temp_ir;cr1000xe_backbone,1.8504,calm,particle,0,0.6590061783790588
7182,candidate_006,radiometer_basic;surface_temp_ir;cr1000xe_backbone,1.8504,calm,particle,0,0.6817125678062439
7182,candidate_006,radiometer_basic;surface_temp_ir;cr1000xe_backbone,1.8504,calm,particle,0,0.7275804877281189
7182,candidate_006,radiometer_basic;surface_temp_ir;cr1000xe_backbone,1.8504,calm,particle,0,0.7185069918632507
7182,candidate_006,radiometer_basic;surface_temp_ir;cr1000xe_backbone,1.8504,calm,particle,0,0.7656731605529785
7182,candidate_006,radiometer_basic;surface_temp_ir;cr1000xe_backbone,1.8504,calm,particle,0,0.7167213559150696
7182,candidate_006,radiometer_basic;surface_temp_ir;cr1000xe_backbone,1.8504,calm,particle,0,0.6361983418464661
7182,candidate_006,radiometer_basic;surface_temp_ir;cr1000xe_backbone,1.8504,calm,particle,0,0.6194984912872314
7182,candidate_006,radiometer_basic;surface_temp_ir;cr1000xe_backbone,1.8504,calm,particle,0,0.6652508974075317
7182,candidate_006,radiometer_basic;surface_temp_ir;cr1000xe_backbone,1.8504,calm,particle,0,0.6515802145004272
7182,candidate_006,radiometer_basic;surface_temp_ir;cr1000xe_backbone,1.8504,calm,particle,0,0.5876834392547607
7182,candidate_006,radiometer_basic;surface_temp_ir;cr1000xe_backbone,1.8504,calm,particle,0,0.5640338063240051
7182,candidate_006,radiometer_basic;surface_temp_ir;cr1000xe_backbone,1.8504,calm,particle,0,0.5611361265182495
7182,candidate_006,radiometer_basic;surface_temp_ir;cr1000xe_backbone,1.8504,calm,particle,0,0.5799903869628906
7182,candidate_006,radiometer_basic;surface_temp_ir;cr1000xe_backbone,1.8504,calm,particle,0,0.5530961751937866
7182,candidate_006,radiometer_basic;surface_temp_ir;cr1000xe_backbone,1.8504,calm,particle,0,0.551760733127594
7182,candidate_006,radiometer_basic;surface_temp_ir;cr1000xe_backbone,1.8504,calm,thermal,0,0.5240028500556946
7182,candidate_006,radiometer_basic;surface_temp_ir;cr1000xe_backbone,1.8504,calm,thermal,0,0.5814360976219177
7182,candidate_006,radiometer_basic;surface_temp_ir;cr1000xe_backbone,1.8504,calm,thermal,0,0.5883004665374756
7182,candidate_006,radiometer_basic;surface_temp_ir;cr1000xe_backbone,1.8504,calm,thermal,0,0.6228293776512146
7182,candidate_006,radiometer_basic;surface_temp_ir;cr1000xe_backbone,1.8504,calm,thermal,0,0.6074368357658386
7182,candidate_006,radiometer_basic;surface_temp_ir;cr1000xe_backbone,1.8504,calm,thermal,0,0.5956913828849792
7182,candidate_006,radiometer_basic;surface_temp_ir;cr1000xe_backbone,1.8504,calm,thermal,0,0.5935033559799194
7182,candidate_006,radiometer_basic;surface_temp_ir;cr1000xe_backbone,1.8504,calm,thermal,0,0.622175931930542
7182,candidate_006,radiometer_basic;surface_temp_ir;cr1000xe_backbone,1.8504,calm,thermal,0,0.6228403449058533
7182,candidate_006,radiometer_basic;surface_temp_ir;cr1000xe_backbone,1.8504,calm,thermal,0,0.6304476261138916
7182,candidate_006,radiometer_basic;surface_temp_ir;cr1000xe_backbone,1.8504,calm,thermal,0,0.706801176071167
7182,candidate_006,radiometer_basic;surface_temp_ir;cr1000xe_backbone,1.8504,calm,thermal,0,0.6712090969085693
7182,candidate_006,radiometer_basic;surface_temp_ir;cr1000xe_backbone,1.8504,calm,thermal,0,0.7156795263290405
7182,candidate_006,radiometer_basic;surface_temp_ir;cr1000xe_backbone,1.8504,calm,thermal,0,0.6702873706817627
7182,candidate_006,radiometer_basic;surface_temp_ir;cr1000xe_backbone,1.8504,calm,thermal,0,0.620993971824646
7182,candidate_006,radiometer_basic;surface_temp_ir;cr1000xe_backbone,1.8504,calm,thermal,0,0.6184158325195312
7182,candidate_006,radiometer_basic;surface_temp_ir;cr1000xe_backbone,1.8504,calm,thermal,0,0.6451995968818665
7182,candidate_006,radiometer_basic;surface_temp_ir;cr1000xe_backbone,1.8504,calm,thermal,0,0.6540815234184265
7182,candidate_006,radiometer_basic;surface_temp_ir;cr1000xe_backbone,1.8504,calm,thermal,0,0.6321448683738708
7182,candidate_006,radiometer_basic;surface_temp_ir;cr1000xe_backbone,1.8504,calm,thermal,0,0.5930593013763428
7182,candidate_006,radiometer_basic;surface_temp_ir;cr1000xe_backbone,1.8504,calm,thermal,0,0.6001744270324707
7182,candidate_006,radiometer_basic;surface_temp_ir;cr1000xe_backbone,1.8504,calm,thermal,0,0.6476312279701233
7182,candidate_006,radiometer_basic;surface_temp_ir;cr1000xe_backbone,1.8504,calm,thermal,0,0.6337767243385315
7182,candidate_006,radiometer_basic;surface_temp_ir;cr1000xe_backbone,1.8504,calm,thermal,0,0.6265401840209961
7182,candidate_006,radiometer_basic;surface_temp_ir;cr1000xe_backbone,1.8504,calm,transport,0,0.6025435924530029
7182,candidate_006,radiometer_basic;surface_temp_ir;cr1000xe_backbone,1.8504,calm,transport,0,0.6449475884437561
7182,candidate_006,radiometer_basic;surface_temp_ir;cr1000xe_backbone,1.8504,calm,transport,0,0.669947624206543
7182,candidate_006,radiometer_basic;surface_temp_ir;cr1000xe_backbone,1.8504,calm,transport,0,0.6399787664413452
7182,candidate_006,radiometer_basic;surface_temp_ir;cr1000xe_backbone,1.8504,calm,transport,0,0.69851154088974
7182,candidate_006,radiometer_basic;surface_temp_ir;cr1000xe_backbone,1.8504,calm,transport,0,0.6584606170654297
7182,candidate_006,radiometer_basic;surface_temp_ir;cr1000xe_backbone,1.8504,calm,transport,0,0.6749391555786133
7182,candidate_006,radiometer_basic;surface_temp_ir;cr1000xe_backbone,1.8504,calm,transport,0,0.6912245750427246
7182,candidate_006,radiometer_basic;surface_temp_ir;cr1000xe_backbone,1.8504,calm,transport,0,0.6809133291244507
7182,candidate_006,radiometer_basic;surface_temp_ir;cr1000xe_backbone,1.8504,calm,transport,0,0.7049927115440369
7182,candidate_006,radiometer_basic;surface_temp_ir;cr1000xe_backbone,1.8504,calm,transport,0,0.6853368282318115
7182,candidate_006,radiometer_basic;surface_temp_ir;cr1000xe_backbone,1.8504,calm,transport,0,0.7566461563110352
7182,candidate_006,radiometer_basic;surface_temp_ir;cr1000xe_backbone,1.8504,calm,transport,0,0.7068055868148804
7182,candidate_006,radiometer_basic;surface_temp_ir;cr1000xe_backbone,1.8504,calm,transport,0,0.6728820204734802
7182,candidate_006,radiometer_basic;surface_temp_ir;cr1000xe_backbone,1.8504,calm,transport,0,0.6292978525161743
7182,candidate_006,radiometer_basic;surface_temp_ir;cr1000xe_backbone,1.8504,calm,transport,0,0.6205284595489502
7182,candidate_006,radiometer_basic;surface_temp_ir;cr1000xe_backbone,1.8504,calm,transport,0,0.6337639689445496
7182,candidate_006,radiometer_basic;surface_temp_ir;cr1000xe_backbone,1.8504,calm,transport,0,0.6829574108123779
7182,candidate_006,radiometer_basic;surface_temp_ir;cr1000xe_backbone,1.8504,calm,transport,0,0.6280731558799744
7182,candidate_006,radiometer_basic;surface_temp_ir;cr1000xe_backbone,1.8504,calm,transport,0,0.5965124368667603
7182,candidate_006,radiometer_basic;surface_temp_ir;cr1000xe_backbone,1.8504,calm,transport,0,0.5986652374267578
7182,candidate_006,radiometer_basic;surface_temp_ir;cr1000xe_backbone,1.8504,calm,transport,0,0.61981201171875
7182,candidate_006,radiometer_basic;surface_temp_ir;cr1000xe_backbone,1.8504,calm,particle,0,0.6466544270515442
7182,candidate_006,radiometer_basic;surface_temp_ir;cr1000xe_backbone,1.8504,calm,particle,0,0.6363751292228699
7182,candidate_006,radiometer_basic;surface_temp_ir;cr1000xe_backbone,1.8504,calm,particle,0,0.6309109330177307
7182,candidate_006,radiometer_basic;surface_temp_ir;cr1000xe_backbone,1.8504,calm,particle,0,0.6718081831932068
7182,candidate_006,radiometer_basic;surface_temp_ir;cr1000xe_backbone,1.8504,calm,particle,0,0.6750644445419312
7182,candidate_006,radiometer_basic;surface_temp_ir;cr1000xe_backbone,1.8504,calm,particle,0,0.7214540839195251
7182,candidate_006,radiometer_basic;surface_temp_ir;cr1000xe_backbone,1.8504,calm,particle,0,0.7097931504249573
7182,candidate_006,radiometer_basic;surface_temp_ir;cr1000xe_backbone,1.8504,calm,particle,0,0.7637397646903992
7182,candidate_006,radiometer_basic;surface_temp_ir;cr1000xe_backbone,1.8504,calm,particle,0,0.771297812461853
7182,candidate_006,radiometer_basic;surface_temp_ir;cr1000xe_backbone,1.8504,calm,particle,0,0.8076063394546509
7182,candidate_006,radiometer_basic;surface_temp_ir;cr1000xe_backbone,1.8504,calm,particle,0,0.8108729124069214
7182,candidate_006,radiometer_basic;surface_temp_ir;cr1000xe_backbone,1.8504,calm,particle,0,0.7974787950515747
7182,candidate_006,radiometer_basic;surface_temp_ir;cr1000xe_backbone,1.8504,calm,particle,0,0.8869077563285828
7182,candidate_006,radiometer_basic;surface_temp_ir;cr1000xe_backbone,1.8504,calm,particle,0,0.8673264980316162
7182,candidate_006,radiometer_basic;surface_temp_ir;cr1000xe_backbone,1.8504,calm,particle,0,0.930228590965271
7182,candidate_006,radiometer_basic;surface_temp_ir;cr1000xe_backbone,1.8504,calm,particle,0,0.9057092070579529
7182,candidate_006,radiometer_basic;surface_temp_ir;cr1000xe_backbone,1.8504,calm,particle,0,0.8893479108810425
7182,candidate_006,radiometer_basic;surface_temp_ir;cr1000xe_backbone,1.8504,calm,particle,0,0.8809541463851929
7182,candidate_006,radiometer_basic;surface_temp_ir;cr1000xe_backbone,1.8504,calm,particle,0,0.9343189001083374
7182,candidate_006,radiometer_basic;surface_temp_ir;cr1000xe_backbone,1.8504,calm,particle,0,0.9335805773735046
7182,candidate_006,radiometer_basic;surface_temp_ir;cr1000xe_backbone,1.8504,calm,particle,0,0.9181278347969055
7182,candidate_006,radiometer_basic;surface_temp_ir;cr1000xe_backbone,1.8504,calm,particle,0,0.898400604724884
7182,candidate_006,radiometer_basic;surface_temp_ir;cr1000xe_backbone,1.8504,calm,particle,0,0.8876205682754517
7182,candidate_006,radiometer_basic;surface_temp_ir;cr1000xe_backbone,1.8504,calm,thermal,0,0.9060423374176025
7182,candidate_006,radiometer_basic;surface_temp_ir;cr1000xe_backbone,1.8504,calm,thermal,0,0.8897138833999634
7182,candidate_006,radiometer_basic;surface_temp_ir;cr1000xe_backbone,1.8504,calm,thermal,0,0.9013786911964417
7182,candidate_006,radiometer_basic;surface_temp_ir;cr1000xe_backbone,1.8504,calm,thermal,0,0.87544184923172
7182,candidate_006,radiometer_basic;surface_temp_ir;cr1000xe_backbone,1.8504,calm,thermal,0,0.8676613569259644
7182,candidate_006,radiometer_basic;surface_temp_ir;cr1000xe_backbone,1.8504,calm,thermal,0,0.9284659028053284
7182,candidate_006,radiometer_basic;surface_temp_ir;cr1000xe_backbone,1.8504,calm,thermal,0,0.9966527819633484
7182,candidate_006,radiometer_basic;surface_temp_ir;cr1000xe_backbone,1.8504,calm,thermal,0,0.9678452014923096
7182,candidate_006,radiometer_basic;surface_temp_ir;cr1000xe_backbone,1.8504,calm,thermal,0,1.0315567255020142
7182,candidate_006,radiometer_basic;surface_temp_ir;cr1000xe_backbone,1.8504,calm,thermal,0,0.9865801334381104
7182,candidate_006,radiometer_basic;surface_temp_ir;cr1000xe_backbone,1.8504,calm,thermal,0,1.048408031463623
7182,candidate_006,radiometer_basic;surface_temp_ir;cr1000xe_backbone,1.8504,calm,thermal,0,1.0611423254013062
7182,candidate_006,radiometer_basic;surface_temp_ir;cr1000xe_backbone,1.8504,calm,thermal,0,1.010404109954834
7182,candidate_006,radiometer_basic;surface_temp_ir;cr1000xe_backbone,1.8504,calm,thermal,0,1.1012582778930664
7182,candidate_006,radiometer_basic;surface_temp_ir;cr1000xe_backbone,1.8504,calm,thermal,0,1.1353750228881836
7182,candidate_006,radiometer_basic;surface_temp_ir;cr1000xe_backbone,1.8504,calm,thermal,0,1.1022342443466187
7182,candidate_006,radiometer_basic;surface_temp_ir;cr1000xe_backbone,1.8504,calm,thermal,0,1.1110405921936035
7182,candidate_006,radiometer_basic;surface_temp_ir;cr1000xe_backbone,1.8504,calm,thermal,0,1.069968581199646
7182,candidate_006,radiometer_basic;surface_temp_ir;cr1000xe_backbone,1.8504,calm,thermal,0,1.0366803407669067
7182,candidate_006,radiometer_basic;surface_temp_ir;cr1000xe_backbone,1.8504,calm,thermal,0,1.0347974300384521
7182,candidate_006,radiometer_basic;surface_temp_ir;cr1000xe_backbone,1.8504,calm,thermal,0,1.0239847898483276
7182,candidate_006,radiometer_basic;surface_temp_ir;cr1000xe_backbone,1.8504,calm,transport,0,1.0372904539108276
7182,candidate_006,radiometer_basic;surface_temp_ir;cr1000xe_backbone,1.8504,calm,transport,0,1.0159205198287964
7182,candidate_006,radiometer_basic;surface_temp_ir;cr1000xe_backbone,1.8504,calm,transport,0,1.0073319673538208
7182,candidate_006,radiometer_basic;surface_temp_ir;cr1000xe_backbone,1.8504,calm,transport,0,1.029734492301941
7182,candidate_006,radiometer_basic;surface_temp_ir;cr1000xe_backbone,1.8504,calm,transport,0,0.9991366267204285
7182,candidate_006,radiometer_basic;surface_temp_ir;cr1000xe_backbone,1.8504,calm,transport,0,1.0326427221298218
7182,candidate_006,radiometer_basic;surface_temp_ir;cr1000xe_backbone,1.8504,calm,transport,0,1.0284264087677002
7182,candidate_006,radiometer_basic;surface_temp_ir;cr1000xe_backbone,1.8504,calm,transport,0,1.0281414985656738
7182,candidate_006,radiometer_basic;surface_temp_ir;cr1000xe_backbone,1.8504,calm,transport,0,1.0402296781539917
7182,candidate_006,radiometer_basic;surface_temp_ir;cr1000xe_backbone,1.8504,calm,transport,0,1.0504438877105713
7182,candidate_006,radiometer_basic;surface_temp_ir;cr1000xe_backbone,1.8504,calm,transport,0,1.039709210395813
7182,candidate_006,radiometer_basic;surface_temp_ir;cr1000xe_backbone,1.8504,calm,transport,0,1.103570580482483
7182,candidate_006,radiometer_basic;surface_temp_ir;cr1000xe_backbone,1.8504,calm,transport,0,1.0843762159347534
7182,candidate_006,radiometer_basic;surface_temp_ir;cr1000xe_backbone,1.8504,calm,transport,0,1.1190264225006104
7182,candidate_006,radiometer_basic;surface_temp_ir;cr1000xe_backbone,1.8504,calm,transport,0,1.1133476495742798
7182,candidate_006,radiometer_basic;surface_temp_ir;cr1000xe_backbone,1.8504,calm,transport,0,1.0484466552734375
7182,candidate_006,radiometer_basic;surface_temp_ir;cr1000xe_backbone,1.8504,calm,transport,0,1.127246379852295
7182,candidate_006,radiometer_basic;surface_temp_ir;cr1000xe_backbone,1.8504,calm,transport,0,1.1662706136703491
7182,candidate_006,radiometer_basic;surface_temp_ir;cr1000xe_backbone,1.8504,calm,particle,0,1.2057336568832397
7182,candidate_006,radiometer_basic;surface_temp_ir;cr1000xe_backbone,1.8504,calm,particle,0,1.193532943725586
7182,candidate_006,radiometer_basic;surface_temp_ir;cr1000xe_backbone,1.8504,calm,particle,0,1.1437547206878662
7182,candidate_006,radiometer_basic;surface_temp_ir;cr1000xe_backbone,1.8504,calm,particle,0,1.1172685623168945
7182,candidate_006,radiometer_basic;surface_temp_ir;cr1000xe_backbone,1.8504,calm,particle,0,1.1021924018859863
7182,candidate_006,radiometer_basic;surface_temp_ir;cr1000xe_backbone,1.8504,calm,particle,0,1.078685998916626
7182,candidate_006,radiometer_basic;surface_temp_ir;cr1000xe_backbone,1.8504,calm,particle,0,1.0779385566711426
7182,candidate_006,radiometer_basic;surface_temp_ir;cr1000xe_backbone,1.8504,calm,particle,0,1.078406810760498
7182,candidate_006,radiometer_basic;surface_temp_ir;cr1000xe_backbone,1.8504,calm,particle,0,1.0594919919967651
7182,candidate_006,radiometer_basic;surface_temp_ir;cr1000xe_backbone,1.8504,calm,particle,0,1.06198251247406
7182,candidate_006,radiometer_basic;surface_temp_ir;cr1000xe_backbone,1.8504,calm,particle,0,1.0166025161743164
7182,candidate_006,radiometer_basic;surface_temp_ir;cr1000xe_backbone,1.8504,calm,particle,0,1.0564885139465332
7182,candidate_006,radiometer_basic;surface_temp_ir;cr1000xe_backbone,1.8504,calm,particle,0,1.0077874660491943
7182,candidate_006,radiometer_basic;surface_temp_ir;cr1000xe_backbone,1.8504,calm,particle,0,0.9915616512298584
7182,candidate_006,radiometer_basic;surface_temp_ir;cr1000xe_backbone,1.8504,calm,particle,0,1.0184640884399414
7182,candidate_006,radiometer_basic;surface_temp_ir;cr1000xe_backbone,1.8504,calm,particle,0,1.0703964233398438
7182,candidate_006,radiometer_basic;surface_temp_ir;cr1000xe_backbone,1.8504,calm,particle,0,1.030779242515564
7182,candidate_006,radiometer_basic;surface_temp_ir;cr1000xe_backbone,1.8504,calm,particle,0,1.0855494737625122
7182,candidate_006,radiometer_basic;surface_temp_ir;cr1000xe_backbone,1.8504,calm,particle,0,1.0578099489212036
7182,candidate_006,radiometer_basic;surface_temp_ir;cr1000xe_backbone,1.8504,calm,particle,0,1.0437418222427368
7182,candidate_006,radiometer_basic;surface_temp_ir;cr1000xe_backbone,1.8504,calm,particle,0,1.0301731824874878
7182,candidate_006,radiometer_basic;surface_temp_ir;cr1000xe_backbone,1.8504,calm,particle,0,0.9755290150642395
7182,candidate_006,radiometer_basic;surface_temp_ir;cr1000xe_backbone,1.8504,calm,particle,0,1.0431283712387085
7182,candidate_006,radiometer_basic;surface_temp_ir;cr1000xe_backbone,1.8504,calm,particle,0,1.0992103815078735
7182,candidate_006,radiometer_basic;surface_temp_ir;cr1000xe_backbone,1.8504,calm,particle,0,1.0742255449295044
7182,candidate_006,radiometer_basic;surface_temp_ir;cr1000xe_backbone,1.8504,calm,particle,0,1.0616183280944824
7182,candidate_006,radiometer_basic;surface_temp_ir;cr1000xe_backbone,1.8504,calm,particle,0,1.0259459018707275
7182,candidate_006,radiometer_basic;surface_temp_ir;cr1000xe_backbone,1.8504,calm,particle,0,1.0207257270812988
7182,candidate_006,radiometer_basic;surface_temp_ir;cr1000xe_backbone,1.8504,calm,particle,0,0.9788072109222412
7182,candidate_006,radiometer_basic;surface_temp_ir;cr1000xe_backbone,1.8504,calm,particle,0,0.9949396848678589
7182,candidate_006,radiometer_basic;surface_temp_ir;cr1000xe_backbone,1.8504,calm,particle,0,0.9773841500282288
7182,candidate_006,radiometer_basic;surface_temp_ir;cr1000xe_backbone,1.8504,calm,particle,0,0.9867497086524963
7182,candidate_006,radiometer_basic;surface_temp_ir;cr1000xe_backbone,1.8504,calm,thermal,0,0.9689075946807861
7182,candidate_006,radiometer_basic;surface_temp_ir;cr1000xe_backbone,1.8504,calm,thermal,0,0.9976754188537598
7182,candidate_006,radiometer_basic;surface_temp_ir;cr1000xe_backbone,1.8504,calm,thermal,0,1.0116486549377441
7182,candidate_006,radiometer_basic;surface_temp_ir;cr1000xe_backbone,1.8504,calm,thermal,0,1.0171101093292236
7182,candidate_006,radiometer_basic;surface_temp_ir;cr1000xe_backbone,1.8504,calm,thermal,0,1.0225772857666016
7182,candidate_006,radiometer_basic;surface_temp_ir;cr1000xe_backbone,1.8504,calm,thermal,0,1.039421796798706
7182,candidate_006,radiometer_basic;surface_temp_ir;cr1000xe_backbone,1.8504,calm,thermal,0,1.0775634050369263
7182,candidate_006,radiometer_basic;surface_temp_ir;cr1000xe_backbone,1.8504,calm,thermal,0,1.0538402795791626
7182,candidate_006,radiometer_basic;surface_temp_ir;cr1000xe_backbone,1.8504,calm,thermal,0,1.063079595565796
7182,candidate_006,radiometer_basic;surface_temp_ir;cr1000xe_backbone,1.8504,calm,thermal,0,1.0926008224487305
7182,candidate_006,radiometer_basic;surface_temp_ir;cr1000xe_backbone,1.8504,calm,thermal,0,1.1195727586746216
7182,candidate_006,radiometer_basic;surface_temp_ir;cr1000xe_backbone,1.8504,calm,thermal,0,1.1290206909179688
7182,candidate_006,radiometer_basic;surface_temp_ir;cr1000xe_backbone,1.8504,calm,thermal,0,1.1117916107177734
7182,candidate_006,radiometer_basic;surface_temp_ir;cr1000xe_backbone,1.8504,calm,thermal,0,1.0609678030014038
7182,candidate_006,radiometer_basic;surface_temp_ir;cr1000xe_backbone,1.8504,calm,thermal,0,1.121671199798584
7182,candidate_006,radiometer_basic;surface_temp_ir;cr1000xe_backbone,1.8504,calm,thermal,0,1.1233407258987427
7182,candidate_006,radiometer_basic;surface_temp_ir;cr1000xe_backbone,1.8504,calm,thermal,0,1.122160792350769
7182,candidate_006,radiometer_basic;surface_temp_ir;cr1000xe_backbone,1.8504,calm,thermal,0,1.1715712547302246
7182,candidate_006,radiometer_basic;surface_temp_ir;cr1000xe_backbone,1.8504,calm,thermal,0,1.103250503540039
7182,candidate_006,radiometer_basic;surface_temp_ir;cr1000xe_backbone,1.8504,calm,thermal,0,1.0843353271484375
7182,candidate_006,radiometer_basic;surface_temp_ir;cr1000xe_backbone,1.8504,calm,thermal,0,1.0618231296539307
7182,candidate_006,radiometer_basic;surface_temp_ir;cr1000xe_backbone,1.8504,calm,thermal,0,1.028521180152893
7182,candidate_006,radiometer_basic;surface_temp_ir;cr1000xe_backbone,1.8504,calm,thermal,0,1.027512550354004
7182,candidate_006,radiometer_basic;surface_temp_ir;cr1000xe_backbone,1.8504,calm,thermal,0,1.020604133605957
7182,candidate_006,radiometer_basic;surface_temp_ir;cr1000xe_backbone,1.8504,thermal,thermal,3,0.9776588082313538
7182,candidate_006,radiometer_basic;surface_temp_ir;cr1000xe_backbone,1.8504,thermal,thermal,3,0.8609258532524109
7182,candidate_006,radiometer_basic;surface_temp_ir;cr1000xe_backbone,1.8504,thermal,thermal,3,0.8341027498245239
7182,candidate_006,radiometer_basic;surface_temp_ir;cr1000xe_backbone,1.8504,thermal,transport,3,0.9957687854766846
7182,candidate_006,radiometer_basic;surface_temp_ir;cr1000xe_backbone,1.8504,thermal,transport,3,1.0364282131195068
7182,candidate_006,radiometer_basic;surface_temp_ir;cr1000xe_backbone,1.8504,thermal,transport,3,1.030781626701355
7182,candidate_006,radiometer_basic;surface_temp_ir;cr1000xe_backbone,1.8504,thermal,transport,3,1.0782901048660278
7182,candidate_006,radiometer_basic;surface_temp_ir;cr1000xe_backbone,1.8504,thermal,transport,3,1.0721739530563354
7182,candidate_006,radiometer_basic;surface_temp_ir;cr1000xe_backbone,1.8504,thermal,transport,3,1.0617684125900269
7182,candidate_006,radiometer_basic;surface_temp_ir;cr1000xe_backbone,1.8504,thermal,transport,3,1.0724029541015625
7182,candidate_006,radiometer_basic;surface_temp_ir;cr1000xe_backbone,1.8504,thermal,transport,3,1.1084794998168945
7182,candidate_006,radiometer_basic;surface_temp_ir;cr1000xe_backbone,1.8504,thermal,transport,3,1.0113215446472168
7182,candidate_006,radiometer_basic;surface_temp_ir;cr1000xe_backbone,1.8504,thermal,transport,3,1.036879539489746
7182,candidate_006,radiometer_basic;surface_temp_ir;cr1000xe_backbone,1.8504,thermal,transport,3,0.9999096989631653
7182,candidate_006,radiometer_basic;surface_temp_ir;cr1000xe_backbone,1.8504,thermal,transport,3,1.0293548107147217
7182,candidate_006,radiometer_basic;surface_temp_ir;cr1000xe_backbone,1.8504,thermal,transport,3,0.9967527389526367
7182,candidate_006,radiometer_basic;surface_temp_ir;cr1000xe_backbone,1.8504,thermal,transport,3,0.9943185448646545
7182,candidate_006,radiometer_basic;surface_temp_ir;cr1000xe_backbone,1.8504,thermal,transport,3,0.969208300113678
7182,candidate_006,radiometer_basic;surface_temp_ir;cr1000xe_backbone,1.8504,thermal,transport,3,0.9360495805740356
7182,candidate_006,radiometer_basic;surface_temp_ir;cr1000xe_backbone,1.8504,thermal,transport,3,0.8894670605659485
7182,candidate_006,radiometer_basic;surface_temp_ir;cr1000xe_backbone,1.8504,thermal,transport,3,0.8824254870414734
7182,candidate_006,radiometer_basic;surface_temp_ir;cr1000xe_backbone,1.8504,thermal,transport,3,0.8427152633666992
7182,candidate_006,radiometer_basic;surface_temp_ir;cr1000xe_backbone,1.8504,thermal,transport,3,0.8421732187271118
7182,candidate_006,radiometer_basic;surface_temp_ir;cr1000xe_backbone,1.8504,thermal,transport,3,0.8614999651908875
7182,candidate_006,radiometer_basic;surface_temp_ir;cr1000xe_backbone,1.8504,thermal,transport,3,0.8790421485900879
7182,candidate_006,radiometer_basic;surface_temp_ir;cr1000xe_backbone,1.8504,thermal,transport,3,0.908347487449646
7182,candidate_006,radiometer_basic;surface_temp_ir;cr1000xe_backbone,1.8504,thermal,transport,3,0.9112761616706848
7182,candidate_006,radiometer_basic;surface_temp_ir;cr1000xe_backbone,1.8504,calm,thermal,0,0.8431208729743958
7182,candidate_006,radiometer_basic;surface_temp_ir;cr1000xe_backbone,1.8504,particle,thermal,1,0.472663015127182
7182,candidate_006,radiometer_basic;surface_temp_ir;cr1000xe_backbone,1.8504,particle,thermal,1,0.5251761078834534
7182,candidate_006,radiometer_basic;surface_temp_ir;cr1000xe_backbone,1.8504,particle,thermal,1,0.5013595223426819
7182,candidate_006,radiometer_basic;surface_temp_ir;cr1000xe_backbone,1.8504,particle,thermal,1,0.46364647150039673
7182,candidate_006,radiometer_basic;surface_temp_ir;cr1000xe_backbone,1.8504,particle,thermal,1,0.48044031858444214
7182,candidate_006,radiometer_basic;surface_temp_ir;cr1000xe_backbone,1.8504,particle,thermal,1,0.5352992415428162
7182,candidate_006,radiometer_basic;surface_temp_ir;cr1000xe_backbone,1.8504,particle,thermal,1,0.6270573139190674
7182,candidate_006,radiometer_basic;surface_temp_ir;cr1000xe_backbone,1.8504,particle,thermal,1,0.5436266660690308
7182,candidate_006,radiometer_basic;surface_temp_ir;cr1000xe_backbone,1.8504,particle,thermal,1,0.504687488079071
7182,candidate_006,radiometer_basic;surface_temp_ir;cr1000xe_backbone,1.8504,particle,thermal,1,0.569609522819519
7182,candidate_006,radiometer_basic;surface_temp_ir;cr1000xe_backbone,1.8504,particle,thermal,1,0.53246009349823
7182,candidate_006,radiometer_basic;surface_temp_ir;cr1000xe_backbone,1.8504,particle,thermal,1,0.5834129452705383
7182,candidate_006,radiometer_basic;surface_temp_ir;cr1000xe_backbone,1.8504,particle,thermal,1,0.539267361164093
7182,candidate_006,radiometer_basic;surface_temp_ir;cr1000xe_backbone,1.8504,particle,thermal,1,0.5773736834526062
7182,candidate_006,radiometer_basic;surface_temp_ir;cr1000xe_backbone,1.8504,particle,transport,1,0.5087730884552002
7182,candidate_006,radiometer_basic;surface_temp_ir;cr1000xe_backbone,1.8504,particle,transport,1,0.449968159198761
7182,candidate_006,radiometer_basic;surface_temp_ir;cr1000xe_backbone,1.8504,particle,transport,1,0.41739988327026367
7182,candidate_006,radiometer_basic;surface_temp_ir;cr1000xe_backbone,1.8504,particle,transport,1,0.46320927143096924
7182,candidate_006,radiometer_basic;surface_temp_ir;cr1000xe_backbone,1.8504,particle,transport,1,0.475349485874176
7182,candidate_006,radiometer_basic;surface_temp_ir;cr1000xe_backbone,1.8504,particle,transport,1,0.5233283638954163
7182,candidate_006,radiometer_basic;surface_temp_ir;cr1000xe_backbone,1.8504,particle,transport,1,0.4688076972961426
7182,candidate_006,radiometer_basic;surface_temp_ir;cr1000xe_backbone,1.8504,particle,transport,1,0.4585000276565552
7182,candidate_006,radiometer_basic;surface_temp_ir;cr1000xe_backbone,1.8504,particle,transport,1,0.3935316503047943
7182,candidate_006,radiometer_basic;surface_temp_ir;cr1000xe_backbone,1.8504,particle,transport,1,0.39984411001205444
7182,candidate_006,radiometer_basic;surface_temp_ir;cr1000xe_backbone,1.8504,particle,transport,1,0.4462513029575348
7182,candidate_006,radiometer_basic;surface_temp_ir;cr1000xe_backbone,1.8504,particle,transport,1,0.41383451223373413
7182,candidate_006,radiometer_basic;surface_temp_ir;cr1000xe_backbone,1.8504,particle,transport,1,0.4235677719116211
7182,candidate_006,radiometer_basic;surface_temp_ir;cr1000xe_backbone,1.8504,particle,transport,1,0.43667006492614746
7182,candidate_006,radiometer_basic;surface_temp_ir;cr1000xe_backbone,1.8504,particle,transport,1,0.43798837065696716
7182,candidate_006,radiometer_basic;surface_temp_ir;cr1000xe_backbone,1.8504,particle,transport,1,0.45531782507896423
7182,candidate_006,radiometer_basic;surface_temp_ir;cr1000xe_backbone,1.8504,particle,transport,1,0.45603007078170776
7182,candidate_006,radiometer_basic;surface_temp_ir;cr1000xe_backbone,1.8504,particle,transport,1,0.5052756667137146
7182,candidate_006,radiometer_basic;surface_temp_ir;cr1000xe_backbone,1.8504,particle,transport,1,0.49782201647758484
7182,candidate_006,radiometer_basic;surface_temp_ir;cr1000xe_backbone,1.8504,particle,transport,1,0.4840240180492401
7182,candidate_006,radiometer_basic;surface_temp_ir;cr1000xe_backbone,1.8504,particle,transport,1,0.4861980974674225
7182,candidate_006,radiometer_basic;surface_temp_ir;cr1000xe_backbone,1.8504,particle,transport,1,0.5293676853179932
7182,candidate_006,radiometer_basic;surface_temp_ir;cr1000xe_backbone,1.8504,particle,transport,1,0.5130413174629211
7182,candidate_006,radiometer_basic;surface_temp_ir;cr1000xe_backbone,1.8504,particle,transport,1,0.5693629384040833
7182,candidate_006,radiometer_basic;surface_temp_ir;cr1000xe_backbone,1.8504,particle,transport,1,0.5476291179656982
7182,candidate_006,radiometer_basic;surface_temp_ir;cr1000xe_backbone,1.8504,particle,transport,1,0.5988481640815735
7182,candidate_006,radiometer_basic;surface_temp_ir;cr1000xe_backbone,1.8504,particle,transport,1,0.5419895052909851
7182,candidate_006,radiometer_basic;surface_temp_ir;cr1000xe_backbone,1.8504,particle,transport,1,0.5633834004402161
7182,candidate_006,radiometer_basic;surface_temp_ir;cr1000xe_backbone,1.8504,particle,particle,1,0.5924356579780579
7182,candidate_006,radiometer_basic;surface_temp_ir;cr1000xe_backbone,1.8504,particle,particle,1,0.5467543601989746
7182,candidate_006,radiometer_basic;surface_temp_ir;cr1000xe_backbone,1.8504,particle,particle,1,0.5640140175819397
7182,candidate_006,radiometer_basic;surface_temp_ir;cr1000xe_backbone,1.8504,particle,particle,1,0.5262900590896606
7182,candidate_006,radiometer_basic;surface_temp_ir;cr1000xe_backbone,1.8504,particle,particle,1,0.6195011138916016
7182,candidate_006,radiometer_basic;surface_temp_ir;cr1000xe_backbone,1.8504,particle,particle,1,0.5452232360839844
7182,candidate_006,radiometer_basic;surface_temp_ir;cr1000xe_backbone,1.8504,particle,particle,1,0.617679238319397
7182,candidate_006,radiometer_basic;surface_temp_ir;cr1000xe_backbone,1.8504,particle,particle,1,0.604617178440094
7182,candidate_006,radiometer_basic;surface_temp_ir;cr1000xe_backbone,1.8504,particle,particle,1,0.6227442026138306
7182,candidate_006,radiometer_basic;surface_temp_ir;cr1000xe_backbone,1.8504,particle,particle,1,0.6193786859512329
7182,candidate_006,radiometer_basic;surface_temp_ir;cr1000xe_backbone,1.8504,particle,particle,1,0.6202656626701355
7182,candidate_006,radiometer_basic;surface_temp_ir;cr1000xe_backbone,1.8504,particle,particle,1,0.6977488994598389
7182,candidate_006,radiometer_basic;surface_temp_ir;cr1000xe_backbone,1.8504,particle,particle,1,0.7013431787490845
7182,candidate_006,radiometer_basic;surface_temp_ir;cr1000xe_backbone,1.8504,particle,particle,1,0.7709733843803406
7182,candidate_006,radiometer_basic;surface_temp_ir;cr1000xe_backbone,1.8504,particle,particle,1,0.7207881212234497
7182,candidate_006,radiometer_basic;surface_temp_ir;cr1000xe_backbone,1.8504,particle,particle,1,0.6966593265533447
7182,candidate_006,radiometer_basic;surface_temp_ir;cr1000xe_backbone,1.8504,particle,particle,1,0.7213098406791687
7182,candidate_006,radiometer_basic;surface_temp_ir;cr1000xe_backbone,1.8504,calm,particle,0,0.6852248907089233
7182,candidate_006,radiometer_basic;surface_temp_ir;cr1000xe_backbone,1.8504,calm,particle,0,0.7093950510025024
7182,candidate_006,radiometer_basic;surface_temp_ir;cr1000xe_backbone,1.8504,calm,particle,0,0.7193688154220581
7182,candidate_006,radiometer_basic;surface_temp_ir;cr1000xe_backbone,1.8504,calm,particle,0,0.7430133819580078
7182,candidate_006,radiometer_basic;surface_temp_ir;cr1000xe_backbone,1.8504,calm,particle,0,0.786794900894165
7182,candidate_006,radiometer_basic;surface_temp_ir;cr1000xe_backbone,1.8504,calm,particle,0,0.7320205569267273
7182,candidate_006,radiometer_basic;surface_temp_ir;cr1000xe_backbone,1.8504,calm,particle,0,0.7036161422729492
7182,candidate_006,radiometer_basic;surface_temp_ir;cr1000xe_backbone,1.8504,calm,particle,0,0.6505469679832458
7182,candidate_006,radiometer_basic;surface_temp_ir;cr1000xe_backbone,1.8504,calm,particle,0,0.6307521462440491
7182,candidate_006,radiometer_basic;surface_temp_ir;cr1000xe_backbone,1.8504,calm,particle,0,0.6466695666313171
7182,candidate_006,radiometer_basic;surface_temp_ir;cr1000xe_backbone,1.8504,calm,particle,0,0.6589626669883728
7182,candidate_006,radiometer_basic;surface_temp_ir;cr1000xe_backbone,1.8504,calm,particle,0,0.6535435914993286
7182,candidate_006,radiometer_basic;surface_temp_ir;cr1000xe_backbone,1.8504,calm,particle,0,0.7517602443695068
7182,candidate_006,radiometer_basic;surface_temp_ir;cr1000xe_backbone,1.8504,calm,particle,0,0.7263184785842896
7182,candidate_006,radiometer_basic;surface_temp_ir;cr1000xe_backbone,1.8504,particle,particle,1,0.7210918068885803
7182,candidate_006,radiometer_basic;surface_temp_ir;cr1000xe_backbone,1.8504,particle,particle,1,0.7384111285209656
7182,candidate_006,radiometer_basic;surface_temp_ir;cr1000xe_backbone,1.8504,particle,particle,1,0.7290834188461304
7182,candidate_006,radiometer_basic;surface_temp_ir;cr1000xe_backbone,1.8504,particle,particle,1,0.7633646130561829
7182,candidate_006,radiometer_basic;surface_temp_ir;cr1000xe_backbone,1.8504,particle,thermal,1,0.5615499019622803
7182,candidate_006,radiometer_basic;surface_temp_ir;cr1000xe_backbone,1.8504,particle,thermal,1,0.5827788710594177
7182,candidate_006,radiometer_basic;surface_temp_ir;cr1000xe_backbone,1.8504,particle,thermal,1,0.6165046095848083
7182,candidate_006,radiometer_basic;surface_temp_ir;cr1000xe_backbone,1.8504,particle,thermal,1,0.6055934429168701
7182,candidate_006,radiometer_basic;surface_temp_ir;cr1000xe_backbone,1.8504,particle,thermal,1,0.6490572094917297
7182,candidate_006,radiometer_basic;surface_temp_ir;cr1000xe_backbone,1.8504,particle,thermal,1,0.5884286761283875
7182,candidate_006,radiometer_basic;surface_temp_ir;cr1000xe_backbone,1.8504,particle,thermal,1,0.6388656497001648
7182,candidate_006,radiometer_basic;surface_temp_ir;cr1000xe_backbone,1.8504,particle,thermal,1,0.6682348251342773
7182,candidate_006,radiometer_basic;surface_temp_ir;cr1000xe_backbone,1.8504,particle,thermal,1,0.5795871019363403
7182,candidate_006,radiometer_basic;surface_temp_ir;cr1000xe_backbone,1.8504,particle,thermal,1,0.6417784094810486
7182,candidate_006,radiometer_basic;surface_temp_ir;cr1000xe_backbone,1.8504,particle,thermal,1,0.5691452026367188
7182,candidate_006,radiometer_basic;surface_temp_ir;cr1000xe_backbone,1.8504,particle,thermal,1,0.5848467350006104
7182,candidate_006,radiometer_basic;surface_temp_ir;cr1000xe_backbone,1.8504,particle,thermal,1,0.5940558314323425
7182,candidate_006,radiometer_basic;surface_temp_ir;cr1000xe_backbone,1.8504,particle,thermal,1,0.521221399307251
7182,candidate_006,radiometer_basic;surface_temp_ir;cr1000xe_backbone,1.8504,particle,thermal,1,0.6299545764923096
7182,candidate_006,radiometer_basic;surface_temp_ir;cr1000xe_backbone,1.8504,particle,thermal,1,0.539055585861206
7182,candidate_006,radiometer_basic;surface_temp_ir;cr1000xe_backbone,1.8504,particle,thermal,1,0.5693039298057556
7182,candidate_006,radiometer_basic;surface_temp_ir;cr1000xe_backbone,1.8504,particle,thermal,1,0.5097324848175049
7182,candidate_006,radiometer_basic;surface_temp_ir;cr1000xe_backbone,1.8504,particle,transport,1,0.5454888343811035
7182,candidate_006,radiometer_basic;surface_temp_ir;cr1000xe_backbone,1.8504,particle,transport,1,0.5896747708320618
7182,candidate_006,radiometer_basic;surface_temp_ir;cr1000xe_backbone,1.8504,particle,transport,1,0.5231293439865112
7182,candidate_006,radiometer_basic;surface_temp_ir;cr1000xe_backbone,1.8504,particle,transport,1,0.5318430662155151
7182,candidate_006,radiometer_basic;surface_temp_ir;cr1000xe_backbone,1.8504,particle,transport,1,0.5039291977882385
7182,candidate_006,radiometer_basic;surface_temp_ir;cr1000xe_backbone,1.8504,particle,transport,1,0.530678927898407
7182,candidate_006,radiometer_basic;surface_temp_ir;cr1000xe_backbone,1.8504,particle,transport,1,0.5289174914360046
7182,candidate_006,radiometer_basic;surface_temp_ir;cr1000xe_backbone,1.8504,particle,transport,1,0.5774419903755188
7182,candidate_006,radiometer_basic;surface_temp_ir;cr1000xe_backbone,1.8504,particle,transport,1,0.6233358383178711
7182,candidate_006,radiometer_basic;surface_temp_ir;cr1000xe_backbone,1.8504,particle,transport,1,0.6307485699653625
7182,candidate_006,radiometer_basic;surface_temp_ir;cr1000xe_backbone,1.8504,particle,transport,1,0.5990998148918152
7182,candidate_006,radiometer_basic;surface_temp_ir;cr1000xe_backbone,1.8504,particle,transport,1,0.6125607490539551
7182,candidate_006,radiometer_basic;surface_temp_ir;cr1000xe_backbone,1.8504,particle,transport,1,0.5334992408752441
7182,candidate_006,radiometer_basic;surface_temp_ir;cr1000xe_backbone,1.8504,particle,transport,1,0.5101581811904907
7182,candidate_006,radiometer_basic;surface_temp_ir;cr1000xe_backbone,1.8504,calm,transport,0,0.5128623843193054
7182,candidate_006,radiometer_basic;surface_temp_ir;cr1000xe_backbone,1.8504,calm,transport,0,0.5182464718818665
7182,candidate_006,radiometer_basic;surface_temp_ir;cr1000xe_backbone,1.8504,calm,transport,0,0.4889090061187744
7182,candidate_006,radiometer_basic;surface_temp_ir;cr1000xe_backbone,1.8504,calm,transport,0,0.5170381665229797
7182,candidate_006,radiometer_basic;surface_temp_ir;cr1000xe_backbone,1.8504,calm,transport,0,0.48804187774658203
7182,candidate_006,radiometer_basic;surface_temp_ir;cr1000xe_backbone,1.8504,calm,transport,0,0.5152000784873962
7182,candidate_006,radiometer_basic;surface_temp_ir;cr1000xe_backbone,1.8504,calm,particle,0,0.5025545954704285
7182,candidate_006,radiometer_basic;surface_temp_ir;cr1000xe_backbone,1.8504,calm,particle,0,0.5065645575523376
7182,candidate_006,radiometer_basic;surface_temp_ir;cr1000xe_backbone,1.8504,calm,particle,0,0.49323830008506775
7182,candidate_006,radiometer_basic;surface_temp_ir;cr1000xe_backbone,1.8504,calm,particle,0,0.49563539028167725
7182,candidate_006,radiometer_basic;surface_temp_ir;cr1000xe_backbone,1.8504,calm,particle,0,0.5109908580780029
7182,candidate_006,radiometer_basic;surface_temp_ir;cr1000xe_backbone,1.8504,calm,particle,0,0.48447099328041077
7182,candidate_006,radiometer_basic;surface_temp_ir;cr1000xe_backbone,1.8504,calm,particle,0,0.5217584371566772
7182,candidate_006,radiometer_basic;surface_temp_ir;cr1000xe_backbone,1.8504,calm,particle,0,0.48853760957717896
7182,candidate_006,radiometer_basic;surface_temp_ir;cr1000xe_backbone,1.8504,flux,particle,2,0.46474528312683105
7182,candidate_006,radiometer_basic;surface_temp_ir;cr1000xe_backbone,1.8504,flux,particle,2,0.4572252035140991
7182,candidate_006,radiometer_basic;surface_temp_ir;cr1000xe_backbone,1.8504,flux,particle,2,0.49206769466400146
7182,candidate_006,radiometer_basic;surface_temp_ir;cr1000xe_backbone,1.8504,flux,particle,2,0.5302985906600952
7182,candidate_006,radiometer_basic;surface_temp_ir;cr1000xe_backbone,1.8504,flux,particle,2,0.47280973196029663
7182,candidate_006,radiometer_basic;surface_temp_ir;cr1000xe_backbone,1.8504,flux,particle,2,0.4859989881515503
7182,candidate_006,radiometer_basic;surface_temp_ir;cr1000xe_backbone,1.8504,flux,particle,2,0.5348402857780457
7182,candidate_006,radiometer_basic;surface_temp_ir;cr1000xe_backbone,1.8504,flux,particle,2,0.5202570557594299
7182,candidate_006,radiometer_basic;surface_temp_ir;cr1000xe_backbone,1.8504,flux,particle,2,0.5536541938781738
7182,candidate_006,radiometer_basic;surface_temp_ir;cr1000xe_backbone,1.8504,flux,particle,2,0.550770103931427
7182,candidate_006,radiometer_basic;surface_temp_ir;cr1000xe_backbone,1.8504,flux,particle,2,0.6058336496353149
7182,candidate_006,radiometer_basic;surface_temp_ir;cr1000xe_backbone,1.8504,flux,particle,2,0.6347307562828064
7182,candidate_006,radiometer_basic;surface_temp_ir;cr1000xe_backbone,1.8504,flux,particle,2,0.6236298084259033
7182,candidate_006,radiometer_basic;surface_temp_ir;cr1000xe_backbone,1.8504,flux,particle,2,0.7085235714912415
7182,candidate_006,radiometer_basic;surface_temp_ir;cr1000xe_backbone,1.8504,flux,particle,2,0.7089834809303284
7182,candidate_006,radiometer_basic;surface_temp_ir;cr1000xe_backbone,1.8504,flux,particle,2,0.7749549150466919
7182,candidate_006,radiometer_basic;surface_temp_ir;cr1000xe_backbone,1.8504,flux,particle,2,0.760460376739502
7182,candidate_006,radiometer_basic;surface_temp_ir;cr1000xe_backbone,1.8504,flux,thermal,2,0.6472136378288269
7182,candidate_006,radiometer_basic;surface_temp_ir;cr1000xe_backbone,1.8504,flux,thermal,2,0.6707442402839661
7182,candidate_006,radiometer_basic;surface_temp_ir;cr1000xe_backbone,1.8504,flux,thermal,2,0.6546808481216431
7182,candidate_006,radiometer_basic;surface_temp_ir;cr1000xe_backbone,1.8504,flux,thermal,2,0.655285656452179
7182,candidate_006,radiometer_basic;surface_temp_ir;cr1000xe_backbone,1.8504,flux,thermal,2,0.6885939240455627
7182,candidate_006,radiometer_basic;surface_temp_ir;cr1000xe_backbone,1.8504,flux,thermal,2,0.709928572177887
7182,candidate_006,radiometer_basic;surface_temp_ir;cr1000xe_backbone,1.8504,flux,thermal,2,0.7404903173446655
7182,candidate_006,radiometer_basic;surface_temp_ir;cr1000xe_backbone,1.8504,flux,thermal,2,0.7694752216339111
7182,candidate_006,radiometer_basic;surface_temp_ir;cr1000xe_backbone,1.8504,flux,thermal,2,0.7674475312232971
7182,candidate_006,radiometer_basic;surface_temp_ir;cr1000xe_backbone,1.8504,flux,thermal,2,0.8203308582305908
7182,candidate_006,radiometer_basic;surface_temp_ir;cr1000xe_backbone,1.8504,flux,thermal,2,0.8184734582901001
7182,candidate_006,radiometer_basic;surface_temp_ir;cr1000xe_backbone,1.8504,flux,thermal,2,0.7755908966064453
7182,candidate_006,radiometer_basic;surface_temp_ir;cr1000xe_backbone,1.8504,flux,thermal,2,0.794594407081604
7182,candidate_006,radiometer_basic;surface_temp_ir;cr1000xe_backbone,1.8504,flux,thermal,2,0.765810489654541
7182,candidate_006,radiometer_basic;surface_temp_ir;cr1000xe_backbone,1.8504,flux,thermal,2,0.8090720772743225
7182,candidate_006,radiometer_basic;surface_temp_ir;cr1000xe_backbone,1.8504,flux,thermal,2,0.7757267951965332
7182,candidate_006,radiometer_basic;surface_temp_ir;cr1000xe_backbone,1.8504,flux,thermal,2,0.8236483931541443
7182,candidate_006,radiometer_basic;surface_temp_ir;cr1000xe_backbone,1.8504,flux,thermal,2,0.7921022772789001
7182,candidate_006,radiometer_basic;surface_temp_ir;cr1000xe_backbone,1.8504,flux,thermal,2,0.7801140546798706
7182,candidate_006,radiometer_basic;surface_temp_ir;cr1000xe_backbone,1.8504,flux,thermal,2,0.7862308025360107
7182,candidate_006,radiometer_basic;surface_temp_ir;cr1000xe_backbone,1.8504,flux,thermal,2,0.6895014643669128
7182,candidate_006,radiometer_basic;surface_temp_ir;cr1000xe_backbone,1.8504,flux,thermal,2,0.6817840337753296
7182,candidate_006,radiometer_basic;surface_temp_ir;cr1000xe_backbone,1.8504,flux,thermal,2,0.6778486371040344
7182,candidate_006,radiometer_basic;surface_temp_ir;cr1000xe_backbone,1.8504,flux,thermal,2,0.6515375375747681
7182,candidate_006,radiometer_basic;surface_temp_ir;cr1000xe_backbone,1.8504,flux,thermal,2,0.6760451197624207
7182,candidate_006,radiometer_basic;surface_temp_ir;cr1000xe_backbone,1.8504,flux,thermal,2,0.6999195218086243
7182,candidate_006,radiometer_basic;surface_temp_ir;cr1000xe_backbone,1.8504,flux,thermal,2,0.6646396517753601
7182,candidate_006,radiometer_basic;surface_temp_ir;cr1000xe_backbone,1.8504,flux,transport,2,0.7363547086715698
7182,candidate_006,radiometer_basic;surface_temp_ir;cr1000xe_backbone,1.8504,flux,transport,2,0.8233258128166199
7182,candidate_006,radiometer_basic;surface_temp_ir;cr1000xe_backbone,1.8504,flux,transport,2,0.8170497417449951
7182,candidate_006,radiometer_basic;surface_temp_ir;cr1000xe_backbone,1.8504,flux,transport,2,0.7546537518501282
7182,candidate_006,radiometer_basic;surface_temp_ir;cr1000xe_backbone,1.8504,calm,transport,0,0.7802478671073914
7182,candidate_006,radiometer_basic;surface_temp_ir;cr1000xe_backbone,1.8504,calm,transport,0,0.7466580867767334
7182,candidate_006,radiometer_basic;surface_temp_ir;cr1000xe_backbone,1.8504,calm,transport,0,0.8947903513908386
7182,candidate_006,radiometer_basic;surface_temp_ir;cr1000xe_backbone,1.8504,calm,transport,0,0.7967283129692078
7182,candidate_006,radiometer_basic;surface_temp_ir;cr1000xe_backbone,1.8504,calm,transport,0,0.8090158104896545
7182,candidate_006,radiometer_basic;surface_temp_ir;cr1000xe_backbone,1.8504,calm,transport,0,0.8015729188919067
7182,candidate_006,radiometer_basic;surface_temp_ir;cr1000xe_backbone,1.8504,calm,transport,0,0.844889223575592
7182,candidate_006,radiometer_basic;surface_temp_ir;cr1000xe_backbone,1.8504,calm,transport,0,0.835064172744751
7182,candidate_006,radiometer_basic;surface_temp_ir;cr1000xe_backbone,1.8504,calm,transport,0,0.7959991097450256
7182,candidate_006,radiometer_basic;surface_temp_ir;cr1000xe_backbone,1.8504,calm,transport,0,0.7402390837669373
7182,candidate_006,radiometer_basic;surface_temp_ir;cr1000xe_backbone,1.8504,calm,transport,0,0.7701223492622375
7182,candidate_006,radiometer_basic;surface_temp_ir;cr1000xe_backbone,1.8504,calm,transport,0,0.7770674824714661
7182,candidate_006,radiometer_basic;surface_temp_ir;cr1000xe_backbone,1.8504,calm,transport,0,0.764848530292511
7182,candidate_006,radiometer_basic;surface_temp_ir;cr1000xe_backbone,1.8504,calm,transport,0,0.7202743887901306
7182,candidate_006,radiometer_basic;surface_temp_ir;cr1000xe_backbone,1.8504,thermal,transport,3,0.6957598328590393
7182,candidate_006,radiometer_basic;surface_temp_ir;cr1000xe_backbone,1.8504,thermal,transport,3,0.6512925028800964
7182,candidate_006,radiometer_basic;surface_temp_ir;cr1000xe_backbone,1.8504,thermal,transport,3,0.6709103584289551
7182,candidate_006,radiometer_basic;surface_temp_ir;cr1000xe_backbone,1.8504,thermal,transport,3,0.6602040529251099
7182,candidate_006,radiometer_basic;surface_temp_ir;cr1000xe_backbone,1.8504,thermal,particle,3,0.6357805132865906
7182,candidate_006,radiometer_basic;surface_temp_ir;cr1000xe_backbone,1.8504,thermal,particle,3,0.6727093458175659
7182,candidate_006,radiometer_basic;surface_temp_ir;cr1000xe_backbone,1.8504,thermal,particle,3,0.6121944785118103
7182,candidate_006,radiometer_basic;surface_temp_ir;cr1000xe_backbone,1.8504,thermal,particle,3,0.6611636877059937
7182,candidate_006,radiometer_basic;surface_temp_ir;cr1000xe_backbone,1.8504,thermal,particle,3,0.6596056222915649
7182,candidate_006,radiometer_basic;surface_temp_ir;cr1000xe_backbone,1.8504,thermal,particle,3,0.6274494528770447
7182,candidate_006,radiometer_basic;surface_temp_ir;cr1000xe_backbone,1.8504,thermal,particle,3,0.6973429918289185
7182,candidate_006,radiometer_basic;surface_temp_ir;cr1000xe_backbone,1.8504,thermal,particle,3,0.6579488515853882
7182,candidate_006,radiometer_basic;surface_temp_ir;cr1000xe_backbone,1.8504,thermal,particle,3,0.6323237419128418
7182,candidate_006,radiometer_basic;surface_temp_ir;cr1000xe_backbone,1.8504,thermal,particle,3,0.6448650360107422
7182,candidate_006,radiometer_basic;surface_temp_ir;cr1000xe_backbone,1.8504,thermal,particle,3,0.6091720461845398
7182,candidate_006,radiometer_basic;surface_temp_ir;cr1000xe_backbone,1.8504,thermal,particle,3,0.6382741928100586
7182,candidate_006,radiometer_basic;surface_temp_ir;cr1000xe_backbone,1.8504,thermal,particle,3,0.6228839159011841
7182,candidate_006,radiometer_basic;surface_temp_ir;cr1000xe_backbone,1.8504,thermal,particle,3,0.641298770904541
7182,candidate_006,radiometer_basic;surface_temp_ir;cr1000xe_backbone,1.8504,thermal,particle,3,0.6562739014625549
7182,candidate_006,radiometer_basic;surface_temp_ir;cr1000xe_backbone,1.8504,thermal,particle,3,0.6714173555374146
7182,candidate_006,radiometer_basic;surface_temp_ir;cr1000xe_backbone,1.8504,thermal,particle,3,0.6076310873031616
7182,candidate_006,radiometer_basic;surface_temp_ir;cr1000xe_backbone,1.8504,thermal,particle,3,0.6455116868019104
7182,candidate_006,radiometer_basic;surface_temp_ir;cr1000xe_backbone,1.8504,thermal,particle,3,0.7182669043540955
7182,candidate_006,radiometer_basic;surface_temp_ir;cr1000xe_backbone,1.8504,thermal,particle,3,0.6533375382423401
7182,candidate_006,radiometer_basic;surface_temp_ir;cr1000xe_backbone,1.8504,thermal,particle,3,0.6952266097068787
7182,candidate_006,radiometer_basic;surface_temp_ir;cr1000xe_backbone,1.8504,thermal,particle,3,0.6349319815635681
7182,candidate_006,radiometer_basic;surface_temp_ir;cr1000xe_backbone,1.8504,thermal,particle,3,0.6474806070327759
7182,candidate_006,radiometer_basic;surface_temp_ir;cr1000xe_backbone,1.8504,thermal,particle,3,0.6519553065299988
7182,candidate_006,radiometer_basic;surface_temp_ir;cr1000xe_backbone,1.8504,thermal,particle,3,0.6440606713294983
7182,candidate_006,radiometer_basic;surface_temp_ir;cr1000xe_backbone,1.8504,thermal,particle,3,0.6529480814933777
7182,candidate_006,radiometer_basic;surface_temp_ir;cr1000xe_backbone,1.8504,thermal,particle,3,0.6682551503181458
7182,candidate_006,radiometer_basic;surface_temp_ir;cr1000xe_backbone,1.8504,thermal,particle,3,0.6576786041259766
7182,candidate_006,radiometer_basic;surface_temp_ir;cr1000xe_backbone,1.8504,thermal,particle,3,0.6284760236740112
7182,candidate_006,radiometer_basic;surface_temp_ir;cr1000xe_backbone,1.8504,thermal,particle,3,0.7198804020881653
7182,candidate_006,radiometer_basic;surface_temp_ir;cr1000xe_backbone,1.8504,thermal,particle,3,0.7254260778427124
7182,candidate_006,radiometer_basic;surface_temp_ir;cr1000xe_backbone,1.8504,thermal,particle,3,0.772844135761261
7182,candidate_006,radiometer_basic;surface_temp_ir;cr1000xe_backbone,1.8504,thermal,particle,3,0.8278887271881104
7182,candidate_006,radiometer_basic;surface_temp_ir;cr1000xe_backbone,1.8504,thermal,particle,3,0.8271642327308655
7182,candidate_006,radiometer_basic;surface_temp_ir;cr1000xe_backbone,1.8504,thermal,particle,3,0.867680549621582
7182,candidate_006,radiometer_basic;surface_temp_ir;cr1000xe_backbone,1.8504,thermal,particle,3,0.8816706538200378
7182,candidate_006,radiometer_basic;surface_temp_ir;cr1000xe_backbone,1.8504,thermal,thermal,3,0.7124393582344055
7182,candidate_006,radiometer_basic;surface_temp_ir;cr1000xe_backbone,1.8504,thermal,thermal,3,0.7850943803787231
7182,candidate_006,radiometer_basic;surface_temp_ir;cr1000xe_backbone,1.8504,thermal,thermal,3,0.8212867975234985
7182,candidate_006,radiometer_basic;surface_temp_ir;cr1000xe_backbone,1.8504,thermal,thermal,3,0.8106987476348877
7182,candidate_006,radiometer_basic;surface_temp_ir;cr1000xe_backbone,1.8504,thermal,thermal,3,0.8664442300796509
7182,candidate_006,radiometer_basic;surface_temp_ir;cr1000xe_backbone,1.8504,thermal,thermal,3,0.8847534656524658
7182,candidate_006,radiometer_basic;surface_temp_ir;cr1000xe_backbone,1.8504,thermal,thermal,3,0.8972523808479309
7182,candidate_006,radiometer_basic;surface_temp_ir;cr1000xe_backbone,1.8504,thermal,thermal,3,0.9198834896087646
7182,candidate_006,radiometer_basic;surface_temp_ir;cr1000xe_backbone,1.8504,thermal,thermal,3,0.8345444202423096
7182,candidate_006,radiometer_basic;surface_temp_ir;cr1000xe_backbone,1.8504,thermal,thermal,3,0.8797125816345215
7182,candidate_006,radiometer_basic;surface_temp_ir;cr1000xe_backbone,1.8504,thermal,thermal,3,0.8458713293075562
7182,candidate_006,radiometer_basic;surface_temp_ir;cr1000xe_backbone,1.8504,thermal,thermal,3,0.8222702741622925
7182,candidate_006,radiometer_basic;surface_temp_ir;cr1000xe_backbone,1.8504,thermal,thermal,3,0.8322992324829102
7182,candidate_006,radiometer_basic;surface_temp_ir;cr1000xe_backbone,1.8504,thermal,thermal,3,0.7989675998687744
7182,candidate_006,radiometer_basic;surface_temp_ir;cr1000xe_backbone,1.8504,thermal,thermal,3,0.8077612519264221
7182,candidate_006,radiometer_basic;surface_temp_ir;cr1000xe_backbone,1.8504,thermal,thermal,3,0.7676820755004883
7182,candidate_006,radiometer_basic;surface_temp_ir;cr1000xe_backbone,1.8504,calm,thermal,0,0.8435343503952026
7182,candidate_006,radiometer_basic;surface_temp_ir;cr1000xe_backbone,1.8504,calm,thermal,0,0.873643696308136
7182,candidate_006,radiometer_basic;surface_temp_ir;cr1000xe_backbone,1.8504,calm,thermal,0,0.7753115296363831
7182,candidate_006,radiometer_basic;surface_temp_ir;cr1000xe_backbone,1.8504,calm,thermal,0,0.7447052001953125
7182,candidate_006,radiometer_basic;surface_temp_ir;cr1000xe_backbone,1.8504,calm,thermal,0,0.7259870767593384
7182,candidate_006,radiometer_basic;surface_temp_ir;cr1000xe_backbone,1.8504,calm,thermal,0,0.7748182415962219
7182,candidate_006,radiometer_basic;surface_temp_ir;cr1000xe_backbone,1.8504,calm,thermal,0,0.716608464717865
7182,candidate_006,radiometer_basic;surface_temp_ir;cr1000xe_backbone,1.8504,calm,thermal,0,0.7134044170379639
7182,candidate_006,radiometer_basic;surface_temp_ir;cr1000xe_backbone,1.8504,calm,thermal,0,0.6924060583114624
7182,candidate_006,radiometer_basic;surface_temp_ir;cr1000xe_backbone,1.8504,calm,thermal,0,0.7307024598121643
7182,candidate_006,radiometer_basic;surface_temp_ir;cr1000xe_backbone,1.8504,calm,thermal,0,0.7341127395629883
7182,candidate_006,radiometer_basic;surface_temp_ir;cr1000xe_backbone,1.8504,calm,transport,0,0.7638982534408569
7182,candidate_006,radiometer_basic;surface_temp_ir;cr1000xe_backbone,1.8504,thermal,transport,3,0.7341554164886475
7182,candidate_006,radiometer_basic;surface_temp_ir;cr1000xe_backbone,1.8504,thermal,transport,3,0.7184881567955017
7182,candidate_007,laser_disdrometer;cr1000xe_backbone,1.2904,calm,thermal,0,1.0971429347991943
7182,candidate_007,laser_disdrometer;cr1000xe_backbone,1.2904,calm,thermal,0,1.1159751415252686
7182,candidate_007,laser_disdrometer;cr1000xe_backbone,1.2904,calm,thermal,0,1.1469751596450806
7182,candidate_007,laser_disdrometer;cr1000xe_backbone,1.2904,calm,thermal,0,1.1650924682617188
7182,candidate_007,laser_disdrometer;cr1000xe_backbone,1.2904,calm,thermal,0,1.1710337400436401
7182,candidate_007,laser_disdrometer;cr1000xe_backbone,1.2904,calm,thermal,0,1.145068645477295
7182,candidate_007,laser_disdrometer;cr1000xe_backbone,1.2904,calm,thermal,0,1.2756325006484985
7182,candidate_007,laser_disdrometer;cr1000xe_backbone,1.2904,calm,thermal,0,1.085155725479126
7182,candidate_007,laser_disdrometer;cr1000xe_backbone,1.2904,calm,thermal,0,1.1067928075790405
7182,candidate_007,laser_disdrometer;cr1000xe_backbone,1.2904,calm,thermal,0,0.9679957628250122
7182,candidate_007,laser_disdrometer;cr1000xe_backbone,1.2904,calm,thermal,0,1.0094910860061646
7182,candidate_007,laser_disdrometer;cr1000xe_backbone,1.2904,calm,transport,0,0.8921884894371033
7182,candidate_007,laser_disdrometer;cr1000xe_backbone,1.2904,calm,transport,0,0.8530346155166626
7182,candidate_007,laser_disdrometer;cr1000xe_backbone,1.2904,calm,transport,0,0.8284109234809875
7182,candidate_007,laser_disdrometer;cr1000xe_backbone,1.2904,calm,transport,0,0.8275097012519836
7182,candidate_007,laser_disdrometer;cr1000xe_backbone,1.2904,calm,transport,0,0.7905993461608887
7182,candidate_007,laser_disdrometer;cr1000xe_backbone,1.2904,calm,transport,0,0.7491339445114136
7182,candidate_007,laser_disdrometer;cr1000xe_backbone,1.2904,calm,transport,0,0.7084085941314697
7182,candidate_007,laser_disdrometer;cr1000xe_backbone,1.2904,calm,transport,0,0.7072082757949829
7182,candidate_007,laser_disdrometer;cr1000xe_backbone,1.2904,calm,transport,0,0.7048405408859253
7182,candidate_007,laser_disdrometer;cr1000xe_backbone,1.2904,calm,transport,0,0.6895626783370972
7182,candidate_007,laser_disdrometer;cr1000xe_backbone,1.2904,calm,transport,0,0.7400660514831543
7182,candidate_007,laser_disdrometer;cr1000xe_backbone,1.2904,calm,transport,0,0.7213823199272156
7182,candidate_007,laser_disdrometer;cr1000xe_backbone,1.2904,calm,transport,0,0.7164885997772217
7182,candidate_007,laser_disdrometer;cr1000xe_backbone,1.2904,calm,transport,0,0.797825038433075
7182,candidate_007,laser_disdrometer;cr1000xe_backbone,1.2904,calm,transport,0,0.8164063096046448
7182,candidate_007,laser_disdrometer;cr1000xe_backbone,1.2904,calm,transport,0,0.840507984161377
7182,candidate_007,laser_disdrometer;cr1000xe_backbone,1.2904,calm,transport,0,0.884860098361969
7182,candidate_007,laser_disdrometer;cr1000xe_backbone,1.2904,calm,transport,0,0.882976770401001
7182,candidate_007,laser_disdrometer;cr1000xe_backbone,1.2904,calm,transport,0,0.8633684515953064
7182,candidate_007,laser_disdrometer;cr1000xe_backbone,1.2904,calm,transport,0,0.8256984949111938
7182,candidate_007,laser_disdrometer;cr1000xe_backbone,1.2904,calm,transport,0,0.7889047861099243
7182,candidate_007,laser_disdrometer;cr1000xe_backbone,1.2904,calm,transport,0,0.7507782578468323
7182,candidate_007,laser_disdrometer;cr1000xe_backbone,1.2904,calm,transport,0,0.7391766905784607
7182,candidate_007,laser_disdrometer;cr1000xe_backbone,1.2904,calm,transport,0,0.7121104598045349
7182,candidate_007,laser_disdrometer;cr1000xe_backbone,1.2904,calm,transport,0,0.6749506592750549
7182,candidate_007,laser_disdrometer;cr1000xe_backbone,1.2904,calm,transport,0,0.7447949647903442
7182,candidate_007,laser_disdrometer;cr1000xe_backbone,1.2904,calm,transport,0,0.7391889691352844
7182,candidate_007,laser_disdrometer;cr1000xe_backbone,1.2904,calm,transport,0,0.6988093256950378
7182,candidate_007,laser_disdrometer;cr1000xe_backbone,1.2904,calm,transport,0,0.7268255352973938
7182,candidate_007,laser_disdrometer;cr1000xe_backbone,1.2904,calm,transport,0,0.7015134692192078
7182,candidate_007,laser_disdrometer;cr1000xe_backbone,1.2904,calm,transport,0,0.727782666683197
7182,candidate_007,laser_disdrometer;cr1000xe_backbone,1.2904,calm,transport,0,0.6983970403671265
7182,candidate_007,laser_disdrometer;cr1000xe_backbone,1.2904,calm,transport,0,0.6885972619056702
7182,candidate_007,laser_disdrometer;cr1000xe_backbone,1.2904,calm,particle,0,0.7323237061500549
7182,candidate_007,laser_disdrometer;cr1000xe_backbone,1.2904,calm,particle,0,0.7527514696121216
7182,candidate_007,laser_disdrometer;cr1000xe_backbone,1.2904,calm,particle,0,0.7575542330741882
7182,candidate_007,laser_disdrometer;cr1000xe_backbone,1.2904,calm,particle,0,0.7866033911705017
7182,candidate_007,laser_disdrometer;cr1000xe_backbone,1.2904,calm,particle,0,0.7939265370368958
7182,candidate_007,laser_disdrometer;cr1000xe_backbone,1.2904,calm,particle,0,0.799767792224884
7182,candidate_007,laser_disdrometer;cr1000xe_backbone,1.2904,calm,particle,0,0.8305305242538452
7182,candidate_007,laser_disdrometer;cr1000xe_backbone,1.2904,calm,particle,0,0.9011991620063782
7182,candidate_007,laser_disdrometer;cr1000xe_backbone,1.2904,calm,particle,0,0.8563569784164429
7182,candidate_007,laser_disdrometer;cr1000xe_backbone,1.2904,calm,particle,0,0.7933197021484375
7182,candidate_007,laser_disdrometer;cr1000xe_backbone,1.2904,calm,particle,0,0.8820173144340515
7182,candidate_007,laser_disdrometer;cr1000xe_backbone,1.2904,calm,particle,0,0.8646574020385742
7182,candidate_007,laser_disdrometer;cr1000xe_backbone,1.2904,calm,particle,0,0.8675240278244019
7182,candidate_007,laser_disdrometer;cr1000xe_backbone,1.2904,calm,particle,0,0.8201285600662231
7182,candidate_007,laser_disdrometer;cr1000xe_backbone,1.2904,calm,particle,0,0.7494106888771057
7182,candidate_007,laser_disdrometer;cr1000xe_backbone,1.2904,calm,particle,0,0.710383415222168
7182,candidate_007,laser_disdrometer;cr1000xe_backbone,1.2904,calm,particle,0,0.7044544219970703
7182,candidate_007,laser_disdrometer;cr1000xe_backbone,1.2904,calm,particle,0,0.6514631509780884
7182,candidate_007,laser_disdrometer;cr1000xe_backbone,1.2904,calm,particle,0,0.5903196334838867
7182,candidate_007,laser_disdrometer;cr1000xe_backbone,1.2904,calm,particle,0,0.595203161239624
7182,candidate_007,laser_disdrometer;cr1000xe_backbone,1.2904,calm,particle,0,0.5753688216209412
7182,candidate_007,laser_disdrometer;cr1000xe_backbone,1.2904,calm,thermal,0,0.573428750038147
7182,candidate_007,laser_disdrometer;cr1000xe_backbone,1.2904,calm,thermal,0,0.5852293372154236
7182,candidate_007,laser_disdrometer;cr1000xe_backbone,1.2904,calm,thermal,0,0.5826989412307739
7182,candidate_007,laser_disdrometer;cr1000xe_backbone,1.2904,calm,thermal,0,0.6016953587532043
7182,candidate_007,laser_disdrometer;cr1000xe_backbone,1.2904,calm,thermal,0,0.6303240060806274
7182,candidate_007,laser_disdrometer;cr1000xe_backbone,1.2904,calm,thermal,0,0.647125244140625
7182,candidate_007,laser_disdrometer;cr1000xe_backbone,1.2904,calm,thermal,0,0.6712407469749451
7182,candidate_007,laser_disdrometer;cr1000xe_backbone,1.2904,calm,thermal,0,0.7120064496994019
7182,candidate_007,laser_disdrometer;cr1000xe_backbone,1.2904,calm,thermal,0,0.7622275948524475
7182,candidate_007,laser_disdrometer;cr1000xe_backbone,1.2904,calm,thermal,0,0.7468869686126709
7182,candidate_007,laser_disdrometer;cr1000xe_backbone,1.2904,calm,thermal,0,0.8063361048698425
7182,candidate_007,laser_disdrometer;cr1000xe_backbone,1.2904,calm,thermal,0,0.8285413384437561
7182,candidate_007,laser_disdrometer;cr1000xe_backbone,1.2904,calm,thermal,0,0.8123961091041565
7182,candidate_007,laser_disdrometer;cr1000xe_backbone,1.2904,calm,thermal,0,0.8396981954574585
7182,candidate_007,laser_disdrometer;cr1000xe_backbone,1.2904,calm,thermal,0,0.7738366723060608
7182,candidate_007,laser_disdrometer;cr1000xe_backbone,1.2904,calm,thermal,0,0.7644407153129578
7182,candidate_007,laser_disdrometer;cr1000xe_backbone,1.2904,calm,thermal,0,0.7803983092308044
7182,candidate_007,laser_disdrometer;cr1000xe_backbone,1.2904,calm,thermal,0,0.7805084586143494
7182,candidate_007,laser_disdrometer;cr1000xe_backbone,1.2904,calm,thermal,0,0.7791566252708435
7182,candidate_007,laser_disdrometer;cr1000xe_backbone,1.2904,calm,thermal,0,0.7499402761459351
7182,candidate_007,laser_disdrometer;cr1000xe_backbone,1.2904,calm,thermal,0,0.7449846863746643
7182,candidate_007,laser_disdrometer;cr1000xe_backbone,1.2904,calm,thermal,0,0.7668966054916382
7182,candidate_007,laser_disdrometer;cr1000xe_backbone,1.2904,calm,thermal,0,0.7592807412147522
7182,candidate_007,laser_disdrometer;cr1000xe_backbone,1.2904,calm,thermal,0,0.7121663093566895
7182,candidate_007,laser_disdrometer;cr1000xe_backbone,1.2904,calm,transport,0,0.7961981296539307
7182,candidate_007,laser_disdrometer;cr1000xe_backbone,1.2904,calm,transport,0,0.7670301198959351
7182,candidate_007,laser_disdrometer;cr1000xe_backbone,1.2904,calm,transport,0,0.7401743531227112
7182,candidate_007,laser_disdrometer;cr1000xe_backbone,1.2904,calm,transport,0,0.7875377535820007
7182,candidate_007,laser_disdrometer;cr1000xe_backbone,1.2904,calm,transport,0,0.7651140093803406
7182,candidate_007,laser_disdrometer;cr1000xe_backbone,1.2904,calm,transport,0,0.8180333375930786
7182,candidate_007,laser_disdrometer;cr1000xe_backbone,1.2904,calm,transport,0,0.790021538734436
7182,candidate_007,laser_disdrometer;cr1000xe_backbone,1.2904,calm,transport,0,0.8226228952407837
7182,candidate_007,laser_disdrometer;cr1000xe_backbone,1.2904,calm,transport,0,0.846531331539154
7182,candidate_007,laser_disdrometer;cr1000xe_backbone,1.2904,calm,transport,0,0.8419418334960938
7182,candidate_007,laser_disdrometer;cr1000xe_backbone,1.2904,calm,transport,0,0.8228893876075745
7182,candidate_007,laser_disdrometer;cr1000xe_backbone,1.2904,calm,transport,0,0.885525643825531
7182,candidate_007,laser_disdrometer;cr1000xe_backbone,1.2904,calm,transport,0,0.8404614329338074
7182,candidate_007,laser_disdrometer;cr1000xe_backbone,1.2904,calm,transport,0,0.9547447562217712
7182,candidate_007,laser_disdrometer;cr1000xe_backbone,1.2904,calm,transport,0,0.8691585063934326
7182,candidate_007,laser_disdrometer;cr1000xe_backbone,1.2904,calm,transport,0,0.8156576752662659
7182,candidate_007,laser_disdrometer;cr1000xe_backbone,1.2904,calm,transport,0,0.8145827651023865
7182,candidate_007,laser_disdrometer;cr1000xe_backbone,1.2904,calm,transport,0,0.7726584672927856
7182,candidate_007,laser_disdrometer;cr1000xe_backbone,1.2904,calm,transport,0,0.7849781513214111
7182,candidate_007,laser_disdrometer;cr1000xe_backbone,1.2904,calm,transport,0,0.7817398309707642
7182,candidate_007,laser_disdrometer;cr1000xe_backbone,1.2904,calm,transport,0,0.7830348014831543
7182,candidate_007,laser_disdrometer;cr1000xe_backbone,1.2904,calm,transport,0,0.7090632319450378
7182,candidate_007,laser_disdrometer;cr1000xe_backbone,1.2904,calm,particle,0,0.753944993019104
7182,candidate_007,laser_disdrometer;cr1000xe_backbone,1.2904,calm,particle,0,0.7410886287689209
7182,candidate_007,laser_disdrometer;cr1000xe_backbone,1.2904,calm,particle,0,0.8492704629898071
7182,candidate_007,laser_disdrometer;cr1000xe_backbone,1.2904,calm,particle,0,0.8046903610229492
7182,candidate_007,laser_disdrometer;cr1000xe_backbone,1.2904,calm,particle,0,0.8180230855941772
7182,candidate_007,laser_disdrometer;cr1000xe_backbone,1.2904,calm,particle,0,0.792365550994873
7182,candidate_007,laser_disdrometer;cr1000xe_backbone,1.2904,calm,particle,0,0.809446394443512
7182,candidate_007,laser_disdrometer;cr1000xe_backbone,1.2904,calm,particle,0,0.8270164728164673
7182,candidate_007,laser_disdrometer;cr1000xe_backbone,1.2904,calm,particle,0,0.823764979839325
7182,candidate_007,laser_disdrometer;cr1000xe_backbone,1.2904,calm,particle,0,0.9555164575576782
7182,candidate_007,laser_disdrometer;cr1000xe_backbone,1.2904,calm,particle,0,0.9569123983383179
7182,candidate_007,laser_disdrometer;cr1000xe_backbone,1.2904,calm,particle,0,1.026597261428833
7182,candidate_007,laser_disdrometer;cr1000xe_backbone,1.2904,calm,particle,0,1.0477796792984009
7182,candidate_007,laser_disdrometer;cr1000xe_backbone,1.2904,calm,particle,0,1.0349763631820679
7182,candidate_007,laser_disdrometer;cr1000xe_backbone,1.2904,calm,particle,0,1.0684620141983032
7182,candidate_007,laser_disdrometer;cr1000xe_backbone,1.2904,calm,particle,0,1.1364754438400269
7182,candidate_007,laser_disdrometer;cr1000xe_backbone,1.2904,calm,particle,0,1.09921395778656
7182,candidate_007,laser_disdrometer;cr1000xe_backbone,1.2904,calm,particle,0,1.1295706033706665
7182,candidate_007,laser_disdrometer;cr1000xe_backbone,1.2904,calm,particle,0,0.994961678981781
7182,candidate_007,laser_disdrometer;cr1000xe_backbone,1.2904,calm,particle,0,1.108609676361084
7182,candidate_007,laser_disdrometer;cr1000xe_backbone,1.2904,calm,particle,0,1.0413342714309692
7182,candidate_007,laser_disdrometer;cr1000xe_backbone,1.2904,calm,particle,0,1.009244680404663
7182,candidate_007,laser_disdrometer;cr1000xe_backbone,1.2904,calm,particle,0,0.992418110370636
7182,candidate_007,laser_disdrometer;cr1000xe_backbone,1.2904,calm,thermal,0,1.0620824098587036
7182,candidate_007,laser_disdrometer;cr1000xe_backbone,1.2904,calm,thermal,0,1.1073867082595825
7182,candidate_007,laser_disdrometer;cr1000xe_backbone,1.2904,calm,thermal,0,1.0727192163467407
7182,candidate_007,laser_disdrometer;cr1000xe_backbone,1.2904,calm,thermal,0,1.061862587928772
7182,candidate_007,laser_disdrometer;cr1000xe_backbone,1.2904,calm,thermal,0,1.0734256505966187
7182,candidate_007,laser_disdrometer;cr1000xe_backbone,1.2904,calm,thermal,0,1.0801889896392822
7182,candidate_007,laser_disdrometer;cr1000xe_backbone,1.2904,calm,thermal,0,1.0888272523880005
7182,candidate_007,laser_disdrometer;cr1000xe_backbone,1.2904,calm,thermal,0,1.0656758546829224
7182,candidate_007,laser_disdrometer;cr1000xe_backbone,1.2904,calm,thermal,0,1.0490278005599976
7182,candidate_007,laser_disdrometer;cr1000xe_backbone,1.2904,calm,thermal,0,1.0851013660430908
7182,candidate_007,laser_disdrometer;cr1000xe_backbone,1.2904,calm,thermal,0,1.0571802854537964
7182,candidate_007,laser_disdrometer;cr1000xe_backbone,1.2904,calm,thermal,0,1.082700490951538
7182,candidate_007,laser_disdrometer;cr1000xe_backbone,1.2904,calm,thermal,0,1.1918718814849854
7182,candidate_007,laser_disdrometer;cr1000xe_backbone,1.2904,calm,thermal,0,1.157994270324707
7182,candidate_007,laser_disdrometer;cr1000xe_backbone,1.2904,calm,thermal,0,1.2233493328094482
7182,candidate_007,laser_disdrometer;cr1000xe_backbone,1.2904,calm,thermal,0,1.1760145425796509
7182,candidate_007,laser_disdrometer;cr1000xe_backbone,1.2904,calm,thermal,0,1.1047757863998413
7182,candidate_007,laser_disdrometer;cr1000xe_backbone,1.2904,calm,thermal,0,1.0473854541778564
7182,candidate_007,laser_disdrometer;cr1000xe_backbone,1.2904,calm,thermal,0,1.1123403310775757
7182,candidate_007,laser_disdrometer;cr1000xe_backbone,1.2904,calm,thermal,0,1.0859454870224
7182,candidate_007,laser_disdrometer;cr1000xe_backbone,1.2904,calm,thermal,0,1.1694802045822144
7182,candidate_007,laser_disdrometer;cr1000xe_backbone,1.2904,calm,transport,0,1.186043381690979
7182,candidate_007,laser_disdrometer;cr1000xe_backbone,1.2904,calm,transport,0,1.1598293781280518
7182,candidate_007,laser_disdrometer;cr1000xe_backbone,1.2904,calm,transport,0,1.148380994796753
7182,candidate_007,laser_disdrometer;cr1000xe_backbone,1.2904,calm,transport,0,1.0260885953903198
7182,candidate_007,laser_disdrometer;cr1000xe_backbone,1.2904,calm,transport,0,1.0609867572784424
7182,candidate_007,laser_disdrometer;cr1000xe_backbone,1.2904,calm,transport,0,1.0480544567108154
7182,candidate_007,laser_disdrometer;cr1000xe_backbone,1.2904,calm,transport,0,1.0232340097427368
7182,candidate_007,laser_disdrometer;cr1000xe_backbone,1.2904,calm,transport,0,1.0589840412139893
7182,candidate_007,laser_disdrometer;cr1000xe_backbone,1.2904,calm,transport,0,1.020092487335205
7182,candidate_007,laser_disdrometer;cr1000xe_backbone,1.2904,calm,transport,0,1.0201447010040283
7182,candidate_007,laser_disdrometer;cr1000xe_backbone,1.2904,calm,transport,0,1.033166766166687
7182,candidate_007,laser_disdrometer;cr1000xe_backbone,1.2904,calm,transport,0,1.0956182479858398
7182,candidate_007,laser_disdrometer;cr1000xe_backbone,1.2904,calm,transport,0,1.0789053440093994
7182,candidate_007,laser_disdrometer;cr1000xe_backbone,1.2904,calm,transport,0,1.1333426237106323
7182,candidate_007,laser_disdrometer;cr1000xe_backbone,1.2904,calm,transport,0,1.1325738430023193
7182,candidate_007,laser_disdrometer;cr1000xe_backbone,1.2904,calm,transport,0,1.1899433135986328
7182,candidate_007,laser_disdrometer;cr1000xe_backbone,1.2904,calm,transport,0,1.1859363317489624
7182,candidate_007,laser_disdrometer;cr1000xe_backbone,1.2904,calm,transport,0,1.161774754524231
7182,candidate_007,laser_disdrometer;cr1000xe_backbone,1.2904,calm,particle,0,1.1919633150100708
7182,candidate_007,laser_disdrometer;cr1000xe_backbone,1.2904,calm,particle,0,1.1572535037994385
7182,candidate_007,laser_disdrometer;cr1000xe_backbone,1.2904,calm,particle,0,1.1664763689041138
7182,candidate_007,laser_disdrometer;cr1000xe_backbone,1.2904,calm,particle,0,1.169148564338684
7182,candidate_007,laser_disdrometer;cr1000xe_backbone,1.2904,calm,particle,0,1.0942809581756592
7182,candidate_007,laser_disdrometer;cr1000xe_backbone,1.2904,calm,particle,0,1.1111375093460083
7182,candidate_007,laser_disdrometer;cr1000xe_backbone,1.2904,calm,particle,0,1.0941345691680908
7182,candidate_007,laser_disdrometer;cr1000xe_backbone,1.2904,calm,particle,0,1.1104000806808472
7182,candidate_007,laser_disdrometer;cr1000xe_backbone,1.2904,calm,particle,0,1.0789614915847778
7182,candidate_007,laser_disdrometer;cr1000xe_backbone,1.2904,calm,particle,0,1.1086430549621582
7182,candidate_007,laser_disdrometer;cr1000xe_backbone,1.2904,calm,particle,0,1.054699182510376
7182,candidate_007,laser_disdrometer;cr1000xe_backbone,1.2904,calm,particle,0,1.0203865766525269
7182,candidate_007,laser_disdrometer;cr1000xe_backbone,1.2904,calm,particle,0,1.0244152545928955
7182,candidate_007,laser_disdrometer;cr1000xe_backbone,1.2904,calm,particle,0,0.9797089099884033
7182,candidate_007,laser_disdrometer;cr1000xe_backbone,1.2904,calm,particle,0,1.014024257659912
7182,candidate_007,laser_disdrometer;cr1000xe_backbone,1.2904,calm,particle,0,0.9702649116516113
7182,candidate_007,laser_disdrometer;cr1000xe_backbone,1.2904,calm,particle,0,0.9640375375747681
7182,candidate_007,laser_disdrometer;cr1000xe_backbone,1.2904,calm,particle,0,0.9793059825897217
7182,candidate_007,laser_disdrometer;cr1000xe_backbone,1.2904,calm,particle,0,0.983189582824707
7182,candidate_007,laser_disdrometer;cr1000xe_backbone,1.2904,calm,particle,0,1.0455741882324219
7182,candidate_007,laser_disdrometer;cr1000xe_backbone,1.2904,calm,particle,0,1.0656777620315552
7182,candidate_007,laser_disdrometer;cr1000xe_backbone,1.2904,calm,particle,0,1.1043570041656494
7182,candidate_007,laser_disdrometer;cr1000xe_backbone,1.2904,calm,particle,0,1.0714188814163208
7182,candidate_007,laser_disdrometer;cr1000xe_backbone,1.2904,calm,particle,0,1.1096768379211426
7182,candidate_007,laser_disdrometer;cr1000xe_backbone,1.2904,calm,particle,0,1.0954442024230957
7182,candidate_007,laser_disdrometer;cr1000xe_backbone,1.2904,calm,particle,0,1.0660885572433472
7182,candidate_007,laser_disdrometer;cr1000xe_backbone,1.2904,calm,particle,0,1.0552310943603516
7182,candidate_007,laser_disdrometer;cr1000xe_backbone,1.2904,calm,particle,0,1.0500694513320923
7182,candidate_007,laser_disdrometer;cr1000xe_backbone,1.2904,calm,particle,0,1.0327874422073364
7182,candidate_007,laser_disdrometer;cr1000xe_backbone,1.2904,calm,particle,0,0.9937787652015686
7182,candidate_007,laser_disdrometer;cr1000xe_backbone,1.2904,calm,particle,0,0.9822643995285034
7182,candidate_007,laser_disdrometer;cr1000xe_backbone,1.2904,calm,particle,0,0.9432986974716187
7182,candidate_007,laser_disdrometer;cr1000xe_backbone,1.2904,calm,thermal,0,0.9485155940055847
7182,candidate_007,laser_disdrometer;cr1000xe_backbone,1.2904,calm,thermal,0,0.962160050868988
7182,candidate_007,laser_disdrometer;cr1000xe_backbone,1.2904,calm,thermal,0,0.9964252710342407
7182,candidate_007,laser_disdrometer;cr1000xe_backbone,1.2904,calm,thermal,0,0.9852854013442993
7182,candidate_007,laser_disdrometer;cr1000xe_backbone,1.2904,calm,thermal,0,0.981363832950592
7182,candidate_007,laser_disdrometer;cr1000xe_backbone,1.2904,calm,thermal,0,0.9741677045822144
7182,candidate_007,laser_disdrometer;cr1000xe_backbone,1.2904,calm,thermal,0,0.9632983207702637
7182,candidate_007,laser_disdrometer;cr1000xe_backbone,1.2904,calm,thermal,0,0.9694308638572693
7182,candidate_007,laser_disdrometer;cr1000xe_backbone,1.2904,calm,thermal,0,0.9953147768974304
7182,candidate_007,laser_disdrometer;cr1000xe_backbone,1.2904,calm,thermal,0,1.0009690523147583
7182,candidate_007,laser_disdrometer;cr1000xe_backbone,1.2904,calm,thermal,0,1.1453903913497925
7182,candidate_007,laser_disdrometer;cr1000xe_backbone,1.2904,calm,thermal,0,1.1322121620178223
7182,candidate_007,laser_disdrometer;cr1000xe_backbone,1.2904,calm,thermal,0,1.1732051372528076
7182,candidate_007,laser_disdrometer;cr1000xe_backbone,1.2904,calm,thermal,0,1.2136032581329346
7182,candidate_007,laser_disdrometer;cr1000xe_backbone,1.2904,calm,thermal,0,1.242445707321167
7182,candidate_007,laser_disdrometer;cr1000xe_backbone,1.2904,calm,thermal,0,1.3248419761657715
7182,candidate_007,laser_disdrometer;cr1000xe_backbone,1.2904,calm,thermal,0,1.3232699632644653
7182,candidate_007,laser_disdrometer;cr1000xe_backbone,1.2904,calm,thermal,0,1.2393313646316528
7182,candidate_007,laser_disdrometer;cr1000xe_backbone,1.2904,calm,thermal,0,1.2385348081588745
7182,candidate_007,laser_disdrometer;cr1000xe_backbone,1.2904,calm,thermal,0,1.1993093490600586
7182,candidate_007,laser_disdrometer;cr1000xe_backbone,1.2904,calm,thermal,0,1.1103142499923706
7182,candidate_007,laser_disdrometer;cr1000xe_backbone,1.2904,calm,thermal,0,1.096020221710205
7182,candidate_007,laser_disdrometer;cr1000xe_backbone,1.2904,calm,thermal,0,1.0653018951416016
7182,candidate_007,laser_disdrometer;cr1000xe_backbone,1.2904,calm,thermal,0,1.0356380939483643
7182,candidate_007,laser_disdrometer;cr1000xe_backbone,1.2904,thermal,thermal,3,0.9951719641685486
7182,candidate_007,laser_disdrometer;cr1000xe_backbone,1.2904,thermal,thermal,3,0.9837836623191833
7182,candidate_007,laser_disdrometer;cr1000xe_backbone,1.2904,thermal,thermal,3,1.0116162300109863
7182,candidate_007,laser_disdrometer;cr1000xe_backbone,1.2904,thermal,transport,3,0.9048824906349182
7182,candidate_007,laser_disdrometer;cr1000xe_backbone,1.2904,thermal,transport,3,1.0494555234909058
7182,candidate_007,laser_disdrometer;cr1000xe_backbone,1.2904,thermal,transport,3,0.9455999732017517
7182,candidate_007,laser_disdrometer;cr1000xe_backbone,1.2904,thermal,transport,3,0.937900960445404
7182,candidate_007,laser_disdrometer;cr1000xe_backbone,1.2904,thermal,transport,3,0.8785797953605652
7182,candidate_007,laser_disdrometer;cr1000xe_backbone,1.2904,thermal,transport,3,0.9314379096031189
7182,candidate_007,laser_disdrometer;cr1000xe_backbone,1.2904,thermal,transport,3,0.9839179515838623
7182,candidate_007,laser_disdrometer;cr1000xe_backbone,1.2904,thermal,transport,3,1.0278289318084717
7182,candidate_007,laser_disdrometer;cr1000xe_backbone,1.2904,thermal,transport,3,1.021569848060608
7182,candidate_007,laser_disdrometer;cr1000xe_backbone,1.2904,thermal,transport,3,0.9900113344192505
7182,candidate_007,laser_disdrometer;cr1000xe_backbone,1.2904,thermal,transport,3,1.0268381834030151
7182,candidate_007,laser_disdrometer;cr1000xe_backbone,1.2904,thermal,transport,3,1.028226613998413
7182,candidate_007,laser_disdrometer;cr1000xe_backbone,1.2904,thermal,transport,3,1.0806870460510254
7182,candidate_007,laser_disdrometer;cr1000xe_backbone,1.2904,thermal,transport,3,1.031051754951477
7182,candidate_007,laser_disdrometer;cr1000xe_backbone,1.2904,thermal,transport,3,1.0401370525360107
7182,candidate_007,laser_disdrometer;cr1000xe_backbone,1.2904,thermal,transport,3,0.9591079950332642
7182,candidate_007,laser_disdrometer;cr1000xe_backbone,1.2904,thermal,transport,3,0.9035276770591736
7182,candidate_007,laser_disdrometer;cr1000xe_backbone,1.2904,thermal,transport,3,0.9163258671760559
7182,candidate_007,laser_disdrometer;cr1000xe_backbone,1.2904,thermal,transport,3,0.9174303412437439
7182,candidate_007,laser_disdrometer;cr1000xe_backbone,1.2904,thermal,transport,3,0.9573469161987305
7182,candidate_007,laser_disdrometer;cr1000xe_backbone,1.2904,thermal,transport,3,0.8656665682792664
7182,candidate_007,laser_disdrometer;cr1000xe_backbone,1.2904,thermal,transport,3,0.9156964421272278
7182,candidate_007,laser_disdrometer;cr1000xe_backbone,1.2904,thermal,transport,3,0.9583994746208191
7182,candidate_007,laser_disdrometer;cr1000xe_backbone,1.2904,thermal,transport,3,0.987757682800293
7182,candidate_007,laser_disdrometer;cr1000xe_backbone,1.2904,calm,thermal,0,0.8750852942466736
7182,candidate_007,laser_disdrometer;cr1000xe_backbone,1.2904,particle,thermal,1,0.8534945249557495
7182,candidate_007,laser_disdrometer;cr1000xe_backbone,1.2904,particle,thermal,1,0.8610281348228455
7182,candidate_007,laser_disdrometer;cr1000xe_backbone,1.2904,particle,thermal,1,0.8562617301940918
7182,candidate_007,laser_disdrometer;cr1000xe_backbone,1.2904,particle,thermal,1,0.8331351280212402
7182,candidate_007,laser_disdrometer;cr1000xe_backbone,1.2904,particle,thermal,1,0.7065205574035645
7182,candidate_007,laser_disdrometer;cr1000xe_backbone,1.2904,particle,thermal,1,0.7353244423866272
7182,candidate_007,laser_disdrometer;cr1000xe_backbone,1.2904,particle,thermal,1,0.5993843078613281
7182,candidate_007,laser_disdrometer;cr1000xe_backbone,1.2904,particle,thermal,1,0.5180855393409729
7182,candidate_007,laser_disdrometer;cr1000xe_backbone,1.2904,particle,thermal,1,0.47967690229415894
7182,candidate_007,laser_disdrometer;cr1000xe_backbone,1.2904,particle,thermal,1,0.4572741687297821
7182,candidate_007,laser_disdrometer;cr1000xe_backbone,1.2904,particle,thermal,1,0.45223984122276306
7182,candidate_007,laser_disdrometer;cr1000xe_backbone,1.2904,particle,thermal,1,0.49278995394706726
7182,candidate_007,laser_disdrometer;cr1000xe_backbone,1.2904,particle,thermal,1,0.4745626449584961
7182,candidate_007,laser_disdrometer;cr1000xe_backbone,1.2904,particle,thermal,1,0.4404364228248596
7182,candidate_007,laser_disdrometer;cr1000xe_backbone,1.2904,particle,transport,1,0.48251157999038696
7182,candidate_007,laser_disdrometer;cr1000xe_backbone,1.2904,particle,transport,1,0.4695269465446472
7182,candidate_007,laser_disdrometer;cr1000xe_backbone,1.2904,particle,transport,1,0.4542011618614197
7182,candidate_007,laser_disdrometer;cr1000xe_backbone,1.2904,particle,transport,1,0.43130549788475037
7182,candidate_007,laser_disdrometer;cr1000xe_backbone,1.2904,particle,transport,1,0.4217517077922821
7182,candidate_007,laser_disdrometer;cr1000xe_backbone,1.2904,particle,transport,1,0.4343702495098114
7182,candidate_007,laser_disdrometer;cr1000xe_backbone,1.2904,particle,transport,1,0.3609026372432709
7182,candidate_007,laser_disdrometer;cr1000xe_backbone,1.2904,particle,transport,1,0.400729775428772
7182,candidate_007,laser_disdrometer;cr1000xe_backbone,1.2904,particle,transport,1,0.40732860565185547
7182,candidate_007,laser_disdrometer;cr1000xe_backbone,1.2904,particle,transport,1,0.44453391432762146
7182,candidate_007,laser_disdrometer;cr1000xe_backbone,1.2904,particle,transport,1,0.4275926649570465
7182,candidate_007,laser_disdrometer;cr1000xe_backbone,1.2904,particle,transport,1,0.47670412063598633
7182,candidate_007,laser_disdrometer;cr1000xe_backbone,1.2904,particle,transport,1,0.4692176878452301
7182,candidate_007,laser_disdrometer;cr1000xe_backbone,1.2904,particle,transport,1,0.48441681265830994
7182,candidate_007,laser_disdrometer;cr1000xe_backbone,1.2904,particle,transport,1,0.4916950762271881
7182,candidate_007,laser_disdrometer;cr1000xe_backbone,1.2904,particle,transport,1,0.5186606645584106
7182,candidate_007,laser_disdrometer;cr1000xe_backbone,1.2904,particle,transport,1,0.5281654000282288
7182,candidate_007,laser_disdrometer;cr1000xe_backbone,1.2904,particle,transport,1,0.5151551961898804
7182,candidate_007,laser_disdrometer;cr1000xe_backbone,1.2904,particle,transport,1,0.5431850552558899
7182,candidate_007,laser_disdrometer;cr1000xe_backbone,1.2904,particle,transport,1,0.5509918332099915
7182,candidate_007,laser_disdrometer;cr1000xe_backbone,1.2904,particle,transport,1,0.5606729984283447
7182,candidate_007,laser_disdrometer;cr1000xe_backbone,1.2904,particle,transport,1,0.5878185033798218
7182,candidate_007,laser_disdrometer;cr1000xe_backbone,1.2904,particle,transport,1,0.5955784916877747
7182,candidate_007,laser_disdrometer;cr1000xe_backbone,1.2904,particle,transport,1,0.5917871594429016
7182,candidate_007,laser_disdrometer;cr1000xe_backbone,1.2904,particle,transport,1,0.6335524916648865
7182,candidate_007,laser_disdrometer;cr1000xe_backbone,1.2904,particle,transport,1,0.6172962784767151
7182,candidate_007,laser_disdrometer;cr1000xe_backbone,1.2904,particle,transport,1,0.6296567320823669
7182,candidate_007,laser_disdrometer;cr1000xe_backbone,1.2904,particle,transport,1,0.6091777682304382
7182,candidate_007,laser_disdrometer;cr1000xe_backbone,1.2904,particle,particle,1,0.6810834407806396
7182,candidate_007,laser_disdrometer;cr1000xe_backbone,1.2904,particle,particle,1,0.6784816384315491
7182,candidate_007,laser_disdrometer;cr1000xe_backbone,1.2904,particle,particle,1,0.7279428839683533
7182,candidate_007,laser_disdrometer;cr1000xe_backbone,1.2904,particle,particle,1,0.62880939245224
7182,candidate_007,laser_disdrometer;cr1000xe_backbone,1.2904,particle,particle,1,0.7315363883972168
7182,candidate_007,laser_disdrometer;cr1000xe_backbone,1.2904,particle,particle,1,0.7388692498207092
7182,candidate_007,laser_disdrometer;cr1000xe_backbone,1.2904,particle,particle,1,0.7851499915122986
7182,candidate_007,laser_disdrometer;cr1000xe_backbone,1.2904,particle,particle,1,0.7345089316368103
7182,candidate_007,laser_disdrometer;cr1000xe_backbone,1.2904,particle,particle,1,0.7874287366867065
7182,candidate_007,laser_disdrometer;cr1000xe_backbone,1.2904,particle,particle,1,0.8331867456436157
7182,candidate_007,laser_disdrometer;cr1000xe_backbone,1.2904,particle,particle,1,0.8745765686035156
7182,candidate_007,laser_disdrometer;cr1000xe_backbone,1.2904,particle,particle,1,0.85811847448349
7182,candidate_007,laser_disdrometer;cr1000xe_backbone,1.2904,particle,particle,1,0.8574169278144836
7182,candidate_007,laser_disdrometer;cr1000xe_backbone,1.2904,particle,particle,1,0.8706925511360168
7182,candidate_007,laser_disdrometer;cr1000xe_backbone,1.2904,particle,particle,1,0.8424806594848633
7182,candidate_007,laser_disdrometer;cr1000xe_backbone,1.2904,particle,particle,1,0.9146465063095093
7182,candidate_007,laser_disdrometer;cr1000xe_backbone,1.2904,particle,particle,1,0.8542308211326599
7182,candidate_007,laser_disdrometer;cr1000xe_backbone,1.2904,calm,particle,0,0.8051294088363647
7182,candidate_007,laser_disdrometer;cr1000xe_backbone,1.2904,calm,particle,0,0.7519405484199524
7182,candidate_007,laser_disdrometer;cr1000xe_backbone,1.2904,calm,particle,0,0.8559604287147522
7182,candidate_007,laser_disdrometer;cr1000xe_backbone,1.2904,calm,particle,0,0.7994092106819153
7182,candidate_007,laser_disdrometer;cr1000xe_backbone,1.2904,calm,particle,0,0.849456787109375
7182,candidate_007,laser_disdrometer;cr1000xe_backbone,1.2904,calm,particle,0,0.8613843321800232
7182,candidate_007,laser_disdrometer;cr1000xe_backbone,1.2904,calm,particle,0,0.8898084759712219
7182,candidate_007,laser_disdrometer;cr1000xe_backbone,1.2904,calm,particle,0,0.9281134605407715
7182,candidate_007,laser_disdrometer;cr1000xe_backbone,1.2904,calm,particle,0,0.8282265067100525
7182,candidate_007,laser_disdrometer;cr1000xe_backbone,1.2904,calm,particle,0,0.8091833591461182
7182,candidate_007,laser_disdrometer;cr1000xe_backbone,1.2904,calm,particle,0,0.7437390685081482
7182,candidate_007,laser_disdrometer;cr1000xe_backbone,1.2904,calm,particle,0,0.754056453704834
7182,candidate_007,laser_disdrometer;cr1000xe_backbone,1.2904,calm,particle,0,0.6842276453971863
7182,candidate_007,laser_disdrometer;cr1000xe_backbone,1.2904,calm,particle,0,0.6900734305381775
7182,candidate_007,laser_disdrometer;cr1000xe_backbone,1.2904,particle,particle,1,0.7876464128494263
7182,candidate_007,laser_disdrometer;cr1000xe_backbone,1.2904,particle,particle,1,0.851344883441925
7182,candidate_007,laser_disdrometer;cr1000xe_backbone,1.2904,particle,particle,1,0.8627959489822388
7182,candidate_007,laser_disdrometer;cr1000xe_backbone,1.2904,particle,particle,1,0.8549228310585022
7182,candidate_007,laser_disdrometer;cr1000xe_backbone,1.2904,particle,thermal,1,0.8502691388130188
7182,candidate_007,laser_disdrometer;cr1000xe_backbone,1.2904,particle,thermal,1,0.8727737069129944
7182,candidate_007,laser_disdrometer;cr1000xe_backbone,1.2904,particle,thermal,1,0.8126361966133118
7182,candidate_007,laser_disdrometer;cr1000xe_backbone,1.2904,particle,thermal,1,0.7876331806182861
7182,candidate_007,laser_disdrometer;cr1000xe_backbone,1.2904,particle,thermal,1,0.826103150844574
7182,candidate_007,laser_disdrometer;cr1000xe_backbone,1.2904,particle,thermal,1,0.8375831842422485
7182,candidate_007,laser_disdrometer;cr1000xe_backbone,1.2904,particle,thermal,1,0.8675176501274109
7182,candidate_007,laser_disdrometer;cr1000xe_backbone,1.2904,particle,thermal,1,0.827642560005188
7182,candidate_007,laser_disdrometer;cr1000xe_backbone,1.2904,particle,thermal,1,0.8265932202339172
7182,candidate_007,laser_disdrometer;cr1000xe_backbone,1.2904,particle,thermal,1,0.7741672992706299
7182,candidate_007,laser_disdrometer;cr1000xe_backbone,1.2904,particle,thermal,1,0.7150190472602844
7182,candidate_007,laser_disdrometer;cr1000xe_backbone,1.2904,particle,thermal,1,0.6279348134994507
7182,candidate_007,laser_disdrometer;cr1000xe_backbone,1.2904,particle,thermal,1,0.5918070077896118
7182,candidate_007,laser_disdrometer;cr1000xe_backbone,1.2904,particle,thermal,1,0.45684924721717834
7182,candidate_007,laser_disdrometer;cr1000xe_backbone,1.2904,particle,thermal,1,0.4715137481689453
7182,candidate_007,laser_disdrometer;cr1000xe_backbone,1.2904,particle,thermal,1,0.3496053218841553
7182,candidate_007,laser_disdrometer;cr1000xe_backbone,1.2904,particle,thermal,1,0.37717050313949585
7182,candidate_007,laser_disdrometer;cr1000xe_backbone,1.2904,particle,thermal,1,0.33253106474876404
7182,candidate_007,laser_disdrometer;cr1000xe_backbone,1.2904,particle,transport,1,0.3683977425098419
7182,candidate_007,laser_disdrometer;cr1000xe_backbone,1.2904,particle,transport,1,0.36731407046318054
7182,candidate_007,laser_disdrometer;cr1000xe_backbone,1.2904,particle,transport,1,0.413794606924057
7182,candidate_007,laser_disdrometer;cr1000xe_backbone,1.2904,particle,transport,1,0.41711682081222534
7182,candidate_007,laser_disdrometer;cr1000xe_backbone,1.2904,particle,transport,1,0.449047714471817
7182,candidate_007,laser_disdrometer;cr1000xe_backbone,1.2904,particle,transport,1,0.48063674569129944
7182,candidate_007,laser_disdrometer;cr1000xe_backbone,1.2904,particle,transport,1,0.47086331248283386
7182,candidate_007,laser_disdrometer;cr1000xe_backbone,1.2904,particle,transport,1,0.5389317274093628
7182,candidate_007,laser_disdrometer;cr1000xe_backbone,1.2904,particle,transport,1,0.4745936989784241
7182,candidate_007,laser_disdrometer;cr1000xe_backbone,1.2904,particle,transport,1,0.5510064959526062
7182,candidate_007,laser_disdrometer;cr1000xe_backbone,1.2904,particle,transport,1,0.5019671320915222
7182,candidate_007,laser_disdrometer;cr1000xe_backbone,1.2904,particle,transport,1,0.5266152620315552
7182,candidate_007,laser_disdrometer;cr1000xe_backbone,1.2904,particle,transport,1,0.5108230113983154
7182,candidate_007,laser_disdrometer;cr1000xe_backbone,1.2904,particle,transport,1,0.529461681842804
7182,candidate_007,laser_disdrometer;cr1000xe_backbone,1.2904,calm,transport,0,0.4909970760345459
7182,candidate_007,laser_disdrometer;cr1000xe_backbone,1.2904,calm,transport,0,0.5167059302330017
7182,candidate_007,laser_disdrometer;cr1000xe_backbone,1.2904,calm,transport,0,0.5291880369186401
7182,candidate_007,laser_disdrometer;cr1000xe_backbone,1.2904,calm,transport,0,0.5355165004730225
7182,candidate_007,laser_disdrometer;cr1000xe_backbone,1.2904,calm,transport,0,0.5127936601638794
7182,candidate_007,laser_disdrometer;cr1000xe_backbone,1.2904,calm,transport,0,0.5243399143218994
7182,candidate_007,laser_disdrometer;cr1000xe_backbone,1.2904,calm,particle,0,0.5477984547615051
7182,candidate_007,laser_disdrometer;cr1000xe_backbone,1.2904,calm,particle,0,0.5295527577400208
7182,candidate_007,laser_disdrometer;cr1000xe_backbone,1.2904,calm,particle,0,0.6368439197540283
7182,candidate_007,laser_disdrometer;cr1000xe_backbone,1.2904,calm,particle,0,0.6844882369041443
7182,candidate_007,laser_disdrometer;cr1000xe_backbone,1.2904,calm,particle,0,0.6958250999450684
7182,candidate_007,laser_disdrometer;cr1000xe_backbone,1.2904,calm,particle,0,0.6808772087097168
7182,candidate_007,laser_disdrometer;cr1000xe_backbone,1.2904,calm,particle,0,0.6454811692237854
7182,candidate_007,laser_disdrometer;cr1000xe_backbone,1.2904,calm,particle,0,0.6107633709907532
7182,candidate_007,laser_disdrometer;cr1000xe_backbone,1.2904,flux,particle,2,0.6221597194671631
7182,candidate_007,laser_disdrometer;cr1000xe_backbone,1.2904,flux,particle,2,0.5777984261512756
7182,candidate_007,laser_disdrometer;cr1000xe_backbone,1.2904,flux,particle,2,0.6096839904785156
7182,candidate_007,laser_disdrometer;cr1000xe_backbone,1.2904,flux,particle,2,0.652607798576355
7182,candidate_007,laser_disdrometer;cr1000xe_backbone,1.2904,flux,particle,2,0.5697818994522095
7182,candidate_007,laser_disdrometer;cr1000xe_backbone,1.2904,flux,particle,2,0.6431704163551331
7182,candidate_007,laser_disdrometer;cr1000xe_backbone,1.2904,flux,particle,2,0.7471358776092529
7182,candidate_007,laser_disdrometer;cr1000xe_backbone,1.2904,flux,particle,2,0.7649054527282715
7182,candidate_007,laser_disdrometer;cr1000xe_backbone,1.2904,flux,particle,2,0.7208699584007263
7182,candidate_007,laser_disdrometer;cr1000xe_backbone,1.2904,flux,particle,2,0.7345081567764282
7182,candidate_007,laser_disdrometer;cr1000xe_backbone,1.2904,flux,particle,2,0.8456142544746399
7182,candidate_007,laser_disdrometer;cr1000xe_backbone,1.2904,flux,particle,2,0.9568872451782227
7182,candidate_007,laser_disdrometer;cr1000xe_backbone,1.2904,flux,particle,2,0.7981964945793152
7182,candidate_007,laser_disdrometer;cr1000xe_backbone,1.2904,flux,particle,2,0.8312933444976807
7182,candidate_007,laser_disdrometer;cr1000xe_backbone,1.2904,flux,particle,2,0.8194712996482849
7182,candidate_007,laser_disdrometer;cr1000xe_backbone,1.2904,flux,particle,2,0.8693309426307678
7182,candidate_007,laser_disdrometer;cr1000xe_backbone,1.2904,flux,particle,2,0.8607996702194214
7182,candidate_007,laser_disdrometer;cr1000xe_backbone,1.2904,flux,thermal,2,0.8120678663253784
7182,candidate_007,laser_disdrometer;cr1000xe_backbone,1.2904,flux,thermal,2,0.8408709764480591
7182,candidate_007,laser_disdrometer;cr1000xe_backbone,1.2904,flux,thermal,2,0.8879503607749939
7182,candidate_007,laser_disdrometer;cr1000xe_backbone,1.2904,flux,thermal,2,0.8634724617004395
7182,candidate_007,laser_disdrometer;cr1000xe_backbone,1.2904,flux,thermal,2,0.858982264995575
7182,candidate_007,laser_disdrometer;cr1000xe_backbone,1.2904,flux,thermal,2,0.7941899299621582
7182,candidate_007,laser_disdrometer;cr1000xe_backbone,1.2904,flux,thermal,2,0.8925235271453857
7182,candidate_007,laser_disdrometer;cr1000xe_backbone,1.2904,flux,thermal,2,0.8032872676849365
7182,candidate_007,laser_disdrometer;cr1000xe_backbone,1.2904,flux,thermal,2,0.8887041807174683
7182,candidate_007,laser_disdrometer;cr1000xe_backbone,1.2904,flux,thermal,2,0.8496004939079285
7182,candidate_007,laser_disdrometer;cr1000xe_backbone,1.2904,flux,thermal,2,0.8217034935951233
7182,candidate_007,laser_disdrometer;cr1000xe_backbone,1.2904,flux,thermal,2,0.8605707287788391
7182,candidate_007,laser_disdrometer;cr1000xe_backbone,1.2904,flux,thermal,2,0.8802078366279602
7182,candidate_007,laser_disdrometer;cr1000xe_backbone,1.2904,flux,thermal,2,0.8591622710227966
7182,candidate_007,laser_disdrometer;cr1000xe_backbone,1.2904,flux,thermal,2,0.8198776245117188
7182,candidate_007,laser_disdrometer;cr1000xe_backbone,1.2904,flux,thermal,2,0.8653193116188049
7182,candidate_007,laser_disdrometer;cr1000xe_backbone,1.2904,flux,thermal,2,0.8495105504989624
7182,candidate_007,laser_disdrometer;cr1000xe_backbone,1.2904,flux,thermal,2,0.8128784894943237
7182,candidate_007,laser_disdrometer;cr1000xe_backbone,1.2904,flux,thermal,2,0.8094057440757751
7182,candidate_007,laser_disdrometer;cr1000xe_backbone,1.2904,flux,thermal,2,0.827918529510498
7182,candidate_007,laser_disdrometer;cr1000xe_backbone,1.2904,flux,thermal,2,0.7898204326629639
7182,candidate_007,laser_disdrometer;cr1000xe_backbone,1.2904,flux,thermal,2,0.7718157172203064
7182,candidate_007,laser_disdrometer;cr1000xe_backbone,1.2904,flux,thermal,2,0.7892122268676758
7182,candidate_007,laser_disdrometer;cr1000xe_backbone,1.2904,flux,thermal,2,0.681565523147583
7182,candidate_007,laser_disdrometer;cr1000xe_backbone,1.2904,flux,thermal,2,0.7388877868652344
7182,candidate_007,laser_disdrometer;cr1000xe_backbone,1.2904,flux,thermal,2,0.7278698086738586
7182,candidate_007,laser_disdrometer;cr1000xe_backbone,1.2904,flux,thermal,2,0.6582211256027222
7182,candidate_007,laser_disdrometer;cr1000xe_backbone,1.2904,flux,transport,2,0.6961744427680969
7182,candidate_007,laser_disdrometer;cr1000xe_backbone,1.2904,flux,transport,2,0.6911274790763855
7182,candidate_007,laser_disdrometer;cr1000xe_backbone,1.2904,flux,transport,2,0.7697187066078186
7182,candidate_007,laser_disdrometer;cr1000xe_backbone,1.2904,flux,transport,2,0.7407054305076599
7182,candidate_007,laser_disdrometer;cr1000xe_backbone,1.2904,calm,transport,0,0.7217263579368591
7182,candidate_007,laser_disdrometer;cr1000xe_backbone,1.2904,calm,transport,0,0.7293561697006226
7182,candidate_007,laser_disdrometer;cr1000xe_backbone,1.2904,calm,transport,0,0.7515364289283752
7182,candidate_007,laser_disdrometer;cr1000xe_backbone,1.2904,calm,transport,0,0.7325335144996643
7182,candidate_007,laser_disdrometer;cr1000xe_backbone,1.2904,calm,transport,0,0.7793259024620056
7182,candidate_007,laser_disdrometer;cr1000xe_backbone,1.2904,calm,transport,0,0.7770410776138306
7182,candidate_007,laser_disdrometer;cr1000xe_backbone,1.2904,calm,transport,0,0.8144605159759521
7182,candidate_007,laser_disdrometer;cr1000xe_backbone,1.2904,calm,transport,0,0.8018463253974915
7182,candidate_007,laser_disdrometer;cr1000xe_backbone,1.2904,calm,transport,0,0.8547654151916504
7182,candidate_007,laser_disdrometer;cr1000xe_backbone,1.2904,calm,transport,0,0.8179395198822021
7182,candidate_007,laser_disdrometer;cr1000xe_backbone,1.2904,calm,transport,0,0.8390271663665771
7182,candidate_007,laser_disdrometer;cr1000xe_backbone,1.2904,calm,transport,0,0.8017213940620422
7182,candidate_007,laser_disdrometer;cr1000xe_backbone,1.2904,calm,transport,0,0.8434900641441345
7182,candidate_007,laser_disdrometer;cr1000xe_backbone,1.2904,calm,transport,0,0.8095861673355103
7182,candidate_007,laser_disdrometer;cr1000xe_backbone,1.2904,thermal,transport,3,0.8359776735305786
7182,candidate_007,laser_disdrometer;cr1000xe_backbone,1.2904,thermal,transport,3,0.8120265007019043
7182,candidate_007,laser_disdrometer;cr1000xe_backbone,1.2904,thermal,transport,3,0.9247745275497437
7182,candidate_007,laser_disdrometer;cr1000xe_backbone,1.2904,thermal,transport,3,0.8347896933555603
7182,candidate_007,laser_disdrometer;cr1000xe_backbone,1.2904,thermal,particle,3,0.921370804309845
7182,candidate_007,laser_disdrometer;cr1000xe_backbone,1.2904,thermal,particle,3,0.7957216501235962
7182,candidate_007,laser_disdrometer;cr1000xe_backbone,1.2904,thermal,particle,3,0.7637087106704712
7182,candidate_007,laser_disdrometer;cr1000xe_backbone,1.2904,thermal,particle,3,0.8310025930404663
7182,candidate_007,laser_disdrometer;cr1000xe_backbone,1.2904,thermal,particle,3,0.8038219809532166
7182,candidate_007,laser_disdrometer;cr1000xe_backbone,1.2904,thermal,particle,3,0.7801077961921692
7182,candidate_007,laser_disdrometer;cr1000xe_backbone,1.2904,thermal,particle,3,0.7440696358680725
7182,candidate_007,laser_disdrometer;cr1000xe_backbone,1.2904,thermal,particle,3,0.7069812417030334
7182,candidate_007,laser_disdrometer;cr1000xe_backbone,1.2904,thermal,particle,3,0.692080557346344
7182,candidate_007,laser_disdrometer;cr1000xe_backbone,1.2904,thermal,particle,3,0.6846112608909607
7182,candidate_007,laser_disdrometer;cr1000xe_backbone,1.2904,thermal,particle,3,0.6440292596817017
7182,candidate_007,laser_disdrometer;cr1000xe_backbone,1.2904,thermal,particle,3,0.6949729323387146
7182,candidate_007,laser_disdrometer;cr1000xe_backbone,1.2904,thermal,particle,3,0.6812577247619629
7182,candidate_007,laser_disdrometer;cr1000xe_backbone,1.2904,thermal,particle,3,0.683189868927002
7182,candidate_007,laser_disdrometer;cr1000xe_backbone,1.2904,thermal,particle,3,0.6634607911109924
7182,candidate_007,laser_disdrometer;cr1000xe_backbone,1.2904,thermal,particle,3,0.748504102230072
7182,candidate_007,laser_disdrometer;cr1000xe_backbone,1.2904,thermal,particle,3,0.8205134272575378
7182,candidate_007,laser_disdrometer;cr1000xe_backbone,1.2904,thermal,particle,3,0.7857575416564941
7182,candidate_007,laser_disdrometer;cr1000xe_backbone,1.2904,thermal,particle,3,0.8248008489608765
7182,candidate_007,laser_disdrometer;cr1000xe_backbone,1.2904,thermal,particle,3,0.7795689702033997
7182,candidate_007,laser_disdrometer;cr1000xe_backbone,1.2904,thermal,particle,3,0.7715054154396057
7182,candidate_007,laser_disdrometer;cr1000xe_backbone,1.2904,thermal,particle,3,0.778132438659668
7182,candidate_007,laser_disdrometer;cr1000xe_backbone,1.2904,thermal,particle,3,0.7896490693092346
7182,candidate_007,laser_disdrometer;cr1000xe_backbone,1.2904,thermal,particle,3,0.7739527225494385
7182,candidate_007,laser_disdrometer;cr1000xe_backbone,1.2904,thermal,particle,3,0.7379462718963623
7182,candidate_007,laser_disdrometer;cr1000xe_backbone,1.2904,thermal,particle,3,0.7252491116523743
7182,candidate_007,laser_disdrometer;cr1000xe_backbone,1.2904,thermal,particle,3,0.6935296654701233
7182,candidate_007,laser_disdrometer;cr1000xe_backbone,1.2904,thermal,particle,3,0.7166079878807068
7182,candidate_007,laser_disdrometer;cr1000xe_backbone,1.2904,thermal,particle,3,0.7427613139152527
7182,candidate_007,laser_disdrometer;cr1000xe_backbone,1.2904,thermal,particle,3,0.7350517511367798
7182,candidate_007,laser_disdrometer;cr1000xe_backbone,1.2904,thermal,particle,3,0.7524440884590149
7182,candidate_007,laser_disdrometer;cr1000xe_backbone,1.2904,thermal,particle,3,0.8546934127807617
7182,candidate_007,laser_disdrometer;cr1000xe_backbone,1.2904,thermal,particle,3,0.925029993057251
7182,candidate_007,laser_disdrometer;cr1000xe_backbone,1.2904,thermal,particle,3,0.8652004599571228
7182,candidate_007,laser_disdrometer;cr1000xe_backbone,1.2904,thermal,particle,3,0.8884227871894836
7182,candidate_007,laser_disdrometer;cr1000xe_backbone,1.2904,thermal,particle,3,0.9287777543067932
7182,candidate_007,laser_disdrometer;cr1000xe_backbone,1.2904,thermal,thermal,3,1.0516630411148071
7182,candidate_007,laser_disdrometer;cr1000xe_backbone,1.2904,thermal,thermal,3,1.1317075490951538
7182,candidate_007,laser_disdrometer;cr1000xe_backbone,1.2904,thermal,thermal,3,1.1602510213851929
7182,candidate_007,laser_disdrometer;cr1000xe_backbone,1.2904,thermal,thermal,3,1.081985592842102
7182,candidate_007,laser_disdrometer;cr1000xe_backbone,1.2904,thermal,thermal,3,1.1039310693740845
7182,candidate_007,laser_disdrometer;cr1000xe_backbone,1.2904,thermal,thermal,3,1.0191999673843384
7182,candidate_007,laser_disdrometer;cr1000xe_backbone,1.2904,thermal,thermal,3,1.0554991960525513
7182,candidate_007,laser_disdrometer;cr1000xe_backbone,1.2904,thermal,thermal,3,0.9888812303543091
7182,candidate_007,laser_disdrometer;cr1000xe_backbone,1.2904,thermal,thermal,3,0.9941896796226501
7182,candidate_007,laser_disdrometer;cr1000xe_backbone,1.2904,thermal,thermal,3,0.9477007389068604
7182,candidate_007,laser_disdrometer;cr1000xe_backbone,1.2904,thermal,thermal,3,0.8997491598129272
7182,candidate_007,laser_disdrometer;cr1000xe_backbone,1.2904,thermal,thermal,3,0.8890064358711243
7182,candidate_007,laser_disdrometer;cr1000xe_backbone,1.2904,thermal,thermal,3,0.836277425289154
7182,candidate_007,laser_disdrometer;cr1000xe_backbone,1.2904,thermal,thermal,3,0.8062833547592163
7182,candidate_007,laser_disdrometer;cr1000xe_backbone,1.2904,thermal,thermal,3,0.7412469387054443
7182,candidate_007,laser_disdrometer;cr1000xe_backbone,1.2904,thermal,thermal,3,0.6797606348991394
7182,candidate_007,laser_disdrometer;cr1000xe_backbone,1.2904,calm,thermal,0,0.7082022428512573
7182,candidate_007,laser_disdrometer;cr1000xe_backbone,1.2904,calm,thermal,0,0.7854783535003662
7182,candidate_007,laser_disdrometer;cr1000xe_backbone,1.2904,calm,thermal,0,0.7505105137825012
7182,candidate_007,laser_disdrometer;cr1000xe_backbone,1.2904,calm,thermal,0,0.7439479827880859
7182,candidate_007,laser_disdrometer;cr1000xe_backbone,1.2904,calm,thermal,0,0.7824591398239136
7182,candidate_007,laser_disdrometer;cr1000xe_backbone,1.2904,calm,thermal,0,0.7372815012931824
7182,candidate_007,laser_disdrometer;cr1000xe_backbone,1.2904,calm,thermal,0,0.7235508561134338
7182,candidate_007,laser_disdrometer;cr1000xe_backbone,1.2904,calm,thermal,0,0.7359256744384766
7182,candidate_007,laser_disdrometer;cr1000xe_backbone,1.2904,calm,thermal,0,0.8128716945648193
7182,candidate_007,laser_disdrometer;cr1000xe_backbone,1.2904,calm,thermal,0,0.7671365737915039
7182,candidate_007,laser_disdrometer;cr1000xe_backbone,1.2904,calm,thermal,0,0.867728590965271
7182,candidate_007,laser_disdrometer;cr1000xe_backbone,1.2904,calm,transport,0,0.8105329871177673
7182,candidate_007,laser_disdrometer;cr1000xe_backbone,1.2904,thermal,transport,3,0.9242767095565796
7182,candidate_007,laser_disdrometer;cr1000xe_backbone,1.2904,thermal,transport,3,0.8675611019134521
7182,candidate_008,met_station_core;laser_disdrometer;cr1000xe_backbone,2.0103999999999997,calm,thermal,0,0.7280855178833008
7182,candidate_008,met_station_core;laser_disdrometer;cr1000xe_backbone,2.0103999999999997,calm,thermal,0,0.7180953025817871
7182,candidate_008,met_station_core;laser_disdrometer;cr1000xe_backbone,2.0103999999999997,calm,thermal,0,0.6307013630867004
7182,candidate_008,met_station_core;laser_disdrometer;cr1000xe_backbone,2.0103999999999997,calm,thermal,0,0.6157264709472656
7182,candidate_008,met_station_core;laser_disdrometer;cr1000xe_backbone,2.0103999999999997,calm,thermal,0,0.5871260166168213
7182,candidate_008,met_station_core;laser_disdrometer;cr1000xe_backbone,2.0103999999999997,calm,thermal,0,0.5650808215141296
7182,candidate_008,met_station_core;laser_disdrometer;cr1000xe_backbone,2.0103999999999997,calm,thermal,0,0.5234338045120239
7182,candidate_008,met_station_core;laser_disdrometer;cr1000xe_backbone,2.0103999999999997,calm,thermal,0,0.49118828773498535
7182,candidate_008,met_station_core;laser_disdrometer;cr1000xe_backbone,2.0103999999999997,calm,thermal,0,0.40138599276542664
7182,candidate_008,met_station_core;laser_disdrometer;cr1000xe_backbone,2.0103999999999997,calm,thermal,0,0.37582528591156006
7182,candidate_008,met_station_core;laser_disdrometer;cr1000xe_backbone,2.0103999999999997,calm,thermal,0,0.3712065815925598
7182,candidate_008,met_station_core;laser_disdrometer;cr1000xe_backbone,2.0103999999999997,calm,transport,0,0.3177145719528198
7182,candidate_008,met_station_core;laser_disdrometer;cr1000xe_backbone,2.0103999999999997,calm,transport,0,0.31059035658836365
7182,candidate_008,met_station_core;laser_disdrometer;cr1000xe_backbone,2.0103999999999997,calm,transport,0,0.2885220944881439
7182,candidate_008,met_station_core;laser_disdrometer;cr1000xe_backbone,2.0103999999999997,calm,transport,0,0.2641446590423584
7182,candidate_008,met_station_core;laser_disdrometer;cr1000xe_backbone,2.0103999999999997,calm,transport,0,0.2815234065055847
7182,candidate_008,met_station_core;laser_disdrometer;cr1000xe_backbone,2.0103999999999997,calm,transport,0,0.39485931396484375
7182,candidate_008,met_station_core;laser_disdrometer;cr1000xe_backbone,2.0103999999999997,calm,transport,0,0.32420843839645386
7182,candidate_008,met_station_core;laser_disdrometer;cr1000xe_backbone,2.0103999999999997,calm,transport,0,0.3518424332141876
7182,candidate_008,met_station_core;laser_disdrometer;cr1000xe_backbone,2.0103999999999997,calm,transport,0,0.2839597761631012
7182,candidate_008,met_station_core;laser_disdrometer;cr1000xe_backbone,2.0103999999999997,calm,transport,0,0.3270311653614044
7182,candidate_008,met_station_core;laser_disdrometer;cr1000xe_backbone,2.0103999999999997,calm,transport,0,0.32774242758750916
7182,candidate_008,met_station_core;laser_disdrometer;cr1000xe_backbone,2.0103999999999997,calm,transport,0,0.3189084231853485
7182,candidate_008,met_station_core;laser_disdrometer;cr1000xe_backbone,2.0103999999999997,calm,transport,0,0.33652418851852417
7182,candidate_008,met_station_core;laser_disdrometer;cr1000xe_backbone,2.0103999999999997,calm,transport,0,0.34863004088401794
7182,candidate_008,met_station_core;laser_disdrometer;cr1000xe_backbone,2.0103999999999997,calm,transport,0,0.420023649930954
7182,candidate_008,met_station_core;laser_disdrometer;cr1000xe_backbone,2.0103999999999997,calm,transport,0,0.45023566484451294
7182,candidate_008,met_station_core;laser_disdrometer;cr1000xe_backbone,2.0103999999999997,calm,transport,0,0.5092309713363647
7182,candidate_008,met_station_core;laser_disdrometer;cr1000xe_backbone,2.0103999999999997,calm,transport,0,0.4190215766429901
7182,candidate_008,met_station_core;laser_disdrometer;cr1000xe_backbone,2.0103999999999997,calm,transport,0,0.3754570782184601
7182,candidate_008,met_station_core;laser_disdrometer;cr1000xe_backbone,2.0103999999999997,calm,transport,0,0.2756443917751312
7182,candidate_008,met_station_core;laser_disdrometer;cr1000xe_backbone,2.0103999999999997,calm,transport,0,0.3037479817867279
7182,candidate_008,met_station_core;laser_disdrometer;cr1000xe_backbone,2.0103999999999997,calm,transport,0,0.2861401438713074
7182,candidate_008,met_station_core;laser_disdrometer;cr1000xe_backbone,2.0103999999999997,calm,transport,0,0.29880934953689575
7182,candidate_008,met_station_core;laser_disdrometer;cr1000xe_backbone,2.0103999999999997,calm,transport,0,0.31549060344696045
7182,candidate_008,met_station_core;laser_disdrometer;cr1000xe_backbone,2.0103999999999997,calm,transport,0,0.3158728778362274
7182,candidate_008,met_station_core;laser_disdrometer;cr1000xe_backbone,2.0103999999999997,calm,transport,0,0.3238513469696045
7182,candidate_008,met_station_core;laser_disdrometer;cr1000xe_backbone,2.0103999999999997,calm,transport,0,0.33663317561149597
7182,candidate_008,met_station_core;laser_disdrometer;cr1000xe_backbone,2.0103999999999997,calm,transport,0,0.3268664479255676
7182,candidate_008,met_station_core;laser_disdrometer;cr1000xe_backbone,2.0103999999999997,calm,transport,0,0.3530740737915039
7182,candidate_008,met_station_core;laser_disdrometer;cr1000xe_backbone,2.0103999999999997,calm,transport,0,0.32255813479423523
7182,candidate_008,met_station_core;laser_disdrometer;cr1000xe_backbone,2.0103999999999997,calm,transport,0,0.3356977105140686
7182,candidate_008,met_station_core;laser_disdrometer;cr1000xe_backbone,2.0103999999999997,calm,transport,0,0.34148964285850525
7182,candidate_008,met_station_core;laser_disdrometer;cr1000xe_backbone,2.0103999999999997,calm,transport,0,0.3267470598220825
7182,candidate_008,met_station_core;laser_disdrometer;cr1000xe_backbone,2.0103999999999997,calm,particle,0,0.31866317987442017
7182,candidate_008,met_station_core;laser_disdrometer;cr1000xe_backbone,2.0103999999999997,calm,particle,0,0.33375653624534607
7182,candidate_008,met_station_core;laser_disdrometer;cr1000xe_backbone,2.0103999999999997,calm,particle,0,0.34454962611198425
7182,candidate_008,met_station_core;laser_disdrometer;cr1000xe_backbone,2.0103999999999997,calm,particle,0,0.38449838757514954
7182,candidate_008,met_station_core;laser_disdrometer;cr1000xe_backbone,2.0103999999999997,calm,particle,0,0.40793702006340027
7182,candidate_008,met_station_core;laser_disdrometer;cr1000xe_backbone,2.0103999999999997,calm,particle,0,0.42109328508377075
7182,candidate_008,met_station_core;laser_disdrometer;cr1000xe_backbone,2.0103999999999997,calm,particle,0,0.460924357175827
7182,candidate_008,met_station_core;laser_disdrometer;cr1000xe_backbone,2.0103999999999997,calm,particle,0,0.39458730816841125
7182,candidate_008,met_station_core;laser_disdrometer;cr1000xe_backbone,2.0103999999999997,calm,particle,0,0.3602883517742157
7182,candidate_008,met_station_core;laser_disdrometer;cr1000xe_backbone,2.0103999999999997,calm,particle,0,0.354457825422287
7182,candidate_008,met_station_core;laser_disdrometer;cr1000xe_backbone,2.0103999999999997,calm,particle,0,0.3397468328475952
7182,candidate_008,met_station_core;laser_disdrometer;cr1000xe_backbone,2.0103999999999997,calm,particle,0,0.32262280583381653
7182,candidate_008,met_station_core;laser_disdrometer;cr1000xe_backbone,2.0103999999999997,calm,particle,0,0.29335373640060425
7182,candidate_008,met_station_core;laser_disdrometer;cr1000xe_backbone,2.0103999999999997,calm,particle,0,0.28274285793304443
7182,candidate_008,met_station_core;laser_disdrometer;cr1000xe_backbone,2.0103999999999997,calm,particle,0,0.2894357442855835
7182,candidate_008,met_station_core;laser_disdrometer;cr1000xe_backbone,2.0103999999999997,calm,particle,0,0.30191585421562195
7182,candidate_008,met_station_core;laser_disdrometer;cr1000xe_backbone,2.0103999999999997,calm,particle,0,0.30023258924484253
7182,candidate_008,met_station_core;laser_disdrometer;cr1000xe_backbone,2.0103999999999997,calm,particle,0,0.3484329283237457
7182,candidate_008,met_station_core;laser_disdrometer;cr1000xe_backbone,2.0103999999999997,calm,particle,0,0.28897321224212646
7182,candidate_008,met_station_core;laser_disdrometer;cr1000xe_backbone,2.0103999999999997,calm,particle,0,0.2931821346282959
7182,candidate_008,met_station_core;laser_disdrometer;cr1000xe_backbone,2.0103999999999997,calm,particle,0,0.24713671207427979
7182,candidate_008,met_station_core;laser_disdrometer;cr1000xe_backbone,2.0103999999999997,calm,thermal,0,0.2974279820919037
7182,candidate_008,met_station_core;laser_disdrometer;cr1000xe_backbone,2.0103999999999997,calm,thermal,0,0.31064292788505554
7182,candidate_008,met_station_core;laser_disdrometer;cr1000xe_backbone,2.0103999999999997,calm,thermal,0,0.2944285273551941
7182,candidate_008,met_station_core;laser_disdrometer;cr1000xe_backbone,2.0103999999999997,calm,thermal,0,0.3138073980808258
7182,candidate_008,met_station_core;laser_disdrometer;cr1000xe_backbone,2.0103999999999997,calm,thermal,0,0.3692932426929474
7182,candidate_008,met_station_core;laser_disdrometer;cr1000xe_backbone,2.0103999999999997,calm,thermal,0,0.3400437831878662
7182,candidate_008,met_station_core;laser_disdrometer;cr1000xe_backbone,2.0103999999999997,calm,thermal,0,0.3769644796848297
7182,candidate_008,met_station_core;laser_disdrometer;cr1000xe_backbone,2.0103999999999997,calm,thermal,0,0.3297249376773834
7182,candidate_008,met_station_core;laser_disdrometer;cr1000xe_backbone,2.0103999999999997,calm,thermal,0,0.415449857711792
7182,candidate_008,met_station_core;laser_disdrometer;cr1000xe_backbone,2.0103999999999997,calm,thermal,0,0.46036335825920105
7182,candidate_008,met_station_core;laser_disdrometer;cr1000xe_backbone,2.0103999999999997,calm,thermal,0,0.5269870758056641
7182,candidate_008,met_station_core;laser_disdrometer;cr1000xe_backbone,2.0103999999999997,calm,thermal,0,0.47937485575675964
7182,candidate_008,met_station_core;laser_disdrometer;cr1000xe_backbone,2.0103999999999997,calm,thermal,0,0.4531991183757782
7182,candidate_008,met_station_core;laser_disdrometer;cr1000xe_backbone,2.0103999999999997,calm,thermal,0,0.4085422456264496
7182,candidate_008,met_station_core;laser_disdrometer;cr1000xe_backbone,2.0103999999999997,calm,thermal,0,0.4315238893032074
7182,candidate_008,met_station_core;laser_disdrometer;cr1000xe_backbone,2.0103999999999997,calm,thermal,0,0.3810825049877167
7182,candidate_008,met_station_core;laser_disdrometer;cr1000xe_backbone,2.0103999999999997,calm,thermal,0,0.38361412286758423
7182,candidate_008,met_station_core;laser_disdrometer;cr1000xe_backbone,2.0103999999999997,calm,thermal,0,0.3834347724914551
7182,candidate_008,met_station_core;laser_disdrometer;cr1000xe_backbone,2.0103999999999997,calm,thermal,0,0.4060511887073517
7182,candidate_008,met_station_core;laser_disdrometer;cr1000xe_backbone,2.0103999999999997,calm,thermal,0,0.3632531762123108
7182,candidate_008,met_station_core;laser_disdrometer;cr1000xe_backbone,2.0103999999999997,calm,thermal,0,0.4091495871543884
7182,candidate_008,met_station_core;laser_disdrometer;cr1000xe_backbone,2.0103999999999997,calm,thermal,0,0.4189828932285309
7182,candidate_008,met_station_core;laser_disdrometer;cr1000xe_backbone,2.0103999999999997,calm,thermal,0,0.39732229709625244
7182,candidate_008,met_station_core;laser_disdrometer;cr1000xe_backbone,2.0103999999999997,calm,thermal,0,0.38432544469833374
7182,candidate_008,met_station_core;laser_disdrometer;cr1000xe_backbone,2.0103999999999997,calm,transport,0,0.36012884974479675
7182,candidate_008,met_station_core;laser_disdrometer;cr1000xe_backbone,2.0103999999999997,calm,transport,0,0.31809544563293457
7182,candidate_008,met_station_core;laser_disdrometer;cr1000xe_backbone,2.0103999999999997,calm,transport,0,0.32636719942092896
7182,candidate_008,met_station_core;laser_disdrometer;cr1000xe_backbone,2.0103999999999997,calm,transport,0,0.31420767307281494
7182,candidate_008,met_station_core;laser_disdrometer;cr1000xe_backbone,2.0103999999999997,calm,transport,0,0.27587756514549255
7182,candidate_008,met_station_core;laser_disdrometer;cr1000xe_backbone,2.0103999999999997,calm,transport,0,0.31917139887809753
7182,candidate_008,met_station_core;laser_disdrometer;cr1000xe_backbone,2.0103999999999997,calm,transport,0,0.32884952425956726
7182,candidate_008,met_station_core;laser_disdrometer;cr1000xe_backbone,2.0103999999999997,calm,transport,0,0.33017635345458984
7182,candidate_008,met_station_core;laser_disdrometer;cr1000xe_backbone,2.0103999999999997,calm,transport,0,0.38346800208091736
7182,candidate_008,met_station_core;laser_disdrometer;cr1000xe_backbone,2.0103999999999997,calm,transport,0,0.41263991594314575
7182,candidate_008,met_station_core;laser_disdrometer;cr1000xe_backbone,2.0103999999999997,calm,transport,0,0.4526239335536957
7182,candidate_008,met_station_core;laser_disdrometer;cr1000xe_backbone,2.0103999999999997,calm,transport,0,0.45425087213516235
7182,candidate_008,met_station_core;laser_disdrometer;cr1000xe_backbone,2.0103999999999997,calm,transport,0,0.49032196402549744
7182,candidate_008,met_station_core;laser_disdrometer;cr1000xe_backbone,2.0103999999999997,calm,transport,0,0.41676825284957886
7182,candidate_008,met_station_core;laser_disdrometer;cr1000xe_backbone,2.0103999999999997,calm,transport,0,0.39168328046798706
7182,candidate_008,met_station_core;laser_disdrometer;cr1000xe_backbone,2.0103999999999997,calm,transport,0,0.3587290346622467
7182,candidate_008,met_station_core;laser_disdrometer;cr1000xe_backbone,2.0103999999999997,calm,transport,0,0.3510940968990326
7182,candidate_008,met_station_core;laser_disdrometer;cr1000xe_backbone,2.0103999999999997,calm,transport,0,0.3095824122428894
7182,candidate_008,met_station_core;laser_disdrometer;cr1000xe_backbone,2.0103999999999997,calm,transport,0,0.32935652136802673
7182,candidate_008,met_station_core;laser_disdrometer;cr1000xe_backbone,2.0103999999999997,calm,transport,0,0.3053465783596039
7182,candidate_008,met_station_core;laser_disdrometer;cr1000xe_backbone,2.0103999999999997,calm,transport,0,0.2928139865398407
7182,candidate_008,met_station_core;laser_disdrometer;cr1000xe_backbone,2.0103999999999997,calm,transport,0,0.27519452571868896
7182,candidate_008,met_station_core;laser_disdrometer;cr1000xe_backbone,2.0103999999999997,calm,particle,0,0.2373722493648529
7182,candidate_008,met_station_core;laser_disdrometer;cr1000xe_backbone,2.0103999999999997,calm,particle,0,0.361823171377182
7182,candidate_008,met_station_core;laser_disdrometer;cr1000xe_backbone,2.0103999999999997,calm,particle,0,0.38499486446380615
7182,candidate_008,met_station_core;laser_disdrometer;cr1000xe_backbone,2.0103999999999997,calm,particle,0,0.3482811152935028
7182,candidate_008,met_station_core;laser_disdrometer;cr1000xe_backbone,2.0103999999999997,calm,particle,0,0.3243620991706848
7182,candidate_008,met_station_core;laser_disdrometer;cr1000xe_backbone,2.0103999999999997,calm,particle,0,0.39435333013534546
7182,candidate_008,met_station_core;laser_disdrometer;cr1000xe_backbone,2.0103999999999997,calm,particle,0,0.36512282490730286
7182,candidate_008,met_station_core;laser_disdrometer;cr1000xe_backbone,2.0103999999999997,calm,particle,0,0.3633054792881012
7182,candidate_008,met_station_core;laser_disdrometer;cr1000xe_backbone,2.0103999999999997,calm,particle,0,0.35570070147514343
7182,candidate_008,met_station_core;laser_disdrometer;cr1000xe_backbone,2.0103999999999997,calm,particle,0,0.439407080411911
7182,candidate_008,met_station_core;laser_disdrometer;cr1000xe_backbone,2.0103999999999997,calm,particle,0,0.36563044786453247
7182,candidate_008,met_station_core;laser_disdrometer;cr1000xe_backbone,2.0103999999999997,calm,particle,0,0.2890757620334625
7182,candidate_008,met_station_core;laser_disdrometer;cr1000xe_backbone,2.0103999999999997,calm,particle,0,0.3098863959312439
7182,candidate_008,met_station_core;laser_disdrometer;cr1000xe_backbone,2.0103999999999997,calm,particle,0,0.3805316090583801
7182,candidate_008,met_station_core;laser_disdrometer;cr1000xe_backbone,2.0103999999999997,calm,particle,0,0.43177029490470886
7182,candidate_008,met_station_core;laser_disdrometer;cr1000xe_backbone,2.0103999999999997,calm,particle,0,0.41354912519454956
7182,candidate_008,met_station_core;laser_disdrometer;cr1000xe_backbone,2.0103999999999997,calm,particle,0,0.36215919256210327
7182,candidate_008,met_station_core;laser_disdrometer;cr1000xe_backbone,2.0103999999999997,calm,particle,0,0.2691497802734375
7182,candidate_008,met_station_core;laser_disdrometer;cr1000xe_backbone,2.0103999999999997,calm,particle,0,0.2625759541988373
7182,candidate_008,met_station_core;laser_disdrometer;cr1000xe_backbone,2.0103999999999997,calm,particle,0,0.2645808756351471
7182,candidate_008,met_station_core;laser_disdrometer;cr1000xe_backbone,2.0103999999999997,calm,particle,0,0.2287319302558899
7182,candidate_008,met_station_core;laser_disdrometer;cr1000xe_backbone,2.0103999999999997,calm,particle,0,0.31767532229423523
7182,candidate_008,met_station_core;laser_disdrometer;cr1000xe_backbone,2.0103999999999997,calm,particle,0,0.3478727638721466
7182,candidate_008,met_station_core;laser_disdrometer;cr1000xe_backbone,2.0103999999999997,calm,thermal,0,0.38375958800315857
7182,candidate_008,met_station_core;laser_disdrometer;cr1000xe_backbone,2.0103999999999997,calm,thermal,0,0.4096936583518982
7182,candidate_008,met_station_core;laser_disdrometer;cr1000xe_backbone,2.0103999999999997,calm,thermal,0,0.4038609266281128
7182,candidate_008,met_station_core;laser_disdrometer;cr1000xe_backbone,2.0103999999999997,calm,thermal,0,0.3793404996395111
7182,candidate_008,met_station_core;laser_disdrometer;cr1000xe_backbone,2.0103999999999997,calm,thermal,0,0.3350090980529785
7182,candidate_008,met_station_core;laser_disdrometer;cr1000xe_backbone,2.0103999999999997,calm,thermal,0,0.3471534848213196
7182,candidate_008,met_station_core;laser_disdrometer;cr1000xe_backbone,2.0103999999999997,calm,thermal,0,0.3757025897502899
7182,candidate_008,met_station_core;laser_disdrometer;cr1000xe_backbone,2.0103999999999997,calm,thermal,0,0.3981441855430603
7182,candidate_008,met_station_core;laser_disdrometer;cr1000xe_backbone,2.0103999999999997,calm,thermal,0,0.3802580237388611
7182,candidate_008,met_station_core;laser_disdrometer;cr1000xe_backbone,2.0103999999999997,calm,thermal,0,0.40230199694633484
7182,candidate_008,met_station_core;laser_disdrometer;cr1000xe_backbone,2.0103999999999997,calm,thermal,0,0.3990607261657715
7182,candidate_008,met_station_core;laser_disdrometer;cr1000xe_backbone,2.0103999999999997,calm,thermal,0,0.36860236525535583
7182,candidate_008,met_station_core;laser_disdrometer;cr1000xe_backbone,2.0103999999999997,calm,thermal,0,0.45250624418258667
7182,candidate_008,met_station_core;laser_disdrometer;cr1000xe_backbone,2.0103999999999997,calm,thermal,0,0.4841921627521515
7182,candidate_008,met_station_core;laser_disdrometer;cr1000xe_backbone,2.0103999999999997,calm,thermal,0,0.4936191439628601
7182,candidate_008,met_station_core;laser_disdrometer;cr1000xe_backbone,2.0103999999999997,calm,thermal,0,0.5513555407524109
7182,candidate_008,met_station_core;laser_disdrometer;cr1000xe_backbone,2.0103999999999997,calm,thermal,0,0.4745999574661255
7182,candidate_008,met_station_core;laser_disdrometer;cr1000xe_backbone,2.0103999999999997,calm,thermal,0,0.4468727707862854
7182,candidate_008,met_station_core;laser_disdrometer;cr1000xe_backbone,2.0103999999999997,calm,thermal,0,0.44701099395751953
7182,candidate_008,met_station_core;laser_disdrometer;cr1000xe_backbone,2.0103999999999997,calm,thermal,0,0.3750002980232239
7182,candidate_008,met_station_core;laser_disdrometer;cr1000xe_backbone,2.0103999999999997,calm,thermal,0,0.4100469648838043
7182,candidate_008,met_station_core;laser_disdrometer;cr1000xe_backbone,2.0103999999999997,calm,transport,0,0.32968172430992126
7182,candidate_008,met_station_core;laser_disdrometer;cr1000xe_backbone,2.0103999999999997,calm,transport,0,0.37525078654289246
7182,candidate_008,met_station_core;laser_disdrometer;cr1000xe_backbone,2.0103999999999997,calm,transport,0,0.387113094329834
7182,candidate_008,met_station_core;laser_disdrometer;cr1000xe_backbone,2.0103999999999997,calm,transport,0,0.34176191687583923
7182,candidate_008,met_station_core;laser_disdrometer;cr1000xe_backbone,2.0103999999999997,calm,transport,0,0.36338070034980774
7182,candidate_008,met_station_core;laser_disdrometer;cr1000xe_backbone,2.0103999999999997,calm,transport,0,0.3519325256347656
7182,candidate_008,met_station_core;laser_disdrometer;cr1000xe_backbone,2.0103999999999997,calm,transport,0,0.37261030077934265
7182,candidate_008,met_station_core;laser_disdrometer;cr1000xe_backbone,2.0103999999999997,calm,transport,0,0.38018789887428284
7182,candidate_008,met_station_core;laser_disdrometer;cr1000xe_backbone,2.0103999999999997,calm,transport,0,0.36037856340408325
7182,candidate_008,met_station_core;laser_disdrometer;cr1000xe_backbone,2.0103999999999997,calm,transport,0,0.40394437313079834
7182,candidate_008,met_station_core;laser_disdrometer;cr1000xe_backbone,2.0103999999999997,calm,transport,0,0.4141283929347992
7182,candidate_008,met_station_core;laser_disdrometer;cr1000xe_backbone,2.0103999999999997,calm,transport,0,0.4388148784637451
7182,candidate_008,met_station_core;laser_disdrometer;cr1000xe_backbone,2.0103999999999997,calm,transport,0,0.4350409209728241
7182,candidate_008,met_station_core;laser_disdrometer;cr1000xe_backbone,2.0103999999999997,calm,transport,0,0.46023139357566833
7182,candidate_008,met_station_core;laser_disdrometer;cr1000xe_backbone,2.0103999999999997,calm,transport,0,0.4563264846801758
7182,candidate_008,met_station_core;laser_disdrometer;cr1000xe_backbone,2.0103999999999997,calm,transport,0,0.4598155617713928
7182,candidate_008,met_station_core;laser_disdrometer;cr1000xe_backbone,2.0103999999999997,calm,transport,0,0.5137273073196411
7182,candidate_008,met_station_core;laser_disdrometer;cr1000xe_backbone,2.0103999999999997,calm,transport,0,0.5460047721862793
7182,candidate_008,met_station_core;laser_disdrometer;cr1000xe_backbone,2.0103999999999997,calm,particle,0,0.5515573024749756
7182,candidate_008,met_station_core;laser_disdrometer;cr1000xe_backbone,2.0103999999999997,calm,particle,0,0.5438240170478821
7182,candidate_008,met_station_core;laser_disdrometer;cr1000xe_backbone,2.0103999999999997,calm,particle,0,0.5226226449012756
7182,candidate_008,met_station_core;laser_disdrometer;cr1000xe_backbone,2.0103999999999997,calm,particle,0,0.48021018505096436
7182,candidate_008,met_station_core;laser_disdrometer;cr1000xe_backbone,2.0103999999999997,calm,particle,0,0.4699568748474121
7182,candidate_008,met_station_core;laser_disdrometer;cr1000xe_backbone,2.0103999999999997,calm,particle,0,0.40453121066093445
7182,candidate_008,met_station_core;laser_disdrometer;cr1000xe_backbone,2.0103999999999997,calm,particle,0,0.4365626275539398
7182,candidate_008,met_station_core;laser_disdrometer;cr1000xe_backbone,2.0103999999999997,calm,particle,0,0.39632895588874817
7182,candidate_008,met_station_core;laser_disdrometer;cr1000xe_backbone,2.0103999999999997,calm,particle,0,0.4620276987552643
7182,candidate_008,met_station_core;laser_disdrometer;cr1000xe_backbone,2.0103999999999997,calm,particle,0,0.5056823492050171
7182,candidate_008,met_station_core;laser_disdrometer;cr1000xe_backbone,2.0103999999999997,calm,particle,0,0.4486023485660553
7182,candidate_008,met_station_core;laser_disdrometer;cr1000xe_backbone,2.0103999999999997,calm,particle,0,0.5369338989257812
7182,candidate_008,met_station_core;laser_disdrometer;cr1000xe_backbone,2.0103999999999997,calm,particle,0,0.7806674242019653
7182,candidate_008,met_station_core;laser_disdrometer;cr1000xe_backbone,2.0103999999999997,calm,particle,0,0.5967613458633423
7182,candidate_008,met_station_core;laser_disdrometer;cr1000xe_backbone,2.0103999999999997,calm,particle,0,0.6136231422424316
7182,candidate_008,met_station_core;laser_disdrometer;cr1000xe_backbone,2.0103999999999997,calm,particle,0,0.48966479301452637
7182,candidate_008,met_station_core;laser_disdrometer;cr1000xe_backbone,2.0103999999999997,calm,particle,0,0.6903444528579712
7182,candidate_008,met_station_core;laser_disdrometer;cr1000xe_backbone,2.0103999999999997,calm,particle,0,0.5603111982345581
7182,candidate_008,met_station_core;laser_disdrometer;cr1000xe_backbone,2.0103999999999997,calm,particle,0,0.49677303433418274
7182,candidate_008,met_station_core;laser_disdrometer;cr1000xe_backbone,2.0103999999999997,calm,particle,0,0.5019072890281677
7182,candidate_008,met_station_core;laser_disdrometer;cr1000xe_backbone,2.0103999999999997,calm,particle,0,0.5535866618156433
7182,candidate_008,met_station_core;laser_disdrometer;cr1000xe_backbone,2.0103999999999997,calm,particle,0,0.5664952397346497
7182,candidate_008,met_station_core;laser_disdrometer;cr1000xe_backbone,2.0103999999999997,calm,particle,0,0.5732199549674988
7182,candidate_008,met_station_core;laser_disdrometer;cr1000xe_backbone,2.0103999999999997,calm,particle,0,0.583564281463623
7182,candidate_008,met_station_core;laser_disdrometer;cr1000xe_backbone,2.0103999999999997,calm,particle,0,0.5857610106468201
7182,candidate_008,met_station_core;laser_disdrometer;cr1000xe_backbone,2.0103999999999997,calm,particle,0,0.5597333312034607
7182,candidate_008,met_station_core;laser_disdrometer;cr1000xe_backbone,2.0103999999999997,calm,particle,0,0.5055966377258301
7182,candidate_008,met_station_core;laser_disdrometer;cr1000xe_backbone,2.0103999999999997,calm,particle,0,0.5006600618362427
7182,candidate_008,met_station_core;laser_disdrometer;cr1000xe_backbone,2.0103999999999997,calm,particle,0,0.4995817542076111
7182,candidate_008,met_station_core;laser_disdrometer;cr1000xe_backbone,2.0103999999999997,calm,particle,0,0.4166586399078369
7182,candidate_008,met_station_core;laser_disdrometer;cr1000xe_backbone,2.0103999999999997,calm,particle,0,0.38323381543159485
7182,candidate_008,met_station_core;laser_disdrometer;cr1000xe_backbone,2.0103999999999997,calm,particle,0,0.42647823691368103
7182,candidate_008,met_station_core;laser_disdrometer;cr1000xe_backbone,2.0103999999999997,calm,thermal,0,0.45684441924095154
7182,candidate_008,met_station_core;laser_disdrometer;cr1000xe_backbone,2.0103999999999997,calm,thermal,0,0.44124382734298706
7182,candidate_008,met_station_core;laser_disdrometer;cr1000xe_backbone,2.0103999999999997,calm,thermal,0,0.546979546546936
7182,candidate_008,met_station_core;laser_disdrometer;cr1000xe_backbone,2.0103999999999997,calm,thermal,0,0.5100444555282593
7182,candidate_008,met_station_core;laser_disdrometer;cr1000xe_backbone,2.0103999999999997,calm,thermal,0,0.5738062262535095
7182,candidate_008,met_station_core;laser_disdrometer;cr1000xe_backbone,2.0103999999999997,calm,thermal,0,0.6064644455909729
7182,candidate_008,met_station_core;laser_disdrometer;cr1000xe_backbone,2.0103999999999997,calm,thermal,0,0.6164689660072327
7182,candidate_008,met_station_core;laser_disdrometer;cr1000xe_backbone,2.0103999999999997,calm,thermal,0,0.6517380475997925
7182,candidate_008,met_station_core;laser_disdrometer;cr1000xe_backbone,2.0103999999999997,calm,thermal,0,0.6684871315956116
7182,candidate_008,met_station_core;laser_disdrometer;cr1000xe_backbone,2.0103999999999997,calm,thermal,0,0.6549636125564575
7182,candidate_008,met_station_core;laser_disdrometer;cr1000xe_backbone,2.0103999999999997,calm,thermal,0,0.6897772550582886
7182,candidate_008,met_station_core;laser_disdrometer;cr1000xe_backbone,2.0103999999999997,calm,thermal,0,0.6134136319160461
7182,candidate_008,met_station_core;laser_disdrometer;cr1000xe_backbone,2.0103999999999997,calm,thermal,0,0.6291217803955078
7182,candidate_008,met_station_core;laser_disdrometer;cr1000xe_backbone,2.0103999999999997,calm,thermal,0,0.6131308674812317
7182,candidate_008,met_station_core;laser_disdrometer;cr1000xe_backbone,2.0103999999999997,calm,thermal,0,0.5620940327644348
7182,candidate_008,met_station_core;laser_disdrometer;cr1000xe_backbone,2.0103999999999997,calm,thermal,0,0.5567647814750671
7182,candidate_008,met_station_core;laser_disdrometer;cr1000xe_backbone,2.0103999999999997,calm,thermal,0,0.6975703239440918
7182,candidate_008,met_station_core;laser_disdrometer;cr1000xe_backbone,2.0103999999999997,calm,thermal,0,0.7567384243011475
7182,candidate_008,met_station_core;laser_disdrometer;cr1000xe_backbone,2.0103999999999997,calm,thermal,0,0.7636246681213379
7182,candidate_008,met_station_core;laser_disdrometer;cr1000xe_backbone,2.0103999999999997,calm,thermal,0,0.7742460370063782
7182,candidate_008,met_station_core;laser_disdrometer;cr1000xe_backbone,2.0103999999999997,calm,thermal,0,0.6968227624893188
7182,candidate_008,met_station_core;laser_disdrometer;cr1000xe_backbone,2.0103999999999997,calm,thermal,0,0.7400631904602051
7182,candidate_008,met_station_core;laser_disdrometer;cr1000xe_backbone,2.0103999999999997,calm,thermal,0,0.5450316667556763
7182,candidate_008,met_station_core;laser_disdrometer;cr1000xe_backbone,2.0103999999999997,calm,thermal,0,0.5265768766403198
7182,candidate_008,met_station_core;laser_disdrometer;cr1000xe_backbone,2.0103999999999997,thermal,thermal,3,0.5995153784751892
7182,candidate_008,met_station_core;laser_disdrometer;cr1000xe_backbone,2.0103999999999997,thermal,thermal,3,0.6151294708251953
7182,candidate_008,met_station_core;laser_disdrometer;cr1000xe_backbone,2.0103999999999997,thermal,thermal,3,0.5910068154335022
7182,candidate_008,met_station_core;laser_disdrometer;cr1000xe_backbone,2.0103999999999997,thermal,transport,3,0.7939878106117249
7182,candidate_008,met_station_core;laser_disdrometer;cr1000xe_backbone,2.0103999999999997,thermal,transport,3,0.694588840007782
7182,candidate_008,met_station_core;laser_disdrometer;cr1000xe_backbone,2.0103999999999997,thermal,transport,3,0.8576585054397583
7182,candidate_008,met_station_core;laser_disdrometer;cr1000xe_backbone,2.0103999999999997,thermal,transport,3,0.9643877148628235
7182,candidate_008,met_station_core;laser_disdrometer;cr1000xe_backbone,2.0103999999999997,thermal,transport,3,0.7597277760505676
7182,candidate_008,met_station_core;laser_disdrometer;cr1000xe_backbone,2.0103999999999997,thermal,transport,3,0.7053591012954712
7182,candidate_008,met_station_core;laser_disdrometer;cr1000xe_backbone,2.0103999999999997,thermal,transport,3,0.6247768998146057
7182,candidate_008,met_station_core;laser_disdrometer;cr1000xe_backbone,2.0103999999999997,thermal,transport,3,0.6250709891319275
7182,candidate_008,met_station_core;laser_disdrometer;cr1000xe_backbone,2.0103999999999997,thermal,transport,3,0.6964923739433289
7182,candidate_008,met_station_core;laser_disdrometer;cr1000xe_backbone,2.0103999999999997,thermal,transport,3,0.5853728652000427
7182,candidate_008,met_station_core;laser_disdrometer;cr1000xe_backbone,2.0103999999999997,thermal,transport,3,0.5066493153572083
7182,candidate_008,met_station_core;laser_disdrometer;cr1000xe_backbone,2.0103999999999997,thermal,transport,3,0.5084070563316345
7182,candidate_008,met_station_core;laser_disdrometer;cr1000xe_backbone,2.0103999999999997,thermal,transport,3,0.9293825030326843
7182,candidate_008,met_station_core;laser_disdrometer;cr1000xe_backbone,2.0103999999999997,thermal,transport,3,0.6950024366378784
7182,candidate_008,met_station_core;laser_disdrometer;cr1000xe_backbone,2.0103999999999997,thermal,transport,3,0.5593933463096619
7182,candidate_008,met_station_core;laser_disdrometer;cr1000xe_backbone,2.0103999999999997,thermal,transport,3,0.5957117080688477
7182,candidate_008,met_station_core;laser_disdrometer;cr1000xe_backbone,2.0103999999999997,thermal,transport,3,0.6356690526008606
7182,candidate_008,met_station_core;laser_disdrometer;cr1000xe_backbone,2.0103999999999997,thermal,transport,3,0.72674560546875
7182,candidate_008,met_station_core;laser_disdrometer;cr1000xe_backbone,2.0103999999999997,thermal,transport,3,0.5694133639335632
7182,candidate_008,met_station_core;laser_disdrometer;cr1000xe_backbone,2.0103999999999997,thermal,transport,3,0.5194695591926575
7182,candidate_008,met_station_core;laser_disdrometer;cr1000xe_backbone,2.0103999999999997,thermal,transport,3,0.5773311853408813
7182,candidate_008,met_station_core;laser_disdrometer;cr1000xe_backbone,2.0103999999999997,thermal,transport,3,0.5364689230918884
7182,candidate_008,met_station_core;laser_disdrometer;cr1000xe_backbone,2.0103999999999997,thermal,transport,3,0.4344242811203003
7182,candidate_008,met_station_core;laser_disdrometer;cr1000xe_backbone,2.0103999999999997,thermal,transport,3,0.4276212453842163
7182,candidate_008,met_station_core;laser_disdrometer;cr1000xe_backbone,2.0103999999999997,calm,thermal,0,0.717289388179779
7182,candidate_008,met_station_core;laser_disdrometer;cr1000xe_backbone,2.0103999999999997,particle,thermal,1,0.7260327339172363
7182,candidate_008,met_station_core;laser_disdrometer;cr1000xe_backbone,2.0103999999999997,particle,thermal,1,0.6751977205276489
7182,candidate_008,met_station_core;laser_disdrometer;cr1000xe_backbone,2.0103999999999997,particle,thermal,1,0.6132012009620667
7182,candidate_008,met_station_core;laser_disdrometer;cr1000xe_backbone,2.0103999999999997,particle,thermal,1,0.45756468176841736
7182,candidate_008,met_station_core;laser_disdrometer;cr1000xe_backbone,2.0103999999999997,particle,thermal,1,0.41633644700050354
7182,candidate_008,met_station_core;laser_disdrometer;cr1000xe_backbone,2.0103999999999997,particle,thermal,1,0.3924679160118103
7182,candidate_008,met_station_core;laser_disdrometer;cr1000xe_backbone,2.0103999999999997,particle,thermal,1,0.39756661653518677
7182,candidate_008,met_station_core;laser_disdrometer;cr1000xe_backbone,2.0103999999999997,particle,thermal,1,0.3967903256416321
7182,candidate_008,met_station_core;laser_disdrometer;cr1000xe_backbone,2.0103999999999997,particle,thermal,1,0.4122488796710968
7182,candidate_008,met_station_core;laser_disdrometer;cr1000xe_backbone,2.0103999999999997,particle,thermal,1,0.49082252383232117
7182,candidate_008,met_station_core;laser_disdrometer;cr1000xe_backbone,2.0103999999999997,particle,thermal,1,0.3998677432537079
7182,candidate_008,met_station_core;laser_disdrometer;cr1000xe_backbone,2.0103999999999997,particle,thermal,1,0.3820858597755432
7182,candidate_008,met_station_core;laser_disdrometer;cr1000xe_backbone,2.0103999999999997,particle,thermal,1,0.3646523952484131
7182,candidate_008,met_station_core;laser_disdrometer;cr1000xe_backbone,2.0103999999999997,particle,thermal,1,0.38000422716140747
7182,candidate_008,met_station_core;laser_disdrometer;cr1000xe_backbone,2.0103999999999997,particle,transport,1,0.36023974418640137
7182,candidate_008,met_station_core;laser_disdrometer;cr1000xe_backbone,2.0103999999999997,particle,transport,1,0.34135007858276367
7182,candidate_008,met_station_core;laser_disdrometer;cr1000xe_backbone,2.0103999999999997,particle,transport,1,0.373051255941391
7182,candidate_008,met_station_core;laser_disdrometer;cr1000xe_backbone,2.0103999999999997,particle,transport,1,0.37686148285865784
7182,candidate_008,met_station_core;laser_disdrometer;cr1000xe_backbone,2.0103999999999997,particle,transport,1,0.4038781523704529
7182,candidate_008,met_station_core;laser_disdrometer;cr1000xe_backbone,2.0103999999999997,particle,transport,1,0.4168461263179779
7182,candidate_008,met_station_core;laser_disdrometer;cr1000xe_backbone,2.0103999999999997,particle,transport,1,0.4015139043331146
7182,candidate_008,met_station_core;laser_disdrometer;cr1000xe_backbone,2.0103999999999997,particle,transport,1,0.4108167290687561
7182,candidate_008,met_station_core;laser_disdrometer;cr1000xe_backbone,2.0103999999999997,particle,transport,1,0.33787238597869873
7182,candidate_008,met_station_core;laser_disdrometer;cr1000xe_backbone,2.0103999999999997,particle,transport,1,0.4011422395706177
7182,candidate_008,met_station_core;laser_disdrometer;cr1000xe_backbone,2.0103999999999997,particle,transport,1,0.3611333966255188
7182,candidate_008,met_station_core;laser_disdrometer;cr1000xe_backbone,2.0103999999999997,particle,transport,1,0.3804633915424347
7182,candidate_008,met_station_core;laser_disdrometer;cr1000xe_backbone,2.0103999999999997,particle,transport,1,0.404555082321167
7182,candidate_008,met_station_core;laser_disdrometer;cr1000xe_backbone,2.0103999999999997,particle,transport,1,0.4086785316467285
7182,candidate_008,met_station_core;laser_disdrometer;cr1000xe_backbone,2.0103999999999997,particle,transport,1,0.3708531856536865
7182,candidate_008,met_station_core;laser_disdrometer;cr1000xe_backbone,2.0103999999999997,particle,transport,1,0.3863612115383148
7182,candidate_008,met_station_core;laser_disdrometer;cr1000xe_backbone,2.0103999999999997,particle,transport,1,0.3891126811504364
7182,candidate_008,met_station_core;laser_disdrometer;cr1000xe_backbone,2.0103999999999997,particle,transport,1,0.335136353969574
7182,candidate_008,met_station_core;laser_disdrometer;cr1000xe_backbone,2.0103999999999997,particle,transport,1,0.272476464509964
7182,candidate_008,met_station_core;laser_disdrometer;cr1000xe_backbone,2.0103999999999997,particle,transport,1,0.24679222702980042
7182,candidate_008,met_station_core;laser_disdrometer;cr1000xe_backbone,2.0103999999999997,particle,transport,1,0.27784937620162964
7182,candidate_008,met_station_core;laser_disdrometer;cr1000xe_backbone,2.0103999999999997,particle,transport,1,0.3149351477622986
7182,candidate_008,met_station_core;laser_disdrometer;cr1000xe_backbone,2.0103999999999997,particle,transport,1,0.29754161834716797
7182,candidate_008,met_station_core;laser_disdrometer;cr1000xe_backbone,2.0103999999999997,particle,transport,1,0.2923247218132019
7182,candidate_008,met_station_core;laser_disdrometer;cr1000xe_backbone,2.0103999999999997,particle,transport,1,0.2907355725765228
7182,candidate_008,met_station_core;laser_disdrometer;cr1000xe_backbone,2.0103999999999997,particle,transport,1,0.33735382556915283
7182,candidate_008,met_station_core;laser_disdrometer;cr1000xe_backbone,2.0103999999999997,particle,transport,1,0.3145952522754669
7182,candidate_008,met_station_core;laser_disdrometer;cr1000xe_backbone,2.0103999999999997,particle,transport,1,0.3262481391429901
7182,candidate_008,met_station_core;laser_disdrometer;cr1000xe_backbone,2.0103999999999997,particle,particle,1,0.3351942300796509
7182,candidate_008,met_station_core;laser_disdrometer;cr1000xe_backbone,2.0103999999999997,particle,particle,1,0.4048416018486023
7182,candidate_008,met_station_core;laser_disdrometer;cr1000xe_backbone,2.0103999999999997,particle,particle,1,0.3613157868385315
7182,candidate_008,met_station_core;laser_disdrometer;cr1000xe_backbone,2.0103999999999997,particle,particle,1,0.3336566686630249
7182,candidate_008,met_station_core;laser_disdrometer;cr1000xe_backbone,2.0103999999999997,particle,particle,1,0.2918550372123718
7182,candidate_008,met_station_core;laser_disdrometer;cr1000xe_backbone,2.0103999999999997,particle,particle,1,0.29253676533699036
7182,candidate_008,met_station_core;laser_disdrometer;cr1000xe_backbone,2.0103999999999997,particle,particle,1,0.3553079068660736
7182,candidate_008,met_station_core;laser_disdrometer;cr1000xe_backbone,2.0103999999999997,particle,particle,1,0.3068688213825226
7182,candidate_008,met_station_core;laser_disdrometer;cr1000xe_backbone,2.0103999999999997,particle,particle,1,0.28706860542297363
7182,candidate_008,met_station_core;laser_disdrometer;cr1000xe_backbone,2.0103999999999997,particle,particle,1,0.30071893334388733
7182,candidate_008,met_station_core;laser_disdrometer;cr1000xe_backbone,2.0103999999999997,particle,particle,1,0.3296867609024048
7182,candidate_008,met_station_core;laser_disdrometer;cr1000xe_backbone,2.0103999999999997,particle,particle,1,0.3900652229785919
7182,candidate_008,met_station_core;laser_disdrometer;cr1000xe_backbone,2.0103999999999997,particle,particle,1,0.3521072566509247
7182,candidate_008,met_station_core;laser_disdrometer;cr1000xe_backbone,2.0103999999999997,particle,particle,1,0.3463740348815918
7182,candidate_008,met_station_core;laser_disdrometer;cr1000xe_backbone,2.0103999999999997,particle,particle,1,0.2963343560695648
7182,candidate_008,met_station_core;laser_disdrometer;cr1000xe_backbone,2.0103999999999997,particle,particle,1,0.44517019391059875
7182,candidate_008,met_station_core;laser_disdrometer;cr1000xe_backbone,2.0103999999999997,particle,particle,1,0.3280472457408905
7182,candidate_008,met_station_core;laser_disdrometer;cr1000xe_backbone,2.0103999999999997,calm,particle,0,0.2811158001422882
7182,candidate_008,met_station_core;laser_disdrometer;cr1000xe_backbone,2.0103999999999997,calm,particle,0,0.21640324592590332
7182,candidate_008,met_station_core;laser_disdrometer;cr1000xe_backbone,2.0103999999999997,calm,particle,0,0.24593119323253632
7182,candidate_008,met_station_core;laser_disdrometer;cr1000xe_backbone,2.0103999999999997,calm,particle,0,0.25871533155441284
7182,candidate_008,met_station_core;laser_disdrometer;cr1000xe_backbone,2.0103999999999997,calm,particle,0,0.340083509683609
7182,candidate_008,met_station_core;laser_disdrometer;cr1000xe_backbone,2.0103999999999997,calm,particle,0,0.3528246581554413
7182,candidate_008,met_station_core;laser_disdrometer;cr1000xe_backbone,2.0103999999999997,calm,particle,0,0.3463203012943268
7182,candidate_008,met_station_core;laser_disdrometer;cr1000xe_backbone,2.0103999999999997,calm,particle,0,0.3577050268650055
7182,candidate_008,met_station_core;laser_disdrometer;cr1000xe_backbone,2.0103999999999997,calm,particle,0,0.3685733377933502
7182,candidate_008,met_station_core;laser_disdrometer;cr1000xe_backbone,2.0103999999999997,calm,particle,0,0.41611671447753906
7182,candidate_008,met_station_core;laser_disdrometer;cr1000xe_backbone,2.0103999999999997,calm,particle,0,0.4530555307865143
7182,candidate_008,met_station_core;laser_disdrometer;cr1000xe_backbone,2.0103999999999997,calm,particle,0,0.4987812340259552
7182,candidate_008,met_station_core;laser_disdrometer;cr1000xe_backbone,2.0103999999999997,calm,particle,0,0.46569234132766724
7182,candidate_008,met_station_core;laser_disdrometer;cr1000xe_backbone,2.0103999999999997,calm,particle,0,0.4871547520160675
7182,candidate_008,met_station_core;laser_disdrometer;cr1000xe_backbone,2.0103999999999997,particle,particle,1,0.5118571519851685
7182,candidate_008,met_station_core;laser_disdrometer;cr1000xe_backbone,2.0103999999999997,particle,particle,1,0.4740506708621979
7182,candidate_008,met_station_core;laser_disdrometer;cr1000xe_backbone,2.0103999999999997,particle,particle,1,0.4783450663089752
7182,candidate_008,met_station_core;laser_disdrometer;cr1000xe_backbone,2.0103999999999997,particle,particle,1,0.5293222665786743
7182,candidate_008,met_station_core;laser_disdrometer;cr1000xe_backbone,2.0103999999999997,particle,thermal,1,0.6342465877532959
7182,candidate_008,met_station_core;laser_disdrometer;cr1000xe_backbone,2.0103999999999997,particle,thermal,1,0.6955615878105164
7182,candidate_008,met_station_core;laser_disdrometer;cr1000xe_backbone,2.0103999999999997,particle,thermal,1,0.6232046484947205
7182,candidate_008,met_station_core;laser_disdrometer;cr1000xe_backbone,2.0103999999999997,particle,thermal,1,0.6087824106216431
7182,candidate_008,met_station_core;laser_disdrometer;cr1000xe_backbone,2.0103999999999997,particle,thermal,1,0.5462722778320312
7182,candidate_008,met_station_core;laser_disdrometer;cr1000xe_backbone,2.0103999999999997,particle,thermal,1,0.5567667484283447
7182,candidate_008,met_station_core;laser_disdrometer;cr1000xe_backbone,2.0103999999999997,particle,thermal,1,0.5534329414367676
7182,candidate_008,met_station_core;laser_disdrometer;cr1000xe_backbone,2.0103999999999997,particle,thermal,1,0.5191423892974854
7182,candidate_008,met_station_core;laser_disdrometer;cr1000xe_backbone,2.0103999999999997,particle,thermal,1,0.5150171518325806
7182,candidate_008,met_station_core;laser_disdrometer;cr1000xe_backbone,2.0103999999999997,particle,thermal,1,0.47909900546073914
7182,candidate_008,met_station_core;laser_disdrometer;cr1000xe_backbone,2.0103999999999997,particle,thermal,1,0.4334685504436493
7182,candidate_008,met_station_core;laser_disdrometer;cr1000xe_backbone,2.0103999999999997,particle,thermal,1,0.40850308537483215
7182,candidate_008,met_station_core;laser_disdrometer;cr1000xe_backbone,2.0103999999999997,particle,thermal,1,0.3711395263671875
7182,candidate_008,met_station_core;laser_disdrometer;cr1000xe_backbone,2.0103999999999997,particle,thermal,1,0.44379377365112305
7182,candidate_008,met_station_core;laser_disdrometer;cr1000xe_backbone,2.0103999999999997,particle,thermal,1,0.3919658362865448
7182,candidate_008,met_station_core;laser_disdrometer;cr1000xe_backbone,2.0103999999999997,particle,thermal,1,0.4544879198074341
7182,candidate_008,met_station_core;laser_disdrometer;cr1000xe_backbone,2.0103999999999997,particle,thermal,1,0.4243476688861847
7182,candidate_008,met_station_core;laser_disdrometer;cr1000xe_backbone,2.0103999999999997,particle,thermal,1,0.3962899148464203
7182,candidate_008,met_station_core;laser_disdrometer;cr1000xe_backbone,2.0103999999999997,particle,transport,1,0.3374190628528595
7182,candidate_008,met_station_core;laser_disdrometer;cr1000xe_backbone,2.0103999999999997,particle,transport,1,0.30946415662765503
7182,candidate_008,met_station_core;laser_disdrometer;cr1000xe_backbone,2.0103999999999997,particle,transport,1,0.3589188754558563
7182,candidate_008,met_station_core;laser_disdrometer;cr1000xe_backbone,2.0103999999999997,particle,transport,1,0.3384498655796051
7182,candidate_008,met_station_core;laser_disdrometer;cr1000xe_backbone,2.0103999999999997,particle,transport,1,0.3506588935852051
7182,candidate_008,met_station_core;laser_disdrometer;cr1000xe_backbone,2.0103999999999997,particle,transport,1,0.2652711570262909
7182,candidate_008,met_station_core;laser_disdrometer;cr1000xe_backbone,2.0103999999999997,particle,transport,1,0.22845260798931122
7182,candidate_008,met_station_core;laser_disdrometer;cr1000xe_backbone,2.0103999999999997,particle,transport,1,0.2469887137413025
7182,candidate_008,met_station_core;laser_disdrometer;cr1000xe_backbone,2.0103999999999997,particle,transport,1,0.24600037932395935
7182,candidate_008,met_station_core;laser_disdrometer;cr1000xe_backbone,2.0103999999999997,particle,transport,1,0.30809879302978516
7182,candidate_008,met_station_core;laser_disdrometer;cr1000xe_backbone,2.0103999999999997,particle,transport,1,0.3904930651187897
7182,candidate_008,met_station_core;laser_disdrometer;cr1000xe_backbone,2.0103999999999997,particle,transport,1,0.5020907521247864
7182,candidate_008,met_station_core;laser_disdrometer;cr1000xe_backbone,2.0103999999999997,particle,transport,1,0.352541446685791
7182,candidate_008,met_station_core;laser_disdrometer;cr1000xe_backbone,2.0103999999999997,particle,transport,1,0.5039997696876526
7182,candidate_008,met_station_core;laser_disdrometer;cr1000xe_backbone,2.0103999999999997,calm,transport,0,0.327960729598999
7182,candidate_008,met_station_core;laser_disdrometer;cr1000xe_backbone,2.0103999999999997,calm,transport,0,0.35620182752609253
7182,candidate_008,met_station_core;laser_disdrometer;cr1000xe_backbone,2.0103999999999997,calm,transport,0,0.26634612679481506
7182,candidate_008,met_station_core;laser_disdrometer;cr1000xe_backbone,2.0103999999999997,calm,transport,0,0.2724517583847046
7182,candidate_008,met_station_core;laser_disdrometer;cr1000xe_backbone,2.0103999999999997,calm,transport,0,0.2940960228443146
7182,candidate_008,met_station_core;laser_disdrometer;cr1000xe_backbone,2.0103999999999997,calm,transport,0,0.2750313878059387
7182,candidate_008,met_station_core;laser_disdrometer;cr1000xe_backbone,2.0103999999999997,calm,particle,0,0.22503961622714996
7182,candidate_008,met_station_core;laser_disdrometer;cr1000xe_backbone,2.0103999999999997,calm,particle,0,0.22571691870689392
7182,candidate_008,met_station_core;laser_disdrometer;cr1000xe_backbone,2.0103999999999997,calm,particle,0,0.28916478157043457
7182,candidate_008,met_station_core;laser_disdrometer;cr1000xe_backbone,2.0103999999999997,calm,particle,0,0.3664359748363495
7182,candidate_008,met_station_core;laser_disdrometer;cr1000xe_backbone,2.0103999999999997,calm,particle,0,0.23385904729366302
7182,candidate_008,met_station_core;laser_disdrometer;cr1000xe_backbone,2.0103999999999997,calm,particle,0,0.3939160108566284
7182,candidate_008,met_station_core;laser_disdrometer;cr1000xe_backbone,2.0103999999999997,calm,particle,0,0.22851048409938812
7182,candidate_008,met_station_core;laser_disdrometer;cr1000xe_backbone,2.0103999999999997,calm,particle,0,0.23166349530220032
7182,candidate_008,met_station_core;laser_disdrometer;cr1000xe_backbone,2.0103999999999997,flux,particle,2,0.28535354137420654
7182,candidate_008,met_station_core;laser_disdrometer;cr1000xe_backbone,2.0103999999999997,flux,particle,2,0.22596202790737152
7182,candidate_008,met_station_core;laser_disdrometer;cr1000xe_backbone,2.0103999999999997,flux,particle,2,0.2553084194660187
7182,candidate_008,met_station_core;laser_disdrometer;cr1000xe_backbone,2.0103999999999997,flux,particle,2,0.2103271782398224
7182,candidate_008,met_station_core;laser_disdrometer;cr1000xe_backbone,2.0103999999999997,flux,particle,2,0.24837489426136017
7182,candidate_008,met_station_core;laser_disdrometer;cr1000xe_backbone,2.0103999999999997,flux,particle,2,0.2605752944946289
7182,candidate_008,met_station_core;laser_disdrometer;cr1000xe_backbone,2.0103999999999997,flux,particle,2,0.4398227632045746
7182,candidate_008,met_station_core;laser_disdrometer;cr1000xe_backbone,2.0103999999999997,flux,particle,2,0.3568282425403595
7182,candidate_008,met_station_core;laser_disdrometer;cr1000xe_backbone,2.0103999999999997,flux,particle,2,0.3251122832298279
7182,candidate_008,met_station_core;laser_disdrometer;cr1000xe_backbone,2.0103999999999997,flux,particle,2,0.2866777777671814
7182,candidate_008,met_station_core;laser_disdrometer;cr1000xe_backbone,2.0103999999999997,flux,particle,2,0.35204195976257324
7182,candidate_008,met_station_core;laser_disdrometer;cr1000xe_backbone,2.0103999999999997,flux,particle,2,0.3577321171760559
7182,candidate_008,met_station_core;laser_disdrometer;cr1000xe_backbone,2.0103999999999997,flux,particle,2,0.3947203457355499
7182,candidate_008,met_station_core;laser_disdrometer;cr1000xe_backbone,2.0103999999999997,flux,particle,2,0.40060120820999146
7182,candidate_008,met_station_core;laser_disdrometer;cr1000xe_backbone,2.0103999999999997,flux,particle,2,0.422194242477417
7182,candidate_008,met_station_core;laser_disdrometer;cr1000xe_backbone,2.0103999999999997,flux,particle,2,0.5151790976524353
7182,candidate_008,met_station_core;laser_disdrometer;cr1000xe_backbone,2.0103999999999997,flux,particle,2,0.4753895103931427
7182,candidate_008,met_station_core;laser_disdrometer;cr1000xe_backbone,2.0103999999999997,flux,thermal,2,0.5774932503700256
7182,candidate_008,met_station_core;laser_disdrometer;cr1000xe_backbone,2.0103999999999997,flux,thermal,2,0.45459532737731934
7182,candidate_008,met_station_core;laser_disdrometer;cr1000xe_backbone,2.0103999999999997,flux,thermal,2,0.46333807706832886
7182,candidate_008,met_station_core;laser_disdrometer;cr1000xe_backbone,2.0103999999999997,flux,thermal,2,0.4756680428981781
7182,candidate_008,met_station_core;laser_disdrometer;cr1000xe_backbone,2.0103999999999997,flux,thermal,2,0.5111261606216431
7182,candidate_008,met_station_core;laser_disdrometer;cr1000xe_backbone,2.0103999999999997,flux,thermal,2,0.47337618470191956
7182,candidate_008,met_station_core;laser_disdrometer;cr1000xe_backbone,2.0103999999999997,flux,thermal,2,0.5142048597335815
7182,candidate_008,met_station_core;laser_disdrometer;cr1000xe_backbone,2.0103999999999997,flux,thermal,2,0.6257899403572083
7182,candidate_008,met_station_core;laser_disdrometer;cr1000xe_backbone,2.0103999999999997,flux,thermal,2,0.5925625562667847
7182,candidate_008,met_station_core;laser_disdrometer;cr1000xe_backbone,2.0103999999999997,flux,thermal,2,0.5816089510917664
7182,candidate_008,met_station_core;laser_disdrometer;cr1000xe_backbone,2.0103999999999997,flux,thermal,2,0.6842622756958008
7182,candidate_008,met_station_core;laser_disdrometer;cr1000xe_backbone,2.0103999999999997,flux,thermal,2,0.5430465340614319
7182,candidate_008,met_station_core;laser_disdrometer;cr1000xe_backbone,2.0103999999999997,flux,thermal,2,0.503942608833313
7182,candidate_008,met_station_core;laser_disdrometer;cr1000xe_backbone,2.0103999999999997,flux,thermal,2,0.5020833015441895
7182,candidate_008,met_station_core;laser_disdrometer;cr1000xe_backbone,2.0103999999999997,flux,thermal,2,0.5094798803329468
7182,candidate_008,met_station_core;laser_disdrometer;cr1000xe_backbone,2.0103999999999997,flux,thermal,2,0.46989279985427856
7182,candidate_008,met_station_core;laser_disdrometer;cr1000xe_backbone,2.0103999999999997,flux,thermal,2,0.49719130992889404
7182,candidate_008,met_station_core;laser_disdrometer;cr1000xe_backbone,2.0103999999999997,flux,thermal,2,0.47505781054496765
7182,candidate_008,met_station_core;laser_disdrometer;cr1000xe_backbone,2.0103999999999997,flux,thermal,2,0.4634742736816406
7182,candidate_008,met_station_core;laser_disdrometer;cr1000xe_backbone,2.0103999999999997,flux,thermal,2,0.45429447293281555
7182,candidate_008,met_station_core;laser_disdrometer;cr1000xe_backbone,2.0103999999999997,flux,thermal,2,0.42943695187568665
7182,candidate_008,met_station_core;laser_disdrometer;cr1000xe_backbone,2.0103999999999997,flux,thermal,2,0.3421879708766937
7182,candidate_008,met_station_core;laser_disdrometer;cr1000xe_backbone,2.0103999999999997,flux,thermal,2,0.2779448330402374
7182,candidate_008,met_station_core;laser_disdrometer;cr1000xe_backbone,2.0103999999999997,flux,thermal,2,0.33569544553756714
7182,candidate_008,met_station_core;laser_disdrometer;cr1000xe_backbone,2.0103999999999997,flux,thermal,2,0.33299747109413147
7182,candidate_008,met_station_core;laser_disdrometer;cr1000xe_backbone,2.0103999999999997,flux,thermal,2,0.3671375513076782
7182,candidate_008,met_station_core;laser_disdrometer;cr1000xe_backbone,2.0103999999999997,flux,thermal,2,0.32974758744239807
7182,candidate_008,met_station_core;laser_disdrometer;cr1000xe_backbone,2.0103999999999997,flux,transport,2,0.32544752955436707
7182,candidate_008,met_station_core;laser_disdrometer;cr1000xe_backbone,2.0103999999999997,flux,transport,2,0.2883134186267853
7182,candidate_008,met_station_core;laser_disdrometer;cr1000xe_backbone,2.0103999999999997,flux,transport,2,0.3408488929271698
7182,candidate_008,met_station_core;laser_disdrometer;cr1000xe_backbone,2.0103999999999997,flux,transport,2,0.30310627818107605
7182,candidate_008,met_station_core;laser_disdrometer;cr1000xe_backbone,2.0103999999999997,calm,transport,0,0.21346931159496307
7182,candidate_008,met_station_core;laser_disdrometer;cr1000xe_backbone,2.0103999999999997,calm,transport,0,0.28186267614364624
7182,candidate_008,met_station_core;laser_disdrometer;cr1000xe_backbone,2.0103999999999997,calm,transport,0,0.2260250300168991
7182,candidate_008,met_station_core;laser_disdrometer;cr1000xe_backbone,2.0103999999999997,calm,transport,0,0.27463409304618835
7182,candidate_008,met_station_core;laser_disdrometer;cr1000xe_backbone,2.0103999999999997,calm,transport,0,0.2721097767353058
7182,candidate_008,met_station_core;laser_disdrometer;cr1000xe_backbone,2.0103999999999997,calm,transport,0,0.2752295434474945
7182,candidate_008,met_station_core;laser_disdrometer;cr1000xe_backbone,2.0103999999999997,calm,transport,0,0.2738566994667053
7182,candidate_008,met_station_core;laser_disdrometer;cr1000xe_backbone,2.0103999999999997,calm,transport,0,0.23693808913230896
7182,candidate_008,met_station_core;laser_disdrometer;cr1000xe_backbone,2.0103999999999997,calm,transport,0,0.28841716051101685
7182,candidate_008,met_station_core;laser_disdrometer;cr1000xe_backbone,2.0103999999999997,calm,transport,0,0.276334285736084
7182,candidate_008,met_station_core;laser_disdrometer;cr1000xe_backbone,2.0103999999999997,calm,transport,0,0.28615838289260864
7182,candidate_008,met_station_core;laser_disdrometer;cr1000xe_backbone,2.0103999999999997,calm,transport,0,0.2863066494464874
7182,candidate_008,met_station_core;laser_disdrometer;cr1000xe_backbone,2.0103999999999997,calm,transport,0,0.277629554271698
7182,candidate_008,met_station_core;laser_disdrometer;cr1000xe_backbone,2.0103999999999997,calm,transport,0,0.3209232687950134
7182,candidate_008,met_station_core;laser_disdrometer;cr1000xe_backbone,2.0103999999999997,thermal,transport,3,0.2870946526527405
7182,candidate_008,met_station_core;laser_disdrometer;cr1000xe_backbone,2.0103999999999997,thermal,transport,3,0.27710241079330444
7182,candidate_008,met_station_core;laser_disdrometer;cr1000xe_backbone,2.0103999999999997,thermal,transport,3,0.2383081316947937
7182,candidate_008,met_station_core;laser_disdrometer;cr1000xe_backbone,2.0103999999999997,thermal,transport,3,0.26060545444488525
7182,candidate_008,met_station_core;laser_disdrometer;cr1000xe_backbone,2.0103999999999997,thermal,particle,3,0.2773292660713196
7182,candidate_008,met_station_core;laser_disdrometer;cr1000xe_backbone,2.0103999999999997,thermal,particle,3,0.29020175337791443
7182,candidate_008,met_station_core;laser_disdrometer;cr1000xe_backbone,2.0103999999999997,thermal,particle,3,0.2657848596572876
7182,candidate_008,met_station_core;laser_disdrometer;cr1000xe_backbone,2.0103999999999997,thermal,particle,3,0.2601114809513092
7182,candidate_008,met_station_core;laser_disdrometer;cr1000xe_backbone,2.0103999999999997,thermal,particle,3,0.2976209223270416
7182,candidate_008,met_station_core;laser_disdrometer;cr1000xe_backbone,2.0103999999999997,thermal,particle,3,0.35140860080718994
7182,candidate_008,met_station_core;laser_disdrometer;cr1000xe_backbone,2.0103999999999997,thermal,particle,3,0.33223360776901245
7182,candidate_008,met_station_core;laser_disdrometer;cr1000xe_backbone,2.0103999999999997,thermal,particle,3,0.33132660388946533
7182,candidate_008,met_station_core;laser_disdrometer;cr1000xe_backbone,2.0103999999999997,thermal,particle,3,0.3236410319805145
7182,candidate_008,met_station_core;laser_disdrometer;cr1000xe_backbone,2.0103999999999997,thermal,particle,3,0.36778169870376587
7182,candidate_008,met_station_core;laser_disdrometer;cr1000xe_backbone,2.0103999999999997,thermal,particle,3,0.48446863889694214
7182,candidate_008,met_station_core;laser_disdrometer;cr1000xe_backbone,2.0103999999999997,thermal,particle,3,0.3604908287525177
7182,candidate_008,met_station_core;laser_disdrometer;cr1000xe_backbone,2.0103999999999997,thermal,particle,3,0.3405456244945526
7182,candidate_008,met_station_core;laser_disdrometer;cr1000xe_backbone,2.0103999999999997,thermal,particle,3,0.2244141548871994
7182,candidate_008,met_station_core;laser_disdrometer;cr1000xe_backbone,2.0103999999999997,thermal,particle,3,0.3466450870037079
7182,candidate_008,met_station_core;laser_disdrometer;cr1000xe_backbone,2.0103999999999997,thermal,particle,3,0.37161996960639954
7182,candidate_008,met_station_core;laser_disdrometer;cr1000xe_backbone,2.0103999999999997,thermal,particle,3,0.31894683837890625
7182,candidate_008,met_station_core;laser_disdrometer;cr1000xe_backbone,2.0103999999999997,thermal,particle,3,0.38508448004722595
7182,candidate_008,met_station_core;laser_disdrometer;cr1000xe_backbone,2.0103999999999997,thermal,particle,3,0.30310913920402527
7182,candidate_008,met_station_core;laser_disdrometer;cr1000xe_backbone,2.0103999999999997,thermal,particle,3,0.320727676153183
7182,candidate_008,met_station_core;laser_disdrometer;cr1000xe_backbone,2.0103999999999997,thermal,particle,3,0.24789640307426453
7182,candidate_008,met_station_core;laser_disdrometer;cr1000xe_backbone,2.0103999999999997,thermal,particle,3,0.21965347230434418
7182,candidate_008,met_station_core;laser_disdrometer;cr1000xe_backbone,2.0103999999999997,thermal,particle,3,0.23275712132453918
7182,candidate_008,met_station_core;laser_disdrometer;cr1000xe_backbone,2.0103999999999997,thermal,particle,3,0.27653202414512634
7182,candidate_008,met_station_core;laser_disdrometer;cr1000xe_backbone,2.0103999999999997,thermal,particle,3,0.2876012921333313
7182,candidate_008,met_station_core;laser_disdrometer;cr1000xe_backbone,2.0103999999999997,thermal,particle,3,0.4005371630191803
7182,candidate_008,met_station_core;laser_disdrometer;cr1000xe_backbone,2.0103999999999997,thermal,particle,3,0.31298765540122986
7182,candidate_008,met_station_core;laser_disdrometer;cr1000xe_backbone,2.0103999999999997,thermal,particle,3,0.381732702255249
7182,candidate_008,met_station_core;laser_disdrometer;cr1000xe_backbone,2.0103999999999997,thermal,particle,3,0.3740464746952057
7182,candidate_008,met_station_core;laser_disdrometer;cr1000xe_backbone,2.0103999999999997,thermal,particle,3,0.37483569979667664
7182,candidate_008,met_station_core;laser_disdrometer;cr1000xe_backbone,2.0103999999999997,thermal,particle,3,0.35039186477661133
7182,candidate_008,met_station_core;laser_disdrometer;cr1000xe_backbone,2.0103999999999997,thermal,particle,3,0.45077720284461975
7182,candidate_008,met_station_core;laser_disdrometer;cr1000xe_backbone,2.0103999999999997,thermal,particle,3,0.41283008456230164
7182,candidate_008,met_station_core;laser_disdrometer;cr1000xe_backbone,2.0103999999999997,thermal,particle,3,0.5757564902305603
7182,candidate_008,met_station_core;laser_disdrometer;cr1000xe_backbone,2.0103999999999997,thermal,particle,3,0.6409189105033875
7182,candidate_008,met_station_core;laser_disdrometer;cr1000xe_backbone,2.0103999999999997,thermal,particle,3,0.6255024671554565
7182,candidate_008,met_station_core;laser_disdrometer;cr1000xe_backbone,2.0103999999999997,thermal,thermal,3,0.5992547273635864
7182,candidate_008,met_station_core;laser_disdrometer;cr1000xe_backbone,2.0103999999999997,thermal,thermal,3,0.5699774026870728
7182,candidate_008,met_station_core;laser_disdrometer;cr1000xe_backbone,2.0103999999999997,thermal,thermal,3,0.5627679824829102
7182,candidate_008,met_station_core;laser_disdrometer;cr1000xe_backbone,2.0103999999999997,thermal,thermal,3,0.6848320960998535
7182,candidate_008,met_station_core;laser_disdrometer;cr1000xe_backbone,2.0103999999999997,thermal,thermal,3,0.5610083341598511
7182,candidate_008,met_station_core;laser_disdrometer;cr1000xe_backbone,2.0103999999999997,thermal,thermal,3,0.6284530162811279
7182,candidate_008,met_station_core;laser_disdrometer;cr1000xe_backbone,2.0103999999999997,thermal,thermal,3,0.709295928478241
7182,candidate_008,met_station_core;laser_disdrometer;cr1000xe_backbone,2.0103999999999997,thermal,thermal,3,0.8248751759529114
7182,candidate_008,met_station_core;laser_disdrometer;cr1000xe_backbone,2.0103999999999997,thermal,thermal,3,0.6119499206542969
7182,candidate_008,met_station_core;laser_disdrometer;cr1000xe_backbone,2.0103999999999997,thermal,thermal,3,0.5411913990974426
7182,candidate_008,met_station_core;laser_disdrometer;cr1000xe_backbone,2.0103999999999997,thermal,thermal,3,0.44431495666503906
7182,candidate_008,met_station_core;laser_disdrometer;cr1000xe_backbone,2.0103999999999997,thermal,thermal,3,0.5416679978370667
7182,candidate_008,met_station_core;laser_disdrometer;cr1000xe_backbone,2.0103999999999997,thermal,thermal,3,0.36910951137542725
7182,candidate_008,met_station_core;laser_disdrometer;cr1000xe_backbone,2.0103999999999997,thermal,thermal,3,0.557786226272583
7182,candidate_008,met_station_core;laser_disdrometer;cr1000xe_backbone,2.0103999999999997,thermal,thermal,3,0.5435240268707275
7182,candidate_008,met_station_core;laser_disdrometer;cr1000xe_backbone,2.0103999999999997,thermal,thermal,3,0.5270774960517883
7182,candidate_008,met_station_core;laser_disdrometer;cr1000xe_backbone,2.0103999999999997,calm,thermal,0,0.5051653981208801
7182,candidate_008,met_station_core;laser_disdrometer;cr1000xe_backbone,2.0103999999999997,calm,thermal,0,0.3306117057800293
7182,candidate_008,met_station_core;laser_disdrometer;cr1000xe_backbone,2.0103999999999997,calm,thermal,0,0.3430025279521942
7182,candidate_008,met_station_core;laser_disdrometer;cr1000xe_backbone,2.0103999999999997,calm,thermal,0,0.25399884581565857
7182,candidate_008,met_station_core;laser_disdrometer;cr1000xe_backbone,2.0103999999999997,calm,thermal,0,0.36115115880966187
7182,candidate_008,met_station_core;laser_disdrometer;cr1000xe_backbone,2.0103999999999997,calm,thermal,0,0.333985298871994
7182,candidate_008,met_station_core;laser_disdrometer;cr1000xe_backbone,2.0103999999999997,calm,thermal,0,0.3551193177700043
7182,candidate_008,met_station_core;laser_disdrometer;cr1000xe_backbone,2.0103999999999997,calm,thermal,0,0.2691217362880707
7182,candidate_008,met_station_core;laser_disdrometer;cr1000xe_backbone,2.0103999999999997,calm,thermal,0,0.2622174024581909
7182,candidate_008,met_station_core;laser_disdrometer;cr1000xe_backbone,2.0103999999999997,calm,thermal,0,0.25933775305747986
7182,candidate_008,met_station_core;laser_disdrometer;cr1000xe_backbone,2.0103999999999997,calm,thermal,0,0.31427091360092163
7182,candidate_008,met_station_core;laser_disdrometer;cr1000xe_backbone,2.0103999999999997,calm,transport,0,0.23247316479682922
7182,candidate_008,met_station_core;laser_disdrometer;cr1000xe_backbone,2.0103999999999997,thermal,transport,3,0.29972076416015625
7182,candidate_008,met_station_core;laser_disdrometer;cr1000xe_backbone,2.0103999999999997,thermal,transport,3,0.2201695591211319
7182,candidate_009,radiometer_basic;laser_disdrometer;cr1000xe_backbone,1.9704000000000002,calm,thermal,0,1.072939395904541
7182,candidate_009,radiometer_basic;laser_disdrometer;cr1000xe_backbone,1.9704000000000002,calm,thermal,0,1.0634337663650513
7182,candidate_009,radiometer_basic;laser_disdrometer;cr1000xe_backbone,1.9704000000000002,calm,thermal,0,1.0617656707763672
7182,candidate_009,radiometer_basic;laser_disdrometer;cr1000xe_backbone,1.9704000000000002,calm,thermal,0,1.0886105298995972
7182,candidate_009,radiometer_basic;laser_disdrometer;cr1000xe_backbone,1.9704000000000002,calm,thermal,0,0.968444287776947
7182,candidate_009,radiometer_basic;laser_disdrometer;cr1000xe_backbone,1.9704000000000002,calm,thermal,0,0.920954704284668
7182,candidate_009,radiometer_basic;laser_disdrometer;cr1000xe_backbone,1.9704000000000002,calm,thermal,0,0.780158519744873
7182,candidate_009,radiometer_basic;laser_disdrometer;cr1000xe_backbone,1.9704000000000002,calm,thermal,0,0.8231000304222107
7182,candidate_009,radiometer_basic;laser_disdrometer;cr1000xe_backbone,1.9704000000000002,calm,thermal,0,0.7976493239402771
7182,candidate_009,radiometer_basic;laser_disdrometer;cr1000xe_backbone,1.9704000000000002,calm,thermal,0,0.7785390019416809
7182,candidate_009,radiometer_basic;laser_disdrometer;cr1000xe_backbone,1.9704000000000002,calm,thermal,0,0.7848681211471558
7182,candidate_009,radiometer_basic;laser_disdrometer;cr1000xe_backbone,1.9704000000000002,calm,transport,0,0.749890148639679
7182,candidate_009,radiometer_basic;laser_disdrometer;cr1000xe_backbone,1.9704000000000002,calm,transport,0,0.7406485676765442
7182,candidate_009,radiometer_basic;laser_disdrometer;cr1000xe_backbone,1.9704000000000002,calm,transport,0,0.7995185852050781
7182,candidate_009,radiometer_basic;laser_disdrometer;cr1000xe_backbone,1.9704000000000002,calm,transport,0,0.7523999810218811
7182,candidate_009,radiometer_basic;laser_disdrometer;cr1000xe_backbone,1.9704000000000002,calm,transport,0,0.7809224128723145
7182,candidate_009,radiometer_basic;laser_disdrometer;cr1000xe_backbone,1.9704000000000002,calm,transport,0,0.7673018574714661
7182,candidate_009,radiometer_basic;laser_disdrometer;cr1000xe_backbone,1.9704000000000002,calm,transport,0,0.7302921414375305
7182,candidate_009,radiometer_basic;laser_disdrometer;cr1000xe_backbone,1.9704000000000002,calm,transport,0,0.7499496340751648
7182,candidate_009,radiometer_basic;laser_disdrometer;cr1000xe_backbone,1.9704000000000002,calm,transport,0,0.7586258053779602
7182,candidate_009,radiometer_basic;laser_disdrometer;cr1000xe_backbone,1.9704000000000002,calm,transport,0,0.7758516073226929
7182,candidate_009,radiometer_basic;laser_disdrometer;cr1000xe_backbone,1.9704000000000002,calm,transport,0,0.7662720084190369
7182,candidate_009,radiometer_basic;laser_disdrometer;cr1000xe_backbone,1.9704000000000002,calm,transport,0,0.7265064120292664
7182,candidate_009,radiometer_basic;laser_disdrometer;cr1000xe_backbone,1.9704000000000002,calm,transport,0,0.7105652093887329
7182,candidate_009,radiometer_basic;laser_disdrometer;cr1000xe_backbone,1.9704000000000002,calm,transport,0,0.7187339067459106
7182,candidate_009,radiometer_basic;laser_disdrometer;cr1000xe_backbone,1.9704000000000002,calm,transport,0,0.7324353456497192
7182,candidate_009,radiometer_basic;laser_disdrometer;cr1000xe_backbone,1.9704000000000002,calm,transport,0,0.6732756495475769
7182,candidate_009,radiometer_basic;laser_disdrometer;cr1000xe_backbone,1.9704000000000002,calm,transport,0,0.6868976354598999
7182,candidate_009,radiometer_basic;laser_disdrometer;cr1000xe_backbone,1.9704000000000002,calm,transport,0,0.6908401846885681
7182,candidate_009,radiometer_basic;laser_disdrometer;cr1000xe_backbone,1.9704000000000002,calm,transport,0,0.6742389798164368
7182,candidate_009,radiometer_basic;laser_disdrometer;cr1000xe_backbone,1.9704000000000002,calm,transport,0,0.6709571480751038
7182,candidate_009,radiometer_basic;laser_disdrometer;cr1000xe_backbone,1.9704000000000002,calm,transport,0,0.7050508260726929
7182,candidate_009,radiometer_basic;laser_disdrometer;cr1000xe_backbone,1.9704000000000002,calm,transport,0,0.7004618048667908
7182,candidate_009,radiometer_basic;laser_disdrometer;cr1000xe_backbone,1.9704000000000002,calm,transport,0,0.6457479596138
7182,candidate_009,radiometer_basic;laser_disdrometer;cr1000xe_backbone,1.9704000000000002,calm,transport,0,0.6444939970970154
7182,candidate_009,radiometer_basic;laser_disdrometer;cr1000xe_backbone,1.9704000000000002,calm,transport,0,0.6588780879974365
7182,candidate_009,radiometer_basic;laser_disdrometer;cr1000xe_backbone,1.9704000000000002,calm,transport,0,0.6826924085617065
7182,candidate_009,radiometer_basic;laser_disdrometer;cr1000xe_backbone,1.9704000000000002,calm,transport,0,0.6695407032966614
7182,candidate_009,radiometer_basic;laser_disdrometer;cr1000xe_backbone,1.9704000000000002,calm,transport,0,0.6876752376556396
7182,candidate_009,radiometer_basic;laser_disdrometer;cr1000xe_backbone,1.9704000000000002,calm,transport,0,0.7279039621353149
7182,candidate_009,radiometer_basic;laser_disdrometer;cr1000xe_backbone,1.9704000000000002,calm,transport,0,0.7485471367835999
7182,candidate_009,radiometer_basic;laser_disdrometer;cr1000xe_backbone,1.9704000000000002,calm,transport,0,0.7393046617507935
7182,candidate_009,radiometer_basic;laser_disdrometer;cr1000xe_backbone,1.9704000000000002,calm,transport,0,0.7652650475502014
7182,candidate_009,radiometer_basic;laser_disdrometer;cr1000xe_backbone,1.9704000000000002,calm,transport,0,0.7520691156387329
7182,candidate_009,radiometer_basic;laser_disdrometer;cr1000xe_backbone,1.9704000000000002,calm,particle,0,0.7394885420799255
7182,candidate_009,radiometer_basic;laser_disdrometer;cr1000xe_backbone,1.9704000000000002,calm,particle,0,0.7621843814849854
7182,candidate_009,radiometer_basic;laser_disdrometer;cr1000xe_backbone,1.9704000000000002,calm,particle,0,0.6936310529708862
7182,candidate_009,radiometer_basic;laser_disdrometer;cr1000xe_backbone,1.9704000000000002,calm,particle,0,0.7500322461128235
7182,candidate_009,radiometer_basic;laser_disdrometer;cr1000xe_backbone,1.9704000000000002,calm,particle,0,0.7420149445533752
7182,candidate_009,radiometer_basic;laser_disdrometer;cr1000xe_backbone,1.9704000000000002,calm,particle,0,0.7271648645401001
7182,candidate_009,radiometer_basic;laser_disdrometer;cr1000xe_backbone,1.9704000000000002,calm,particle,0,0.7429834008216858
7182,candidate_009,radiometer_basic;laser_disdrometer;cr1000xe_backbone,1.9704000000000002,calm,particle,0,0.704124391078949
7182,candidate_009,radiometer_basic;laser_disdrometer;cr1000xe_backbone,1.9704000000000002,calm,particle,0,0.6941168904304504
7182,candidate_009,radiometer_basic;laser_disdrometer;cr1000xe_backbone,1.9704000000000002,calm,particle,0,0.7013993263244629
7182,candidate_009,radiometer_basic;laser_disdrometer;cr1000xe_backbone,1.9704000000000002,calm,particle,0,0.7128274440765381
7182,candidate_009,radiometer_basic;laser_disdrometer;cr1000xe_backbone,1.9704000000000002,calm,particle,0,0.7087922096252441
7182,candidate_009,radiometer_basic;laser_disdrometer;cr1000xe_backbone,1.9704000000000002,calm,particle,0,0.6779264807701111
7182,candidate_009,radiometer_basic;laser_disdrometer;cr1000xe_backbone,1.9704000000000002,calm,particle,0,0.6324642896652222
7182,candidate_009,radiometer_basic;laser_disdrometer;cr1000xe_backbone,1.9704000000000002,calm,particle,0,0.6036540269851685
7182,candidate_009,radiometer_basic;laser_disdrometer;cr1000xe_backbone,1.9704000000000002,calm,particle,0,0.5972676873207092
7182,candidate_009,radiometer_basic;laser_disdrometer;cr1000xe_backbone,1.9704000000000002,calm,particle,0,0.6609134078025818
7182,candidate_009,radiometer_basic;laser_disdrometer;cr1000xe_backbone,1.9704000000000002,calm,particle,0,0.5898922681808472
7182,candidate_009,radiometer_basic;laser_disdrometer;cr1000xe_backbone,1.9704000000000002,calm,particle,0,0.6210299134254456
7182,candidate_009,radiometer_basic;laser_disdrometer;cr1000xe_backbone,1.9704000000000002,calm,particle,0,0.6507769227027893
7182,candidate_009,radiometer_basic;laser_disdrometer;cr1000xe_backbone,1.9704000000000002,calm,particle,0,0.6720793843269348
7182,candidate_009,radiometer_basic;laser_disdrometer;cr1000xe_backbone,1.9704000000000002,calm,thermal,0,0.6672594547271729
7182,candidate_009,radiometer_basic;laser_disdrometer;cr1000xe_backbone,1.9704000000000002,calm,thermal,0,0.6785856485366821
7182,candidate_009,radiometer_basic;laser_disdrometer;cr1000xe_backbone,1.9704000000000002,calm,thermal,0,0.6501525640487671
7182,candidate_009,radiometer_basic;laser_disdrometer;cr1000xe_backbone,1.9704000000000002,calm,thermal,0,0.6823979616165161
7182,candidate_009,radiometer_basic;laser_disdrometer;cr1000xe_backbone,1.9704000000000002,calm,thermal,0,0.6742399334907532
7182,candidate_009,radiometer_basic;laser_disdrometer;cr1000xe_backbone,1.9704000000000002,calm,thermal,0,0.6665552854537964
7182,candidate_009,radiometer_basic;laser_disdrometer;cr1000xe_backbone,1.9704000000000002,calm,thermal,0,0.6426815986633301
7182,candidate_009,radiometer_basic;laser_disdrometer;cr1000xe_backbone,1.9704000000000002,calm,thermal,0,0.6428825855255127
7182,candidate_009,radiometer_basic;laser_disdrometer;cr1000xe_backbone,1.9704000000000002,calm,thermal,0,0.6709501147270203
7182,candidate_009,radiometer_basic;laser_disdrometer;cr1000xe_backbone,1.9704000000000002,calm,thermal,0,0.6624147295951843
7182,candidate_009,radiometer_basic;laser_disdrometer;cr1000xe_backbone,1.9704000000000002,calm,thermal,0,0.6524704694747925
7182,candidate_009,radiometer_basic;laser_disdrometer;cr1000xe_backbone,1.9704000000000002,calm,thermal,0,0.685876727104187
7182,candidate_009,radiometer_basic;laser_disdrometer;cr1000xe_backbone,1.9704000000000002,calm,thermal,0,0.6746789216995239
7182,candidate_009,radiometer_basic;laser_disdrometer;cr1000xe_backbone,1.9704000000000002,calm,thermal,0,0.6621230840682983
7182,candidate_009,radiometer_basic;laser_disdrometer;cr1000xe_backbone,1.9704000000000002,calm,thermal,0,0.6450459361076355
7182,candidate_009,radiometer_basic;laser_disdrometer;cr1000xe_backbone,1.9704000000000002,calm,thermal,0,0.6582829356193542
7182,candidate_009,radiometer_basic;laser_disdrometer;cr1000xe_backbone,1.9704000000000002,calm,thermal,0,0.6791370511054993
7182,candidate_009,radiometer_basic;laser_disdrometer;cr1000xe_backbone,1.9704000000000002,calm,thermal,0,0.6549503803253174
7182,candidate_009,radiometer_basic;laser_disdrometer;cr1000xe_backbone,1.9704000000000002,calm,thermal,0,0.6845709681510925
7182,candidate_009,radiometer_basic;laser_disdrometer;cr1000xe_backbone,1.9704000000000002,calm,thermal,0,0.7407537698745728
7182,candidate_009,radiometer_basic;laser_disdrometer;cr1000xe_backbone,1.9704000000000002,calm,thermal,0,0.738326370716095
7182,candidate_009,radiometer_basic;laser_disdrometer;cr1000xe_backbone,1.9704000000000002,calm,thermal,0,0.7503513693809509
7182,candidate_009,radiometer_basic;laser_disdrometer;cr1000xe_backbone,1.9704000000000002,calm,thermal,0,0.7761191129684448
7182,candidate_009,radiometer_basic;laser_disdrometer;cr1000xe_backbone,1.9704000000000002,calm,thermal,0,0.7796735167503357
7182,candidate_009,radiometer_basic;laser_disdrometer;cr1000xe_backbone,1.9704000000000002,calm,transport,0,0.7918434739112854
7182,candidate_009,radiometer_basic;laser_disdrometer;cr1000xe_backbone,1.9704000000000002,calm,transport,0,0.7447983026504517
7182,candidate_009,radiometer_basic;laser_disdrometer;cr1000xe_backbone,1.9704000000000002,calm,transport,0,0.8053532242774963
7182,candidate_009,radiometer_basic;laser_disdrometer;cr1000xe_backbone,1.9704000000000002,calm,transport,0,0.7741569876670837
7182,candidate_009,radiometer_basic;laser_disdrometer;cr1000xe_backbone,1.9704000000000002,calm,transport,0,0.7785417437553406
7182,candidate_009,radiometer_basic;laser_disdrometer;cr1000xe_backbone,1.9704000000000002,calm,transport,0,0.7724344730377197
7182,candidate_009,radiometer_basic;laser_disdrometer;cr1000xe_backbone,1.9704000000000002,calm,transport,0,0.7699064016342163
7182,candidate_009,radiometer_basic;laser_disdrometer;cr1000xe_backbone,1.9704000000000002,calm,transport,0,0.8081734776496887
7182,candidate_009,radiometer_basic;laser_disdrometer;cr1000xe_backbone,1.9704000000000002,calm,transport,0,0.7618181109428406
7182,candidate_009,radiometer_basic;laser_disdrometer;cr1000xe_backbone,1.9704000000000002,calm,transport,0,0.7412803769111633
7182,candidate_009,radiometer_basic;laser_disdrometer;cr1000xe_backbone,1.9704000000000002,calm,transport,0,0.7342925667762756
7182,candidate_009,radiometer_basic;laser_disdrometer;cr1000xe_backbone,1.9704000000000002,calm,transport,0,0.6802198886871338
7182,candidate_009,radiometer_basic;laser_disdrometer;cr1000xe_backbone,1.9704000000000002,calm,transport,0,0.6122310757637024
7182,candidate_009,radiometer_basic;laser_disdrometer;cr1000xe_backbone,1.9704000000000002,calm,transport,0,0.5879715085029602
7182,candidate_009,radiometer_basic;laser_disdrometer;cr1000xe_backbone,1.9704000000000002,calm,transport,0,0.576081395149231
7182,candidate_009,radiometer_basic;laser_disdrometer;cr1000xe_backbone,1.9704000000000002,calm,transport,0,0.6173655390739441
7182,candidate_009,radiometer_basic;laser_disdrometer;cr1000xe_backbone,1.9704000000000002,calm,transport,0,0.5908723473548889
7182,candidate_009,radiometer_basic;laser_disdrometer;cr1000xe_backbone,1.9704000000000002,calm,transport,0,0.639986515045166
7182,candidate_009,radiometer_basic;laser_disdrometer;cr1000xe_backbone,1.9704000000000002,calm,transport,0,0.6173384189605713
7182,candidate_009,radiometer_basic;laser_disdrometer;cr1000xe_backbone,1.9704000000000002,calm,transport,0,0.6808716654777527
7182,candidate_009,radiometer_basic;laser_disdrometer;cr1000xe_backbone,1.9704000000000002,calm,transport,0,0.6780087947845459
7182,candidate_009,radiometer_basic;laser_disdrometer;cr1000xe_backbone,1.9704000000000002,calm,transport,0,0.7046119570732117
7182,candidate_009,radiometer_basic;laser_disdrometer;cr1000xe_backbone,1.9704000000000002,calm,particle,0,0.6623762249946594
7182,candidate_009,radiometer_basic;laser_disdrometer;cr1000xe_backbone,1.9704000000000002,calm,particle,0,0.7018477320671082
7182,candidate_009,radiometer_basic;laser_disdrometer;cr1000xe_backbone,1.9704000000000002,calm,particle,0,0.8000643849372864
7182,candidate_009,radiometer_basic;laser_disdrometer;cr1000xe_backbone,1.9704000000000002,calm,particle,0,0.7699470520019531
7182,candidate_009,radiometer_basic;laser_disdrometer;cr1000xe_backbone,1.9704000000000002,calm,particle,0,0.9182913303375244
7182,candidate_009,radiometer_basic;laser_disdrometer;cr1000xe_backbone,1.9704000000000002,calm,particle,0,0.9390560388565063
7182,candidate_009,radiometer_basic;laser_disdrometer;cr1000xe_backbone,1.9704000000000002,calm,particle,0,0.9558511972427368
7182,candidate_009,radiometer_basic;laser_disdrometer;cr1000xe_backbone,1.9704000000000002,calm,particle,0,0.9871669411659241
7182,candidate_009,radiometer_basic;laser_disdrometer;cr1000xe_backbone,1.9704000000000002,calm,particle,0,0.9187856912612915
7182,candidate_009,radiometer_basic;laser_disdrometer;cr1000xe_backbone,1.9704000000000002,calm,particle,0,0.9558038711547852
7182,candidate_009,radiometer_basic;laser_disdrometer;cr1000xe_backbone,1.9704000000000002,calm,particle,0,1.0026240348815918
7182,candidate_009,radiometer_basic;laser_disdrometer;cr1000xe_backbone,1.9704000000000002,calm,particle,0,0.9551243185997009
7182,candidate_009,radiometer_basic;laser_disdrometer;cr1000xe_backbone,1.9704000000000002,calm,particle,0,0.8645761013031006
7182,candidate_009,radiometer_basic;laser_disdrometer;cr1000xe_backbone,1.9704000000000002,calm,particle,0,0.82240891456604
7182,candidate_009,radiometer_basic;laser_disdrometer;cr1000xe_backbone,1.9704000000000002,calm,particle,0,0.804838240146637
7182,candidate_009,radiometer_basic;laser_disdrometer;cr1000xe_backbone,1.9704000000000002,calm,particle,0,0.8460437655448914
7182,candidate_009,radiometer_basic;laser_disdrometer;cr1000xe_backbone,1.9704000000000002,calm,particle,0,0.8108924031257629
7182,candidate_009,radiometer_basic;laser_disdrometer;cr1000xe_backbone,1.9704000000000002,calm,particle,0,0.8444867730140686
7182,candidate_009,radiometer_basic;laser_disdrometer;cr1000xe_backbone,1.9704000000000002,calm,particle,0,0.8164613842964172
7182,candidate_009,radiometer_basic;laser_disdrometer;cr1000xe_backbone,1.9704000000000002,calm,particle,0,0.8495597839355469
7182,candidate_009,radiometer_basic;laser_disdrometer;cr1000xe_backbone,1.9704000000000002,calm,particle,0,0.8841561079025269
7182,candidate_009,radiometer_basic;laser_disdrometer;cr1000xe_backbone,1.9704000000000002,calm,particle,0,0.9607632160186768
7182,candidate_009,radiometer_basic;laser_disdrometer;cr1000xe_backbone,1.9704000000000002,calm,particle,0,1.062819242477417
7182,candidate_009,radiometer_basic;laser_disdrometer;cr1000xe_backbone,1.9704000000000002,calm,thermal,0,1.0337907075881958
7182,candidate_009,radiometer_basic;laser_disdrometer;cr1000xe_backbone,1.9704000000000002,calm,thermal,0,1.024357795715332
7182,candidate_009,radiometer_basic;laser_disdrometer;cr1000xe_backbone,1.9704000000000002,calm,thermal,0,1.0117268562316895
7182,candidate_009,radiometer_basic;laser_disdrometer;cr1000xe_backbone,1.9704000000000002,calm,thermal,0,0.9893254637718201
7182,candidate_009,radiometer_basic;laser_disdrometer;cr1000xe_backbone,1.9704000000000002,calm,thermal,0,1.0022410154342651
7182,candidate_009,radiometer_basic;laser_disdrometer;cr1000xe_backbone,1.9704000000000002,calm,thermal,0,1.0201293230056763
7182,candidate_009,radiometer_basic;laser_disdrometer;cr1000xe_backbone,1.9704000000000002,calm,thermal,0,1.045754313468933
7182,candidate_009,radiometer_basic;laser_disdrometer;cr1000xe_backbone,1.9704000000000002,calm,thermal,0,1.065633773803711
7182,candidate_009,radiometer_basic;laser_disdrometer;cr1000xe_backbone,1.9704000000000002,calm,thermal,0,1.0724666118621826
7182,candidate_009,radiometer_basic;laser_disdrometer;cr1000xe_backbone,1.9704000000000002,calm,thermal,0,1.0502030849456787
7182,candidate_009,radiometer_basic;laser_disdrometer;cr1000xe_backbone,1.9704000000000002,calm,thermal,0,1.0816065073013306
7182,candidate_009,radiometer_basic;laser_disdrometer;cr1000xe_backbone,1.9704000000000002,calm,thermal,0,1.0715500116348267
7182,candidate_009,radiometer_basic;laser_disdrometer;cr1000xe_backbone,1.9704000000000002,calm,thermal,0,1.0203008651733398
7182,candidate_009,radiometer_basic;laser_disdrometer;cr1000xe_backbone,1.9704000000000002,calm,thermal,0,1.0575330257415771
7182,candidate_009,radiometer_basic;laser_disdrometer;cr1000xe_backbone,1.9704000000000002,calm,thermal,0,1.0586751699447632
7182,candidate_009,radiometer_basic;laser_disdrometer;cr1000xe_backbone,1.9704000000000002,calm,thermal,0,1.033850073814392
7182,candidate_009,radiometer_basic;laser_disdrometer;cr1000xe_backbone,1.9704000000000002,calm,thermal,0,1.0388844013214111
7182,candidate_009,radiometer_basic;laser_disdrometer;cr1000xe_backbone,1.9704000000000002,calm,thermal,0,0.9644284248352051
7182,candidate_009,radiometer_basic;laser_disdrometer;cr1000xe_backbone,1.9704000000000002,calm,thermal,0,0.9257532954216003
7182,candidate_009,radiometer_basic;laser_disdrometer;cr1000xe_backbone,1.9704000000000002,calm,thermal,0,0.9516270160675049
7182,candidate_009,radiometer_basic;laser_disdrometer;cr1000xe_backbone,1.9704000000000002,calm,thermal,0,0.9389298558235168
7182,candidate_009,radiometer_basic;laser_disdrometer;cr1000xe_backbone,1.9704000000000002,calm,transport,0,0.9525952935218811
7182,candidate_009,radiometer_basic;laser_disdrometer;cr1000xe_backbone,1.9704000000000002,calm,transport,0,1.059415578842163
7182,candidate_009,radiometer_basic;laser_disdrometer;cr1000xe_backbone,1.9704000000000002,calm,transport,0,1.0328086614608765
7182,candidate_009,radiometer_basic;laser_disdrometer;cr1000xe_backbone,1.9704000000000002,calm,transport,0,1.031194806098938
7182,candidate_009,radiometer_basic;laser_disdrometer;cr1000xe_backbone,1.9704000000000002,calm,transport,0,1.0184184312820435
7182,candidate_009,radiometer_basic;laser_disdrometer;cr1000xe_backbone,1.9704000000000002,calm,transport,0,1.03700852394104
7182,candidate_009,radiometer_basic;laser_disdrometer;cr1000xe_backbone,1.9704000000000002,calm,transport,0,1.0265454053878784
7182,candidate_009,radiometer_basic;laser_disdrometer;cr1000xe_backbone,1.9704000000000002,calm,transport,0,1.0311342477798462
7182,candidate_009,radiometer_basic;laser_disdrometer;cr1000xe_backbone,1.9704000000000002,calm,transport,0,1.063498854637146
7182,candidate_009,radiometer_basic;laser_disdrometer;cr1000xe_backbone,1.9704000000000002,calm,transport,0,1.05659818649292
7182,candidate_009,radiometer_basic;laser_disdrometer;cr1000xe_backbone,1.9704000000000002,calm,transport,0,1.0978559255599976
7182,candidate_009,radiometer_basic;laser_disdrometer;cr1000xe_backbone,1.9704000000000002,calm,transport,0,1.0637028217315674
7182,candidate_009,radiometer_basic;laser_disdrometer;cr1000xe_backbone,1.9704000000000002,calm,transport,0,1.0226161479949951
7182,candidate_009,radiometer_basic;laser_disdrometer;cr1000xe_backbone,1.9704000000000002,calm,transport,0,1.0457971096038818
7182,candidate_009,radiometer_basic;laser_disdrometer;cr1000xe_backbone,1.9704000000000002,calm,transport,0,1.0515910387039185
7182,candidate_009,radiometer_basic;laser_disdrometer;cr1000xe_backbone,1.9704000000000002,calm,transport,0,1.0009410381317139
7182,candidate_009,radiometer_basic;laser_disdrometer;cr1000xe_backbone,1.9704000000000002,calm,transport,0,1.0425927639007568
7182,candidate_009,radiometer_basic;laser_disdrometer;cr1000xe_backbone,1.9704000000000002,calm,transport,0,1.01991868019104
7182,candidate_009,radiometer_basic;laser_disdrometer;cr1000xe_backbone,1.9704000000000002,calm,particle,0,1.0715417861938477
7182,candidate_009,radiometer_basic;laser_disdrometer;cr1000xe_backbone,1.9704000000000002,calm,particle,0,1.058633804321289
7182,candidate_009,radiometer_basic;laser_disdrometer;cr1000xe_backbone,1.9704000000000002,calm,particle,0,1.1082801818847656
7182,candidate_009,radiometer_basic;laser_disdrometer;cr1000xe_backbone,1.9704000000000002,calm,particle,0,1.1425926685333252
7182,candidate_009,radiometer_basic;laser_disdrometer;cr1000xe_backbone,1.9704000000000002,calm,particle,0,1.1002908945083618
7182,candidate_009,radiometer_basic;laser_disdrometer;cr1000xe_backbone,1.9704000000000002,calm,particle,0,1.0624747276306152
7182,candidate_009,radiometer_basic;laser_disdrometer;cr1000xe_backbone,1.9704000000000002,calm,particle,0,1.0440967082977295
7182,candidate_009,radiometer_basic;laser_disdrometer;cr1000xe_backbone,1.9704000000000002,calm,particle,0,1.0434937477111816
7182,candidate_009,radiometer_basic;laser_disdrometer;cr1000xe_backbone,1.9704000000000002,calm,particle,0,1.0307155847549438
7182,candidate_009,radiometer_basic;laser_disdrometer;cr1000xe_backbone,1.9704000000000002,calm,particle,0,1.033693790435791
7182,candidate_009,radiometer_basic;laser_disdrometer;cr1000xe_backbone,1.9704000000000002,calm,particle,0,1.052837610244751
7182,candidate_009,radiometer_basic;laser_disdrometer;cr1000xe_backbone,1.9704000000000002,calm,particle,0,1.0702648162841797
7182,candidate_009,radiometer_basic;laser_disdrometer;cr1000xe_backbone,1.9704000000000002,calm,particle,0,1.0632615089416504
7182,candidate_009,radiometer_basic;laser_disdrometer;cr1000xe_backbone,1.9704000000000002,calm,particle,0,1.091304898262024
7182,candidate_009,radiometer_basic;laser_disdrometer;cr1000xe_backbone,1.9704000000000002,calm,particle,0,1.0901857614517212
7182,candidate_009,radiometer_basic;laser_disdrometer;cr1000xe_backbone,1.9704000000000002,calm,particle,0,1.0824246406555176
7182,candidate_009,radiometer_basic;laser_disdrometer;cr1000xe_backbone,1.9704000000000002,calm,particle,0,1.0627214908599854
7182,candidate_009,radiometer_basic;laser_disdrometer;cr1000xe_backbone,1.9704000000000002,calm,particle,0,1.0116229057312012
7182,candidate_009,radiometer_basic;laser_disdrometer;cr1000xe_backbone,1.9704000000000002,calm,particle,0,0.9817185997962952
7182,candidate_009,radiometer_basic;laser_disdrometer;cr1000xe_backbone,1.9704000000000002,calm,particle,0,1.1011854410171509
7182,candidate_009,radiometer_basic;laser_disdrometer;cr1000xe_backbone,1.9704000000000002,calm,particle,0,1.0660196542739868
7182,candidate_009,radiometer_basic;laser_disdrometer;cr1000xe_backbone,1.9704000000000002,calm,particle,0,1.0956343412399292
7182,candidate_009,radiometer_basic;laser_disdrometer;cr1000xe_backbone,1.9704000000000002,calm,particle,0,1.0883970260620117
7182,candidate_009,radiometer_basic;laser_disdrometer;cr1000xe_backbone,1.9704000000000002,calm,particle,0,1.0198410749435425
7182,candidate_009,radiometer_basic;laser_disdrometer;cr1000xe_backbone,1.9704000000000002,calm,particle,0,0.9711569547653198
7182,candidate_009,radiometer_basic;laser_disdrometer;cr1000xe_backbone,1.9704000000000002,calm,particle,0,1.0307743549346924
7182,candidate_009,radiometer_basic;laser_disdrometer;cr1000xe_backbone,1.9704000000000002,calm,particle,0,0.9311458468437195
7182,candidate_009,radiometer_basic;laser_disdrometer;cr1000xe_backbone,1.9704000000000002,calm,particle,0,0.92475426197052
7182,candidate_009,radiometer_basic;laser_disdrometer;cr1000xe_backbone,1.9704000000000002,calm,particle,0,0.9210649728775024
7182,candidate_009,radiometer_basic;laser_disdrometer;cr1000xe_backbone,1.9704000000000002,calm,particle,0,0.8695597052574158
7182,candidate_009,radiometer_basic;laser_disdrometer;cr1000xe_backbone,1.9704000000000002,calm,particle,0,0.9821427464485168
7182,candidate_009,radiometer_basic;laser_disdrometer;cr1000xe_backbone,1.9704000000000002,calm,particle,0,1.0340901613235474
7182,candidate_009,radiometer_basic;laser_disdrometer;cr1000xe_backbone,1.9704000000000002,calm,thermal,0,1.036651849746704
7182,candidate_009,radiometer_basic;laser_disdrometer;cr1000xe_backbone,1.9704000000000002,calm,thermal,0,1.0136127471923828
7182,candidate_009,radiometer_basic;laser_disdrometer;cr1000xe_backbone,1.9704000000000002,calm,thermal,0,1.06065833568573
7182,candidate_009,radiometer_basic;laser_disdrometer;cr1000xe_backbone,1.9704000000000002,calm,thermal,0,1.088065266609192
7182,candidate_009,radiometer_basic;laser_disdrometer;cr1000xe_backbone,1.9704000000000002,calm,thermal,0,1.1132351160049438
7182,candidate_009,radiometer_basic;laser_disdrometer;cr1000xe_backbone,1.9704000000000002,calm,thermal,0,1.1032698154449463
7182,candidate_009,radiometer_basic;laser_disdrometer;cr1000xe_backbone,1.9704000000000002,calm,thermal,0,1.051791787147522
7182,candidate_009,radiometer_basic;laser_disdrometer;cr1000xe_backbone,1.9704000000000002,calm,thermal,0,1.0703508853912354
7182,candidate_009,radiometer_basic;laser_disdrometer;cr1000xe_backbone,1.9704000000000002,calm,thermal,0,1.1629246473312378
7182,candidate_009,radiometer_basic;laser_disdrometer;cr1000xe_backbone,1.9704000000000002,calm,thermal,0,1.2056750059127808
7182,candidate_009,radiometer_basic;laser_disdrometer;cr1000xe_backbone,1.9704000000000002,calm,thermal,0,1.2521129846572876
7182,candidate_009,radiometer_basic;laser_disdrometer;cr1000xe_backbone,1.9704000000000002,calm,thermal,0,1.2380715608596802
7182,candidate_009,radiometer_basic;laser_disdrometer;cr1000xe_backbone,1.9704000000000002,calm,thermal,0,1.185002088546753
7182,candidate_009,radiometer_basic;laser_disdrometer;cr1000xe_backbone,1.9704000000000002,calm,thermal,0,1.1111036539077759
7182,candidate_009,radiometer_basic;laser_disdrometer;cr1000xe_backbone,1.9704000000000002,calm,thermal,0,1.1159926652908325
7182,candidate_009,radiometer_basic;laser_disdrometer;cr1000xe_backbone,1.9704000000000002,calm,thermal,0,0.9811926484107971
7182,candidate_009,radiometer_basic;laser_disdrometer;cr1000xe_backbone,1.9704000000000002,calm,thermal,0,1.0378434658050537
7182,candidate_009,radiometer_basic;laser_disdrometer;cr1000xe_backbone,1.9704000000000002,calm,thermal,0,1.0841996669769287
7182,candidate_009,radiometer_basic;laser_disdrometer;cr1000xe_backbone,1.9704000000000002,calm,thermal,0,1.1158469915390015
7182,candidate_009,radiometer_basic;laser_disdrometer;cr1000xe_backbone,1.9704000000000002,calm,thermal,0,1.1417264938354492
7182,candidate_009,radiometer_basic;laser_disdrometer;cr1000xe_backbone,1.9704000000000002,calm,thermal,0,1.0188249349594116
7182,candidate_009,radiometer_basic;laser_disdrometer;cr1000xe_backbone,1.9704000000000002,calm,thermal,0,1.0643284320831299
7182,candidate_009,radiometer_basic;laser_disdrometer;cr1000xe_backbone,1.9704000000000002,calm,thermal,0,1.0748188495635986
7182,candidate_009,radiometer_basic;laser_disdrometer;cr1000xe_backbone,1.9704000000000002,calm,thermal,0,1.0761338472366333
7182,candidate_009,radiometer_basic;laser_disdrometer;cr1000xe_backbone,1.9704000000000002,thermal,thermal,3,1.0565593242645264
7182,candidate_009,radiometer_basic;laser_disdrometer;cr1000xe_backbone,1.9704000000000002,thermal,thermal,3,1.0033007860183716
7182,candidate_009,radiometer_basic;laser_disdrometer;cr1000xe_backbone,1.9704000000000002,thermal,thermal,3,0.9415358901023865
7182,candidate_009,radiometer_basic;laser_disdrometer;cr1000xe_backbone,1.9704000000000002,thermal,transport,3,0.9567617774009705
7182,candidate_009,radiometer_basic;laser_disdrometer;cr1000xe_backbone,1.9704000000000002,thermal,transport,3,0.908904492855072
7182,candidate_009,radiometer_basic;laser_disdrometer;cr1000xe_backbone,1.9704000000000002,thermal,transport,3,0.9320270419120789
7182,candidate_009,radiometer_basic;laser_disdrometer;cr1000xe_backbone,1.9704000000000002,thermal,transport,3,0.9241770505905151
7182,candidate_009,radiometer_basic;laser_disdrometer;cr1000xe_backbone,1.9704000000000002,thermal,transport,3,1.0001535415649414
7182,candidate_009,radiometer_basic;laser_disdrometer;cr1000xe_backbone,1.9704000000000002,thermal,transport,3,1.0391032695770264
7182,candidate_009,radiometer_basic;laser_disdrometer;cr1000xe_backbone,1.9704000000000002,thermal,transport,3,1.0421556234359741
7182,candidate_009,radiometer_basic;laser_disdrometer;cr1000xe_backbone,1.9704000000000002,thermal,transport,3,0.983654797077179
7182,candidate_009,radiometer_basic;laser_disdrometer;cr1000xe_backbone,1.9704000000000002,thermal,transport,3,1.0131138563156128
7182,candidate_009,radiometer_basic;laser_disdrometer;cr1000xe_backbone,1.9704000000000002,thermal,transport,3,1.0213043689727783
7182,candidate_009,radiometer_basic;laser_disdrometer;cr1000xe_backbone,1.9704000000000002,thermal,transport,3,0.9403423070907593
7182,candidate_009,radiometer_basic;laser_disdrometer;cr1000xe_backbone,1.9704000000000002,thermal,transport,3,0.9246943593025208
7182,candidate_009,radiometer_basic;laser_disdrometer;cr1000xe_backbone,1.9704000000000002,thermal,transport,3,0.930631160736084
7182,candidate_009,radiometer_basic;laser_disdrometer;cr1000xe_backbone,1.9704000000000002,thermal,transport,3,0.9029029011726379
7182,candidate_009,radiometer_basic;laser_disdrometer;cr1000xe_backbone,1.9704000000000002,thermal,transport,3,0.9008260369300842
7182,candidate_009,radiometer_basic;laser_disdrometer;cr1000xe_backbone,1.9704000000000002,thermal,transport,3,0.7898880243301392
7182,candidate_009,radiometer_basic;laser_disdrometer;cr1000xe_backbone,1.9704000000000002,thermal,transport,3,0.8464765548706055
7182,candidate_009,radiometer_basic;laser_disdrometer;cr1000xe_backbone,1.9704000000000002,thermal,transport,3,0.8286827206611633
7182,candidate_009,radiometer_basic;laser_disdrometer;cr1000xe_backbone,1.9704000000000002,thermal,transport,3,0.9699121117591858
7182,candidate_009,radiometer_basic;laser_disdrometer;cr1000xe_backbone,1.9704000000000002,thermal,transport,3,0.9217014908790588
7182,candidate_009,radiometer_basic;laser_disdrometer;cr1000xe_backbone,1.9704000000000002,thermal,transport,3,0.9470158815383911
7182,candidate_009,radiometer_basic;laser_disdrometer;cr1000xe_backbone,1.9704000000000002,thermal,transport,3,0.8821409344673157
7182,candidate_009,radiometer_basic;laser_disdrometer;cr1000xe_backbone,1.9704000000000002,thermal,transport,3,0.9159505367279053
7182,candidate_009,radiometer_basic;laser_disdrometer;cr1000xe_backbone,1.9704000000000002,thermal,transport,3,0.9617962837219238
7182,candidate_009,radiometer_basic;laser_disdrometer;cr1000xe_backbone,1.9704000000000002,calm,thermal,0,0.8431208729743958
7182,candidate_009,radiometer_basic;laser_disdrometer;cr1000xe_backbone,1.9704000000000002,particle,thermal,1,0.8050078749656677
7182,candidate_009,radiometer_basic;laser_disdrometer;cr1000xe_backbone,1.9704000000000002,particle,thermal,1,0.8194944262504578
7182,candidate_009,radiometer_basic;laser_disdrometer;cr1000xe_backbone,1.9704000000000002,particle,thermal,1,0.8126758933067322
7182,candidate_009,radiometer_basic;laser_disdrometer;cr1000xe_backbone,1.9704000000000002,particle,thermal,1,0.768968939781189
7182,candidate_009,radiometer_basic;laser_disdrometer;cr1000xe_backbone,1.9704000000000002,particle,thermal,1,0.6607935428619385
7182,candidate_009,radiometer_basic;laser_disdrometer;cr1000xe_backbone,1.9704000000000002,particle,thermal,1,0.5754396915435791
7182,candidate_009,radiometer_basic;laser_disdrometer;cr1000xe_backbone,1.9704000000000002,particle,thermal,1,0.6496102213859558
7182,candidate_009,radiometer_basic;laser_disdrometer;cr1000xe_backbone,1.9704000000000002,particle,thermal,1,0.44255003333091736
7182,candidate_009,radiometer_basic;laser_disdrometer;cr1000xe_backbone,1.9704000000000002,particle,thermal,1,0.37729865312576294
7182,candidate_009,radiometer_basic;laser_disdrometer;cr1000xe_backbone,1.9704000000000002,particle,thermal,1,0.36924171447753906
7182,candidate_009,radiometer_basic;laser_disdrometer;cr1000xe_backbone,1.9704000000000002,particle,thermal,1,0.34956640005111694
7182,candidate_009,radiometer_basic;laser_disdrometer;cr1000xe_backbone,1.9704000000000002,particle,thermal,1,0.3049103617668152
7182,candidate_009,radiometer_basic;laser_disdrometer;cr1000xe_backbone,1.9704000000000002,particle,thermal,1,0.32335150241851807
7182,candidate_009,radiometer_basic;laser_disdrometer;cr1000xe_backbone,1.9704000000000002,particle,thermal,1,0.3135235607624054
7182,candidate_009,radiometer_basic;laser_disdrometer;cr1000xe_backbone,1.9704000000000002,particle,transport,1,0.30136415362358093
7182,candidate_009,radiometer_basic;laser_disdrometer;cr1000xe_backbone,1.9704000000000002,particle,transport,1,0.2881084680557251
7182,candidate_009,radiometer_basic;laser_disdrometer;cr1000xe_backbone,1.9704000000000002,particle,transport,1,0.2847808599472046
7182,candidate_009,radiometer_basic;laser_disdrometer;cr1000xe_backbone,1.9704000000000002,particle,transport,1,0.29929155111312866
7182,candidate_009,radiometer_basic;laser_disdrometer;cr1000xe_backbone,1.9704000000000002,particle,transport,1,0.2927318513393402
7182,candidate_009,radiometer_basic;laser_disdrometer;cr1000xe_backbone,1.9704000000000002,particle,transport,1,0.3118268549442291
7182,candidate_009,radiometer_basic;laser_disdrometer;cr1000xe_backbone,1.9704000000000002,particle,transport,1,0.2942273020744324
7182,candidate_009,radiometer_basic;laser_disdrometer;cr1000xe_backbone,1.9704000000000002,particle,transport,1,0.31924960017204285
7182,candidate_009,radiometer_basic;laser_disdrometer;cr1000xe_backbone,1.9704000000000002,particle,transport,1,0.3009265065193176
7182,candidate_009,radiometer_basic;laser_disdrometer;cr1000xe_backbone,1.9704000000000002,particle,transport,1,0.31341320276260376
7182,candidate_009,radiometer_basic;laser_disdrometer;cr1000xe_backbone,1.9704000000000002,particle,transport,1,0.3058524429798126
7182,candidate_009,radiometer_basic;laser_disdrometer;cr1000xe_backbone,1.9704000000000002,particle,transport,1,0.32367241382598877
7182,candidate_009,radiometer_basic;laser_disdrometer;cr1000xe_backbone,1.9704000000000002,particle,transport,1,0.32471224665641785
7182,candidate_009,radiometer_basic;laser_disdrometer;cr1000xe_backbone,1.9704000000000002,particle,transport,1,0.3639465868473053
7182,candidate_009,radiometer_basic;laser_disdrometer;cr1000xe_backbone,1.9704000000000002,particle,transport,1,0.37262412905693054
7182,candidate_009,radiometer_basic;laser_disdrometer;cr1000xe_backbone,1.9704000000000002,particle,transport,1,0.36740049719810486
7182,candidate_009,radiometer_basic;laser_disdrometer;cr1000xe_backbone,1.9704000000000002,particle,transport,1,0.3939588665962219
7182,candidate_009,radiometer_basic;laser_disdrometer;cr1000xe_backbone,1.9704000000000002,particle,transport,1,0.41030195355415344
7182,candidate_009,radiometer_basic;laser_disdrometer;cr1000xe_backbone,1.9704000000000002,particle,transport,1,0.43890470266342163
7182,candidate_009,radiometer_basic;laser_disdrometer;cr1000xe_backbone,1.9704000000000002,particle,transport,1,0.4366939067840576
7182,candidate_009,radiometer_basic;laser_disdrometer;cr1000xe_backbone,1.9704000000000002,particle,transport,1,0.4645156264305115
7182,candidate_009,radiometer_basic;laser_disdrometer;cr1000xe_backbone,1.9704000000000002,particle,transport,1,0.45906588435173035
7182,candidate_009,radiometer_basic;laser_disdrometer;cr1000xe_backbone,1.9704000000000002,particle,transport,1,0.4858523905277252
7182,candidate_009,radiometer_basic;laser_disdrometer;cr1000xe_backbone,1.9704000000000002,particle,transport,1,0.5225205421447754
7182,candidate_009,radiometer_basic;laser_disdrometer;cr1000xe_backbone,1.9704000000000002,particle,transport,1,0.5178254842758179
7182,candidate_009,radiometer_basic;laser_disdrometer;cr1000xe_backbone,1.9704000000000002,particle,transport,1,0.541632890701294
7182,candidate_009,radiometer_basic;laser_disdrometer;cr1000xe_backbone,1.9704000000000002,particle,transport,1,0.5510984063148499
7182,candidate_009,radiometer_basic;laser_disdrometer;cr1000xe_backbone,1.9704000000000002,particle,transport,1,0.5923440456390381
7182,candidate_009,radiometer_basic;laser_disdrometer;cr1000xe_backbone,1.9704000000000002,particle,particle,1,0.6236986517906189
7182,candidate_009,radiometer_basic;laser_disdrometer;cr1000xe_backbone,1.9704000000000002,particle,particle,1,0.654118001461029
7182,candidate_009,radiometer_basic;laser_disdrometer;cr1000xe_backbone,1.9704000000000002,particle,particle,1,0.6226669549942017
7182,candidate_009,radiometer_basic;laser_disdrometer;cr1000xe_backbone,1.9704000000000002,particle,particle,1,0.6021527647972107
7182,candidate_009,radiometer_basic;laser_disdrometer;cr1000xe_backbone,1.9704000000000002,particle,particle,1,0.6712663173675537
7182,candidate_009,radiometer_basic;laser_disdrometer;cr1000xe_backbone,1.9704000000000002,particle,particle,1,0.6656337976455688
7182,candidate_009,radiometer_basic;laser_disdrometer;cr1000xe_backbone,1.9704000000000002,particle,particle,1,0.6833010315895081
7182,candidate_009,radiometer_basic;laser_disdrometer;cr1000xe_backbone,1.9704000000000002,particle,particle,1,0.6713855266571045
7182,candidate_009,radiometer_basic;laser_disdrometer;cr1000xe_backbone,1.9704000000000002,particle,particle,1,0.6960675120353699
7182,candidate_009,radiometer_basic;laser_disdrometer;cr1000xe_backbone,1.9704000000000002,particle,particle,1,0.7200908660888672
7182,candidate_009,radiometer_basic;laser_disdrometer;cr1000xe_backbone,1.9704000000000002,particle,particle,1,0.7256171107292175
7182,candidate_009,radiometer_basic;laser_disdrometer;cr1000xe_backbone,1.9704000000000002,particle,particle,1,0.7030909657478333
7182,candidate_009,radiometer_basic;laser_disdrometer;cr1000xe_backbone,1.9704000000000002,particle,particle,1,0.7141069769859314
7182,candidate_009,radiometer_basic;laser_disdrometer;cr1000xe_backbone,1.9704000000000002,particle,particle,1,0.7349080443382263
7182,candidate_009,radiometer_basic;laser_disdrometer;cr1000xe_backbone,1.9704000000000002,particle,particle,1,0.7588574290275574
7182,candidate_009,radiometer_basic;laser_disdrometer;cr1000xe_backbone,1.9704000000000002,particle,particle,1,0.7484127283096313
7182,candidate_009,radiometer_basic;laser_disdrometer;cr1000xe_backbone,1.9704000000000002,particle,particle,1,0.760023295879364
7182,candidate_009,radiometer_basic;laser_disdrometer;cr1000xe_backbone,1.9704000000000002,calm,particle,0,0.7640878558158875
7182,candidate_009,radiometer_basic;laser_disdrometer;cr1000xe_backbone,1.9704000000000002,calm,particle,0,0.7338930368423462
7182,candidate_009,radiometer_basic;laser_disdrometer;cr1000xe_backbone,1.9704000000000002,calm,particle,0,0.8014724850654602
7182,candidate_009,radiometer_basic;laser_disdrometer;cr1000xe_backbone,1.9704000000000002,calm,particle,0,0.8570902347564697
7182,candidate_009,radiometer_basic;laser_disdrometer;cr1000xe_backbone,1.9704000000000002,calm,particle,0,0.8120019435882568
7182,candidate_009,radiometer_basic;laser_disdrometer;cr1000xe_backbone,1.9704000000000002,calm,particle,0,0.7405366897583008
7182,candidate_009,radiometer_basic;laser_disdrometer;cr1000xe_backbone,1.9704000000000002,calm,particle,0,0.712060272693634
7182,candidate_009,radiometer_basic;laser_disdrometer;cr1000xe_backbone,1.9704000000000002,calm,particle,0,0.6906864643096924
7182,candidate_009,radiometer_basic;laser_disdrometer;cr1000xe_backbone,1.9704000000000002,calm,particle,0,0.6859239935874939
7182,candidate_009,radiometer_basic;laser_disdrometer;cr1000xe_backbone,1.9704000000000002,calm,particle,0,0.6343742609024048
7182,candidate_009,radiometer_basic;laser_disdrometer;cr1000xe_backbone,1.9704000000000002,calm,particle,0,0.6350753307342529
7182,candidate_009,radiometer_basic;laser_disdrometer;cr1000xe_backbone,1.9704000000000002,calm,particle,0,0.6331586837768555
7182,candidate_009,radiometer_basic;laser_disdrometer;cr1000xe_backbone,1.9704000000000002,calm,particle,0,0.7232850790023804
7182,candidate_009,radiometer_basic;laser_disdrometer;cr1000xe_backbone,1.9704000000000002,calm,particle,0,0.7666302919387817
7182,candidate_009,radiometer_basic;laser_disdrometer;cr1000xe_backbone,1.9704000000000002,particle,particle,1,0.6917544603347778
7182,candidate_009,radiometer_basic;laser_disdrometer;cr1000xe_backbone,1.9704000000000002,particle,particle,1,0.6953554749488831
7182,candidate_009,radiometer_basic;laser_disdrometer;cr1000xe_backbone,1.9704000000000002,particle,particle,1,0.7326793074607849
7182,candidate_009,radiometer_basic;laser_disdrometer;cr1000xe_backbone,1.9704000000000002,particle,particle,1,0.6879914402961731
7182,candidate_009,radiometer_basic;laser_disdrometer;cr1000xe_backbone,1.9704000000000002,particle,thermal,1,0.6636587381362915
7182,candidate_009,radiometer_basic;laser_disdrometer;cr1000xe_backbone,1.9704000000000002,particle,thermal,1,0.6669567823410034
7182,candidate_009,radiometer_basic;laser_disdrometer;cr1000xe_backbone,1.9704000000000002,particle,thermal,1,0.6754217147827148
7182,candidate_009,radiometer_basic;laser_disdrometer;cr1000xe_backbone,1.9704000000000002,particle,thermal,1,0.6427258253097534
7182,candidate_009,radiometer_basic;laser_disdrometer;cr1000xe_backbone,1.9704000000000002,particle,thermal,1,0.6153998374938965
7182,candidate_009,radiometer_basic;laser_disdrometer;cr1000xe_backbone,1.9704000000000002,particle,thermal,1,0.6055079698562622
7182,candidate_009,radiometer_basic;laser_disdrometer;cr1000xe_backbone,1.9704000000000002,particle,thermal,1,0.600788414478302
7182,candidate_009,radiometer_basic;laser_disdrometer;cr1000xe_backbone,1.9704000000000002,particle,thermal,1,0.5994444489479065
7182,candidate_009,radiometer_basic;laser_disdrometer;cr1000xe_backbone,1.9704000000000002,particle,thermal,1,0.5652996897697449
7182,candidate_009,radiometer_basic;laser_disdrometer;cr1000xe_backbone,1.9704000000000002,particle,thermal,1,0.5571721792221069
7182,candidate_009,radiometer_basic;laser_disdrometer;cr1000xe_backbone,1.9704000000000002,particle,thermal,1,0.5313431620597839
7182,candidate_009,radiometer_basic;laser_disdrometer;cr1000xe_backbone,1.9704000000000002,particle,thermal,1,0.4873298108577728
7182,candidate_009,radiometer_basic;laser_disdrometer;cr1000xe_backbone,1.9704000000000002,particle,thermal,1,0.4376506805419922
7182,candidate_009,radiometer_basic;laser_disdrometer;cr1000xe_backbone,1.9704000000000002,particle,thermal,1,0.4148874878883362
7182,candidate_009,radiometer_basic;laser_disdrometer;cr1000xe_backbone,1.9704000000000002,particle,thermal,1,0.3436953127384186
7182,candidate_009,radiometer_basic;laser_disdrometer;cr1000xe_backbone,1.9704000000000002,particle,thermal,1,0.29160448908805847
7182,candidate_009,radiometer_basic;laser_disdrometer;cr1000xe_backbone,1.9704000000000002,particle,thermal,1,0.2772788405418396
7182,candidate_009,radiometer_basic;laser_disdrometer;cr1000xe_backbone,1.9704000000000002,particle,thermal,1,0.27547740936279297
7182,candidate_009,radiometer_basic;laser_disdrometer;cr1000xe_backbone,1.9704000000000002,particle,transport,1,0.26343852281570435
7182,candidate_009,radiometer_basic;laser_disdrometer;cr1000xe_backbone,1.9704000000000002,particle,transport,1,0.2617117464542389
7182,candidate_009,radiometer_basic;laser_disdrometer;cr1000xe_backbone,1.9704000000000002,particle,transport,1,0.3139003813266754
7182,candidate_009,radiometer_basic;laser_disdrometer;cr1000xe_backbone,1.9704000000000002,particle,transport,1,0.31627073884010315
7182,candidate_009,radiometer_basic;laser_disdrometer;cr1000xe_backbone,1.9704000000000002,particle,transport,1,0.31857794523239136
7182,candidate_009,radiometer_basic;laser_disdrometer;cr1000xe_backbone,1.9704000000000002,particle,transport,1,0.34446099400520325
7182,candidate_009,radiometer_basic;laser_disdrometer;cr1000xe_backbone,1.9704000000000002,particle,transport,1,0.3755965232849121
7182,candidate_009,radiometer_basic;laser_disdrometer;cr1000xe_backbone,1.9704000000000002,particle,transport,1,0.3997463583946228
7182,candidate_009,radiometer_basic;laser_disdrometer;cr1000xe_backbone,1.9704000000000002,particle,transport,1,0.4096069037914276
7182,candidate_009,radiometer_basic;laser_disdrometer;cr1000xe_backbone,1.9704000000000002,particle,transport,1,0.4188633859157562
7182,candidate_009,radiometer_basic;laser_disdrometer;cr1000xe_backbone,1.9704000000000002,particle,transport,1,0.4102992117404938
7182,candidate_009,radiometer_basic;laser_disdrometer;cr1000xe_backbone,1.9704000000000002,particle,transport,1,0.44843217730522156
7182,candidate_009,radiometer_basic;laser_disdrometer;cr1000xe_backbone,1.9704000000000002,particle,transport,1,0.412475049495697
7182,candidate_009,radiometer_basic;laser_disdrometer;cr1000xe_backbone,1.9704000000000002,particle,transport,1,0.47609183192253113
7182,candidate_009,radiometer_basic;laser_disdrometer;cr1000xe_backbone,1.9704000000000002,calm,transport,0,0.43021678924560547
7182,candidate_009,radiometer_basic;laser_disdrometer;cr1000xe_backbone,1.9704000000000002,calm,transport,0,0.48404279351234436
7182,candidate_009,radiometer_basic;laser_disdrometer;cr1000xe_backbone,1.9704000000000002,calm,transport,0,0.49528563022613525
7182,candidate_009,radiometer_basic;laser_disdrometer;cr1000xe_backbone,1.9704000000000002,calm,transport,0,0.5300980806350708
7182,candidate_009,radiometer_basic;laser_disdrometer;cr1000xe_backbone,1.9704000000000002,calm,transport,0,0.5577937960624695
7182,candidate_009,radiometer_basic;laser_disdrometer;cr1000xe_backbone,1.9704000000000002,calm,transport,0,0.5328429937362671
7182,candidate_009,radiometer_basic;laser_disdrometer;cr1000xe_backbone,1.9704000000000002,calm,particle,0,0.5660879015922546
7182,candidate_009,radiometer_basic;laser_disdrometer;cr1000xe_backbone,1.9704000000000002,calm,particle,0,0.5587800145149231
7182,candidate_009,radiometer_basic;laser_disdrometer;cr1000xe_backbone,1.9704000000000002,calm,particle,0,0.5231212377548218
7182,candidate_009,radiometer_basic;laser_disdrometer;cr1000xe_backbone,1.9704000000000002,calm,particle,0,0.5463978052139282
7182,candidate_009,radiometer_basic;laser_disdrometer;cr1000xe_backbone,1.9704000000000002,calm,particle,0,0.532222330570221
7182,candidate_009,radiometer_basic;laser_disdrometer;cr1000xe_backbone,1.9704000000000002,calm,particle,0,0.5535341501235962
7182,candidate_009,radiometer_basic;laser_disdrometer;cr1000xe_backbone,1.9704000000000002,calm,particle,0,0.5316489338874817
7182,candidate_009,radiometer_basic;laser_disdrometer;cr1000xe_backbone,1.9704000000000002,calm,particle,0,0.5645297765731812
7182,candidate_009,radiometer_basic;laser_disdrometer;cr1000xe_backbone,1.9704000000000002,flux,particle,2,0.5127050280570984
7182,candidate_009,radiometer_basic;laser_disdrometer;cr1000xe_backbone,1.9704000000000002,flux,particle,2,0.5369474291801453
7182,candidate_009,radiometer_basic;laser_disdrometer;cr1000xe_backbone,1.9704000000000002,flux,particle,2,0.5596137046813965
7182,candidate_009,radiometer_basic;laser_disdrometer;cr1000xe_backbone,1.9704000000000002,flux,particle,2,0.5379384160041809
7182,candidate_009,radiometer_basic;laser_disdrometer;cr1000xe_backbone,1.9704000000000002,flux,particle,2,0.5506184101104736
7182,candidate_009,radiometer_basic;laser_disdrometer;cr1000xe_backbone,1.9704000000000002,flux,particle,2,0.5379257798194885
7182,candidate_009,radiometer_basic;laser_disdrometer;cr1000xe_backbone,1.9704000000000002,flux,particle,2,0.48412975668907166
7182,candidate_009,radiometer_basic;laser_disdrometer;cr1000xe_backbone,1.9704000000000002,flux,particle,2,0.5240569114685059
7182,candidate_009,radiometer_basic;laser_disdrometer;cr1000xe_backbone,1.9704000000000002,flux,particle,2,0.5595489740371704
7182,candidate_009,radiometer_basic;laser_disdrometer;cr1000xe_backbone,1.9704000000000002,flux,particle,2,0.6241865158081055
7182,candidate_009,radiometer_basic;laser_disdrometer;cr1000xe_backbone,1.9704000000000002,flux,particle,2,0.6704709529876709
7182,candidate_009,radiometer_basic;laser_disdrometer;cr1000xe_backbone,1.9704000000000002,flux,particle,2,0.6885358691215515
7182,candidate_009,radiometer_basic;laser_disdrometer;cr1000xe_backbone,1.9704000000000002,flux,particle,2,0.6922618746757507
7182,candidate_009,radiometer_basic;laser_disdrometer;cr1000xe_backbone,1.9704000000000002,flux,particle,2,0.7628026008605957
7182,candidate_009,radiometer_basic;laser_disdrometer;cr1000xe_backbone,1.9704000000000002,flux,particle,2,0.7546572685241699
7182,candidate_009,radiometer_basic;laser_disdrometer;cr1000xe_backbone,1.9704000000000002,flux,particle,2,0.7774397730827332
7182,candidate_009,radiometer_basic;laser_disdrometer;cr1000xe_backbone,1.9704000000000002,flux,particle,2,0.8040739297866821
7182,candidate_009,radiometer_basic;laser_disdrometer;cr1000xe_backbone,1.9704000000000002,flux,thermal,2,0.8660016655921936
7182,candidate_009,radiometer_basic;laser_disdrometer;cr1000xe_backbone,1.9704000000000002,flux,thermal,2,0.7963107228279114
7182,candidate_009,radiometer_basic;laser_disdrometer;cr1000xe_backbone,1.9704000000000002,flux,thermal,2,0.8122429251670837
7182,candidate_009,radiometer_basic;laser_disdrometer;cr1000xe_backbone,1.9704000000000002,flux,thermal,2,0.7924197316169739
7182,candidate_009,radiometer_basic;laser_disdrometer;cr1000xe_backbone,1.9704000000000002,flux,thermal,2,0.7801352739334106
7182,candidate_009,radiometer_basic;laser_disdrometer;cr1000xe_backbone,1.9704000000000002,flux,thermal,2,0.7635416984558105
7182,candidate_009,radiometer_basic;laser_disdrometer;cr1000xe_backbone,1.9704000000000002,flux,thermal,2,0.7453262805938721
7182,candidate_009,radiometer_basic;laser_disdrometer;cr1000xe_backbone,1.9704000000000002,flux,thermal,2,0.7591384053230286
7182,candidate_009,radiometer_basic;laser_disdrometer;cr1000xe_backbone,1.9704000000000002,flux,thermal,2,0.7745786309242249
7182,candidate_009,radiometer_basic;laser_disdrometer;cr1000xe_backbone,1.9704000000000002,flux,thermal,2,0.7800310254096985
7182,candidate_009,radiometer_basic;laser_disdrometer;cr1000xe_backbone,1.9704000000000002,flux,thermal,2,0.7887485027313232
7182,candidate_009,radiometer_basic;laser_disdrometer;cr1000xe_backbone,1.9704000000000002,flux,thermal,2,0.8141811490058899
7182,candidate_009,radiometer_basic;laser_disdrometer;cr1000xe_backbone,1.9704000000000002,flux,thermal,2,0.7806867361068726
7182,candidate_009,radiometer_basic;laser_disdrometer;cr1000xe_backbone,1.9704000000000002,flux,thermal,2,0.789624810218811
7182,candidate_009,radiometer_basic;laser_disdrometer;cr1000xe_backbone,1.9704000000000002,flux,thermal,2,0.7948042750358582
7182,candidate_009,radiometer_basic;laser_disdrometer;cr1000xe_backbone,1.9704000000000002,flux,thermal,2,0.7801574468612671
7182,candidate_009,radiometer_basic;laser_disdrometer;cr1000xe_backbone,1.9704000000000002,flux,thermal,2,0.8248891830444336
7182,candidate_009,radiometer_basic;laser_disdrometer;cr1000xe_backbone,1.9704000000000002,flux,thermal,2,0.8302508592605591
7182,candidate_009,radiometer_basic;laser_disdrometer;cr1000xe_backbone,1.9704000000000002,flux,thermal,2,0.8005670309066772
7182,candidate_009,radiometer_basic;laser_disdrometer;cr1000xe_backbone,1.9704000000000002,flux,thermal,2,0.8060759902000427
7182,candidate_009,radiometer_basic;laser_disdrometer;cr1000xe_backbone,1.9704000000000002,flux,thermal,2,0.7801452875137329
7182,candidate_009,radiometer_basic;laser_disdrometer;cr1000xe_backbone,1.9704000000000002,flux,thermal,2,0.7160030007362366
7182,candidate_009,radiometer_basic;laser_disdrometer;cr1000xe_backbone,1.9704000000000002,flux,thermal,2,0.6769058704376221
7182,candidate_009,radiometer_basic;laser_disdrometer;cr1000xe_backbone,1.9704000000000002,flux,thermal,2,0.671964704990387
7182,candidate_009,radiometer_basic;laser_disdrometer;cr1000xe_backbone,1.9704000000000002,flux,thermal,2,0.642937421798706
7182,candidate_009,radiometer_basic;laser_disdrometer;cr1000xe_backbone,1.9704000000000002,flux,thermal,2,0.5915047526359558
7182,candidate_009,radiometer_basic;laser_disdrometer;cr1000xe_backbone,1.9704000000000002,flux,thermal,2,0.6312669515609741
7182,candidate_009,radiometer_basic;laser_disdrometer;cr1000xe_backbone,1.9704000000000002,flux,transport,2,0.6453003883361816
7182,candidate_009,radiometer_basic;laser_disdrometer;cr1000xe_backbone,1.9704000000000002,flux,transport,2,0.6586845517158508
7182,candidate_009,radiometer_basic;laser_disdrometer;cr1000xe_backbone,1.9704000000000002,flux,transport,2,0.6570283770561218
7182,candidate_009,radiometer_basic;laser_disdrometer;cr1000xe_backbone,1.9704000000000002,flux,transport,2,0.658107578754425
7182,candidate_009,radiometer_basic;laser_disdrometer;cr1000xe_backbone,1.9704000000000002,calm,transport,0,0.6465058922767639
7182,candidate_009,radiometer_basic;laser_disdrometer;cr1000xe_backbone,1.9704000000000002,calm,transport,0,0.6580934524536133
7182,candidate_009,radiometer_basic;laser_disdrometer;cr1000xe_backbone,1.9704000000000002,calm,transport,0,0.7044578790664673
7182,candidate_009,radiometer_basic;laser_disdrometer;cr1000xe_backbone,1.9704000000000002,calm,transport,0,0.7441855669021606
7182,candidate_009,radiometer_basic;laser_disdrometer;cr1000xe_backbone,1.9704000000000002,calm,transport,0,0.7570011615753174
7182,candidate_009,radiometer_basic;laser_disdrometer;cr1000xe_backbone,1.9704000000000002,calm,transport,0,0.707682192325592
7182,candidate_009,radiometer_basic;laser_disdrometer;cr1000xe_backbone,1.9704000000000002,calm,transport,0,0.7064784169197083
7182,candidate_009,radiometer_basic;laser_disdrometer;cr1000xe_backbone,1.9704000000000002,calm,transport,0,0.6684104800224304
7182,candidate_009,radiometer_basic;laser_disdrometer;cr1000xe_backbone,1.9704000000000002,calm,transport,0,0.7321785688400269
7182,candidate_009,radiometer_basic;laser_disdrometer;cr1000xe_backbone,1.9704000000000002,calm,transport,0,0.6768838763237
7182,candidate_009,radiometer_basic;laser_disdrometer;cr1000xe_backbone,1.9704000000000002,calm,transport,0,0.7324441075325012
7182,candidate_009,radiometer_basic;laser_disdrometer;cr1000xe_backbone,1.9704000000000002,calm,transport,0,0.6968358755111694
7182,candidate_009,radiometer_basic;laser_disdrometer;cr1000xe_backbone,1.9704000000000002,calm,transport,0,0.7286376357078552
7182,candidate_009,radiometer_basic;laser_disdrometer;cr1000xe_backbone,1.9704000000000002,calm,transport,0,0.7388074398040771
7182,candidate_009,radiometer_basic;laser_disdrometer;cr1000xe_backbone,1.9704000000000002,thermal,transport,3,0.7361893057823181
7182,candidate_009,radiometer_basic;laser_disdrometer;cr1000xe_backbone,1.9704000000000002,thermal,transport,3,0.7176787853240967
7182,candidate_009,radiometer_basic;laser_disdrometer;cr1000xe_backbone,1.9704000000000002,thermal,transport,3,0.6999229788780212
7182,candidate_009,radiometer_basic;laser_disdrometer;cr1000xe_backbone,1.9704000000000002,thermal,transport,3,0.6694706082344055
7182,candidate_009,radiometer_basic;laser_disdrometer;cr1000xe_backbone,1.9704000000000002,thermal,particle,3,0.6808713674545288
7182,candidate_009,radiometer_basic;laser_disdrometer;cr1000xe_backbone,1.9704000000000002,thermal,particle,3,0.6924654245376587
7182,candidate_009,radiometer_basic;laser_disdrometer;cr1000xe_backbone,1.9704000000000002,thermal,particle,3,0.6305805444717407
7182,candidate_009,radiometer_basic;laser_disdrometer;cr1000xe_backbone,1.9704000000000002,thermal,particle,3,0.6279648542404175
7182,candidate_009,radiometer_basic;laser_disdrometer;cr1000xe_backbone,1.9704000000000002,thermal,particle,3,0.6844763159751892
7182,candidate_009,radiometer_basic;laser_disdrometer;cr1000xe_backbone,1.9704000000000002,thermal,particle,3,0.6673319339752197
7182,candidate_009,radiometer_basic;laser_disdrometer;cr1000xe_backbone,1.9704000000000002,thermal,particle,3,0.7021220326423645
7182,candidate_009,radiometer_basic;laser_disdrometer;cr1000xe_backbone,1.9704000000000002,thermal,particle,3,0.6742686033248901
7182,candidate_009,radiometer_basic;laser_disdrometer;cr1000xe_backbone,1.9704000000000002,thermal,particle,3,0.6660208702087402
7182,candidate_009,radiometer_basic;laser_disdrometer;cr1000xe_backbone,1.9704000000000002,thermal,particle,3,0.6878629922866821
7182,candidate_009,radiometer_basic;laser_disdrometer;cr1000xe_backbone,1.9704000000000002,thermal,particle,3,0.6594393253326416
7182,candidate_009,radiometer_basic;laser_disdrometer;cr1000xe_backbone,1.9704000000000002,thermal,particle,3,0.6154140830039978
7182,candidate_009,radiometer_basic;laser_disdrometer;cr1000xe_backbone,1.9704000000000002,thermal,particle,3,0.6158258318901062
7182,candidate_009,radiometer_basic;laser_disdrometer;cr1000xe_backbone,1.9704000000000002,thermal,particle,3,0.5612207651138306
7182,candidate_009,radiometer_basic;laser_disdrometer;cr1000xe_backbone,1.9704000000000002,thermal,particle,3,0.617331862449646
7182,candidate_009,radiometer_basic;laser_disdrometer;cr1000xe_backbone,1.9704000000000002,thermal,particle,3,0.6359158754348755
7182,candidate_009,radiometer_basic;laser_disdrometer;cr1000xe_backbone,1.9704000000000002,thermal,particle,3,0.6253567934036255
7182,candidate_009,radiometer_basic;laser_disdrometer;cr1000xe_backbone,1.9704000000000002,thermal,particle,3,0.6718666553497314
7182,candidate_009,radiometer_basic;laser_disdrometer;cr1000xe_backbone,1.9704000000000002,thermal,particle,3,0.6937780380249023
7182,candidate_009,radiometer_basic;laser_disdrometer;cr1000xe_backbone,1.9704000000000002,thermal,particle,3,0.7354836463928223
7182,candidate_009,radiometer_basic;laser_disdrometer;cr1000xe_backbone,1.9704000000000002,thermal,particle,3,0.65422123670578
7182,candidate_009,radiometer_basic;laser_disdrometer;cr1000xe_backbone,1.9704000000000002,thermal,particle,3,0.664771556854248
7182,candidate_009,radiometer_basic;laser_disdrometer;cr1000xe_backbone,1.9704000000000002,thermal,particle,3,0.6406469941139221
7182,candidate_009,radiometer_basic;laser_disdrometer;cr1000xe_backbone,1.9704000000000002,thermal,particle,3,0.6103408336639404
7182,candidate_009,radiometer_basic;laser_disdrometer;cr1000xe_backbone,1.9704000000000002,thermal,particle,3,0.6184917092323303
7182,candidate_009,radiometer_basic;laser_disdrometer;cr1000xe_backbone,1.9704000000000002,thermal,particle,3,0.6175157427787781
7182,candidate_009,radiometer_basic;laser_disdrometer;cr1000xe_backbone,1.9704000000000002,thermal,particle,3,0.6084008812904358
7182,candidate_009,radiometer_basic;laser_disdrometer;cr1000xe_backbone,1.9704000000000002,thermal,particle,3,0.676411509513855
7182,candidate_009,radiometer_basic;laser_disdrometer;cr1000xe_backbone,1.9704000000000002,thermal,particle,3,0.6900588274002075
7182,candidate_009,radiometer_basic;laser_disdrometer;cr1000xe_backbone,1.9704000000000002,thermal,particle,3,0.6851314902305603
7182,candidate_009,radiometer_basic;laser_disdrometer;cr1000xe_backbone,1.9704000000000002,thermal,particle,3,0.6673333644866943
7182,candidate_009,radiometer_basic;laser_disdrometer;cr1000xe_backbone,1.9704000000000002,thermal,particle,3,0.7628667950630188
7182,candidate_009,radiometer_basic;laser_disdrometer;cr1000xe_backbone,1.9704000000000002,thermal,particle,3,0.734513521194458
7182,candidate_009,radiometer_basic;laser_disdrometer;cr1000xe_backbone,1.9704000000000002,thermal,particle,3,0.7736409306526184
7182,candidate_009,radiometer_basic;laser_disdrometer;cr1000xe_backbone,1.9704000000000002,thermal,particle,3,0.8349081873893738
7182,candidate_009,radiometer_basic;laser_disdrometer;cr1000xe_backbone,1.9704000000000002,thermal,particle,3,0.9301705956459045
7182,candidate_009,radiometer_basic;laser_disdrometer;cr1000xe_backbone,1.9704000000000002,thermal,thermal,3,0.9603345394134521
7182,candidate_009,radiometer_basic;laser_disdrometer;cr1000xe_backbone,1.9704000000000002,thermal,thermal,3,0.9330438375473022
7182,candidate_009,radiometer_basic;laser_disdrometer;cr1000xe_backbone,1.9704000000000002,thermal,thermal,3,0.9243136644363403
7182,candidate_009,radiometer_basic;laser_disdrometer;cr1000xe_backbone,1.9704000000000002,thermal,thermal,3,0.9270948171615601
7182,candidate_009,radiometer_basic;laser_disdrometer;cr1000xe_backbone,1.9704000000000002,thermal,thermal,3,0.9478213787078857
7182,candidate_009,radiometer_basic;laser_disdrometer;cr1000xe_backbone,1.9704000000000002,thermal,thermal,3,0.9755816459655762
7182,candidate_009,radiometer_basic;laser_disdrometer;cr1000xe_backbone,1.9704000000000002,thermal,thermal,3,0.9954596161842346
7182,candidate_009,radiometer_basic;laser_disdrometer;cr1000xe_backbone,1.9704000000000002,thermal,thermal,3,0.9591458439826965
7182,candidate_009,radiometer_basic;laser_disdrometer;cr1000xe_backbone,1.9704000000000002,thermal,thermal,3,0.9217740893363953
7182,candidate_009,radiometer_basic;laser_disdrometer;cr1000xe_backbone,1.9704000000000002,thermal,thermal,3,0.8915703296661377
7182,candidate_009,radiometer_basic;laser_disdrometer;cr1000xe_backbone,1.9704000000000002,thermal,thermal,3,0.8414140939712524
7182,candidate_009,radiometer_basic;laser_disdrometer;cr1000xe_backbone,1.9704000000000002,thermal,thermal,3,0.7711447477340698
7182,candidate_009,radiometer_basic;laser_disdrometer;cr1000xe_backbone,1.9704000000000002,thermal,thermal,3,0.7634114027023315
7182,candidate_009,radiometer_basic;laser_disdrometer;cr1000xe_backbone,1.9704000000000002,thermal,thermal,3,0.6899864673614502
7182,candidate_009,radiometer_basic;laser_disdrometer;cr1000xe_backbone,1.9704000000000002,thermal,thermal,3,0.6790167689323425
7182,candidate_009,radiometer_basic;laser_disdrometer;cr1000xe_backbone,1.9704000000000002,thermal,thermal,3,0.7076511383056641
7182,candidate_009,radiometer_basic;laser_disdrometer;cr1000xe_backbone,1.9704000000000002,calm,thermal,0,0.6226722002029419
7182,candidate_009,radiometer_basic;laser_disdrometer;cr1000xe_backbone,1.9704000000000002,calm,thermal,0,0.6741511821746826
7182,candidate_009,radiometer_basic;laser_disdrometer;cr1000xe_backbone,1.9704000000000002,calm,thermal,0,0.6608548760414124
7182,candidate_009,radiometer_basic;laser_disdrometer;cr1000xe_backbone,1.9704000000000002,calm,thermal,0,0.6652358770370483
7182,candidate_009,radiometer_basic;laser_disdrometer;cr1000xe_backbone,1.9704000000000002,calm,thermal,0,0.6905941963195801
7182,candidate_009,radiometer_basic;laser_disdrometer;cr1000xe_backbone,1.9704000000000002,calm,thermal,0,0.6795505881309509
7182,candidate_009,radiometer_basic;laser_disdrometer;cr1000xe_backbone,1.9704000000000002,calm,thermal,0,0.6978816390037537
7182,candidate_009,radiometer_basic;laser_disdrometer;cr1000xe_backbone,1.9704000000000002,calm,thermal,0,0.6609508991241455
7182,candidate_009,radiometer_basic;laser_disdrometer;cr1000xe_backbone,1.9704000000000002,calm,thermal,0,0.6785913109779358
7182,candidate_009,radiometer_basic;laser_disdrometer;cr1000xe_backbone,1.9704000000000002,calm,thermal,0,0.6987064480781555
7182,candidate_009,radiometer_basic;laser_disdrometer;cr1000xe_backbone,1.9704000000000002,calm,thermal,0,0.6649332046508789
7182,candidate_009,radiometer_basic;laser_disdrometer;cr1000xe_backbone,1.9704000000000002,calm,transport,0,0.6901970505714417
7182,candidate_009,radiometer_basic;laser_disdrometer;cr1000xe_backbone,1.9704000000000002,thermal,transport,3,0.6458832025527954
7182,candidate_009,radiometer_basic;laser_disdrometer;cr1000xe_backbone,1.9704000000000002,thermal,transport,3,0.6692589521408081
7182,candidate_010,surface_temp_ir;laser_disdrometer;cr1000xe_backbone,2.0504,calm,thermal,0,1.0971429347991943
7182,candidate_010,surface_temp_ir;laser_disdrometer;cr1000xe_backbone,2.0504,calm,thermal,0,0.8038101196289062
7182,candidate_010,surface_temp_ir;laser_disdrometer;cr1000xe_backbone,2.0504,calm,thermal,0,0.9410252571105957
7182,candidate_010,surface_temp_ir;laser_disdrometer;cr1000xe_backbone,2.0504,calm,thermal,0,0.9611092209815979
7182,candidate_010,surface_temp_ir;laser_disdrometer;cr1000xe_backbone,2.0504,calm,thermal,0,1.0138777494430542
7182,candidate_010,surface_temp_ir;laser_disdrometer;cr1000xe_backbone,2.0504,calm,thermal,0,0.8842839002609253
7182,candidate_010,surface_temp_ir;laser_disdrometer;cr1000xe_backbone,2.0504,calm,thermal,0,0.8776934146881104
7182,candidate_010,surface_temp_ir;laser_disdrometer;cr1000xe_backbone,2.0504,calm,thermal,0,0.896740198135376
7182,candidate_010,surface_temp_ir;laser_disdrometer;cr1000xe_backbone,2.0504,calm,thermal,0,0.8328001499176025
7182,candidate_010,surface_temp_ir;laser_disdrometer;cr1000xe_backbone,2.0504,calm,thermal,0,0.8016354441642761
7182,candidate_010,surface_temp_ir;laser_disdrometer;cr1000xe_backbone,2.0504,calm,thermal,0,0.8249310255050659
7182,candidate_010,surface_temp_ir;laser_disdrometer;cr1000xe_backbone,2.0504,calm,transport,0,0.8811695575714111
7182,candidate_010,surface_temp_ir;laser_disdrometer;cr1000xe_backbone,2.0504,calm,transport,0,0.9036944508552551
7182,candidate_010,surface_temp_ir;laser_disdrometer;cr1000xe_backbone,2.0504,calm,transport,0,0.8173424601554871
7182,candidate_010,surface_temp_ir;laser_disdrometer;cr1000xe_backbone,2.0504,calm,transport,0,0.8236632943153381
7182,candidate_010,surface_temp_ir;laser_disdrometer;cr1000xe_backbone,2.0504,calm,transport,0,0.796461284160614
7182,candidate_010,surface_temp_ir;laser_disdrometer;cr1000xe_backbone,2.0504,calm,transport,0,0.7796416878700256
7182,candidate_010,surface_temp_ir;laser_disdrometer;cr1000xe_backbone,2.0504,calm,transport,0,0.7282542586326599
7182,candidate_010,surface_temp_ir;laser_disdrometer;cr1000xe_backbone,2.0504,calm,transport,0,0.7227616310119629
7182,candidate_010,surface_temp_ir;laser_disdrometer;cr1000xe_backbone,2.0504,calm,transport,0,0.7167839407920837
7182,candidate_010,surface_temp_ir;laser_disdrometer;cr1000xe_backbone,2.0504,calm,transport,0,0.7122899889945984
7182,candidate_010,surface_temp_ir;laser_disdrometer;cr1000xe_backbone,2.0504,calm,transport,0,0.7425940632820129
7182,candidate_010,surface_temp_ir;laser_disdrometer;cr1000xe_backbone,2.0504,calm,transport,0,0.7425832748413086
7182,candidate_010,surface_temp_ir;laser_disdrometer;cr1000xe_backbone,2.0504,calm,transport,0,0.787490725517273
7182,candidate_010,surface_temp_ir;laser_disdrometer;cr1000xe_backbone,2.0504,calm,transport,0,0.7401809692382812
7182,candidate_010,surface_temp_ir;laser_disdrometer;cr1000xe_backbone,2.0504,calm,transport,0,0.8723110556602478
7182,candidate_010,surface_temp_ir;laser_disdrometer;cr1000xe_backbone,2.0504,calm,transport,0,0.851896345615387
7182,candidate_010,surface_temp_ir;laser_disdrometer;cr1000xe_backbone,2.0504,calm,transport,0,0.9302798509597778
7182,candidate_010,surface_temp_ir;laser_disdrometer;cr1000xe_backbone,2.0504,calm,transport,0,0.940899133682251
7182,candidate_010,surface_temp_ir;laser_disdrometer;cr1000xe_backbone,2.0504,calm,transport,0,0.9200158715248108
7182,candidate_010,surface_temp_ir;laser_disdrometer;cr1000xe_backbone,2.0504,calm,transport,0,0.9738410115242004
7182,candidate_010,surface_temp_ir;laser_disdrometer;cr1000xe_backbone,2.0504,calm,transport,0,0.9407850503921509
7182,candidate_010,surface_temp_ir;laser_disdrometer;cr1000xe_backbone,2.0504,calm,transport,0,0.8670670390129089
7182,candidate_010,surface_temp_ir;laser_disdrometer;cr1000xe_backbone,2.0504,calm,transport,0,0.8097568154335022
7182,candidate_010,surface_temp_ir;laser_disdrometer;cr1000xe_backbone,2.0504,calm,transport,0,0.8007081151008606
7182,candidate_010,surface_temp_ir;laser_disdrometer;cr1000xe_backbone,2.0504,calm,transport,0,0.757085919380188
7182,candidate_010,surface_temp_ir;laser_disdrometer;cr1000xe_backbone,2.0504,calm,transport,0,0.7166456580162048
7182,candidate_010,surface_temp_ir;laser_disdrometer;cr1000xe_backbone,2.0504,calm,transport,0,0.7048262357711792
7182,candidate_010,surface_temp_ir;laser_disdrometer;cr1000xe_backbone,2.0504,calm,transport,0,0.765044629573822
7182,candidate_010,surface_temp_ir;laser_disdrometer;cr1000xe_backbone,2.0504,calm,transport,0,0.7661118507385254
7182,candidate_010,surface_temp_ir;laser_disdrometer;cr1000xe_backbone,2.0504,calm,transport,0,0.7322683930397034
7182,candidate_010,surface_temp_ir;laser_disdrometer;cr1000xe_backbone,2.0504,calm,transport,0,0.7306458950042725
7182,candidate_010,surface_temp_ir;laser_disdrometer;cr1000xe_backbone,2.0504,calm,transport,0,0.6809565424919128
7182,candidate_010,surface_temp_ir;laser_disdrometer;cr1000xe_backbone,2.0504,calm,transport,0,0.7030187249183655
7182,candidate_010,surface_temp_ir;laser_disdrometer;cr1000xe_backbone,2.0504,calm,particle,0,0.6804656386375427
7182,candidate_010,surface_temp_ir;laser_disdrometer;cr1000xe_backbone,2.0504,calm,particle,0,0.6943128108978271
7182,candidate_010,surface_temp_ir;laser_disdrometer;cr1000xe_backbone,2.0504,calm,particle,0,0.6843520998954773
7182,candidate_010,surface_temp_ir;laser_disdrometer;cr1000xe_backbone,2.0504,calm,particle,0,0.721135139465332
7182,candidate_010,surface_temp_ir;laser_disdrometer;cr1000xe_backbone,2.0504,calm,particle,0,0.7868640422821045
7182,candidate_010,surface_temp_ir;laser_disdrometer;cr1000xe_backbone,2.0504,calm,particle,0,0.8229849934577942
7182,candidate_010,surface_temp_ir;laser_disdrometer;cr1000xe_backbone,2.0504,calm,particle,0,0.8043744564056396
7182,candidate_010,surface_temp_ir;laser_disdrometer;cr1000xe_backbone,2.0504,calm,particle,0,0.858894944190979
7182,candidate_010,surface_temp_ir;laser_disdrometer;cr1000xe_backbone,2.0504,calm,particle,0,0.8228896856307983
7182,candidate_010,surface_temp_ir;laser_disdrometer;cr1000xe_backbone,2.0504,calm,particle,0,0.8412144780158997
7182,candidate_010,surface_temp_ir;laser_disdrometer;cr1000xe_backbone,2.0504,calm,particle,0,0.8297423720359802
7182,candidate_010,surface_temp_ir;laser_disdrometer;cr1000xe_backbone,2.0504,calm,particle,0,0.7677839994430542
7182,candidate_010,surface_temp_ir;laser_disdrometer;cr1000xe_backbone,2.0504,calm,particle,0,0.7583875060081482
7182,candidate_010,surface_temp_ir;laser_disdrometer;cr1000xe_backbone,2.0504,calm,particle,0,0.8084128499031067
7182,candidate_010,surface_temp_ir;laser_disdrometer;cr1000xe_backbone,2.0504,calm,particle,0,0.8172152638435364
7182,candidate_010,surface_temp_ir;laser_disdrometer;cr1000xe_backbone,2.0504,calm,particle,0,0.8098249435424805
7182,candidate_010,surface_temp_ir;laser_disdrometer;cr1000xe_backbone,2.0504,calm,particle,0,0.8404041528701782
7182,candidate_010,surface_temp_ir;laser_disdrometer;cr1000xe_backbone,2.0504,calm,particle,0,0.7765873074531555
7182,candidate_010,surface_temp_ir;laser_disdrometer;cr1000xe_backbone,2.0504,calm,particle,0,0.9915841817855835
7182,candidate_010,surface_temp_ir;laser_disdrometer;cr1000xe_backbone,2.0504,calm,particle,0,0.8912109136581421
7182,candidate_010,surface_temp_ir;laser_disdrometer;cr1000xe_backbone,2.0504,calm,particle,0,0.86025071144104
7182,candidate_010,surface_temp_ir;laser_disdrometer;cr1000xe_backbone,2.0504,calm,thermal,0,0.8703283071517944
7182,candidate_010,surface_temp_ir;laser_disdrometer;cr1000xe_backbone,2.0504,calm,thermal,0,0.8198543190956116
7182,candidate_010,surface_temp_ir;laser_disdrometer;cr1000xe_backbone,2.0504,calm,thermal,0,0.7495589852333069
7182,candidate_010,surface_temp_ir;laser_disdrometer;cr1000xe_backbone,2.0504,calm,thermal,0,0.8221044540405273
7182,candidate_010,surface_temp_ir;laser_disdrometer;cr1000xe_backbone,2.0504,calm,thermal,0,0.7985173463821411
7182,candidate_010,surface_temp_ir;laser_disdrometer;cr1000xe_backbone,2.0504,calm,thermal,0,0.8461224436759949
7182,candidate_010,surface_temp_ir;laser_disdrometer;cr1000xe_backbone,2.0504,calm,thermal,0,0.808991014957428
7182,candidate_010,surface_temp_ir;laser_disdrometer;cr1000xe_backbone,2.0504,calm,thermal,0,0.8456321358680725
7182,candidate_010,surface_temp_ir;laser_disdrometer;cr1000xe_backbone,2.0504,calm,thermal,0,0.8744953870773315
7182,candidate_010,surface_temp_ir;laser_disdrometer;cr1000xe_backbone,2.0504,calm,thermal,0,0.8515423536300659
7182,candidate_010,surface_temp_ir;laser_disdrometer;cr1000xe_backbone,2.0504,calm,thermal,0,0.8763948678970337
7182,candidate_010,surface_temp_ir;laser_disdrometer;cr1000xe_backbone,2.0504,calm,thermal,0,0.8820860385894775
7182,candidate_010,surface_temp_ir;laser_disdrometer;cr1000xe_backbone,2.0504,calm,thermal,0,0.8165708184242249
7182,candidate_010,surface_temp_ir;laser_disdrometer;cr1000xe_backbone,2.0504,calm,thermal,0,0.7817994356155396
7182,candidate_010,surface_temp_ir;laser_disdrometer;cr1000xe_backbone,2.0504,calm,thermal,0,0.7829673886299133
7182,candidate_010,surface_temp_ir;laser_disdrometer;cr1000xe_backbone,2.0504,calm,thermal,0,0.7531595230102539
7182,candidate_010,surface_temp_ir;laser_disdrometer;cr1000xe_backbone,2.0504,calm,thermal,0,0.7393146753311157
7182,candidate_010,surface_temp_ir;laser_disdrometer;cr1000xe_backbone,2.0504,calm,thermal,0,0.7156556248664856
7182,candidate_010,surface_temp_ir;laser_disdrometer;cr1000xe_backbone,2.0504,calm,thermal,0,0.6580102443695068
7182,candidate_010,surface_temp_ir;laser_disdrometer;cr1000xe_backbone,2.0504,calm,thermal,0,0.6725908517837524
7182,candidate_010,surface_temp_ir;laser_disdrometer;cr1000xe_backbone,2.0504,calm,thermal,0,0.7790887951850891
7182,candidate_010,surface_temp_ir;laser_disdrometer;cr1000xe_backbone,2.0504,calm,thermal,0,0.7121689319610596
7182,candidate_010,surface_temp_ir;laser_disdrometer;cr1000xe_backbone,2.0504,calm,thermal,0,0.684931218624115
7182,candidate_010,surface_temp_ir;laser_disdrometer;cr1000xe_backbone,2.0504,calm,thermal,0,0.6809267401695251
7182,candidate_010,surface_temp_ir;laser_disdrometer;cr1000xe_backbone,2.0504,calm,transport,0,0.7042515873908997
7182,candidate_010,surface_temp_ir;laser_disdrometer;cr1000xe_backbone,2.0504,calm,transport,0,0.7682408094406128
7182,candidate_010,surface_temp_ir;laser_disdrometer;cr1000xe_backbone,2.0504,calm,transport,0,0.759701132774353
7182,candidate_010,surface_temp_ir;laser_disdrometer;cr1000xe_backbone,2.0504,calm,transport,0,0.8264318108558655
7182,candidate_010,surface_temp_ir;laser_disdrometer;cr1000xe_backbone,2.0504,calm,transport,0,0.8480508923530579
7182,candidate_010,surface_temp_ir;laser_disdrometer;cr1000xe_backbone,2.0504,calm,transport,0,0.854544997215271
7182,candidate_010,surface_temp_ir;laser_disdrometer;cr1000xe_backbone,2.0504,calm,transport,0,0.7906321883201599
7182,candidate_010,surface_temp_ir;laser_disdrometer;cr1000xe_backbone,2.0504,calm,transport,0,0.8245337605476379
7182,candidate_010,surface_temp_ir;laser_disdrometer;cr1000xe_backbone,2.0504,calm,transport,0,0.8957390785217285
7182,candidate_010,surface_temp_ir;laser_disdrometer;cr1000xe_backbone,2.0504,calm,transport,0,0.8974390625953674
7182,candidate_010,surface_temp_ir;laser_disdrometer;cr1000xe_backbone,2.0504,calm,transport,0,0.8332976698875427
7182,candidate_010,surface_temp_ir;laser_disdrometer;cr1000xe_backbone,2.0504,calm,transport,0,0.8155316710472107
7182,candidate_010,surface_temp_ir;laser_disdrometer;cr1000xe_backbone,2.0504,calm,transport,0,0.7342767715454102
7182,candidate_010,surface_temp_ir;laser_disdrometer;cr1000xe_backbone,2.0504,calm,transport,0,0.7176797986030579
7182,candidate_010,surface_temp_ir;laser_disdrometer;cr1000xe_backbone,2.0504,calm,transport,0,0.7257694005966187
7182,candidate_010,surface_temp_ir;laser_disdrometer;cr1000xe_backbone,2.0504,calm,transport,0,0.6806963682174683
7182,candidate_010,surface_temp_ir;laser_disdrometer;cr1000xe_backbone,2.0504,calm,transport,0,0.7586419582366943
7182,candidate_010,surface_temp_ir;laser_disdrometer;cr1000xe_backbone,2.0504,calm,transport,0,0.7672291398048401
7182,candidate_010,surface_temp_ir;laser_disdrometer;cr1000xe_backbone,2.0504,calm,transport,0,0.7760542035102844
7182,candidate_010,surface_temp_ir;laser_disdrometer;cr1000xe_backbone,2.0504,calm,transport,0,0.8091806173324585
7182,candidate_010,surface_temp_ir;laser_disdrometer;cr1000xe_backbone,2.0504,calm,transport,0,0.707924485206604
7182,candidate_010,surface_temp_ir;laser_disdrometer;cr1000xe_backbone,2.0504,calm,transport,0,0.7322689890861511
7182,candidate_010,surface_temp_ir;laser_disdrometer;cr1000xe_backbone,2.0504,calm,particle,0,0.6753053665161133
7182,candidate_010,surface_temp_ir;laser_disdrometer;cr1000xe_backbone,2.0504,calm,particle,0,0.6954214572906494
7182,candidate_010,surface_temp_ir;laser_disdrometer;cr1000xe_backbone,2.0504,calm,particle,0,0.5887317657470703
7182,candidate_010,surface_temp_ir;laser_disdrometer;cr1000xe_backbone,2.0504,calm,particle,0,0.7141339778900146
7182,candidate_010,surface_temp_ir;laser_disdrometer;cr1000xe_backbone,2.0504,calm,particle,0,0.7187741994857788
7182,candidate_010,surface_temp_ir;laser_disdrometer;cr1000xe_backbone,2.0504,calm,particle,0,1.1515241861343384
7182,candidate_010,surface_temp_ir;laser_disdrometer;cr1000xe_backbone,2.0504,calm,particle,0,1.1754499673843384
7182,candidate_010,surface_temp_ir;laser_disdrometer;cr1000xe_backbone,2.0504,calm,particle,0,1.287513017654419
7182,candidate_010,surface_temp_ir;laser_disdrometer;cr1000xe_backbone,2.0504,calm,particle,0,1.3521314859390259
7182,candidate_010,surface_temp_ir;laser_disdrometer;cr1000xe_backbone,2.0504,calm,particle,0,1.1018316745758057
7182,candidate_010,surface_temp_ir;laser_disdrometer;cr1000xe_backbone,2.0504,calm,particle,0,1.0713140964508057
7182,candidate_010,surface_temp_ir;laser_disdrometer;cr1000xe_backbone,2.0504,calm,particle,0,1.0914918184280396
7182,candidate_010,surface_temp_ir;laser_disdrometer;cr1000xe_backbone,2.0504,calm,particle,0,1.1183149814605713
7182,candidate_010,surface_temp_ir;laser_disdrometer;cr1000xe_backbone,2.0504,calm,particle,0,1.029296636581421
7182,candidate_010,surface_temp_ir;laser_disdrometer;cr1000xe_backbone,2.0504,calm,particle,0,1.0372059345245361
7182,candidate_010,surface_temp_ir;laser_disdrometer;cr1000xe_backbone,2.0504,calm,particle,0,1.0523993968963623
7182,candidate_010,surface_temp_ir;laser_disdrometer;cr1000xe_backbone,2.0504,calm,particle,0,0.9721058011054993
7182,candidate_010,surface_temp_ir;laser_disdrometer;cr1000xe_backbone,2.0504,calm,particle,0,0.9441835880279541
7182,candidate_010,surface_temp_ir;laser_disdrometer;cr1000xe_backbone,2.0504,calm,particle,0,1.0134726762771606
7182,candidate_010,surface_temp_ir;laser_disdrometer;cr1000xe_backbone,2.0504,calm,particle,0,1.0170695781707764
7182,candidate_010,surface_temp_ir;laser_disdrometer;cr1000xe_backbone,2.0504,calm,particle,0,0.9660455584526062
7182,candidate_010,surface_temp_ir;laser_disdrometer;cr1000xe_backbone,2.0504,calm,particle,0,0.9559034109115601
7182,candidate_010,surface_temp_ir;laser_disdrometer;cr1000xe_backbone,2.0504,calm,particle,0,1.0641472339630127
7182,candidate_010,surface_temp_ir;laser_disdrometer;cr1000xe_backbone,2.0504,calm,thermal,0,1.0481008291244507
7182,candidate_010,surface_temp_ir;laser_disdrometer;cr1000xe_backbone,2.0504,calm,thermal,0,1.0764163732528687
7182,candidate_010,surface_temp_ir;laser_disdrometer;cr1000xe_backbone,2.0504,calm,thermal,0,1.1184254884719849
7182,candidate_010,surface_temp_ir;laser_disdrometer;cr1000xe_backbone,2.0504,calm,thermal,0,1.1641275882720947
7182,candidate_010,surface_temp_ir;laser_disdrometer;cr1000xe_backbone,2.0504,calm,thermal,0,1.0683748722076416
7182,candidate_010,surface_temp_ir;laser_disdrometer;cr1000xe_backbone,2.0504,calm,thermal,0,1.2026424407958984
7182,candidate_010,surface_temp_ir;laser_disdrometer;cr1000xe_backbone,2.0504,calm,thermal,0,1.2960256338119507
7182,candidate_010,surface_temp_ir;laser_disdrometer;cr1000xe_backbone,2.0504,calm,thermal,0,1.1707345247268677
7182,candidate_010,surface_temp_ir;laser_disdrometer;cr1000xe_backbone,2.0504,calm,thermal,0,1.2022441625595093
7182,candidate_010,surface_temp_ir;laser_disdrometer;cr1000xe_backbone,2.0504,calm,thermal,0,1.2113523483276367
7182,candidate_010,surface_temp_ir;laser_disdrometer;cr1000xe_backbone,2.0504,calm,thermal,0,1.2826229333877563
7182,candidate_010,surface_temp_ir;laser_disdrometer;cr1000xe_backbone,2.0504,calm,thermal,0,1.132079839706421
7182,candidate_010,surface_temp_ir;laser_disdrometer;cr1000xe_backbone,2.0504,calm,thermal,0,1.1330538988113403
7182,candidate_010,surface_temp_ir;laser_disdrometer;cr1000xe_backbone,2.0504,calm,thermal,0,1.1834429502487183
7182,candidate_010,surface_temp_ir;laser_disdrometer;cr1000xe_backbone,2.0504,calm,thermal,0,1.3127611875534058
7182,candidate_010,surface_temp_ir;laser_disdrometer;cr1000xe_backbone,2.0504,calm,thermal,0,1.2045040130615234
7182,candidate_010,surface_temp_ir;laser_disdrometer;cr1000xe_backbone,2.0504,calm,thermal,0,1.1786398887634277
7182,candidate_010,surface_temp_ir;laser_disdrometer;cr1000xe_backbone,2.0504,calm,thermal,0,1.1954472064971924
7182,candidate_010,surface_temp_ir;laser_disdrometer;cr1000xe_backbone,2.0504,calm,thermal,0,1.1221157312393188
7182,candidate_010,surface_temp_ir;laser_disdrometer;cr1000xe_backbone,2.0504,calm,thermal,0,1.0702269077301025
7182,candidate_010,surface_temp_ir;laser_disdrometer;cr1000xe_backbone,2.0504,calm,thermal,0,1.0176210403442383
7182,candidate_010,surface_temp_ir;laser_disdrometer;cr1000xe_backbone,2.0504,calm,transport,0,0.9028002023696899
7182,candidate_010,surface_temp_ir;laser_disdrometer;cr1000xe_backbone,2.0504,calm,transport,0,0.8820412755012512
7182,candidate_010,surface_temp_ir;laser_disdrometer;cr1000xe_backbone,2.0504,calm,transport,0,1.0162690877914429
7182,candidate_010,surface_temp_ir;laser_disdrometer;cr1000xe_backbone,2.0504,calm,transport,0,0.9634292125701904
7182,candidate_010,surface_temp_ir;laser_disdrometer;cr1000xe_backbone,2.0504,calm,transport,0,1.0570734739303589
7182,candidate_010,surface_temp_ir;laser_disdrometer;cr1000xe_backbone,2.0504,calm,transport,0,1.1132705211639404
7182,candidate_010,surface_temp_ir;laser_disdrometer;cr1000xe_backbone,2.0504,calm,transport,0,1.1203734874725342
7182,candidate_010,surface_temp_ir;laser_disdrometer;cr1000xe_backbone,2.0504,calm,transport,0,1.1554844379425049
7182,candidate_010,surface_temp_ir;laser_disdrometer;cr1000xe_backbone,2.0504,calm,transport,0,1.1202998161315918
7182,candidate_010,surface_temp_ir;laser_disdrometer;cr1000xe_backbone,2.0504,calm,transport,0,1.1990911960601807
7182,candidate_010,surface_temp_ir;laser_disdrometer;cr1000xe_backbone,2.0504,calm,transport,0,1.24493408203125
7182,candidate_010,surface_temp_ir;laser_disdrometer;cr1000xe_backbone,2.0504,calm,transport,0,1.3996351957321167
7182,candidate_010,surface_temp_ir;laser_disdrometer;cr1000xe_backbone,2.0504,calm,transport,0,1.323043704032898
7182,candidate_010,surface_temp_ir;laser_disdrometer;cr1000xe_backbone,2.0504,calm,transport,0,1.442315697669983
7182,candidate_010,surface_temp_ir;laser_disdrometer;cr1000xe_backbone,2.0504,calm,transport,0,1.3219832181930542
7182,candidate_010,surface_temp_ir;laser_disdrometer;cr1000xe_backbone,2.0504,calm,transport,0,1.3938097953796387
7182,candidate_010,surface_temp_ir;laser_disdrometer;cr1000xe_backbone,2.0504,calm,transport,0,1.3273259401321411
7182,candidate_010,surface_temp_ir;laser_disdrometer;cr1000xe_backbone,2.0504,calm,transport,0,1.3270938396453857
7182,candidate_010,surface_temp_ir;laser_disdrometer;cr1000xe_backbone,2.0504,calm,particle,0,1.2653509378433228
7182,candidate_010,surface_temp_ir;laser_disdrometer;cr1000xe_backbone,2.0504,calm,particle,0,1.4270166158676147
7182,candidate_010,surface_temp_ir;laser_disdrometer;cr1000xe_backbone,2.0504,calm,particle,0,1.3372230529785156
7182,candidate_010,surface_temp_ir;laser_disdrometer;cr1000xe_backbone,2.0504,calm,particle,0,1.311927318572998
7182,candidate_010,surface_temp_ir;laser_disdrometer;cr1000xe_backbone,2.0504,calm,particle,0,1.2121092081069946
7182,candidate_010,surface_temp_ir;laser_disdrometer;cr1000xe_backbone,2.0504,calm,particle,0,1.1701879501342773
7182,candidate_010,surface_temp_ir;laser_disdrometer;cr1000xe_backbone,2.0504,calm,particle,0,1.162399411201477
7182,candidate_010,surface_temp_ir;laser_disdrometer;cr1000xe_backbone,2.0504,calm,particle,0,1.0936493873596191
7182,candidate_010,surface_temp_ir;laser_disdrometer;cr1000xe_backbone,2.0504,calm,particle,0,1.1420390605926514
7182,candidate_010,surface_temp_ir;laser_disdrometer;cr1000xe_backbone,2.0504,calm,particle,0,1.0230844020843506
7182,candidate_010,surface_temp_ir;laser_disdrometer;cr1000xe_backbone,2.0504,calm,particle,0,0.9857574701309204
7182,candidate_010,surface_temp_ir;laser_disdrometer;cr1000xe_backbone,2.0504,calm,particle,0,1.006237506866455
7182,candidate_010,surface_temp_ir;laser_disdrometer;cr1000xe_backbone,2.0504,calm,particle,0,1.0284746885299683
7182,candidate_010,surface_temp_ir;laser_disdrometer;cr1000xe_backbone,2.0504,calm,particle,0,0.9192008376121521
7182,candidate_010,surface_temp_ir;laser_disdrometer;cr1000xe_backbone,2.0504,calm,particle,0,1.0284574031829834
7182,candidate_010,surface_temp_ir;laser_disdrometer;cr1000xe_backbone,2.0504,calm,particle,0,0.9372403621673584
7182,candidate_010,surface_temp_ir;laser_disdrometer;cr1000xe_backbone,2.0504,calm,particle,0,0.9790228009223938
7182,candidate_010,surface_temp_ir;laser_disdrometer;cr1000xe_backbone,2.0504,calm,particle,0,0.9386175274848938
7182,candidate_010,surface_temp_ir;laser_disdrometer;cr1000xe_backbone,2.0504,calm,particle,0,0.9871290922164917
7182,candidate_010,surface_temp_ir;laser_disdrometer;cr1000xe_backbone,2.0504,calm,particle,0,0.8833248615264893
7182,candidate_010,surface_temp_ir;laser_disdrometer;cr1000xe_backbone,2.0504,calm,particle,0,0.9074999094009399
7182,candidate_010,surface_temp_ir;laser_disdrometer;cr1000xe_backbone,2.0504,calm,particle,0,0.9884602427482605
7182,candidate_010,surface_temp_ir;laser_disdrometer;cr1000xe_backbone,2.0504,calm,particle,0,1.0640593767166138
7182,candidate_010,surface_temp_ir;laser_disdrometer;cr1000xe_backbone,2.0504,calm,particle,0,1.1918011903762817
7182,candidate_010,surface_temp_ir;laser_disdrometer;cr1000xe_backbone,2.0504,calm,particle,0,1.2020808458328247
7182,candidate_010,surface_temp_ir;laser_disdrometer;cr1000xe_backbone,2.0504,calm,particle,0,1.1908419132232666
7182,candidate_010,surface_temp_ir;laser_disdrometer;cr1000xe_backbone,2.0504,calm,particle,0,1.1559909582138062
7182,candidate_010,surface_temp_ir;laser_disdrometer;cr1000xe_backbone,2.0504,calm,particle,0,1.1502833366394043
7182,candidate_010,surface_temp_ir;laser_disdrometer;cr1000xe_backbone,2.0504,calm,particle,0,1.1282397508621216
7182,candidate_010,surface_temp_ir;laser_disdrometer;cr1000xe_backbone,2.0504,calm,particle,0,1.024361491203308
7182,candidate_010,surface_temp_ir;laser_disdrometer;cr1000xe_backbone,2.0504,calm,particle,0,0.9209787845611572
7182,candidate_010,surface_temp_ir;laser_disdrometer;cr1000xe_backbone,2.0504,calm,particle,0,1.1637767553329468
7182,candidate_010,surface_temp_ir;laser_disdrometer;cr1000xe_backbone,2.0504,calm,thermal,0,1.1503921747207642
7182,candidate_010,surface_temp_ir;laser_disdrometer;cr1000xe_backbone,2.0504,calm,thermal,0,1.0703418254852295
7182,candidate_010,surface_temp_ir;laser_disdrometer;cr1000xe_backbone,2.0504,calm,thermal,0,1.0188273191452026
7182,candidate_010,surface_temp_ir;laser_disdrometer;cr1000xe_backbone,2.0504,calm,thermal,0,1.0269030332565308
7182,candidate_010,surface_temp_ir;laser_disdrometer;cr1000xe_backbone,2.0504,calm,thermal,0,1.0173262357711792
7182,candidate_010,surface_temp_ir;laser_disdrometer;cr1000xe_backbone,2.0504,calm,thermal,0,1.0029710531234741
7182,candidate_010,surface_temp_ir;laser_disdrometer;cr1000xe_backbone,2.0504,calm,thermal,0,0.9652028679847717
7182,candidate_010,surface_temp_ir;laser_disdrometer;cr1000xe_backbone,2.0504,calm,thermal,0,0.9447097778320312
7182,candidate_010,surface_temp_ir;laser_disdrometer;cr1000xe_backbone,2.0504,calm,thermal,0,0.9486638903617859
7182,candidate_010,surface_temp_ir;laser_disdrometer;cr1000xe_backbone,2.0504,calm,thermal,0,0.934138298034668
7182,candidate_010,surface_temp_ir;laser_disdrometer;cr1000xe_backbone,2.0504,calm,thermal,0,1.0274834632873535
7182,candidate_010,surface_temp_ir;laser_disdrometer;cr1000xe_backbone,2.0504,calm,thermal,0,1.1382715702056885
7182,candidate_010,surface_temp_ir;laser_disdrometer;cr1000xe_backbone,2.0504,calm,thermal,0,1.1168063879013062
7182,candidate_010,surface_temp_ir;laser_disdrometer;cr1000xe_backbone,2.0504,calm,thermal,0,1.1075960397720337
7182,candidate_010,surface_temp_ir;laser_disdrometer;cr1000xe_backbone,2.0504,calm,thermal,0,1.1466602087020874
7182,candidate_010,surface_temp_ir;laser_disdrometer;cr1000xe_backbone,2.0504,calm,thermal,0,1.0329488515853882
7182,candidate_010,surface_temp_ir;laser_disdrometer;cr1000xe_backbone,2.0504,calm,thermal,0,1.0132967233657837
7182,candidate_010,surface_temp_ir;laser_disdrometer;cr1000xe_backbone,2.0504,calm,thermal,0,1.098263144493103
7182,candidate_010,surface_temp_ir;laser_disdrometer;cr1000xe_backbone,2.0504,calm,thermal,0,1.1686264276504517
7182,candidate_010,surface_temp_ir;laser_disdrometer;cr1000xe_backbone,2.0504,calm,thermal,0,1.2742493152618408
7182,candidate_010,surface_temp_ir;laser_disdrometer;cr1000xe_backbone,2.0504,calm,thermal,0,1.2225816249847412
7182,candidate_010,surface_temp_ir;laser_disdrometer;cr1000xe_backbone,2.0504,calm,thermal,0,1.2029075622558594
7182,candidate_010,surface_temp_ir;laser_disdrometer;cr1000xe_backbone,2.0504,calm,thermal,0,1.2521945238113403
7182,candidate_010,surface_temp_ir;laser_disdrometer;cr1000xe_backbone,2.0504,calm,thermal,0,1.1999353170394897
7182,candidate_010,surface_temp_ir;laser_disdrometer;cr1000xe_backbone,2.0504,thermal,thermal,3,0.8608590960502625
7182,candidate_010,surface_temp_ir;laser_disdrometer;cr1000xe_backbone,2.0504,thermal,thermal,3,0.8730266690254211
7182,candidate_010,surface_temp_ir;laser_disdrometer;cr1000xe_backbone,2.0504,thermal,thermal,3,1.0694481134414673
7182,candidate_010,surface_temp_ir;laser_disdrometer;cr1000xe_backbone,2.0504,thermal,transport,3,1.1515860557556152
7182,candidate_010,surface_temp_ir;laser_disdrometer;cr1000xe_backbone,2.0504,thermal,transport,3,1.1537377834320068
7182,candidate_010,surface_temp_ir;laser_disdrometer;cr1000xe_backbone,2.0504,thermal,transport,3,1.071604609489441
7182,candidate_010,surface_temp_ir;laser_disdrometer;cr1000xe_backbone,2.0504,thermal,transport,3,1.1526433229446411
7182,candidate_010,surface_temp_ir;laser_disdrometer;cr1000xe_backbone,2.0504,thermal,transport,3,0.976754367351532
7182,candidate_010,surface_temp_ir;laser_disdrometer;cr1000xe_backbone,2.0504,thermal,transport,3,1.0702998638153076
7182,candidate_010,surface_temp_ir;laser_disdrometer;cr1000xe_backbone,2.0504,thermal,transport,3,0.9802253246307373
7182,candidate_010,surface_temp_ir;laser_disdrometer;cr1000xe_backbone,2.0504,thermal,transport,3,1.0558147430419922
7182,candidate_010,surface_temp_ir;laser_disdrometer;cr1000xe_backbone,2.0504,thermal,transport,3,1.0579358339309692
7182,candidate_010,surface_temp_ir;laser_disdrometer;cr1000xe_backbone,2.0504,thermal,transport,3,1.0561249256134033
7182,candidate_010,surface_temp_ir;laser_disdrometer;cr1000xe_backbone,2.0504,thermal,transport,3,0.9836251139640808
7182,candidate_010,surface_temp_ir;laser_disdrometer;cr1000xe_backbone,2.0504,thermal,transport,3,0.9974327683448792
7182,candidate_010,surface_temp_ir;laser_disdrometer;cr1000xe_backbone,2.0504,thermal,transport,3,1.1265308856964111
7182,candidate_010,surface_temp_ir;laser_disdrometer;cr1000xe_backbone,2.0504,thermal,transport,3,1.0695499181747437
7182,candidate_010,surface_temp_ir;laser_disdrometer;cr1000xe_backbone,2.0504,thermal,transport,3,1.024495005607605
7182,candidate_010,surface_temp_ir;laser_disdrometer;cr1000xe_backbone,2.0504,thermal,transport,3,1.0315452814102173
7182,candidate_010,surface_temp_ir;laser_disdrometer;cr1000xe_backbone,2.0504,thermal,transport,3,0.9480621218681335
7182,candidate_010,surface_temp_ir;laser_disdrometer;cr1000xe_backbone,2.0504,thermal,transport,3,0.9390090107917786
7182,candidate_010,surface_temp_ir;laser_disdrometer;cr1000xe_backbone,2.0504,thermal,transport,3,1.0331099033355713
7182,candidate_010,surface_temp_ir;laser_disdrometer;cr1000xe_backbone,2.0504,thermal,transport,3,1.0843238830566406
7182,candidate_010,surface_temp_ir;laser_disdrometer;cr1000xe_backbone,2.0504,thermal,transport,3,0.8712441921234131
7182,candidate_010,surface_temp_ir;laser_disdrometer;cr1000xe_backbone,2.0504,thermal,transport,3,0.9668513536453247
7182,candidate_010,surface_temp_ir;laser_disdrometer;cr1000xe_backbone,2.0504,thermal,transport,3,1.0122294425964355
7182,candidate_010,surface_temp_ir;laser_disdrometer;cr1000xe_backbone,2.0504,thermal,transport,3,1.1129064559936523
7182,candidate_010,surface_temp_ir;laser_disdrometer;cr1000xe_backbone,2.0504,calm,thermal,0,0.8750852942466736
7182,candidate_010,surface_temp_ir;laser_disdrometer;cr1000xe_backbone,2.0504,particle,thermal,1,0.4612165689468384
7182,candidate_010,surface_temp_ir;laser_disdrometer;cr1000xe_backbone,2.0504,particle,thermal,1,0.6271483898162842
7182,candidate_010,surface_temp_ir;laser_disdrometer;cr1000xe_backbone,2.0504,particle,thermal,1,0.5703582763671875
7182,candidate_010,surface_temp_ir;laser_disdrometer;cr1000xe_backbone,2.0504,particle,thermal,1,0.5913519263267517
7182,candidate_010,surface_temp_ir;laser_disdrometer;cr1000xe_backbone,2.0504,particle,thermal,1,0.5951200127601624
7182,candidate_010,surface_temp_ir;laser_disdrometer;cr1000xe_backbone,2.0504,particle,thermal,1,0.7382289171218872
7182,candidate_010,surface_temp_ir;laser_disdrometer;cr1000xe_backbone,2.0504,particle,thermal,1,0.7475725412368774
7182,candidate_010,surface_temp_ir;laser_disdrometer;cr1000xe_backbone,2.0504,particle,thermal,1,0.740796685218811
7182,candidate_010,surface_temp_ir;laser_disdrometer;cr1000xe_backbone,2.0504,particle,thermal,1,0.6704721450805664
7182,candidate_010,surface_temp_ir;laser_disdrometer;cr1000xe_backbone,2.0504,particle,thermal,1,0.7783907055854797
7182,candidate_010,surface_temp_ir;laser_disdrometer;cr1000xe_backbone,2.0504,particle,thermal,1,0.7157536745071411
7182,candidate_010,surface_temp_ir;laser_disdrometer;cr1000xe_backbone,2.0504,particle,thermal,1,0.7085977792739868
7182,candidate_010,surface_temp_ir;laser_disdrometer;cr1000xe_backbone,2.0504,particle,thermal,1,0.67955082654953
7182,candidate_010,surface_temp_ir;laser_disdrometer;cr1000xe_backbone,2.0504,particle,thermal,1,0.6725247502326965
7182,candidate_010,surface_temp_ir;laser_disdrometer;cr1000xe_backbone,2.0504,particle,transport,1,0.6046426892280579
7182,candidate_010,surface_temp_ir;laser_disdrometer;cr1000xe_backbone,2.0504,particle,transport,1,0.5913879871368408
7182,candidate_010,surface_temp_ir;laser_disdrometer;cr1000xe_backbone,2.0504,particle,transport,1,0.5774701833724976
7182,candidate_010,surface_temp_ir;laser_disdrometer;cr1000xe_backbone,2.0504,particle,transport,1,0.5522800087928772
7182,candidate_010,surface_temp_ir;laser_disdrometer;cr1000xe_backbone,2.0504,particle,transport,1,0.48107194900512695
7182,candidate_010,surface_temp_ir;laser_disdrometer;cr1000xe_backbone,2.0504,particle,transport,1,0.4738727807998657
7182,candidate_010,surface_temp_ir;laser_disdrometer;cr1000xe_backbone,2.0504,particle,transport,1,0.4924069941043854
7182,candidate_010,surface_temp_ir;laser_disdrometer;cr1000xe_backbone,2.0504,particle,transport,1,0.5152355432510376
7182,candidate_010,surface_temp_ir;laser_disdrometer;cr1000xe_backbone,2.0504,particle,transport,1,0.4891371428966522
7182,candidate_010,surface_temp_ir;laser_disdrometer;cr1000xe_backbone,2.0504,particle,transport,1,0.4973577857017517
7182,candidate_010,surface_temp_ir;laser_disdrometer;cr1000xe_backbone,2.0504,particle,transport,1,0.5303327441215515
7182,candidate_010,surface_temp_ir;laser_disdrometer;cr1000xe_backbone,2.0504,particle,transport,1,0.509905993938446
7182,candidate_010,surface_temp_ir;laser_disdrometer;cr1000xe_backbone,2.0504,particle,transport,1,0.5293447375297546
7182,candidate_010,surface_temp_ir;laser_disdrometer;cr1000xe_backbone,2.0504,particle,transport,1,0.5009469985961914
7182,candidate_010,surface_temp_ir;laser_disdrometer;cr1000xe_backbone,2.0504,particle,transport,1,0.6070483922958374
7182,candidate_010,surface_temp_ir;laser_disdrometer;cr1000xe_backbone,2.0504,particle,transport,1,0.602613627910614
7182,candidate_010,surface_temp_ir;laser_disdrometer;cr1000xe_backbone,2.0504,particle,transport,1,0.5941892862319946
7182,candidate_010,surface_temp_ir;laser_disdrometer;cr1000xe_backbone,2.0504,particle,transport,1,0.5901708602905273
7182,candidate_010,surface_temp_ir;laser_disdrometer;cr1000xe_backbone,2.0504,particle,transport,1,0.6024739742279053
7182,candidate_010,surface_temp_ir;laser_disdrometer;cr1000xe_backbone,2.0504,particle,transport,1,0.6921712160110474
7182,candidate_010,surface_temp_ir;laser_disdrometer;cr1000xe_backbone,2.0504,particle,transport,1,0.6195408701896667
7182,candidate_010,surface_temp_ir;laser_disdrometer;cr1000xe_backbone,2.0504,particle,transport,1,0.7522080540657043
7182,candidate_010,surface_temp_ir;laser_disdrometer;cr1000xe_backbone,2.0504,particle,transport,1,0.6744369864463806
7182,candidate_010,surface_temp_ir;laser_disdrometer;cr1000xe_backbone,2.0504,particle,transport,1,0.7806777954101562
7182,candidate_010,surface_temp_ir;laser_disdrometer;cr1000xe_backbone,2.0504,particle,transport,1,0.6508110761642456
7182,candidate_010,surface_temp_ir;laser_disdrometer;cr1000xe_backbone,2.0504,particle,transport,1,0.79889315366745
7182,candidate_010,surface_temp_ir;laser_disdrometer;cr1000xe_backbone,2.0504,particle,transport,1,0.7315428256988525
7182,candidate_010,surface_temp_ir;laser_disdrometer;cr1000xe_backbone,2.0504,particle,transport,1,0.8119996190071106
7182,candidate_010,surface_temp_ir;laser_disdrometer;cr1000xe_backbone,2.0504,particle,particle,1,0.811922013759613
7182,candidate_010,surface_temp_ir;laser_disdrometer;cr1000xe_backbone,2.0504,particle,particle,1,0.9380598664283752
7182,candidate_010,surface_temp_ir;laser_disdrometer;cr1000xe_backbone,2.0504,particle,particle,1,0.8369670510292053
7182,candidate_010,surface_temp_ir;laser_disdrometer;cr1000xe_backbone,2.0504,particle,particle,1,0.8407633304595947
7182,candidate_010,surface_temp_ir;laser_disdrometer;cr1000xe_backbone,2.0504,particle,particle,1,0.849589467048645
7182,candidate_010,surface_temp_ir;laser_disdrometer;cr1000xe_backbone,2.0504,particle,particle,1,0.8931161165237427
7182,candidate_010,surface_temp_ir;laser_disdrometer;cr1000xe_backbone,2.0504,particle,particle,1,0.8431090116500854
7182,candidate_010,surface_temp_ir;laser_disdrometer;cr1000xe_backbone,2.0504,particle,particle,1,0.8789294958114624
7182,candidate_010,surface_temp_ir;laser_disdrometer;cr1000xe_backbone,2.0504,particle,particle,1,0.8690721392631531
7182,candidate_010,surface_temp_ir;laser_disdrometer;cr1000xe_backbone,2.0504,particle,particle,1,0.9133290648460388
7182,candidate_010,surface_temp_ir;laser_disdrometer;cr1000xe_backbone,2.0504,particle,particle,1,0.873608410358429
7182,candidate_010,surface_temp_ir;laser_disdrometer;cr1000xe_backbone,2.0504,particle,particle,1,0.8450732231140137
7182,candidate_010,surface_temp_ir;laser_disdrometer;cr1000xe_backbone,2.0504,particle,particle,1,0.8589449524879456
7182,candidate_010,surface_temp_ir;laser_disdrometer;cr1000xe_backbone,2.0504,particle,particle,1,0.8994085788726807
7182,candidate_010,surface_temp_ir;laser_disdrometer;cr1000xe_backbone,2.0504,particle,particle,1,0.8811543583869934
7182,candidate_010,surface_temp_ir;laser_disdrometer;cr1000xe_backbone,2.0504,particle,particle,1,0.8661202192306519
7182,candidate_010,surface_temp_ir;laser_disdrometer;cr1000xe_backbone,2.0504,particle,particle,1,0.9396491646766663
7182,candidate_010,surface_temp_ir;laser_disdrometer;cr1000xe_backbone,2.0504,calm,particle,0,0.8268932104110718
7182,candidate_010,surface_temp_ir;laser_disdrometer;cr1000xe_backbone,2.0504,calm,particle,0,0.7599018812179565
7182,candidate_010,surface_temp_ir;laser_disdrometer;cr1000xe_backbone,2.0504,calm,particle,0,0.794134795665741
7182,candidate_010,surface_temp_ir;laser_disdrometer;cr1000xe_backbone,2.0504,calm,particle,0,0.7754032015800476
7182,candidate_010,surface_temp_ir;laser_disdrometer;cr1000xe_backbone,2.0504,calm,particle,0,0.7950094938278198
7182,candidate_010,surface_temp_ir;laser_disdrometer;cr1000xe_backbone,2.0504,calm,particle,0,0.769725501537323
7182,candidate_010,surface_temp_ir;laser_disdrometer;cr1000xe_backbone,2.0504,calm,particle,0,0.7029540538787842
7182,candidate_010,surface_temp_ir;laser_disdrometer;cr1000xe_backbone,2.0504,calm,particle,0,0.6954898834228516
7182,candidate_010,surface_temp_ir;laser_disdrometer;cr1000xe_backbone,2.0504,calm,particle,0,0.6755289435386658
7182,candidate_010,surface_temp_ir;laser_disdrometer;cr1000xe_backbone,2.0504,calm,particle,0,0.6837062835693359
7182,candidate_010,surface_temp_ir;laser_disdrometer;cr1000xe_backbone,2.0504,calm,particle,0,0.6688390374183655
7182,candidate_010,surface_temp_ir;laser_disdrometer;cr1000xe_backbone,2.0504,calm,particle,0,0.6485095024108887
7182,candidate_010,surface_temp_ir;laser_disdrometer;cr1000xe_backbone,2.0504,calm,particle,0,0.6992037296295166
7182,candidate_010,surface_temp_ir;laser_disdrometer;cr1000xe_backbone,2.0504,calm,particle,0,0.7093883752822876
7182,candidate_010,surface_temp_ir;laser_disdrometer;cr1000xe_backbone,2.0504,particle,particle,1,0.7498598098754883
7182,candidate_010,surface_temp_ir;laser_disdrometer;cr1000xe_backbone,2.0504,particle,particle,1,0.7835583686828613
7182,candidate_010,surface_temp_ir;laser_disdrometer;cr1000xe_backbone,2.0504,particle,particle,1,0.8406267762184143
7182,candidate_010,surface_temp_ir;laser_disdrometer;cr1000xe_backbone,2.0504,particle,particle,1,0.8546664714813232
7182,candidate_010,surface_temp_ir;laser_disdrometer;cr1000xe_backbone,2.0504,particle,thermal,1,0.813066840171814
7182,candidate_010,surface_temp_ir;laser_disdrometer;cr1000xe_backbone,2.0504,particle,thermal,1,0.8126175999641418
7182,candidate_010,surface_temp_ir;laser_disdrometer;cr1000xe_backbone,2.0504,particle,thermal,1,0.8681163787841797
7182,candidate_010,surface_temp_ir;laser_disdrometer;cr1000xe_backbone,2.0504,particle,thermal,1,0.8649647235870361
7182,candidate_010,surface_temp_ir;laser_disdrometer;cr1000xe_backbone,2.0504,particle,thermal,1,0.9055190086364746
7182,candidate_010,surface_temp_ir;laser_disdrometer;cr1000xe_backbone,2.0504,particle,thermal,1,0.8477389216423035
7182,candidate_010,surface_temp_ir;laser_disdrometer;cr1000xe_backbone,2.0504,particle,thermal,1,0.8667750954627991
7182,candidate_010,surface_temp_ir;laser_disdrometer;cr1000xe_backbone,2.0504,particle,thermal,1,0.8097602725028992
7182,candidate_010,surface_temp_ir;laser_disdrometer;cr1000xe_backbone,2.0504,particle,thermal,1,0.8407682776451111
7182,candidate_010,surface_temp_ir;laser_disdrometer;cr1000xe_backbone,2.0504,particle,thermal,1,0.7246503829956055
7182,candidate_010,surface_temp_ir;laser_disdrometer;cr1000xe_backbone,2.0504,particle,thermal,1,0.7334936857223511
7182,candidate_010,surface_temp_ir;laser_disdrometer;cr1000xe_backbone,2.0504,particle,thermal,1,0.7099055647850037
7182,candidate_010,surface_temp_ir;laser_disdrometer;cr1000xe_backbone,2.0504,particle,thermal,1,0.6948099136352539
7182,candidate_010,surface_temp_ir;laser_disdrometer;cr1000xe_backbone,2.0504,particle,thermal,1,0.6897552013397217
7182,candidate_010,surface_temp_ir;laser_disdrometer;cr1000xe_backbone,2.0504,particle,thermal,1,0.7010301947593689
7182,candidate_010,surface_temp_ir;laser_disdrometer;cr1000xe_backbone,2.0504,particle,thermal,1,0.6199520230293274
7182,candidate_010,surface_temp_ir;laser_disdrometer;cr1000xe_backbone,2.0504,particle,thermal,1,0.6802890300750732
7182,candidate_010,surface_temp_ir;laser_disdrometer;cr1000xe_backbone,2.0504,particle,thermal,1,0.6191484332084656
7182,candidate_010,surface_temp_ir;laser_disdrometer;cr1000xe_backbone,2.0504,particle,transport,1,0.644635796546936
7182,candidate_010,surface_temp_ir;laser_disdrometer;cr1000xe_backbone,2.0504,particle,transport,1,0.5347726345062256
7182,candidate_010,surface_temp_ir;laser_disdrometer;cr1000xe_backbone,2.0504,particle,transport,1,0.5199554562568665
7182,candidate_010,surface_temp_ir;laser_disdrometer;cr1000xe_backbone,2.0504,particle,transport,1,0.44451484084129333
7182,candidate_010,surface_temp_ir;laser_disdrometer;cr1000xe_backbone,2.0504,particle,transport,1,0.5177775621414185
7182,candidate_010,surface_temp_ir;laser_disdrometer;cr1000xe_backbone,2.0504,particle,transport,1,0.5011311769485474
7182,candidate_010,surface_temp_ir;laser_disdrometer;cr1000xe_backbone,2.0504,particle,transport,1,0.5534448623657227
7182,candidate_010,surface_temp_ir;laser_disdrometer;cr1000xe_backbone,2.0504,particle,transport,1,0.5790355801582336
7182,candidate_010,surface_temp_ir;laser_disdrometer;cr1000xe_backbone,2.0504,particle,transport,1,0.636043131351471
7182,candidate_010,surface_temp_ir;laser_disdrometer;cr1000xe_backbone,2.0504,particle,transport,1,0.5586828589439392
7182,candidate_010,surface_temp_ir;laser_disdrometer;cr1000xe_backbone,2.0504,particle,transport,1,0.5842267274856567
7182,candidate_010,surface_temp_ir;laser_disdrometer;cr1000xe_backbone,2.0504,particle,transport,1,0.5309984087944031
7182,candidate_010,surface_temp_ir;laser_disdrometer;cr1000xe_backbone,2.0504,particle,transport,1,0.5701103806495667
7182,candidate_010,surface_temp_ir;laser_disdrometer;cr1000xe_backbone,2.0504,particle,transport,1,0.5533868670463562
7182,candidate_010,surface_temp_ir;laser_disdrometer;cr1000xe_backbone,2.0504,calm,transport,0,0.4902305603027344
7182,candidate_010,surface_temp_ir;laser_disdrometer;cr1000xe_backbone,2.0504,calm,transport,0,0.5028840899467468
7182,candidate_010,surface_temp_ir;laser_disdrometer;cr1000xe_backbone,2.0504,calm,transport,0,0.49481838941574097
7182,candidate_010,surface_temp_ir;laser_disdrometer;cr1000xe_backbone,2.0504,calm,transport,0,0.52962726354599
7182,candidate_010,surface_temp_ir;laser_disdrometer;cr1000xe_backbone,2.0504,calm,transport,0,0.4920676350593567
7182,candidate_010,surface_temp_ir;laser_disdrometer;cr1000xe_backbone,2.0504,calm,transport,0,0.494448721408844
7182,candidate_010,surface_temp_ir;laser_disdrometer;cr1000xe_backbone,2.0504,calm,particle,0,0.5109004378318787
7182,candidate_010,surface_temp_ir;laser_disdrometer;cr1000xe_backbone,2.0504,calm,particle,0,0.5555623173713684
7182,candidate_010,surface_temp_ir;laser_disdrometer;cr1000xe_backbone,2.0504,calm,particle,0,0.5261453986167908
7182,candidate_010,surface_temp_ir;laser_disdrometer;cr1000xe_backbone,2.0504,calm,particle,0,0.6969329118728638
7182,candidate_010,surface_temp_ir;laser_disdrometer;cr1000xe_backbone,2.0504,calm,particle,0,0.6449772715568542
7182,candidate_010,surface_temp_ir;laser_disdrometer;cr1000xe_backbone,2.0504,calm,particle,0,0.6719609498977661
7182,candidate_010,surface_temp_ir;laser_disdrometer;cr1000xe_backbone,2.0504,calm,particle,0,0.7056382894515991
7182,candidate_010,surface_temp_ir;laser_disdrometer;cr1000xe_backbone,2.0504,calm,particle,0,0.5817214846611023
7182,candidate_010,surface_temp_ir;laser_disdrometer;cr1000xe_backbone,2.0504,flux,particle,2,0.6116291880607605
7182,candidate_010,surface_temp_ir;laser_disdrometer;cr1000xe_backbone,2.0504,flux,particle,2,0.5620226860046387
7182,candidate_010,surface_temp_ir;laser_disdrometer;cr1000xe_backbone,2.0504,flux,particle,2,0.6708025336265564
7182,candidate_010,surface_temp_ir;laser_disdrometer;cr1000xe_backbone,2.0504,flux,particle,2,0.618760347366333
7182,candidate_010,surface_temp_ir;laser_disdrometer;cr1000xe_backbone,2.0504,flux,particle,2,0.6596288084983826
7182,candidate_010,surface_temp_ir;laser_disdrometer;cr1000xe_backbone,2.0504,flux,particle,2,0.61981600522995
7182,candidate_010,surface_temp_ir;laser_disdrometer;cr1000xe_backbone,2.0504,flux,particle,2,0.610322117805481
7182,candidate_010,surface_temp_ir;laser_disdrometer;cr1000xe_backbone,2.0504,flux,particle,2,0.6951644420623779
7182,candidate_010,surface_temp_ir;laser_disdrometer;cr1000xe_backbone,2.0504,flux,particle,2,0.6802842617034912
7182,candidate_010,surface_temp_ir;laser_disdrometer;cr1000xe_backbone,2.0504,flux,particle,2,0.7624802589416504
7182,candidate_010,surface_temp_ir;laser_disdrometer;cr1000xe_backbone,2.0504,flux,particle,2,0.8543439507484436
7182,candidate_010,surface_temp_ir;laser_disdrometer;cr1000xe_backbone,2.0504,flux,particle,2,0.8995259404182434
7182,candidate_010,surface_temp_ir;laser_disdrometer;cr1000xe_backbone,2.0504,flux,particle,2,0.8062475323677063
7182,candidate_010,surface_temp_ir;laser_disdrometer;cr1000xe_backbone,2.0504,flux,particle,2,0.8033239841461182
7182,candidate_010,surface_temp_ir;laser_disdrometer;cr1000xe_backbone,2.0504,flux,particle,2,0.8324759602546692
7182,candidate_010,surface_temp_ir;laser_disdrometer;cr1000xe_backbone,2.0504,flux,particle,2,0.9543488621711731
7182,candidate_010,surface_temp_ir;laser_disdrometer;cr1000xe_backbone,2.0504,flux,particle,2,0.8652712106704712
7182,candidate_010,surface_temp_ir;laser_disdrometer;cr1000xe_backbone,2.0504,flux,thermal,2,0.8486307859420776
7182,candidate_010,surface_temp_ir;laser_disdrometer;cr1000xe_backbone,2.0504,flux,thermal,2,0.8243088722229004
7182,candidate_010,surface_temp_ir;laser_disdrometer;cr1000xe_backbone,2.0504,flux,thermal,2,1.0070375204086304
7182,candidate_010,surface_temp_ir;laser_disdrometer;cr1000xe_backbone,2.0504,flux,thermal,2,0.8720346093177795
7182,candidate_010,surface_temp_ir;laser_disdrometer;cr1000xe_backbone,2.0504,flux,thermal,2,0.9824665188789368
7182,candidate_010,surface_temp_ir;laser_disdrometer;cr1000xe_backbone,2.0504,flux,thermal,2,0.872421145439148
7182,candidate_010,surface_temp_ir;laser_disdrometer;cr1000xe_backbone,2.0504,flux,thermal,2,0.9872627854347229
7182,candidate_010,surface_temp_ir;laser_disdrometer;cr1000xe_backbone,2.0504,flux,thermal,2,0.9136157035827637
7182,candidate_010,surface_temp_ir;laser_disdrometer;cr1000xe_backbone,2.0504,flux,thermal,2,0.9857959151268005
7182,candidate_010,surface_temp_ir;laser_disdrometer;cr1000xe_backbone,2.0504,flux,thermal,2,1.0044587850570679
7182,candidate_010,surface_temp_ir;laser_disdrometer;cr1000xe_backbone,2.0504,flux,thermal,2,0.8720731735229492
7182,candidate_010,surface_temp_ir;laser_disdrometer;cr1000xe_backbone,2.0504,flux,thermal,2,1.0274426937103271
7182,candidate_010,surface_temp_ir;laser_disdrometer;cr1000xe_backbone,2.0504,flux,thermal,2,0.9464792013168335
7182,candidate_010,surface_temp_ir;laser_disdrometer;cr1000xe_backbone,2.0504,flux,thermal,2,1.0236345529556274
7182,candidate_010,surface_temp_ir;laser_disdrometer;cr1000xe_backbone,2.0504,flux,thermal,2,0.9616536498069763
7182,candidate_010,surface_temp_ir;laser_disdrometer;cr1000xe_backbone,2.0504,flux,thermal,2,1.01614248752594
7182,candidate_010,surface_temp_ir;laser_disdrometer;cr1000xe_backbone,2.0504,flux,thermal,2,0.8681797981262207
7182,candidate_010,surface_temp_ir;laser_disdrometer;cr1000xe_backbone,2.0504,flux,thermal,2,0.9488199949264526
7182,candidate_010,surface_temp_ir;laser_disdrometer;cr1000xe_backbone,2.0504,flux,thermal,2,0.8562481999397278
7182,candidate_010,surface_temp_ir;laser_disdrometer;cr1000xe_backbone,2.0504,flux,thermal,2,1.0085749626159668
7182,candidate_010,surface_temp_ir;laser_disdrometer;cr1000xe_backbone,2.0504,flux,thermal,2,0.8019030094146729
7182,candidate_010,surface_temp_ir;laser_disdrometer;cr1000xe_backbone,2.0504,flux,thermal,2,0.8172082304954529
7182,candidate_010,surface_temp_ir;laser_disdrometer;cr1000xe_backbone,2.0504,flux,thermal,2,0.6708765029907227
7182,candidate_010,surface_temp_ir;laser_disdrometer;cr1000xe_backbone,2.0504,flux,thermal,2,0.7919443845748901
7182,candidate_010,surface_temp_ir;laser_disdrometer;cr1000xe_backbone,2.0504,flux,thermal,2,0.7695133686065674
7182,candidate_010,surface_temp_ir;laser_disdrometer;cr1000xe_backbone,2.0504,flux,thermal,2,0.7462707757949829
7182,candidate_010,surface_temp_ir;laser_disdrometer;cr1000xe_backbone,2.0504,flux,thermal,2,0.8473731875419617
7182,candidate_010,surface_temp_ir;laser_disdrometer;cr1000xe_backbone,2.0504,flux,transport,2,0.7888124585151672
7182,candidate_010,surface_temp_ir;laser_disdrometer;cr1000xe_backbone,2.0504,flux,transport,2,0.9686012864112854
7182,candidate_010,surface_temp_ir;laser_disdrometer;cr1000xe_backbone,2.0504,flux,transport,2,0.8364602327346802
7182,candidate_010,surface_temp_ir;laser_disdrometer;cr1000xe_backbone,2.0504,flux,transport,2,0.881447434425354
7182,candidate_010,surface_temp_ir;laser_disdrometer;cr1000xe_backbone,2.0504,calm,transport,0,0.73023921251297
7182,candidate_010,surface_temp_ir;laser_disdrometer;cr1000xe_backbone,2.0504,calm,transport,0,0.6968161463737488
7182,candidate_010,surface_temp_ir;laser_disdrometer;cr1000xe_backbone,2.0504,calm,transport,0,0.6670185923576355
7182,candidate_010,surface_temp_ir;laser_disdrometer;cr1000xe_backbone,2.0504,calm,transport,0,0.830339252948761
7182,candidate_010,surface_temp_ir;laser_disdrometer;cr1000xe_backbone,2.0504,calm,transport,0,0.691912055015564
7182,candidate_010,surface_temp_ir;laser_disdrometer;cr1000xe_backbone,2.0504,calm,transport,0,0.6718245148658752
7182,candidate_010,surface_temp_ir;laser_disdrometer;cr1000xe_backbone,2.0504,calm,transport,0,0.6389510631561279
7182,candidate_010,surface_temp_ir;laser_disdrometer;cr1000xe_backbone,2.0504,calm,transport,0,0.674675703048706
7182,candidate_010,surface_temp_ir;laser_disdrometer;cr1000xe_backbone,2.0504,calm,transport,0,0.7279872894287109
7182,candidate_010,surface_temp_ir;laser_disdrometer;cr1000xe_backbone,2.0504,calm,transport,0,0.698097288608551
7182,candidate_010,surface_temp_ir;laser_disdrometer;cr1000xe_backbone,2.0504,calm,transport,0,0.7109588384628296
7182,candidate_010,surface_temp_ir;laser_disdrometer;cr1000xe_backbone,2.0504,calm,transport,0,0.6912047266960144
7182,candidate_010,surface_temp_ir;laser_disdrometer;cr1000xe_backbone,2.0504,calm,transport,0,0.7578109502792358
7182,candidate_010,surface_temp_ir;laser_disdrometer;cr1000xe_backbone,2.0504,calm,transport,0,0.7725333571434021
7182,candidate_010,surface_temp_ir;laser_disdrometer;cr1000xe_backbone,2.0504,thermal,transport,3,0.7736968994140625
7182,candidate_010,surface_temp_ir;laser_disdrometer;cr1000xe_backbone,2.0504,thermal,transport,3,0.759854257106781
7182,candidate_010,surface_temp_ir;laser_disdrometer;cr1000xe_backbone,2.0504,thermal,transport,3,0.6645898222923279
7182,candidate_010,surface_temp_ir;laser_disdrometer;cr1000xe_backbone,2.0504,thermal,transport,3,0.665397047996521
7182,candidate_010,surface_temp_ir;laser_disdrometer;cr1000xe_backbone,2.0504,thermal,particle,3,0.7265718579292297
7182,candidate_010,surface_temp_ir;laser_disdrometer;cr1000xe_backbone,2.0504,thermal,particle,3,0.6799693703651428
7182,candidate_010,surface_temp_ir;laser_disdrometer;cr1000xe_backbone,2.0504,thermal,particle,3,0.6784543395042419
7182,candidate_010,surface_temp_ir;laser_disdrometer;cr1000xe_backbone,2.0504,thermal,particle,3,0.7277206778526306
7182,candidate_010,surface_temp_ir;laser_disdrometer;cr1000xe_backbone,2.0504,thermal,particle,3,0.7962291836738586
7182,candidate_010,surface_temp_ir;laser_disdrometer;cr1000xe_backbone,2.0504,thermal,particle,3,0.820981502532959
7182,candidate_010,surface_temp_ir;laser_disdrometer;cr1000xe_backbone,2.0504,thermal,particle,3,0.7785326838493347
7182,candidate_010,surface_temp_ir;laser_disdrometer;cr1000xe_backbone,2.0504,thermal,particle,3,0.7626921534538269
7182,candidate_010,surface_temp_ir;laser_disdrometer;cr1000xe_backbone,2.0504,thermal,particle,3,0.6934975385665894
7182,candidate_010,surface_temp_ir;laser_disdrometer;cr1000xe_backbone,2.0504,thermal,particle,3,0.8144867420196533
7182,candidate_010,surface_temp_ir;laser_disdrometer;cr1000xe_backbone,2.0504,thermal,particle,3,0.772191047668457
7182,candidate_010,surface_temp_ir;laser_disdrometer;cr1000xe_backbone,2.0504,thermal,particle,3,0.7788258194923401
7182,candidate_010,surface_temp_ir;laser_disdrometer;cr1000xe_backbone,2.0504,thermal,particle,3,0.7720986008644104
7182,candidate_010,surface_temp_ir;laser_disdrometer;cr1000xe_backbone,2.0504,thermal,particle,3,0.8099179267883301
7182,candidate_010,surface_temp_ir;laser_disdrometer;cr1000xe_backbone,2.0504,thermal,particle,3,0.7912808060646057
7182,candidate_010,surface_temp_ir;laser_disdrometer;cr1000xe_backbone,2.0504,thermal,particle,3,0.7752946615219116
7182,candidate_010,surface_temp_ir;laser_disdrometer;cr1000xe_backbone,2.0504,thermal,particle,3,0.8149932622909546
7182,candidate_010,surface_temp_ir;laser_disdrometer;cr1000xe_backbone,2.0504,thermal,particle,3,0.8249721527099609
7182,candidate_010,surface_temp_ir;laser_disdrometer;cr1000xe_backbone,2.0504,thermal,particle,3,0.8280191421508789
7182,candidate_010,surface_temp_ir;laser_disdrometer;cr1000xe_backbone,2.0504,thermal,particle,3,0.7625145316123962
7182,candidate_010,surface_temp_ir;laser_disdrometer;cr1000xe_backbone,2.0504,thermal,particle,3,0.7240689396858215
7182,candidate_010,surface_temp_ir;laser_disdrometer;cr1000xe_backbone,2.0504,thermal,particle,3,0.6946229338645935
7182,candidate_010,surface_temp_ir;laser_disdrometer;cr1000xe_backbone,2.0504,thermal,particle,3,0.734568178653717
7182,candidate_010,surface_temp_ir;laser_disdrometer;cr1000xe_backbone,2.0504,thermal,particle,3,0.6817771792411804
7182,candidate_010,surface_temp_ir;laser_disdrometer;cr1000xe_backbone,2.0504,thermal,particle,3,0.7924237847328186
7182,candidate_010,surface_temp_ir;laser_disdrometer;cr1000xe_backbone,2.0504,thermal,particle,3,0.7326241731643677
7182,candidate_010,surface_temp_ir;laser_disdrometer;cr1000xe_backbone,2.0504,thermal,particle,3,0.702337920665741
7182,candidate_010,surface_temp_ir;laser_disdrometer;cr1000xe_backbone,2.0504,thermal,particle,3,0.6778244972229004
7182,candidate_010,surface_temp_ir;laser_disdrometer;cr1000xe_backbone,2.0504,thermal,particle,3,0.6608451008796692
7182,candidate_010,surface_temp_ir;laser_disdrometer;cr1000xe_backbone,2.0504,thermal,particle,3,0.7760014533996582
7182,candidate_010,surface_temp_ir;laser_disdrometer;cr1000xe_backbone,2.0504,thermal,particle,3,0.7927109599113464
7182,candidate_010,surface_temp_ir;laser_disdrometer;cr1000xe_backbone,2.0504,thermal,particle,3,0.7833064198493958
7182,candidate_010,surface_temp_ir;laser_disdrometer;cr1000xe_backbone,2.0504,thermal,particle,3,0.8022096157073975
7182,candidate_010,surface_temp_ir;laser_disdrometer;cr1000xe_backbone,2.0504,thermal,particle,3,0.878897488117218
7182,candidate_010,surface_temp_ir;laser_disdrometer;cr1000xe_backbone,2.0504,thermal,particle,3,0.9193038940429688
7182,candidate_010,surface_temp_ir;laser_disdrometer;cr1000xe_backbone,2.0504,thermal,particle,3,1.022013545036316
7182,candidate_010,surface_temp_ir;laser_disdrometer;cr1000xe_backbone,2.0504,thermal,thermal,3,0.9985939264297485
7182,candidate_010,surface_temp_ir;laser_disdrometer;cr1000xe_backbone,2.0504,thermal,thermal,3,1.0767934322357178
7182,candidate_010,surface_temp_ir;laser_disdrometer;cr1000xe_backbone,2.0504,thermal,thermal,3,0.941070020198822
7182,candidate_010,surface_temp_ir;laser_disdrometer;cr1000xe_backbone,2.0504,thermal,thermal,3,0.9892386198043823
7182,candidate_010,surface_temp_ir;laser_disdrometer;cr1000xe_backbone,2.0504,thermal,thermal,3,0.9394777417182922
7182,candidate_010,surface_temp_ir;laser_disdrometer;cr1000xe_backbone,2.0504,thermal,thermal,3,1.085831642150879
7182,candidate_010,surface_temp_ir;laser_disdrometer;cr1000xe_backbone,2.0504,thermal,thermal,3,0.9721770286560059
7182,candidate_010,surface_temp_ir;laser_disdrometer;cr1000xe_backbone,2.0504,thermal,thermal,3,1.0416240692138672
7182,candidate_010,surface_temp_ir;laser_disdrometer;cr1000xe_backbone,2.0504,thermal,thermal,3,1.0575170516967773
7182,candidate_010,surface_temp_ir;laser_disdrometer;cr1000xe_backbone,2.0504,thermal,thermal,3,0.9510860443115234
7182,candidate_010,surface_temp_ir;laser_disdrometer;cr1000xe_backbone,2.0504,thermal,thermal,3,0.945976734161377
7182,candidate_010,surface_temp_ir;laser_disdrometer;cr1000xe_backbone,2.0504,thermal,thermal,3,0.8563583493232727
7182,candidate_010,surface_temp_ir;laser_disdrometer;cr1000xe_backbone,2.0504,thermal,thermal,3,0.8252905607223511
7182,candidate_010,surface_temp_ir;laser_disdrometer;cr1000xe_backbone,2.0504,thermal,thermal,3,1.005584716796875
7182,candidate_010,surface_temp_ir;laser_disdrometer;cr1000xe_backbone,2.0504,thermal,thermal,3,0.8485788106918335
7182,candidate_010,surface_temp_ir;laser_disdrometer;cr1000xe_backbone,2.0504,thermal,thermal,3,0.8100981116294861
7182,candidate_010,surface_temp_ir;laser_disdrometer;cr1000xe_backbone,2.0504,calm,thermal,0,0.7932015657424927
7182,candidate_010,surface_temp_ir;laser_disdrometer;cr1000xe_backbone,2.0504,calm,thermal,0,0.7261487245559692
7182,candidate_010,surface_temp_ir;laser_disdrometer;cr1000xe_backbone,2.0504,calm,thermal,0,0.6861429810523987
7182,candidate_010,surface_temp_ir;laser_disdrometer;cr1000xe_backbone,2.0504,calm,thermal,0,0.7105458378791809
7182,candidate_010,surface_temp_ir;laser_disdrometer;cr1000xe_backbone,2.0504,calm,thermal,0,0.6539130210876465
7182,candidate_010,surface_temp_ir;laser_disdrometer;cr1000xe_backbone,2.0504,calm,thermal,0,0.6873047351837158
7182,candidate_010,surface_temp_ir;laser_disdrometer;cr1000xe_backbone,2.0504,calm,thermal,0,0.620509147644043
7182,candidate_010,surface_temp_ir;laser_disdrometer;cr1000xe_backbone,2.0504,calm,thermal,0,0.6487822532653809
7182,candidate_010,surface_temp_ir;laser_disdrometer;cr1000xe_backbone,2.0504,calm,thermal,0,0.6440640091896057
7182,candidate_010,surface_temp_ir;laser_disdrometer;cr1000xe_backbone,2.0504,calm,thermal,0,0.6841643452644348
7182,candidate_010,surface_temp_ir;laser_disdrometer;cr1000xe_backbone,2.0504,calm,thermal,0,0.6455257534980774
7182,candidate_010,surface_temp_ir;laser_disdrometer;cr1000xe_backbone,2.0504,calm,transport,0,0.5471692085266113
7182,candidate_010,surface_temp_ir;laser_disdrometer;cr1000xe_backbone,2.0504,thermal,transport,3,0.6615433096885681
7182,candidate_010,surface_temp_ir;laser_disdrometer;cr1000xe_backbone,2.0504,thermal,transport,3,0.7072671055793762
7182,candidate_011,fc4_flux;cr1000xe_backbone,1.2304,calm,thermal,0,1.0971429347991943
7182,candidate_011,fc4_flux;cr1000xe_backbone,1.2304,calm,thermal,0,1.1159751415252686
7182,candidate_011,fc4_flux;cr1000xe_backbone,1.2304,calm,thermal,0,0.9334532022476196
7182,candidate_011,fc4_flux;cr1000xe_backbone,1.2304,calm,thermal,0,0.9757817387580872
7182,candidate_011,fc4_flux;cr1000xe_backbone,1.2304,calm,thermal,0,0.9408635497093201
7182,candidate_011,fc4_flux;cr1000xe_backbone,1.2304,calm,thermal,0,0.9492868185043335
7182,candidate_011,fc4_flux;cr1000xe_backbone,1.2304,calm,thermal,0,0.9053533673286438
7182,candidate_011,fc4_flux;cr1000xe_backbone,1.2304,calm,thermal,0,0.8721832036972046
7182,candidate_011,fc4_flux;cr1000xe_backbone,1.2304,calm,thermal,0,0.7917503118515015
7182,candidate_011,fc4_flux;cr1000xe_backbone,1.2304,calm,thermal,0,0.7674418091773987
7182,candidate_011,fc4_flux;cr1000xe_backbone,1.2304,calm,thermal,0,0.7594287395477295
7182,candidate_011,fc4_flux;cr1000xe_backbone,1.2304,calm,transport,0,0.7380441427230835
7182,candidate_011,fc4_flux;cr1000xe_backbone,1.2304,calm,transport,0,0.6825488805770874
7182,candidate_011,fc4_flux;cr1000xe_backbone,1.2304,calm,transport,0,0.7156841158866882
7182,candidate_011,fc4_flux;cr1000xe_backbone,1.2304,calm,transport,0,0.739698052406311
7182,candidate_011,fc4_flux;cr1000xe_backbone,1.2304,calm,transport,0,0.6732696294784546
7182,candidate_011,fc4_flux;cr1000xe_backbone,1.2304,calm,transport,0,0.6927645802497864
7182,candidate_011,fc4_flux;cr1000xe_backbone,1.2304,calm,transport,0,0.6692033410072327
7182,candidate_011,fc4_flux;cr1000xe_backbone,1.2304,calm,transport,0,0.7101098895072937
7182,candidate_011,fc4_flux;cr1000xe_backbone,1.2304,calm,transport,0,0.6613050103187561
7182,candidate_011,fc4_flux;cr1000xe_backbone,1.2304,calm,transport,0,0.6682911515235901
7182,candidate_011,fc4_flux;cr1000xe_backbone,1.2304,calm,transport,0,0.7294555306434631
7182,candidate_011,fc4_flux;cr1000xe_backbone,1.2304,calm,transport,0,0.7687293291091919
7182,candidate_011,fc4_flux;cr1000xe_backbone,1.2304,calm,transport,0,0.7041758894920349
7182,candidate_011,fc4_flux;cr1000xe_backbone,1.2304,calm,transport,0,0.8277513384819031
7182,candidate_011,fc4_flux;cr1000xe_backbone,1.2304,calm,transport,0,0.8388670086860657
7182,candidate_011,fc4_flux;cr1000xe_backbone,1.2304,calm,transport,0,0.9695240259170532
7182,candidate_011,fc4_flux;cr1000xe_backbone,1.2304,calm,transport,0,0.8862131834030151
7182,candidate_011,fc4_flux;cr1000xe_backbone,1.2304,calm,transport,0,1.02942955493927
7182,candidate_011,fc4_flux;cr1000xe_backbone,1.2304,calm,transport,0,0.8529024720191956
7182,candidate_011,fc4_flux;cr1000xe_backbone,1.2304,calm,transport,0,0.8949032425880432
7182,candidate_011,fc4_flux;cr1000xe_backbone,1.2304,calm,transport,0,0.8403001427650452
7182,candidate_011,fc4_flux;cr1000xe_backbone,1.2304,calm,transport,0,0.7998831272125244
7182,candidate_011,fc4_flux;cr1000xe_backbone,1.2304,calm,transport,0,0.7595744729042053
7182,candidate_011,fc4_flux;cr1000xe_backbone,1.2304,calm,transport,0,0.7086727619171143
7182,candidate_011,fc4_flux;cr1000xe_backbone,1.2304,calm,transport,0,0.7123348116874695
7182,candidate_011,fc4_flux;cr1000xe_backbone,1.2304,calm,transport,0,0.7014915943145752
7182,candidate_011,fc4_flux;cr1000xe_backbone,1.2304,calm,transport,0,0.6970874667167664
7182,candidate_011,fc4_flux;cr1000xe_backbone,1.2304,calm,transport,0,0.6377609372138977
7182,candidate_011,fc4_flux;cr1000xe_backbone,1.2304,calm,transport,0,0.626959502696991
7182,candidate_011,fc4_flux;cr1000xe_backbone,1.2304,calm,transport,0,0.6301324963569641
7182,candidate_011,fc4_flux;cr1000xe_backbone,1.2304,calm,transport,0,0.6432384848594666
7182,candidate_011,fc4_flux;cr1000xe_backbone,1.2304,calm,transport,0,0.6713384985923767
7182,candidate_011,fc4_flux;cr1000xe_backbone,1.2304,calm,transport,0,0.6351206302642822
7182,candidate_011,fc4_flux;cr1000xe_backbone,1.2304,calm,particle,0,0.6133766770362854
7182,candidate_011,fc4_flux;cr1000xe_backbone,1.2304,calm,particle,0,0.653321385383606
7182,candidate_011,fc4_flux;cr1000xe_backbone,1.2304,calm,particle,0,0.7458000183105469
7182,candidate_011,fc4_flux;cr1000xe_backbone,1.2304,calm,particle,0,0.7699425220489502
7182,candidate_011,fc4_flux;cr1000xe_backbone,1.2304,calm,particle,0,0.7662551999092102
7182,candidate_011,fc4_flux;cr1000xe_backbone,1.2304,calm,particle,0,0.8154627680778503
7182,candidate_011,fc4_flux;cr1000xe_backbone,1.2304,calm,particle,0,0.8080558180809021
7182,candidate_011,fc4_flux;cr1000xe_backbone,1.2304,calm,particle,0,0.8742291331291199
7182,candidate_011,fc4_flux;cr1000xe_backbone,1.2304,calm,particle,0,0.8315435647964478
7182,candidate_011,fc4_flux;cr1000xe_backbone,1.2304,calm,particle,0,0.8046714067459106
7182,candidate_011,fc4_flux;cr1000xe_backbone,1.2304,calm,particle,0,0.8184082508087158
7182,candidate_011,fc4_flux;cr1000xe_backbone,1.2304,calm,particle,0,0.7825082540512085
7182,candidate_011,fc4_flux;cr1000xe_backbone,1.2304,calm,particle,0,0.6984754204750061
7182,candidate_011,fc4_flux;cr1000xe_backbone,1.2304,calm,particle,0,0.7187122702598572
7182,candidate_011,fc4_flux;cr1000xe_backbone,1.2304,calm,particle,0,0.6922416687011719
7182,candidate_011,fc4_flux;cr1000xe_backbone,1.2304,calm,particle,0,0.6472340226173401
7182,candidate_011,fc4_flux;cr1000xe_backbone,1.2304,calm,particle,0,0.6233869194984436
7182,candidate_011,fc4_flux;cr1000xe_backbone,1.2304,calm,particle,0,0.6223238706588745
7182,candidate_011,fc4_flux;cr1000xe_backbone,1.2304,calm,particle,0,0.5962967276573181
7182,candidate_011,fc4_flux;cr1000xe_backbone,1.2304,calm,particle,0,0.6145723462104797
7182,candidate_011,fc4_flux;cr1000xe_backbone,1.2304,calm,particle,0,0.5882264375686646
7182,candidate_011,fc4_flux;cr1000xe_backbone,1.2304,calm,thermal,0,0.595537543296814
7182,candidate_011,fc4_flux;cr1000xe_backbone,1.2304,calm,thermal,0,0.6424578428268433
7182,candidate_011,fc4_flux;cr1000xe_backbone,1.2304,calm,thermal,0,0.5644035339355469
7182,candidate_011,fc4_flux;cr1000xe_backbone,1.2304,calm,thermal,0,0.5647588968276978
7182,candidate_011,fc4_flux;cr1000xe_backbone,1.2304,calm,thermal,0,0.5888222455978394
7182,candidate_011,fc4_flux;cr1000xe_backbone,1.2304,calm,thermal,0,0.6360553503036499
7182,candidate_011,fc4_flux;cr1000xe_backbone,1.2304,calm,thermal,0,0.6630602478981018
7182,candidate_011,fc4_flux;cr1000xe_backbone,1.2304,calm,thermal,0,0.6644807457923889
7182,candidate_011,fc4_flux;cr1000xe_backbone,1.2304,calm,thermal,0,0.6601933836936951
7182,candidate_011,fc4_flux;cr1000xe_backbone,1.2304,calm,thermal,0,0.7552976012229919
7182,candidate_011,fc4_flux;cr1000xe_backbone,1.2304,calm,thermal,0,0.8030111789703369
7182,candidate_011,fc4_flux;cr1000xe_backbone,1.2304,calm,thermal,0,0.8011587262153625
7182,candidate_011,fc4_flux;cr1000xe_backbone,1.2304,calm,thermal,0,0.7821406126022339
7182,candidate_011,fc4_flux;cr1000xe_backbone,1.2304,calm,thermal,0,0.8062101602554321
7182,candidate_011,fc4_flux;cr1000xe_backbone,1.2304,calm,thermal,0,0.7984021902084351
7182,candidate_011,fc4_flux;cr1000xe_backbone,1.2304,calm,thermal,0,0.7850337028503418
7182,candidate_011,fc4_flux;cr1000xe_backbone,1.2304,calm,thermal,0,0.7650161981582642
7182,candidate_011,fc4_flux;cr1000xe_backbone,1.2304,calm,thermal,0,0.7197545766830444
7182,candidate_011,fc4_flux;cr1000xe_backbone,1.2304,calm,thermal,0,0.745527982711792
7182,candidate_011,fc4_flux;cr1000xe_backbone,1.2304,calm,thermal,0,0.7035138607025146
7182,candidate_011,fc4_flux;cr1000xe_backbone,1.2304,calm,thermal,0,0.7184459567070007
7182,candidate_011,fc4_flux;cr1000xe_backbone,1.2304,calm,thermal,0,0.7085942029953003
7182,candidate_011,fc4_flux;cr1000xe_backbone,1.2304,calm,thermal,0,0.6925838589668274
7182,candidate_011,fc4_flux;cr1000xe_backbone,1.2304,calm,thermal,0,0.6929421424865723
7182,candidate_011,fc4_flux;cr1000xe_backbone,1.2304,calm,transport,0,0.6917878985404968
7182,candidate_011,fc4_flux;cr1000xe_backbone,1.2304,calm,transport,0,0.6911974549293518
7182,candidate_011,fc4_flux;cr1000xe_backbone,1.2304,calm,transport,0,0.6945805549621582
7182,candidate_011,fc4_flux;cr1000xe_backbone,1.2304,calm,transport,0,0.7032259106636047
7182,candidate_011,fc4_flux;cr1000xe_backbone,1.2304,calm,transport,0,0.7153362035751343
7182,candidate_011,fc4_flux;cr1000xe_backbone,1.2304,calm,transport,0,0.730731725692749
7182,candidate_011,fc4_flux;cr1000xe_backbone,1.2304,calm,transport,0,0.7481633424758911
7182,candidate_011,fc4_flux;cr1000xe_backbone,1.2304,calm,transport,0,0.7663759589195251
7182,candidate_011,fc4_flux;cr1000xe_backbone,1.2304,calm,transport,0,0.7829893827438354
7182,candidate_011,fc4_flux;cr1000xe_backbone,1.2304,calm,transport,0,0.7422674894332886
7182,candidate_011,fc4_flux;cr1000xe_backbone,1.2304,calm,transport,0,0.7755898833274841
7182,candidate_011,fc4_flux;cr1000xe_backbone,1.2304,calm,transport,0,0.738677978515625
7182,candidate_011,fc4_flux;cr1000xe_backbone,1.2304,calm,transport,0,0.7390416264533997
7182,candidate_011,fc4_flux;cr1000xe_backbone,1.2304,calm,transport,0,0.7354249954223633
7182,candidate_011,fc4_flux;cr1000xe_backbone,1.2304,calm,transport,0,0.6396273970603943
7182,candidate_011,fc4_flux;cr1000xe_backbone,1.2304,calm,transport,0,0.624449610710144
7182,candidate_011,fc4_flux;cr1000xe_backbone,1.2304,calm,transport,0,0.6059190034866333
7182,candidate_011,fc4_flux;cr1000xe_backbone,1.2304,calm,transport,0,0.6157544255256653
7182,candidate_011,fc4_flux;cr1000xe_backbone,1.2304,calm,transport,0,0.6029256582260132
7182,candidate_011,fc4_flux;cr1000xe_backbone,1.2304,calm,transport,0,0.57323157787323
7182,candidate_011,fc4_flux;cr1000xe_backbone,1.2304,calm,transport,0,0.565804660320282
7182,candidate_011,fc4_flux;cr1000xe_backbone,1.2304,calm,transport,0,0.6217058300971985
7182,candidate_011,fc4_flux;cr1000xe_backbone,1.2304,calm,particle,0,0.6780332326889038
7182,candidate_011,fc4_flux;cr1000xe_backbone,1.2304,calm,particle,0,0.661410927772522
7182,candidate_011,fc4_flux;cr1000xe_backbone,1.2304,calm,particle,0,0.6621122360229492
7182,candidate_011,fc4_flux;cr1000xe_backbone,1.2304,calm,particle,0,0.7892630696296692
7182,candidate_011,fc4_flux;cr1000xe_backbone,1.2304,calm,particle,0,0.8205870985984802
7182,candidate_011,fc4_flux;cr1000xe_backbone,1.2304,calm,particle,0,0.815032422542572
7182,candidate_011,fc4_flux;cr1000xe_backbone,1.2304,calm,particle,0,0.8180371522903442
7182,candidate_011,fc4_flux;cr1000xe_backbone,1.2304,calm,particle,0,0.9472824931144714
7182,candidate_011,fc4_flux;cr1000xe_backbone,1.2304,calm,particle,0,1.0299999713897705
7182,candidate_011,fc4_flux;cr1000xe_backbone,1.2304,calm,particle,0,0.951822817325592
7182,candidate_011,fc4_flux;cr1000xe_backbone,1.2304,calm,particle,0,1.051211953163147
7182,candidate_011,fc4_flux;cr1000xe_backbone,1.2304,calm,particle,0,0.9899862408638
7182,candidate_011,fc4_flux;cr1000xe_backbone,1.2304,calm,particle,0,1.0046765804290771
7182,candidate_011,fc4_flux;cr1000xe_backbone,1.2304,calm,particle,0,1.0212668180465698
7182,candidate_011,fc4_flux;cr1000xe_backbone,1.2304,calm,particle,0,1.0877842903137207
7182,candidate_011,fc4_flux;cr1000xe_backbone,1.2304,calm,particle,0,0.9950771927833557
7182,candidate_011,fc4_flux;cr1000xe_backbone,1.2304,calm,particle,0,0.9970594644546509
7182,candidate_011,fc4_flux;cr1000xe_backbone,1.2304,calm,particle,0,0.9997486472129822
7182,candidate_011,fc4_flux;cr1000xe_backbone,1.2304,calm,particle,0,0.9279201626777649
7182,candidate_011,fc4_flux;cr1000xe_backbone,1.2304,calm,particle,0,0.9649336338043213
7182,candidate_011,fc4_flux;cr1000xe_backbone,1.2304,calm,particle,0,0.9823119640350342
7182,candidate_011,fc4_flux;cr1000xe_backbone,1.2304,calm,particle,0,1.0098055601119995
7182,candidate_011,fc4_flux;cr1000xe_backbone,1.2304,calm,particle,0,0.9700638651847839
7182,candidate_011,fc4_flux;cr1000xe_backbone,1.2304,calm,thermal,0,0.9940287470817566
7182,candidate_011,fc4_flux;cr1000xe_backbone,1.2304,calm,thermal,0,1.0255670547485352
7182,candidate_011,fc4_flux;cr1000xe_backbone,1.2304,calm,thermal,0,1.0051918029785156
7182,candidate_011,fc4_flux;cr1000xe_backbone,1.2304,calm,thermal,0,1.0176600217819214
7182,candidate_011,fc4_flux;cr1000xe_backbone,1.2304,calm,thermal,0,1.0123929977416992
7182,candidate_011,fc4_flux;cr1000xe_backbone,1.2304,calm,thermal,0,1.0603028535842896
7182,candidate_011,fc4_flux;cr1000xe_backbone,1.2304,calm,thermal,0,1.0368012189865112
7182,candidate_011,fc4_flux;cr1000xe_backbone,1.2304,calm,thermal,0,1.0161144733428955
7182,candidate_011,fc4_flux;cr1000xe_backbone,1.2304,calm,thermal,0,1.052878499031067
7182,candidate_011,fc4_flux;cr1000xe_backbone,1.2304,calm,thermal,0,1.013073444366455
7182,candidate_011,fc4_flux;cr1000xe_backbone,1.2304,calm,thermal,0,1.0535207986831665
7182,candidate_011,fc4_flux;cr1000xe_backbone,1.2304,calm,thermal,0,1.0880104303359985
7182,candidate_011,fc4_flux;cr1000xe_backbone,1.2304,calm,thermal,0,1.0698920488357544
7182,candidate_011,fc4_flux;cr1000xe_backbone,1.2304,calm,thermal,0,1.0862761735916138
7182,candidate_011,fc4_flux;cr1000xe_backbone,1.2304,calm,thermal,0,1.0521457195281982
7182,candidate_011,fc4_flux;cr1000xe_backbone,1.2304,calm,thermal,0,1.077868103981018
7182,candidate_011,fc4_flux;cr1000xe_backbone,1.2304,calm,thermal,0,1.0338472127914429
7182,candidate_011,fc4_flux;cr1000xe_backbone,1.2304,calm,thermal,0,1.0258668661117554
7182,candidate_011,fc4_flux;cr1000xe_backbone,1.2304,calm,thermal,0,0.9977291822433472
7182,candidate_011,fc4_flux;cr1000xe_backbone,1.2304,calm,thermal,0,0.9450506567955017
7182,candidate_011,fc4_flux;cr1000xe_backbone,1.2304,calm,thermal,0,0.9876633286476135
7182,candidate_011,fc4_flux;cr1000xe_backbone,1.2304,calm,transport,0,1.0056878328323364
7182,candidate_011,fc4_flux;cr1000xe_backbone,1.2304,calm,transport,0,1.0092825889587402
7182,candidate_011,fc4_flux;cr1000xe_backbone,1.2304,calm,transport,0,1.0802452564239502
7182,candidate_011,fc4_flux;cr1000xe_backbone,1.2304,calm,transport,0,1.0355836153030396
7182,candidate_011,fc4_flux;cr1000xe_backbone,1.2304,calm,transport,0,1.1574136018753052
7182,candidate_011,fc4_flux;cr1000xe_backbone,1.2304,calm,transport,0,1.019741177558899
7182,candidate_011,fc4_flux;cr1000xe_backbone,1.2304,calm,transport,0,1.0890016555786133
7182,candidate_011,fc4_flux;cr1000xe_backbone,1.2304,calm,transport,0,1.022384762763977
7182,candidate_011,fc4_flux;cr1000xe_backbone,1.2304,calm,transport,0,1.0867528915405273
7182,candidate_011,fc4_flux;cr1000xe_backbone,1.2304,calm,transport,0,1.0474367141723633
7182,candidate_011,fc4_flux;cr1000xe_backbone,1.2304,calm,transport,0,1.079035758972168
7182,candidate_011,fc4_flux;cr1000xe_backbone,1.2304,calm,transport,0,1.0468964576721191
7182,candidate_011,fc4_flux;cr1000xe_backbone,1.2304,calm,transport,0,1.0977754592895508
7182,candidate_011,fc4_flux;cr1000xe_backbone,1.2304,calm,transport,0,1.1456876993179321
7182,candidate_011,fc4_flux;cr1000xe_backbone,1.2304,calm,transport,0,1.1899954080581665
7182,candidate_011,fc4_flux;cr1000xe_backbone,1.2304,calm,transport,0,1.172480583190918
7182,candidate_011,fc4_flux;cr1000xe_backbone,1.2304,calm,transport,0,1.1612836122512817
7182,candidate_011,fc4_flux;cr1000xe_backbone,1.2304,calm,transport,0,1.2172023057937622
7182,candidate_011,fc4_flux;cr1000xe_backbone,1.2304,calm,particle,0,1.1533613204956055
7182,candidate_011,fc4_flux;cr1000xe_backbone,1.2304,calm,particle,0,1.1650817394256592
7182,candidate_011,fc4_flux;cr1000xe_backbone,1.2304,calm,particle,0,1.147742748260498
7182,candidate_011,fc4_flux;cr1000xe_backbone,1.2304,calm,particle,0,1.1123013496398926
7182,candidate_011,fc4_flux;cr1000xe_backbone,1.2304,calm,particle,0,1.0272160768508911
7182,candidate_011,fc4_flux;cr1000xe_backbone,1.2304,calm,particle,0,1.039530873298645
7182,candidate_011,fc4_flux;cr1000xe_backbone,1.2304,calm,particle,0,1.0457862615585327
7182,candidate_011,fc4_flux;cr1000xe_backbone,1.2304,calm,particle,0,1.0174415111541748
7182,candidate_011,fc4_flux;cr1000xe_backbone,1.2304,calm,particle,0,0.9892703890800476
7182,candidate_011,fc4_flux;cr1000xe_backbone,1.2304,calm,particle,0,0.9518126249313354
7182,candidate_011,fc4_flux;cr1000xe_backbone,1.2304,calm,particle,0,1.016104817390442
7182,candidate_011,fc4_flux;cr1000xe_backbone,1.2304,calm,particle,0,1.038966178894043
7182,candidate_011,fc4_flux;cr1000xe_backbone,1.2304,calm,particle,0,1.0287915468215942
7182,candidate_011,fc4_flux;cr1000xe_backbone,1.2304,calm,particle,0,1.0091781616210938
7182,candidate_011,fc4_flux;cr1000xe_backbone,1.2304,calm,particle,0,1.0510855913162231
7182,candidate_011,fc4_flux;cr1000xe_backbone,1.2304,calm,particle,0,1.055251121520996
7182,candidate_011,fc4_flux;cr1000xe_backbone,1.2304,calm,particle,0,1.066451907157898
7182,candidate_011,fc4_flux;cr1000xe_backbone,1.2304,calm,particle,0,1.0697622299194336
7182,candidate_011,fc4_flux;cr1000xe_backbone,1.2304,calm,particle,0,1.0492042303085327
7182,candidate_011,fc4_flux;cr1000xe_backbone,1.2304,calm,particle,0,1.0458669662475586
7182,candidate_011,fc4_flux;cr1000xe_backbone,1.2304,calm,particle,0,1.0506950616836548
7182,candidate_011,fc4_flux;cr1000xe_backbone,1.2304,calm,particle,0,1.0476560592651367
7182,candidate_011,fc4_flux;cr1000xe_backbone,1.2304,calm,particle,0,1.0577117204666138
7182,candidate_011,fc4_flux;cr1000xe_backbone,1.2304,calm,particle,0,1.053600549697876
7182,candidate_011,fc4_flux;cr1000xe_backbone,1.2304,calm,particle,0,0.9970256090164185
7182,candidate_011,fc4_flux;cr1000xe_backbone,1.2304,calm,particle,0,0.9550673961639404
7182,candidate_011,fc4_flux;cr1000xe_backbone,1.2304,calm,particle,0,0.9584035873413086
7182,candidate_011,fc4_flux;cr1000xe_backbone,1.2304,calm,particle,0,0.985962986946106
7182,candidate_011,fc4_flux;cr1000xe_backbone,1.2304,calm,particle,0,0.9798839092254639
7182,candidate_011,fc4_flux;cr1000xe_backbone,1.2304,calm,particle,0,0.9572362899780273
7182,candidate_011,fc4_flux;cr1000xe_backbone,1.2304,calm,particle,0,0.9219892621040344
7182,candidate_011,fc4_flux;cr1000xe_backbone,1.2304,calm,particle,0,0.9864488840103149
7182,candidate_011,fc4_flux;cr1000xe_backbone,1.2304,calm,thermal,0,1.0155364274978638
7182,candidate_011,fc4_flux;cr1000xe_backbone,1.2304,calm,thermal,0,1.0198025703430176
7182,candidate_011,fc4_flux;cr1000xe_backbone,1.2304,calm,thermal,0,1.014557957649231
7182,candidate_011,fc4_flux;cr1000xe_backbone,1.2304,calm,thermal,0,1.0592844486236572
7182,candidate_011,fc4_flux;cr1000xe_backbone,1.2304,calm,thermal,0,1.009743332862854
7182,candidate_011,fc4_flux;cr1000xe_backbone,1.2304,calm,thermal,0,1.0473114252090454
7182,candidate_011,fc4_flux;cr1000xe_backbone,1.2304,calm,thermal,0,1.005934476852417
7182,candidate_011,fc4_flux;cr1000xe_backbone,1.2304,calm,thermal,0,1.0133434534072876
7182,candidate_011,fc4_flux;cr1000xe_backbone,1.2304,calm,thermal,0,1.0736260414123535
7182,candidate_011,fc4_flux;cr1000xe_backbone,1.2304,calm,thermal,0,1.0397778749465942
7182,candidate_011,fc4_flux;cr1000xe_backbone,1.2304,calm,thermal,0,1.0583326816558838
7182,candidate_011,fc4_flux;cr1000xe_backbone,1.2304,calm,thermal,0,1.050109624862671
7182,candidate_011,fc4_flux;cr1000xe_backbone,1.2304,calm,thermal,0,1.0214529037475586
7182,candidate_011,fc4_flux;cr1000xe_backbone,1.2304,calm,thermal,0,1.04572331905365
7182,candidate_011,fc4_flux;cr1000xe_backbone,1.2304,calm,thermal,0,1.0481516122817993
7182,candidate_011,fc4_flux;cr1000xe_backbone,1.2304,calm,thermal,0,1.0676496028900146
7182,candidate_011,fc4_flux;cr1000xe_backbone,1.2304,calm,thermal,0,1.0974574089050293
7182,candidate_011,fc4_flux;cr1000xe_backbone,1.2304,calm,thermal,0,1.0852967500686646
7182,candidate_011,fc4_flux;cr1000xe_backbone,1.2304,calm,thermal,0,1.1242753267288208
7182,candidate_011,fc4_flux;cr1000xe_backbone,1.2304,calm,thermal,0,1.1681987047195435
7182,candidate_011,fc4_flux;cr1000xe_backbone,1.2304,calm,thermal,0,1.124135971069336
7182,candidate_011,fc4_flux;cr1000xe_backbone,1.2304,calm,thermal,0,1.1229591369628906
7182,candidate_011,fc4_flux;cr1000xe_backbone,1.2304,calm,thermal,0,1.1324899196624756
7182,candidate_011,fc4_flux;cr1000xe_backbone,1.2304,calm,thermal,0,1.144225835800171
7182,candidate_011,fc4_flux;cr1000xe_backbone,1.2304,thermal,thermal,3,1.094031810760498
7182,candidate_011,fc4_flux;cr1000xe_backbone,1.2304,thermal,thermal,3,1.0607773065567017
7182,candidate_011,fc4_flux;cr1000xe_backbone,1.2304,thermal,thermal,3,0.9873522520065308
7182,candidate_011,fc4_flux;cr1000xe_backbone,1.2304,thermal,transport,3,1.0209728479385376
7182,candidate_011,fc4_flux;cr1000xe_backbone,1.2304,thermal,transport,3,0.9501054286956787
7182,candidate_011,fc4_flux;cr1000xe_backbone,1.2304,thermal,transport,3,0.9878832101821899
7182,candidate_011,fc4_flux;cr1000xe_backbone,1.2304,thermal,transport,3,0.9550172090530396
7182,candidate_011,fc4_flux;cr1000xe_backbone,1.2304,thermal,transport,3,0.961182713508606
7182,candidate_011,fc4_flux;cr1000xe_backbone,1.2304,thermal,transport,3,0.9235966205596924
7182,candidate_011,fc4_flux;cr1000xe_backbone,1.2304,thermal,transport,3,0.9636533260345459
7182,candidate_011,fc4_flux;cr1000xe_backbone,1.2304,thermal,transport,3,0.9414501786231995
7182,candidate_011,fc4_flux;cr1000xe_backbone,1.2304,thermal,transport,3,0.9440914392471313
7182,candidate_011,fc4_flux;cr1000xe_backbone,1.2304,thermal,transport,3,1.0180543661117554
7182,candidate_011,fc4_flux;cr1000xe_backbone,1.2304,thermal,transport,3,0.968291163444519
7182,candidate_011,fc4_flux;cr1000xe_backbone,1.2304,thermal,transport,3,1.0381345748901367
7182,candidate_011,fc4_flux;cr1000xe_backbone,1.2304,thermal,transport,3,0.997862696647644
7182,candidate_011,fc4_flux;cr1000xe_backbone,1.2304,thermal,transport,3,0.960594654083252
7182,candidate_011,fc4_flux;cr1000xe_backbone,1.2304,thermal,transport,3,0.9421759843826294
7182,candidate_011,fc4_flux;cr1000xe_backbone,1.2304,thermal,transport,3,0.8881669044494629
7182,candidate_011,fc4_flux;cr1000xe_backbone,1.2304,thermal,transport,3,0.8839102387428284
7182,candidate_011,fc4_flux;cr1000xe_backbone,1.2304,thermal,transport,3,0.9188399314880371
7182,candidate_011,fc4_flux;cr1000xe_backbone,1.2304,thermal,transport,3,0.9005880355834961
7182,candidate_011,fc4_flux;cr1000xe_backbone,1.2304,thermal,transport,3,0.8917713165283203
7182,candidate_011,fc4_flux;cr1000xe_backbone,1.2304,thermal,transport,3,0.9555540680885315
7182,candidate_011,fc4_flux;cr1000xe_backbone,1.2304,thermal,transport,3,0.9617250561714172
7182,candidate_011,fc4_flux;cr1000xe_backbone,1.2304,thermal,transport,3,0.9831112027168274
7182,candidate_011,fc4_flux;cr1000xe_backbone,1.2304,thermal,transport,3,1.0041406154632568
7182,candidate_011,fc4_flux;cr1000xe_backbone,1.2304,calm,thermal,0,0.8750852942466736
7182,candidate_011,fc4_flux;cr1000xe_backbone,1.2304,particle,thermal,1,0.6471032500267029
7182,candidate_011,fc4_flux;cr1000xe_backbone,1.2304,particle,thermal,1,0.6611155271530151
7182,candidate_011,fc4_flux;cr1000xe_backbone,1.2304,particle,thermal,1,0.5851948261260986
7182,candidate_011,fc4_flux;cr1000xe_backbone,1.2304,particle,thermal,1,0.5305279493331909
7182,candidate_011,fc4_flux;cr1000xe_backbone,1.2304,particle,thermal,1,0.48947975039482117
7182,candidate_011,fc4_flux;cr1000xe_backbone,1.2304,particle,thermal,1,0.44727349281311035
7182,candidate_011,fc4_flux;cr1000xe_backbone,1.2304,particle,thermal,1,0.38569173216819763
7182,candidate_011,fc4_flux;cr1000xe_backbone,1.2304,particle,thermal,1,0.37858203053474426
7182,candidate_011,fc4_flux;cr1000xe_backbone,1.2304,particle,thermal,1,0.3596735894680023
7182,candidate_011,fc4_flux;cr1000xe_backbone,1.2304,particle,thermal,1,0.3346593379974365
7182,candidate_011,fc4_flux;cr1000xe_backbone,1.2304,particle,thermal,1,0.3098914325237274
7182,candidate_011,fc4_flux;cr1000xe_backbone,1.2304,particle,thermal,1,0.311048686504364
7182,candidate_011,fc4_flux;cr1000xe_backbone,1.2304,particle,thermal,1,0.2734237015247345
7182,candidate_011,fc4_flux;cr1000xe_backbone,1.2304,particle,thermal,1,0.2707928717136383
7182,candidate_011,fc4_flux;cr1000xe_backbone,1.2304,particle,transport,1,0.3099604547023773
7182,candidate_011,fc4_flux;cr1000xe_backbone,1.2304,particle,transport,1,0.31682953238487244
7182,candidate_011,fc4_flux;cr1000xe_backbone,1.2304,particle,transport,1,0.35918405652046204
7182,candidate_011,fc4_flux;cr1000xe_backbone,1.2304,particle,transport,1,0.3661196529865265
7182,candidate_011,fc4_flux;cr1000xe_backbone,1.2304,particle,transport,1,0.47525185346603394
7182,candidate_011,fc4_flux;cr1000xe_backbone,1.2304,particle,transport,1,0.4750880300998688
7182,candidate_011,fc4_flux;cr1000xe_backbone,1.2304,particle,transport,1,0.3663196861743927
7182,candidate_011,fc4_flux;cr1000xe_backbone,1.2304,particle,transport,1,0.4250088930130005
7182,candidate_011,fc4_flux;cr1000xe_backbone,1.2304,particle,transport,1,0.4750384986400604
7182,candidate_011,fc4_flux;cr1000xe_backbone,1.2304,particle,transport,1,0.34867173433303833
7182,candidate_011,fc4_flux;cr1000xe_backbone,1.2304,particle,transport,1,0.38734546303749084
7182,candidate_011,fc4_flux;cr1000xe_backbone,1.2304,particle,transport,1,0.38307979702949524
7182,candidate_011,fc4_flux;cr1000xe_backbone,1.2304,particle,transport,1,0.43054550886154175
7182,candidate_011,fc4_flux;cr1000xe_backbone,1.2304,particle,transport,1,0.3753821551799774
7182,candidate_011,fc4_flux;cr1000xe_backbone,1.2304,particle,transport,1,0.4468642771244049
7182,candidate_011,fc4_flux;cr1000xe_backbone,1.2304,particle,transport,1,0.5291045904159546
7182,candidate_011,fc4_flux;cr1000xe_backbone,1.2304,particle,transport,1,0.4484975039958954
7182,candidate_011,fc4_flux;cr1000xe_backbone,1.2304,particle,transport,1,0.5349187850952148
7182,candidate_011,fc4_flux;cr1000xe_backbone,1.2304,particle,transport,1,0.47029542922973633
7182,candidate_011,fc4_flux;cr1000xe_backbone,1.2304,particle,transport,1,0.5389904975891113
7182,candidate_011,fc4_flux;cr1000xe_backbone,1.2304,particle,transport,1,0.5207626223564148
7182,candidate_011,fc4_flux;cr1000xe_backbone,1.2304,particle,transport,1,0.5698872804641724
7182,candidate_011,fc4_flux;cr1000xe_backbone,1.2304,particle,transport,1,0.65057373046875
7182,candidate_011,fc4_flux;cr1000xe_backbone,1.2304,particle,transport,1,0.5735830664634705
7182,candidate_011,fc4_flux;cr1000xe_backbone,1.2304,particle,transport,1,0.7853810787200928
7182,candidate_011,fc4_flux;cr1000xe_backbone,1.2304,particle,transport,1,0.6559798121452332
7182,candidate_011,fc4_flux;cr1000xe_backbone,1.2304,particle,transport,1,0.905219554901123
7182,candidate_011,fc4_flux;cr1000xe_backbone,1.2304,particle,transport,1,0.7820448279380798
7182,candidate_011,fc4_flux;cr1000xe_backbone,1.2304,particle,particle,1,0.8372364044189453
7182,candidate_011,fc4_flux;cr1000xe_backbone,1.2304,particle,particle,1,0.6688499450683594
7182,candidate_011,fc4_flux;cr1000xe_backbone,1.2304,particle,particle,1,0.7367619872093201
7182,candidate_011,fc4_flux;cr1000xe_backbone,1.2304,particle,particle,1,0.7370638251304626
7182,candidate_011,fc4_flux;cr1000xe_backbone,1.2304,particle,particle,1,0.7212331295013428
7182,candidate_011,fc4_flux;cr1000xe_backbone,1.2304,particle,particle,1,0.7335863709449768
7182,candidate_011,fc4_flux;cr1000xe_backbone,1.2304,particle,particle,1,0.7077159881591797
7182,candidate_011,fc4_flux;cr1000xe_backbone,1.2304,particle,particle,1,0.8228296041488647
7182,candidate_011,fc4_flux;cr1000xe_backbone,1.2304,particle,particle,1,0.7301411032676697
7182,candidate_011,fc4_flux;cr1000xe_backbone,1.2304,particle,particle,1,0.8258966207504272
7182,candidate_011,fc4_flux;cr1000xe_backbone,1.2304,particle,particle,1,0.7280012965202332
7182,candidate_011,fc4_flux;cr1000xe_backbone,1.2304,particle,particle,1,0.80591881275177
7182,candidate_011,fc4_flux;cr1000xe_backbone,1.2304,particle,particle,1,0.7589108347892761
7182,candidate_011,fc4_flux;cr1000xe_backbone,1.2304,particle,particle,1,0.8338342308998108
7182,candidate_011,fc4_flux;cr1000xe_backbone,1.2304,particle,particle,1,0.7404390573501587
7182,candidate_011,fc4_flux;cr1000xe_backbone,1.2304,particle,particle,1,0.7989832162857056
7182,candidate_011,fc4_flux;cr1000xe_backbone,1.2304,particle,particle,1,0.7774216532707214
7182,candidate_011,fc4_flux;cr1000xe_backbone,1.2304,calm,particle,0,0.7576786279678345
7182,candidate_011,fc4_flux;cr1000xe_backbone,1.2304,calm,particle,0,0.8163607716560364
7182,candidate_011,fc4_flux;cr1000xe_backbone,1.2304,calm,particle,0,0.7498575448989868
7182,candidate_011,fc4_flux;cr1000xe_backbone,1.2304,calm,particle,0,0.8095347881317139
7182,candidate_011,fc4_flux;cr1000xe_backbone,1.2304,calm,particle,0,0.7704996466636658
7182,candidate_011,fc4_flux;cr1000xe_backbone,1.2304,calm,particle,0,0.9486978650093079
7182,candidate_011,fc4_flux;cr1000xe_backbone,1.2304,calm,particle,0,0.975936233997345
7182,candidate_011,fc4_flux;cr1000xe_backbone,1.2304,calm,particle,0,0.8493893146514893
7182,candidate_011,fc4_flux;cr1000xe_backbone,1.2304,calm,particle,0,0.9728748798370361
7182,candidate_011,fc4_flux;cr1000xe_backbone,1.2304,calm,particle,0,0.9689080715179443
7182,candidate_011,fc4_flux;cr1000xe_backbone,1.2304,calm,particle,0,1.1575897932052612
7182,candidate_011,fc4_flux;cr1000xe_backbone,1.2304,calm,particle,0,0.7842678427696228
7182,candidate_011,fc4_flux;cr1000xe_backbone,1.2304,calm,particle,0,0.9642828106880188
7182,candidate_011,fc4_flux;cr1000xe_backbone,1.2304,calm,particle,0,0.8409383296966553
7182,candidate_011,fc4_flux;cr1000xe_backbone,1.2304,particle,particle,1,0.7554962038993835
7182,candidate_011,fc4_flux;cr1000xe_backbone,1.2304,particle,particle,1,0.929853081703186
7182,candidate_011,fc4_flux;cr1000xe_backbone,1.2304,particle,particle,1,0.8012538552284241
7182,candidate_011,fc4_flux;cr1000xe_backbone,1.2304,particle,particle,1,0.7771638631820679
7182,candidate_011,fc4_flux;cr1000xe_backbone,1.2304,particle,thermal,1,0.7189003825187683
7182,candidate_011,fc4_flux;cr1000xe_backbone,1.2304,particle,thermal,1,0.7034434080123901
7182,candidate_011,fc4_flux;cr1000xe_backbone,1.2304,particle,thermal,1,0.6861530542373657
7182,candidate_011,fc4_flux;cr1000xe_backbone,1.2304,particle,thermal,1,0.7036498785018921
7182,candidate_011,fc4_flux;cr1000xe_backbone,1.2304,particle,thermal,1,0.678490400314331
7182,candidate_011,fc4_flux;cr1000xe_backbone,1.2304,particle,thermal,1,0.6611056923866272
7182,candidate_011,fc4_flux;cr1000xe_backbone,1.2304,particle,thermal,1,0.6025058031082153
7182,candidate_011,fc4_flux;cr1000xe_backbone,1.2304,particle,thermal,1,0.6028535962104797
7182,candidate_011,fc4_flux;cr1000xe_backbone,1.2304,particle,thermal,1,0.584700882434845
7182,candidate_011,fc4_flux;cr1000xe_backbone,1.2304,particle,thermal,1,0.5851344466209412
7182,candidate_011,fc4_flux;cr1000xe_backbone,1.2304,particle,thermal,1,0.5554818511009216
7182,candidate_011,fc4_flux;cr1000xe_backbone,1.2304,particle,thermal,1,0.45619866251945496
7182,candidate_011,fc4_flux;cr1000xe_backbone,1.2304,particle,thermal,1,0.5199934840202332
7182,candidate_011,fc4_flux;cr1000xe_backbone,1.2304,particle,thermal,1,0.42556026577949524
7182,candidate_011,fc4_flux;cr1000xe_backbone,1.2304,particle,thermal,1,0.4337778389453888
7182,candidate_011,fc4_flux;cr1000xe_backbone,1.2304,particle,thermal,1,0.4759129583835602
7182,candidate_011,fc4_flux;cr1000xe_backbone,1.2304,particle,thermal,1,0.3649637997150421
7182,candidate_011,fc4_flux;cr1000xe_backbone,1.2304,particle,thermal,1,0.3597421944141388
7182,candidate_011,fc4_flux;cr1000xe_backbone,1.2304,particle,transport,1,0.32088565826416016
7182,candidate_011,fc4_flux;cr1000xe_backbone,1.2304,particle,transport,1,0.34965577721595764
7182,candidate_011,fc4_flux;cr1000xe_backbone,1.2304,particle,transport,1,0.36995840072631836
7182,candidate_011,fc4_flux;cr1000xe_backbone,1.2304,particle,transport,1,0.3853921890258789
7182,candidate_011,fc4_flux;cr1000xe_backbone,1.2304,particle,transport,1,0.46252524852752686
7182,candidate_011,fc4_flux;cr1000xe_backbone,1.2304,particle,transport,1,0.46793946623802185
7182,candidate_011,fc4_flux;cr1000xe_backbone,1.2304,particle,transport,1,0.5940159559249878
7182,candidate_011,fc4_flux;cr1000xe_backbone,1.2304,particle,transport,1,0.5651008486747742
7182,candidate_011,fc4_flux;cr1000xe_backbone,1.2304,particle,transport,1,0.47305330634117126
7182,candidate_011,fc4_flux;cr1000xe_backbone,1.2304,particle,transport,1,0.4711305499076843
7182,candidate_011,fc4_flux;cr1000xe_backbone,1.2304,particle,transport,1,0.5547411441802979
7182,candidate_011,fc4_flux;cr1000xe_backbone,1.2304,particle,transport,1,0.4303034842014313
7182,candidate_011,fc4_flux;cr1000xe_backbone,1.2304,particle,transport,1,0.46881207823753357
7182,candidate_011,fc4_flux;cr1000xe_backbone,1.2304,particle,transport,1,0.4413370192050934
7182,candidate_011,fc4_flux;cr1000xe_backbone,1.2304,calm,transport,0,0.5099021792411804
7182,candidate_011,fc4_flux;cr1000xe_backbone,1.2304,calm,transport,0,0.5653136372566223
7182,candidate_011,fc4_flux;cr1000xe_backbone,1.2304,calm,transport,0,0.5325893759727478
7182,candidate_011,fc4_flux;cr1000xe_backbone,1.2304,calm,transport,0,0.744077205657959
7182,candidate_011,fc4_flux;cr1000xe_backbone,1.2304,calm,transport,0,0.5360375642776489
7182,candidate_011,fc4_flux;cr1000xe_backbone,1.2304,calm,transport,0,0.5982924699783325
7182,candidate_011,fc4_flux;cr1000xe_backbone,1.2304,calm,particle,0,0.6914762258529663
7182,candidate_011,fc4_flux;cr1000xe_backbone,1.2304,calm,particle,0,0.6403898000717163
7182,candidate_011,fc4_flux;cr1000xe_backbone,1.2304,calm,particle,0,0.7145323753356934
7182,candidate_011,fc4_flux;cr1000xe_backbone,1.2304,calm,particle,0,0.6864027976989746
7182,candidate_011,fc4_flux;cr1000xe_backbone,1.2304,calm,particle,0,0.8893193006515503
7182,candidate_011,fc4_flux;cr1000xe_backbone,1.2304,calm,particle,0,0.7124565839767456
7182,candidate_011,fc4_flux;cr1000xe_backbone,1.2304,calm,particle,0,0.7922661304473877
7182,candidate_011,fc4_flux;cr1000xe_backbone,1.2304,calm,particle,0,0.7676979899406433
7182,candidate_011,fc4_flux;cr1000xe_backbone,1.2304,flux,particle,2,0.6687338352203369
7182,candidate_011,fc4_flux;cr1000xe_backbone,1.2304,flux,particle,2,0.6701041460037231
7182,candidate_011,fc4_flux;cr1000xe_backbone,1.2304,flux,particle,2,0.5824857354164124
7182,candidate_011,fc4_flux;cr1000xe_backbone,1.2304,flux,particle,2,0.5495067834854126
7182,candidate_011,fc4_flux;cr1000xe_backbone,1.2304,flux,particle,2,0.5459633469581604
7182,candidate_011,fc4_flux;cr1000xe_backbone,1.2304,flux,particle,2,0.5504054427146912
7182,candidate_011,fc4_flux;cr1000xe_backbone,1.2304,flux,particle,2,0.5458540320396423
7182,candidate_011,fc4_flux;cr1000xe_backbone,1.2304,flux,particle,2,0.5289896130561829
7182,candidate_011,fc4_flux;cr1000xe_backbone,1.2304,flux,particle,2,0.5348380208015442
7182,candidate_011,fc4_flux;cr1000xe_backbone,1.2304,flux,particle,2,0.5725057721138
7182,candidate_011,fc4_flux;cr1000xe_backbone,1.2304,flux,particle,2,0.6061980724334717
7182,candidate_011,fc4_flux;cr1000xe_backbone,1.2304,flux,particle,2,0.6515904664993286
7182,candidate_011,fc4_flux;cr1000xe_backbone,1.2304,flux,particle,2,0.6916016340255737
7182,candidate_011,fc4_flux;cr1000xe_backbone,1.2304,flux,particle,2,0.7315587997436523
7182,candidate_011,fc4_flux;cr1000xe_backbone,1.2304,flux,particle,2,0.7785415053367615
7182,candidate_011,fc4_flux;cr1000xe_backbone,1.2304,flux,particle,2,0.82240891456604
7182,candidate_011,fc4_flux;cr1000xe_backbone,1.2304,flux,particle,2,0.8525114059448242
7182,candidate_011,fc4_flux;cr1000xe_backbone,1.2304,flux,thermal,2,0.8443065881729126
7182,candidate_011,fc4_flux;cr1000xe_backbone,1.2304,flux,thermal,2,0.8574698567390442
7182,candidate_011,fc4_flux;cr1000xe_backbone,1.2304,flux,thermal,2,0.8798128962516785
7182,candidate_011,fc4_flux;cr1000xe_backbone,1.2304,flux,thermal,2,0.861058235168457
7182,candidate_011,fc4_flux;cr1000xe_backbone,1.2304,flux,thermal,2,0.8483654856681824
7182,candidate_011,fc4_flux;cr1000xe_backbone,1.2304,flux,thermal,2,0.9030851721763611
7182,candidate_011,fc4_flux;cr1000xe_backbone,1.2304,flux,thermal,2,0.8490617871284485
7182,candidate_011,fc4_flux;cr1000xe_backbone,1.2304,flux,thermal,2,0.8477405309677124
7182,candidate_011,fc4_flux;cr1000xe_backbone,1.2304,flux,thermal,2,0.8252718448638916
7182,candidate_011,fc4_flux;cr1000xe_backbone,1.2304,flux,thermal,2,0.8322363495826721
7182,candidate_011,fc4_flux;cr1000xe_backbone,1.2304,flux,thermal,2,0.8237307071685791
7182,candidate_011,fc4_flux;cr1000xe_backbone,1.2304,flux,thermal,2,0.8245620131492615
7182,candidate_011,fc4_flux;cr1000xe_backbone,1.2304,flux,thermal,2,0.8217115998268127
7182,candidate_011,fc4_flux;cr1000xe_backbone,1.2304,flux,thermal,2,0.8046212196350098
7182,candidate_011,fc4_flux;cr1000xe_backbone,1.2304,flux,thermal,2,0.8172646164894104
7182,candidate_011,fc4_flux;cr1000xe_backbone,1.2304,flux,thermal,2,0.8177592754364014
7182,candidate_011,fc4_flux;cr1000xe_backbone,1.2304,flux,thermal,2,0.8420699834823608
7182,candidate_011,fc4_flux;cr1000xe_backbone,1.2304,flux,thermal,2,0.8152604103088379
7182,candidate_011,fc4_flux;cr1000xe_backbone,1.2304,flux,thermal,2,0.8094147443771362
7182,candidate_011,fc4_flux;cr1000xe_backbone,1.2304,flux,thermal,2,0.8424541354179382
7182,candidate_011,fc4_flux;cr1000xe_backbone,1.2304,flux,thermal,2,0.788720965385437
7182,candidate_011,fc4_flux;cr1000xe_backbone,1.2304,flux,thermal,2,0.7478283047676086
7182,candidate_011,fc4_flux;cr1000xe_backbone,1.2304,flux,thermal,2,0.7434955835342407
7182,candidate_011,fc4_flux;cr1000xe_backbone,1.2304,flux,thermal,2,0.8000685572624207
7182,candidate_011,fc4_flux;cr1000xe_backbone,1.2304,flux,thermal,2,0.7444831132888794
7182,candidate_011,fc4_flux;cr1000xe_backbone,1.2304,flux,thermal,2,0.7171373963356018
7182,candidate_011,fc4_flux;cr1000xe_backbone,1.2304,flux,thermal,2,0.7651126384735107
7182,candidate_011,fc4_flux;cr1000xe_backbone,1.2304,flux,transport,2,0.6823630928993225
7182,candidate_011,fc4_flux;cr1000xe_backbone,1.2304,flux,transport,2,0.6920148730278015
7182,candidate_011,fc4_flux;cr1000xe_backbone,1.2304,flux,transport,2,0.7231306433677673
7182,candidate_011,fc4_flux;cr1000xe_backbone,1.2304,flux,transport,2,0.7328424453735352
7182,candidate_011,fc4_flux;cr1000xe_backbone,1.2304,calm,transport,0,0.7378818392753601
7182,candidate_011,fc4_flux;cr1000xe_backbone,1.2304,calm,transport,0,0.7699577212333679
7182,candidate_011,fc4_flux;cr1000xe_backbone,1.2304,calm,transport,0,0.7432708144187927
7182,candidate_011,fc4_flux;cr1000xe_backbone,1.2304,calm,transport,0,0.8168373107910156
7182,candidate_011,fc4_flux;cr1000xe_backbone,1.2304,calm,transport,0,0.7763957381248474
7182,candidate_011,fc4_flux;cr1000xe_backbone,1.2304,calm,transport,0,0.7677475214004517
7182,candidate_011,fc4_flux;cr1000xe_backbone,1.2304,calm,transport,0,1.0076273679733276
7182,candidate_011,fc4_flux;cr1000xe_backbone,1.2304,calm,transport,0,1.0121136903762817
7182,candidate_011,fc4_flux;cr1000xe_backbone,1.2304,calm,transport,0,1.1009751558303833
7182,candidate_011,fc4_flux;cr1000xe_backbone,1.2304,calm,transport,0,0.9856988787651062
7182,candidate_011,fc4_flux;cr1000xe_backbone,1.2304,calm,transport,0,1.1842494010925293
7182,candidate_011,fc4_flux;cr1000xe_backbone,1.2304,calm,transport,0,1.2083488702774048
7182,candidate_011,fc4_flux;cr1000xe_backbone,1.2304,calm,transport,0,1.050574541091919
7182,candidate_011,fc4_flux;cr1000xe_backbone,1.2304,calm,transport,0,0.9693568348884583
7182,candidate_011,fc4_flux;cr1000xe_backbone,1.2304,thermal,transport,3,0.8912529945373535
7182,candidate_011,fc4_flux;cr1000xe_backbone,1.2304,thermal,transport,3,0.9221049547195435
7182,candidate_011,fc4_flux;cr1000xe_backbone,1.2304,thermal,transport,3,0.8349069952964783
7182,candidate_011,fc4_flux;cr1000xe_backbone,1.2304,thermal,transport,3,0.8571678996086121
7182,candidate_011,fc4_flux;cr1000xe_backbone,1.2304,thermal,particle,3,0.7541193962097168
7182,candidate_011,fc4_flux;cr1000xe_backbone,1.2304,thermal,particle,3,0.6889001131057739
7182,candidate_011,fc4_flux;cr1000xe_backbone,1.2304,thermal,particle,3,0.7066559195518494
7182,candidate_011,fc4_flux;cr1000xe_backbone,1.2304,thermal,particle,3,0.7242054343223572
7182,candidate_011,fc4_flux;cr1000xe_backbone,1.2304,thermal,particle,3,0.6945395469665527
7182,candidate_011,fc4_flux;cr1000xe_backbone,1.2304,thermal,particle,3,0.6608283519744873
7182,candidate_011,fc4_flux;cr1000xe_backbone,1.2304,thermal,particle,3,0.6351756453514099
7182,candidate_011,fc4_flux;cr1000xe_backbone,1.2304,thermal,particle,3,0.6209591627120972
7182,candidate_011,fc4_flux;cr1000xe_backbone,1.2304,thermal,particle,3,0.6446200609207153
7182,candidate_011,fc4_flux;cr1000xe_backbone,1.2304,thermal,particle,3,0.6837468147277832
7182,candidate_011,fc4_flux;cr1000xe_backbone,1.2304,thermal,particle,3,0.6390970349311829
7182,candidate_011,fc4_flux;cr1000xe_backbone,1.2304,thermal,particle,3,0.6876773238182068
7182,candidate_011,fc4_flux;cr1000xe_backbone,1.2304,thermal,particle,3,0.7234544157981873
7182,candidate_011,fc4_flux;cr1000xe_backbone,1.2304,thermal,particle,3,0.7319918870925903
7182,candidate_011,fc4_flux;cr1000xe_backbone,1.2304,thermal,particle,3,0.8585678935050964
7182,candidate_011,fc4_flux;cr1000xe_backbone,1.2304,thermal,particle,3,0.810757040977478
7182,candidate_011,fc4_flux;cr1000xe_backbone,1.2304,thermal,particle,3,0.8182365894317627
7182,candidate_011,fc4_flux;cr1000xe_backbone,1.2304,thermal,particle,3,0.7499305605888367
7182,candidate_011,fc4_flux;cr1000xe_backbone,1.2304,thermal,particle,3,0.8895760178565979
7182,candidate_011,fc4_flux;cr1000xe_backbone,1.2304,thermal,particle,3,0.8772270679473877
7182,candidate_011,fc4_flux;cr1000xe_backbone,1.2304,thermal,particle,3,0.8756751418113708
7182,candidate_011,fc4_flux;cr1000xe_backbone,1.2304,thermal,particle,3,0.8200770020484924
7182,candidate_011,fc4_flux;cr1000xe_backbone,1.2304,thermal,particle,3,0.6768620610237122
7182,candidate_011,fc4_flux;cr1000xe_backbone,1.2304,thermal,particle,3,0.7503141164779663
7182,candidate_011,fc4_flux;cr1000xe_backbone,1.2304,thermal,particle,3,0.706098198890686
7182,candidate_011,fc4_flux;cr1000xe_backbone,1.2304,thermal,particle,3,0.7986879348754883
7182,candidate_011,fc4_flux;cr1000xe_backbone,1.2304,thermal,particle,3,0.6713815331459045
7182,candidate_011,fc4_flux;cr1000xe_backbone,1.2304,thermal,particle,3,0.6309775114059448
7182,candidate_011,fc4_flux;cr1000xe_backbone,1.2304,thermal,particle,3,0.7227041125297546
7182,candidate_011,fc4_flux;cr1000xe_backbone,1.2304,thermal,particle,3,0.7123516798019409
7182,candidate_011,fc4_flux;cr1000xe_backbone,1.2304,thermal,particle,3,0.7505212426185608
7182,candidate_011,fc4_flux;cr1000xe_backbone,1.2304,thermal,particle,3,0.7852073907852173
7182,candidate_011,fc4_flux;cr1000xe_backbone,1.2304,thermal,particle,3,0.8130205869674683
7182,candidate_011,fc4_flux;cr1000xe_backbone,1.2304,thermal,particle,3,0.8519590497016907
7182,candidate_011,fc4_flux;cr1000xe_backbone,1.2304,thermal,particle,3,0.9114645719528198
7182,candidate_011,fc4_flux;cr1000xe_backbone,1.2304,thermal,particle,3,0.9343773722648621
7182,candidate_011,fc4_flux;cr1000xe_backbone,1.2304,thermal,thermal,3,0.875982940196991
7182,candidate_011,fc4_flux;cr1000xe_backbone,1.2304,thermal,thermal,3,0.9512909054756165
7182,candidate_011,fc4_flux;cr1000xe_backbone,1.2304,thermal,thermal,3,0.9003768563270569
7182,candidate_011,fc4_flux;cr1000xe_backbone,1.2304,thermal,thermal,3,0.990693986415863
7182,candidate_011,fc4_flux;cr1000xe_backbone,1.2304,thermal,thermal,3,0.9821478128433228
7182,candidate_011,fc4_flux;cr1000xe_backbone,1.2304,thermal,thermal,3,1.0224322080612183
7182,candidate_011,fc4_flux;cr1000xe_backbone,1.2304,thermal,thermal,3,1.0281459093093872
7182,candidate_011,fc4_flux;cr1000xe_backbone,1.2304,thermal,thermal,3,1.0285429954528809
7182,candidate_011,fc4_flux;cr1000xe_backbone,1.2304,thermal,thermal,3,0.9778993725776672
7182,candidate_011,fc4_flux;cr1000xe_backbone,1.2304,thermal,thermal,3,1.017616868019104
7182,candidate_011,fc4_flux;cr1000xe_backbone,1.2304,thermal,thermal,3,0.9064766764640808
7182,candidate_011,fc4_flux;cr1000xe_backbone,1.2304,thermal,thermal,3,0.8746277689933777
7182,candidate_011,fc4_flux;cr1000xe_backbone,1.2304,thermal,thermal,3,0.8035244941711426
7182,candidate_011,fc4_flux;cr1000xe_backbone,1.2304,thermal,thermal,3,0.7660377025604248
7182,candidate_011,fc4_flux;cr1000xe_backbone,1.2304,thermal,thermal,3,0.7375165224075317
7182,candidate_011,fc4_flux;cr1000xe_backbone,1.2304,thermal,thermal,3,0.7174467444419861
7182,candidate_011,fc4_flux;cr1000xe_backbone,1.2304,calm,thermal,0,0.7872315645217896
7182,candidate_011,fc4_flux;cr1000xe_backbone,1.2304,calm,thermal,0,0.7183178067207336
7182,candidate_011,fc4_flux;cr1000xe_backbone,1.2304,calm,thermal,0,0.7808283567428589
7182,candidate_011,fc4_flux;cr1000xe_backbone,1.2304,calm,thermal,0,0.7357757687568665
7182,candidate_011,fc4_flux;cr1000xe_backbone,1.2304,calm,thermal,0,0.6964425444602966
7182,candidate_011,fc4_flux;cr1000xe_backbone,1.2304,calm,thermal,0,0.6851096749305725
7182,candidate_011,fc4_flux;cr1000xe_backbone,1.2304,calm,thermal,0,0.6593608260154724
7182,candidate_011,fc4_flux;cr1000xe_backbone,1.2304,calm,thermal,0,0.7034562826156616
7182,candidate_011,fc4_flux;cr1000xe_backbone,1.2304,calm,thermal,0,0.6383370161056519
7182,candidate_011,fc4_flux;cr1000xe_backbone,1.2304,calm,thermal,0,0.6949912309646606
7182,candidate_011,fc4_flux;cr1000xe_backbone,1.2304,calm,thermal,0,0.6664460897445679
7182,candidate_011,fc4_flux;cr1000xe_backbone,1.2304,calm,transport,0,0.6363496780395508
7182,candidate_011,fc4_flux;cr1000xe_backbone,1.2304,thermal,transport,3,0.6966277360916138
7182,candidate_011,fc4_flux;cr1000xe_backbone,1.2304,thermal,transport,3,0.6967562437057495
7182,candidate_012,met_station_core;fc4_flux;cr1000xe_backbone,1.9504,calm,thermal,0,0.7280855178833008
7182,candidate_012,met_station_core;fc4_flux;cr1000xe_backbone,1.9504,calm,thermal,0,0.7180953025817871
7182,candidate_012,met_station_core;fc4_flux;cr1000xe_backbone,1.9504,calm,thermal,0,0.629587709903717
7182,candidate_012,met_station_core;fc4_flux;cr1000xe_backbone,1.9504,calm,thermal,0,0.602006196975708
7182,candidate_012,met_station_core;fc4_flux;cr1000xe_backbone,1.9504,calm,thermal,0,0.595023512840271
7182,candidate_012,met_station_core;fc4_flux;cr1000xe_backbone,1.9504,calm,thermal,0,0.5646971464157104
7182,candidate_012,met_station_core;fc4_flux;cr1000xe_backbone,1.9504,calm,thermal,0,0.49720680713653564
7182,candidate_012,met_station_core;fc4_flux;cr1000xe_backbone,1.9504,calm,thermal,0,0.4692218005657196
7182,candidate_012,met_station_core;fc4_flux;cr1000xe_backbone,1.9504,calm,thermal,0,0.383064866065979
7182,candidate_012,met_station_core;fc4_flux;cr1000xe_backbone,1.9504,calm,thermal,0,0.3574496805667877
7182,candidate_012,met_station_core;fc4_flux;cr1000xe_backbone,1.9504,calm,thermal,0,0.2648896276950836
7182,candidate_012,met_station_core;fc4_flux;cr1000xe_backbone,1.9504,calm,transport,0,0.24052704870700836
7182,candidate_012,met_station_core;fc4_flux;cr1000xe_backbone,1.9504,calm,transport,0,0.22657625377178192
7182,candidate_012,met_station_core;fc4_flux;cr1000xe_backbone,1.9504,calm,transport,0,0.21027472615242004
7182,candidate_012,met_station_core;fc4_flux;cr1000xe_backbone,1.9504,calm,transport,0,0.17740391194820404
7182,candidate_012,met_station_core;fc4_flux;cr1000xe_backbone,1.9504,calm,transport,0,0.1757582724094391
7182,candidate_012,met_station_core;fc4_flux;cr1000xe_backbone,1.9504,calm,transport,0,0.17779839038848877
7182,candidate_012,met_station_core;fc4_flux;cr1000xe_backbone,1.9504,calm,transport,0,0.14431768655776978
7182,candidate_012,met_station_core;fc4_flux;cr1000xe_backbone,1.9504,calm,transport,0,0.23434220254421234
7182,candidate_012,met_station_core;fc4_flux;cr1000xe_backbone,1.9504,calm,transport,0,0.1664421260356903
7182,candidate_012,met_station_core;fc4_flux;cr1000xe_backbone,1.9504,calm,transport,0,0.196377232670784
7182,candidate_012,met_station_core;fc4_flux;cr1000xe_backbone,1.9504,calm,transport,0,0.24065148830413818
7182,candidate_012,met_station_core;fc4_flux;cr1000xe_backbone,1.9504,calm,transport,0,0.2156577706336975
7182,candidate_012,met_station_core;fc4_flux;cr1000xe_backbone,1.9504,calm,transport,0,0.25024253129959106
7182,candidate_012,met_station_core;fc4_flux;cr1000xe_backbone,1.9504,calm,transport,0,0.2319665253162384
7182,candidate_012,met_station_core;fc4_flux;cr1000xe_backbone,1.9504,calm,transport,0,0.2969604730606079
7182,candidate_012,met_station_core;fc4_flux;cr1000xe_backbone,1.9504,calm,transport,0,0.2857006788253784
7182,candidate_012,met_station_core;fc4_flux;cr1000xe_backbone,1.9504,calm,transport,0,0.34280985593795776
7182,candidate_012,met_station_core;fc4_flux;cr1000xe_backbone,1.9504,calm,transport,0,0.3339814841747284
7182,candidate_012,met_station_core;fc4_flux;cr1000xe_backbone,1.9504,calm,transport,0,0.31072649359703064
7182,candidate_012,met_station_core;fc4_flux;cr1000xe_backbone,1.9504,calm,transport,0,0.2937941551208496
7182,candidate_012,met_station_core;fc4_flux;cr1000xe_backbone,1.9504,calm,transport,0,0.2904086709022522
7182,candidate_012,met_station_core;fc4_flux;cr1000xe_backbone,1.9504,calm,transport,0,0.26157528162002563
7182,candidate_012,met_station_core;fc4_flux;cr1000xe_backbone,1.9504,calm,transport,0,0.22112427651882172
7182,candidate_012,met_station_core;fc4_flux;cr1000xe_backbone,1.9504,calm,transport,0,0.20570582151412964
7182,candidate_012,met_station_core;fc4_flux;cr1000xe_backbone,1.9504,calm,transport,0,0.20801018178462982
7182,candidate_012,met_station_core;fc4_flux;cr1000xe_backbone,1.9504,calm,transport,0,0.20165440440177917
7182,candidate_012,met_station_core;fc4_flux;cr1000xe_backbone,1.9504,calm,transport,0,0.18334180116653442
7182,candidate_012,met_station_core;fc4_flux;cr1000xe_backbone,1.9504,calm,transport,0,0.19634874165058136
7182,candidate_012,met_station_core;fc4_flux;cr1000xe_backbone,1.9504,calm,transport,0,0.16246947646141052
7182,candidate_012,met_station_core;fc4_flux;cr1000xe_backbone,1.9504,calm,transport,0,0.18293370306491852
7182,candidate_012,met_station_core;fc4_flux;cr1000xe_backbone,1.9504,calm,transport,0,0.17206323146820068
7182,candidate_012,met_station_core;fc4_flux;cr1000xe_backbone,1.9504,calm,transport,0,0.19285817444324493
7182,candidate_012,met_station_core;fc4_flux;cr1000xe_backbone,1.9504,calm,transport,0,0.1659848839044571
7182,candidate_012,met_station_core;fc4_flux;cr1000xe_backbone,1.9504,calm,particle,0,0.17068584263324738
7182,candidate_012,met_station_core;fc4_flux;cr1000xe_backbone,1.9504,calm,particle,0,0.1680370420217514
7182,candidate_012,met_station_core;fc4_flux;cr1000xe_backbone,1.9504,calm,particle,0,0.19488784670829773
7182,candidate_012,met_station_core;fc4_flux;cr1000xe_backbone,1.9504,calm,particle,0,0.25090694427490234
7182,candidate_012,met_station_core;fc4_flux;cr1000xe_backbone,1.9504,calm,particle,0,0.29212912917137146
7182,candidate_012,met_station_core;fc4_flux;cr1000xe_backbone,1.9504,calm,particle,0,0.3202374577522278
7182,candidate_012,met_station_core;fc4_flux;cr1000xe_backbone,1.9504,calm,particle,0,0.29172396659851074
7182,candidate_012,met_station_core;fc4_flux;cr1000xe_backbone,1.9504,calm,particle,0,0.35955753922462463
7182,candidate_012,met_station_core;fc4_flux;cr1000xe_backbone,1.9504,calm,particle,0,0.33987540006637573
7182,candidate_012,met_station_core;fc4_flux;cr1000xe_backbone,1.9504,calm,particle,0,0.3173220455646515
7182,candidate_012,met_station_core;fc4_flux;cr1000xe_backbone,1.9504,calm,particle,0,0.3013419806957245
7182,candidate_012,met_station_core;fc4_flux;cr1000xe_backbone,1.9504,calm,particle,0,0.2436867654323578
7182,candidate_012,met_station_core;fc4_flux;cr1000xe_backbone,1.9504,calm,particle,0,0.2664479911327362
7182,candidate_012,met_station_core;fc4_flux;cr1000xe_backbone,1.9504,calm,particle,0,0.22116467356681824
7182,candidate_012,met_station_core;fc4_flux;cr1000xe_backbone,1.9504,calm,particle,0,0.23582276701927185
7182,candidate_012,met_station_core;fc4_flux;cr1000xe_backbone,1.9504,calm,particle,0,0.20724576711654663
7182,candidate_012,met_station_core;fc4_flux;cr1000xe_backbone,1.9504,calm,particle,0,0.16331736743450165
7182,candidate_012,met_station_core;fc4_flux;cr1000xe_backbone,1.9504,calm,particle,0,0.1627972275018692
7182,candidate_012,met_station_core;fc4_flux;cr1000xe_backbone,1.9504,calm,particle,0,0.2383442223072052
7182,candidate_012,met_station_core;fc4_flux;cr1000xe_backbone,1.9504,calm,particle,0,0.20052829384803772
7182,candidate_012,met_station_core;fc4_flux;cr1000xe_backbone,1.9504,calm,particle,0,0.20484577119350433
7182,candidate_012,met_station_core;fc4_flux;cr1000xe_backbone,1.9504,calm,thermal,0,0.19266244769096375
7182,candidate_012,met_station_core;fc4_flux;cr1000xe_backbone,1.9504,calm,thermal,0,0.15571293234825134
7182,candidate_012,met_station_core;fc4_flux;cr1000xe_backbone,1.9504,calm,thermal,0,0.15475808084011078
7182,candidate_012,met_station_core;fc4_flux;cr1000xe_backbone,1.9504,calm,thermal,0,0.161087766289711
7182,candidate_012,met_station_core;fc4_flux;cr1000xe_backbone,1.9504,calm,thermal,0,0.1749211996793747
7182,candidate_012,met_station_core;fc4_flux;cr1000xe_backbone,1.9504,calm,thermal,0,0.1756688356399536
7182,candidate_012,met_station_core;fc4_flux;cr1000xe_backbone,1.9504,calm,thermal,0,0.2075018435716629
7182,candidate_012,met_station_core;fc4_flux;cr1000xe_backbone,1.9504,calm,thermal,0,0.29864010214805603
7182,candidate_012,met_station_core;fc4_flux;cr1000xe_backbone,1.9504,calm,thermal,0,0.27885064482688904
7182,candidate_012,met_station_core;fc4_flux;cr1000xe_backbone,1.9504,calm,thermal,0,0.30407044291496277
7182,candidate_012,met_station_core;fc4_flux;cr1000xe_backbone,1.9504,calm,thermal,0,0.27359098196029663
7182,candidate_012,met_station_core;fc4_flux;cr1000xe_backbone,1.9504,calm,thermal,0,0.2910141348838806
7182,candidate_012,met_station_core;fc4_flux;cr1000xe_backbone,1.9504,calm,thermal,0,0.30049583315849304
7182,candidate_012,met_station_core;fc4_flux;cr1000xe_backbone,1.9504,calm,thermal,0,0.291159451007843
7182,candidate_012,met_station_core;fc4_flux;cr1000xe_backbone,1.9504,calm,thermal,0,0.2650586664676666
7182,candidate_012,met_station_core;fc4_flux;cr1000xe_backbone,1.9504,calm,thermal,0,0.2286687046289444
7182,candidate_012,met_station_core;fc4_flux;cr1000xe_backbone,1.9504,calm,thermal,0,0.21326375007629395
7182,candidate_012,met_station_core;fc4_flux;cr1000xe_backbone,1.9504,calm,thermal,0,0.21228425204753876
7182,candidate_012,met_station_core;fc4_flux;cr1000xe_backbone,1.9504,calm,thermal,0,0.23077107965946198
7182,candidate_012,met_station_core;fc4_flux;cr1000xe_backbone,1.9504,calm,thermal,0,0.2454415112733841
7182,candidate_012,met_station_core;fc4_flux;cr1000xe_backbone,1.9504,calm,thermal,0,0.2610527575016022
7182,candidate_012,met_station_core;fc4_flux;cr1000xe_backbone,1.9504,calm,thermal,0,0.29228758811950684
7182,candidate_012,met_station_core;fc4_flux;cr1000xe_backbone,1.9504,calm,thermal,0,0.27421697974205017
7182,candidate_012,met_station_core;fc4_flux;cr1000xe_backbone,1.9504,calm,thermal,0,0.30951547622680664
7182,candidate_012,met_station_core;fc4_flux;cr1000xe_backbone,1.9504,calm,transport,0,0.3150270879268646
7182,candidate_012,met_station_core;fc4_flux;cr1000xe_backbone,1.9504,calm,transport,0,0.27756279706954956
7182,candidate_012,met_station_core;fc4_flux;cr1000xe_backbone,1.9504,calm,transport,0,0.32471412420272827
7182,candidate_012,met_station_core;fc4_flux;cr1000xe_backbone,1.9504,calm,transport,0,0.29035723209381104
7182,candidate_012,met_station_core;fc4_flux;cr1000xe_backbone,1.9504,calm,transport,0,0.33947885036468506
7182,candidate_012,met_station_core;fc4_flux;cr1000xe_backbone,1.9504,calm,transport,0,0.31113237142562866
7182,candidate_012,met_station_core;fc4_flux;cr1000xe_backbone,1.9504,calm,transport,0,0.368929386138916
7182,candidate_012,met_station_core;fc4_flux;cr1000xe_backbone,1.9504,calm,transport,0,0.3390539288520813
7182,candidate_012,met_station_core;fc4_flux;cr1000xe_backbone,1.9504,calm,transport,0,0.3627421259880066
7182,candidate_012,met_station_core;fc4_flux;cr1000xe_backbone,1.9504,calm,transport,0,0.37196779251098633
7182,candidate_012,met_station_core;fc4_flux;cr1000xe_backbone,1.9504,calm,transport,0,0.39786165952682495
7182,candidate_012,met_station_core;fc4_flux;cr1000xe_backbone,1.9504,calm,transport,0,0.39554089307785034
7182,candidate_012,met_station_core;fc4_flux;cr1000xe_backbone,1.9504,calm,transport,0,0.3703635036945343
7182,candidate_012,met_station_core;fc4_flux;cr1000xe_backbone,1.9504,calm,transport,0,0.3748840391635895
7182,candidate_012,met_station_core;fc4_flux;cr1000xe_backbone,1.9504,calm,transport,0,0.34210559725761414
7182,candidate_012,met_station_core;fc4_flux;cr1000xe_backbone,1.9504,calm,transport,0,0.3249770700931549
7182,candidate_012,met_station_core;fc4_flux;cr1000xe_backbone,1.9504,calm,transport,0,0.32388126850128174
7182,candidate_012,met_station_core;fc4_flux;cr1000xe_backbone,1.9504,calm,transport,0,0.2800179719924927
7182,candidate_012,met_station_core;fc4_flux;cr1000xe_backbone,1.9504,calm,transport,0,0.22571760416030884
7182,candidate_012,met_station_core;fc4_flux;cr1000xe_backbone,1.9504,calm,transport,0,0.22578231990337372
7182,candidate_012,met_station_core;fc4_flux;cr1000xe_backbone,1.9504,calm,transport,0,0.23230107128620148
7182,candidate_012,met_station_core;fc4_flux;cr1000xe_backbone,1.9504,calm,transport,0,0.22160300612449646
7182,candidate_012,met_station_core;fc4_flux;cr1000xe_backbone,1.9504,calm,particle,0,0.223573237657547
7182,candidate_012,met_station_core;fc4_flux;cr1000xe_backbone,1.9504,calm,particle,0,0.2532491385936737
7182,candidate_012,met_station_core;fc4_flux;cr1000xe_backbone,1.9504,calm,particle,0,0.2318638414144516
7182,candidate_012,met_station_core;fc4_flux;cr1000xe_backbone,1.9504,calm,particle,0,0.2397017925977707
7182,candidate_012,met_station_core;fc4_flux;cr1000xe_backbone,1.9504,calm,particle,0,0.2746615707874298
7182,candidate_012,met_station_core;fc4_flux;cr1000xe_backbone,1.9504,calm,particle,0,0.28302979469299316
7182,candidate_012,met_station_core;fc4_flux;cr1000xe_backbone,1.9504,calm,particle,0,0.2523677349090576
7182,candidate_012,met_station_core;fc4_flux;cr1000xe_backbone,1.9504,calm,particle,0,0.3372434079647064
7182,candidate_012,met_station_core;fc4_flux;cr1000xe_backbone,1.9504,calm,particle,0,0.25521209836006165
7182,candidate_012,met_station_core;fc4_flux;cr1000xe_backbone,1.9504,calm,particle,0,0.29630520939826965
7182,candidate_012,met_station_core;fc4_flux;cr1000xe_backbone,1.9504,calm,particle,0,0.28728917241096497
7182,candidate_012,met_station_core;fc4_flux;cr1000xe_backbone,1.9504,calm,particle,0,0.29435446858406067
7182,candidate_012,met_station_core;fc4_flux;cr1000xe_backbone,1.9504,calm,particle,0,0.328194260597229
7182,candidate_012,met_station_core;fc4_flux;cr1000xe_backbone,1.9504,calm,particle,0,0.3641350567340851
7182,candidate_012,met_station_core;fc4_flux;cr1000xe_backbone,1.9504,calm,particle,0,0.34418952465057373
7182,candidate_012,met_station_core;fc4_flux;cr1000xe_backbone,1.9504,calm,particle,0,0.3574903607368469
7182,candidate_012,met_station_core;fc4_flux;cr1000xe_backbone,1.9504,calm,particle,0,0.30394890904426575
7182,candidate_012,met_station_core;fc4_flux;cr1000xe_backbone,1.9504,calm,particle,0,0.28249621391296387
7182,candidate_012,met_station_core;fc4_flux;cr1000xe_backbone,1.9504,calm,particle,0,0.23629716038703918
7182,candidate_012,met_station_core;fc4_flux;cr1000xe_backbone,1.9504,calm,particle,0,0.20720043778419495
7182,candidate_012,met_station_core;fc4_flux;cr1000xe_backbone,1.9504,calm,particle,0,0.2541730999946594
7182,candidate_012,met_station_core;fc4_flux;cr1000xe_backbone,1.9504,calm,particle,0,0.23678411543369293
7182,candidate_012,met_station_core;fc4_flux;cr1000xe_backbone,1.9504,calm,particle,0,0.2444288730621338
7182,candidate_012,met_station_core;fc4_flux;cr1000xe_backbone,1.9504,calm,thermal,0,0.24880976974964142
7182,candidate_012,met_station_core;fc4_flux;cr1000xe_backbone,1.9504,calm,thermal,0,0.2520591914653778
7182,candidate_012,met_station_core;fc4_flux;cr1000xe_backbone,1.9504,calm,thermal,0,0.2817687392234802
7182,candidate_012,met_station_core;fc4_flux;cr1000xe_backbone,1.9504,calm,thermal,0,0.26952359080314636
7182,candidate_012,met_station_core;fc4_flux;cr1000xe_backbone,1.9504,calm,thermal,0,0.2766572833061218
7182,candidate_012,met_station_core;fc4_flux;cr1000xe_backbone,1.9504,calm,thermal,0,0.29369401931762695
7182,candidate_012,met_station_core;fc4_flux;cr1000xe_backbone,1.9504,calm,thermal,0,0.27636662125587463
7182,candidate_012,met_station_core;fc4_flux;cr1000xe_backbone,1.9504,calm,thermal,0,0.28561827540397644
7182,candidate_012,met_station_core;fc4_flux;cr1000xe_backbone,1.9504,calm,thermal,0,0.2897859811782837
7182,candidate_012,met_station_core;fc4_flux;cr1000xe_backbone,1.9504,calm,thermal,0,0.3571753203868866
7182,candidate_012,met_station_core;fc4_flux;cr1000xe_backbone,1.9504,calm,thermal,0,0.3673764169216156
7182,candidate_012,met_station_core;fc4_flux;cr1000xe_backbone,1.9504,calm,thermal,0,0.3676052391529083
7182,candidate_012,met_station_core;fc4_flux;cr1000xe_backbone,1.9504,calm,thermal,0,0.4585757851600647
7182,candidate_012,met_station_core;fc4_flux;cr1000xe_backbone,1.9504,calm,thermal,0,0.4315931797027588
7182,candidate_012,met_station_core;fc4_flux;cr1000xe_backbone,1.9504,calm,thermal,0,0.4545579254627228
7182,candidate_012,met_station_core;fc4_flux;cr1000xe_backbone,1.9504,calm,thermal,0,0.45388099551200867
7182,candidate_012,met_station_core;fc4_flux;cr1000xe_backbone,1.9504,calm,thermal,0,0.41143783926963806
7182,candidate_012,met_station_core;fc4_flux;cr1000xe_backbone,1.9504,calm,thermal,0,0.35793551802635193
7182,candidate_012,met_station_core;fc4_flux;cr1000xe_backbone,1.9504,calm,thermal,0,0.35865315794944763
7182,candidate_012,met_station_core;fc4_flux;cr1000xe_backbone,1.9504,calm,thermal,0,0.3396685719490051
7182,candidate_012,met_station_core;fc4_flux;cr1000xe_backbone,1.9504,calm,thermal,0,0.3115103244781494
7182,candidate_012,met_station_core;fc4_flux;cr1000xe_backbone,1.9504,calm,transport,0,0.2919696271419525
7182,candidate_012,met_station_core;fc4_flux;cr1000xe_backbone,1.9504,calm,transport,0,0.2975766658782959
7182,candidate_012,met_station_core;fc4_flux;cr1000xe_backbone,1.9504,calm,transport,0,0.3182278871536255
7182,candidate_012,met_station_core;fc4_flux;cr1000xe_backbone,1.9504,calm,transport,0,0.3216358721256256
7182,candidate_012,met_station_core;fc4_flux;cr1000xe_backbone,1.9504,calm,transport,0,0.33211562037467957
7182,candidate_012,met_station_core;fc4_flux;cr1000xe_backbone,1.9504,calm,transport,0,0.3203297257423401
7182,candidate_012,met_station_core;fc4_flux;cr1000xe_backbone,1.9504,calm,transport,0,0.3656868636608124
7182,candidate_012,met_station_core;fc4_flux;cr1000xe_backbone,1.9504,calm,transport,0,0.33235758543014526
7182,candidate_012,met_station_core;fc4_flux;cr1000xe_backbone,1.9504,calm,transport,0,0.34021374583244324
7182,candidate_012,met_station_core;fc4_flux;cr1000xe_backbone,1.9504,calm,transport,0,0.3254099190235138
7182,candidate_012,met_station_core;fc4_flux;cr1000xe_backbone,1.9504,calm,transport,0,0.34978121519088745
7182,candidate_012,met_station_core;fc4_flux;cr1000xe_backbone,1.9504,calm,transport,0,0.34510481357574463
7182,candidate_012,met_station_core;fc4_flux;cr1000xe_backbone,1.9504,calm,transport,0,0.37505367398262024
7182,candidate_012,met_station_core;fc4_flux;cr1000xe_backbone,1.9504,calm,transport,0,0.37429237365722656
7182,candidate_012,met_station_core;fc4_flux;cr1000xe_backbone,1.9504,calm,transport,0,0.40000224113464355
7182,candidate_012,met_station_core;fc4_flux;cr1000xe_backbone,1.9504,calm,transport,0,0.4185301661491394
7182,candidate_012,met_station_core;fc4_flux;cr1000xe_backbone,1.9504,calm,transport,0,0.4413401782512665
7182,candidate_012,met_station_core;fc4_flux;cr1000xe_backbone,1.9504,calm,transport,0,0.47979509830474854
7182,candidate_012,met_station_core;fc4_flux;cr1000xe_backbone,1.9504,calm,particle,0,0.45863738656044006
7182,candidate_012,met_station_core;fc4_flux;cr1000xe_backbone,1.9504,calm,particle,0,0.4168645441532135
7182,candidate_012,met_station_core;fc4_flux;cr1000xe_backbone,1.9504,calm,particle,0,0.3612784445285797
7182,candidate_012,met_station_core;fc4_flux;cr1000xe_backbone,1.9504,calm,particle,0,0.3195253908634186
7182,candidate_012,met_station_core;fc4_flux;cr1000xe_backbone,1.9504,calm,particle,0,0.2841776907444
7182,candidate_012,met_station_core;fc4_flux;cr1000xe_backbone,1.9504,calm,particle,0,0.27598464488983154
7182,candidate_012,met_station_core;fc4_flux;cr1000xe_backbone,1.9504,calm,particle,0,0.26890501379966736
7182,candidate_012,met_station_core;fc4_flux;cr1000xe_backbone,1.9504,calm,particle,0,0.2843725085258484
7182,candidate_012,met_station_core;fc4_flux;cr1000xe_backbone,1.9504,calm,particle,0,0.2983999252319336
7182,candidate_012,met_station_core;fc4_flux;cr1000xe_backbone,1.9504,calm,particle,0,0.29614022374153137
7182,candidate_012,met_station_core;fc4_flux;cr1000xe_backbone,1.9504,calm,particle,0,0.2960512042045593
7182,candidate_012,met_station_core;fc4_flux;cr1000xe_backbone,1.9504,calm,particle,0,0.30533427000045776
7182,candidate_012,met_station_core;fc4_flux;cr1000xe_backbone,1.9504,calm,particle,0,0.3086946904659271
7182,candidate_012,met_station_core;fc4_flux;cr1000xe_backbone,1.9504,calm,particle,0,0.33550140261650085
7182,candidate_012,met_station_core;fc4_flux;cr1000xe_backbone,1.9504,calm,particle,0,0.3496287763118744
7182,candidate_012,met_station_core;fc4_flux;cr1000xe_backbone,1.9504,calm,particle,0,0.40467989444732666
7182,candidate_012,met_station_core;fc4_flux;cr1000xe_backbone,1.9504,calm,particle,0,0.3873975872993469
7182,candidate_012,met_station_core;fc4_flux;cr1000xe_backbone,1.9504,calm,particle,0,0.4473594129085541
7182,candidate_012,met_station_core;fc4_flux;cr1000xe_backbone,1.9504,calm,particle,0,0.42866015434265137
7182,candidate_012,met_station_core;fc4_flux;cr1000xe_backbone,1.9504,calm,particle,0,0.48787254095077515
7182,candidate_012,met_station_core;fc4_flux;cr1000xe_backbone,1.9504,calm,particle,0,0.49630236625671387
7182,candidate_012,met_station_core;fc4_flux;cr1000xe_backbone,1.9504,calm,particle,0,0.5316783785820007
7182,candidate_012,met_station_core;fc4_flux;cr1000xe_backbone,1.9504,calm,particle,0,0.5338401198387146
7182,candidate_012,met_station_core;fc4_flux;cr1000xe_backbone,1.9504,calm,particle,0,0.531398594379425
7182,candidate_012,met_station_core;fc4_flux;cr1000xe_backbone,1.9504,calm,particle,0,0.5382984280586243
7182,candidate_012,met_station_core;fc4_flux;cr1000xe_backbone,1.9504,calm,particle,0,0.4749442934989929
7182,candidate_012,met_station_core;fc4_flux;cr1000xe_backbone,1.9504,calm,particle,0,0.5216287970542908
7182,candidate_012,met_station_core;fc4_flux;cr1000xe_backbone,1.9504,calm,particle,0,0.4103746712207794
7182,candidate_012,met_station_core;fc4_flux;cr1000xe_backbone,1.9504,calm,particle,0,0.4699990153312683
7182,candidate_012,met_station_core;fc4_flux;cr1000xe_backbone,1.9504,calm,particle,0,0.42067381739616394
7182,candidate_012,met_station_core;fc4_flux;cr1000xe_backbone,1.9504,calm,particle,0,0.4515214264392853
7182,candidate_012,met_station_core;fc4_flux;cr1000xe_backbone,1.9504,calm,particle,0,0.4365261197090149
7182,candidate_012,met_station_core;fc4_flux;cr1000xe_backbone,1.9504,calm,thermal,0,0.4453924596309662
7182,candidate_012,met_station_core;fc4_flux;cr1000xe_backbone,1.9504,calm,thermal,0,0.4432509243488312
7182,candidate_012,met_station_core;fc4_flux;cr1000xe_backbone,1.9504,calm,thermal,0,0.4639337956905365
7182,candidate_012,met_station_core;fc4_flux;cr1000xe_backbone,1.9504,calm,thermal,0,0.4577890932559967
7182,candidate_012,met_station_core;fc4_flux;cr1000xe_backbone,1.9504,calm,thermal,0,0.5060177445411682
7182,candidate_012,met_station_core;fc4_flux;cr1000xe_backbone,1.9504,calm,thermal,0,0.5574285387992859
7182,candidate_012,met_station_core;fc4_flux;cr1000xe_backbone,1.9504,calm,thermal,0,0.5464287996292114
7182,candidate_012,met_station_core;fc4_flux;cr1000xe_backbone,1.9504,calm,thermal,0,0.5784298181533813
7182,candidate_012,met_station_core;fc4_flux;cr1000xe_backbone,1.9504,calm,thermal,0,0.5434849262237549
7182,candidate_012,met_station_core;fc4_flux;cr1000xe_backbone,1.9504,calm,thermal,0,0.5493948459625244
7182,candidate_012,met_station_core;fc4_flux;cr1000xe_backbone,1.9504,calm,thermal,0,0.6038659811019897
7182,candidate_012,met_station_core;fc4_flux;cr1000xe_backbone,1.9504,calm,thermal,0,0.5699202418327332
7182,candidate_012,met_station_core;fc4_flux;cr1000xe_backbone,1.9504,calm,thermal,0,0.5896382331848145
7182,candidate_012,met_station_core;fc4_flux;cr1000xe_backbone,1.9504,calm,thermal,0,0.6616331934928894
7182,candidate_012,met_station_core;fc4_flux;cr1000xe_backbone,1.9504,calm,thermal,0,0.6052613258361816
7182,candidate_012,met_station_core;fc4_flux;cr1000xe_backbone,1.9504,calm,thermal,0,0.705246090888977
7182,candidate_012,met_station_core;fc4_flux;cr1000xe_backbone,1.9504,calm,thermal,0,0.6920002698898315
7182,candidate_012,met_station_core;fc4_flux;cr1000xe_backbone,1.9504,calm,thermal,0,0.7681261301040649
7182,candidate_012,met_station_core;fc4_flux;cr1000xe_backbone,1.9504,calm,thermal,0,0.6450896859169006
7182,candidate_012,met_station_core;fc4_flux;cr1000xe_backbone,1.9504,calm,thermal,0,0.5666578412055969
7182,candidate_012,met_station_core;fc4_flux;cr1000xe_backbone,1.9504,calm,thermal,0,0.5114200711250305
7182,candidate_012,met_station_core;fc4_flux;cr1000xe_backbone,1.9504,calm,thermal,0,0.4928738474845886
7182,candidate_012,met_station_core;fc4_flux;cr1000xe_backbone,1.9504,calm,thermal,0,0.5063580870628357
7182,candidate_012,met_station_core;fc4_flux;cr1000xe_backbone,1.9504,calm,thermal,0,0.5809586644172668
7182,candidate_012,met_station_core;fc4_flux;cr1000xe_backbone,1.9504,thermal,thermal,3,0.5105285048484802
7182,candidate_012,met_station_core;fc4_flux;cr1000xe_backbone,1.9504,thermal,thermal,3,0.46215635538101196
7182,candidate_012,met_station_core;fc4_flux;cr1000xe_backbone,1.9504,thermal,thermal,3,0.39032307267189026
7182,candidate_012,met_station_core;fc4_flux;cr1000xe_backbone,1.9504,thermal,transport,3,0.32002004981040955
7182,candidate_012,met_station_core;fc4_flux;cr1000xe_backbone,1.9504,thermal,transport,3,0.3277250826358795
7182,candidate_012,met_station_core;fc4_flux;cr1000xe_backbone,1.9504,thermal,transport,3,0.3904675841331482
7182,candidate_012,met_station_core;fc4_flux;cr1000xe_backbone,1.9504,thermal,transport,3,0.36930346488952637
7182,candidate_012,met_station_core;fc4_flux;cr1000xe_backbone,1.9504,thermal,transport,3,0.5080937743186951
7182,candidate_012,met_station_core;fc4_flux;cr1000xe_backbone,1.9504,thermal,transport,3,0.45818760991096497
7182,candidate_012,met_station_core;fc4_flux;cr1000xe_backbone,1.9504,thermal,transport,3,0.5665820837020874
7182,candidate_012,met_station_core;fc4_flux;cr1000xe_backbone,1.9504,thermal,transport,3,0.5831522345542908
7182,candidate_012,met_station_core;fc4_flux;cr1000xe_backbone,1.9504,thermal,transport,3,0.6129828691482544
7182,candidate_012,met_station_core;fc4_flux;cr1000xe_backbone,1.9504,thermal,transport,3,0.5727902054786682
7182,candidate_012,met_station_core;fc4_flux;cr1000xe_backbone,1.9504,thermal,transport,3,0.5359923839569092
7182,candidate_012,met_station_core;fc4_flux;cr1000xe_backbone,1.9504,thermal,transport,3,0.5089725255966187
7182,candidate_012,met_station_core;fc4_flux;cr1000xe_backbone,1.9504,thermal,transport,3,0.5219964385032654
7182,candidate_012,met_station_core;fc4_flux;cr1000xe_backbone,1.9504,thermal,transport,3,0.5384746789932251
7182,candidate_012,met_station_core;fc4_flux;cr1000xe_backbone,1.9504,thermal,transport,3,0.4549696147441864
7182,candidate_012,met_station_core;fc4_flux;cr1000xe_backbone,1.9504,thermal,transport,3,0.5777008533477783
7182,candidate_012,met_station_core;fc4_flux;cr1000xe_backbone,1.9504,thermal,transport,3,0.5766907930374146
7182,candidate_012,met_station_core;fc4_flux;cr1000xe_backbone,1.9504,thermal,transport,3,0.6288245320320129
7182,candidate_012,met_station_core;fc4_flux;cr1000xe_backbone,1.9504,thermal,transport,3,0.6766873002052307
7182,candidate_012,met_station_core;fc4_flux;cr1000xe_backbone,1.9504,thermal,transport,3,0.5522676706314087
7182,candidate_012,met_station_core;fc4_flux;cr1000xe_backbone,1.9504,thermal,transport,3,0.6802888512611389
7182,candidate_012,met_station_core;fc4_flux;cr1000xe_backbone,1.9504,thermal,transport,3,0.5406383872032166
7182,candidate_012,met_station_core;fc4_flux;cr1000xe_backbone,1.9504,thermal,transport,3,0.5668885111808777
7182,candidate_012,met_station_core;fc4_flux;cr1000xe_backbone,1.9504,thermal,transport,3,0.5080239176750183
7182,candidate_012,met_station_core;fc4_flux;cr1000xe_backbone,1.9504,calm,thermal,0,0.717289388179779
7182,candidate_012,met_station_core;fc4_flux;cr1000xe_backbone,1.9504,particle,thermal,1,0.6418283581733704
7182,candidate_012,met_station_core;fc4_flux;cr1000xe_backbone,1.9504,particle,thermal,1,0.59248286485672
7182,candidate_012,met_station_core;fc4_flux;cr1000xe_backbone,1.9504,particle,thermal,1,0.6340181827545166
7182,candidate_012,met_station_core;fc4_flux;cr1000xe_backbone,1.9504,particle,thermal,1,0.43569424748420715
7182,candidate_012,met_station_core;fc4_flux;cr1000xe_backbone,1.9504,particle,thermal,1,0.46422240138053894
7182,candidate_012,met_station_core;fc4_flux;cr1000xe_backbone,1.9504,particle,thermal,1,0.38613206148147583
7182,candidate_012,met_station_core;fc4_flux;cr1000xe_backbone,1.9504,particle,thermal,1,0.3680970370769501
7182,candidate_012,met_station_core;fc4_flux;cr1000xe_backbone,1.9504,particle,thermal,1,0.3462284207344055
7182,candidate_012,met_station_core;fc4_flux;cr1000xe_backbone,1.9504,particle,thermal,1,0.29336318373680115
7182,candidate_012,met_station_core;fc4_flux;cr1000xe_backbone,1.9504,particle,thermal,1,0.2575880289077759
7182,candidate_012,met_station_core;fc4_flux;cr1000xe_backbone,1.9504,particle,thermal,1,0.24628140032291412
7182,candidate_012,met_station_core;fc4_flux;cr1000xe_backbone,1.9504,particle,thermal,1,0.26896601915359497
7182,candidate_012,met_station_core;fc4_flux;cr1000xe_backbone,1.9504,particle,thermal,1,0.27190467715263367
7182,candidate_012,met_station_core;fc4_flux;cr1000xe_backbone,1.9504,particle,thermal,1,0.20363697409629822
7182,candidate_012,met_station_core;fc4_flux;cr1000xe_backbone,1.9504,particle,transport,1,0.23187103867530823
7182,candidate_012,met_station_core;fc4_flux;cr1000xe_backbone,1.9504,particle,transport,1,0.14610227942466736
7182,candidate_012,met_station_core;fc4_flux;cr1000xe_backbone,1.9504,particle,transport,1,0.23581743240356445
7182,candidate_012,met_station_core;fc4_flux;cr1000xe_backbone,1.9504,particle,transport,1,0.21523958444595337
7182,candidate_012,met_station_core;fc4_flux;cr1000xe_backbone,1.9504,particle,transport,1,0.20263028144836426
7182,candidate_012,met_station_core;fc4_flux;cr1000xe_backbone,1.9504,particle,transport,1,0.1994943618774414
7182,candidate_012,met_station_core;fc4_flux;cr1000xe_backbone,1.9504,particle,transport,1,0.23713885247707367
7182,candidate_012,met_station_core;fc4_flux;cr1000xe_backbone,1.9504,particle,transport,1,0.23712581396102905
7182,candidate_012,met_station_core;fc4_flux;cr1000xe_backbone,1.9504,particle,transport,1,0.27291014790534973
7182,candidate_012,met_station_core;fc4_flux;cr1000xe_backbone,1.9504,particle,transport,1,0.2220839560031891
7182,candidate_012,met_station_core;fc4_flux;cr1000xe_backbone,1.9504,particle,transport,1,0.3025178909301758
7182,candidate_012,met_station_core;fc4_flux;cr1000xe_backbone,1.9504,particle,transport,1,0.28912153840065
7182,candidate_012,met_station_core;fc4_flux;cr1000xe_backbone,1.9504,particle,transport,1,0.2965700030326843
7182,candidate_012,met_station_core;fc4_flux;cr1000xe_backbone,1.9504,particle,transport,1,0.31238964200019836
7182,candidate_012,met_station_core;fc4_flux;cr1000xe_backbone,1.9504,particle,transport,1,0.3532242774963379
7182,candidate_012,met_station_core;fc4_flux;cr1000xe_backbone,1.9504,particle,transport,1,0.2991727590560913
7182,candidate_012,met_station_core;fc4_flux;cr1000xe_backbone,1.9504,particle,transport,1,0.31657591462135315
7182,candidate_012,met_station_core;fc4_flux;cr1000xe_backbone,1.9504,particle,transport,1,0.27543774247169495
7182,candidate_012,met_station_core;fc4_flux;cr1000xe_backbone,1.9504,particle,transport,1,0.2273382544517517
7182,candidate_012,met_station_core;fc4_flux;cr1000xe_backbone,1.9504,particle,transport,1,0.26262786984443665
7182,candidate_012,met_station_core;fc4_flux;cr1000xe_backbone,1.9504,particle,transport,1,0.23195119202136993
7182,candidate_012,met_station_core;fc4_flux;cr1000xe_backbone,1.9504,particle,transport,1,0.23655672371387482
7182,candidate_012,met_station_core;fc4_flux;cr1000xe_backbone,1.9504,particle,transport,1,0.21021655201911926
7182,candidate_012,met_station_core;fc4_flux;cr1000xe_backbone,1.9504,particle,transport,1,0.18431048095226288
7182,candidate_012,met_station_core;fc4_flux;cr1000xe_backbone,1.9504,particle,transport,1,0.20685742795467377
7182,candidate_012,met_station_core;fc4_flux;cr1000xe_backbone,1.9504,particle,transport,1,0.20065975189208984
7182,candidate_012,met_station_core;fc4_flux;cr1000xe_backbone,1.9504,particle,transport,1,0.30316922068595886
7182,candidate_012,met_station_core;fc4_flux;cr1000xe_backbone,1.9504,particle,transport,1,0.31824618577957153
7182,candidate_012,met_station_core;fc4_flux;cr1000xe_backbone,1.9504,particle,particle,1,0.3583824336528778
7182,candidate_012,met_station_core;fc4_flux;cr1000xe_backbone,1.9504,particle,particle,1,0.3672713041305542
7182,candidate_012,met_station_core;fc4_flux;cr1000xe_backbone,1.9504,particle,particle,1,0.3339328467845917
7182,candidate_012,met_station_core;fc4_flux;cr1000xe_backbone,1.9504,particle,particle,1,0.2828393280506134
7182,candidate_012,met_station_core;fc4_flux;cr1000xe_backbone,1.9504,particle,particle,1,0.4755937159061432
7182,candidate_012,met_station_core;fc4_flux;cr1000xe_backbone,1.9504,particle,particle,1,0.2616998255252838
7182,candidate_012,met_station_core;fc4_flux;cr1000xe_backbone,1.9504,particle,particle,1,0.34735533595085144
7182,candidate_012,met_station_core;fc4_flux;cr1000xe_backbone,1.9504,particle,particle,1,0.41800323128700256
7182,candidate_012,met_station_core;fc4_flux;cr1000xe_backbone,1.9504,particle,particle,1,0.3861345052719116
7182,candidate_012,met_station_core;fc4_flux;cr1000xe_backbone,1.9504,particle,particle,1,0.31021344661712646
7182,candidate_012,met_station_core;fc4_flux;cr1000xe_backbone,1.9504,particle,particle,1,0.42339015007019043
7182,candidate_012,met_station_core;fc4_flux;cr1000xe_backbone,1.9504,particle,particle,1,0.426680326461792
7182,candidate_012,met_station_core;fc4_flux;cr1000xe_backbone,1.9504,particle,particle,1,0.49878790974617004
7182,candidate_012,met_station_core;fc4_flux;cr1000xe_backbone,1.9504,particle,particle,1,0.4312557280063629
7182,candidate_012,met_station_core;fc4_flux;cr1000xe_backbone,1.9504,particle,particle,1,0.398366779088974
7182,candidate_012,met_station_core;fc4_flux;cr1000xe_backbone,1.9504,particle,particle,1,0.44691070914268494
7182,candidate_012,met_station_core;fc4_flux;cr1000xe_backbone,1.9504,particle,particle,1,0.39088332653045654
7182,candidate_012,met_station_core;fc4_flux;cr1000xe_backbone,1.9504,calm,particle,0,0.3497360050678253
7182,candidate_012,met_station_core;fc4_flux;cr1000xe_backbone,1.9504,calm,particle,0,0.3223874866962433
7182,candidate_012,met_station_core;fc4_flux;cr1000xe_backbone,1.9504,calm,particle,0,0.2544425129890442
7182,candidate_012,met_station_core;fc4_flux;cr1000xe_backbone,1.9504,calm,particle,0,0.2777363359928131
7182,candidate_012,met_station_core;fc4_flux;cr1000xe_backbone,1.9504,calm,particle,0,0.255810022354126
7182,candidate_012,met_station_core;fc4_flux;cr1000xe_backbone,1.9504,calm,particle,0,0.27286139130592346
7182,candidate_012,met_station_core;fc4_flux;cr1000xe_backbone,1.9504,calm,particle,0,0.25772732496261597
7182,candidate_012,met_station_core;fc4_flux;cr1000xe_backbone,1.9504,calm,particle,0,0.27116504311561584
7182,candidate_012,met_station_core;fc4_flux;cr1000xe_backbone,1.9504,calm,particle,0,0.31254133582115173
7182,candidate_012,met_station_core;fc4_flux;cr1000xe_backbone,1.9504,calm,particle,0,0.37699493765830994
7182,candidate_012,met_station_core;fc4_flux;cr1000xe_backbone,1.9504,calm,particle,0,0.4010956585407257
7182,candidate_012,met_station_core;fc4_flux;cr1000xe_backbone,1.9504,calm,particle,0,0.5157994031906128
7182,candidate_012,met_station_core;fc4_flux;cr1000xe_backbone,1.9504,calm,particle,0,0.3937162160873413
7182,candidate_012,met_station_core;fc4_flux;cr1000xe_backbone,1.9504,calm,particle,0,0.4197145700454712
7182,candidate_012,met_station_core;fc4_flux;cr1000xe_backbone,1.9504,particle,particle,1,0.4359118938446045
7182,candidate_012,met_station_core;fc4_flux;cr1000xe_backbone,1.9504,particle,particle,1,0.3520069718360901
7182,candidate_012,met_station_core;fc4_flux;cr1000xe_backbone,1.9504,particle,particle,1,0.45412442088127136
7182,candidate_012,met_station_core;fc4_flux;cr1000xe_backbone,1.9504,particle,particle,1,0.39916056394577026
7182,candidate_012,met_station_core;fc4_flux;cr1000xe_backbone,1.9504,particle,thermal,1,0.4783938229084015
7182,candidate_012,met_station_core;fc4_flux;cr1000xe_backbone,1.9504,particle,thermal,1,0.43814539909362793
7182,candidate_012,met_station_core;fc4_flux;cr1000xe_backbone,1.9504,particle,thermal,1,0.5638982057571411
7182,candidate_012,met_station_core;fc4_flux;cr1000xe_backbone,1.9504,particle,thermal,1,0.4742063283920288
7182,candidate_012,met_station_core;fc4_flux;cr1000xe_backbone,1.9504,particle,thermal,1,0.5335380434989929
7182,candidate_012,met_station_core;fc4_flux;cr1000xe_backbone,1.9504,particle,thermal,1,0.5328447222709656
7182,candidate_012,met_station_core;fc4_flux;cr1000xe_backbone,1.9504,particle,thermal,1,0.5164079070091248
7182,candidate_012,met_station_core;fc4_flux;cr1000xe_backbone,1.9504,particle,thermal,1,0.5153834819793701
7182,candidate_012,met_station_core;fc4_flux;cr1000xe_backbone,1.9504,particle,thermal,1,0.5449202656745911
7182,candidate_012,met_station_core;fc4_flux;cr1000xe_backbone,1.9504,particle,thermal,1,0.5031431913375854
7182,candidate_012,met_station_core;fc4_flux;cr1000xe_backbone,1.9504,particle,thermal,1,0.4788604974746704
7182,candidate_012,met_station_core;fc4_flux;cr1000xe_backbone,1.9504,particle,thermal,1,0.387869268655777
7182,candidate_012,met_station_core;fc4_flux;cr1000xe_backbone,1.9504,particle,thermal,1,0.39762505888938904
7182,candidate_012,met_station_core;fc4_flux;cr1000xe_backbone,1.9504,particle,thermal,1,0.3261905312538147
7182,candidate_012,met_station_core;fc4_flux;cr1000xe_backbone,1.9504,particle,thermal,1,0.30102187395095825
7182,candidate_012,met_station_core;fc4_flux;cr1000xe_backbone,1.9504,particle,thermal,1,0.2570814788341522
7182,candidate_012,met_station_core;fc4_flux;cr1000xe_backbone,1.9504,particle,thermal,1,0.35682857036590576
7182,candidate_012,met_station_core;fc4_flux;cr1000xe_backbone,1.9504,particle,thermal,1,0.24592365324497223
7182,candidate_012,met_station_core;fc4_flux;cr1000xe_backbone,1.9504,particle,transport,1,0.2222341001033783
7182,candidate_012,met_station_core;fc4_flux;cr1000xe_backbone,1.9504,particle,transport,1,0.2865743041038513
7182,candidate_012,met_station_core;fc4_flux;cr1000xe_backbone,1.9504,particle,transport,1,0.22814570367336273
7182,candidate_012,met_station_core;fc4_flux;cr1000xe_backbone,1.9504,particle,transport,1,0.3013860881328583
7182,candidate_012,met_station_core;fc4_flux;cr1000xe_backbone,1.9504,particle,transport,1,0.1801333725452423
7182,candidate_012,met_station_core;fc4_flux;cr1000xe_backbone,1.9504,particle,transport,1,0.2064351588487625
7182,candidate_012,met_station_core;fc4_flux;cr1000xe_backbone,1.9504,particle,transport,1,0.25023752450942993
7182,candidate_012,met_station_core;fc4_flux;cr1000xe_backbone,1.9504,particle,transport,1,0.19815053045749664
7182,candidate_012,met_station_core;fc4_flux;cr1000xe_backbone,1.9504,particle,transport,1,0.22336813807487488
7182,candidate_012,met_station_core;fc4_flux;cr1000xe_backbone,1.9504,particle,transport,1,0.3896433115005493
7182,candidate_012,met_station_core;fc4_flux;cr1000xe_backbone,1.9504,particle,transport,1,0.2882588803768158
7182,candidate_012,met_station_core;fc4_flux;cr1000xe_backbone,1.9504,particle,transport,1,0.23818723857402802
7182,candidate_012,met_station_core;fc4_flux;cr1000xe_backbone,1.9504,particle,transport,1,0.22749647498130798
7182,candidate_012,met_station_core;fc4_flux;cr1000xe_backbone,1.9504,particle,transport,1,0.32939720153808594
7182,candidate_012,met_station_core;fc4_flux;cr1000xe_backbone,1.9504,calm,transport,0,0.17393746972084045
7182,candidate_012,met_station_core;fc4_flux;cr1000xe_backbone,1.9504,calm,transport,0,0.26956748962402344
7182,candidate_012,met_station_core;fc4_flux;cr1000xe_backbone,1.9504,calm,transport,0,0.1849788874387741
7182,candidate_012,met_station_core;fc4_flux;cr1000xe_backbone,1.9504,calm,transport,0,0.1763611137866974
7182,candidate_012,met_station_core;fc4_flux;cr1000xe_backbone,1.9504,calm,transport,0,0.17249272763729095
7182,candidate_012,met_station_core;fc4_flux;cr1000xe_backbone,1.9504,calm,transport,0,0.20483173429965973
7182,candidate_012,met_station_core;fc4_flux;cr1000xe_backbone,1.9504,calm,particle,0,0.17057079076766968
7182,candidate_012,met_station_core;fc4_flux;cr1000xe_backbone,1.9504,calm,particle,0,0.17873041331768036
7182,candidate_012,met_station_core;fc4_flux;cr1000xe_backbone,1.9504,calm,particle,0,0.1356443166732788
7182,candidate_012,met_station_core;fc4_flux;cr1000xe_backbone,1.9504,calm,particle,0,0.2833912670612335
7182,candidate_012,met_station_core;fc4_flux;cr1000xe_backbone,1.9504,calm,particle,0,0.11622451990842819
7182,candidate_012,met_station_core;fc4_flux;cr1000xe_backbone,1.9504,calm,particle,0,0.27223917841911316
7182,candidate_012,met_station_core;fc4_flux;cr1000xe_backbone,1.9504,calm,particle,0,0.18579734861850739
7182,candidate_012,met_station_core;fc4_flux;cr1000xe_backbone,1.9504,calm,particle,0,0.18850000202655792
7182,candidate_012,met_station_core;fc4_flux;cr1000xe_backbone,1.9504,flux,particle,2,0.14398916065692902
7182,candidate_012,met_station_core;fc4_flux;cr1000xe_backbone,1.9504,flux,particle,2,0.14385093748569489
7182,candidate_012,met_station_core;fc4_flux;cr1000xe_backbone,1.9504,flux,particle,2,0.20627468824386597
7182,candidate_012,met_station_core;fc4_flux;cr1000xe_backbone,1.9504,flux,particle,2,0.20931945741176605
7182,candidate_012,met_station_core;fc4_flux;cr1000xe_backbone,1.9504,flux,particle,2,0.22480322420597076
7182,candidate_012,met_station_core;fc4_flux;cr1000xe_backbone,1.9504,flux,particle,2,0.3010371923446655
7182,candidate_012,met_station_core;fc4_flux;cr1000xe_backbone,1.9504,flux,particle,2,0.3542238771915436
7182,candidate_012,met_station_core;fc4_flux;cr1000xe_backbone,1.9504,flux,particle,2,0.3458769917488098
7182,candidate_012,met_station_core;fc4_flux;cr1000xe_backbone,1.9504,flux,particle,2,0.3343339264392853
7182,candidate_012,met_station_core;fc4_flux;cr1000xe_backbone,1.9504,flux,particle,2,0.33608344197273254
7182,candidate_012,met_station_core;fc4_flux;cr1000xe_backbone,1.9504,flux,particle,2,0.3406200110912323
7182,candidate_012,met_station_core;fc4_flux;cr1000xe_backbone,1.9504,flux,particle,2,0.41587913036346436
7182,candidate_012,met_station_core;fc4_flux;cr1000xe_backbone,1.9504,flux,particle,2,0.5277894139289856
7182,candidate_012,met_station_core;fc4_flux;cr1000xe_backbone,1.9504,flux,particle,2,0.5455201268196106
7182,candidate_012,met_station_core;fc4_flux;cr1000xe_backbone,1.9504,flux,particle,2,0.5474555492401123
7182,candidate_012,met_station_core;fc4_flux;cr1000xe_backbone,1.9504,flux,particle,2,0.6601582765579224
7182,candidate_012,met_station_core;fc4_flux;cr1000xe_backbone,1.9504,flux,particle,2,0.6669431328773499
7182,candidate_012,met_station_core;fc4_flux;cr1000xe_backbone,1.9504,flux,thermal,2,0.7506648302078247
7182,candidate_012,met_station_core;fc4_flux;cr1000xe_backbone,1.9504,flux,thermal,2,0.723427951335907
7182,candidate_012,met_station_core;fc4_flux;cr1000xe_backbone,1.9504,flux,thermal,2,0.6820558905601501
7182,candidate_012,met_station_core;fc4_flux;cr1000xe_backbone,1.9504,flux,thermal,2,0.6574495434761047
7182,candidate_012,met_station_core;fc4_flux;cr1000xe_backbone,1.9504,flux,thermal,2,0.652299165725708
7182,candidate_012,met_station_core;fc4_flux;cr1000xe_backbone,1.9504,flux,thermal,2,0.8061541318893433
7182,candidate_012,met_station_core;fc4_flux;cr1000xe_backbone,1.9504,flux,thermal,2,0.6830868124961853
7182,candidate_012,met_station_core;fc4_flux;cr1000xe_backbone,1.9504,flux,thermal,2,0.7316408753395081
7182,candidate_012,met_station_core;fc4_flux;cr1000xe_backbone,1.9504,flux,thermal,2,0.690680980682373
7182,candidate_012,met_station_core;fc4_flux;cr1000xe_backbone,1.9504,flux,thermal,2,0.6758725643157959
7182,candidate_012,met_station_core;fc4_flux;cr1000xe_backbone,1.9504,flux,thermal,2,0.7203139066696167
7182,candidate_012,met_station_core;fc4_flux;cr1000xe_backbone,1.9504,flux,thermal,2,0.604243278503418
7182,candidate_012,met_station_core;fc4_flux;cr1000xe_backbone,1.9504,flux,thermal,2,0.7092679142951965
7182,candidate_012,met_station_core;fc4_flux;cr1000xe_backbone,1.9504,flux,thermal,2,0.5430845618247986
7182,candidate_012,met_station_core;fc4_flux;cr1000xe_backbone,1.9504,flux,thermal,2,0.7779502868652344
7182,candidate_012,met_station_core;fc4_flux;cr1000xe_backbone,1.9504,flux,thermal,2,0.5436136722564697
7182,candidate_012,met_station_core;fc4_flux;cr1000xe_backbone,1.9504,flux,thermal,2,0.6326887607574463
7182,candidate_012,met_station_core;fc4_flux;cr1000xe_backbone,1.9504,flux,thermal,2,0.5348978042602539
7182,candidate_012,met_station_core;fc4_flux;cr1000xe_backbone,1.9504,flux,thermal,2,0.6289044618606567
7182,candidate_012,met_station_core;fc4_flux;cr1000xe_backbone,1.9504,flux,thermal,2,0.6365529894828796
7182,candidate_012,met_station_core;fc4_flux;cr1000xe_backbone,1.9504,flux,thermal,2,0.5437847971916199
7182,candidate_012,met_station_core;fc4_flux;cr1000xe_backbone,1.9504,flux,thermal,2,0.5924990773200989
7182,candidate_012,met_station_core;fc4_flux;cr1000xe_backbone,1.9504,flux,thermal,2,0.5051395297050476
7182,candidate_012,met_station_core;fc4_flux;cr1000xe_backbone,1.9504,flux,thermal,2,0.6184726357460022
7182,candidate_012,met_station_core;fc4_flux;cr1000xe_backbone,1.9504,flux,thermal,2,0.5741883516311646
7182,candidate_012,met_station_core;fc4_flux;cr1000xe_backbone,1.9504,flux,thermal,2,0.5959531664848328
7182,candidate_012,met_station_core;fc4_flux;cr1000xe_backbone,1.9504,flux,thermal,2,0.5348454117774963
7182,candidate_012,met_station_core;fc4_flux;cr1000xe_backbone,1.9504,flux,transport,2,0.6126231551170349
7182,candidate_012,met_station_core;fc4_flux;cr1000xe_backbone,1.9504,flux,transport,2,0.6322793960571289
7182,candidate_012,met_station_core;fc4_flux;cr1000xe_backbone,1.9504,flux,transport,2,0.5649133324623108
7182,candidate_012,met_station_core;fc4_flux;cr1000xe_backbone,1.9504,flux,transport,2,0.5632871985435486
7182,candidate_012,met_station_core;fc4_flux;cr1000xe_backbone,1.9504,calm,transport,0,0.5165685415267944
7182,candidate_012,met_station_core;fc4_flux;cr1000xe_backbone,1.9504,calm,transport,0,0.44118964672088623
7182,candidate_012,met_station_core;fc4_flux;cr1000xe_backbone,1.9504,calm,transport,0,0.3021888732910156
7182,candidate_012,met_station_core;fc4_flux;cr1000xe_backbone,1.9504,calm,transport,0,0.28181493282318115
7182,candidate_012,met_station_core;fc4_flux;cr1000xe_backbone,1.9504,calm,transport,0,0.24642179906368256
7182,candidate_012,met_station_core;fc4_flux;cr1000xe_backbone,1.9504,calm,transport,0,0.23262298107147217
7182,candidate_012,met_station_core;fc4_flux;cr1000xe_backbone,1.9504,calm,transport,0,0.17921385169029236
7182,candidate_012,met_station_core;fc4_flux;cr1000xe_backbone,1.9504,calm,transport,0,0.3438035547733307
7182,candidate_012,met_station_core;fc4_flux;cr1000xe_backbone,1.9504,calm,transport,0,0.3346618711948395
7182,candidate_012,met_station_core;fc4_flux;cr1000xe_backbone,1.9504,calm,transport,0,0.47723662853240967
7182,candidate_012,met_station_core;fc4_flux;cr1000xe_backbone,1.9504,calm,transport,0,0.5238304138183594
7182,candidate_012,met_station_core;fc4_flux;cr1000xe_backbone,1.9504,calm,transport,0,0.5585595369338989
7182,candidate_012,met_station_core;fc4_flux;cr1000xe_backbone,1.9504,calm,transport,0,0.532484769821167
7182,candidate_012,met_station_core;fc4_flux;cr1000xe_backbone,1.9504,calm,transport,0,0.3812560737133026
7182,candidate_012,met_station_core;fc4_flux;cr1000xe_backbone,1.9504,thermal,transport,3,0.34873002767562866
7182,candidate_012,met_station_core;fc4_flux;cr1000xe_backbone,1.9504,thermal,transport,3,0.18095363676548004
7182,candidate_012,met_station_core;fc4_flux;cr1000xe_backbone,1.9504,thermal,transport,3,0.2783639430999756
7182,candidate_012,met_station_core;fc4_flux;cr1000xe_backbone,1.9504,thermal,transport,3,0.1605221927165985
7182,candidate_012,met_station_core;fc4_flux;cr1000xe_backbone,1.9504,thermal,particle,3,0.3481808602809906
7182,candidate_012,met_station_core;fc4_flux;cr1000xe_backbone,1.9504,thermal,particle,3,0.20498424768447876
7182,candidate_012,met_station_core;fc4_flux;cr1000xe_backbone,1.9504,thermal,particle,3,0.38096168637275696
7182,candidate_012,met_station_core;fc4_flux;cr1000xe_backbone,1.9504,thermal,particle,3,0.2947048246860504
7182,candidate_012,met_station_core;fc4_flux;cr1000xe_backbone,1.9504,thermal,particle,3,0.283737450838089
7182,candidate_012,met_station_core;fc4_flux;cr1000xe_backbone,1.9504,thermal,particle,3,0.22348396480083466
7182,candidate_012,met_station_core;fc4_flux;cr1000xe_backbone,1.9504,thermal,particle,3,0.17766611278057098
7182,candidate_012,met_station_core;fc4_flux;cr1000xe_backbone,1.9504,thermal,particle,3,0.2041831910610199
7182,candidate_012,met_station_core;fc4_flux;cr1000xe_backbone,1.9504,thermal,particle,3,0.19248604774475098
7182,candidate_012,met_station_core;fc4_flux;cr1000xe_backbone,1.9504,thermal,particle,3,0.28733861446380615
7182,candidate_012,met_station_core;fc4_flux;cr1000xe_backbone,1.9504,thermal,particle,3,0.29278960824012756
7182,candidate_012,met_station_core;fc4_flux;cr1000xe_backbone,1.9504,thermal,particle,3,0.2670634984970093
7182,candidate_012,met_station_core;fc4_flux;cr1000xe_backbone,1.9504,thermal,particle,3,0.3404252231121063
7182,candidate_012,met_station_core;fc4_flux;cr1000xe_backbone,1.9504,thermal,particle,3,0.1828639805316925
7182,candidate_012,met_station_core;fc4_flux;cr1000xe_backbone,1.9504,thermal,particle,3,0.4577047824859619
7182,candidate_012,met_station_core;fc4_flux;cr1000xe_backbone,1.9504,thermal,particle,3,0.2011404186487198
7182,candidate_012,met_station_core;fc4_flux;cr1000xe_backbone,1.9504,thermal,particle,3,0.40811440348625183
7182,candidate_012,met_station_core;fc4_flux;cr1000xe_backbone,1.9504,thermal,particle,3,0.17427106201648712
7182,candidate_012,met_station_core;fc4_flux;cr1000xe_backbone,1.9504,thermal,particle,3,0.2810606062412262
7182,candidate_012,met_station_core;fc4_flux;cr1000xe_backbone,1.9504,thermal,particle,3,0.18109345436096191
7182,candidate_012,met_station_core;fc4_flux;cr1000xe_backbone,1.9504,thermal,particle,3,0.2559596300125122
7182,candidate_012,met_station_core;fc4_flux;cr1000xe_backbone,1.9504,thermal,particle,3,0.15997330844402313
7182,candidate_012,met_station_core;fc4_flux;cr1000xe_backbone,1.9504,thermal,particle,3,0.20133168995380402
7182,candidate_012,met_station_core;fc4_flux;cr1000xe_backbone,1.9504,thermal,particle,3,0.14551220834255219
7182,candidate_012,met_station_core;fc4_flux;cr1000xe_backbone,1.9504,thermal,particle,3,0.2535133361816406
7182,candidate_012,met_station_core;fc4_flux;cr1000xe_backbone,1.9504,thermal,particle,3,0.17128922045230865
7182,candidate_012,met_station_core;fc4_flux;cr1000xe_backbone,1.9504,thermal,particle,3,0.26247653365135193
7182,candidate_012,met_station_core;fc4_flux;cr1000xe_backbone,1.9504,thermal,particle,3,0.15829358994960785
7182,candidate_012,met_station_core;fc4_flux;cr1000xe_backbone,1.9504,thermal,particle,3,0.3178175985813141
7182,candidate_012,met_station_core;fc4_flux;cr1000xe_backbone,1.9504,thermal,particle,3,0.19598513841629028
7182,candidate_012,met_station_core;fc4_flux;cr1000xe_backbone,1.9504,thermal,particle,3,0.38067445158958435
7182,candidate_012,met_station_core;fc4_flux;cr1000xe_backbone,1.9504,thermal,particle,3,0.368949294090271
7182,candidate_012,met_station_core;fc4_flux;cr1000xe_backbone,1.9504,thermal,particle,3,0.5810651779174805
7182,candidate_012,met_station_core;fc4_flux;cr1000xe_backbone,1.9504,thermal,particle,3,0.49088481068611145
7182,candidate_012,met_station_core;fc4_flux;cr1000xe_backbone,1.9504,thermal,particle,3,0.5548392534255981
7182,candidate_012,met_station_core;fc4_flux;cr1000xe_backbone,1.9504,thermal,particle,3,0.5208786129951477
7182,candidate_012,met_station_core;fc4_flux;cr1000xe_backbone,1.9504,thermal,thermal,3,0.5528046488761902
7182,candidate_012,met_station_core;fc4_flux;cr1000xe_backbone,1.9504,thermal,thermal,3,0.5951446890830994
7182,candidate_012,met_station_core;fc4_flux;cr1000xe_backbone,1.9504,thermal,thermal,3,0.6362219452857971
7182,candidate_012,met_station_core;fc4_flux;cr1000xe_backbone,1.9504,thermal,thermal,3,0.6316470503807068
7182,candidate_012,met_station_core;fc4_flux;cr1000xe_backbone,1.9504,thermal,thermal,3,0.613031268119812
7182,candidate_012,met_station_core;fc4_flux;cr1000xe_backbone,1.9504,thermal,thermal,3,0.5720829963684082
7182,candidate_012,met_station_core;fc4_flux;cr1000xe_backbone,1.9504,thermal,thermal,3,0.554256021976471
7182,candidate_012,met_station_core;fc4_flux;cr1000xe_backbone,1.9504,thermal,thermal,3,0.5511453151702881
7182,candidate_012,met_station_core;fc4_flux;cr1000xe_backbone,1.9504,thermal,thermal,3,0.47020775079727173
7182,candidate_012,met_station_core;fc4_flux;cr1000xe_backbone,1.9504,thermal,thermal,3,0.4703572988510132
7182,candidate_012,met_station_core;fc4_flux;cr1000xe_backbone,1.9504,thermal,thermal,3,0.37113627791404724
7182,candidate_012,met_station_core;fc4_flux;cr1000xe_backbone,1.9504,thermal,thermal,3,0.517029345035553
7182,candidate_012,met_station_core;fc4_flux;cr1000xe_backbone,1.9504,thermal,thermal,3,0.4455321729183197
7182,candidate_012,met_station_core;fc4_flux;cr1000xe_backbone,1.9504,thermal,thermal,3,0.4335843622684479
7182,candidate_012,met_station_core;fc4_flux;cr1000xe_backbone,1.9504,thermal,thermal,3,0.36478671431541443
7182,candidate_012,met_station_core;fc4_flux;cr1000xe_backbone,1.9504,thermal,thermal,3,0.2902376055717468
7182,candidate_012,met_station_core;fc4_flux;cr1000xe_backbone,1.9504,calm,thermal,0,0.28578317165374756
7182,candidate_012,met_station_core;fc4_flux;cr1000xe_backbone,1.9504,calm,thermal,0,0.285462349653244
7182,candidate_012,met_station_core;fc4_flux;cr1000xe_backbone,1.9504,calm,thermal,0,0.260993093252182
7182,candidate_012,met_station_core;fc4_flux;cr1000xe_backbone,1.9504,calm,thermal,0,0.2839801013469696
7182,candidate_012,met_station_core;fc4_flux;cr1000xe_backbone,1.9504,calm,thermal,0,0.2560606300830841
7182,candidate_012,met_station_core;fc4_flux;cr1000xe_backbone,1.9504,calm,thermal,0,0.24756190180778503
7182,candidate_012,met_station_core;fc4_flux;cr1000xe_backbone,1.9504,calm,thermal,0,0.18473213911056519
7182,candidate_012,met_station_core;fc4_flux;cr1000xe_backbone,1.9504,calm,thermal,0,0.17158643901348114
7182,candidate_012,met_station_core;fc4_flux;cr1000xe_backbone,1.9504,calm,thermal,0,0.1680115908384323
7182,candidate_012,met_station_core;fc4_flux;cr1000xe_backbone,1.9504,calm,thermal,0,0.2257900983095169
7182,candidate_012,met_station_core;fc4_flux;cr1000xe_backbone,1.9504,calm,thermal,0,0.1762664020061493
7182,candidate_012,met_station_core;fc4_flux;cr1000xe_backbone,1.9504,calm,transport,0,0.3426288366317749
7182,candidate_012,met_station_core;fc4_flux;cr1000xe_backbone,1.9504,thermal,transport,3,0.24657019972801208
7182,candidate_012,met_station_core;fc4_flux;cr1000xe_backbone,1.9504,thermal,transport,3,0.3732183873653412
7182,candidate_013,radiometer_basic;fc4_flux;cr1000xe_backbone,1.9104,calm,thermal,0,1.072939395904541
7182,candidate_013,radiometer_basic;fc4_flux;cr1000xe_backbone,1.9104,calm,thermal,0,1.0634337663650513
7182,candidate_013,radiometer_basic;fc4_flux;cr1000xe_backbone,1.9104,calm,thermal,0,1.0595338344573975
7182,candidate_013,radiometer_basic;fc4_flux;cr1000xe_backbone,1.9104,calm,thermal,0,1.0285462141036987
7182,candidate_013,radiometer_basic;fc4_flux;cr1000xe_backbone,1.9104,calm,thermal,0,0.906184196472168
7182,candidate_013,radiometer_basic;fc4_flux;cr1000xe_backbone,1.9104,calm,thermal,0,0.8899978399276733
7182,candidate_013,radiometer_basic;fc4_flux;cr1000xe_backbone,1.9104,calm,thermal,0,0.8589521646499634
7182,candidate_013,radiometer_basic;fc4_flux;cr1000xe_backbone,1.9104,calm,thermal,0,0.8296000957489014
7182,candidate_013,radiometer_basic;fc4_flux;cr1000xe_backbone,1.9104,calm,thermal,0,0.7922520637512207
7182,candidate_013,radiometer_basic;fc4_flux;cr1000xe_backbone,1.9104,calm,thermal,0,0.6933767795562744
7182,candidate_013,radiometer_basic;fc4_flux;cr1000xe_backbone,1.9104,calm,thermal,0,0.640408456325531
7182,candidate_013,radiometer_basic;fc4_flux;cr1000xe_backbone,1.9104,calm,transport,0,0.6672138571739197
7182,candidate_013,radiometer_basic;fc4_flux;cr1000xe_backbone,1.9104,calm,transport,0,0.68870609998703
7182,candidate_013,radiometer_basic;fc4_flux;cr1000xe_backbone,1.9104,calm,transport,0,0.7142691612243652
7182,candidate_013,radiometer_basic;fc4_flux;cr1000xe_backbone,1.9104,calm,transport,0,0.6982628107070923
7182,candidate_013,radiometer_basic;fc4_flux;cr1000xe_backbone,1.9104,calm,transport,0,0.698006272315979
7182,candidate_013,radiometer_basic;fc4_flux;cr1000xe_backbone,1.9104,calm,transport,0,0.6972400546073914
7182,candidate_013,radiometer_basic;fc4_flux;cr1000xe_backbone,1.9104,calm,transport,0,0.6923759579658508
7182,candidate_013,radiometer_basic;fc4_flux;cr1000xe_backbone,1.9104,calm,transport,0,0.6823282837867737
7182,candidate_013,radiometer_basic;fc4_flux;cr1000xe_backbone,1.9104,calm,transport,0,0.6750069260597229
7182,candidate_013,radiometer_basic;fc4_flux;cr1000xe_backbone,1.9104,calm,transport,0,0.6817639470100403
7182,candidate_013,radiometer_basic;fc4_flux;cr1000xe_backbone,1.9104,calm,transport,0,0.6586389541625977
7182,candidate_013,radiometer_basic;fc4_flux;cr1000xe_backbone,1.9104,calm,transport,0,0.6132795810699463
7182,candidate_013,radiometer_basic;fc4_flux;cr1000xe_backbone,1.9104,calm,transport,0,0.6068461537361145
7182,candidate_013,radiometer_basic;fc4_flux;cr1000xe_backbone,1.9104,calm,transport,0,0.5976408123970032
7182,candidate_013,radiometer_basic;fc4_flux;cr1000xe_backbone,1.9104,calm,transport,0,0.5846096873283386
7182,candidate_013,radiometer_basic;fc4_flux;cr1000xe_backbone,1.9104,calm,transport,0,0.5498251914978027
7182,candidate_013,radiometer_basic;fc4_flux;cr1000xe_backbone,1.9104,calm,transport,0,0.5691587924957275
7182,candidate_013,radiometer_basic;fc4_flux;cr1000xe_backbone,1.9104,calm,transport,0,0.5654712915420532
7182,candidate_013,radiometer_basic;fc4_flux;cr1000xe_backbone,1.9104,calm,transport,0,0.5778046250343323
7182,candidate_013,radiometer_basic;fc4_flux;cr1000xe_backbone,1.9104,calm,transport,0,0.5905293822288513
7182,candidate_013,radiometer_basic;fc4_flux;cr1000xe_backbone,1.9104,calm,transport,0,0.6149083971977234
7182,candidate_013,radiometer_basic;fc4_flux;cr1000xe_backbone,1.9104,calm,transport,0,0.5855963230133057
7182,candidate_013,radiometer_basic;fc4_flux;cr1000xe_backbone,1.9104,calm,transport,0,0.5539095401763916
7182,candidate_013,radiometer_basic;fc4_flux;cr1000xe_backbone,1.9104,calm,transport,0,0.5484129786491394
7182,candidate_013,radiometer_basic;fc4_flux;cr1000xe_backbone,1.9104,calm,transport,0,0.5565729737281799
7182,candidate_013,radiometer_basic;fc4_flux;cr1000xe_backbone,1.9104,calm,transport,0,0.5696537494659424
7182,candidate_013,radiometer_basic;fc4_flux;cr1000xe_backbone,1.9104,calm,transport,0,0.5857368111610413
7182,candidate_013,radiometer_basic;fc4_flux;cr1000xe_backbone,1.9104,calm,transport,0,0.6042898893356323
7182,candidate_013,radiometer_basic;fc4_flux;cr1000xe_backbone,1.9104,calm,transport,0,0.6355649828910828
7182,candidate_013,radiometer_basic;fc4_flux;cr1000xe_backbone,1.9104,calm,transport,0,0.6558889150619507
7182,candidate_013,radiometer_basic;fc4_flux;cr1000xe_backbone,1.9104,calm,transport,0,0.6656767725944519
7182,candidate_013,radiometer_basic;fc4_flux;cr1000xe_backbone,1.9104,calm,transport,0,0.6398419737815857
7182,candidate_013,radiometer_basic;fc4_flux;cr1000xe_backbone,1.9104,calm,transport,0,0.6545010209083557
7182,candidate_013,radiometer_basic;fc4_flux;cr1000xe_backbone,1.9104,calm,particle,0,0.6408876776695251
7182,candidate_013,radiometer_basic;fc4_flux;cr1000xe_backbone,1.9104,calm,particle,0,0.6152245402336121
7182,candidate_013,radiometer_basic;fc4_flux;cr1000xe_backbone,1.9104,calm,particle,0,0.6110233068466187
7182,candidate_013,radiometer_basic;fc4_flux;cr1000xe_backbone,1.9104,calm,particle,0,0.6298151612281799
7182,candidate_013,radiometer_basic;fc4_flux;cr1000xe_backbone,1.9104,calm,particle,0,0.6060359477996826
7182,candidate_013,radiometer_basic;fc4_flux;cr1000xe_backbone,1.9104,calm,particle,0,0.596210241317749
7182,candidate_013,radiometer_basic;fc4_flux;cr1000xe_backbone,1.9104,calm,particle,0,0.5525853037834167
7182,candidate_013,radiometer_basic;fc4_flux;cr1000xe_backbone,1.9104,calm,particle,0,0.5495592951774597
7182,candidate_013,radiometer_basic;fc4_flux;cr1000xe_backbone,1.9104,calm,particle,0,0.5320447087287903
7182,candidate_013,radiometer_basic;fc4_flux;cr1000xe_backbone,1.9104,calm,particle,0,0.5077084302902222
7182,candidate_013,radiometer_basic;fc4_flux;cr1000xe_backbone,1.9104,calm,particle,0,0.5532368421554565
7182,candidate_013,radiometer_basic;fc4_flux;cr1000xe_backbone,1.9104,calm,particle,0,0.5702881217002869
7182,candidate_013,radiometer_basic;fc4_flux;cr1000xe_backbone,1.9104,calm,particle,0,0.5216418504714966
7182,candidate_013,radiometer_basic;fc4_flux;cr1000xe_backbone,1.9104,calm,particle,0,0.49966272711753845
7182,candidate_013,radiometer_basic;fc4_flux;cr1000xe_backbone,1.9104,calm,particle,0,0.48381733894348145
7182,candidate_013,radiometer_basic;fc4_flux;cr1000xe_backbone,1.9104,calm,particle,0,0.5067914128303528
7182,candidate_013,radiometer_basic;fc4_flux;cr1000xe_backbone,1.9104,calm,particle,0,0.5110449194908142
7182,candidate_013,radiometer_basic;fc4_flux;cr1000xe_backbone,1.9104,calm,particle,0,0.4876154363155365
7182,candidate_013,radiometer_basic;fc4_flux;cr1000xe_backbone,1.9104,calm,particle,0,0.5313875079154968
7182,candidate_013,radiometer_basic;fc4_flux;cr1000xe_backbone,1.9104,calm,particle,0,0.5530943870544434
7182,candidate_013,radiometer_basic;fc4_flux;cr1000xe_backbone,1.9104,calm,particle,0,0.577144980430603
7182,candidate_013,radiometer_basic;fc4_flux;cr1000xe_backbone,1.9104,calm,thermal,0,0.5823437571525574
7182,candidate_013,radiometer_basic;fc4_flux;cr1000xe_backbone,1.9104,calm,thermal,0,0.567374050617218
7182,candidate_013,radiometer_basic;fc4_flux;cr1000xe_backbone,1.9104,calm,thermal,0,0.5783829689025879
7182,candidate_013,radiometer_basic;fc4_flux;cr1000xe_backbone,1.9104,calm,thermal,0,0.5726414322853088
7182,candidate_013,radiometer_basic;fc4_flux;cr1000xe_backbone,1.9104,calm,thermal,0,0.5628600716590881
7182,candidate_013,radiometer_basic;fc4_flux;cr1000xe_backbone,1.9104,calm,thermal,0,0.5373307466506958
7182,candidate_013,radiometer_basic;fc4_flux;cr1000xe_backbone,1.9104,calm,thermal,0,0.5447289943695068
7182,candidate_013,radiometer_basic;fc4_flux;cr1000xe_backbone,1.9104,calm,thermal,0,0.5455132126808167
7182,candidate_013,radiometer_basic;fc4_flux;cr1000xe_backbone,1.9104,calm,thermal,0,0.5290432572364807
7182,candidate_013,radiometer_basic;fc4_flux;cr1000xe_backbone,1.9104,calm,thermal,0,0.5210371613502502
7182,candidate_013,radiometer_basic;fc4_flux;cr1000xe_backbone,1.9104,calm,thermal,0,0.49810484051704407
7182,candidate_013,radiometer_basic;fc4_flux;cr1000xe_backbone,1.9104,calm,thermal,0,0.5071518421173096
7182,candidate_013,radiometer_basic;fc4_flux;cr1000xe_backbone,1.9104,calm,thermal,0,0.5137729048728943
7182,candidate_013,radiometer_basic;fc4_flux;cr1000xe_backbone,1.9104,calm,thermal,0,0.5275808572769165
7182,candidate_013,radiometer_basic;fc4_flux;cr1000xe_backbone,1.9104,calm,thermal,0,0.5476871132850647
7182,candidate_013,radiometer_basic;fc4_flux;cr1000xe_backbone,1.9104,calm,thermal,0,0.5524557828903198
7182,candidate_013,radiometer_basic;fc4_flux;cr1000xe_backbone,1.9104,calm,thermal,0,0.5268911719322205
7182,candidate_013,radiometer_basic;fc4_flux;cr1000xe_backbone,1.9104,calm,thermal,0,0.5254760384559631
7182,candidate_013,radiometer_basic;fc4_flux;cr1000xe_backbone,1.9104,calm,thermal,0,0.5729546546936035
7182,candidate_013,radiometer_basic;fc4_flux;cr1000xe_backbone,1.9104,calm,thermal,0,0.5789742469787598
7182,candidate_013,radiometer_basic;fc4_flux;cr1000xe_backbone,1.9104,calm,thermal,0,0.5922595858573914
7182,candidate_013,radiometer_basic;fc4_flux;cr1000xe_backbone,1.9104,calm,thermal,0,0.6079757213592529
7182,candidate_013,radiometer_basic;fc4_flux;cr1000xe_backbone,1.9104,calm,thermal,0,0.6440231800079346
7182,candidate_013,radiometer_basic;fc4_flux;cr1000xe_backbone,1.9104,calm,thermal,0,0.6728423237800598
7182,candidate_013,radiometer_basic;fc4_flux;cr1000xe_backbone,1.9104,calm,transport,0,0.676925539970398
7182,candidate_013,radiometer_basic;fc4_flux;cr1000xe_backbone,1.9104,calm,transport,0,0.6698635816574097
7182,candidate_013,radiometer_basic;fc4_flux;cr1000xe_backbone,1.9104,calm,transport,0,0.6680533289909363
7182,candidate_013,radiometer_basic;fc4_flux;cr1000xe_backbone,1.9104,calm,transport,0,0.6663385629653931
7182,candidate_013,radiometer_basic;fc4_flux;cr1000xe_backbone,1.9104,calm,transport,0,0.6466896533966064
7182,candidate_013,radiometer_basic;fc4_flux;cr1000xe_backbone,1.9104,calm,transport,0,0.6236252784729004
7182,candidate_013,radiometer_basic;fc4_flux;cr1000xe_backbone,1.9104,calm,transport,0,0.6155130863189697
7182,candidate_013,radiometer_basic;fc4_flux;cr1000xe_backbone,1.9104,calm,transport,0,0.5972058773040771
7182,candidate_013,radiometer_basic;fc4_flux;cr1000xe_backbone,1.9104,calm,transport,0,0.5864623188972473
7182,candidate_013,radiometer_basic;fc4_flux;cr1000xe_backbone,1.9104,calm,transport,0,0.5292328596115112
7182,candidate_013,radiometer_basic;fc4_flux;cr1000xe_backbone,1.9104,calm,transport,0,0.5408044457435608
7182,candidate_013,radiometer_basic;fc4_flux;cr1000xe_backbone,1.9104,calm,transport,0,0.5180667638778687
7182,candidate_013,radiometer_basic;fc4_flux;cr1000xe_backbone,1.9104,calm,transport,0,0.5418159365653992
7182,candidate_013,radiometer_basic;fc4_flux;cr1000xe_backbone,1.9104,calm,transport,0,0.5565798878669739
7182,candidate_013,radiometer_basic;fc4_flux;cr1000xe_backbone,1.9104,calm,transport,0,0.5423668622970581
7182,candidate_013,radiometer_basic;fc4_flux;cr1000xe_backbone,1.9104,calm,transport,0,0.5501519441604614
7182,candidate_013,radiometer_basic;fc4_flux;cr1000xe_backbone,1.9104,calm,transport,0,0.5198933482170105
7182,candidate_013,radiometer_basic;fc4_flux;cr1000xe_backbone,1.9104,calm,transport,0,0.52004474401474
7182,candidate_013,radiometer_basic;fc4_flux;cr1000xe_backbone,1.9104,calm,transport,0,0.5359345078468323
7182,candidate_013,radiometer_basic;fc4_flux;cr1000xe_backbone,1.9104,calm,transport,0,0.5669327974319458
7182,candidate_013,radiometer_basic;fc4_flux;cr1000xe_backbone,1.9104,calm,transport,0,0.5783947110176086
7182,candidate_013,radiometer_basic;fc4_flux;cr1000xe_backbone,1.9104,calm,transport,0,0.5970314145088196
7182,candidate_013,radiometer_basic;fc4_flux;cr1000xe_backbone,1.9104,calm,particle,0,0.619068443775177
7182,candidate_013,radiometer_basic;fc4_flux;cr1000xe_backbone,1.9104,calm,particle,0,0.6550428867340088
7182,candidate_013,radiometer_basic;fc4_flux;cr1000xe_backbone,1.9104,calm,particle,0,0.6601561307907104
7182,candidate_013,radiometer_basic;fc4_flux;cr1000xe_backbone,1.9104,calm,particle,0,0.6584690809249878
7182,candidate_013,radiometer_basic;fc4_flux;cr1000xe_backbone,1.9104,calm,particle,0,0.6752892732620239
7182,candidate_013,radiometer_basic;fc4_flux;cr1000xe_backbone,1.9104,calm,particle,0,0.69548100233078
7182,candidate_013,radiometer_basic;fc4_flux;cr1000xe_backbone,1.9104,calm,particle,0,0.7094025611877441
7182,candidate_013,radiometer_basic;fc4_flux;cr1000xe_backbone,1.9104,calm,particle,0,0.7197594046592712
7182,candidate_013,radiometer_basic;fc4_flux;cr1000xe_backbone,1.9104,calm,particle,0,0.7145349383354187
7182,candidate_013,radiometer_basic;fc4_flux;cr1000xe_backbone,1.9104,calm,particle,0,0.7449440956115723
7182,candidate_013,radiometer_basic;fc4_flux;cr1000xe_backbone,1.9104,calm,particle,0,0.7145140171051025
7182,candidate_013,radiometer_basic;fc4_flux;cr1000xe_backbone,1.9104,calm,particle,0,0.7226954102516174
7182,candidate_013,radiometer_basic;fc4_flux;cr1000xe_backbone,1.9104,calm,particle,0,0.7393012642860413
7182,candidate_013,radiometer_basic;fc4_flux;cr1000xe_backbone,1.9104,calm,particle,0,0.7492854595184326
7182,candidate_013,radiometer_basic;fc4_flux;cr1000xe_backbone,1.9104,calm,particle,0,0.7519283890724182
7182,candidate_013,radiometer_basic;fc4_flux;cr1000xe_backbone,1.9104,calm,particle,0,0.8335351943969727
7182,candidate_013,radiometer_basic;fc4_flux;cr1000xe_backbone,1.9104,calm,particle,0,0.8073381185531616
7182,candidate_013,radiometer_basic;fc4_flux;cr1000xe_backbone,1.9104,calm,particle,0,0.800607442855835
7182,candidate_013,radiometer_basic;fc4_flux;cr1000xe_backbone,1.9104,calm,particle,0,0.7914468050003052
7182,candidate_013,radiometer_basic;fc4_flux;cr1000xe_backbone,1.9104,calm,particle,0,0.8018755316734314
7182,candidate_013,radiometer_basic;fc4_flux;cr1000xe_backbone,1.9104,calm,particle,0,0.8431275486946106
7182,candidate_013,radiometer_basic;fc4_flux;cr1000xe_backbone,1.9104,calm,particle,0,0.8674699664115906
7182,candidate_013,radiometer_basic;fc4_flux;cr1000xe_backbone,1.9104,calm,particle,0,0.8586224913597107
7182,candidate_013,radiometer_basic;fc4_flux;cr1000xe_backbone,1.9104,calm,thermal,0,0.9027884602546692
7182,candidate_013,radiometer_basic;fc4_flux;cr1000xe_backbone,1.9104,calm,thermal,0,0.9355482459068298
7182,candidate_013,radiometer_basic;fc4_flux;cr1000xe_backbone,1.9104,calm,thermal,0,0.9442967772483826
7182,candidate_013,radiometer_basic;fc4_flux;cr1000xe_backbone,1.9104,calm,thermal,0,0.9486943483352661
7182,candidate_013,radiometer_basic;fc4_flux;cr1000xe_backbone,1.9104,calm,thermal,0,0.9559484124183655
7182,candidate_013,radiometer_basic;fc4_flux;cr1000xe_backbone,1.9104,calm,thermal,0,0.9812424778938293
7182,candidate_013,radiometer_basic;fc4_flux;cr1000xe_backbone,1.9104,calm,thermal,0,0.9840760231018066
7182,candidate_013,radiometer_basic;fc4_flux;cr1000xe_backbone,1.9104,calm,thermal,0,0.9670774936676025
7182,candidate_013,radiometer_basic;fc4_flux;cr1000xe_backbone,1.9104,calm,thermal,0,0.9412884712219238
7182,candidate_013,radiometer_basic;fc4_flux;cr1000xe_backbone,1.9104,calm,thermal,0,0.9379664659500122
7182,candidate_013,radiometer_basic;fc4_flux;cr1000xe_backbone,1.9104,calm,thermal,0,0.9357131719589233
7182,candidate_013,radiometer_basic;fc4_flux;cr1000xe_backbone,1.9104,calm,thermal,0,0.9270487427711487
7182,candidate_013,radiometer_basic;fc4_flux;cr1000xe_backbone,1.9104,calm,thermal,0,0.8720764517784119
7182,candidate_013,radiometer_basic;fc4_flux;cr1000xe_backbone,1.9104,calm,thermal,0,0.8971273303031921
7182,candidate_013,radiometer_basic;fc4_flux;cr1000xe_backbone,1.9104,calm,thermal,0,0.858121931552887
7182,candidate_013,radiometer_basic;fc4_flux;cr1000xe_backbone,1.9104,calm,thermal,0,0.8745021224021912
7182,candidate_013,radiometer_basic;fc4_flux;cr1000xe_backbone,1.9104,calm,thermal,0,0.8981566429138184
7182,candidate_013,radiometer_basic;fc4_flux;cr1000xe_backbone,1.9104,calm,thermal,0,0.8827947974205017
7182,candidate_013,radiometer_basic;fc4_flux;cr1000xe_backbone,1.9104,calm,thermal,0,0.87275230884552
7182,candidate_013,radiometer_basic;fc4_flux;cr1000xe_backbone,1.9104,calm,thermal,0,0.8544110655784607
7182,candidate_013,radiometer_basic;fc4_flux;cr1000xe_backbone,1.9104,calm,thermal,0,0.8522873520851135
7182,candidate_013,radiometer_basic;fc4_flux;cr1000xe_backbone,1.9104,calm,transport,0,0.878879964351654
7182,candidate_013,radiometer_basic;fc4_flux;cr1000xe_backbone,1.9104,calm,transport,0,0.9437242746353149
7182,candidate_013,radiometer_basic;fc4_flux;cr1000xe_backbone,1.9104,calm,transport,0,0.8999683260917664
7182,candidate_013,radiometer_basic;fc4_flux;cr1000xe_backbone,1.9104,calm,transport,0,0.9343409538269043
7182,candidate_013,radiometer_basic;fc4_flux;cr1000xe_backbone,1.9104,calm,transport,0,0.9193027019500732
7182,candidate_013,radiometer_basic;fc4_flux;cr1000xe_backbone,1.9104,calm,transport,0,0.9696700572967529
7182,candidate_013,radiometer_basic;fc4_flux;cr1000xe_backbone,1.9104,calm,transport,0,0.9416282176971436
7182,candidate_013,radiometer_basic;fc4_flux;cr1000xe_backbone,1.9104,calm,transport,0,0.9664316773414612
7182,candidate_013,radiometer_basic;fc4_flux;cr1000xe_backbone,1.9104,calm,transport,0,0.9718042612075806
7182,candidate_013,radiometer_basic;fc4_flux;cr1000xe_backbone,1.9104,calm,transport,0,1.0548781156539917
7182,candidate_013,radiometer_basic;fc4_flux;cr1000xe_backbone,1.9104,calm,transport,0,1.0076589584350586
7182,candidate_013,radiometer_basic;fc4_flux;cr1000xe_backbone,1.9104,calm,transport,0,0.9583374857902527
7182,candidate_013,radiometer_basic;fc4_flux;cr1000xe_backbone,1.9104,calm,transport,0,0.9680992960929871
7182,candidate_013,radiometer_basic;fc4_flux;cr1000xe_backbone,1.9104,calm,transport,0,0.9758478403091431
7182,candidate_013,radiometer_basic;fc4_flux;cr1000xe_backbone,1.9104,calm,transport,0,0.9250476360321045
7182,candidate_013,radiometer_basic;fc4_flux;cr1000xe_backbone,1.9104,calm,transport,0,0.9387189149856567
7182,candidate_013,radiometer_basic;fc4_flux;cr1000xe_backbone,1.9104,calm,transport,0,0.9140421152114868
7182,candidate_013,radiometer_basic;fc4_flux;cr1000xe_backbone,1.9104,calm,transport,0,0.9471710324287415
7182,candidate_013,radiometer_basic;fc4_flux;cr1000xe_backbone,1.9104,calm,particle,0,0.9342982172966003
7182,candidate_013,radiometer_basic;fc4_flux;cr1000xe_backbone,1.9104,calm,particle,0,0.9331916570663452
7182,candidate_013,radiometer_basic;fc4_flux;cr1000xe_backbone,1.9104,calm,particle,0,0.950458288192749
7182,candidate_013,radiometer_basic;fc4_flux;cr1000xe_backbone,1.9104,calm,particle,0,0.9510420560836792
7182,candidate_013,radiometer_basic;fc4_flux;cr1000xe_backbone,1.9104,calm,particle,0,0.9290492534637451
7182,candidate_013,radiometer_basic;fc4_flux;cr1000xe_backbone,1.9104,calm,particle,0,0.8851335644721985
7182,candidate_013,radiometer_basic;fc4_flux;cr1000xe_backbone,1.9104,calm,particle,0,0.9243637919425964
7182,candidate_013,radiometer_basic;fc4_flux;cr1000xe_backbone,1.9104,calm,particle,0,0.9297375679016113
7182,candidate_013,radiometer_basic;fc4_flux;cr1000xe_backbone,1.9104,calm,particle,0,0.9322671890258789
7182,candidate_013,radiometer_basic;fc4_flux;cr1000xe_backbone,1.9104,calm,particle,0,0.9364309310913086
7182,candidate_013,radiometer_basic;fc4_flux;cr1000xe_backbone,1.9104,calm,particle,0,0.9553728103637695
7182,candidate_013,radiometer_basic;fc4_flux;cr1000xe_backbone,1.9104,calm,particle,0,0.9518018960952759
7182,candidate_013,radiometer_basic;fc4_flux;cr1000xe_backbone,1.9104,calm,particle,0,0.9448774456977844
7182,candidate_013,radiometer_basic;fc4_flux;cr1000xe_backbone,1.9104,calm,particle,0,0.9429587125778198
7182,candidate_013,radiometer_basic;fc4_flux;cr1000xe_backbone,1.9104,calm,particle,0,0.9622319340705872
7182,candidate_013,radiometer_basic;fc4_flux;cr1000xe_backbone,1.9104,calm,particle,0,0.9900749325752258
7182,candidate_013,radiometer_basic;fc4_flux;cr1000xe_backbone,1.9104,calm,particle,0,0.9413119554519653
7182,candidate_013,radiometer_basic;fc4_flux;cr1000xe_backbone,1.9104,calm,particle,0,0.9423048496246338
7182,candidate_013,radiometer_basic;fc4_flux;cr1000xe_backbone,1.9104,calm,particle,0,0.9464191794395447
7182,candidate_013,radiometer_basic;fc4_flux;cr1000xe_backbone,1.9104,calm,particle,0,0.9122799634933472
7182,candidate_013,radiometer_basic;fc4_flux;cr1000xe_backbone,1.9104,calm,particle,0,0.8917664289474487
7182,candidate_013,radiometer_basic;fc4_flux;cr1000xe_backbone,1.9104,calm,particle,0,0.835846483707428
7182,candidate_013,radiometer_basic;fc4_flux;cr1000xe_backbone,1.9104,calm,particle,0,0.8607975244522095
7182,candidate_013,radiometer_basic;fc4_flux;cr1000xe_backbone,1.9104,calm,particle,0,0.8255343437194824
7182,candidate_013,radiometer_basic;fc4_flux;cr1000xe_backbone,1.9104,calm,particle,0,0.8645159602165222
7182,candidate_013,radiometer_basic;fc4_flux;cr1000xe_backbone,1.9104,calm,particle,0,0.8635109066963196
7182,candidate_013,radiometer_basic;fc4_flux;cr1000xe_backbone,1.9104,calm,particle,0,0.8871150016784668
7182,candidate_013,radiometer_basic;fc4_flux;cr1000xe_backbone,1.9104,calm,particle,0,0.8398635983467102
7182,candidate_013,radiometer_basic;fc4_flux;cr1000xe_backbone,1.9104,calm,particle,0,0.8276453614234924
7182,candidate_013,radiometer_basic;fc4_flux;cr1000xe_backbone,1.9104,calm,particle,0,0.8501862287521362
7182,candidate_013,radiometer_basic;fc4_flux;cr1000xe_backbone,1.9104,calm,particle,0,0.8792031407356262
7182,candidate_013,radiometer_basic;fc4_flux;cr1000xe_backbone,1.9104,calm,particle,0,0.906109094619751
7182,candidate_013,radiometer_basic;fc4_flux;cr1000xe_backbone,1.9104,calm,thermal,0,0.924506664276123
7182,candidate_013,radiometer_basic;fc4_flux;cr1000xe_backbone,1.9104,calm,thermal,0,0.9353942275047302
7182,candidate_013,radiometer_basic;fc4_flux;cr1000xe_backbone,1.9104,calm,thermal,0,0.9365302324295044
7182,candidate_013,radiometer_basic;fc4_flux;cr1000xe_backbone,1.9104,calm,thermal,0,0.9924890398979187
7182,candidate_013,radiometer_basic;fc4_flux;cr1000xe_backbone,1.9104,calm,thermal,0,0.9802771806716919
7182,candidate_013,radiometer_basic;fc4_flux;cr1000xe_backbone,1.9104,calm,thermal,0,0.9897957444190979
7182,candidate_013,radiometer_basic;fc4_flux;cr1000xe_backbone,1.9104,calm,thermal,0,1.0026394128799438
7182,candidate_013,radiometer_basic;fc4_flux;cr1000xe_backbone,1.9104,calm,thermal,0,1.0172446966171265
7182,candidate_013,radiometer_basic;fc4_flux;cr1000xe_backbone,1.9104,calm,thermal,0,1.0250166654586792
7182,candidate_013,radiometer_basic;fc4_flux;cr1000xe_backbone,1.9104,calm,thermal,0,1.0314403772354126
7182,candidate_013,radiometer_basic;fc4_flux;cr1000xe_backbone,1.9104,calm,thermal,0,1.0340516567230225
7182,candidate_013,radiometer_basic;fc4_flux;cr1000xe_backbone,1.9104,calm,thermal,0,1.0124197006225586
7182,candidate_013,radiometer_basic;fc4_flux;cr1000xe_backbone,1.9104,calm,thermal,0,0.9599859714508057
7182,candidate_013,radiometer_basic;fc4_flux;cr1000xe_backbone,1.9104,calm,thermal,0,0.9484046101570129
7182,candidate_013,radiometer_basic;fc4_flux;cr1000xe_backbone,1.9104,calm,thermal,0,0.926498293876648
7182,candidate_013,radiometer_basic;fc4_flux;cr1000xe_backbone,1.9104,calm,thermal,0,0.9209991693496704
7182,candidate_013,radiometer_basic;fc4_flux;cr1000xe_backbone,1.9104,calm,thermal,0,0.9348587989807129
7182,candidate_013,radiometer_basic;fc4_flux;cr1000xe_backbone,1.9104,calm,thermal,0,0.9666057825088501
7182,candidate_013,radiometer_basic;fc4_flux;cr1000xe_backbone,1.9104,calm,thermal,0,0.9914840459823608
7182,candidate_013,radiometer_basic;fc4_flux;cr1000xe_backbone,1.9104,calm,thermal,0,0.9930000305175781
7182,candidate_013,radiometer_basic;fc4_flux;cr1000xe_backbone,1.9104,calm,thermal,0,0.9681846499443054
7182,candidate_013,radiometer_basic;fc4_flux;cr1000xe_backbone,1.9104,calm,thermal,0,0.9770464301109314
7182,candidate_013,radiometer_basic;fc4_flux;cr1000xe_backbone,1.9104,calm,thermal,0,0.9476850628852844
7182,candidate_013,radiometer_basic;fc4_flux;cr1000xe_backbone,1.9104,calm,thermal,0,0.9830746650695801
7182,candidate_013,radiometer_basic;fc4_flux;cr1000xe_backbone,1.9104,thermal,thermal,3,0.9389815330505371
7182,candidate_013,radiometer_basic;fc4_flux;cr1000xe_backbone,1.9104,thermal,thermal,3,0.9330864548683167
7182,candidate_013,radiometer_basic;fc4_flux;cr1000xe_backbone,1.9104,thermal,thermal,3,0.9101821780204773
7182,candidate_013,radiometer_basic;fc4_flux;cr1000xe_backbone,1.9104,thermal,transport,3,0.939271092414856
7182,candidate_013,radiometer_basic;fc4_flux;cr1000xe_backbone,1.9104,thermal,transport,3,0.9261546730995178
7182,candidate_013,radiometer_basic;fc4_flux;cr1000xe_backbone,1.9104,thermal,transport,3,0.9109932780265808
7182,candidate_013,radiometer_basic;fc4_flux;cr1000xe_backbone,1.9104,thermal,transport,3,0.9438979029655457
7182,candidate_013,radiometer_basic;fc4_flux;cr1000xe_backbone,1.9104,thermal,transport,3,0.915737509727478
7182,candidate_013,radiometer_basic;fc4_flux;cr1000xe_backbone,1.9104,thermal,transport,3,1.011038064956665
7182,candidate_013,radiometer_basic;fc4_flux;cr1000xe_backbone,1.9104,thermal,transport,3,0.9387847185134888
7182,candidate_013,radiometer_basic;fc4_flux;cr1000xe_backbone,1.9104,thermal,transport,3,0.9381194710731506
7182,candidate_013,radiometer_basic;fc4_flux;cr1000xe_backbone,1.9104,thermal,transport,3,0.9539574980735779
7182,candidate_013,radiometer_basic;fc4_flux;cr1000xe_backbone,1.9104,thermal,transport,3,0.926000714302063
7182,candidate_013,radiometer_basic;fc4_flux;cr1000xe_backbone,1.9104,thermal,transport,3,0.8932616710662842
7182,candidate_013,radiometer_basic;fc4_flux;cr1000xe_backbone,1.9104,thermal,transport,3,0.8857559561729431
7182,candidate_013,radiometer_basic;fc4_flux;cr1000xe_backbone,1.9104,thermal,transport,3,0.8557738065719604
7182,candidate_013,radiometer_basic;fc4_flux;cr1000xe_backbone,1.9104,thermal,transport,3,0.8426647782325745
7182,candidate_013,radiometer_basic;fc4_flux;cr1000xe_backbone,1.9104,thermal,transport,3,0.820091724395752
7182,candidate_013,radiometer_basic;fc4_flux;cr1000xe_backbone,1.9104,thermal,transport,3,0.8098055124282837
7182,candidate_013,radiometer_basic;fc4_flux;cr1000xe_backbone,1.9104,thermal,transport,3,0.7791081666946411
7182,candidate_013,radiometer_basic;fc4_flux;cr1000xe_backbone,1.9104,thermal,transport,3,0.7855014801025391
7182,candidate_013,radiometer_basic;fc4_flux;cr1000xe_backbone,1.9104,thermal,transport,3,0.7616307139396667
7182,candidate_013,radiometer_basic;fc4_flux;cr1000xe_backbone,1.9104,thermal,transport,3,0.7814486026763916
7182,candidate_013,radiometer_basic;fc4_flux;cr1000xe_backbone,1.9104,thermal,transport,3,0.776929497718811
7182,candidate_013,radiometer_basic;fc4_flux;cr1000xe_backbone,1.9104,thermal,transport,3,0.8224378228187561
7182,candidate_013,radiometer_basic;fc4_flux;cr1000xe_backbone,1.9104,thermal,transport,3,0.8467544317245483
7182,candidate_013,radiometer_basic;fc4_flux;cr1000xe_backbone,1.9104,thermal,transport,3,0.8601768016815186
7182,candidate_013,radiometer_basic;fc4_flux;cr1000xe_backbone,1.9104,calm,thermal,0,0.8431208729743958
7182,candidate_013,radiometer_basic;fc4_flux;cr1000xe_backbone,1.9104,particle,thermal,1,0.6239891052246094
7182,candidate_013,radiometer_basic;fc4_flux;cr1000xe_backbone,1.9104,particle,thermal,1,0.6049376726150513
7182,candidate_013,radiometer_basic;fc4_flux;cr1000xe_backbone,1.9104,particle,thermal,1,0.5440114736557007
7182,candidate_013,radiometer_basic;fc4_flux;cr1000xe_backbone,1.9104,particle,thermal,1,0.5000532865524292
7182,candidate_013,radiometer_basic;fc4_flux;cr1000xe_backbone,1.9104,particle,thermal,1,0.45523887872695923
7182,candidate_013,radiometer_basic;fc4_flux;cr1000xe_backbone,1.9104,particle,thermal,1,0.44576069712638855
7182,candidate_013,radiometer_basic;fc4_flux;cr1000xe_backbone,1.9104,particle,thermal,1,0.40828558802604675
7182,candidate_013,radiometer_basic;fc4_flux;cr1000xe_backbone,1.9104,particle,thermal,1,0.37365031242370605
7182,candidate_013,radiometer_basic;fc4_flux;cr1000xe_backbone,1.9104,particle,thermal,1,0.33383461833000183
7182,candidate_013,radiometer_basic;fc4_flux;cr1000xe_backbone,1.9104,particle,thermal,1,0.32500380277633667
7182,candidate_013,radiometer_basic;fc4_flux;cr1000xe_backbone,1.9104,particle,thermal,1,0.31069493293762207
7182,candidate_013,radiometer_basic;fc4_flux;cr1000xe_backbone,1.9104,particle,thermal,1,0.26047685742378235
7182,candidate_013,radiometer_basic;fc4_flux;cr1000xe_backbone,1.9104,particle,thermal,1,0.2579459249973297
7182,candidate_013,radiometer_basic;fc4_flux;cr1000xe_backbone,1.9104,particle,thermal,1,0.2348749041557312
7182,candidate_013,radiometer_basic;fc4_flux;cr1000xe_backbone,1.9104,particle,transport,1,0.23389370739459991
7182,candidate_013,radiometer_basic;fc4_flux;cr1000xe_backbone,1.9104,particle,transport,1,0.2158154994249344
7182,candidate_013,radiometer_basic;fc4_flux;cr1000xe_backbone,1.9104,particle,transport,1,0.26335835456848145
7182,candidate_013,radiometer_basic;fc4_flux;cr1000xe_backbone,1.9104,particle,transport,1,0.23005172610282898
7182,candidate_013,radiometer_basic;fc4_flux;cr1000xe_backbone,1.9104,particle,transport,1,0.2581511437892914
7182,candidate_013,radiometer_basic;fc4_flux;cr1000xe_backbone,1.9104,particle,transport,1,0.2755643129348755
7182,candidate_013,radiometer_basic;fc4_flux;cr1000xe_backbone,1.9104,particle,transport,1,0.2764979898929596
7182,candidate_013,radiometer_basic;fc4_flux;cr1000xe_backbone,1.9104,particle,transport,1,0.23589013516902924
7182,candidate_013,radiometer_basic;fc4_flux;cr1000xe_backbone,1.9104,particle,transport,1,0.3045080602169037
7182,candidate_013,radiometer_basic;fc4_flux;cr1000xe_backbone,1.9104,particle,transport,1,0.28844547271728516
7182,candidate_013,radiometer_basic;fc4_flux;cr1000xe_backbone,1.9104,particle,transport,1,0.32436078786849976
7182,candidate_013,radiometer_basic;fc4_flux;cr1000xe_backbone,1.9104,particle,transport,1,0.2466236799955368
7182,candidate_013,radiometer_basic;fc4_flux;cr1000xe_backbone,1.9104,particle,transport,1,0.27128857374191284
7182,candidate_013,radiometer_basic;fc4_flux;cr1000xe_backbone,1.9104,particle,transport,1,0.2717079222202301
7182,candidate_013,radiometer_basic;fc4_flux;cr1000xe_backbone,1.9104,particle,transport,1,0.29089444875717163
7182,candidate_013,radiometer_basic;fc4_flux;cr1000xe_backbone,1.9104,particle,transport,1,0.30546116828918457
7182,candidate_013,radiometer_basic;fc4_flux;cr1000xe_backbone,1.9104,particle,transport,1,0.3448221981525421
7182,candidate_013,radiometer_basic;fc4_flux;cr1000xe_backbone,1.9104,particle,transport,1,0.352835088968277
7182,candidate_013,radiometer_basic;fc4_flux;cr1000xe_backbone,1.9104,particle,transport,1,0.3690919578075409
7182,candidate_013,radiometer_basic;fc4_flux;cr1000xe_backbone,1.9104,particle,transport,1,0.3909573256969452
7182,candidate_013,radiometer_basic;fc4_flux;cr1000xe_backbone,1.9104,particle,transport,1,0.4153994023799896
7182,candidate_013,radiometer_basic;fc4_flux;cr1000xe_backbone,1.9104,particle,transport,1,0.4549574851989746
7182,candidate_013,radiometer_basic;fc4_flux;cr1000xe_backbone,1.9104,particle,transport,1,0.43779629468917847
7182,candidate_013,radiometer_basic;fc4_flux;cr1000xe_backbone,1.9104,particle,transport,1,0.4909471571445465
7182,candidate_013,radiometer_basic;fc4_flux;cr1000xe_backbone,1.9104,particle,transport,1,0.5174237489700317
7182,candidate_013,radiometer_basic;fc4_flux;cr1000xe_backbone,1.9104,particle,transport,1,0.5416903495788574
7182,candidate_013,radiometer_basic;fc4_flux;cr1000xe_backbone,1.9104,particle,transport,1,0.5356806516647339
7182,candidate_013,radiometer_basic;fc4_flux;cr1000xe_backbone,1.9104,particle,transport,1,0.5535160303115845
7182,candidate_013,radiometer_basic;fc4_flux;cr1000xe_backbone,1.9104,particle,particle,1,0.5776752233505249
7182,candidate_013,radiometer_basic;fc4_flux;cr1000xe_backbone,1.9104,particle,particle,1,0.5461499691009521
7182,candidate_013,radiometer_basic;fc4_flux;cr1000xe_backbone,1.9104,particle,particle,1,0.5463345646858215
7182,candidate_013,radiometer_basic;fc4_flux;cr1000xe_backbone,1.9104,particle,particle,1,0.5739564299583435
7182,candidate_013,radiometer_basic;fc4_flux;cr1000xe_backbone,1.9104,particle,particle,1,0.6181764006614685
7182,candidate_013,radiometer_basic;fc4_flux;cr1000xe_backbone,1.9104,particle,particle,1,0.5957348346710205
7182,candidate_013,radiometer_basic;fc4_flux;cr1000xe_backbone,1.9104,particle,particle,1,0.6187938451766968
7182,candidate_013,radiometer_basic;fc4_flux;cr1000xe_backbone,1.9104,particle,particle,1,0.6054438352584839
7182,candidate_013,radiometer_basic;fc4_flux;cr1000xe_backbone,1.9104,particle,particle,1,0.652905285358429
7182,candidate_013,radiometer_basic;fc4_flux;cr1000xe_backbone,1.9104,particle,particle,1,0.6328361630439758
7182,candidate_013,radiometer_basic;fc4_flux;cr1000xe_backbone,1.9104,particle,particle,1,0.6635444760322571
7182,candidate_013,radiometer_basic;fc4_flux;cr1000xe_backbone,1.9104,particle,particle,1,0.6426648497581482
7182,candidate_013,radiometer_basic;fc4_flux;cr1000xe_backbone,1.9104,particle,particle,1,0.6439046263694763
7182,candidate_013,radiometer_basic;fc4_flux;cr1000xe_backbone,1.9104,particle,particle,1,0.6462195515632629
7182,candidate_013,radiometer_basic;fc4_flux;cr1000xe_backbone,1.9104,particle,particle,1,0.669663667678833
7182,candidate_013,radiometer_basic;fc4_flux;cr1000xe_backbone,1.9104,particle,particle,1,0.6556355953216553
7182,candidate_013,radiometer_basic;fc4_flux;cr1000xe_backbone,1.9104,particle,particle,1,0.6500735282897949
7182,candidate_013,radiometer_basic;fc4_flux;cr1000xe_backbone,1.9104,calm,particle,0,0.6816384196281433
7182,candidate_013,radiometer_basic;fc4_flux;cr1000xe_backbone,1.9104,calm,particle,0,0.642833948135376
7182,candidate_013,radiometer_basic;fc4_flux;cr1000xe_backbone,1.9104,calm,particle,0,0.6515358686447144
7182,candidate_013,radiometer_basic;fc4_flux;cr1000xe_backbone,1.9104,calm,particle,0,0.6325019598007202
7182,candidate_013,radiometer_basic;fc4_flux;cr1000xe_backbone,1.9104,calm,particle,0,0.6056017279624939
7182,candidate_013,radiometer_basic;fc4_flux;cr1000xe_backbone,1.9104,calm,particle,0,0.5899277329444885
7182,candidate_013,radiometer_basic;fc4_flux;cr1000xe_backbone,1.9104,calm,particle,0,0.6055722236633301
7182,candidate_013,radiometer_basic;fc4_flux;cr1000xe_backbone,1.9104,calm,particle,0,0.5731322765350342
7182,candidate_013,radiometer_basic;fc4_flux;cr1000xe_backbone,1.9104,calm,particle,0,0.5794177055358887
7182,candidate_013,radiometer_basic;fc4_flux;cr1000xe_backbone,1.9104,calm,particle,0,0.5691670179367065
7182,candidate_013,radiometer_basic;fc4_flux;cr1000xe_backbone,1.9104,calm,particle,0,0.599683940410614
7182,candidate_013,radiometer_basic;fc4_flux;cr1000xe_backbone,1.9104,calm,particle,0,0.6328049302101135
7182,candidate_013,radiometer_basic;fc4_flux;cr1000xe_backbone,1.9104,calm,particle,0,0.6076098084449768
7182,candidate_013,radiometer_basic;fc4_flux;cr1000xe_backbone,1.9104,calm,particle,0,0.6330620646476746
7182,candidate_013,radiometer_basic;fc4_flux;cr1000xe_backbone,1.9104,particle,particle,1,0.6361868381500244
7182,candidate_013,radiometer_basic;fc4_flux;cr1000xe_backbone,1.9104,particle,particle,1,0.6898955702781677
7182,candidate_013,radiometer_basic;fc4_flux;cr1000xe_backbone,1.9104,particle,particle,1,0.6630973815917969
7182,candidate_013,radiometer_basic;fc4_flux;cr1000xe_backbone,1.9104,particle,particle,1,0.6633747816085815
7182,candidate_013,radiometer_basic;fc4_flux;cr1000xe_backbone,1.9104,particle,thermal,1,0.6454198956489563
7182,candidate_013,radiometer_basic;fc4_flux;cr1000xe_backbone,1.9104,particle,thermal,1,0.6295337677001953
7182,candidate_013,radiometer_basic;fc4_flux;cr1000xe_backbone,1.9104,particle,thermal,1,0.600370466709137
7182,candidate_013,radiometer_basic;fc4_flux;cr1000xe_backbone,1.9104,particle,thermal,1,0.5749735832214355
7182,candidate_013,radiometer_basic;fc4_flux;cr1000xe_backbone,1.9104,particle,thermal,1,0.5605431795120239
7182,candidate_013,radiometer_basic;fc4_flux;cr1000xe_backbone,1.9104,particle,thermal,1,0.5419619083404541
7182,candidate_013,radiometer_basic;fc4_flux;cr1000xe_backbone,1.9104,particle,thermal,1,0.5497908592224121
7182,candidate_013,radiometer_basic;fc4_flux;cr1000xe_backbone,1.9104,particle,thermal,1,0.5333941578865051
7182,candidate_013,radiometer_basic;fc4_flux;cr1000xe_backbone,1.9104,particle,thermal,1,0.5301277041435242
7182,candidate_013,radiometer_basic;fc4_flux;cr1000xe_backbone,1.9104,particle,thermal,1,0.4950174391269684
7182,candidate_013,radiometer_basic;fc4_flux;cr1000xe_backbone,1.9104,particle,thermal,1,0.4648466110229492
7182,candidate_013,radiometer_basic;fc4_flux;cr1000xe_backbone,1.9104,particle,thermal,1,0.4233877658843994
7182,candidate_013,radiometer_basic;fc4_flux;cr1000xe_backbone,1.9104,particle,thermal,1,0.4145767092704773
7182,candidate_013,radiometer_basic;fc4_flux;cr1000xe_backbone,1.9104,particle,thermal,1,0.36608535051345825
7182,candidate_013,radiometer_basic;fc4_flux;cr1000xe_backbone,1.9104,particle,thermal,1,0.3611313998699188
7182,candidate_013,radiometer_basic;fc4_flux;cr1000xe_backbone,1.9104,particle,thermal,1,0.28507041931152344
7182,candidate_013,radiometer_basic;fc4_flux;cr1000xe_backbone,1.9104,particle,thermal,1,0.2722099721431732
7182,candidate_013,radiometer_basic;fc4_flux;cr1000xe_backbone,1.9104,particle,thermal,1,0.23920360207557678
7182,candidate_013,radiometer_basic;fc4_flux;cr1000xe_backbone,1.9104,particle,transport,1,0.24284377694129944
7182,candidate_013,radiometer_basic;fc4_flux;cr1000xe_backbone,1.9104,particle,transport,1,0.25274568796157837
7182,candidate_013,radiometer_basic;fc4_flux;cr1000xe_backbone,1.9104,particle,transport,1,0.286134272813797
7182,candidate_013,radiometer_basic;fc4_flux;cr1000xe_backbone,1.9104,particle,transport,1,0.28451478481292725
7182,candidate_013,radiometer_basic;fc4_flux;cr1000xe_backbone,1.9104,particle,transport,1,0.28126251697540283
7182,candidate_013,radiometer_basic;fc4_flux;cr1000xe_backbone,1.9104,particle,transport,1,0.3050895631313324
7182,candidate_013,radiometer_basic;fc4_flux;cr1000xe_backbone,1.9104,particle,transport,1,0.32952097058296204
7182,candidate_013,radiometer_basic;fc4_flux;cr1000xe_backbone,1.9104,particle,transport,1,0.38080528378486633
7182,candidate_013,radiometer_basic;fc4_flux;cr1000xe_backbone,1.9104,particle,transport,1,0.3257060945034027
7182,candidate_013,radiometer_basic;fc4_flux;cr1000xe_backbone,1.9104,particle,transport,1,0.385397732257843
7182,candidate_013,radiometer_basic;fc4_flux;cr1000xe_backbone,1.9104,particle,transport,1,0.307774156332016
7182,candidate_013,radiometer_basic;fc4_flux;cr1000xe_backbone,1.9104,particle,transport,1,0.3639838993549347
7182,candidate_013,radiometer_basic;fc4_flux;cr1000xe_backbone,1.9104,particle,transport,1,0.34746140241622925
7182,candidate_013,radiometer_basic;fc4_flux;cr1000xe_backbone,1.9104,particle,transport,1,0.32669100165367126
7182,candidate_013,radiometer_basic;fc4_flux;cr1000xe_backbone,1.9104,calm,transport,0,0.384948194026947
7182,candidate_013,radiometer_basic;fc4_flux;cr1000xe_backbone,1.9104,calm,transport,0,0.37534064054489136
7182,candidate_013,radiometer_basic;fc4_flux;cr1000xe_backbone,1.9104,calm,transport,0,0.45044684410095215
7182,candidate_013,radiometer_basic;fc4_flux;cr1000xe_backbone,1.9104,calm,transport,0,0.40705186128616333
7182,candidate_013,radiometer_basic;fc4_flux;cr1000xe_backbone,1.9104,calm,transport,0,0.40695199370384216
7182,candidate_013,radiometer_basic;fc4_flux;cr1000xe_backbone,1.9104,calm,transport,0,0.4747485816478729
7182,candidate_013,radiometer_basic;fc4_flux;cr1000xe_backbone,1.9104,calm,particle,0,0.44332873821258545
7182,candidate_013,radiometer_basic;fc4_flux;cr1000xe_backbone,1.9104,calm,particle,0,0.4647398889064789
7182,candidate_013,radiometer_basic;fc4_flux;cr1000xe_backbone,1.9104,calm,particle,0,0.4162288308143616
7182,candidate_013,radiometer_basic;fc4_flux;cr1000xe_backbone,1.9104,calm,particle,0,0.45974618196487427
7182,candidate_013,radiometer_basic;fc4_flux;cr1000xe_backbone,1.9104,calm,particle,0,0.4467988610267639
7182,candidate_013,radiometer_basic;fc4_flux;cr1000xe_backbone,1.9104,calm,particle,0,0.462322860956192
7182,candidate_013,radiometer_basic;fc4_flux;cr1000xe_backbone,1.9104,calm,particle,0,0.47286704182624817
7182,candidate_013,radiometer_basic;fc4_flux;cr1000xe_backbone,1.9104,calm,particle,0,0.5015963315963745
7182,candidate_013,radiometer_basic;fc4_flux;cr1000xe_backbone,1.9104,flux,particle,2,0.4972448945045471
7182,candidate_013,radiometer_basic;fc4_flux;cr1000xe_backbone,1.9104,flux,particle,2,0.49349695444107056
7182,candidate_013,radiometer_basic;fc4_flux;cr1000xe_backbone,1.9104,flux,particle,2,0.4870673418045044
7182,candidate_013,radiometer_basic;fc4_flux;cr1000xe_backbone,1.9104,flux,particle,2,0.4934212565422058
7182,candidate_013,radiometer_basic;fc4_flux;cr1000xe_backbone,1.9104,flux,particle,2,0.5308963656425476
7182,candidate_013,radiometer_basic;fc4_flux;cr1000xe_backbone,1.9104,flux,particle,2,0.4886702001094818
7182,candidate_013,radiometer_basic;fc4_flux;cr1000xe_backbone,1.9104,flux,particle,2,0.4636680781841278
7182,candidate_013,radiometer_basic;fc4_flux;cr1000xe_backbone,1.9104,flux,particle,2,0.5018227696418762
7182,candidate_013,radiometer_basic;fc4_flux;cr1000xe_backbone,1.9104,flux,particle,2,0.5232049822807312
7182,candidate_013,radiometer_basic;fc4_flux;cr1000xe_backbone,1.9104,flux,particle,2,0.567021369934082
7182,candidate_013,radiometer_basic;fc4_flux;cr1000xe_backbone,1.9104,flux,particle,2,0.6156803369522095
7182,candidate_013,radiometer_basic;fc4_flux;cr1000xe_backbone,1.9104,flux,particle,2,0.6436276435852051
7182,candidate_013,radiometer_basic;fc4_flux;cr1000xe_backbone,1.9104,flux,particle,2,0.673801064491272
7182,candidate_013,radiometer_basic;fc4_flux;cr1000xe_backbone,1.9104,flux,particle,2,0.7062115669250488
7182,candidate_013,radiometer_basic;fc4_flux;cr1000xe_backbone,1.9104,flux,particle,2,0.7789292335510254
7182,candidate_013,radiometer_basic;fc4_flux;cr1000xe_backbone,1.9104,flux,particle,2,0.7650896906852722
7182,candidate_013,radiometer_basic;fc4_flux;cr1000xe_backbone,1.9104,flux,particle,2,0.7965459823608398
7182,candidate_013,radiometer_basic;fc4_flux;cr1000xe_backbone,1.9104,flux,thermal,2,0.7862877249717712
7182,candidate_013,radiometer_basic;fc4_flux;cr1000xe_backbone,1.9104,flux,thermal,2,0.7853241562843323
7182,candidate_013,radiometer_basic;fc4_flux;cr1000xe_backbone,1.9104,flux,thermal,2,0.7774402499198914
7182,candidate_013,radiometer_basic;fc4_flux;cr1000xe_backbone,1.9104,flux,thermal,2,0.764523983001709
7182,candidate_013,radiometer_basic;fc4_flux;cr1000xe_backbone,1.9104,flux,thermal,2,0.7688139081001282
7182,candidate_013,radiometer_basic;fc4_flux;cr1000xe_backbone,1.9104,flux,thermal,2,0.773897647857666
7182,candidate_013,radiometer_basic;fc4_flux;cr1000xe_backbone,1.9104,flux,thermal,2,0.7412877082824707
7182,candidate_013,radiometer_basic;fc4_flux;cr1000xe_backbone,1.9104,flux,thermal,2,0.7432464361190796
7182,candidate_013,radiometer_basic;fc4_flux;cr1000xe_backbone,1.9104,flux,thermal,2,0.7494028210639954
7182,candidate_013,radiometer_basic;fc4_flux;cr1000xe_backbone,1.9104,flux,thermal,2,0.7418133616447449
7182,candidate_013,radiometer_basic;fc4_flux;cr1000xe_backbone,1.9104,flux,thermal,2,0.7345023155212402
7182,candidate_013,radiometer_basic;fc4_flux;cr1000xe_backbone,1.9104,flux,thermal,2,0.7567777633666992
7182,candidate_013,radiometer_basic;fc4_flux;cr1000xe_backbone,1.9104,flux,thermal,2,0.7512664794921875
7182,candidate_013,radiometer_basic;fc4_flux;cr1000xe_backbone,1.9104,flux,thermal,2,0.7535685300827026
7182,candidate_013,radiometer_basic;fc4_flux;cr1000xe_backbone,1.9104,flux,thermal,2,0.7565299272537231
7182,candidate_013,radiometer_basic;fc4_flux;cr1000xe_backbone,1.9104,flux,thermal,2,0.7782630920410156
7182,candidate_013,radiometer_basic;fc4_flux;cr1000xe_backbone,1.9104,flux,thermal,2,0.7671699523925781
7182,candidate_013,radiometer_basic;fc4_flux;cr1000xe_backbone,1.9104,flux,thermal,2,0.7772150635719299
7182,candidate_013,radiometer_basic;fc4_flux;cr1000xe_backbone,1.9104,flux,thermal,2,0.7875577211380005
7182,candidate_013,radiometer_basic;fc4_flux;cr1000xe_backbone,1.9104,flux,thermal,2,0.7398291826248169
7182,candidate_013,radiometer_basic;fc4_flux;cr1000xe_backbone,1.9104,flux,thermal,2,0.709959864616394
7182,candidate_013,radiometer_basic;fc4_flux;cr1000xe_backbone,1.9104,flux,thermal,2,0.7183437347412109
7182,candidate_013,radiometer_basic;fc4_flux;cr1000xe_backbone,1.9104,flux,thermal,2,0.7003819942474365
7182,candidate_013,radiometer_basic;fc4_flux;cr1000xe_backbone,1.9104,flux,thermal,2,0.6675954461097717
7182,candidate_013,radiometer_basic;fc4_flux;cr1000xe_backbone,1.9104,flux,thermal,2,0.6594851016998291
7182,candidate_013,radiometer_basic;fc4_flux;cr1000xe_backbone,1.9104,flux,thermal,2,0.6115272641181946
7182,candidate_013,radiometer_basic;fc4_flux;cr1000xe_backbone,1.9104,flux,thermal,2,0.6294395327568054
7182,candidate_013,radiometer_basic;fc4_flux;cr1000xe_backbone,1.9104,flux,transport,2,0.5737234354019165
7182,candidate_013,radiometer_basic;fc4_flux;cr1000xe_backbone,1.9104,flux,transport,2,0.6161257028579712
7182,candidate_013,radiometer_basic;fc4_flux;cr1000xe_backbone,1.9104,flux,transport,2,0.5799599885940552
7182,candidate_013,radiometer_basic;fc4_flux;cr1000xe_backbone,1.9104,flux,transport,2,0.6342561841011047
7182,candidate_013,radiometer_basic;fc4_flux;cr1000xe_backbone,1.9104,calm,transport,0,0.5649537444114685
7182,candidate_013,radiometer_basic;fc4_flux;cr1000xe_backbone,1.9104,calm,transport,0,0.6199129223823547
7182,candidate_013,radiometer_basic;fc4_flux;cr1000xe_backbone,1.9104,calm,transport,0,0.5840263366699219
7182,candidate_013,radiometer_basic;fc4_flux;cr1000xe_backbone,1.9104,calm,transport,0,0.6096956133842468
7182,candidate_013,radiometer_basic;fc4_flux;cr1000xe_backbone,1.9104,calm,transport,0,0.5890485644340515
7182,candidate_013,radiometer_basic;fc4_flux;cr1000xe_backbone,1.9104,calm,transport,0,0.5983561873435974
7182,candidate_013,radiometer_basic;fc4_flux;cr1000xe_backbone,1.9104,calm,transport,0,0.6758802533149719
7182,candidate_013,radiometer_basic;fc4_flux;cr1000xe_backbone,1.9104,calm,transport,0,0.642220675945282
7182,candidate_013,radiometer_basic;fc4_flux;cr1000xe_backbone,1.9104,calm,transport,0,0.6862000226974487
7182,candidate_013,radiometer_basic;fc4_flux;cr1000xe_backbone,1.9104,calm,transport,0,0.6648565530776978
7182,candidate_013,radiometer_basic;fc4_flux;cr1000xe_backbone,1.9104,calm,transport,0,0.7094202041625977
7182,candidate_013,radiometer_basic;fc4_flux;cr1000xe_backbone,1.9104,calm,transport,0,0.6819067597389221
7182,candidate_013,radiometer_basic;fc4_flux;cr1000xe_backbone,1.9104,calm,transport,0,0.6814212203025818
7182,candidate_013,radiometer_basic;fc4_flux;cr1000xe_backbone,1.9104,calm,transport,0,0.6513649821281433
7182,candidate_013,radiometer_basic;fc4_flux;cr1000xe_backbone,1.9104,thermal,transport,3,0.6402674317359924
7182,candidate_013,radiometer_basic;fc4_flux;cr1000xe_backbone,1.9104,thermal,transport,3,0.6166735291481018
7182,candidate_013,radiometer_basic;fc4_flux;cr1000xe_backbone,1.9104,thermal,transport,3,0.6119481325149536
7182,candidate_013,radiometer_basic;fc4_flux;cr1000xe_backbone,1.9104,thermal,transport,3,0.6183272004127502
7182,candidate_013,radiometer_basic;fc4_flux;cr1000xe_backbone,1.9104,thermal,particle,3,0.6096527576446533
7182,candidate_013,radiometer_basic;fc4_flux;cr1000xe_backbone,1.9104,thermal,particle,3,0.6597566604614258
7182,candidate_013,radiometer_basic;fc4_flux;cr1000xe_backbone,1.9104,thermal,particle,3,0.6101034283638
7182,candidate_013,radiometer_basic;fc4_flux;cr1000xe_backbone,1.9104,thermal,particle,3,0.6320356130599976
7182,candidate_013,radiometer_basic;fc4_flux;cr1000xe_backbone,1.9104,thermal,particle,3,0.6064427495002747
7182,candidate_013,radiometer_basic;fc4_flux;cr1000xe_backbone,1.9104,thermal,particle,3,0.6006526947021484
7182,candidate_013,radiometer_basic;fc4_flux;cr1000xe_backbone,1.9104,thermal,particle,3,0.5967704057693481
7182,candidate_013,radiometer_basic;fc4_flux;cr1000xe_backbone,1.9104,thermal,particle,3,0.6102839112281799
7182,candidate_013,radiometer_basic;fc4_flux;cr1000xe_backbone,1.9104,thermal,particle,3,0.5933305621147156
7182,candidate_013,radiometer_basic;fc4_flux;cr1000xe_backbone,1.9104,thermal,particle,3,0.5624020099639893
7182,candidate_013,radiometer_basic;fc4_flux;cr1000xe_backbone,1.9104,thermal,particle,3,0.5783427357673645
7182,candidate_013,radiometer_basic;fc4_flux;cr1000xe_backbone,1.9104,thermal,particle,3,0.5581971406936646
7182,candidate_013,radiometer_basic;fc4_flux;cr1000xe_backbone,1.9104,thermal,particle,3,0.5557739734649658
7182,candidate_013,radiometer_basic;fc4_flux;cr1000xe_backbone,1.9104,thermal,particle,3,0.5466859936714172
7182,candidate_013,radiometer_basic;fc4_flux;cr1000xe_backbone,1.9104,thermal,particle,3,0.5519188046455383
7182,candidate_013,radiometer_basic;fc4_flux;cr1000xe_backbone,1.9104,thermal,particle,3,0.5682499408721924
7182,candidate_013,radiometer_basic;fc4_flux;cr1000xe_backbone,1.9104,thermal,particle,3,0.5570835471153259
7182,candidate_013,radiometer_basic;fc4_flux;cr1000xe_backbone,1.9104,thermal,particle,3,0.5702904462814331
7182,candidate_013,radiometer_basic;fc4_flux;cr1000xe_backbone,1.9104,thermal,particle,3,0.5968465805053711
7182,candidate_013,radiometer_basic;fc4_flux;cr1000xe_backbone,1.9104,thermal,particle,3,0.5753580927848816
7182,candidate_013,radiometer_basic;fc4_flux;cr1000xe_backbone,1.9104,thermal,particle,3,0.5906077027320862
7182,candidate_013,radiometer_basic;fc4_flux;cr1000xe_backbone,1.9104,thermal,particle,3,0.5715650320053101
7182,candidate_013,radiometer_basic;fc4_flux;cr1000xe_backbone,1.9104,thermal,particle,3,0.6002174019813538
7182,candidate_013,radiometer_basic;fc4_flux;cr1000xe_backbone,1.9104,thermal,particle,3,0.5820478796958923
7182,candidate_013,radiometer_basic;fc4_flux;cr1000xe_backbone,1.9104,thermal,particle,3,0.6083037257194519
7182,candidate_013,radiometer_basic;fc4_flux;cr1000xe_backbone,1.9104,thermal,particle,3,0.5772573947906494
7182,candidate_013,radiometer_basic;fc4_flux;cr1000xe_backbone,1.9104,thermal,particle,3,0.5822933912277222
7182,candidate_013,radiometer_basic;fc4_flux;cr1000xe_backbone,1.9104,thermal,particle,3,0.573894739151001
7182,candidate_013,radiometer_basic;fc4_flux;cr1000xe_backbone,1.9104,thermal,particle,3,0.5849825143814087
7182,candidate_013,radiometer_basic;fc4_flux;cr1000xe_backbone,1.9104,thermal,particle,3,0.6428338885307312
7182,candidate_013,radiometer_basic;fc4_flux;cr1000xe_backbone,1.9104,thermal,particle,3,0.6829047203063965
7182,candidate_013,radiometer_basic;fc4_flux;cr1000xe_backbone,1.9104,thermal,particle,3,0.6706880927085876
7182,candidate_013,radiometer_basic;fc4_flux;cr1000xe_backbone,1.9104,thermal,particle,3,0.7094541192054749
7182,candidate_013,radiometer_basic;fc4_flux;cr1000xe_backbone,1.9104,thermal,particle,3,0.7398891448974609
7182,candidate_013,radiometer_basic;fc4_flux;cr1000xe_backbone,1.9104,thermal,particle,3,0.7661206126213074
7182,candidate_013,radiometer_basic;fc4_flux;cr1000xe_backbone,1.9104,thermal,particle,3,0.7930293083190918
7182,candidate_013,radiometer_basic;fc4_flux;cr1000xe_backbone,1.9104,thermal,thermal,3,0.799537181854248
7182,candidate_013,radiometer_basic;fc4_flux;cr1000xe_backbone,1.9104,thermal,thermal,3,0.795020341873169
7182,candidate_013,radiometer_basic;fc4_flux;cr1000xe_backbone,1.9104,thermal,thermal,3,0.8383172154426575
7182,candidate_013,radiometer_basic;fc4_flux;cr1000xe_backbone,1.9104,thermal,thermal,3,0.821975588798523
7182,candidate_013,radiometer_basic;fc4_flux;cr1000xe_backbone,1.9104,thermal,thermal,3,0.857044517993927
7182,candidate_013,radiometer_basic;fc4_flux;cr1000xe_backbone,1.9104,thermal,thermal,3,0.8505218625068665
7182,candidate_013,radiometer_basic;fc4_flux;cr1000xe_backbone,1.9104,thermal,thermal,3,0.8761113286018372
7182,candidate_013,radiometer_basic;fc4_flux;cr1000xe_backbone,1.9104,thermal,thermal,3,0.8682952523231506
7182,candidate_013,radiometer_basic;fc4_flux;cr1000xe_backbone,1.9104,thermal,thermal,3,0.8493044376373291
7182,candidate_013,radiometer_basic;fc4_flux;cr1000xe_backbone,1.9104,thermal,thermal,3,0.8120124936103821
7182,candidate_013,radiometer_basic;fc4_flux;cr1000xe_backbone,1.9104,thermal,thermal,3,0.8410190939903259
7182,candidate_013,radiometer_basic;fc4_flux;cr1000xe_backbone,1.9104,thermal,thermal,3,0.7684723734855652
7182,candidate_013,radiometer_basic;fc4_flux;cr1000xe_backbone,1.9104,thermal,thermal,3,0.7257380485534668
7182,candidate_013,radiometer_basic;fc4_flux;cr1000xe_backbone,1.9104,thermal,thermal,3,0.6914655566215515
7182,candidate_013,radiometer_basic;fc4_flux;cr1000xe_backbone,1.9104,thermal,thermal,3,0.6301924586296082
7182,candidate_013,radiometer_basic;fc4_flux;cr1000xe_backbone,1.9104,thermal,thermal,3,0.5821917057037354
7182,candidate_013,radiometer_basic;fc4_flux;cr1000xe_backbone,1.9104,calm,thermal,0,0.5875992774963379
7182,candidate_013,radiometer_basic;fc4_flux;cr1000xe_backbone,1.9104,calm,thermal,0,0.6043708920478821
7182,candidate_013,radiometer_basic;fc4_flux;cr1000xe_backbone,1.9104,calm,thermal,0,0.5711233615875244
7182,candidate_013,radiometer_basic;fc4_flux;cr1000xe_backbone,1.9104,calm,thermal,0,0.6075928211212158
7182,candidate_013,radiometer_basic;fc4_flux;cr1000xe_backbone,1.9104,calm,thermal,0,0.5839534401893616
7182,candidate_013,radiometer_basic;fc4_flux;cr1000xe_backbone,1.9104,calm,thermal,0,0.52236008644104
7182,candidate_013,radiometer_basic;fc4_flux;cr1000xe_backbone,1.9104,calm,thermal,0,0.5556889772415161
7182,candidate_013,radiometer_basic;fc4_flux;cr1000xe_backbone,1.9104,calm,thermal,0,0.5626490116119385
7182,candidate_013,radiometer_basic;fc4_flux;cr1000xe_backbone,1.9104,calm,thermal,0,0.559319019317627
7182,candidate_013,radiometer_basic;fc4_flux;cr1000xe_backbone,1.9104,calm,thermal,0,0.5656858086585999
7182,candidate_013,radiometer_basic;fc4_flux;cr1000xe_backbone,1.9104,calm,thermal,0,0.6078757047653198
7182,candidate_013,radiometer_basic;fc4_flux;cr1000xe_backbone,1.9104,calm,transport,0,0.6223669052124023
7182,candidate_013,radiometer_basic;fc4_flux;cr1000xe_backbone,1.9104,thermal,transport,3,0.5795755982398987
7182,candidate_013,radiometer_basic;fc4_flux;cr1000xe_backbone,1.9104,thermal,transport,3,0.6042987704277039
7182,candidate_014,surface_temp_ir;fc4_flux;cr1000xe_backbone,1.9904,calm,thermal,0,1.0971429347991943
7182,candidate_014,surface_temp_ir;fc4_flux;cr1000xe_backbone,1.9904,calm,thermal,0,0.8038101196289062
7182,candidate_014,surface_temp_ir;fc4_flux;cr1000xe_backbone,1.9904,calm,thermal,0,0.9526125192642212
7182,candidate_014,surface_temp_ir;fc4_flux;cr1000xe_backbone,1.9904,calm,thermal,0,0.9397673010826111
7182,candidate_014,surface_temp_ir;fc4_flux;cr1000xe_backbone,1.9904,calm,thermal,0,0.8007493615150452
7182,candidate_014,surface_temp_ir;fc4_flux;cr1000xe_backbone,1.9904,calm,thermal,0,0.7991140484809875
7182,candidate_014,surface_temp_ir;fc4_flux;cr1000xe_backbone,1.9904,calm,thermal,0,0.7914780378341675
7182,candidate_014,surface_temp_ir;fc4_flux;cr1000xe_backbone,1.9904,calm,thermal,0,0.7593657970428467
7182,candidate_014,surface_temp_ir;fc4_flux;cr1000xe_backbone,1.9904,calm,thermal,0,0.7111048102378845
7182,candidate_014,surface_temp_ir;fc4_flux;cr1000xe_backbone,1.9904,calm,thermal,0,0.7517938017845154
7182,candidate_014,surface_temp_ir;fc4_flux;cr1000xe_backbone,1.9904,calm,thermal,0,0.7191667556762695
7182,candidate_014,surface_temp_ir;fc4_flux;cr1000xe_backbone,1.9904,calm,transport,0,0.7555011510848999
7182,candidate_014,surface_temp_ir;fc4_flux;cr1000xe_backbone,1.9904,calm,transport,0,0.7444911003112793
7182,candidate_014,surface_temp_ir;fc4_flux;cr1000xe_backbone,1.9904,calm,transport,0,0.724946916103363
7182,candidate_014,surface_temp_ir;fc4_flux;cr1000xe_backbone,1.9904,calm,transport,0,0.6563357710838318
7182,candidate_014,surface_temp_ir;fc4_flux;cr1000xe_backbone,1.9904,calm,transport,0,0.6689885854721069
7182,candidate_014,surface_temp_ir;fc4_flux;cr1000xe_backbone,1.9904,calm,transport,0,0.6514381766319275
7182,candidate_014,surface_temp_ir;fc4_flux;cr1000xe_backbone,1.9904,calm,transport,0,0.6552393436431885
7182,candidate_014,surface_temp_ir;fc4_flux;cr1000xe_backbone,1.9904,calm,transport,0,0.5957522988319397
7182,candidate_014,surface_temp_ir;fc4_flux;cr1000xe_backbone,1.9904,calm,transport,0,0.580625593662262
7182,candidate_014,surface_temp_ir;fc4_flux;cr1000xe_backbone,1.9904,calm,transport,0,0.5874304175376892
7182,candidate_014,surface_temp_ir;fc4_flux;cr1000xe_backbone,1.9904,calm,transport,0,0.5957329273223877
7182,candidate_014,surface_temp_ir;fc4_flux;cr1000xe_backbone,1.9904,calm,transport,0,0.6435827016830444
7182,candidate_014,surface_temp_ir;fc4_flux;cr1000xe_backbone,1.9904,calm,transport,0,0.676668107509613
7182,candidate_014,surface_temp_ir;fc4_flux;cr1000xe_backbone,1.9904,calm,transport,0,0.6793562769889832
7182,candidate_014,surface_temp_ir;fc4_flux;cr1000xe_backbone,1.9904,calm,transport,0,0.6872965097427368
7182,candidate_014,surface_temp_ir;fc4_flux;cr1000xe_backbone,1.9904,calm,transport,0,0.7149976491928101
7182,candidate_014,surface_temp_ir;fc4_flux;cr1000xe_backbone,1.9904,calm,transport,0,0.7249967455863953
7182,candidate_014,surface_temp_ir;fc4_flux;cr1000xe_backbone,1.9904,calm,transport,0,0.7199596166610718
7182,candidate_014,surface_temp_ir;fc4_flux;cr1000xe_backbone,1.9904,calm,transport,0,0.709284245967865
7182,candidate_014,surface_temp_ir;fc4_flux;cr1000xe_backbone,1.9904,calm,transport,0,0.6931244134902954
7182,candidate_014,surface_temp_ir;fc4_flux;cr1000xe_backbone,1.9904,calm,transport,0,0.6635627746582031
7182,candidate_014,surface_temp_ir;fc4_flux;cr1000xe_backbone,1.9904,calm,transport,0,0.658849835395813
7182,candidate_014,surface_temp_ir;fc4_flux;cr1000xe_backbone,1.9904,calm,transport,0,0.6316203474998474
7182,candidate_014,surface_temp_ir;fc4_flux;cr1000xe_backbone,1.9904,calm,transport,0,0.6012409329414368
7182,candidate_014,surface_temp_ir;fc4_flux;cr1000xe_backbone,1.9904,calm,transport,0,0.5794351696968079
7182,candidate_014,surface_temp_ir;fc4_flux;cr1000xe_backbone,1.9904,calm,transport,0,0.5880669951438904
7182,candidate_014,surface_temp_ir;fc4_flux;cr1000xe_backbone,1.9904,calm,transport,0,0.586975634098053
7182,candidate_014,surface_temp_ir;fc4_flux;cr1000xe_backbone,1.9904,calm,transport,0,0.5715745687484741
7182,candidate_014,surface_temp_ir;fc4_flux;cr1000xe_backbone,1.9904,calm,transport,0,0.5660765767097473
7182,candidate_014,surface_temp_ir;fc4_flux;cr1000xe_backbone,1.9904,calm,transport,0,0.5834587216377258
7182,candidate_014,surface_temp_ir;fc4_flux;cr1000xe_backbone,1.9904,calm,transport,0,0.5830659866333008
7182,candidate_014,surface_temp_ir;fc4_flux;cr1000xe_backbone,1.9904,calm,transport,0,0.5745614171028137
7182,candidate_014,surface_temp_ir;fc4_flux;cr1000xe_backbone,1.9904,calm,transport,0,0.61002117395401
7182,candidate_014,surface_temp_ir;fc4_flux;cr1000xe_backbone,1.9904,calm,particle,0,0.5927410125732422
7182,candidate_014,surface_temp_ir;fc4_flux;cr1000xe_backbone,1.9904,calm,particle,0,0.5859480500221252
7182,candidate_014,surface_temp_ir;fc4_flux;cr1000xe_backbone,1.9904,calm,particle,0,0.5934974551200867
7182,candidate_014,surface_temp_ir;fc4_flux;cr1000xe_backbone,1.9904,calm,particle,0,0.6170910596847534
7182,candidate_014,surface_temp_ir;fc4_flux;cr1000xe_backbone,1.9904,calm,particle,0,0.6271316409111023
7182,candidate_014,surface_temp_ir;fc4_flux;cr1000xe_backbone,1.9904,calm,particle,0,0.64870685338974
7182,candidate_014,surface_temp_ir;fc4_flux;cr1000xe_backbone,1.9904,calm,particle,0,0.6733713150024414
7182,candidate_014,surface_temp_ir;fc4_flux;cr1000xe_backbone,1.9904,calm,particle,0,0.6794975996017456
7182,candidate_014,surface_temp_ir;fc4_flux;cr1000xe_backbone,1.9904,calm,particle,0,0.6773784160614014
7182,candidate_014,surface_temp_ir;fc4_flux;cr1000xe_backbone,1.9904,calm,particle,0,0.6616536378860474
7182,candidate_014,surface_temp_ir;fc4_flux;cr1000xe_backbone,1.9904,calm,particle,0,0.6390243172645569
7182,candidate_014,surface_temp_ir;fc4_flux;cr1000xe_backbone,1.9904,calm,particle,0,0.5918132066726685
7182,candidate_014,surface_temp_ir;fc4_flux;cr1000xe_backbone,1.9904,calm,particle,0,0.5873450040817261
7182,candidate_014,surface_temp_ir;fc4_flux;cr1000xe_backbone,1.9904,calm,particle,0,0.559485137462616
7182,candidate_014,surface_temp_ir;fc4_flux;cr1000xe_backbone,1.9904,calm,particle,0,0.532355546951294
7182,candidate_014,surface_temp_ir;fc4_flux;cr1000xe_backbone,1.9904,calm,particle,0,0.5024517774581909
7182,candidate_014,surface_temp_ir;fc4_flux;cr1000xe_backbone,1.9904,calm,particle,0,0.5144367218017578
7182,candidate_014,surface_temp_ir;fc4_flux;cr1000xe_backbone,1.9904,calm,particle,0,0.5176824927330017
7182,candidate_014,surface_temp_ir;fc4_flux;cr1000xe_backbone,1.9904,calm,particle,0,0.5027718544006348
7182,candidate_014,surface_temp_ir;fc4_flux;cr1000xe_backbone,1.9904,calm,particle,0,0.494138240814209
7182,candidate_014,surface_temp_ir;fc4_flux;cr1000xe_backbone,1.9904,calm,particle,0,0.49573826789855957
7182,candidate_014,surface_temp_ir;fc4_flux;cr1000xe_backbone,1.9904,calm,thermal,0,0.5038507580757141
7182,candidate_014,surface_temp_ir;fc4_flux;cr1000xe_backbone,1.9904,calm,thermal,0,0.48764559626579285
7182,candidate_014,surface_temp_ir;fc4_flux;cr1000xe_backbone,1.9904,calm,thermal,0,0.49603214859962463
7182,candidate_014,surface_temp_ir;fc4_flux;cr1000xe_backbone,1.9904,calm,thermal,0,0.5091466903686523
7182,candidate_014,surface_temp_ir;fc4_flux;cr1000xe_backbone,1.9904,calm,thermal,0,0.52166348695755
7182,candidate_014,surface_temp_ir;fc4_flux;cr1000xe_backbone,1.9904,calm,thermal,0,0.5272217392921448
7182,candidate_014,surface_temp_ir;fc4_flux;cr1000xe_backbone,1.9904,calm,thermal,0,0.5788219571113586
7182,candidate_014,surface_temp_ir;fc4_flux;cr1000xe_backbone,1.9904,calm,thermal,0,0.5945134162902832
7182,candidate_014,surface_temp_ir;fc4_flux;cr1000xe_backbone,1.9904,calm,thermal,0,0.612578809261322
7182,candidate_014,surface_temp_ir;fc4_flux;cr1000xe_backbone,1.9904,calm,thermal,0,0.628020703792572
7182,candidate_014,surface_temp_ir;fc4_flux;cr1000xe_backbone,1.9904,calm,thermal,0,0.6394948959350586
7182,candidate_014,surface_temp_ir;fc4_flux;cr1000xe_backbone,1.9904,calm,thermal,0,0.6541460156440735
7182,candidate_014,surface_temp_ir;fc4_flux;cr1000xe_backbone,1.9904,calm,thermal,0,0.6533879637718201
7182,candidate_014,surface_temp_ir;fc4_flux;cr1000xe_backbone,1.9904,calm,thermal,0,0.6400415897369385
7182,candidate_014,surface_temp_ir;fc4_flux;cr1000xe_backbone,1.9904,calm,thermal,0,0.6469236016273499
7182,candidate_014,surface_temp_ir;fc4_flux;cr1000xe_backbone,1.9904,calm,thermal,0,0.6011545658111572
7182,candidate_014,surface_temp_ir;fc4_flux;cr1000xe_backbone,1.9904,calm,thermal,0,0.5950109958648682
7182,candidate_014,surface_temp_ir;fc4_flux;cr1000xe_backbone,1.9904,calm,thermal,0,0.5878093838691711
7182,candidate_014,surface_temp_ir;fc4_flux;cr1000xe_backbone,1.9904,calm,thermal,0,0.5553241968154907
7182,candidate_014,surface_temp_ir;fc4_flux;cr1000xe_backbone,1.9904,calm,thermal,0,0.5576215982437134
7182,candidate_014,surface_temp_ir;fc4_flux;cr1000xe_backbone,1.9904,calm,thermal,0,0.5935092568397522
7182,candidate_014,surface_temp_ir;fc4_flux;cr1000xe_backbone,1.9904,calm,thermal,0,0.5586853623390198
7182,candidate_014,surface_temp_ir;fc4_flux;cr1000xe_backbone,1.9904,calm,thermal,0,0.5568757653236389
7182,candidate_014,surface_temp_ir;fc4_flux;cr1000xe_backbone,1.9904,calm,thermal,0,0.5637874603271484
7182,candidate_014,surface_temp_ir;fc4_flux;cr1000xe_backbone,1.9904,calm,transport,0,0.5609781742095947
7182,candidate_014,surface_temp_ir;fc4_flux;cr1000xe_backbone,1.9904,calm,transport,0,0.5749098658561707
7182,candidate_014,surface_temp_ir;fc4_flux;cr1000xe_backbone,1.9904,calm,transport,0,0.554802417755127
7182,candidate_014,surface_temp_ir;fc4_flux;cr1000xe_backbone,1.9904,calm,transport,0,0.569144070148468
7182,candidate_014,surface_temp_ir;fc4_flux;cr1000xe_backbone,1.9904,calm,transport,0,0.573890209197998
7182,candidate_014,surface_temp_ir;fc4_flux;cr1000xe_backbone,1.9904,calm,transport,0,0.6086089611053467
7182,candidate_014,surface_temp_ir;fc4_flux;cr1000xe_backbone,1.9904,calm,transport,0,0.6288301944732666
7182,candidate_014,surface_temp_ir;fc4_flux;cr1000xe_backbone,1.9904,calm,transport,0,0.6498026251792908
7182,candidate_014,surface_temp_ir;fc4_flux;cr1000xe_backbone,1.9904,calm,transport,0,0.6617839932441711
7182,candidate_014,surface_temp_ir;fc4_flux;cr1000xe_backbone,1.9904,calm,transport,0,0.6713249087333679
7182,candidate_014,surface_temp_ir;fc4_flux;cr1000xe_backbone,1.9904,calm,transport,0,0.6718701124191284
7182,candidate_014,surface_temp_ir;fc4_flux;cr1000xe_backbone,1.9904,calm,transport,0,0.6677215695381165
7182,candidate_014,surface_temp_ir;fc4_flux;cr1000xe_backbone,1.9904,calm,transport,0,0.6453251242637634
7182,candidate_014,surface_temp_ir;fc4_flux;cr1000xe_backbone,1.9904,calm,transport,0,0.6252981424331665
7182,candidate_014,surface_temp_ir;fc4_flux;cr1000xe_backbone,1.9904,calm,transport,0,0.6406698226928711
7182,candidate_014,surface_temp_ir;fc4_flux;cr1000xe_backbone,1.9904,calm,transport,0,0.5946347713470459
7182,candidate_014,surface_temp_ir;fc4_flux;cr1000xe_backbone,1.9904,calm,transport,0,0.5695315599441528
7182,candidate_014,surface_temp_ir;fc4_flux;cr1000xe_backbone,1.9904,calm,transport,0,0.5850470066070557
7182,candidate_014,surface_temp_ir;fc4_flux;cr1000xe_backbone,1.9904,calm,transport,0,0.5414944291114807
7182,candidate_014,surface_temp_ir;fc4_flux;cr1000xe_backbone,1.9904,calm,transport,0,0.5610560178756714
7182,candidate_014,surface_temp_ir;fc4_flux;cr1000xe_backbone,1.9904,calm,transport,0,0.5568010210990906
7182,candidate_014,surface_temp_ir;fc4_flux;cr1000xe_backbone,1.9904,calm,transport,0,0.5631275177001953
7182,candidate_014,surface_temp_ir;fc4_flux;cr1000xe_backbone,1.9904,calm,particle,0,0.5893917679786682
7182,candidate_014,surface_temp_ir;fc4_flux;cr1000xe_backbone,1.9904,calm,particle,0,0.5929423570632935
7182,candidate_014,surface_temp_ir;fc4_flux;cr1000xe_backbone,1.9904,calm,particle,0,0.5939221382141113
7182,candidate_014,surface_temp_ir;fc4_flux;cr1000xe_backbone,1.9904,calm,particle,0,0.611726701259613
7182,candidate_014,surface_temp_ir;fc4_flux;cr1000xe_backbone,1.9904,calm,particle,0,0.624600887298584
7182,candidate_014,surface_temp_ir;fc4_flux;cr1000xe_backbone,1.9904,calm,particle,0,0.657791018486023
7182,candidate_014,surface_temp_ir;fc4_flux;cr1000xe_backbone,1.9904,calm,particle,0,0.6677058935165405
7182,candidate_014,surface_temp_ir;fc4_flux;cr1000xe_backbone,1.9904,calm,particle,0,0.6929542422294617
7182,candidate_014,surface_temp_ir;fc4_flux;cr1000xe_backbone,1.9904,calm,particle,0,0.7218773365020752
7182,candidate_014,surface_temp_ir;fc4_flux;cr1000xe_backbone,1.9904,calm,particle,0,0.736940324306488
7182,candidate_014,surface_temp_ir;fc4_flux;cr1000xe_backbone,1.9904,calm,particle,0,0.7488466501235962
7182,candidate_014,surface_temp_ir;fc4_flux;cr1000xe_backbone,1.9904,calm,particle,0,0.8085127472877502
7182,candidate_014,surface_temp_ir;fc4_flux;cr1000xe_backbone,1.9904,calm,particle,0,0.8121923208236694
7182,candidate_014,surface_temp_ir;fc4_flux;cr1000xe_backbone,1.9904,calm,particle,0,0.8286376595497131
7182,candidate_014,surface_temp_ir;fc4_flux;cr1000xe_backbone,1.9904,calm,particle,0,0.8420019149780273
7182,candidate_014,surface_temp_ir;fc4_flux;cr1000xe_backbone,1.9904,calm,particle,0,0.8590430617332458
7182,candidate_014,surface_temp_ir;fc4_flux;cr1000xe_backbone,1.9904,calm,particle,0,0.8535856008529663
7182,candidate_014,surface_temp_ir;fc4_flux;cr1000xe_backbone,1.9904,calm,particle,0,0.8304069638252258
7182,candidate_014,surface_temp_ir;fc4_flux;cr1000xe_backbone,1.9904,calm,particle,0,0.8314092755317688
7182,candidate_014,surface_temp_ir;fc4_flux;cr1000xe_backbone,1.9904,calm,particle,0,0.7869300842285156
7182,candidate_014,surface_temp_ir;fc4_flux;cr1000xe_backbone,1.9904,calm,particle,0,0.7959597110748291
7182,candidate_014,surface_temp_ir;fc4_flux;cr1000xe_backbone,1.9904,calm,particle,0,0.8096375465393066
7182,candidate_014,surface_temp_ir;fc4_flux;cr1000xe_backbone,1.9904,calm,particle,0,0.825880229473114
7182,candidate_014,surface_temp_ir;fc4_flux;cr1000xe_backbone,1.9904,calm,thermal,0,0.8436281681060791
7182,candidate_014,surface_temp_ir;fc4_flux;cr1000xe_backbone,1.9904,calm,thermal,0,0.8501403331756592
7182,candidate_014,surface_temp_ir;fc4_flux;cr1000xe_backbone,1.9904,calm,thermal,0,0.8303135633468628
7182,candidate_014,surface_temp_ir;fc4_flux;cr1000xe_backbone,1.9904,calm,thermal,0,0.8420292139053345
7182,candidate_014,surface_temp_ir;fc4_flux;cr1000xe_backbone,1.9904,calm,thermal,0,0.846342146396637
7182,candidate_014,surface_temp_ir;fc4_flux;cr1000xe_backbone,1.9904,calm,thermal,0,0.8585445880889893
7182,candidate_014,surface_temp_ir;fc4_flux;cr1000xe_backbone,1.9904,calm,thermal,0,0.8749711513519287
7182,candidate_014,surface_temp_ir;fc4_flux;cr1000xe_backbone,1.9904,calm,thermal,0,0.8872153759002686
7182,candidate_014,surface_temp_ir;fc4_flux;cr1000xe_backbone,1.9904,calm,thermal,0,0.9047973155975342
7182,candidate_014,surface_temp_ir;fc4_flux;cr1000xe_backbone,1.9904,calm,thermal,0,0.9276900887489319
7182,candidate_014,surface_temp_ir;fc4_flux;cr1000xe_backbone,1.9904,calm,thermal,0,0.9676169157028198
7182,candidate_014,surface_temp_ir;fc4_flux;cr1000xe_backbone,1.9904,calm,thermal,0,0.9739013910293579
7182,candidate_014,surface_temp_ir;fc4_flux;cr1000xe_backbone,1.9904,calm,thermal,0,1.011452555656433
7182,candidate_014,surface_temp_ir;fc4_flux;cr1000xe_backbone,1.9904,calm,thermal,0,1.0033282041549683
7182,candidate_014,surface_temp_ir;fc4_flux;cr1000xe_backbone,1.9904,calm,thermal,0,1.0123319625854492
7182,candidate_014,surface_temp_ir;fc4_flux;cr1000xe_backbone,1.9904,calm,thermal,0,0.9917134046554565
7182,candidate_014,surface_temp_ir;fc4_flux;cr1000xe_backbone,1.9904,calm,thermal,0,0.9580109715461731
7182,candidate_014,surface_temp_ir;fc4_flux;cr1000xe_backbone,1.9904,calm,thermal,0,0.9507234692573547
7182,candidate_014,surface_temp_ir;fc4_flux;cr1000xe_backbone,1.9904,calm,thermal,0,0.94319748878479
7182,candidate_014,surface_temp_ir;fc4_flux;cr1000xe_backbone,1.9904,calm,thermal,0,0.8937447667121887
7182,candidate_014,surface_temp_ir;fc4_flux;cr1000xe_backbone,1.9904,calm,thermal,0,0.9097654223442078
7182,candidate_014,surface_temp_ir;fc4_flux;cr1000xe_backbone,1.9904,calm,transport,0,0.8625954985618591
7182,candidate_014,surface_temp_ir;fc4_flux;cr1000xe_backbone,1.9904,calm,transport,0,0.846525251865387
7182,candidate_014,surface_temp_ir;fc4_flux;cr1000xe_backbone,1.9904,calm,transport,0,0.8645404577255249
7182,candidate_014,surface_temp_ir;fc4_flux;cr1000xe_backbone,1.9904,calm,transport,0,0.8422273397445679
7182,candidate_014,surface_temp_ir;fc4_flux;cr1000xe_backbone,1.9904,calm,transport,0,0.8580306768417358
7182,candidate_014,surface_temp_ir;fc4_flux;cr1000xe_backbone,1.9904,calm,transport,0,0.8801059722900391
7182,candidate_014,surface_temp_ir;fc4_flux;cr1000xe_backbone,1.9904,calm,transport,0,0.8683919310569763
7182,candidate_014,surface_temp_ir;fc4_flux;cr1000xe_backbone,1.9904,calm,transport,0,0.8465442657470703
7182,candidate_014,surface_temp_ir;fc4_flux;cr1000xe_backbone,1.9904,calm,transport,0,0.8500730395317078
7182,candidate_014,surface_temp_ir;fc4_flux;cr1000xe_backbone,1.9904,calm,transport,0,0.8651186227798462
7182,candidate_014,surface_temp_ir;fc4_flux;cr1000xe_backbone,1.9904,calm,transport,0,0.892754077911377
7182,candidate_014,surface_temp_ir;fc4_flux;cr1000xe_backbone,1.9904,calm,transport,0,0.9097962379455566
7182,candidate_014,surface_temp_ir;fc4_flux;cr1000xe_backbone,1.9904,calm,transport,0,0.9565362334251404
7182,candidate_014,surface_temp_ir;fc4_flux;cr1000xe_backbone,1.9904,calm,transport,0,0.9576666355133057
7182,candidate_014,surface_temp_ir;fc4_flux;cr1000xe_backbone,1.9904,calm,transport,0,0.9970223903656006
7182,candidate_014,surface_temp_ir;fc4_flux;cr1000xe_backbone,1.9904,calm,transport,0,1.024585247039795
7182,candidate_014,surface_temp_ir;fc4_flux;cr1000xe_backbone,1.9904,calm,transport,0,1.0372270345687866
7182,candidate_014,surface_temp_ir;fc4_flux;cr1000xe_backbone,1.9904,calm,transport,0,1.0279287099838257
7182,candidate_014,surface_temp_ir;fc4_flux;cr1000xe_backbone,1.9904,calm,particle,0,1.027391791343689
7182,candidate_014,surface_temp_ir;fc4_flux;cr1000xe_backbone,1.9904,calm,particle,0,1.0188264846801758
7182,candidate_014,surface_temp_ir;fc4_flux;cr1000xe_backbone,1.9904,calm,particle,0,0.9704659581184387
7182,candidate_014,surface_temp_ir;fc4_flux;cr1000xe_backbone,1.9904,calm,particle,0,0.9892608523368835
7182,candidate_014,surface_temp_ir;fc4_flux;cr1000xe_backbone,1.9904,calm,particle,0,0.9267476797103882
7182,candidate_014,surface_temp_ir;fc4_flux;cr1000xe_backbone,1.9904,calm,particle,0,0.9163563251495361
7182,candidate_014,surface_temp_ir;fc4_flux;cr1000xe_backbone,1.9904,calm,particle,0,0.9120373129844666
7182,candidate_014,surface_temp_ir;fc4_flux;cr1000xe_backbone,1.9904,calm,particle,0,0.8985981345176697
7182,candidate_014,surface_temp_ir;fc4_flux;cr1000xe_backbone,1.9904,calm,particle,0,0.8506532311439514
7182,candidate_014,surface_temp_ir;fc4_flux;cr1000xe_backbone,1.9904,calm,particle,0,0.8552179336547852
7182,candidate_014,surface_temp_ir;fc4_flux;cr1000xe_backbone,1.9904,calm,particle,0,0.8706163763999939
7182,candidate_014,surface_temp_ir;fc4_flux;cr1000xe_backbone,1.9904,calm,particle,0,0.8549593687057495
7182,candidate_014,surface_temp_ir;fc4_flux;cr1000xe_backbone,1.9904,calm,particle,0,0.862808108329773
7182,candidate_014,surface_temp_ir;fc4_flux;cr1000xe_backbone,1.9904,calm,particle,0,0.8689160943031311
7182,candidate_014,surface_temp_ir;fc4_flux;cr1000xe_backbone,1.9904,calm,particle,0,0.8410534858703613
7182,candidate_014,surface_temp_ir;fc4_flux;cr1000xe_backbone,1.9904,calm,particle,0,0.8367612361907959
7182,candidate_014,surface_temp_ir;fc4_flux;cr1000xe_backbone,1.9904,calm,particle,0,0.8903543949127197
7182,candidate_014,surface_temp_ir;fc4_flux;cr1000xe_backbone,1.9904,calm,particle,0,0.8758192658424377
7182,candidate_014,surface_temp_ir;fc4_flux;cr1000xe_backbone,1.9904,calm,particle,0,0.9043022990226746
7182,candidate_014,surface_temp_ir;fc4_flux;cr1000xe_backbone,1.9904,calm,particle,0,0.894084095954895
7182,candidate_014,surface_temp_ir;fc4_flux;cr1000xe_backbone,1.9904,calm,particle,0,0.8753477931022644
7182,candidate_014,surface_temp_ir;fc4_flux;cr1000xe_backbone,1.9904,calm,particle,0,0.8912596106529236
7182,candidate_014,surface_temp_ir;fc4_flux;cr1000xe_backbone,1.9904,calm,particle,0,0.9319743514060974
7182,candidate_014,surface_temp_ir;fc4_flux;cr1000xe_backbone,1.9904,calm,particle,0,0.9169275760650635
7182,candidate_014,surface_temp_ir;fc4_flux;cr1000xe_backbone,1.9904,calm,particle,0,0.9207829833030701
7182,candidate_014,surface_temp_ir;fc4_flux;cr1000xe_backbone,1.9904,calm,particle,0,0.8685004711151123
7182,candidate_014,surface_temp_ir;fc4_flux;cr1000xe_backbone,1.9904,calm,particle,0,0.8502864837646484
7182,candidate_014,surface_temp_ir;fc4_flux;cr1000xe_backbone,1.9904,calm,particle,0,0.8574509024620056
7182,candidate_014,surface_temp_ir;fc4_flux;cr1000xe_backbone,1.9904,calm,particle,0,0.8144611120223999
7182,candidate_014,surface_temp_ir;fc4_flux;cr1000xe_backbone,1.9904,calm,particle,0,0.8412390351295471
7182,candidate_014,surface_temp_ir;fc4_flux;cr1000xe_backbone,1.9904,calm,particle,0,0.7847198843955994
7182,candidate_014,surface_temp_ir;fc4_flux;cr1000xe_backbone,1.9904,calm,particle,0,0.8078488707542419
7182,candidate_014,surface_temp_ir;fc4_flux;cr1000xe_backbone,1.9904,calm,thermal,0,0.822521984577179
7182,candidate_014,surface_temp_ir;fc4_flux;cr1000xe_backbone,1.9904,calm,thermal,0,0.8378496766090393
7182,candidate_014,surface_temp_ir;fc4_flux;cr1000xe_backbone,1.9904,calm,thermal,0,0.8377551436424255
7182,candidate_014,surface_temp_ir;fc4_flux;cr1000xe_backbone,1.9904,calm,thermal,0,0.8349803686141968
7182,candidate_014,surface_temp_ir;fc4_flux;cr1000xe_backbone,1.9904,calm,thermal,0,0.8629340529441833
7182,candidate_014,surface_temp_ir;fc4_flux;cr1000xe_backbone,1.9904,calm,thermal,0,0.8333872556686401
7182,candidate_014,surface_temp_ir;fc4_flux;cr1000xe_backbone,1.9904,calm,thermal,0,0.8383137583732605
7182,candidate_014,surface_temp_ir;fc4_flux;cr1000xe_backbone,1.9904,calm,thermal,0,0.8406697511672974
7182,candidate_014,surface_temp_ir;fc4_flux;cr1000xe_backbone,1.9904,calm,thermal,0,0.8606871962547302
7182,candidate_014,surface_temp_ir;fc4_flux;cr1000xe_backbone,1.9904,calm,thermal,0,0.8761819005012512
7182,candidate_014,surface_temp_ir;fc4_flux;cr1000xe_backbone,1.9904,calm,thermal,0,0.932296097278595
7182,candidate_014,surface_temp_ir;fc4_flux;cr1000xe_backbone,1.9904,calm,thermal,0,0.9350244998931885
7182,candidate_014,surface_temp_ir;fc4_flux;cr1000xe_backbone,1.9904,calm,thermal,0,0.9338314533233643
7182,candidate_014,surface_temp_ir;fc4_flux;cr1000xe_backbone,1.9904,calm,thermal,0,0.9670822620391846
7182,candidate_014,surface_temp_ir;fc4_flux;cr1000xe_backbone,1.9904,calm,thermal,0,0.9373130798339844
7182,candidate_014,surface_temp_ir;fc4_flux;cr1000xe_backbone,1.9904,calm,thermal,0,0.942267656326294
7182,candidate_014,surface_temp_ir;fc4_flux;cr1000xe_backbone,1.9904,calm,thermal,0,0.9505565762519836
7182,candidate_014,surface_temp_ir;fc4_flux;cr1000xe_backbone,1.9904,calm,thermal,0,0.9912960529327393
7182,candidate_014,surface_temp_ir;fc4_flux;cr1000xe_backbone,1.9904,calm,thermal,0,0.9846442341804504
7182,candidate_014,surface_temp_ir;fc4_flux;cr1000xe_backbone,1.9904,calm,thermal,0,0.967860221862793
7182,candidate_014,surface_temp_ir;fc4_flux;cr1000xe_backbone,1.9904,calm,thermal,0,0.9417490363121033
7182,candidate_014,surface_temp_ir;fc4_flux;cr1000xe_backbone,1.9904,calm,thermal,0,0.9106050133705139
7182,candidate_014,surface_temp_ir;fc4_flux;cr1000xe_backbone,1.9904,calm,thermal,0,0.9432230591773987
7182,candidate_014,surface_temp_ir;fc4_flux;cr1000xe_backbone,1.9904,calm,thermal,0,0.9302513599395752
7182,candidate_014,surface_temp_ir;fc4_flux;cr1000xe_backbone,1.9904,thermal,thermal,3,0.8203395009040833
7182,candidate_014,surface_temp_ir;fc4_flux;cr1000xe_backbone,1.9904,thermal,thermal,3,0.7941861748695374
7182,candidate_014,surface_temp_ir;fc4_flux;cr1000xe_backbone,1.9904,thermal,thermal,3,0.7916600108146667
7182,candidate_014,surface_temp_ir;fc4_flux;cr1000xe_backbone,1.9904,thermal,transport,3,0.8010225296020508
7182,candidate_014,surface_temp_ir;fc4_flux;cr1000xe_backbone,1.9904,thermal,transport,3,0.8320394158363342
7182,candidate_014,surface_temp_ir;fc4_flux;cr1000xe_backbone,1.9904,thermal,transport,3,0.777827262878418
7182,candidate_014,surface_temp_ir;fc4_flux;cr1000xe_backbone,1.9904,thermal,transport,3,0.8350591063499451
7182,candidate_014,surface_temp_ir;fc4_flux;cr1000xe_backbone,1.9904,thermal,transport,3,0.7702249884605408
7182,candidate_014,surface_temp_ir;fc4_flux;cr1000xe_backbone,1.9904,thermal,transport,3,0.7592218518257141
7182,candidate_014,surface_temp_ir;fc4_flux;cr1000xe_backbone,1.9904,thermal,transport,3,0.7784155607223511
7182,candidate_014,surface_temp_ir;fc4_flux;cr1000xe_backbone,1.9904,thermal,transport,3,0.7966421246528625
7182,candidate_014,surface_temp_ir;fc4_flux;cr1000xe_backbone,1.9904,thermal,transport,3,0.7896044254302979
7182,candidate_014,surface_temp_ir;fc4_flux;cr1000xe_backbone,1.9904,thermal,transport,3,0.7550042867660522
7182,candidate_014,surface_temp_ir;fc4_flux;cr1000xe_backbone,1.9904,thermal,transport,3,0.8167288899421692
7182,candidate_014,surface_temp_ir;fc4_flux;cr1000xe_backbone,1.9904,thermal,transport,3,0.8316429257392883
7182,candidate_014,surface_temp_ir;fc4_flux;cr1000xe_backbone,1.9904,thermal,transport,3,0.8113923072814941
7182,candidate_014,surface_temp_ir;fc4_flux;cr1000xe_backbone,1.9904,thermal,transport,3,0.7803243398666382
7182,candidate_014,surface_temp_ir;fc4_flux;cr1000xe_backbone,1.9904,thermal,transport,3,0.7718726396560669
7182,candidate_014,surface_temp_ir;fc4_flux;cr1000xe_backbone,1.9904,thermal,transport,3,0.7402603030204773
7182,candidate_014,surface_temp_ir;fc4_flux;cr1000xe_backbone,1.9904,thermal,transport,3,0.7394513487815857
7182,candidate_014,surface_temp_ir;fc4_flux;cr1000xe_backbone,1.9904,thermal,transport,3,0.7170366644859314
7182,candidate_014,surface_temp_ir;fc4_flux;cr1000xe_backbone,1.9904,thermal,transport,3,0.7350557446479797
7182,candidate_014,surface_temp_ir;fc4_flux;cr1000xe_backbone,1.9904,thermal,transport,3,0.7037244439125061
7182,candidate_014,surface_temp_ir;fc4_flux;cr1000xe_backbone,1.9904,thermal,transport,3,0.7342237830162048
7182,candidate_014,surface_temp_ir;fc4_flux;cr1000xe_backbone,1.9904,thermal,transport,3,0.7308688163757324
7182,candidate_014,surface_temp_ir;fc4_flux;cr1000xe_backbone,1.9904,thermal,transport,3,0.7671697735786438
7182,candidate_014,surface_temp_ir;fc4_flux;cr1000xe_backbone,1.9904,thermal,transport,3,0.7813246846199036
7182,candidate_014,surface_temp_ir;fc4_flux;cr1000xe_backbone,1.9904,calm,thermal,0,0.8750852942466736
7182,candidate_014,surface_temp_ir;fc4_flux;cr1000xe_backbone,1.9904,particle,thermal,1,0.4612165689468384
7182,candidate_014,surface_temp_ir;fc4_flux;cr1000xe_backbone,1.9904,particle,thermal,1,0.40811100602149963
7182,candidate_014,surface_temp_ir;fc4_flux;cr1000xe_backbone,1.9904,particle,thermal,1,0.43102720379829407
7182,candidate_014,surface_temp_ir;fc4_flux;cr1000xe_backbone,1.9904,particle,thermal,1,0.3719041645526886
7182,candidate_014,surface_temp_ir;fc4_flux;cr1000xe_backbone,1.9904,particle,thermal,1,0.4310157299041748
7182,candidate_014,surface_temp_ir;fc4_flux;cr1000xe_backbone,1.9904,particle,thermal,1,0.3867107927799225
7182,candidate_014,surface_temp_ir;fc4_flux;cr1000xe_backbone,1.9904,particle,thermal,1,0.3909626305103302
7182,candidate_014,surface_temp_ir;fc4_flux;cr1000xe_backbone,1.9904,particle,thermal,1,0.3590047061443329
7182,candidate_014,surface_temp_ir;fc4_flux;cr1000xe_backbone,1.9904,particle,thermal,1,0.39235496520996094
7182,candidate_014,surface_temp_ir;fc4_flux;cr1000xe_backbone,1.9904,particle,thermal,1,0.4235919117927551
7182,candidate_014,surface_temp_ir;fc4_flux;cr1000xe_backbone,1.9904,particle,thermal,1,0.431203693151474
7182,candidate_014,surface_temp_ir;fc4_flux;cr1000xe_backbone,1.9904,particle,thermal,1,0.37310487031936646
7182,candidate_014,surface_temp_ir;fc4_flux;cr1000xe_backbone,1.9904,particle,thermal,1,0.3128497898578644
7182,candidate_014,surface_temp_ir;fc4_flux;cr1000xe_backbone,1.9904,particle,thermal,1,0.2971796989440918
7182,candidate_014,surface_temp_ir;fc4_flux;cr1000xe_backbone,1.9904,particle,transport,1,0.3102709650993347
7182,candidate_014,surface_temp_ir;fc4_flux;cr1000xe_backbone,1.9904,particle,transport,1,0.28170350193977356
7182,candidate_014,surface_temp_ir;fc4_flux;cr1000xe_backbone,1.9904,particle,transport,1,0.22642111778259277
7182,candidate_014,surface_temp_ir;fc4_flux;cr1000xe_backbone,1.9904,particle,transport,1,0.22946123778820038
7182,candidate_014,surface_temp_ir;fc4_flux;cr1000xe_backbone,1.9904,particle,transport,1,0.21667464077472687
7182,candidate_014,surface_temp_ir;fc4_flux;cr1000xe_backbone,1.9904,particle,transport,1,0.21995818614959717
7182,candidate_014,surface_temp_ir;fc4_flux;cr1000xe_backbone,1.9904,particle,transport,1,0.22935548424720764
7182,candidate_014,surface_temp_ir;fc4_flux;cr1000xe_backbone,1.9904,particle,transport,1,0.230312317609787
7182,candidate_014,surface_temp_ir;fc4_flux;cr1000xe_backbone,1.9904,particle,transport,1,0.28389328718185425
7182,candidate_014,surface_temp_ir;fc4_flux;cr1000xe_backbone,1.9904,particle,transport,1,0.28811919689178467
7182,candidate_014,surface_temp_ir;fc4_flux;cr1000xe_backbone,1.9904,particle,transport,1,0.28818443417549133
7182,candidate_014,surface_temp_ir;fc4_flux;cr1000xe_backbone,1.9904,particle,transport,1,0.28700584173202515
7182,candidate_014,surface_temp_ir;fc4_flux;cr1000xe_backbone,1.9904,particle,transport,1,0.4122231900691986
7182,candidate_014,surface_temp_ir;fc4_flux;cr1000xe_backbone,1.9904,particle,transport,1,0.4820501208305359
7182,candidate_014,surface_temp_ir;fc4_flux;cr1000xe_backbone,1.9904,particle,transport,1,0.40467363595962524
7182,candidate_014,surface_temp_ir;fc4_flux;cr1000xe_backbone,1.9904,particle,transport,1,0.46717119216918945
7182,candidate_014,surface_temp_ir;fc4_flux;cr1000xe_backbone,1.9904,particle,transport,1,0.8200367093086243
7182,candidate_014,surface_temp_ir;fc4_flux;cr1000xe_backbone,1.9904,particle,transport,1,0.5999442934989929
7182,candidate_014,surface_temp_ir;fc4_flux;cr1000xe_backbone,1.9904,particle,transport,1,0.6376146078109741
7182,candidate_014,surface_temp_ir;fc4_flux;cr1000xe_backbone,1.9904,particle,transport,1,0.5184876918792725
7182,candidate_014,surface_temp_ir;fc4_flux;cr1000xe_backbone,1.9904,particle,transport,1,0.46218112111091614
7182,candidate_014,surface_temp_ir;fc4_flux;cr1000xe_backbone,1.9904,particle,transport,1,0.44203171133995056
7182,candidate_014,surface_temp_ir;fc4_flux;cr1000xe_backbone,1.9904,particle,transport,1,0.46835991740226746
7182,candidate_014,surface_temp_ir;fc4_flux;cr1000xe_backbone,1.9904,particle,transport,1,0.5114011168479919
7182,candidate_014,surface_temp_ir;fc4_flux;cr1000xe_backbone,1.9904,particle,transport,1,0.4689945876598358
7182,candidate_014,surface_temp_ir;fc4_flux;cr1000xe_backbone,1.9904,particle,transport,1,0.46098053455352783
7182,candidate_014,surface_temp_ir;fc4_flux;cr1000xe_backbone,1.9904,particle,transport,1,0.5057778358459473
7182,candidate_014,surface_temp_ir;fc4_flux;cr1000xe_backbone,1.9904,particle,transport,1,0.5641101598739624
7182,candidate_014,surface_temp_ir;fc4_flux;cr1000xe_backbone,1.9904,particle,particle,1,0.5381118059158325
7182,candidate_014,surface_temp_ir;fc4_flux;cr1000xe_backbone,1.9904,particle,particle,1,0.6355447173118591
7182,candidate_014,surface_temp_ir;fc4_flux;cr1000xe_backbone,1.9904,particle,particle,1,0.601882815361023
7182,candidate_014,surface_temp_ir;fc4_flux;cr1000xe_backbone,1.9904,particle,particle,1,0.5281388759613037
7182,candidate_014,surface_temp_ir;fc4_flux;cr1000xe_backbone,1.9904,particle,particle,1,0.6284351944923401
7182,candidate_014,surface_temp_ir;fc4_flux;cr1000xe_backbone,1.9904,particle,particle,1,0.5544536113739014
7182,candidate_014,surface_temp_ir;fc4_flux;cr1000xe_backbone,1.9904,particle,particle,1,0.5827685594558716
7182,candidate_014,surface_temp_ir;fc4_flux;cr1000xe_backbone,1.9904,particle,particle,1,0.6271864771842957
7182,candidate_014,surface_temp_ir;fc4_flux;cr1000xe_backbone,1.9904,particle,particle,1,0.6327870488166809
7182,candidate_014,surface_temp_ir;fc4_flux;cr1000xe_backbone,1.9904,particle,particle,1,0.6058144569396973
7182,candidate_014,surface_temp_ir;fc4_flux;cr1000xe_backbone,1.9904,particle,particle,1,0.5897589921951294
7182,candidate_014,surface_temp_ir;fc4_flux;cr1000xe_backbone,1.9904,particle,particle,1,0.6048035621643066
7182,candidate_014,surface_temp_ir;fc4_flux;cr1000xe_backbone,1.9904,particle,particle,1,0.576536238193512
7182,candidate_014,surface_temp_ir;fc4_flux;cr1000xe_backbone,1.9904,particle,particle,1,0.5960902571678162
7182,candidate_014,surface_temp_ir;fc4_flux;cr1000xe_backbone,1.9904,particle,particle,1,0.5970047116279602
7182,candidate_014,surface_temp_ir;fc4_flux;cr1000xe_backbone,1.9904,particle,particle,1,0.6562107801437378
7182,candidate_014,surface_temp_ir;fc4_flux;cr1000xe_backbone,1.9904,particle,particle,1,0.6749930381774902
7182,candidate_014,surface_temp_ir;fc4_flux;cr1000xe_backbone,1.9904,calm,particle,0,0.6419403553009033
7182,candidate_014,surface_temp_ir;fc4_flux;cr1000xe_backbone,1.9904,calm,particle,0,0.6339893341064453
7182,candidate_014,surface_temp_ir;fc4_flux;cr1000xe_backbone,1.9904,calm,particle,0,0.5894421339035034
7182,candidate_014,surface_temp_ir;fc4_flux;cr1000xe_backbone,1.9904,calm,particle,0,0.5755502581596375
7182,candidate_014,surface_temp_ir;fc4_flux;cr1000xe_backbone,1.9904,calm,particle,0,0.5747959017753601
7182,candidate_014,surface_temp_ir;fc4_flux;cr1000xe_backbone,1.9904,calm,particle,0,0.5951133966445923
7182,candidate_014,surface_temp_ir;fc4_flux;cr1000xe_backbone,1.9904,calm,particle,0,0.5677148699760437
7182,candidate_014,surface_temp_ir;fc4_flux;cr1000xe_backbone,1.9904,calm,particle,0,0.5438477993011475
7182,candidate_014,surface_temp_ir;fc4_flux;cr1000xe_backbone,1.9904,calm,particle,0,0.5362414717674255
7182,candidate_014,surface_temp_ir;fc4_flux;cr1000xe_backbone,1.9904,calm,particle,0,0.5478067398071289
7182,candidate_014,surface_temp_ir;fc4_flux;cr1000xe_backbone,1.9904,calm,particle,0,0.583248496055603
7182,candidate_014,surface_temp_ir;fc4_flux;cr1000xe_backbone,1.9904,calm,particle,0,0.5668984055519104
7182,candidate_014,surface_temp_ir;fc4_flux;cr1000xe_backbone,1.9904,calm,particle,0,0.567020833492279
7182,candidate_014,surface_temp_ir;fc4_flux;cr1000xe_backbone,1.9904,calm,particle,0,0.5708508491516113
7182,candidate_014,surface_temp_ir;fc4_flux;cr1000xe_backbone,1.9904,particle,particle,1,0.6132579445838928
7182,candidate_014,surface_temp_ir;fc4_flux;cr1000xe_backbone,1.9904,particle,particle,1,0.627817690372467
7182,candidate_014,surface_temp_ir;fc4_flux;cr1000xe_backbone,1.9904,particle,particle,1,0.6890773773193359
7182,candidate_014,surface_temp_ir;fc4_flux;cr1000xe_backbone,1.9904,particle,particle,1,0.6957647800445557
7182,candidate_014,surface_temp_ir;fc4_flux;cr1000xe_backbone,1.9904,particle,thermal,1,0.6113748550415039
7182,candidate_014,surface_temp_ir;fc4_flux;cr1000xe_backbone,1.9904,particle,thermal,1,0.5225306749343872
7182,candidate_014,surface_temp_ir;fc4_flux;cr1000xe_backbone,1.9904,particle,thermal,1,0.5197089314460754
7182,candidate_014,surface_temp_ir;fc4_flux;cr1000xe_backbone,1.9904,particle,thermal,1,0.5567681789398193
7182,candidate_014,surface_temp_ir;fc4_flux;cr1000xe_backbone,1.9904,particle,thermal,1,0.49799948930740356
7182,candidate_014,surface_temp_ir;fc4_flux;cr1000xe_backbone,1.9904,particle,thermal,1,0.4595227539539337
7182,candidate_014,surface_temp_ir;fc4_flux;cr1000xe_backbone,1.9904,particle,thermal,1,0.460467129945755
7182,candidate_014,surface_temp_ir;fc4_flux;cr1000xe_backbone,1.9904,particle,thermal,1,0.416633665561676
7182,candidate_014,surface_temp_ir;fc4_flux;cr1000xe_backbone,1.9904,particle,thermal,1,0.3923766314983368
7182,candidate_014,surface_temp_ir;fc4_flux;cr1000xe_backbone,1.9904,particle,thermal,1,0.4200015366077423
7182,candidate_014,surface_temp_ir;fc4_flux;cr1000xe_backbone,1.9904,particle,thermal,1,0.4372439980506897
7182,candidate_014,surface_temp_ir;fc4_flux;cr1000xe_backbone,1.9904,particle,thermal,1,0.41166141629219055
7182,candidate_014,surface_temp_ir;fc4_flux;cr1000xe_backbone,1.9904,particle,thermal,1,0.37485209107398987
7182,candidate_014,surface_temp_ir;fc4_flux;cr1000xe_backbone,1.9904,particle,thermal,1,0.40519261360168457
7182,candidate_014,surface_temp_ir;fc4_flux;cr1000xe_backbone,1.9904,particle,thermal,1,0.39138078689575195
7182,candidate_014,surface_temp_ir;fc4_flux;cr1000xe_backbone,1.9904,particle,thermal,1,0.40632855892181396
7182,candidate_014,surface_temp_ir;fc4_flux;cr1000xe_backbone,1.9904,particle,thermal,1,0.41743719577789307
7182,candidate_014,surface_temp_ir;fc4_flux;cr1000xe_backbone,1.9904,particle,thermal,1,0.397298663854599
7182,candidate_014,surface_temp_ir;fc4_flux;cr1000xe_backbone,1.9904,particle,transport,1,0.3839499354362488
7182,candidate_014,surface_temp_ir;fc4_flux;cr1000xe_backbone,1.9904,particle,transport,1,0.39955323934555054
7182,candidate_014,surface_temp_ir;fc4_flux;cr1000xe_backbone,1.9904,particle,transport,1,0.40963006019592285
7182,candidate_014,surface_temp_ir;fc4_flux;cr1000xe_backbone,1.9904,particle,transport,1,0.44153261184692383
7182,candidate_014,surface_temp_ir;fc4_flux;cr1000xe_backbone,1.9904,particle,transport,1,0.3849523663520813
7182,candidate_014,surface_temp_ir;fc4_flux;cr1000xe_backbone,1.9904,particle,transport,1,0.4067469835281372
7182,candidate_014,surface_temp_ir;fc4_flux;cr1000xe_backbone,1.9904,particle,transport,1,0.37716975808143616
7182,candidate_014,surface_temp_ir;fc4_flux;cr1000xe_backbone,1.9904,particle,transport,1,0.4154099225997925
7182,candidate_014,surface_temp_ir;fc4_flux;cr1000xe_backbone,1.9904,particle,transport,1,0.37619584798812866
7182,candidate_014,surface_temp_ir;fc4_flux;cr1000xe_backbone,1.9904,particle,transport,1,0.39644426107406616
7182,candidate_014,surface_temp_ir;fc4_flux;cr1000xe_backbone,1.9904,particle,transport,1,0.45059242844581604
7182,candidate_014,surface_temp_ir;fc4_flux;cr1000xe_backbone,1.9904,particle,transport,1,0.40009352564811707
7182,candidate_014,surface_temp_ir;fc4_flux;cr1000xe_backbone,1.9904,particle,transport,1,0.39729711413383484
7182,candidate_014,surface_temp_ir;fc4_flux;cr1000xe_backbone,1.9904,particle,transport,1,0.3845658600330353
7182,candidate_014,surface_temp_ir;fc4_flux;cr1000xe_backbone,1.9904,calm,transport,0,0.45263421535491943
7182,candidate_014,surface_temp_ir;fc4_flux;cr1000xe_backbone,1.9904,calm,transport,0,0.554365873336792
7182,candidate_014,surface_temp_ir;fc4_flux;cr1000xe_backbone,1.9904,calm,transport,0,0.5791402459144592
7182,candidate_014,surface_temp_ir;fc4_flux;cr1000xe_backbone,1.9904,calm,transport,0,0.5271292924880981
7182,candidate_014,surface_temp_ir;fc4_flux;cr1000xe_backbone,1.9904,calm,transport,0,0.49569132924079895
7182,candidate_014,surface_temp_ir;fc4_flux;cr1000xe_backbone,1.9904,calm,transport,0,0.5082758665084839
7182,candidate_014,surface_temp_ir;fc4_flux;cr1000xe_backbone,1.9904,calm,particle,0,0.4931144714355469
7182,candidate_014,surface_temp_ir;fc4_flux;cr1000xe_backbone,1.9904,calm,particle,0,0.5393038988113403
7182,candidate_014,surface_temp_ir;fc4_flux;cr1000xe_backbone,1.9904,calm,particle,0,0.45556244254112244
7182,candidate_014,surface_temp_ir;fc4_flux;cr1000xe_backbone,1.9904,calm,particle,0,0.4218471050262451
7182,candidate_014,surface_temp_ir;fc4_flux;cr1000xe_backbone,1.9904,calm,particle,0,0.4001341164112091
7182,candidate_014,surface_temp_ir;fc4_flux;cr1000xe_backbone,1.9904,calm,particle,0,0.42395731806755066
7182,candidate_014,surface_temp_ir;fc4_flux;cr1000xe_backbone,1.9904,calm,particle,0,0.4295477569103241
7182,candidate_014,surface_temp_ir;fc4_flux;cr1000xe_backbone,1.9904,calm,particle,0,0.43007099628448486
7182,candidate_014,surface_temp_ir;fc4_flux;cr1000xe_backbone,1.9904,flux,particle,2,0.43601492047309875
7182,candidate_014,surface_temp_ir;fc4_flux;cr1000xe_backbone,1.9904,flux,particle,2,0.45765432715415955
7182,candidate_014,surface_temp_ir;fc4_flux;cr1000xe_backbone,1.9904,flux,particle,2,0.4822433888912201
7182,candidate_014,surface_temp_ir;fc4_flux;cr1000xe_backbone,1.9904,flux,particle,2,0.4679536521434784
7182,candidate_014,surface_temp_ir;fc4_flux;cr1000xe_backbone,1.9904,flux,particle,2,0.43988439440727234
7182,candidate_014,surface_temp_ir;fc4_flux;cr1000xe_backbone,1.9904,flux,particle,2,0.467793345451355
7182,candidate_014,surface_temp_ir;fc4_flux;cr1000xe_backbone,1.9904,flux,particle,2,0.46931952238082886
7182,candidate_014,surface_temp_ir;fc4_flux;cr1000xe_backbone,1.9904,flux,particle,2,0.4840233027935028
7182,candidate_014,surface_temp_ir;fc4_flux;cr1000xe_backbone,1.9904,flux,particle,2,0.48867467045783997
7182,candidate_014,surface_temp_ir;fc4_flux;cr1000xe_backbone,1.9904,flux,particle,2,0.5209668278694153
7182,candidate_014,surface_temp_ir;fc4_flux;cr1000xe_backbone,1.9904,flux,particle,2,0.5581632852554321
7182,candidate_014,surface_temp_ir;fc4_flux;cr1000xe_backbone,1.9904,flux,particle,2,0.6012650728225708
7182,candidate_014,surface_temp_ir;fc4_flux;cr1000xe_backbone,1.9904,flux,particle,2,0.6140313148498535
7182,candidate_014,surface_temp_ir;fc4_flux;cr1000xe_backbone,1.9904,flux,particle,2,0.6681831479072571
7182,candidate_014,surface_temp_ir;fc4_flux;cr1000xe_backbone,1.9904,flux,particle,2,0.7083190679550171
7182,candidate_014,surface_temp_ir;fc4_flux;cr1000xe_backbone,1.9904,flux,particle,2,0.7270530462265015
7182,candidate_014,surface_temp_ir;fc4_flux;cr1000xe_backbone,1.9904,flux,particle,2,0.7384020686149597
7182,candidate_014,surface_temp_ir;fc4_flux;cr1000xe_backbone,1.9904,flux,thermal,2,0.6610472798347473
7182,candidate_014,surface_temp_ir;fc4_flux;cr1000xe_backbone,1.9904,flux,thermal,2,0.6696277260780334
7182,candidate_014,surface_temp_ir;fc4_flux;cr1000xe_backbone,1.9904,flux,thermal,2,0.6775979399681091
7182,candidate_014,surface_temp_ir;fc4_flux;cr1000xe_backbone,1.9904,flux,thermal,2,0.6697966456413269
7182,candidate_014,surface_temp_ir;fc4_flux;cr1000xe_backbone,1.9904,flux,thermal,2,0.6347161531448364
7182,candidate_014,surface_temp_ir;fc4_flux;cr1000xe_backbone,1.9904,flux,thermal,2,0.6505155563354492
7182,candidate_014,surface_temp_ir;fc4_flux;cr1000xe_backbone,1.9904,flux,thermal,2,0.6206944584846497
7182,candidate_014,surface_temp_ir;fc4_flux;cr1000xe_backbone,1.9904,flux,thermal,2,0.5958958864212036
7182,candidate_014,surface_temp_ir;fc4_flux;cr1000xe_backbone,1.9904,flux,thermal,2,0.6577719449996948
7182,candidate_014,surface_temp_ir;fc4_flux;cr1000xe_backbone,1.9904,flux,thermal,2,0.6778852343559265
7182,candidate_014,surface_temp_ir;fc4_flux;cr1000xe_backbone,1.9904,flux,thermal,2,0.6220342516899109
7182,candidate_014,surface_temp_ir;fc4_flux;cr1000xe_backbone,1.9904,flux,thermal,2,0.6640554666519165
7182,candidate_014,surface_temp_ir;fc4_flux;cr1000xe_backbone,1.9904,flux,thermal,2,0.657749593257904
7182,candidate_014,surface_temp_ir;fc4_flux;cr1000xe_backbone,1.9904,flux,thermal,2,0.6646065711975098
7182,candidate_014,surface_temp_ir;fc4_flux;cr1000xe_backbone,1.9904,flux,thermal,2,0.6278024911880493
7182,candidate_014,surface_temp_ir;fc4_flux;cr1000xe_backbone,1.9904,flux,thermal,2,0.6412662267684937
7182,candidate_014,surface_temp_ir;fc4_flux;cr1000xe_backbone,1.9904,flux,thermal,2,0.6712088584899902
7182,candidate_014,surface_temp_ir;fc4_flux;cr1000xe_backbone,1.9904,flux,thermal,2,0.6440911889076233
7182,candidate_014,surface_temp_ir;fc4_flux;cr1000xe_backbone,1.9904,flux,thermal,2,0.665688157081604
7182,candidate_014,surface_temp_ir;fc4_flux;cr1000xe_backbone,1.9904,flux,thermal,2,0.6297084093093872
7182,candidate_014,surface_temp_ir;fc4_flux;cr1000xe_backbone,1.9904,flux,thermal,2,0.6144419312477112
7182,candidate_014,surface_temp_ir;fc4_flux;cr1000xe_backbone,1.9904,flux,thermal,2,0.5776014924049377
7182,candidate_014,surface_temp_ir;fc4_flux;cr1000xe_backbone,1.9904,flux,thermal,2,0.5315792560577393
7182,candidate_014,surface_temp_ir;fc4_flux;cr1000xe_backbone,1.9904,flux,thermal,2,0.5212277770042419
7182,candidate_014,surface_temp_ir;fc4_flux;cr1000xe_backbone,1.9904,flux,thermal,2,0.5072847008705139
7182,candidate_014,surface_temp_ir;fc4_flux;cr1000xe_backbone,1.9904,flux,thermal,2,0.4971145987510681
7182,candidate_014,surface_temp_ir;fc4_flux;cr1000xe_backbone,1.9904,flux,thermal,2,0.5422887802124023
7182,candidate_014,surface_temp_ir;fc4_flux;cr1000xe_backbone,1.9904,flux,transport,2,0.5613656044006348
7182,candidate_014,surface_temp_ir;fc4_flux;cr1000xe_backbone,1.9904,flux,transport,2,0.5800905227661133
7182,candidate_014,surface_temp_ir;fc4_flux;cr1000xe_backbone,1.9904,flux,transport,2,0.5469422340393066
7182,candidate_014,surface_temp_ir;fc4_flux;cr1000xe_backbone,1.9904,flux,transport,2,0.5374858975410461
7182,candidate_014,surface_temp_ir;fc4_flux;cr1000xe_backbone,1.9904,calm,transport,0,0.5504094362258911
7182,candidate_014,surface_temp_ir;fc4_flux;cr1000xe_backbone,1.9904,calm,transport,0,0.5348683595657349
7182,candidate_014,surface_temp_ir;fc4_flux;cr1000xe_backbone,1.9904,calm,transport,0,0.5903429388999939
7182,candidate_014,surface_temp_ir;fc4_flux;cr1000xe_backbone,1.9904,calm,transport,0,0.5556507706642151
7182,candidate_014,surface_temp_ir;fc4_flux;cr1000xe_backbone,1.9904,calm,transport,0,0.5615723729133606
7182,candidate_014,surface_temp_ir;fc4_flux;cr1000xe_backbone,1.9904,calm,transport,0,0.5856444835662842
7182,candidate_014,surface_temp_ir;fc4_flux;cr1000xe_backbone,1.9904,calm,transport,0,0.5923861861228943
7182,candidate_014,surface_temp_ir;fc4_flux;cr1000xe_backbone,1.9904,calm,transport,0,0.5772662162780762
7182,candidate_014,surface_temp_ir;fc4_flux;cr1000xe_backbone,1.9904,calm,transport,0,0.5886972546577454
7182,candidate_014,surface_temp_ir;fc4_flux;cr1000xe_backbone,1.9904,calm,transport,0,0.5761038661003113
7182,candidate_014,surface_temp_ir;fc4_flux;cr1000xe_backbone,1.9904,calm,transport,0,0.6136610507965088
7182,candidate_014,surface_temp_ir;fc4_flux;cr1000xe_backbone,1.9904,calm,transport,0,0.6200689673423767
7182,candidate_014,surface_temp_ir;fc4_flux;cr1000xe_backbone,1.9904,calm,transport,0,0.5935144424438477
7182,candidate_014,surface_temp_ir;fc4_flux;cr1000xe_backbone,1.9904,calm,transport,0,0.5796146988868713
7182,candidate_014,surface_temp_ir;fc4_flux;cr1000xe_backbone,1.9904,thermal,transport,3,0.599052906036377
7182,candidate_014,surface_temp_ir;fc4_flux;cr1000xe_backbone,1.9904,thermal,transport,3,0.6210023164749146
7182,candidate_014,surface_temp_ir;fc4_flux;cr1000xe_backbone,1.9904,thermal,transport,3,0.642183244228363
7182,candidate_014,surface_temp_ir;fc4_flux;cr1000xe_backbone,1.9904,thermal,transport,3,0.624717116355896
7182,candidate_014,surface_temp_ir;fc4_flux;cr1000xe_backbone,1.9904,thermal,particle,3,0.6002734899520874
7182,candidate_014,surface_temp_ir;fc4_flux;cr1000xe_backbone,1.9904,thermal,particle,3,0.5847439765930176
7182,candidate_014,surface_temp_ir;fc4_flux;cr1000xe_backbone,1.9904,thermal,particle,3,0.5737699270248413
7182,candidate_014,surface_temp_ir;fc4_flux;cr1000xe_backbone,1.9904,thermal,particle,3,0.6043423414230347
7182,candidate_014,surface_temp_ir;fc4_flux;cr1000xe_backbone,1.9904,thermal,particle,3,0.6075226068496704
7182,candidate_014,surface_temp_ir;fc4_flux;cr1000xe_backbone,1.9904,thermal,particle,3,0.5732221603393555
7182,candidate_014,surface_temp_ir;fc4_flux;cr1000xe_backbone,1.9904,thermal,particle,3,0.5624353289604187
7182,candidate_014,surface_temp_ir;fc4_flux;cr1000xe_backbone,1.9904,thermal,particle,3,0.5577258467674255
7182,candidate_014,surface_temp_ir;fc4_flux;cr1000xe_backbone,1.9904,thermal,particle,3,0.5265213847160339
7182,candidate_014,surface_temp_ir;fc4_flux;cr1000xe_backbone,1.9904,thermal,particle,3,0.5441833734512329
7182,candidate_014,surface_temp_ir;fc4_flux;cr1000xe_backbone,1.9904,thermal,particle,3,0.5194131731987
7182,candidate_014,surface_temp_ir;fc4_flux;cr1000xe_backbone,1.9904,thermal,particle,3,0.5112385749816895
7182,candidate_014,surface_temp_ir;fc4_flux;cr1000xe_backbone,1.9904,thermal,particle,3,0.5284264087677002
7182,candidate_014,surface_temp_ir;fc4_flux;cr1000xe_backbone,1.9904,thermal,particle,3,0.49679329991340637
7182,candidate_014,surface_temp_ir;fc4_flux;cr1000xe_backbone,1.9904,thermal,particle,3,0.5004558563232422
7182,candidate_014,surface_temp_ir;fc4_flux;cr1000xe_backbone,1.9904,thermal,particle,3,0.5063758492469788
7182,candidate_014,surface_temp_ir;fc4_flux;cr1000xe_backbone,1.9904,thermal,particle,3,0.4982503056526184
7182,candidate_014,surface_temp_ir;fc4_flux;cr1000xe_backbone,1.9904,thermal,particle,3,0.5235143303871155
7182,candidate_014,surface_temp_ir;fc4_flux;cr1000xe_backbone,1.9904,thermal,particle,3,0.5351974964141846
7182,candidate_014,surface_temp_ir;fc4_flux;cr1000xe_backbone,1.9904,thermal,particle,3,0.5110251903533936
7182,candidate_014,surface_temp_ir;fc4_flux;cr1000xe_backbone,1.9904,thermal,particle,3,0.5384898781776428
7182,candidate_014,surface_temp_ir;fc4_flux;cr1000xe_backbone,1.9904,thermal,particle,3,0.5400193333625793
7182,candidate_014,surface_temp_ir;fc4_flux;cr1000xe_backbone,1.9904,thermal,particle,3,0.5331181883811951
7182,candidate_014,surface_temp_ir;fc4_flux;cr1000xe_backbone,1.9904,thermal,particle,3,0.5304831266403198
7182,candidate_014,surface_temp_ir;fc4_flux;cr1000xe_backbone,1.9904,thermal,particle,3,0.5393006801605225
7182,candidate_014,surface_temp_ir;fc4_flux;cr1000xe_backbone,1.9904,thermal,particle,3,0.5261551141738892
7182,candidate_014,surface_temp_ir;fc4_flux;cr1000xe_backbone,1.9904,thermal,particle,3,0.5169352293014526
7182,candidate_014,surface_temp_ir;fc4_flux;cr1000xe_backbone,1.9904,thermal,particle,3,0.5010941624641418
7182,candidate_014,surface_temp_ir;fc4_flux;cr1000xe_backbone,1.9904,thermal,particle,3,0.5459704995155334
7182,candidate_014,surface_temp_ir;fc4_flux;cr1000xe_backbone,1.9904,thermal,particle,3,0.5972230434417725
7182,candidate_014,surface_temp_ir;fc4_flux;cr1000xe_backbone,1.9904,thermal,particle,3,0.6446851491928101
7182,candidate_014,surface_temp_ir;fc4_flux;cr1000xe_backbone,1.9904,thermal,particle,3,0.642155647277832
7182,candidate_014,surface_temp_ir;fc4_flux;cr1000xe_backbone,1.9904,thermal,particle,3,0.6812348961830139
7182,candidate_014,surface_temp_ir;fc4_flux;cr1000xe_backbone,1.9904,thermal,particle,3,0.6967319250106812
7182,candidate_014,surface_temp_ir;fc4_flux;cr1000xe_backbone,1.9904,thermal,particle,3,0.7439296841621399
7182,candidate_014,surface_temp_ir;fc4_flux;cr1000xe_backbone,1.9904,thermal,particle,3,0.7777786254882812
7182,candidate_014,surface_temp_ir;fc4_flux;cr1000xe_backbone,1.9904,thermal,thermal,3,0.7409388422966003
7182,candidate_014,surface_temp_ir;fc4_flux;cr1000xe_backbone,1.9904,thermal,thermal,3,0.7691043019294739
7182,candidate_014,surface_temp_ir;fc4_flux;cr1000xe_backbone,1.9904,thermal,thermal,3,0.8001107573509216
7182,candidate_014,surface_temp_ir;fc4_flux;cr1000xe_backbone,1.9904,thermal,thermal,3,0.771922767162323
7182,candidate_014,surface_temp_ir;fc4_flux;cr1000xe_backbone,1.9904,thermal,thermal,3,0.7837551236152649
7182,candidate_014,surface_temp_ir;fc4_flux;cr1000xe_backbone,1.9904,thermal,thermal,3,0.8435558676719666
7182,candidate_014,surface_temp_ir;fc4_flux;cr1000xe_backbone,1.9904,thermal,thermal,3,0.78889000415802
7182,candidate_014,surface_temp_ir;fc4_flux;cr1000xe_backbone,1.9904,thermal,thermal,3,0.7985661625862122
7182,candidate_014,surface_temp_ir;fc4_flux;cr1000xe_backbone,1.9904,thermal,thermal,3,0.7692908644676208
7182,candidate_014,surface_temp_ir;fc4_flux;cr1000xe_backbone,1.9904,thermal,thermal,3,0.763996958732605
7182,candidate_014,surface_temp_ir;fc4_flux;cr1000xe_backbone,1.9904,thermal,thermal,3,0.7338008284568787
7182,candidate_014,surface_temp_ir;fc4_flux;cr1000xe_backbone,1.9904,thermal,thermal,3,0.7286259531974792
7182,candidate_014,surface_temp_ir;fc4_flux;cr1000xe_backbone,1.9904,thermal,thermal,3,0.6585446000099182
7182,candidate_014,surface_temp_ir;fc4_flux;cr1000xe_backbone,1.9904,thermal,thermal,3,0.6976616978645325
7182,candidate_014,surface_temp_ir;fc4_flux;cr1000xe_backbone,1.9904,thermal,thermal,3,0.6399835348129272
7182,candidate_014,surface_temp_ir;fc4_flux;cr1000xe_backbone,1.9904,thermal,thermal,3,0.6859516501426697
7182,candidate_014,surface_temp_ir;fc4_flux;cr1000xe_backbone,1.9904,calm,thermal,0,0.6448166966438293
7182,candidate_014,surface_temp_ir;fc4_flux;cr1000xe_backbone,1.9904,calm,thermal,0,0.6004860997200012
7182,candidate_014,surface_temp_ir;fc4_flux;cr1000xe_backbone,1.9904,calm,thermal,0,0.574906051158905
7182,candidate_014,surface_temp_ir;fc4_flux;cr1000xe_backbone,1.9904,calm,thermal,0,0.5807700753211975
7182,candidate_014,surface_temp_ir;fc4_flux;cr1000xe_backbone,1.9904,calm,thermal,0,0.5458301901817322
7182,candidate_014,surface_temp_ir;fc4_flux;cr1000xe_backbone,1.9904,calm,thermal,0,0.5590460300445557
7182,candidate_014,surface_temp_ir;fc4_flux;cr1000xe_backbone,1.9904,calm,thermal,0,0.6065367460250854
7182,candidate_014,surface_temp_ir;fc4_flux;cr1000xe_backbone,1.9904,calm,thermal,0,0.6174196004867554
7182,candidate_014,surface_temp_ir;fc4_flux;cr1000xe_backbone,1.9904,calm,thermal,0,0.597175121307373
7182,candidate_014,surface_temp_ir;fc4_flux;cr1000xe_backbone,1.9904,calm,thermal,0,0.6066023111343384
7182,candidate_014,surface_temp_ir;fc4_flux;cr1000xe_backbone,1.9904,calm,thermal,0,0.6267005801200867
7182,candidate_014,surface_temp_ir;fc4_flux;cr1000xe_backbone,1.9904,calm,transport,0,0.6191876530647278
7182,candidate_014,surface_temp_ir;fc4_flux;cr1000xe_backbone,1.9904,thermal,transport,3,0.5757015347480774
7182,candidate_014,surface_temp_ir;fc4_flux;cr1000xe_backbone,1.9904,thermal,transport,3,0.6110548973083496
7182,candidate_015,laser_disdrometer;fc4_flux;cr1000xe_backbone,2.1104,calm,thermal,0,1.0971429347991943
7182,candidate_015,laser_disdrometer;fc4_flux;cr1000xe_backbone,2.1104,calm,thermal,0,1.1159751415252686
7182,candidate_015,laser_disdrometer;fc4_flux;cr1000xe_backbone,2.1104,calm,thermal,0,1.1820769309997559
7182,candidate_015,laser_disdrometer;fc4_flux;cr1000xe_backbone,2.1104,calm,thermal,0,1.1334117650985718
7182,candidate_015,laser_disdrometer;fc4_flux;cr1000xe_backbone,2.1104,calm,thermal,0,0.9291422963142395
7182,candidate_015,laser_disdrometer;fc4_flux;cr1000xe_backbone,2.1104,calm,thermal,0,0.9052436947822571
7182,candidate_015,laser_disdrometer;fc4_flux;cr1000xe_backbone,2.1104,calm,thermal,0,0.8880326151847839
7182,candidate_015,laser_disdrometer;fc4_flux;cr1000xe_backbone,2.1104,calm,thermal,0,0.8124474883079529
7182,candidate_015,laser_disdrometer;fc4_flux;cr1000xe_backbone,2.1104,calm,thermal,0,0.8504305481910706
7182,candidate_015,laser_disdrometer;fc4_flux;cr1000xe_backbone,2.1104,calm,thermal,0,0.7780267000198364
7182,candidate_015,laser_disdrometer;fc4_flux;cr1000xe_backbone,2.1104,calm,thermal,0,0.7653781175613403
7182,candidate_015,laser_disdrometer;fc4_flux;cr1000xe_backbone,2.1104,calm,transport,0,0.7287525534629822
7182,candidate_015,laser_disdrometer;fc4_flux;cr1000xe_backbone,2.1104,calm,transport,0,0.7077128887176514
7182,candidate_015,laser_disdrometer;fc4_flux;cr1000xe_backbone,2.1104,calm,transport,0,0.6423206925392151
7182,candidate_015,laser_disdrometer;fc4_flux;cr1000xe_backbone,2.1104,calm,transport,0,0.6735934019088745
7182,candidate_015,laser_disdrometer;fc4_flux;cr1000xe_backbone,2.1104,calm,transport,0,0.6853659152984619
7182,candidate_015,laser_disdrometer;fc4_flux;cr1000xe_backbone,2.1104,calm,transport,0,0.6898584961891174
7182,candidate_015,laser_disdrometer;fc4_flux;cr1000xe_backbone,2.1104,calm,transport,0,0.6139129996299744
7182,candidate_015,laser_disdrometer;fc4_flux;cr1000xe_backbone,2.1104,calm,transport,0,0.6306049227714539
7182,candidate_015,laser_disdrometer;fc4_flux;cr1000xe_backbone,2.1104,calm,transport,0,0.5960941910743713
7182,candidate_015,laser_disdrometer;fc4_flux;cr1000xe_backbone,2.1104,calm,transport,0,0.7586247324943542
7182,candidate_015,laser_disdrometer;fc4_flux;cr1000xe_backbone,2.1104,calm,transport,0,0.6403424739837646
7182,candidate_015,laser_disdrometer;fc4_flux;cr1000xe_backbone,2.1104,calm,transport,0,0.6787002086639404
7182,candidate_015,laser_disdrometer;fc4_flux;cr1000xe_backbone,2.1104,calm,transport,0,0.6981099247932434
7182,candidate_015,laser_disdrometer;fc4_flux;cr1000xe_backbone,2.1104,calm,transport,0,0.7217308282852173
7182,candidate_015,laser_disdrometer;fc4_flux;cr1000xe_backbone,2.1104,calm,transport,0,0.7874723076820374
7182,candidate_015,laser_disdrometer;fc4_flux;cr1000xe_backbone,2.1104,calm,transport,0,0.7825360894203186
7182,candidate_015,laser_disdrometer;fc4_flux;cr1000xe_backbone,2.1104,calm,transport,0,0.7949775457382202
7182,candidate_015,laser_disdrometer;fc4_flux;cr1000xe_backbone,2.1104,calm,transport,0,0.7163601517677307
7182,candidate_015,laser_disdrometer;fc4_flux;cr1000xe_backbone,2.1104,calm,transport,0,0.7951978445053101
7182,candidate_015,laser_disdrometer;fc4_flux;cr1000xe_backbone,2.1104,calm,transport,0,0.7377543449401855
7182,candidate_015,laser_disdrometer;fc4_flux;cr1000xe_backbone,2.1104,calm,transport,0,0.6909401416778564
7182,candidate_015,laser_disdrometer;fc4_flux;cr1000xe_backbone,2.1104,calm,transport,0,0.7058205604553223
7182,candidate_015,laser_disdrometer;fc4_flux;cr1000xe_backbone,2.1104,calm,transport,0,0.6800059676170349
7182,candidate_015,laser_disdrometer;fc4_flux;cr1000xe_backbone,2.1104,calm,transport,0,0.6132748126983643
7182,candidate_015,laser_disdrometer;fc4_flux;cr1000xe_backbone,2.1104,calm,transport,0,0.598850667476654
7182,candidate_015,laser_disdrometer;fc4_flux;cr1000xe_backbone,2.1104,calm,transport,0,0.6458054780960083
7182,candidate_015,laser_disdrometer;fc4_flux;cr1000xe_backbone,2.1104,calm,transport,0,0.6419326066970825
7182,candidate_015,laser_disdrometer;fc4_flux;cr1000xe_backbone,2.1104,calm,transport,0,0.6254534721374512
7182,candidate_015,laser_disdrometer;fc4_flux;cr1000xe_backbone,2.1104,calm,transport,0,0.6865009665489197
7182,candidate_015,laser_disdrometer;fc4_flux;cr1000xe_backbone,2.1104,calm,transport,0,0.6405805349349976
7182,candidate_015,laser_disdrometer;fc4_flux;cr1000xe_backbone,2.1104,calm,transport,0,0.623842716217041
7182,candidate_015,laser_disdrometer;fc4_flux;cr1000xe_backbone,2.1104,calm,transport,0,0.6264960765838623
7182,candidate_015,laser_disdrometer;fc4_flux;cr1000xe_backbone,2.1104,calm,transport,0,0.5982023477554321
7182,candidate_015,laser_disdrometer;fc4_flux;cr1000xe_backbone,2.1104,calm,particle,0,0.6071970462799072
7182,candidate_015,laser_disdrometer;fc4_flux;cr1000xe_backbone,2.1104,calm,particle,0,0.6494405269622803
7182,candidate_015,laser_disdrometer;fc4_flux;cr1000xe_backbone,2.1104,calm,particle,0,0.6276633143424988
7182,candidate_015,laser_disdrometer;fc4_flux;cr1000xe_backbone,2.1104,calm,particle,0,0.6310141086578369
7182,candidate_015,laser_disdrometer;fc4_flux;cr1000xe_backbone,2.1104,calm,particle,0,0.699597179889679
7182,candidate_015,laser_disdrometer;fc4_flux;cr1000xe_backbone,2.1104,calm,particle,0,0.7382249236106873
7182,candidate_015,laser_disdrometer;fc4_flux;cr1000xe_backbone,2.1104,calm,particle,0,0.7598209381103516
7182,candidate_015,laser_disdrometer;fc4_flux;cr1000xe_backbone,2.1104,calm,particle,0,0.7936739325523376
7182,candidate_015,laser_disdrometer;fc4_flux;cr1000xe_backbone,2.1104,calm,particle,0,0.7376691102981567
7182,candidate_015,laser_disdrometer;fc4_flux;cr1000xe_backbone,2.1104,calm,particle,0,0.6872519850730896
7182,candidate_015,laser_disdrometer;fc4_flux;cr1000xe_backbone,2.1104,calm,particle,0,0.8022333383560181
7182,candidate_015,laser_disdrometer;fc4_flux;cr1000xe_backbone,2.1104,calm,particle,0,0.7033676505088806
7182,candidate_015,laser_disdrometer;fc4_flux;cr1000xe_backbone,2.1104,calm,particle,0,0.7258332371711731
7182,candidate_015,laser_disdrometer;fc4_flux;cr1000xe_backbone,2.1104,calm,particle,0,0.7499407529830933
7182,candidate_015,laser_disdrometer;fc4_flux;cr1000xe_backbone,2.1104,calm,particle,0,0.6467877626419067
7182,candidate_015,laser_disdrometer;fc4_flux;cr1000xe_backbone,2.1104,calm,particle,0,0.5877427458763123
7182,candidate_015,laser_disdrometer;fc4_flux;cr1000xe_backbone,2.1104,calm,particle,0,0.5650747418403625
7182,candidate_015,laser_disdrometer;fc4_flux;cr1000xe_backbone,2.1104,calm,particle,0,0.6503625512123108
7182,candidate_015,laser_disdrometer;fc4_flux;cr1000xe_backbone,2.1104,calm,particle,0,0.5275682806968689
7182,candidate_015,laser_disdrometer;fc4_flux;cr1000xe_backbone,2.1104,calm,particle,0,0.5635168552398682
7182,candidate_015,laser_disdrometer;fc4_flux;cr1000xe_backbone,2.1104,calm,particle,0,0.4991217255592346
7182,candidate_015,laser_disdrometer;fc4_flux;cr1000xe_backbone,2.1104,calm,thermal,0,0.6646055579185486
7182,candidate_015,laser_disdrometer;fc4_flux;cr1000xe_backbone,2.1104,calm,thermal,0,0.5169306993484497
7182,candidate_015,laser_disdrometer;fc4_flux;cr1000xe_backbone,2.1104,calm,thermal,0,0.5815672874450684
7182,candidate_015,laser_disdrometer;fc4_flux;cr1000xe_backbone,2.1104,calm,thermal,0,0.5862540602684021
7182,candidate_015,laser_disdrometer;fc4_flux;cr1000xe_backbone,2.1104,calm,thermal,0,0.6071680784225464
7182,candidate_015,laser_disdrometer;fc4_flux;cr1000xe_backbone,2.1104,calm,thermal,0,0.6743048429489136
7182,candidate_015,laser_disdrometer;fc4_flux;cr1000xe_backbone,2.1104,calm,thermal,0,0.6578280329704285
7182,candidate_015,laser_disdrometer;fc4_flux;cr1000xe_backbone,2.1104,calm,thermal,0,0.626666247844696
7182,candidate_015,laser_disdrometer;fc4_flux;cr1000xe_backbone,2.1104,calm,thermal,0,0.646518886089325
7182,candidate_015,laser_disdrometer;fc4_flux;cr1000xe_backbone,2.1104,calm,thermal,0,0.6955050230026245
7182,candidate_015,laser_disdrometer;fc4_flux;cr1000xe_backbone,2.1104,calm,thermal,0,0.7029739618301392
7182,candidate_015,laser_disdrometer;fc4_flux;cr1000xe_backbone,2.1104,calm,thermal,0,0.7065069675445557
7182,candidate_015,laser_disdrometer;fc4_flux;cr1000xe_backbone,2.1104,calm,thermal,0,0.6839218735694885
7182,candidate_015,laser_disdrometer;fc4_flux;cr1000xe_backbone,2.1104,calm,thermal,0,0.6777465343475342
7182,candidate_015,laser_disdrometer;fc4_flux;cr1000xe_backbone,2.1104,calm,thermal,0,0.6472545266151428
7182,candidate_015,laser_disdrometer;fc4_flux;cr1000xe_backbone,2.1104,calm,thermal,0,0.6599801778793335
7182,candidate_015,laser_disdrometer;fc4_flux;cr1000xe_backbone,2.1104,calm,thermal,0,0.6059513688087463
7182,candidate_015,laser_disdrometer;fc4_flux;cr1000xe_backbone,2.1104,calm,thermal,0,0.640909731388092
7182,candidate_015,laser_disdrometer;fc4_flux;cr1000xe_backbone,2.1104,calm,thermal,0,0.6106143593788147
7182,candidate_015,laser_disdrometer;fc4_flux;cr1000xe_backbone,2.1104,calm,thermal,0,0.616830587387085
7182,candidate_015,laser_disdrometer;fc4_flux;cr1000xe_backbone,2.1104,calm,thermal,0,0.6407949328422546
7182,candidate_015,laser_disdrometer;fc4_flux;cr1000xe_backbone,2.1104,calm,thermal,0,0.6240301728248596
7182,candidate_015,laser_disdrometer;fc4_flux;cr1000xe_backbone,2.1104,calm,thermal,0,0.6048424243927002
7182,candidate_015,laser_disdrometer;fc4_flux;cr1000xe_backbone,2.1104,calm,thermal,0,0.5956427454948425
7182,candidate_015,laser_disdrometer;fc4_flux;cr1000xe_backbone,2.1104,calm,transport,0,0.6031486392021179
7182,candidate_015,laser_disdrometer;fc4_flux;cr1000xe_backbone,2.1104,calm,transport,0,0.5794053077697754
7182,candidate_015,laser_disdrometer;fc4_flux;cr1000xe_backbone,2.1104,calm,transport,0,0.6036837100982666
7182,candidate_015,laser_disdrometer;fc4_flux;cr1000xe_backbone,2.1104,calm,transport,0,0.6125377416610718
7182,candidate_015,laser_disdrometer;fc4_flux;cr1000xe_backbone,2.1104,calm,transport,0,0.6135308742523193
7182,candidate_015,laser_disdrometer;fc4_flux;cr1000xe_backbone,2.1104,calm,transport,0,0.6197648644447327
7182,candidate_015,laser_disdrometer;fc4_flux;cr1000xe_backbone,2.1104,calm,transport,0,0.670333981513977
7182,candidate_015,laser_disdrometer;fc4_flux;cr1000xe_backbone,2.1104,calm,transport,0,0.6793489456176758
7182,candidate_015,laser_disdrometer;fc4_flux;cr1000xe_backbone,2.1104,calm,transport,0,0.6722373366355896
7182,candidate_015,laser_disdrometer;fc4_flux;cr1000xe_backbone,2.1104,calm,transport,0,0.6923764944076538
7182,candidate_015,laser_disdrometer;fc4_flux;cr1000xe_backbone,2.1104,calm,transport,0,0.7367543578147888
7182,candidate_015,laser_disdrometer;fc4_flux;cr1000xe_backbone,2.1104,calm,transport,0,0.6954883933067322
7182,candidate_015,laser_disdrometer;fc4_flux;cr1000xe_backbone,2.1104,calm,transport,0,0.7796014547348022
7182,candidate_015,laser_disdrometer;fc4_flux;cr1000xe_backbone,2.1104,calm,transport,0,0.676377534866333
7182,candidate_015,laser_disdrometer;fc4_flux;cr1000xe_backbone,2.1104,calm,transport,0,0.6235390305519104
7182,candidate_015,laser_disdrometer;fc4_flux;cr1000xe_backbone,2.1104,calm,transport,0,0.5978069305419922
7182,candidate_015,laser_disdrometer;fc4_flux;cr1000xe_backbone,2.1104,calm,transport,0,0.5844250917434692
7182,candidate_015,laser_disdrometer;fc4_flux;cr1000xe_backbone,2.1104,calm,transport,0,0.5867390036582947
7182,candidate_015,laser_disdrometer;fc4_flux;cr1000xe_backbone,2.1104,calm,transport,0,0.5414890050888062
7182,candidate_015,laser_disdrometer;fc4_flux;cr1000xe_backbone,2.1104,calm,transport,0,0.6308352947235107
7182,candidate_015,laser_disdrometer;fc4_flux;cr1000xe_backbone,2.1104,calm,transport,0,0.5578907132148743
7182,candidate_015,laser_disdrometer;fc4_flux;cr1000xe_backbone,2.1104,calm,transport,0,0.7265598773956299
7182,candidate_015,laser_disdrometer;fc4_flux;cr1000xe_backbone,2.1104,calm,particle,0,0.6499339938163757
7182,candidate_015,laser_disdrometer;fc4_flux;cr1000xe_backbone,2.1104,calm,particle,0,0.7279694676399231
7182,candidate_015,laser_disdrometer;fc4_flux;cr1000xe_backbone,2.1104,calm,particle,0,0.7290438413619995
7182,candidate_015,laser_disdrometer;fc4_flux;cr1000xe_backbone,2.1104,calm,particle,0,0.8199607133865356
7182,candidate_015,laser_disdrometer;fc4_flux;cr1000xe_backbone,2.1104,calm,particle,0,0.6459969282150269
7182,candidate_015,laser_disdrometer;fc4_flux;cr1000xe_backbone,2.1104,calm,particle,0,0.7802495360374451
7182,candidate_015,laser_disdrometer;fc4_flux;cr1000xe_backbone,2.1104,calm,particle,0,0.7443114519119263
7182,candidate_015,laser_disdrometer;fc4_flux;cr1000xe_backbone,2.1104,calm,particle,0,0.8015819191932678
7182,candidate_015,laser_disdrometer;fc4_flux;cr1000xe_backbone,2.1104,calm,particle,0,0.8497127890586853
7182,candidate_015,laser_disdrometer;fc4_flux;cr1000xe_backbone,2.1104,calm,particle,0,0.8461633920669556
7182,candidate_015,laser_disdrometer;fc4_flux;cr1000xe_backbone,2.1104,calm,particle,0,0.9393969178199768
7182,candidate_015,laser_disdrometer;fc4_flux;cr1000xe_backbone,2.1104,calm,particle,0,0.9772778749465942
7182,candidate_015,laser_disdrometer;fc4_flux;cr1000xe_backbone,2.1104,calm,particle,0,0.9313828349113464
7182,candidate_015,laser_disdrometer;fc4_flux;cr1000xe_backbone,2.1104,calm,particle,0,0.9177500605583191
7182,candidate_015,laser_disdrometer;fc4_flux;cr1000xe_backbone,2.1104,calm,particle,0,0.908469557762146
7182,candidate_015,laser_disdrometer;fc4_flux;cr1000xe_backbone,2.1104,calm,particle,0,0.913922131061554
7182,candidate_015,laser_disdrometer;fc4_flux;cr1000xe_backbone,2.1104,calm,particle,0,0.8912138342857361
7182,candidate_015,laser_disdrometer;fc4_flux;cr1000xe_backbone,2.1104,calm,particle,0,0.8979348540306091
7182,candidate_015,laser_disdrometer;fc4_flux;cr1000xe_backbone,2.1104,calm,particle,0,0.9261214137077332
7182,candidate_015,laser_disdrometer;fc4_flux;cr1000xe_backbone,2.1104,calm,particle,0,0.9352638125419617
7182,candidate_015,laser_disdrometer;fc4_flux;cr1000xe_backbone,2.1104,calm,particle,0,0.9261137843132019
7182,candidate_015,laser_disdrometer;fc4_flux;cr1000xe_backbone,2.1104,calm,particle,0,0.9718732237815857
7182,candidate_015,laser_disdrometer;fc4_flux;cr1000xe_backbone,2.1104,calm,particle,0,0.9114765524864197
7182,candidate_015,laser_disdrometer;fc4_flux;cr1000xe_backbone,2.1104,calm,thermal,0,0.9557082653045654
7182,candidate_015,laser_disdrometer;fc4_flux;cr1000xe_backbone,2.1104,calm,thermal,0,0.9646356105804443
7182,candidate_015,laser_disdrometer;fc4_flux;cr1000xe_backbone,2.1104,calm,thermal,0,0.9285099506378174
7182,candidate_015,laser_disdrometer;fc4_flux;cr1000xe_backbone,2.1104,calm,thermal,0,0.9373700618743896
7182,candidate_015,laser_disdrometer;fc4_flux;cr1000xe_backbone,2.1104,calm,thermal,0,0.8543588519096375
7182,candidate_015,laser_disdrometer;fc4_flux;cr1000xe_backbone,2.1104,calm,thermal,0,0.8594748377799988
7182,candidate_015,laser_disdrometer;fc4_flux;cr1000xe_backbone,2.1104,calm,thermal,0,0.8996070027351379
7182,candidate_015,laser_disdrometer;fc4_flux;cr1000xe_backbone,2.1104,calm,thermal,0,0.9268876314163208
7182,candidate_015,laser_disdrometer;fc4_flux;cr1000xe_backbone,2.1104,calm,thermal,0,0.9353839755058289
7182,candidate_015,laser_disdrometer;fc4_flux;cr1000xe_backbone,2.1104,calm,thermal,0,0.9799823760986328
7182,candidate_015,laser_disdrometer;fc4_flux;cr1000xe_backbone,2.1104,calm,thermal,0,0.9988697171211243
7182,candidate_015,laser_disdrometer;fc4_flux;cr1000xe_backbone,2.1104,calm,thermal,0,1.0489047765731812
7182,candidate_015,laser_disdrometer;fc4_flux;cr1000xe_backbone,2.1104,calm,thermal,0,1.0379124879837036
7182,candidate_015,laser_disdrometer;fc4_flux;cr1000xe_backbone,2.1104,calm,thermal,0,1.0836880207061768
7182,candidate_015,laser_disdrometer;fc4_flux;cr1000xe_backbone,2.1104,calm,thermal,0,1.0721964836120605
7182,candidate_015,laser_disdrometer;fc4_flux;cr1000xe_backbone,2.1104,calm,thermal,0,1.0692076683044434
7182,candidate_015,laser_disdrometer;fc4_flux;cr1000xe_backbone,2.1104,calm,thermal,0,0.9939706921577454
7182,candidate_015,laser_disdrometer;fc4_flux;cr1000xe_backbone,2.1104,calm,thermal,0,0.9938046336174011
7182,candidate_015,laser_disdrometer;fc4_flux;cr1000xe_backbone,2.1104,calm,thermal,0,1.0323636531829834
7182,candidate_015,laser_disdrometer;fc4_flux;cr1000xe_backbone,2.1104,calm,thermal,0,0.9918302893638611
7182,candidate_015,laser_disdrometer;fc4_flux;cr1000xe_backbone,2.1104,calm,thermal,0,1.0164611339569092
7182,candidate_015,laser_disdrometer;fc4_flux;cr1000xe_backbone,2.1104,calm,transport,0,0.9436686635017395
7182,candidate_015,laser_disdrometer;fc4_flux;cr1000xe_backbone,2.1104,calm,transport,0,0.9668074250221252
7182,candidate_015,laser_disdrometer;fc4_flux;cr1000xe_backbone,2.1104,calm,transport,0,0.8867583870887756
7182,candidate_015,laser_disdrometer;fc4_flux;cr1000xe_backbone,2.1104,calm,transport,0,0.9583369493484497
7182,candidate_015,laser_disdrometer;fc4_flux;cr1000xe_backbone,2.1104,calm,transport,0,0.8802252411842346
7182,candidate_015,laser_disdrometer;fc4_flux;cr1000xe_backbone,2.1104,calm,transport,0,0.9786006808280945
7182,candidate_015,laser_disdrometer;fc4_flux;cr1000xe_backbone,2.1104,calm,transport,0,0.9398353695869446
7182,candidate_015,laser_disdrometer;fc4_flux;cr1000xe_backbone,2.1104,calm,transport,0,1.1189322471618652
7182,candidate_015,laser_disdrometer;fc4_flux;cr1000xe_backbone,2.1104,calm,transport,0,1.0046617984771729
7182,candidate_015,laser_disdrometer;fc4_flux;cr1000xe_backbone,2.1104,calm,transport,0,0.9875355362892151
7182,candidate_015,laser_disdrometer;fc4_flux;cr1000xe_backbone,2.1104,calm,transport,0,0.9266316890716553
7182,candidate_015,laser_disdrometer;fc4_flux;cr1000xe_backbone,2.1104,calm,transport,0,1.0433812141418457
7182,candidate_015,laser_disdrometer;fc4_flux;cr1000xe_backbone,2.1104,calm,transport,0,0.9595422148704529
7182,candidate_015,laser_disdrometer;fc4_flux;cr1000xe_backbone,2.1104,calm,transport,0,1.0611099004745483
7182,candidate_015,laser_disdrometer;fc4_flux;cr1000xe_backbone,2.1104,calm,transport,0,1.0373926162719727
7182,candidate_015,laser_disdrometer;fc4_flux;cr1000xe_backbone,2.1104,calm,transport,0,1.083650827407837
7182,candidate_015,laser_disdrometer;fc4_flux;cr1000xe_backbone,2.1104,calm,transport,0,1.04646897315979
7182,candidate_015,laser_disdrometer;fc4_flux;cr1000xe_backbone,2.1104,calm,transport,0,1.0836106538772583
7182,candidate_015,laser_disdrometer;fc4_flux;cr1000xe_backbone,2.1104,calm,particle,0,1.0762759447097778
7182,candidate_015,laser_disdrometer;fc4_flux;cr1000xe_backbone,2.1104,calm,particle,0,1.0215415954589844
7182,candidate_015,laser_disdrometer;fc4_flux;cr1000xe_backbone,2.1104,calm,particle,0,1.0219324827194214
7182,candidate_015,laser_disdrometer;fc4_flux;cr1000xe_backbone,2.1104,calm,particle,0,1.0142834186553955
7182,candidate_015,laser_disdrometer;fc4_flux;cr1000xe_backbone,2.1104,calm,particle,0,0.9531630277633667
7182,candidate_015,laser_disdrometer;fc4_flux;cr1000xe_backbone,2.1104,calm,particle,0,0.9809118509292603
7182,candidate_015,laser_disdrometer;fc4_flux;cr1000xe_backbone,2.1104,calm,particle,0,1.073319673538208
7182,candidate_015,laser_disdrometer;fc4_flux;cr1000xe_backbone,2.1104,calm,particle,0,0.9416388869285583
7182,candidate_015,laser_disdrometer;fc4_flux;cr1000xe_backbone,2.1104,calm,particle,0,1.0100370645523071
7182,candidate_015,laser_disdrometer;fc4_flux;cr1000xe_backbone,2.1104,calm,particle,0,0.9967516660690308
7182,candidate_015,laser_disdrometer;fc4_flux;cr1000xe_backbone,2.1104,calm,particle,0,0.952670693397522
7182,candidate_015,laser_disdrometer;fc4_flux;cr1000xe_backbone,2.1104,calm,particle,0,0.9596625566482544
7182,candidate_015,laser_disdrometer;fc4_flux;cr1000xe_backbone,2.1104,calm,particle,0,1.014421820640564
7182,candidate_015,laser_disdrometer;fc4_flux;cr1000xe_backbone,2.1104,calm,particle,0,1.0024398565292358
7182,candidate_015,laser_disdrometer;fc4_flux;cr1000xe_backbone,2.1104,calm,particle,0,0.9961277842521667
7182,candidate_015,laser_disdrometer;fc4_flux;cr1000xe_backbone,2.1104,calm,particle,0,0.9853809475898743
7182,candidate_015,laser_disdrometer;fc4_flux;cr1000xe_backbone,2.1104,calm,particle,0,1.1122660636901855
7182,candidate_015,laser_disdrometer;fc4_flux;cr1000xe_backbone,2.1104,calm,particle,0,0.9784326553344727
7182,candidate_015,laser_disdrometer;fc4_flux;cr1000xe_backbone,2.1104,calm,particle,0,1.0751748085021973
7182,candidate_015,laser_disdrometer;fc4_flux;cr1000xe_backbone,2.1104,calm,particle,0,0.9890146851539612
7182,candidate_015,laser_disdrometer;fc4_flux;cr1000xe_backbone,2.1104,calm,particle,0,1.1257145404815674
7182,candidate_015,laser_disdrometer;fc4_flux;cr1000xe_backbone,2.1104,calm,particle,0,1.0807604789733887
7182,candidate_015,laser_disdrometer;fc4_flux;cr1000xe_backbone,2.1104,calm,particle,0,1.1135860681533813
7182,candidate_015,laser_disdrometer;fc4_flux;cr1000xe_backbone,2.1104,calm,particle,0,1.0075653791427612
7182,candidate_015,laser_disdrometer;fc4_flux;cr1000xe_backbone,2.1104,calm,particle,0,1.0362107753753662
7182,candidate_015,laser_disdrometer;fc4_flux;cr1000xe_backbone,2.1104,calm,particle,0,0.9931563138961792
7182,candidate_015,laser_disdrometer;fc4_flux;cr1000xe_backbone,2.1104,calm,particle,0,0.9929642081260681
7182,candidate_015,laser_disdrometer;fc4_flux;cr1000xe_backbone,2.1104,calm,particle,0,0.946616530418396
7182,candidate_015,laser_disdrometer;fc4_flux;cr1000xe_backbone,2.1104,calm,particle,0,0.9082253575325012
7182,candidate_015,laser_disdrometer;fc4_flux;cr1000xe_backbone,2.1104,calm,particle,0,0.8880308866500854
7182,candidate_015,laser_disdrometer;fc4_flux;cr1000xe_backbone,2.1104,calm,particle,0,0.8920128345489502
7182,candidate_015,laser_disdrometer;fc4_flux;cr1000xe_backbone,2.1104,calm,particle,0,0.8450072407722473
7182,candidate_015,laser_disdrometer;fc4_flux;cr1000xe_backbone,2.1104,calm,thermal,0,0.8503389358520508
7182,candidate_015,laser_disdrometer;fc4_flux;cr1000xe_backbone,2.1104,calm,thermal,0,0.8570381999015808
7182,candidate_015,laser_disdrometer;fc4_flux;cr1000xe_backbone,2.1104,calm,thermal,0,0.8777391314506531
7182,candidate_015,laser_disdrometer;fc4_flux;cr1000xe_backbone,2.1104,calm,thermal,0,0.8825865387916565
7182,candidate_015,laser_disdrometer;fc4_flux;cr1000xe_backbone,2.1104,calm,thermal,0,0.9133685231208801
7182,candidate_015,laser_disdrometer;fc4_flux;cr1000xe_backbone,2.1104,calm,thermal,0,0.9558818936347961
7182,candidate_015,laser_disdrometer;fc4_flux;cr1000xe_backbone,2.1104,calm,thermal,0,0.9318411946296692
7182,candidate_015,laser_disdrometer;fc4_flux;cr1000xe_backbone,2.1104,calm,thermal,0,1.0766887664794922
7182,candidate_015,laser_disdrometer;fc4_flux;cr1000xe_backbone,2.1104,calm,thermal,0,1.0225415229797363
7182,candidate_015,laser_disdrometer;fc4_flux;cr1000xe_backbone,2.1104,calm,thermal,0,0.9827209115028381
7182,candidate_015,laser_disdrometer;fc4_flux;cr1000xe_backbone,2.1104,calm,thermal,0,1.0396682024002075
7182,candidate_015,laser_disdrometer;fc4_flux;cr1000xe_backbone,2.1104,calm,thermal,0,1.062606692314148
7182,candidate_015,laser_disdrometer;fc4_flux;cr1000xe_backbone,2.1104,calm,thermal,0,1.0292476415634155
7182,candidate_015,laser_disdrometer;fc4_flux;cr1000xe_backbone,2.1104,calm,thermal,0,1.1668362617492676
7182,candidate_015,laser_disdrometer;fc4_flux;cr1000xe_backbone,2.1104,calm,thermal,0,1.0408661365509033
7182,candidate_015,laser_disdrometer;fc4_flux;cr1000xe_backbone,2.1104,calm,thermal,0,1.0759836435317993
7182,candidate_015,laser_disdrometer;fc4_flux;cr1000xe_backbone,2.1104,calm,thermal,0,1.0787620544433594
7182,candidate_015,laser_disdrometer;fc4_flux;cr1000xe_backbone,2.1104,calm,thermal,0,1.1369283199310303
7182,candidate_015,laser_disdrometer;fc4_flux;cr1000xe_backbone,2.1104,calm,thermal,0,1.2462774515151978
7182,candidate_015,laser_disdrometer;fc4_flux;cr1000xe_backbone,2.1104,calm,thermal,0,1.1780294179916382
7182,candidate_015,laser_disdrometer;fc4_flux;cr1000xe_backbone,2.1104,calm,thermal,0,1.1089330911636353
7182,candidate_015,laser_disdrometer;fc4_flux;cr1000xe_backbone,2.1104,calm,thermal,0,1.0699232816696167
7182,candidate_015,laser_disdrometer;fc4_flux;cr1000xe_backbone,2.1104,calm,thermal,0,1.0438233613967896
7182,candidate_015,laser_disdrometer;fc4_flux;cr1000xe_backbone,2.1104,calm,thermal,0,0.9903960227966309
7182,candidate_015,laser_disdrometer;fc4_flux;cr1000xe_backbone,2.1104,thermal,thermal,3,0.9435490965843201
7182,candidate_015,laser_disdrometer;fc4_flux;cr1000xe_backbone,2.1104,thermal,thermal,3,0.9263100624084473
7182,candidate_015,laser_disdrometer;fc4_flux;cr1000xe_backbone,2.1104,thermal,thermal,3,0.8754178285598755
7182,candidate_015,laser_disdrometer;fc4_flux;cr1000xe_backbone,2.1104,thermal,transport,3,0.8711859583854675
7182,candidate_015,laser_disdrometer;fc4_flux;cr1000xe_backbone,2.1104,thermal,transport,3,0.8615872263908386
7182,candidate_015,laser_disdrometer;fc4_flux;cr1000xe_backbone,2.1104,thermal,transport,3,0.8515936732292175
7182,candidate_015,laser_disdrometer;fc4_flux;cr1000xe_backbone,2.1104,thermal,transport,3,0.8785842061042786
7182,candidate_015,laser_disdrometer;fc4_flux;cr1000xe_backbone,2.1104,thermal,transport,3,0.8694133758544922
7182,candidate_015,laser_disdrometer;fc4_flux;cr1000xe_backbone,2.1104,thermal,transport,3,0.8643990159034729
7182,candidate_015,laser_disdrometer;fc4_flux;cr1000xe_backbone,2.1104,thermal,transport,3,0.9776216745376587
7182,candidate_015,laser_disdrometer;fc4_flux;cr1000xe_backbone,2.1104,thermal,transport,3,0.8546496629714966
7182,candidate_015,laser_disdrometer;fc4_flux;cr1000xe_backbone,2.1104,thermal,transport,3,0.9986497759819031
7182,candidate_015,laser_disdrometer;fc4_flux;cr1000xe_backbone,2.1104,thermal,transport,3,0.8893266320228577
7182,candidate_015,laser_disdrometer;fc4_flux;cr1000xe_backbone,2.1104,thermal,transport,3,0.8908050656318665
7182,candidate_015,laser_disdrometer;fc4_flux;cr1000xe_backbone,2.1104,thermal,transport,3,0.9462032914161682
7182,candidate_015,laser_disdrometer;fc4_flux;cr1000xe_backbone,2.1104,thermal,transport,3,0.8951244354248047
7182,candidate_015,laser_disdrometer;fc4_flux;cr1000xe_backbone,2.1104,thermal,transport,3,0.9078750014305115
7182,candidate_015,laser_disdrometer;fc4_flux;cr1000xe_backbone,2.1104,thermal,transport,3,0.8504670262336731
7182,candidate_015,laser_disdrometer;fc4_flux;cr1000xe_backbone,2.1104,thermal,transport,3,0.853969931602478
7182,candidate_015,laser_disdrometer;fc4_flux;cr1000xe_backbone,2.1104,thermal,transport,3,0.8537063598632812
7182,candidate_015,laser_disdrometer;fc4_flux;cr1000xe_backbone,2.1104,thermal,transport,3,0.824087381362915
7182,candidate_015,laser_disdrometer;fc4_flux;cr1000xe_backbone,2.1104,thermal,transport,3,0.8468793034553528
7182,candidate_015,laser_disdrometer;fc4_flux;cr1000xe_backbone,2.1104,thermal,transport,3,0.8196375966072083
7182,candidate_015,laser_disdrometer;fc4_flux;cr1000xe_backbone,2.1104,thermal,transport,3,0.8536321520805359
7182,candidate_015,laser_disdrometer;fc4_flux;cr1000xe_backbone,2.1104,thermal,transport,3,0.8157594799995422
7182,candidate_015,laser_disdrometer;fc4_flux;cr1000xe_backbone,2.1104,thermal,transport,3,0.8619190454483032
7182,candidate_015,laser_disdrometer;fc4_flux;cr1000xe_backbone,2.1104,thermal,transport,3,0.8491017818450928
7182,candidate_015,laser_disdrometer;fc4_flux;cr1000xe_backbone,2.1104,calm,thermal,0,0.8750852942466736
7182,candidate_015,laser_disdrometer;fc4_flux;cr1000xe_backbone,2.1104,particle,thermal,1,0.6471032500267029
7182,candidate_015,laser_disdrometer;fc4_flux;cr1000xe_backbone,2.1104,particle,thermal,1,0.6263040900230408
7182,candidate_015,laser_disdrometer;fc4_flux;cr1000xe_backbone,2.1104,particle,thermal,1,0.5583989024162292
7182,candidate_015,laser_disdrometer;fc4_flux;cr1000xe_backbone,2.1104,particle,thermal,1,0.4601738750934601
7182,candidate_015,laser_disdrometer;fc4_flux;cr1000xe_backbone,2.1104,particle,thermal,1,0.44539791345596313
7182,candidate_015,laser_disdrometer;fc4_flux;cr1000xe_backbone,2.1104,particle,thermal,1,0.4040929079055786
7182,candidate_015,laser_disdrometer;fc4_flux;cr1000xe_backbone,2.1104,particle,thermal,1,0.47292864322662354
7182,candidate_015,laser_disdrometer;fc4_flux;cr1000xe_backbone,2.1104,particle,thermal,1,0.4407845437526703
7182,candidate_015,laser_disdrometer;fc4_flux;cr1000xe_backbone,2.1104,particle,thermal,1,0.41891226172447205
7182,candidate_015,laser_disdrometer;fc4_flux;cr1000xe_backbone,2.1104,particle,thermal,1,0.4588744044303894
7182,candidate_015,laser_disdrometer;fc4_flux;cr1000xe_backbone,2.1104,particle,thermal,1,0.4098843038082123
7182,candidate_015,laser_disdrometer;fc4_flux;cr1000xe_backbone,2.1104,particle,thermal,1,0.44709569215774536
7182,candidate_015,laser_disdrometer;fc4_flux;cr1000xe_backbone,2.1104,particle,thermal,1,0.42322617769241333
7182,candidate_015,laser_disdrometer;fc4_flux;cr1000xe_backbone,2.1104,particle,thermal,1,0.40646955370903015
7182,candidate_015,laser_disdrometer;fc4_flux;cr1000xe_backbone,2.1104,particle,transport,1,0.44329628348350525
7182,candidate_015,laser_disdrometer;fc4_flux;cr1000xe_backbone,2.1104,particle,transport,1,0.4383578300476074
7182,candidate_015,laser_disdrometer;fc4_flux;cr1000xe_backbone,2.1104,particle,transport,1,0.433859258890152
7182,candidate_015,laser_disdrometer;fc4_flux;cr1000xe_backbone,2.1104,particle,transport,1,0.4353567957878113
7182,candidate_015,laser_disdrometer;fc4_flux;cr1000xe_backbone,2.1104,particle,transport,1,0.4342067241668701
7182,candidate_015,laser_disdrometer;fc4_flux;cr1000xe_backbone,2.1104,particle,transport,1,0.43658891320228577
7182,candidate_015,laser_disdrometer;fc4_flux;cr1000xe_backbone,2.1104,particle,transport,1,0.39057493209838867
7182,candidate_015,laser_disdrometer;fc4_flux;cr1000xe_backbone,2.1104,particle,transport,1,0.42365458607673645
7182,candidate_015,laser_disdrometer;fc4_flux;cr1000xe_backbone,2.1104,particle,transport,1,0.3971627950668335
7182,candidate_015,laser_disdrometer;fc4_flux;cr1000xe_backbone,2.1104,particle,transport,1,0.45192965865135193
7182,candidate_015,laser_disdrometer;fc4_flux;cr1000xe_backbone,2.1104,particle,transport,1,0.4166664779186249
7182,candidate_015,laser_disdrometer;fc4_flux;cr1000xe_backbone,2.1104,particle,transport,1,0.43171072006225586
7182,candidate_015,laser_disdrometer;fc4_flux;cr1000xe_backbone,2.1104,particle,transport,1,0.46389061212539673
7182,candidate_015,laser_disdrometer;fc4_flux;cr1000xe_backbone,2.1104,particle,transport,1,0.44995418190956116
7182,candidate_015,laser_disdrometer;fc4_flux;cr1000xe_backbone,2.1104,particle,transport,1,0.4775075912475586
7182,candidate_015,laser_disdrometer;fc4_flux;cr1000xe_backbone,2.1104,particle,transport,1,0.4875534772872925
7182,candidate_015,laser_disdrometer;fc4_flux;cr1000xe_backbone,2.1104,particle,transport,1,0.5084554553031921
7182,candidate_015,laser_disdrometer;fc4_flux;cr1000xe_backbone,2.1104,particle,transport,1,0.49957284331321716
7182,candidate_015,laser_disdrometer;fc4_flux;cr1000xe_backbone,2.1104,particle,transport,1,0.5359944105148315
7182,candidate_015,laser_disdrometer;fc4_flux;cr1000xe_backbone,2.1104,particle,transport,1,0.5404003262519836
7182,candidate_015,laser_disdrometer;fc4_flux;cr1000xe_backbone,2.1104,particle,transport,1,0.5488165616989136
7182,candidate_015,laser_disdrometer;fc4_flux;cr1000xe_backbone,2.1104,particle,transport,1,0.601247251033783
7182,candidate_015,laser_disdrometer;fc4_flux;cr1000xe_backbone,2.1104,particle,transport,1,0.6179139018058777
7182,candidate_015,laser_disdrometer;fc4_flux;cr1000xe_backbone,2.1104,particle,transport,1,0.6458740830421448
7182,candidate_015,laser_disdrometer;fc4_flux;cr1000xe_backbone,2.1104,particle,transport,1,0.6537638902664185
7182,candidate_015,laser_disdrometer;fc4_flux;cr1000xe_backbone,2.1104,particle,transport,1,0.6670524477958679
7182,candidate_015,laser_disdrometer;fc4_flux;cr1000xe_backbone,2.1104,particle,transport,1,0.6764658093452454
7182,candidate_015,laser_disdrometer;fc4_flux;cr1000xe_backbone,2.1104,particle,transport,1,0.7136107683181763
7182,candidate_015,laser_disdrometer;fc4_flux;cr1000xe_backbone,2.1104,particle,particle,1,0.7331735491752625
7182,candidate_015,laser_disdrometer;fc4_flux;cr1000xe_backbone,2.1104,particle,particle,1,0.7198488712310791
7182,candidate_015,laser_disdrometer;fc4_flux;cr1000xe_backbone,2.1104,particle,particle,1,0.7300660014152527
7182,candidate_015,laser_disdrometer;fc4_flux;cr1000xe_backbone,2.1104,particle,particle,1,0.7064241170883179
7182,candidate_015,laser_disdrometer;fc4_flux;cr1000xe_backbone,2.1104,particle,particle,1,0.75315922498703
7182,candidate_015,laser_disdrometer;fc4_flux;cr1000xe_backbone,2.1104,particle,particle,1,0.7534595727920532
7182,candidate_015,laser_disdrometer;fc4_flux;cr1000xe_backbone,2.1104,particle,particle,1,0.8019444346427917
7182,candidate_015,laser_disdrometer;fc4_flux;cr1000xe_backbone,2.1104,particle,particle,1,0.7213350534439087
7182,candidate_015,laser_disdrometer;fc4_flux;cr1000xe_backbone,2.1104,particle,particle,1,0.77802574634552
7182,candidate_015,laser_disdrometer;fc4_flux;cr1000xe_backbone,2.1104,particle,particle,1,0.8018961548805237
7182,candidate_015,laser_disdrometer;fc4_flux;cr1000xe_backbone,2.1104,particle,particle,1,0.8598347902297974
7182,candidate_015,laser_disdrometer;fc4_flux;cr1000xe_backbone,2.1104,particle,particle,1,0.8328722715377808
7182,candidate_015,laser_disdrometer;fc4_flux;cr1000xe_backbone,2.1104,particle,particle,1,0.8490221500396729
7182,candidate_015,laser_disdrometer;fc4_flux;cr1000xe_backbone,2.1104,particle,particle,1,0.8651828765869141
7182,candidate_015,laser_disdrometer;fc4_flux;cr1000xe_backbone,2.1104,particle,particle,1,0.8401930928230286
7182,candidate_015,laser_disdrometer;fc4_flux;cr1000xe_backbone,2.1104,particle,particle,1,0.7786298990249634
7182,candidate_015,laser_disdrometer;fc4_flux;cr1000xe_backbone,2.1104,particle,particle,1,0.7732819318771362
7182,candidate_015,laser_disdrometer;fc4_flux;cr1000xe_backbone,2.1104,calm,particle,0,0.773973286151886
7182,candidate_015,laser_disdrometer;fc4_flux;cr1000xe_backbone,2.1104,calm,particle,0,0.7558191418647766
7182,candidate_015,laser_disdrometer;fc4_flux;cr1000xe_backbone,2.1104,calm,particle,0,0.7407450079917908
7182,candidate_015,laser_disdrometer;fc4_flux;cr1000xe_backbone,2.1104,calm,particle,0,0.6799224615097046
7182,candidate_015,laser_disdrometer;fc4_flux;cr1000xe_backbone,2.1104,calm,particle,0,0.70960932970047
7182,candidate_015,laser_disdrometer;fc4_flux;cr1000xe_backbone,2.1104,calm,particle,0,0.7188969254493713
7182,candidate_015,laser_disdrometer;fc4_flux;cr1000xe_backbone,2.1104,calm,particle,0,0.6845818161964417
7182,candidate_015,laser_disdrometer;fc4_flux;cr1000xe_backbone,2.1104,calm,particle,0,0.7796342968940735
7182,candidate_015,laser_disdrometer;fc4_flux;cr1000xe_backbone,2.1104,calm,particle,0,0.8128703236579895
7182,candidate_015,laser_disdrometer;fc4_flux;cr1000xe_backbone,2.1104,calm,particle,0,0.8338683843612671
7182,candidate_015,laser_disdrometer;fc4_flux;cr1000xe_backbone,2.1104,calm,particle,0,0.9961480498313904
7182,candidate_015,laser_disdrometer;fc4_flux;cr1000xe_backbone,2.1104,calm,particle,0,1.241786003112793
7182,candidate_015,laser_disdrometer;fc4_flux;cr1000xe_backbone,2.1104,calm,particle,0,1.0582211017608643
7182,candidate_015,laser_disdrometer;fc4_flux;cr1000xe_backbone,2.1104,calm,particle,0,0.7808440923690796
7182,candidate_015,laser_disdrometer;fc4_flux;cr1000xe_backbone,2.1104,particle,particle,1,0.8239943385124207
7182,candidate_015,laser_disdrometer;fc4_flux;cr1000xe_backbone,2.1104,particle,particle,1,0.7295507788658142
7182,candidate_015,laser_disdrometer;fc4_flux;cr1000xe_backbone,2.1104,particle,particle,1,0.6932103633880615
7182,candidate_015,laser_disdrometer;fc4_flux;cr1000xe_backbone,2.1104,particle,particle,1,0.880047619342804
7182,candidate_015,laser_disdrometer;fc4_flux;cr1000xe_backbone,2.1104,particle,thermal,1,0.8162580728530884
7182,candidate_015,laser_disdrometer;fc4_flux;cr1000xe_backbone,2.1104,particle,thermal,1,0.8217951059341431
7182,candidate_015,laser_disdrometer;fc4_flux;cr1000xe_backbone,2.1104,particle,thermal,1,0.750076949596405
7182,candidate_015,laser_disdrometer;fc4_flux;cr1000xe_backbone,2.1104,particle,thermal,1,0.807147204875946
7182,candidate_015,laser_disdrometer;fc4_flux;cr1000xe_backbone,2.1104,particle,thermal,1,0.7960707545280457
7182,candidate_015,laser_disdrometer;fc4_flux;cr1000xe_backbone,2.1104,particle,thermal,1,0.7429956793785095
7182,candidate_015,laser_disdrometer;fc4_flux;cr1000xe_backbone,2.1104,particle,thermal,1,0.7609651684761047
7182,candidate_015,laser_disdrometer;fc4_flux;cr1000xe_backbone,2.1104,particle,thermal,1,0.6970515251159668
7182,candidate_015,laser_disdrometer;fc4_flux;cr1000xe_backbone,2.1104,particle,thermal,1,0.6645267605781555
7182,candidate_015,laser_disdrometer;fc4_flux;cr1000xe_backbone,2.1104,particle,thermal,1,0.6264959573745728
7182,candidate_015,laser_disdrometer;fc4_flux;cr1000xe_backbone,2.1104,particle,thermal,1,0.6068893671035767
7182,candidate_015,laser_disdrometer;fc4_flux;cr1000xe_backbone,2.1104,particle,thermal,1,0.6231791377067566
7182,candidate_015,laser_disdrometer;fc4_flux;cr1000xe_backbone,2.1104,particle,thermal,1,0.5411882996559143
7182,candidate_015,laser_disdrometer;fc4_flux;cr1000xe_backbone,2.1104,particle,thermal,1,0.5105429887771606
7182,candidate_015,laser_disdrometer;fc4_flux;cr1000xe_backbone,2.1104,particle,thermal,1,0.4185546636581421
7182,candidate_015,laser_disdrometer;fc4_flux;cr1000xe_backbone,2.1104,particle,thermal,1,0.32968997955322266
7182,candidate_015,laser_disdrometer;fc4_flux;cr1000xe_backbone,2.1104,particle,thermal,1,0.33892571926116943
7182,candidate_015,laser_disdrometer;fc4_flux;cr1000xe_backbone,2.1104,particle,thermal,1,0.27104511857032776
7182,candidate_015,laser_disdrometer;fc4_flux;cr1000xe_backbone,2.1104,particle,transport,1,0.3361702859401703
7182,candidate_015,laser_disdrometer;fc4_flux;cr1000xe_backbone,2.1104,particle,transport,1,0.29049283266067505
7182,candidate_015,laser_disdrometer;fc4_flux;cr1000xe_backbone,2.1104,particle,transport,1,0.37814733386039734
7182,candidate_015,laser_disdrometer;fc4_flux;cr1000xe_backbone,2.1104,particle,transport,1,0.4139150381088257
7182,candidate_015,laser_disdrometer;fc4_flux;cr1000xe_backbone,2.1104,particle,transport,1,0.39083412289619446
7182,candidate_015,laser_disdrometer;fc4_flux;cr1000xe_backbone,2.1104,particle,transport,1,0.47192075848579407
7182,candidate_015,laser_disdrometer;fc4_flux;cr1000xe_backbone,2.1104,particle,transport,1,0.45211413502693176
7182,candidate_015,laser_disdrometer;fc4_flux;cr1000xe_backbone,2.1104,particle,transport,1,0.5009251832962036
7182,candidate_015,laser_disdrometer;fc4_flux;cr1000xe_backbone,2.1104,particle,transport,1,0.48576587438583374
7182,candidate_015,laser_disdrometer;fc4_flux;cr1000xe_backbone,2.1104,particle,transport,1,0.47845542430877686
7182,candidate_015,laser_disdrometer;fc4_flux;cr1000xe_backbone,2.1104,particle,transport,1,0.47471147775650024
7182,candidate_015,laser_disdrometer;fc4_flux;cr1000xe_backbone,2.1104,particle,transport,1,0.45876550674438477
7182,candidate_015,laser_disdrometer;fc4_flux;cr1000xe_backbone,2.1104,particle,transport,1,0.4757877588272095
7182,candidate_015,laser_disdrometer;fc4_flux;cr1000xe_backbone,2.1104,particle,transport,1,0.4446963369846344
7182,candidate_015,laser_disdrometer;fc4_flux;cr1000xe_backbone,2.1104,calm,transport,0,0.4506699740886688
7182,candidate_015,laser_disdrometer;fc4_flux;cr1000xe_backbone,2.1104,calm,transport,0,0.4041977524757385
7182,candidate_015,laser_disdrometer;fc4_flux;cr1000xe_backbone,2.1104,calm,transport,0,0.48558729887008667
7182,candidate_015,laser_disdrometer;fc4_flux;cr1000xe_backbone,2.1104,calm,transport,0,0.4736119210720062
7182,candidate_015,laser_disdrometer;fc4_flux;cr1000xe_backbone,2.1104,calm,transport,0,0.46375206112861633
7182,candidate_015,laser_disdrometer;fc4_flux;cr1000xe_backbone,2.1104,calm,transport,0,0.4462365210056305
7182,candidate_015,laser_disdrometer;fc4_flux;cr1000xe_backbone,2.1104,calm,particle,0,0.5169597268104553
7182,candidate_015,laser_disdrometer;fc4_flux;cr1000xe_backbone,2.1104,calm,particle,0,0.45758387446403503
7182,candidate_015,laser_disdrometer;fc4_flux;cr1000xe_backbone,2.1104,calm,particle,0,0.6859079003334045
7182,candidate_015,laser_disdrometer;fc4_flux;cr1000xe_backbone,2.1104,calm,particle,0,0.5718897581100464
7182,candidate_015,laser_disdrometer;fc4_flux;cr1000xe_backbone,2.1104,calm,particle,0,0.7566737532615662
7182,candidate_015,laser_disdrometer;fc4_flux;cr1000xe_backbone,2.1104,calm,particle,0,0.6556550860404968
7182,candidate_015,laser_disdrometer;fc4_flux;cr1000xe_backbone,2.1104,calm,particle,0,0.5447182655334473
7182,candidate_015,laser_disdrometer;fc4_flux;cr1000xe_backbone,2.1104,calm,particle,0,0.5864296555519104
7182,candidate_015,laser_disdrometer;fc4_flux;cr1000xe_backbone,2.1104,flux,particle,2,0.4865613877773285
7182,candidate_015,laser_disdrometer;fc4_flux;cr1000xe_backbone,2.1104,flux,particle,2,0.5510395169258118
7182,candidate_015,laser_disdrometer;fc4_flux;cr1000xe_backbone,2.1104,flux,particle,2,0.5198619961738586
7182,candidate_015,laser_disdrometer;fc4_flux;cr1000xe_backbone,2.1104,flux,particle,2,0.5280589461326599
7182,candidate_015,laser_disdrometer;fc4_flux;cr1000xe_backbone,2.1104,flux,particle,2,0.5595870614051819
7182,candidate_015,laser_disdrometer;fc4_flux;cr1000xe_backbone,2.1104,flux,particle,2,0.5356432795524597
7182,candidate_015,laser_disdrometer;fc4_flux;cr1000xe_backbone,2.1104,flux,particle,2,0.4967973530292511
7182,candidate_015,laser_disdrometer;fc4_flux;cr1000xe_backbone,2.1104,flux,particle,2,0.5517527461051941
7182,candidate_015,laser_disdrometer;fc4_flux;cr1000xe_backbone,2.1104,flux,particle,2,0.5541676878929138
7182,candidate_015,laser_disdrometer;fc4_flux;cr1000xe_backbone,2.1104,flux,particle,2,0.6206512451171875
7182,candidate_015,laser_disdrometer;fc4_flux;cr1000xe_backbone,2.1104,flux,particle,2,0.7335420250892639
7182,candidate_015,laser_disdrometer;fc4_flux;cr1000xe_backbone,2.1104,flux,particle,2,0.7274423241615295
7182,candidate_015,laser_disdrometer;fc4_flux;cr1000xe_backbone,2.1104,flux,particle,2,0.72945636510849
7182,candidate_015,laser_disdrometer;fc4_flux;cr1000xe_backbone,2.1104,flux,particle,2,0.7683792114257812
7182,candidate_015,laser_disdrometer;fc4_flux;cr1000xe_backbone,2.1104,flux,particle,2,0.7974914312362671
7182,candidate_015,laser_disdrometer;fc4_flux;cr1000xe_backbone,2.1104,flux,particle,2,0.834945023059845
7182,candidate_015,laser_disdrometer;fc4_flux;cr1000xe_backbone,2.1104,flux,particle,2,0.8790884613990784
7182,candidate_015,laser_disdrometer;fc4_flux;cr1000xe_backbone,2.1104,flux,thermal,2,0.843137800693512
7182,candidate_015,laser_disdrometer;fc4_flux;cr1000xe_backbone,2.1104,flux,thermal,2,0.8031277060508728
7182,candidate_015,laser_disdrometer;fc4_flux;cr1000xe_backbone,2.1104,flux,thermal,2,0.80926913022995
7182,candidate_015,laser_disdrometer;fc4_flux;cr1000xe_backbone,2.1104,flux,thermal,2,0.7883577346801758
7182,candidate_015,laser_disdrometer;fc4_flux;cr1000xe_backbone,2.1104,flux,thermal,2,0.8074978590011597
7182,candidate_015,laser_disdrometer;fc4_flux;cr1000xe_backbone,2.1104,flux,thermal,2,0.7633967995643616
7182,candidate_015,laser_disdrometer;fc4_flux;cr1000xe_backbone,2.1104,flux,thermal,2,0.7826510667800903
7182,candidate_015,laser_disdrometer;fc4_flux;cr1000xe_backbone,2.1104,flux,thermal,2,0.8165425062179565
7182,candidate_015,laser_disdrometer;fc4_flux;cr1000xe_backbone,2.1104,flux,thermal,2,0.772810161113739
7182,candidate_015,laser_disdrometer;fc4_flux;cr1000xe_backbone,2.1104,flux,thermal,2,0.8679967522621155
7182,candidate_015,laser_disdrometer;fc4_flux;cr1000xe_backbone,2.1104,flux,thermal,2,0.8082859516143799
7182,candidate_015,laser_disdrometer;fc4_flux;cr1000xe_backbone,2.1104,flux,thermal,2,0.8488509058952332
7182,candidate_015,laser_disdrometer;fc4_flux;cr1000xe_backbone,2.1104,flux,thermal,2,0.8648328185081482
7182,candidate_015,laser_disdrometer;fc4_flux;cr1000xe_backbone,2.1104,flux,thermal,2,0.8268725872039795
7182,candidate_015,laser_disdrometer;fc4_flux;cr1000xe_backbone,2.1104,flux,thermal,2,0.8783382177352905
7182,candidate_015,laser_disdrometer;fc4_flux;cr1000xe_backbone,2.1104,flux,thermal,2,0.8721822500228882
7182,candidate_015,laser_disdrometer;fc4_flux;cr1000xe_backbone,2.1104,flux,thermal,2,0.8399952054023743
7182,candidate_015,laser_disdrometer;fc4_flux;cr1000xe_backbone,2.1104,flux,thermal,2,0.8652392029762268
7182,candidate_015,laser_disdrometer;fc4_flux;cr1000xe_backbone,2.1104,flux,thermal,2,0.8395552635192871
7182,candidate_015,laser_disdrometer;fc4_flux;cr1000xe_backbone,2.1104,flux,thermal,2,0.783312976360321
7182,candidate_015,laser_disdrometer;fc4_flux;cr1000xe_backbone,2.1104,flux,thermal,2,0.7831178307533264
7182,candidate_015,laser_disdrometer;fc4_flux;cr1000xe_backbone,2.1104,flux,thermal,2,0.8017311096191406
7182,candidate_015,laser_disdrometer;fc4_flux;cr1000xe_backbone,2.1104,flux,thermal,2,0.7694002985954285
7182,candidate_015,laser_disdrometer;fc4_flux;cr1000xe_backbone,2.1104,flux,thermal,2,0.624465823173523
7182,candidate_015,laser_disdrometer;fc4_flux;cr1000xe_backbone,2.1104,flux,thermal,2,0.6160464882850647
7182,candidate_015,laser_disdrometer;fc4_flux;cr1000xe_backbone,2.1104,flux,thermal,2,0.6395036578178406
7182,candidate_015,laser_disdrometer;fc4_flux;cr1000xe_backbone,2.1104,flux,thermal,2,0.5769636631011963
7182,candidate_015,laser_disdrometer;fc4_flux;cr1000xe_backbone,2.1104,flux,transport,2,0.6094266176223755
7182,candidate_015,laser_disdrometer;fc4_flux;cr1000xe_backbone,2.1104,flux,transport,2,0.6792904138565063
7182,candidate_015,laser_disdrometer;fc4_flux;cr1000xe_backbone,2.1104,flux,transport,2,0.6764706969261169
7182,candidate_015,laser_disdrometer;fc4_flux;cr1000xe_backbone,2.1104,flux,transport,2,0.6539754271507263
7182,candidate_015,laser_disdrometer;fc4_flux;cr1000xe_backbone,2.1104,calm,transport,0,0.6313202381134033
7182,candidate_015,laser_disdrometer;fc4_flux;cr1000xe_backbone,2.1104,calm,transport,0,0.65215003490448
7182,candidate_015,laser_disdrometer;fc4_flux;cr1000xe_backbone,2.1104,calm,transport,0,0.6698499321937561
7182,candidate_015,laser_disdrometer;fc4_flux;cr1000xe_backbone,2.1104,calm,transport,0,0.6639783978462219
7182,candidate_015,laser_disdrometer;fc4_flux;cr1000xe_backbone,2.1104,calm,transport,0,0.6484313607215881
7182,candidate_015,laser_disdrometer;fc4_flux;cr1000xe_backbone,2.1104,calm,transport,0,0.6419227123260498
7182,candidate_015,laser_disdrometer;fc4_flux;cr1000xe_backbone,2.1104,calm,transport,0,0.6744323372840881
7182,candidate_015,laser_disdrometer;fc4_flux;cr1000xe_backbone,2.1104,calm,transport,0,0.6734009981155396
7182,candidate_015,laser_disdrometer;fc4_flux;cr1000xe_backbone,2.1104,calm,transport,0,0.6764935851097107
7182,candidate_015,laser_disdrometer;fc4_flux;cr1000xe_backbone,2.1104,calm,transport,0,0.6764726638793945
7182,candidate_015,laser_disdrometer;fc4_flux;cr1000xe_backbone,2.1104,calm,transport,0,0.7455870509147644
7182,candidate_015,laser_disdrometer;fc4_flux;cr1000xe_backbone,2.1104,calm,transport,0,0.7990455031394958
7182,candidate_015,laser_disdrometer;fc4_flux;cr1000xe_backbone,2.1104,calm,transport,0,1.041513442993164
7182,candidate_015,laser_disdrometer;fc4_flux;cr1000xe_backbone,2.1104,calm,transport,0,0.8332847952842712
7182,candidate_015,laser_disdrometer;fc4_flux;cr1000xe_backbone,2.1104,thermal,transport,3,0.982464075088501
7182,candidate_015,laser_disdrometer;fc4_flux;cr1000xe_backbone,2.1104,thermal,transport,3,0.7736669182777405
7182,candidate_015,laser_disdrometer;fc4_flux;cr1000xe_backbone,2.1104,thermal,transport,3,0.8704997897148132
7182,candidate_015,laser_disdrometer;fc4_flux;cr1000xe_backbone,2.1104,thermal,transport,3,0.6476962566375732
7182,candidate_015,laser_disdrometer;fc4_flux;cr1000xe_backbone,2.1104,thermal,particle,3,0.6334201097488403
7182,candidate_015,laser_disdrometer;fc4_flux;cr1000xe_backbone,2.1104,thermal,particle,3,0.7684536576271057
7182,candidate_015,laser_disdrometer;fc4_flux;cr1000xe_backbone,2.1104,thermal,particle,3,0.6803182363510132
7182,candidate_015,laser_disdrometer;fc4_flux;cr1000xe_backbone,2.1104,thermal,particle,3,0.7030199766159058
7182,candidate_015,laser_disdrometer;fc4_flux;cr1000xe_backbone,2.1104,thermal,particle,3,0.6828818917274475
7182,candidate_015,laser_disdrometer;fc4_flux;cr1000xe_backbone,2.1104,thermal,particle,3,0.630429208278656
7182,candidate_015,laser_disdrometer;fc4_flux;cr1000xe_backbone,2.1104,thermal,particle,3,0.7084840536117554
7182,candidate_015,laser_disdrometer;fc4_flux;cr1000xe_backbone,2.1104,thermal,particle,3,0.6152329444885254
7182,candidate_015,laser_disdrometer;fc4_flux;cr1000xe_backbone,2.1104,thermal,particle,3,0.6310985088348389
7182,candidate_015,laser_disdrometer;fc4_flux;cr1000xe_backbone,2.1104,thermal,particle,3,0.6275737285614014
7182,candidate_015,laser_disdrometer;fc4_flux;cr1000xe_backbone,2.1104,thermal,particle,3,0.5921940803527832
7182,candidate_015,laser_disdrometer;fc4_flux;cr1000xe_backbone,2.1104,thermal,particle,3,0.6153085827827454
7182,candidate_015,laser_disdrometer;fc4_flux;cr1000xe_backbone,2.1104,thermal,particle,3,0.58114093542099
7182,candidate_015,laser_disdrometer;fc4_flux;cr1000xe_backbone,2.1104,thermal,particle,3,0.7117639780044556
7182,candidate_015,laser_disdrometer;fc4_flux;cr1000xe_backbone,2.1104,thermal,particle,3,0.6538189053535461
7182,candidate_015,laser_disdrometer;fc4_flux;cr1000xe_backbone,2.1104,thermal,particle,3,0.6840305328369141
7182,candidate_015,laser_disdrometer;fc4_flux;cr1000xe_backbone,2.1104,thermal,particle,3,0.5509840846061707
7182,candidate_015,laser_disdrometer;fc4_flux;cr1000xe_backbone,2.1104,thermal,particle,3,0.635834813117981
7182,candidate_015,laser_disdrometer;fc4_flux;cr1000xe_backbone,2.1104,thermal,particle,3,0.541917085647583
7182,candidate_015,laser_disdrometer;fc4_flux;cr1000xe_backbone,2.1104,thermal,particle,3,0.6001689434051514
7182,candidate_015,laser_disdrometer;fc4_flux;cr1000xe_backbone,2.1104,thermal,particle,3,0.6959967613220215
7182,candidate_015,laser_disdrometer;fc4_flux;cr1000xe_backbone,2.1104,thermal,particle,3,0.6457854509353638
7182,candidate_015,laser_disdrometer;fc4_flux;cr1000xe_backbone,2.1104,thermal,particle,3,0.6093642711639404
7182,candidate_015,laser_disdrometer;fc4_flux;cr1000xe_backbone,2.1104,thermal,particle,3,0.6319943070411682
7182,candidate_015,laser_disdrometer;fc4_flux;cr1000xe_backbone,2.1104,thermal,particle,3,0.6341721415519714
7182,candidate_015,laser_disdrometer;fc4_flux;cr1000xe_backbone,2.1104,thermal,particle,3,0.6052188277244568
7182,candidate_015,laser_disdrometer;fc4_flux;cr1000xe_backbone,2.1104,thermal,particle,3,0.6051206588745117
7182,candidate_015,laser_disdrometer;fc4_flux;cr1000xe_backbone,2.1104,thermal,particle,3,0.6135657429695129
7182,candidate_015,laser_disdrometer;fc4_flux;cr1000xe_backbone,2.1104,thermal,particle,3,0.6068676710128784
7182,candidate_015,laser_disdrometer;fc4_flux;cr1000xe_backbone,2.1104,thermal,particle,3,0.7196831107139587
7182,candidate_015,laser_disdrometer;fc4_flux;cr1000xe_backbone,2.1104,thermal,particle,3,0.7307792901992798
7182,candidate_015,laser_disdrometer;fc4_flux;cr1000xe_backbone,2.1104,thermal,particle,3,0.7268807291984558
7182,candidate_015,laser_disdrometer;fc4_flux;cr1000xe_backbone,2.1104,thermal,particle,3,0.7548180818557739
7182,candidate_015,laser_disdrometer;fc4_flux;cr1000xe_backbone,2.1104,thermal,particle,3,0.7978052496910095
7182,candidate_015,laser_disdrometer;fc4_flux;cr1000xe_backbone,2.1104,thermal,particle,3,0.9074093103408813
7182,candidate_015,laser_disdrometer;fc4_flux;cr1000xe_backbone,2.1104,thermal,particle,3,0.8805451393127441
7182,candidate_015,laser_disdrometer;fc4_flux;cr1000xe_backbone,2.1104,thermal,thermal,3,0.9331495761871338
7182,candidate_015,laser_disdrometer;fc4_flux;cr1000xe_backbone,2.1104,thermal,thermal,3,0.9450721144676208
7182,candidate_015,laser_disdrometer;fc4_flux;cr1000xe_backbone,2.1104,thermal,thermal,3,0.8970655202865601
7182,candidate_015,laser_disdrometer;fc4_flux;cr1000xe_backbone,2.1104,thermal,thermal,3,0.9008857011795044
7182,candidate_015,laser_disdrometer;fc4_flux;cr1000xe_backbone,2.1104,thermal,thermal,3,0.8615387678146362
7182,candidate_015,laser_disdrometer;fc4_flux;cr1000xe_backbone,2.1104,thermal,thermal,3,0.9059337377548218
7182,candidate_015,laser_disdrometer;fc4_flux;cr1000xe_backbone,2.1104,thermal,thermal,3,0.923750638961792
7182,candidate_015,laser_disdrometer;fc4_flux;cr1000xe_backbone,2.1104,thermal,thermal,3,0.9687556028366089
7182,candidate_015,laser_disdrometer;fc4_flux;cr1000xe_backbone,2.1104,thermal,thermal,3,0.8672088980674744
7182,candidate_015,laser_disdrometer;fc4_flux;cr1000xe_backbone,2.1104,thermal,thermal,3,0.8818371891975403
7182,candidate_015,laser_disdrometer;fc4_flux;cr1000xe_backbone,2.1104,thermal,thermal,3,0.911837100982666
7182,candidate_015,laser_disdrometer;fc4_flux;cr1000xe_backbone,2.1104,thermal,thermal,3,0.8299673795700073
7182,candidate_015,laser_disdrometer;fc4_flux;cr1000xe_backbone,2.1104,thermal,thermal,3,0.7145066857337952
7182,candidate_015,laser_disdrometer;fc4_flux;cr1000xe_backbone,2.1104,thermal,thermal,3,0.8068190813064575
7182,candidate_015,laser_disdrometer;fc4_flux;cr1000xe_backbone,2.1104,thermal,thermal,3,0.7257629632949829
7182,candidate_015,laser_disdrometer;fc4_flux;cr1000xe_backbone,2.1104,thermal,thermal,3,0.7656383514404297
7182,candidate_015,laser_disdrometer;fc4_flux;cr1000xe_backbone,2.1104,calm,thermal,0,0.6494485139846802
7182,candidate_015,laser_disdrometer;fc4_flux;cr1000xe_backbone,2.1104,calm,thermal,0,0.6005182266235352
7182,candidate_015,laser_disdrometer;fc4_flux;cr1000xe_backbone,2.1104,calm,thermal,0,0.6222681403160095
7182,candidate_015,laser_disdrometer;fc4_flux;cr1000xe_backbone,2.1104,calm,thermal,0,0.6070544123649597
7182,candidate_015,laser_disdrometer;fc4_flux;cr1000xe_backbone,2.1104,calm,thermal,0,0.6255989074707031
7182,candidate_015,laser_disdrometer;fc4_flux;cr1000xe_backbone,2.1104,calm,thermal,0,0.6075328588485718
7182,candidate_015,laser_disdrometer;fc4_flux;cr1000xe_backbone,2.1104,calm,thermal,0,0.6070564985275269
7182,candidate_015,laser_disdrometer;fc4_flux;cr1000xe_backbone,2.1104,calm,thermal,0,0.6502494812011719
7182,candidate_015,laser_disdrometer;fc4_flux;cr1000xe_backbone,2.1104,calm,thermal,0,0.6654309034347534
7182,candidate_015,laser_disdrometer;fc4_flux;cr1000xe_backbone,2.1104,calm,thermal,0,0.6352617144584656
7182,candidate_015,laser_disdrometer;fc4_flux;cr1000xe_backbone,2.1104,calm,thermal,0,0.668106734752655
7182,candidate_015,laser_disdrometer;fc4_flux;cr1000xe_backbone,2.1104,calm,transport,0,0.6274336576461792
7182,candidate_015,laser_disdrometer;fc4_flux;cr1000xe_backbone,2.1104,thermal,transport,3,0.6129475831985474
7182,candidate_015,laser_disdrometer;fc4_flux;cr1000xe_backbone,2.1104,thermal,transport,3,0.6420465707778931
