seed,candidate,selected_sensor_ids,steady_cost,condition,operating_condition,event_subtype_id,oracle_loss
7184,candidate_000,cr1000xe_backbone,0.4104,calm,particle,0,1.0109184980392456
7184,candidate_000,cr1000xe_backbone,0.4104,calm,particle,0,1.0148125886917114
7184,candidate_000,cr1000xe_backbone,0.4104,calm,particle,0,1.005542278289795
7184,candidate_000,cr1000xe_backbone,0.4104,calm,particle,0,0.9848153591156006
7184,candidate_000,cr1000xe_backbone,0.4104,calm,particle,0,0.9594013094902039
7184,candidate_000,cr1000xe_backbone,0.4104,calm,particle,0,0.9320165514945984
7184,candidate_000,cr1000xe_backbone,0.4104,calm,particle,0,0.9049251079559326
7184,candidate_000,cr1000xe_backbone,0.4104,calm,particle,0,0.8789485692977905
7184,candidate_000,cr1000xe_backbone,0.4104,calm,particle,0,0.85712069272995
7184,candidate_000,cr1000xe_backbone,0.4104,calm,particle,0,0.8413568139076233
7184,candidate_000,cr1000xe_backbone,0.4104,calm,particle,0,0.8318367600440979
7184,candidate_000,cr1000xe_backbone,0.4104,calm,particle,0,0.8248298764228821
7184,candidate_000,cr1000xe_backbone,0.4104,calm,particle,0,0.816266655921936
7184,candidate_000,cr1000xe_backbone,0.4104,calm,particle,0,0.80760258436203
7184,candidate_000,cr1000xe_backbone,0.4104,calm,particle,0,0.7992556095123291
7184,candidate_000,cr1000xe_backbone,0.4104,calm,particle,0,0.7916110754013062
7184,candidate_000,cr1000xe_backbone,0.4104,calm,particle,0,0.7862365245819092
7184,candidate_000,cr1000xe_backbone,0.4104,calm,particle,0,0.7873023152351379
7184,candidate_000,cr1000xe_backbone,0.4104,calm,particle,0,0.7963742017745972
7184,candidate_000,cr1000xe_backbone,0.4104,calm,particle,0,0.8120149970054626
7184,candidate_000,cr1000xe_backbone,0.4104,calm,particle,0,0.8335144519805908
7184,candidate_000,cr1000xe_backbone,0.4104,calm,thermal,0,0.8559144139289856
7184,candidate_000,cr1000xe_backbone,0.4104,calm,thermal,0,0.8769412636756897
7184,candidate_000,cr1000xe_backbone,0.4104,calm,thermal,0,0.8941406607627869
7184,candidate_000,cr1000xe_backbone,0.4104,calm,thermal,0,0.9065485000610352
7184,candidate_000,cr1000xe_backbone,0.4104,calm,thermal,0,0.9096004962921143
7184,candidate_000,cr1000xe_backbone,0.4104,calm,thermal,0,0.900791347026825
7184,candidate_000,cr1000xe_backbone,0.4104,calm,thermal,0,0.8833737969398499
7184,candidate_000,cr1000xe_backbone,0.4104,calm,thermal,0,0.8604080677032471
7184,candidate_000,cr1000xe_backbone,0.4104,calm,thermal,0,0.8346533179283142
7184,candidate_000,cr1000xe_backbone,0.4104,calm,thermal,0,0.807935357093811
7184,candidate_000,cr1000xe_backbone,0.4104,calm,thermal,0,0.7838141918182373
7184,candidate_000,cr1000xe_backbone,0.4104,calm,thermal,0,0.7662526965141296
7184,candidate_000,cr1000xe_backbone,0.4104,calm,thermal,0,0.756086528301239
7184,candidate_000,cr1000xe_backbone,0.4104,calm,thermal,0,0.7535337805747986
7184,candidate_000,cr1000xe_backbone,0.4104,calm,thermal,0,0.7535126209259033
7184,candidate_000,cr1000xe_backbone,0.4104,calm,thermal,0,0.7543541193008423
7184,candidate_000,cr1000xe_backbone,0.4104,calm,thermal,0,0.7557656764984131
7184,candidate_000,cr1000xe_backbone,0.4104,calm,thermal,0,0.7570223212242126
7184,candidate_000,cr1000xe_backbone,0.4104,calm,thermal,0,0.7570536732673645
7184,candidate_000,cr1000xe_backbone,0.4104,calm,thermal,0,0.7580891251564026
7184,candidate_000,cr1000xe_backbone,0.4104,calm,thermal,0,0.7641086578369141
7184,candidate_000,cr1000xe_backbone,0.4104,calm,thermal,0,0.775684118270874
7184,candidate_000,cr1000xe_backbone,0.4104,calm,thermal,0,0.791933000087738
7184,candidate_000,cr1000xe_backbone,0.4104,calm,thermal,0,0.8114085793495178
7184,candidate_000,cr1000xe_backbone,0.4104,calm,thermal,0,0.8305769562721252
7184,candidate_000,cr1000xe_backbone,0.4104,calm,thermal,0,0.8483237624168396
7184,candidate_000,cr1000xe_backbone,0.4104,calm,thermal,0,0.8630635738372803
7184,candidate_000,cr1000xe_backbone,0.4104,calm,thermal,0,0.8729762434959412
7184,candidate_000,cr1000xe_backbone,0.4104,calm,thermal,0,0.8711422681808472
7184,candidate_000,cr1000xe_backbone,0.4104,calm,thermal,0,0.8567793369293213
7184,candidate_000,cr1000xe_backbone,0.4104,calm,thermal,0,0.8328375816345215
7184,candidate_000,cr1000xe_backbone,0.4104,calm,thermal,0,0.8044260144233704
7184,candidate_000,cr1000xe_backbone,0.4104,calm,thermal,0,0.7751744985580444
7184,candidate_000,cr1000xe_backbone,0.4104,calm,transport,0,0.7457448840141296
7184,candidate_000,cr1000xe_backbone,0.4104,calm,transport,0,0.7190269231796265
7184,candidate_000,cr1000xe_backbone,0.4104,calm,transport,0,0.697299599647522
7184,candidate_000,cr1000xe_backbone,0.4104,calm,transport,0,0.6849625110626221
7184,candidate_000,cr1000xe_backbone,0.4104,calm,transport,0,0.680816113948822
7184,candidate_000,cr1000xe_backbone,0.4104,calm,transport,0,0.6798998713493347
7184,candidate_000,cr1000xe_backbone,0.4104,calm,transport,0,0.6785954236984253
7184,candidate_000,cr1000xe_backbone,0.4104,calm,transport,0,0.6766784191131592
7184,candidate_000,cr1000xe_backbone,0.4104,calm,transport,0,0.6745635271072388
7184,candidate_000,cr1000xe_backbone,0.4104,calm,transport,0,0.6732091903686523
7184,candidate_000,cr1000xe_backbone,0.4104,calm,transport,0,0.6754218339920044
7184,candidate_000,cr1000xe_backbone,0.4104,calm,transport,0,0.6837725043296814
7184,candidate_000,cr1000xe_backbone,0.4104,calm,transport,0,0.6987193822860718
7184,candidate_000,cr1000xe_backbone,0.4104,calm,transport,0,0.7185534238815308
7184,candidate_000,cr1000xe_backbone,0.4104,calm,transport,0,0.7427466511726379
7184,candidate_000,cr1000xe_backbone,0.4104,calm,transport,0,0.7675400972366333
7184,candidate_000,cr1000xe_backbone,0.4104,calm,transport,0,0.7921035885810852
7184,candidate_000,cr1000xe_backbone,0.4104,calm,transport,0,0.8136647939682007
7184,candidate_000,cr1000xe_backbone,0.4104,calm,transport,0,0.8316982984542847
7184,candidate_000,cr1000xe_backbone,0.4104,calm,transport,0,0.8394740223884583
7184,candidate_000,cr1000xe_backbone,0.4104,calm,transport,0,0.8378925919532776
7184,candidate_000,cr1000xe_backbone,0.4104,calm,transport,0,0.8282883167266846
7184,candidate_000,cr1000xe_backbone,0.4104,calm,transport,0,0.8144915699958801
7184,candidate_000,cr1000xe_backbone,0.4104,calm,transport,0,0.7994006276130676
7184,candidate_000,cr1000xe_backbone,0.4104,calm,transport,0,0.7833476662635803
7184,candidate_000,cr1000xe_backbone,0.4104,calm,transport,0,0.7691941857337952
7184,candidate_000,cr1000xe_backbone,0.4104,calm,transport,0,0.7578359246253967
7184,candidate_000,cr1000xe_backbone,0.4104,calm,transport,0,0.7531591057777405
7184,candidate_000,cr1000xe_backbone,0.4104,calm,transport,0,0.7531501650810242
7184,candidate_000,cr1000xe_backbone,0.4104,calm,transport,0,0.7551382780075073
7184,candidate_000,cr1000xe_backbone,0.4104,calm,transport,0,0.7568188905715942
7184,candidate_000,cr1000xe_backbone,0.4104,calm,transport,0,0.7585875391960144
7184,candidate_000,cr1000xe_backbone,0.4104,calm,transport,0,0.7600920796394348
7184,candidate_000,cr1000xe_backbone,0.4104,calm,transport,0,0.7603172063827515
7184,candidate_000,cr1000xe_backbone,0.4104,calm,transport,0,0.762260913848877
7184,candidate_000,cr1000xe_backbone,0.4104,calm,transport,0,0.7692168951034546
7184,candidate_000,cr1000xe_backbone,0.4104,calm,particle,0,0.781395673751831
7184,candidate_000,cr1000xe_backbone,0.4104,calm,particle,0,0.7971624732017517
7184,candidate_000,cr1000xe_backbone,0.4104,calm,particle,0,0.8151437640190125
7184,candidate_000,cr1000xe_backbone,0.4104,calm,particle,0,0.8327587246894836
7184,candidate_000,cr1000xe_backbone,0.4104,calm,particle,0,0.8488662242889404
7184,candidate_000,cr1000xe_backbone,0.4104,calm,particle,0,0.8618276715278625
7184,candidate_000,cr1000xe_backbone,0.4104,calm,particle,0,0.8709909319877625
7184,candidate_000,cr1000xe_backbone,0.4104,calm,particle,0,0.8688966035842896
7184,candidate_000,cr1000xe_backbone,0.4104,calm,particle,0,0.8564942479133606
7184,candidate_000,cr1000xe_backbone,0.4104,calm,particle,0,0.8365757465362549
7184,candidate_000,cr1000xe_backbone,0.4104,calm,particle,0,0.8131330609321594
7184,candidate_000,cr1000xe_backbone,0.4104,calm,particle,0,0.7893753051757812
7184,candidate_000,cr1000xe_backbone,0.4104,calm,particle,0,0.7668590545654297
7184,candidate_000,cr1000xe_backbone,0.4104,calm,particle,0,0.7496541738510132
7184,candidate_000,cr1000xe_backbone,0.4104,calm,particle,0,0.7383808493614197
7184,candidate_000,cr1000xe_backbone,0.4104,calm,particle,0,0.7361945509910583
7184,candidate_000,cr1000xe_backbone,0.4104,calm,particle,0,0.7413389086723328
7184,candidate_000,cr1000xe_backbone,0.4104,calm,particle,0,0.7493894696235657
7184,candidate_000,cr1000xe_backbone,0.4104,calm,particle,0,0.7604246735572815
7184,candidate_000,cr1000xe_backbone,0.4104,calm,particle,0,0.7718338966369629
7184,candidate_000,cr1000xe_backbone,0.4104,calm,particle,0,0.7836312055587769
7184,candidate_000,cr1000xe_backbone,0.4104,calm,particle,0,0.794632077217102
7184,candidate_000,cr1000xe_backbone,0.4104,calm,particle,0,0.8081625699996948
7184,candidate_000,cr1000xe_backbone,0.4104,calm,particle,0,0.8270793557167053
7184,candidate_000,cr1000xe_backbone,0.4104,calm,particle,0,0.853377640247345
7184,candidate_000,cr1000xe_backbone,0.4104,calm,particle,0,0.8841137886047363
7184,candidate_000,cr1000xe_backbone,0.4104,calm,particle,0,0.9180926084518433
7184,candidate_000,cr1000xe_backbone,0.4104,calm,particle,0,0.9528408050537109
7184,candidate_000,cr1000xe_backbone,0.4104,calm,particle,0,0.987515926361084
7184,candidate_000,cr1000xe_backbone,0.4104,calm,particle,0,1.0185132026672363
7184,candidate_000,cr1000xe_backbone,0.4104,calm,particle,0,1.0446243286132812
7184,candidate_000,cr1000xe_backbone,0.4104,calm,particle,0,1.0612860918045044
7184,candidate_000,cr1000xe_backbone,0.4104,calm,particle,0,1.066179871559143
7184,candidate_000,cr1000xe_backbone,0.4104,calm,particle,0,1.0633834600448608
7184,candidate_000,cr1000xe_backbone,0.4104,calm,thermal,0,1.054689884185791
7184,candidate_000,cr1000xe_backbone,0.4104,calm,thermal,0,1.044253945350647
7184,candidate_000,cr1000xe_backbone,0.4104,calm,thermal,0,1.0322308540344238
7184,candidate_000,cr1000xe_backbone,0.4104,calm,thermal,0,1.0221229791641235
7184,candidate_000,cr1000xe_backbone,0.4104,calm,thermal,0,1.015872597694397
7184,candidate_000,cr1000xe_backbone,0.4104,calm,thermal,0,1.0164676904678345
7184,candidate_000,cr1000xe_backbone,0.4104,calm,thermal,0,1.0230568647384644
7184,candidate_000,cr1000xe_backbone,0.4104,calm,thermal,0,1.031269907951355
7184,candidate_000,cr1000xe_backbone,0.4104,calm,thermal,0,1.0390045642852783
7184,candidate_000,cr1000xe_backbone,0.4104,calm,thermal,0,1.0462154150009155
7184,candidate_000,cr1000xe_backbone,0.4104,calm,thermal,0,1.0530864000320435
7184,candidate_000,cr1000xe_backbone,0.4104,calm,thermal,0,1.06009840965271
7184,candidate_000,cr1000xe_backbone,0.4104,calm,thermal,0,1.0697866678237915
7184,candidate_000,cr1000xe_backbone,0.4104,calm,thermal,0,1.083682656288147
7184,candidate_000,cr1000xe_backbone,0.4104,calm,thermal,0,1.1015545129776
7184,candidate_000,cr1000xe_backbone,0.4104,calm,thermal,0,1.121887445449829
7184,candidate_000,cr1000xe_backbone,0.4104,calm,thermal,0,1.143663763999939
7184,candidate_000,cr1000xe_backbone,0.4104,calm,thermal,0,1.1651450395584106
7184,candidate_000,cr1000xe_backbone,0.4104,calm,thermal,0,1.183581829071045
7184,candidate_000,cr1000xe_backbone,0.4104,calm,thermal,0,1.1982392072677612
7184,candidate_000,cr1000xe_backbone,0.4104,calm,thermal,0,1.207446575164795
7184,candidate_000,cr1000xe_backbone,0.4104,calm,thermal,0,1.2057090997695923
7184,candidate_000,cr1000xe_backbone,0.4104,calm,thermal,0,1.1934401988983154
7184,candidate_000,cr1000xe_backbone,0.4104,calm,thermal,0,1.1741846799850464
7184,candidate_000,cr1000xe_backbone,0.4104,calm,thermal,0,1.152506709098816
7184,candidate_000,cr1000xe_backbone,0.4104,calm,thermal,0,1.1283092498779297
7184,candidate_000,cr1000xe_backbone,0.4104,calm,transport,0,1.1038832664489746
7184,candidate_000,cr1000xe_backbone,0.4104,calm,transport,0,1.082014799118042
7184,candidate_000,cr1000xe_backbone,0.4104,calm,transport,0,1.0663212537765503
7184,candidate_000,cr1000xe_backbone,0.4104,calm,transport,0,1.0599777698516846
7184,candidate_000,cr1000xe_backbone,0.4104,calm,transport,0,1.0638912916183472
7184,candidate_000,cr1000xe_backbone,0.4104,calm,transport,0,1.0709601640701294
7184,candidate_000,cr1000xe_backbone,0.4104,calm,transport,0,1.0761462450027466
7184,candidate_000,cr1000xe_backbone,0.4104,calm,transport,0,1.0799047946929932
7184,candidate_000,cr1000xe_backbone,0.4104,calm,transport,0,1.0820847749710083
7184,candidate_000,cr1000xe_backbone,0.4104,calm,transport,0,1.083571195602417
7184,candidate_000,cr1000xe_backbone,0.4104,calm,transport,0,1.0886077880859375
7184,candidate_000,cr1000xe_backbone,0.4104,calm,transport,0,1.0993752479553223
7184,candidate_000,cr1000xe_backbone,0.4104,calm,transport,0,1.1138420104980469
7184,candidate_000,cr1000xe_backbone,0.4104,calm,transport,0,1.1327474117279053
7184,candidate_000,cr1000xe_backbone,0.4104,calm,transport,0,1.1569198369979858
7184,candidate_000,cr1000xe_backbone,0.4104,calm,transport,0,1.1851067543029785
7184,candidate_000,cr1000xe_backbone,0.4104,calm,transport,0,1.2146117687225342
7184,candidate_000,cr1000xe_backbone,0.4104,calm,transport,0,1.2406632900238037
7184,candidate_000,cr1000xe_backbone,0.4104,calm,transport,0,1.2608176469802856
7184,candidate_000,cr1000xe_backbone,0.4104,calm,transport,0,1.267395257949829
7184,candidate_000,cr1000xe_backbone,0.4104,calm,transport,0,1.2615801095962524
7184,candidate_000,cr1000xe_backbone,0.4104,calm,transport,0,1.2458990812301636
7184,candidate_000,cr1000xe_backbone,0.4104,calm,transport,0,1.2232900857925415
7184,candidate_000,cr1000xe_backbone,0.4104,calm,transport,0,1.1953343152999878
7184,candidate_000,cr1000xe_backbone,0.4104,calm,transport,0,1.1651548147201538
7184,candidate_000,cr1000xe_backbone,0.4104,calm,particle,0,1.1384329795837402
7184,candidate_000,cr1000xe_backbone,0.4104,calm,particle,0,1.1161104440689087
7184,candidate_000,cr1000xe_backbone,0.4104,calm,particle,0,1.1025733947753906
7184,candidate_000,cr1000xe_backbone,0.4104,calm,particle,0,1.0964689254760742
7184,candidate_000,cr1000xe_backbone,0.4104,calm,particle,0,1.092414379119873
7184,candidate_000,cr1000xe_backbone,0.4104,calm,particle,0,1.0891900062561035
7184,candidate_000,cr1000xe_backbone,0.4104,calm,particle,0,1.0857189893722534
7184,candidate_000,cr1000xe_backbone,0.4104,calm,particle,0,1.0818538665771484
7184,candidate_000,cr1000xe_backbone,0.4104,calm,particle,0,1.0762219429016113
7184,candidate_000,cr1000xe_backbone,0.4104,calm,particle,0,1.0713480710983276
7184,candidate_000,cr1000xe_backbone,0.4104,calm,particle,0,1.0714633464813232
7184,candidate_000,cr1000xe_backbone,0.4104,calm,particle,0,1.075903058052063
7184,candidate_000,cr1000xe_backbone,0.4104,calm,particle,0,1.0875216722488403
7184,candidate_000,cr1000xe_backbone,0.4104,calm,particle,0,1.1029667854309082
7184,candidate_000,cr1000xe_backbone,0.4104,calm,particle,0,1.120187759399414
7184,candidate_000,cr1000xe_backbone,0.4104,calm,particle,0,1.1348167657852173
7184,candidate_000,cr1000xe_backbone,0.4104,calm,particle,0,1.1459722518920898
7184,candidate_000,cr1000xe_backbone,0.4104,calm,particle,0,1.1539208889007568
7184,candidate_000,cr1000xe_backbone,0.4104,calm,particle,0,1.1536747217178345
7184,candidate_000,cr1000xe_backbone,0.4104,calm,particle,0,1.1447640657424927
7184,candidate_000,cr1000xe_backbone,0.4104,calm,particle,0,1.1251386404037476
7184,candidate_000,cr1000xe_backbone,0.4104,calm,particle,0,1.102577805519104
7184,candidate_000,cr1000xe_backbone,0.4104,calm,particle,0,1.0819220542907715
7184,candidate_000,cr1000xe_backbone,0.4104,calm,particle,0,1.0629163980484009
7184,candidate_000,cr1000xe_backbone,0.4104,calm,particle,0,1.0498476028442383
7184,candidate_000,cr1000xe_backbone,0.4104,calm,particle,0,1.0425904989242554
7184,candidate_000,cr1000xe_backbone,0.4104,calm,particle,0,1.0404040813446045
7184,candidate_000,cr1000xe_backbone,0.4104,calm,particle,0,1.0430209636688232
7184,candidate_000,cr1000xe_backbone,0.4104,calm,particle,0,1.0471998453140259
7184,candidate_000,cr1000xe_backbone,0.4104,calm,particle,0,1.0516400337219238
7184,candidate_000,cr1000xe_backbone,0.4104,calm,particle,0,1.0559347867965698
7184,candidate_000,cr1000xe_backbone,0.4104,calm,particle,0,1.0609855651855469
7184,candidate_000,cr1000xe_backbone,0.4104,calm,thermal,0,1.0657542943954468
7184,candidate_000,cr1000xe_backbone,0.4104,calm,thermal,0,1.0720405578613281
7184,candidate_000,cr1000xe_backbone,0.4104,calm,thermal,0,1.0837422609329224
7184,candidate_000,cr1000xe_backbone,0.4104,calm,thermal,0,1.1000999212265015
7184,candidate_000,cr1000xe_backbone,0.4104,calm,thermal,0,1.1197168827056885
7184,candidate_000,cr1000xe_backbone,0.4104,calm,thermal,0,1.137883186340332
7184,candidate_000,cr1000xe_backbone,0.4104,calm,thermal,0,1.1534652709960938
7184,candidate_000,cr1000xe_backbone,0.4104,calm,thermal,0,1.1639736890792847
7184,candidate_000,cr1000xe_backbone,0.4104,calm,thermal,0,1.1695539951324463
7184,candidate_000,cr1000xe_backbone,0.4104,calm,thermal,0,1.1717547178268433
7184,candidate_000,cr1000xe_backbone,0.4104,calm,thermal,0,1.1662049293518066
7184,candidate_000,cr1000xe_backbone,0.4104,calm,thermal,0,1.1526274681091309
7184,candidate_000,cr1000xe_backbone,0.4104,calm,thermal,0,1.1347689628601074
7184,candidate_000,cr1000xe_backbone,0.4104,calm,thermal,0,1.113023042678833
7184,candidate_000,cr1000xe_backbone,0.4104,calm,thermal,0,1.089476466178894
7184,candidate_000,cr1000xe_backbone,0.4104,calm,thermal,0,1.0679962635040283
7184,candidate_000,cr1000xe_backbone,0.4104,calm,thermal,0,1.050148367881775
7184,candidate_000,cr1000xe_backbone,0.4104,calm,thermal,0,1.0357002019882202
7184,candidate_000,cr1000xe_backbone,0.4104,calm,thermal,0,1.0247979164123535
7184,candidate_000,cr1000xe_backbone,0.4104,calm,thermal,0,1.016533374786377
7184,candidate_000,cr1000xe_backbone,0.4104,calm,thermal,0,1.0070421695709229
7184,candidate_000,cr1000xe_backbone,0.4104,calm,transport,0,0.999697208404541
7184,candidate_000,cr1000xe_backbone,0.4104,calm,transport,0,0.9932845234870911
7184,candidate_000,cr1000xe_backbone,0.4104,calm,transport,0,0.98686283826828
7184,candidate_000,cr1000xe_backbone,0.4104,calm,transport,0,0.9791775941848755
7184,candidate_000,cr1000xe_backbone,0.4104,calm,transport,0,0.9725223183631897
7184,candidate_000,cr1000xe_backbone,0.4104,calm,transport,0,0.9711238741874695
7184,candidate_000,cr1000xe_backbone,0.4104,calm,transport,0,0.9776719212532043
7184,candidate_000,cr1000xe_backbone,0.4104,calm,transport,0,0.9900093674659729
7184,candidate_000,cr1000xe_backbone,0.4104,calm,transport,0,1.0046943426132202
7184,candidate_000,cr1000xe_backbone,0.4104,calm,transport,0,1.020301103591919
7184,candidate_000,cr1000xe_backbone,0.4104,calm,transport,0,1.0332900285720825
7184,candidate_000,cr1000xe_backbone,0.4104,calm,transport,0,1.0426989793777466
7184,candidate_000,cr1000xe_backbone,0.4104,calm,transport,0,1.050418734550476
7184,candidate_000,cr1000xe_backbone,0.4104,calm,transport,0,1.0516935586929321
7184,candidate_000,cr1000xe_backbone,0.4104,calm,transport,0,1.0457383394241333
7184,candidate_000,cr1000xe_backbone,0.4104,calm,transport,0,1.0333446264266968
7184,candidate_000,cr1000xe_backbone,0.4104,calm,transport,0,1.0177308320999146
7184,candidate_000,cr1000xe_backbone,0.4104,calm,transport,0,1.0019330978393555
7184,candidate_000,cr1000xe_backbone,0.4104,calm,transport,0,0.9868679046630859
7184,candidate_000,cr1000xe_backbone,0.4104,calm,transport,0,0.9760092496871948
7184,candidate_000,cr1000xe_backbone,0.4104,calm,transport,0,0.9708642363548279
7184,candidate_000,cr1000xe_backbone,0.4104,calm,transport,0,0.97151118516922
7184,candidate_000,cr1000xe_backbone,0.4104,calm,transport,0,0.9760992527008057
7184,candidate_000,cr1000xe_backbone,0.4104,calm,transport,0,0.9809023141860962
7184,candidate_000,cr1000xe_backbone,0.4104,calm,transport,0,0.9856613278388977
7184,candidate_000,cr1000xe_backbone,0.4104,calm,transport,0,0.9902756214141846
7184,candidate_000,cr1000xe_backbone,0.4104,calm,transport,0,0.9970396161079407
7184,candidate_000,cr1000xe_backbone,0.4104,calm,transport,0,1.0045300722122192
7184,candidate_000,cr1000xe_backbone,0.4104,calm,thermal,0,0.5047474503517151
7184,candidate_000,cr1000xe_backbone,0.4104,calm,thermal,0,0.4814593493938446
7184,candidate_000,cr1000xe_backbone,0.4104,particle,thermal,1,0.48183342814445496
7184,candidate_000,cr1000xe_backbone,0.4104,particle,thermal,1,0.47677409648895264
7184,candidate_000,cr1000xe_backbone,0.4104,particle,thermal,1,0.4761267602443695
7184,candidate_000,cr1000xe_backbone,0.4104,particle,thermal,1,0.4845929443836212
7184,candidate_000,cr1000xe_backbone,0.4104,particle,thermal,1,0.7949589490890503
7184,candidate_000,cr1000xe_backbone,0.4104,particle,thermal,1,1.1114846467971802
7184,candidate_000,cr1000xe_backbone,0.4104,particle,thermal,1,1.3854676485061646
7184,candidate_000,cr1000xe_backbone,0.4104,particle,thermal,1,1.6978557109832764
7184,candidate_000,cr1000xe_backbone,0.4104,particle,thermal,1,1.9983876943588257
7184,candidate_000,cr1000xe_backbone,0.4104,particle,thermal,1,2.293689012527466
7184,candidate_000,cr1000xe_backbone,0.4104,particle,thermal,1,2.594642162322998
7184,candidate_000,cr1000xe_backbone,0.4104,particle,thermal,1,2.871168851852417
7184,candidate_000,cr1000xe_backbone,0.4104,particle,transport,1,2.8618216514587402
7184,candidate_000,cr1000xe_backbone,0.4104,particle,transport,1,2.8523969650268555
7184,candidate_000,cr1000xe_backbone,0.4104,particle,transport,1,2.8369131088256836
7184,candidate_000,cr1000xe_backbone,0.4104,particle,transport,1,2.8235483169555664
7184,candidate_000,cr1000xe_backbone,0.4104,particle,transport,1,2.8082973957061768
7184,candidate_000,cr1000xe_backbone,0.4104,particle,transport,1,2.805004835128784
7184,candidate_000,cr1000xe_backbone,0.4104,particle,transport,1,2.8006649017333984
7184,candidate_000,cr1000xe_backbone,0.4104,particle,transport,1,2.799999475479126
7184,candidate_000,cr1000xe_backbone,0.4104,particle,transport,1,2.8032310009002686
7184,candidate_000,cr1000xe_backbone,0.4104,particle,transport,1,2.7991738319396973
7184,candidate_000,cr1000xe_backbone,0.4104,particle,transport,1,2.80552339553833
7184,candidate_000,cr1000xe_backbone,0.4104,particle,transport,1,2.8075270652770996
7184,candidate_000,cr1000xe_backbone,0.4104,particle,transport,1,2.808687448501587
7184,candidate_000,cr1000xe_backbone,0.4104,particle,transport,1,2.807324171066284
7184,candidate_000,cr1000xe_backbone,0.4104,particle,transport,1,2.809561252593994
7184,candidate_000,cr1000xe_backbone,0.4104,particle,transport,1,2.819640874862671
7184,candidate_000,cr1000xe_backbone,0.4104,particle,transport,1,2.820909023284912
7184,candidate_000,cr1000xe_backbone,0.4104,particle,transport,1,2.826467990875244
7184,candidate_000,cr1000xe_backbone,0.4104,particle,transport,1,2.5547871589660645
7184,candidate_000,cr1000xe_backbone,0.4104,particle,transport,1,2.2830650806427
7184,candidate_000,cr1000xe_backbone,0.4104,particle,transport,1,2.0164995193481445
7184,candidate_000,cr1000xe_backbone,0.4104,particle,transport,1,1.739843487739563
7184,candidate_000,cr1000xe_backbone,0.4104,particle,transport,1,1.481608510017395
7184,candidate_000,cr1000xe_backbone,0.4104,particle,transport,1,1.2114582061767578
7184,candidate_000,cr1000xe_backbone,0.4104,particle,transport,1,0.9568832516670227
7184,candidate_000,cr1000xe_backbone,0.4104,particle,transport,1,0.7036693096160889
7184,candidate_000,cr1000xe_backbone,0.4104,particle,particle,1,0.7147136330604553
7184,candidate_000,cr1000xe_backbone,0.4104,particle,particle,1,0.7421810626983643
7184,candidate_000,cr1000xe_backbone,0.4104,particle,particle,1,0.7595366835594177
7184,candidate_000,cr1000xe_backbone,0.4104,particle,particle,1,0.7889059782028198
7184,candidate_000,cr1000xe_backbone,0.4104,particle,particle,1,0.7946774363517761
7184,candidate_000,cr1000xe_backbone,0.4104,particle,particle,1,0.8036805987358093
7184,candidate_000,cr1000xe_backbone,0.4104,particle,particle,1,0.8236933946609497
7184,candidate_000,cr1000xe_backbone,0.4104,particle,particle,1,0.813204288482666
7184,candidate_000,cr1000xe_backbone,0.4104,particle,particle,1,0.8237529993057251
7184,candidate_000,cr1000xe_backbone,0.4104,particle,particle,1,0.8177395462989807
7184,candidate_000,cr1000xe_backbone,0.4104,particle,particle,1,0.8069913387298584
7184,candidate_000,cr1000xe_backbone,0.4104,particle,particle,1,0.805756151676178
7184,candidate_000,cr1000xe_backbone,0.4104,particle,particle,1,0.8077172636985779
7184,candidate_000,cr1000xe_backbone,0.4104,particle,particle,1,0.81181800365448
7184,candidate_000,cr1000xe_backbone,0.4104,particle,particle,1,0.8174247145652771
7184,candidate_000,cr1000xe_backbone,0.4104,particle,particle,1,0.8198379278182983
7184,candidate_000,cr1000xe_backbone,0.4104,particle,particle,1,0.8113720417022705
7184,candidate_000,cr1000xe_backbone,0.4104,calm,particle,0,0.8197208642959595
7184,candidate_000,cr1000xe_backbone,0.4104,calm,thermal,0,0.8288507461547852
7184,candidate_000,cr1000xe_backbone,0.4104,calm,thermal,0,0.8390591740608215
7184,candidate_000,cr1000xe_backbone,0.4104,calm,thermal,0,0.8480933904647827
7184,candidate_000,cr1000xe_backbone,0.4104,calm,thermal,0,0.85413658618927
7184,candidate_000,cr1000xe_backbone,0.4104,calm,thermal,0,0.8572009801864624
7184,candidate_000,cr1000xe_backbone,0.4104,calm,thermal,0,0.9013922214508057
7184,candidate_000,cr1000xe_backbone,0.4104,calm,thermal,0,0.8986702561378479
7184,candidate_000,cr1000xe_backbone,0.4104,calm,thermal,0,0.8638471364974976
7184,candidate_000,cr1000xe_backbone,0.4104,calm,thermal,0,0.8219909071922302
7184,candidate_000,cr1000xe_backbone,0.4104,calm,thermal,0,0.7990286946296692
7184,candidate_000,cr1000xe_backbone,0.4104,calm,thermal,0,0.7608822584152222
7184,candidate_000,cr1000xe_backbone,0.4104,calm,thermal,0,0.7200233340263367
7184,candidate_000,cr1000xe_backbone,0.4104,calm,thermal,0,0.6976681351661682
7184,candidate_000,cr1000xe_backbone,0.4104,flux,thermal,2,0.6094765067100525
7184,candidate_000,cr1000xe_backbone,0.4104,flux,thermal,2,0.9013124108314514
7184,candidate_000,cr1000xe_backbone,0.4104,flux,thermal,2,1.2229653596878052
7184,candidate_000,cr1000xe_backbone,0.4104,flux,thermal,2,1.5398671627044678
7184,candidate_000,cr1000xe_backbone,0.4104,flux,thermal,2,1.8439033031463623
7184,candidate_000,cr1000xe_backbone,0.4104,flux,thermal,2,2.1563665866851807
7184,candidate_000,cr1000xe_backbone,0.4104,flux,thermal,2,2.4712271690368652
7184,candidate_000,cr1000xe_backbone,0.4104,flux,thermal,2,2.769315481185913
7184,candidate_000,cr1000xe_backbone,0.4104,flux,thermal,2,3.0823867321014404
7184,candidate_000,cr1000xe_backbone,0.4104,flux,transport,2,3.0680317878723145
7184,candidate_000,cr1000xe_backbone,0.4104,flux,transport,2,3.052269697189331
7184,candidate_000,cr1000xe_backbone,0.4104,flux,transport,2,3.0339856147766113
7184,candidate_000,cr1000xe_backbone,0.4104,flux,transport,2,3.0177156925201416
7184,candidate_000,cr1000xe_backbone,0.4104,flux,transport,2,2.997055768966675
7184,candidate_000,cr1000xe_backbone,0.4104,flux,transport,2,2.978097677230835
7184,candidate_000,cr1000xe_backbone,0.4104,flux,transport,2,2.9547441005706787
7184,candidate_000,cr1000xe_backbone,0.4104,flux,transport,2,2.9378762245178223
7184,candidate_000,cr1000xe_backbone,0.4104,flux,transport,2,2.9262092113494873
7184,candidate_000,cr1000xe_backbone,0.4104,flux,transport,2,2.9052796363830566
7184,candidate_000,cr1000xe_backbone,0.4104,flux,transport,2,2.887233018875122
7184,candidate_000,cr1000xe_backbone,0.4104,flux,transport,2,2.8705265522003174
7184,candidate_000,cr1000xe_backbone,0.4104,flux,transport,2,2.864171028137207
7184,candidate_000,cr1000xe_backbone,0.4104,flux,transport,2,2.844947099685669
7184,candidate_000,cr1000xe_backbone,0.4104,flux,transport,2,2.5580601692199707
7184,candidate_000,cr1000xe_backbone,0.4104,flux,transport,2,2.2859749794006348
7184,candidate_000,cr1000xe_backbone,0.4104,flux,transport,2,2.021207094192505
7184,candidate_000,cr1000xe_backbone,0.4104,flux,transport,2,1.7573922872543335
7184,candidate_000,cr1000xe_backbone,0.4104,flux,transport,2,1.453899621963501
7184,candidate_000,cr1000xe_backbone,0.4104,flux,transport,2,1.1637449264526367
7184,candidate_000,cr1000xe_backbone,0.4104,flux,transport,2,0.864657998085022
7184,candidate_000,cr1000xe_backbone,0.4104,flux,transport,2,0.5833156704902649
7184,candidate_000,cr1000xe_backbone,0.4104,flux,particle,2,0.5494516491889954
7184,candidate_000,cr1000xe_backbone,0.4104,flux,particle,2,0.5099263787269592
7184,candidate_000,cr1000xe_backbone,0.4104,flux,particle,2,0.4553845524787903
7184,candidate_000,cr1000xe_backbone,0.4104,flux,particle,2,0.4161047339439392
7184,candidate_000,cr1000xe_backbone,0.4104,calm,particle,0,0.4197520613670349
7184,candidate_000,cr1000xe_backbone,0.4104,calm,particle,0,0.4236133396625519
7184,candidate_000,cr1000xe_backbone,0.4104,calm,particle,0,0.43065279722213745
7184,candidate_000,cr1000xe_backbone,0.4104,calm,particle,0,0.43968209624290466
7184,candidate_000,cr1000xe_backbone,0.4104,calm,particle,0,0.48231369256973267
7184,candidate_000,cr1000xe_backbone,0.4104,calm,particle,0,0.5228208303451538
7184,candidate_000,cr1000xe_backbone,0.4104,calm,particle,0,0.5726935267448425
7184,candidate_000,cr1000xe_backbone,0.4104,calm,particle,0,0.6062064170837402
7184,candidate_000,cr1000xe_backbone,0.4104,calm,particle,0,0.6795622110366821
7184,candidate_000,cr1000xe_backbone,0.4104,calm,particle,0,0.7345618009567261
7184,candidate_000,cr1000xe_backbone,0.4104,calm,particle,0,0.8104421496391296
7184,candidate_000,cr1000xe_backbone,0.4104,calm,particle,0,0.8614454865455627
7184,candidate_000,cr1000xe_backbone,0.4104,flux,particle,2,0.8820590972900391
7184,candidate_000,cr1000xe_backbone,0.4104,flux,particle,2,0.8921177387237549
7184,candidate_000,cr1000xe_backbone,0.4104,flux,particle,2,0.9189363121986389
7184,candidate_000,cr1000xe_backbone,0.4104,flux,particle,2,0.927790105342865
7184,candidate_000,cr1000xe_backbone,0.4104,flux,particle,2,0.9210062026977539
7184,candidate_000,cr1000xe_backbone,0.4104,flux,particle,2,0.9322459101676941
7184,candidate_000,cr1000xe_backbone,0.4104,flux,particle,2,0.9314043521881104
7184,candidate_000,cr1000xe_backbone,0.4104,flux,particle,2,0.938942015171051
7184,candidate_000,cr1000xe_backbone,0.4104,flux,particle,2,0.893764853477478
7184,candidate_000,cr1000xe_backbone,0.4104,flux,particle,2,0.8685087561607361
7184,candidate_000,cr1000xe_backbone,0.4104,flux,particle,2,0.8179463148117065
7184,candidate_000,cr1000xe_backbone,0.4104,flux,particle,2,0.7908012270927429
7184,candidate_000,cr1000xe_backbone,0.4104,flux,particle,2,0.7895227074623108
7184,candidate_000,cr1000xe_backbone,0.4104,flux,particle,2,0.7484092712402344
7184,candidate_000,cr1000xe_backbone,0.4104,flux,particle,2,0.746077835559845
7184,candidate_000,cr1000xe_backbone,0.4104,flux,particle,2,0.6903074979782104
7184,candidate_000,cr1000xe_backbone,0.4104,flux,thermal,2,0.6829232573509216
7184,candidate_000,cr1000xe_backbone,0.4104,flux,thermal,2,0.6950046420097351
7184,candidate_000,cr1000xe_backbone,0.4104,flux,thermal,2,0.6899579167366028
7184,candidate_000,cr1000xe_backbone,0.4104,flux,thermal,2,0.6866998076438904
7184,candidate_000,cr1000xe_backbone,0.4104,flux,thermal,2,0.6436066627502441
7184,candidate_000,cr1000xe_backbone,0.4104,flux,thermal,2,0.6326473355293274
7184,candidate_000,cr1000xe_backbone,0.4104,flux,thermal,2,0.5836402177810669
7184,candidate_000,cr1000xe_backbone,0.4104,flux,thermal,2,0.5838383436203003
7184,candidate_000,cr1000xe_backbone,0.4104,flux,thermal,2,0.6111981272697449
7184,candidate_000,cr1000xe_backbone,0.4104,flux,thermal,2,0.6083123683929443
7184,candidate_000,cr1000xe_backbone,0.4104,flux,thermal,2,0.6277720332145691
7184,candidate_000,cr1000xe_backbone,0.4104,flux,thermal,2,0.641625165939331
7184,candidate_000,cr1000xe_backbone,0.4104,flux,thermal,2,0.6659747362136841
7184,candidate_000,cr1000xe_backbone,0.4104,flux,thermal,2,0.6775281429290771
7184,candidate_000,cr1000xe_backbone,0.4104,flux,thermal,2,0.6918737888336182
7184,candidate_000,cr1000xe_backbone,0.4104,flux,thermal,2,0.7031665444374084
7184,candidate_000,cr1000xe_backbone,0.4104,flux,thermal,2,0.6973187327384949
7184,candidate_000,cr1000xe_backbone,0.4104,calm,thermal,0,0.6965934038162231
7184,candidate_000,cr1000xe_backbone,0.4104,calm,thermal,0,0.6944596767425537
7184,candidate_000,cr1000xe_backbone,0.4104,calm,thermal,0,0.6926924586296082
7184,candidate_000,cr1000xe_backbone,0.4104,calm,thermal,0,0.6902104020118713
7184,candidate_000,cr1000xe_backbone,0.4104,calm,thermal,0,0.9814457297325134
7184,candidate_000,cr1000xe_backbone,0.4104,calm,thermal,0,1.2734489440917969
7184,candidate_000,cr1000xe_backbone,0.4104,calm,thermal,0,1.5637632608413696
7184,candidate_000,cr1000xe_backbone,0.4104,calm,thermal,0,1.8517735004425049
7184,candidate_000,cr1000xe_backbone,0.4104,calm,thermal,0,2.1434853076934814
7184,candidate_000,cr1000xe_backbone,0.4104,calm,thermal,0,2.4405171871185303
7184,candidate_000,cr1000xe_backbone,0.4104,calm,thermal,0,2.7327828407287598
7184,candidate_000,cr1000xe_backbone,0.4104,calm,thermal,0,3.0315568447113037
7184,candidate_000,cr1000xe_backbone,0.4104,thermal,transport,3,3.03732967376709
7184,candidate_000,cr1000xe_backbone,0.4104,thermal,transport,3,3.0450851917266846
7184,candidate_000,cr1000xe_backbone,0.4104,thermal,transport,3,3.058232545852661
7184,candidate_000,cr1000xe_backbone,0.4104,thermal,transport,3,3.0626890659332275
7184,candidate_000,cr1000xe_backbone,0.4104,thermal,transport,3,3.0693411827087402
7184,candidate_000,cr1000xe_backbone,0.4104,thermal,transport,3,3.0647146701812744
7184,candidate_000,cr1000xe_backbone,0.4104,thermal,transport,3,3.069013833999634
7184,candidate_000,cr1000xe_backbone,0.4104,thermal,transport,3,3.071991443634033
7184,candidate_000,cr1000xe_backbone,0.4104,thermal,transport,3,3.0768961906433105
7184,candidate_000,cr1000xe_backbone,0.4104,thermal,transport,3,3.0786447525024414
7184,candidate_000,cr1000xe_backbone,0.4104,thermal,transport,3,3.076829671859741
7184,candidate_000,cr1000xe_backbone,0.4104,thermal,transport,3,3.084096670150757
7184,candidate_000,cr1000xe_backbone,0.4104,thermal,transport,3,2.827119827270508
7184,candidate_000,cr1000xe_backbone,0.4104,thermal,transport,3,2.573920965194702
7184,candidate_000,cr1000xe_backbone,0.4104,thermal,transport,3,2.312542676925659
7184,candidate_000,cr1000xe_backbone,0.4104,thermal,transport,3,2.0487425327301025
7184,candidate_000,cr1000xe_backbone,0.4104,thermal,transport,3,1.809049367904663
7184,candidate_000,cr1000xe_backbone,0.4104,thermal,transport,3,1.5573880672454834
7184,candidate_000,cr1000xe_backbone,0.4104,thermal,transport,3,1.3018372058868408
7184,candidate_000,cr1000xe_backbone,0.4104,thermal,transport,3,1.0593650341033936
7184,candidate_000,cr1000xe_backbone,0.4104,thermal,particle,3,1.057090401649475
7184,candidate_000,cr1000xe_backbone,0.4104,thermal,particle,3,1.0330702066421509
7184,candidate_000,cr1000xe_backbone,0.4104,thermal,particle,3,1.0089023113250732
7184,candidate_000,cr1000xe_backbone,0.4104,thermal,particle,3,0.9940154552459717
7184,candidate_000,cr1000xe_backbone,0.4104,thermal,particle,3,0.9673012495040894
7184,candidate_000,cr1000xe_backbone,0.4104,thermal,particle,3,0.9409776926040649
7184,candidate_000,cr1000xe_backbone,0.4104,thermal,particle,3,0.9140130281448364
7184,candidate_000,cr1000xe_backbone,0.4104,thermal,particle,3,0.8729866743087769
7184,candidate_000,cr1000xe_backbone,0.4104,thermal,particle,3,0.8438037633895874
7184,candidate_000,cr1000xe_backbone,0.4104,calm,particle,0,0.8459100723266602
7184,candidate_000,cr1000xe_backbone,0.4104,calm,particle,0,0.845862090587616
7184,candidate_000,cr1000xe_backbone,0.4104,calm,particle,0,0.8422294855117798
7184,candidate_000,cr1000xe_backbone,0.4104,calm,particle,0,0.8362339735031128
7184,candidate_000,cr1000xe_backbone,0.4104,calm,particle,0,0.8290925025939941
7184,candidate_000,cr1000xe_backbone,0.4104,calm,particle,0,0.8216655254364014
7184,candidate_000,cr1000xe_backbone,0.4104,calm,particle,0,0.7796745300292969
7184,candidate_000,cr1000xe_backbone,0.4104,calm,particle,0,0.7376526594161987
7184,candidate_000,cr1000xe_backbone,0.4104,calm,particle,0,0.6957158446311951
7184,candidate_000,cr1000xe_backbone,0.4104,calm,particle,0,0.6526431441307068
7184,candidate_000,cr1000xe_backbone,0.4104,calm,particle,0,0.6232742667198181
7184,candidate_000,cr1000xe_backbone,0.4104,calm,particle,0,0.6053577661514282
7184,candidate_000,cr1000xe_backbone,0.4104,calm,particle,0,0.5718376636505127
7184,candidate_000,cr1000xe_backbone,0.4104,calm,particle,0,0.5400611162185669
7184,candidate_000,cr1000xe_backbone,0.4104,thermal,thermal,3,0.5308700203895569
7184,candidate_000,cr1000xe_backbone,0.4104,thermal,thermal,3,0.5564626455307007
7184,candidate_000,cr1000xe_backbone,0.4104,thermal,thermal,3,0.5522621870040894
7184,candidate_000,cr1000xe_backbone,0.4104,thermal,thermal,3,0.5541049838066101
7184,candidate_000,cr1000xe_backbone,0.4104,thermal,thermal,3,0.5252896547317505
7184,candidate_000,cr1000xe_backbone,0.4104,thermal,thermal,3,0.5108597278594971
7184,candidate_000,cr1000xe_backbone,0.4104,thermal,thermal,3,0.5088158845901489
7184,candidate_000,cr1000xe_backbone,0.4104,thermal,thermal,3,0.49001219868659973
7184,candidate_000,cr1000xe_backbone,0.4104,thermal,thermal,3,0.48433125019073486
7184,candidate_000,cr1000xe_backbone,0.4104,thermal,thermal,3,0.46595731377601624
7184,candidate_000,cr1000xe_backbone,0.4104,thermal,thermal,3,0.45892125368118286
7184,candidate_000,cr1000xe_backbone,0.4104,thermal,thermal,3,0.4616074860095978
7184,candidate_000,cr1000xe_backbone,0.4104,thermal,thermal,3,0.46971967816352844
7184,candidate_000,cr1000xe_backbone,0.4104,thermal,thermal,3,0.46878668665885925
7184,candidate_000,cr1000xe_backbone,0.4104,thermal,thermal,3,0.8068743348121643
7184,candidate_000,cr1000xe_backbone,0.4104,thermal,thermal,3,1.1482501029968262
7184,candidate_000,cr1000xe_backbone,0.4104,thermal,thermal,3,1.4788049459457397
7184,candidate_000,cr1000xe_backbone,0.4104,thermal,thermal,3,1.8156383037567139
7184,candidate_000,cr1000xe_backbone,0.4104,thermal,thermal,3,2.150527238845825
7184,candidate_000,cr1000xe_backbone,0.4104,thermal,thermal,3,2.4814586639404297
7184,candidate_000,cr1000xe_backbone,0.4104,thermal,thermal,3,2.8099000453948975
7184,candidate_000,cr1000xe_backbone,0.4104,thermal,thermal,3,3.1352040767669678
7184,candidate_000,cr1000xe_backbone,0.4104,thermal,transport,3,3.1348912715911865
7184,candidate_000,cr1000xe_backbone,0.4104,thermal,transport,3,3.1252801418304443
7184,candidate_000,cr1000xe_backbone,0.4104,thermal,transport,3,3.121914863586426
7184,candidate_000,cr1000xe_backbone,0.4104,thermal,transport,3,3.124607563018799
7184,candidate_000,cr1000xe_backbone,0.4104,thermal,transport,3,3.1237175464630127
7184,candidate_000,cr1000xe_backbone,0.4104,thermal,transport,3,3.1307787895202637
7184,candidate_000,cr1000xe_backbone,0.4104,thermal,transport,3,3.128347396850586
7184,candidate_000,cr1000xe_backbone,0.4104,thermal,transport,3,3.134580612182617
7184,candidate_000,cr1000xe_backbone,0.4104,thermal,transport,3,3.135713815689087
7184,candidate_000,cr1000xe_backbone,0.4104,thermal,transport,3,3.1420578956604004
7184,candidate_000,cr1000xe_backbone,0.4104,thermal,transport,3,3.151634693145752
7184,candidate_000,cr1000xe_backbone,0.4104,thermal,transport,3,3.156022787094116
7184,candidate_000,cr1000xe_backbone,0.4104,thermal,transport,3,2.8931517601013184
7184,candidate_000,cr1000xe_backbone,0.4104,thermal,transport,3,2.6268608570098877
7184,candidate_000,cr1000xe_backbone,0.4104,thermal,transport,3,2.3732035160064697
7184,candidate_000,cr1000xe_backbone,0.4104,thermal,transport,3,2.119082450866699
7184,candidate_000,cr1000xe_backbone,0.4104,thermal,transport,3,1.8651995658874512
7184,candidate_000,cr1000xe_backbone,0.4104,thermal,transport,3,1.6065070629119873
7184,candidate_000,cr1000xe_backbone,0.4104,thermal,transport,3,1.3531349897384644
7184,candidate_000,cr1000xe_backbone,0.4104,thermal,transport,3,1.0843265056610107
7184,candidate_000,cr1000xe_backbone,0.4104,thermal,particle,3,1.0771703720092773
7184,candidate_000,cr1000xe_backbone,0.4104,thermal,particle,3,1.0839959383010864
7184,candidate_000,cr1000xe_backbone,0.4104,thermal,particle,3,1.0817070007324219
7184,candidate_000,cr1000xe_backbone,0.4104,thermal,particle,3,1.0768243074417114
7184,candidate_000,cr1000xe_backbone,0.4104,thermal,particle,3,1.0573285818099976
7184,candidate_000,cr1000xe_backbone,0.4104,thermal,particle,3,1.018873929977417
7184,candidate_000,cr1000xe_backbone,0.4104,thermal,particle,3,0.9959815144538879
7184,candidate_000,cr1000xe_backbone,0.4104,thermal,particle,3,0.9515449404716492
7184,candidate_001,met_station_core;cr1000xe_backbone,1.1303999999999998,calm,particle,0,0.6632066965103149
7184,candidate_001,met_station_core;cr1000xe_backbone,1.1303999999999998,calm,particle,0,0.5554018616676331
7184,candidate_001,met_station_core;cr1000xe_backbone,1.1303999999999998,calm,particle,0,0.520522952079773
7184,candidate_001,met_station_core;cr1000xe_backbone,1.1303999999999998,calm,particle,0,0.49773386120796204
7184,candidate_001,met_station_core;cr1000xe_backbone,1.1303999999999998,calm,particle,0,0.523990273475647
7184,candidate_001,met_station_core;cr1000xe_backbone,1.1303999999999998,calm,particle,0,0.43484506011009216
7184,candidate_001,met_station_core;cr1000xe_backbone,1.1303999999999998,calm,particle,0,0.36198994517326355
7184,candidate_001,met_station_core;cr1000xe_backbone,1.1303999999999998,calm,particle,0,0.30336397886276245
7184,candidate_001,met_station_core;cr1000xe_backbone,1.1303999999999998,calm,particle,0,0.30072256922721863
7184,candidate_001,met_station_core;cr1000xe_backbone,1.1303999999999998,calm,particle,0,0.25043973326683044
7184,candidate_001,met_station_core;cr1000xe_backbone,1.1303999999999998,calm,particle,0,0.2294234186410904
7184,candidate_001,met_station_core;cr1000xe_backbone,1.1303999999999998,calm,particle,0,0.2273244857788086
7184,candidate_001,met_station_core;cr1000xe_backbone,1.1303999999999998,calm,particle,0,0.22880394756793976
7184,candidate_001,met_station_core;cr1000xe_backbone,1.1303999999999998,calm,particle,0,0.21837784349918365
7184,candidate_001,met_station_core;cr1000xe_backbone,1.1303999999999998,calm,particle,0,0.1991964727640152
7184,candidate_001,met_station_core;cr1000xe_backbone,1.1303999999999998,calm,particle,0,0.21961194276809692
7184,candidate_001,met_station_core;cr1000xe_backbone,1.1303999999999998,calm,particle,0,0.2331787645816803
7184,candidate_001,met_station_core;cr1000xe_backbone,1.1303999999999998,calm,particle,0,0.24566523730754852
7184,candidate_001,met_station_core;cr1000xe_backbone,1.1303999999999998,calm,particle,0,0.2786161005496979
7184,candidate_001,met_station_core;cr1000xe_backbone,1.1303999999999998,calm,particle,0,0.2929380238056183
7184,candidate_001,met_station_core;cr1000xe_backbone,1.1303999999999998,calm,particle,0,0.3725011348724365
7184,candidate_001,met_station_core;cr1000xe_backbone,1.1303999999999998,calm,thermal,0,0.4021047055721283
7184,candidate_001,met_station_core;cr1000xe_backbone,1.1303999999999998,calm,thermal,0,0.45061764121055603
7184,candidate_001,met_station_core;cr1000xe_backbone,1.1303999999999998,calm,thermal,0,0.4759441912174225
7184,candidate_001,met_station_core;cr1000xe_backbone,1.1303999999999998,calm,thermal,0,0.5164241194725037
7184,candidate_001,met_station_core;cr1000xe_backbone,1.1303999999999998,calm,thermal,0,0.5936842560768127
7184,candidate_001,met_station_core;cr1000xe_backbone,1.1303999999999998,calm,thermal,0,0.5620173811912537
7184,candidate_001,met_station_core;cr1000xe_backbone,1.1303999999999998,calm,thermal,0,0.524053156375885
7184,candidate_001,met_station_core;cr1000xe_backbone,1.1303999999999998,calm,thermal,0,0.48429036140441895
7184,candidate_001,met_station_core;cr1000xe_backbone,1.1303999999999998,calm,thermal,0,0.407233327627182
7184,candidate_001,met_station_core;cr1000xe_backbone,1.1303999999999998,calm,thermal,0,0.3473656475543976
7184,candidate_001,met_station_core;cr1000xe_backbone,1.1303999999999998,calm,thermal,0,0.3196471035480499
7184,candidate_001,met_station_core;cr1000xe_backbone,1.1303999999999998,calm,thermal,0,0.3403823673725128
7184,candidate_001,met_station_core;cr1000xe_backbone,1.1303999999999998,calm,thermal,0,0.3148088753223419
7184,candidate_001,met_station_core;cr1000xe_backbone,1.1303999999999998,calm,thermal,0,0.30295586585998535
7184,candidate_001,met_station_core;cr1000xe_backbone,1.1303999999999998,calm,thermal,0,0.29507583379745483
7184,candidate_001,met_station_core;cr1000xe_backbone,1.1303999999999998,calm,thermal,0,0.32144105434417725
7184,candidate_001,met_station_core;cr1000xe_backbone,1.1303999999999998,calm,thermal,0,0.36782243847846985
7184,candidate_001,met_station_core;cr1000xe_backbone,1.1303999999999998,calm,thermal,0,0.37119758129119873
7184,candidate_001,met_station_core;cr1000xe_backbone,1.1303999999999998,calm,thermal,0,0.37630751729011536
7184,candidate_001,met_station_core;cr1000xe_backbone,1.1303999999999998,calm,thermal,0,0.34123659133911133
7184,candidate_001,met_station_core;cr1000xe_backbone,1.1303999999999998,calm,thermal,0,0.310375452041626
7184,candidate_001,met_station_core;cr1000xe_backbone,1.1303999999999998,calm,thermal,0,0.34194815158843994
7184,candidate_001,met_station_core;cr1000xe_backbone,1.1303999999999998,calm,thermal,0,0.34758323431015015
7184,candidate_001,met_station_core;cr1000xe_backbone,1.1303999999999998,calm,thermal,0,0.35476306080818176
7184,candidate_001,met_station_core;cr1000xe_backbone,1.1303999999999998,calm,thermal,0,0.37516018748283386
7184,candidate_001,met_station_core;cr1000xe_backbone,1.1303999999999998,calm,thermal,0,0.41193127632141113
7184,candidate_001,met_station_core;cr1000xe_backbone,1.1303999999999998,calm,thermal,0,0.42954570055007935
7184,candidate_001,met_station_core;cr1000xe_backbone,1.1303999999999998,calm,thermal,0,0.4946381151676178
7184,candidate_001,met_station_core;cr1000xe_backbone,1.1303999999999998,calm,thermal,0,0.49835914373397827
7184,candidate_001,met_station_core;cr1000xe_backbone,1.1303999999999998,calm,thermal,0,0.464427649974823
7184,candidate_001,met_station_core;cr1000xe_backbone,1.1303999999999998,calm,thermal,0,0.4104410707950592
7184,candidate_001,met_station_core;cr1000xe_backbone,1.1303999999999998,calm,thermal,0,0.4096662104129791
7184,candidate_001,met_station_core;cr1000xe_backbone,1.1303999999999998,calm,thermal,0,0.3980224132537842
7184,candidate_001,met_station_core;cr1000xe_backbone,1.1303999999999998,calm,transport,0,0.3469865918159485
7184,candidate_001,met_station_core;cr1000xe_backbone,1.1303999999999998,calm,transport,0,0.29623743891716003
7184,candidate_001,met_station_core;cr1000xe_backbone,1.1303999999999998,calm,transport,0,0.3165793716907501
7184,candidate_001,met_station_core;cr1000xe_backbone,1.1303999999999998,calm,transport,0,0.2767256200313568
7184,candidate_001,met_station_core;cr1000xe_backbone,1.1303999999999998,calm,transport,0,0.3315151333808899
7184,candidate_001,met_station_core;cr1000xe_backbone,1.1303999999999998,calm,transport,0,0.3046604096889496
7184,candidate_001,met_station_core;cr1000xe_backbone,1.1303999999999998,calm,transport,0,0.32337114214897156
7184,candidate_001,met_station_core;cr1000xe_backbone,1.1303999999999998,calm,transport,0,0.32890385389328003
7184,candidate_001,met_station_core;cr1000xe_backbone,1.1303999999999998,calm,transport,0,0.30972734093666077
7184,candidate_001,met_station_core;cr1000xe_backbone,1.1303999999999998,calm,transport,0,0.2982117235660553
7184,candidate_001,met_station_core;cr1000xe_backbone,1.1303999999999998,calm,transport,0,0.27576959133148193
7184,candidate_001,met_station_core;cr1000xe_backbone,1.1303999999999998,calm,transport,0,0.2863081991672516
7184,candidate_001,met_station_core;cr1000xe_backbone,1.1303999999999998,calm,transport,0,0.3004283308982849
7184,candidate_001,met_station_core;cr1000xe_backbone,1.1303999999999998,calm,transport,0,0.34235310554504395
7184,candidate_001,met_station_core;cr1000xe_backbone,1.1303999999999998,calm,transport,0,0.4744195342063904
7184,candidate_001,met_station_core;cr1000xe_backbone,1.1303999999999998,calm,transport,0,0.4881066083908081
7184,candidate_001,met_station_core;cr1000xe_backbone,1.1303999999999998,calm,transport,0,0.5359371304512024
7184,candidate_001,met_station_core;cr1000xe_backbone,1.1303999999999998,calm,transport,0,0.5059298276901245
7184,candidate_001,met_station_core;cr1000xe_backbone,1.1303999999999998,calm,transport,0,0.6057989597320557
7184,candidate_001,met_station_core;cr1000xe_backbone,1.1303999999999998,calm,transport,0,0.5427078604698181
7184,candidate_001,met_station_core;cr1000xe_backbone,1.1303999999999998,calm,transport,0,0.523374080657959
7184,candidate_001,met_station_core;cr1000xe_backbone,1.1303999999999998,calm,transport,0,0.46963632106781006
7184,candidate_001,met_station_core;cr1000xe_backbone,1.1303999999999998,calm,transport,0,0.46258673071861267
7184,candidate_001,met_station_core;cr1000xe_backbone,1.1303999999999998,calm,transport,0,0.4759548604488373
7184,candidate_001,met_station_core;cr1000xe_backbone,1.1303999999999998,calm,transport,0,0.4540175199508667
7184,candidate_001,met_station_core;cr1000xe_backbone,1.1303999999999998,calm,transport,0,0.4174283444881439
7184,candidate_001,met_station_core;cr1000xe_backbone,1.1303999999999998,calm,transport,0,0.3594277799129486
7184,candidate_001,met_station_core;cr1000xe_backbone,1.1303999999999998,calm,transport,0,0.33342915773391724
7184,candidate_001,met_station_core;cr1000xe_backbone,1.1303999999999998,calm,transport,0,0.2980581223964691
7184,candidate_001,met_station_core;cr1000xe_backbone,1.1303999999999998,calm,transport,0,0.3588407039642334
7184,candidate_001,met_station_core;cr1000xe_backbone,1.1303999999999998,calm,transport,0,0.3422538936138153
7184,candidate_001,met_station_core;cr1000xe_backbone,1.1303999999999998,calm,transport,0,0.38776180148124695
7184,candidate_001,met_station_core;cr1000xe_backbone,1.1303999999999998,calm,transport,0,0.3570374548435211
7184,candidate_001,met_station_core;cr1000xe_backbone,1.1303999999999998,calm,transport,0,0.36384695768356323
7184,candidate_001,met_station_core;cr1000xe_backbone,1.1303999999999998,calm,transport,0,0.3811209499835968
7184,candidate_001,met_station_core;cr1000xe_backbone,1.1303999999999998,calm,transport,0,0.39484989643096924
7184,candidate_001,met_station_core;cr1000xe_backbone,1.1303999999999998,calm,particle,0,0.36253657937049866
7184,candidate_001,met_station_core;cr1000xe_backbone,1.1303999999999998,calm,particle,0,0.34414419531822205
7184,candidate_001,met_station_core;cr1000xe_backbone,1.1303999999999998,calm,particle,0,0.3853101134300232
7184,candidate_001,met_station_core;cr1000xe_backbone,1.1303999999999998,calm,particle,0,0.36361971497535706
7184,candidate_001,met_station_core;cr1000xe_backbone,1.1303999999999998,calm,particle,0,0.35585662722587585
7184,candidate_001,met_station_core;cr1000xe_backbone,1.1303999999999998,calm,particle,0,0.3671906292438507
7184,candidate_001,met_station_core;cr1000xe_backbone,1.1303999999999998,calm,particle,0,0.4045678973197937
7184,candidate_001,met_station_core;cr1000xe_backbone,1.1303999999999998,calm,particle,0,0.4382455050945282
7184,candidate_001,met_station_core;cr1000xe_backbone,1.1303999999999998,calm,particle,0,0.42494118213653564
7184,candidate_001,met_station_core;cr1000xe_backbone,1.1303999999999998,calm,particle,0,0.445525199174881
7184,candidate_001,met_station_core;cr1000xe_backbone,1.1303999999999998,calm,particle,0,0.3684578537940979
7184,candidate_001,met_station_core;cr1000xe_backbone,1.1303999999999998,calm,particle,0,0.3839503824710846
7184,candidate_001,met_station_core;cr1000xe_backbone,1.1303999999999998,calm,particle,0,0.33973222970962524
7184,candidate_001,met_station_core;cr1000xe_backbone,1.1303999999999998,calm,particle,0,0.3413741886615753
7184,candidate_001,met_station_core;cr1000xe_backbone,1.1303999999999998,calm,particle,0,0.31401312351226807
7184,candidate_001,met_station_core;cr1000xe_backbone,1.1303999999999998,calm,particle,0,0.3677970767021179
7184,candidate_001,met_station_core;cr1000xe_backbone,1.1303999999999998,calm,particle,0,0.33376893401145935
7184,candidate_001,met_station_core;cr1000xe_backbone,1.1303999999999998,calm,particle,0,0.3612704575061798
7184,candidate_001,met_station_core;cr1000xe_backbone,1.1303999999999998,calm,particle,0,0.32124727964401245
7184,candidate_001,met_station_core;cr1000xe_backbone,1.1303999999999998,calm,particle,0,0.31365492939949036
7184,candidate_001,met_station_core;cr1000xe_backbone,1.1303999999999998,calm,particle,0,0.3080154061317444
7184,candidate_001,met_station_core;cr1000xe_backbone,1.1303999999999998,calm,particle,0,0.2883492112159729
7184,candidate_001,met_station_core;cr1000xe_backbone,1.1303999999999998,calm,particle,0,0.2649964392185211
7184,candidate_001,met_station_core;cr1000xe_backbone,1.1303999999999998,calm,particle,0,0.27221688628196716
7184,candidate_001,met_station_core;cr1000xe_backbone,1.1303999999999998,calm,particle,0,0.2746787369251251
7184,candidate_001,met_station_core;cr1000xe_backbone,1.1303999999999998,calm,particle,0,0.30956387519836426
7184,candidate_001,met_station_core;cr1000xe_backbone,1.1303999999999998,calm,particle,0,0.30307286977767944
7184,candidate_001,met_station_core;cr1000xe_backbone,1.1303999999999998,calm,particle,0,0.3481290936470032
7184,candidate_001,met_station_core;cr1000xe_backbone,1.1303999999999998,calm,particle,0,0.37489035725593567
7184,candidate_001,met_station_core;cr1000xe_backbone,1.1303999999999998,calm,particle,0,0.40661460161209106
7184,candidate_001,met_station_core;cr1000xe_backbone,1.1303999999999998,calm,particle,0,0.4313771724700928
7184,candidate_001,met_station_core;cr1000xe_backbone,1.1303999999999998,calm,particle,0,0.445746511220932
7184,candidate_001,met_station_core;cr1000xe_backbone,1.1303999999999998,calm,particle,0,0.41473835706710815
7184,candidate_001,met_station_core;cr1000xe_backbone,1.1303999999999998,calm,particle,0,0.40269410610198975
7184,candidate_001,met_station_core;cr1000xe_backbone,1.1303999999999998,calm,thermal,0,0.3532309830188751
7184,candidate_001,met_station_core;cr1000xe_backbone,1.1303999999999998,calm,thermal,0,0.33006781339645386
7184,candidate_001,met_station_core;cr1000xe_backbone,1.1303999999999998,calm,thermal,0,0.27678802609443665
7184,candidate_001,met_station_core;cr1000xe_backbone,1.1303999999999998,calm,thermal,0,0.2595570981502533
7184,candidate_001,met_station_core;cr1000xe_backbone,1.1303999999999998,calm,thermal,0,0.25035056471824646
7184,candidate_001,met_station_core;cr1000xe_backbone,1.1303999999999998,calm,thermal,0,0.24260824918746948
7184,candidate_001,met_station_core;cr1000xe_backbone,1.1303999999999998,calm,thermal,0,0.23363110423088074
7184,candidate_001,met_station_core;cr1000xe_backbone,1.1303999999999998,calm,thermal,0,0.2518627643585205
7184,candidate_001,met_station_core;cr1000xe_backbone,1.1303999999999998,calm,thermal,0,0.24245533347129822
7184,candidate_001,met_station_core;cr1000xe_backbone,1.1303999999999998,calm,thermal,0,0.2529771029949188
7184,candidate_001,met_station_core;cr1000xe_backbone,1.1303999999999998,calm,thermal,0,0.22395038604736328
7184,candidate_001,met_station_core;cr1000xe_backbone,1.1303999999999998,calm,thermal,0,0.23976600170135498
7184,candidate_001,met_station_core;cr1000xe_backbone,1.1303999999999998,calm,thermal,0,0.23342978954315186
7184,candidate_001,met_station_core;cr1000xe_backbone,1.1303999999999998,calm,thermal,0,0.25627321004867554
7184,candidate_001,met_station_core;cr1000xe_backbone,1.1303999999999998,calm,thermal,0,0.2812877595424652
7184,candidate_001,met_station_core;cr1000xe_backbone,1.1303999999999998,calm,thermal,0,0.29625242948532104
7184,candidate_001,met_station_core;cr1000xe_backbone,1.1303999999999998,calm,thermal,0,0.30134567618370056
7184,candidate_001,met_station_core;cr1000xe_backbone,1.1303999999999998,calm,thermal,0,0.32519349455833435
7184,candidate_001,met_station_core;cr1000xe_backbone,1.1303999999999998,calm,thermal,0,0.36234042048454285
7184,candidate_001,met_station_core;cr1000xe_backbone,1.1303999999999998,calm,thermal,0,0.4261707663536072
7184,candidate_001,met_station_core;cr1000xe_backbone,1.1303999999999998,calm,thermal,0,0.3945523798465729
7184,candidate_001,met_station_core;cr1000xe_backbone,1.1303999999999998,calm,thermal,0,0.392153263092041
7184,candidate_001,met_station_core;cr1000xe_backbone,1.1303999999999998,calm,thermal,0,0.3797958195209503
7184,candidate_001,met_station_core;cr1000xe_backbone,1.1303999999999998,calm,thermal,0,0.35400649905204773
7184,candidate_001,met_station_core;cr1000xe_backbone,1.1303999999999998,calm,thermal,0,0.3453226089477539
7184,candidate_001,met_station_core;cr1000xe_backbone,1.1303999999999998,calm,thermal,0,0.34995540976524353
7184,candidate_001,met_station_core;cr1000xe_backbone,1.1303999999999998,calm,transport,0,0.31398358941078186
7184,candidate_001,met_station_core;cr1000xe_backbone,1.1303999999999998,calm,transport,0,0.2792595624923706
7184,candidate_001,met_station_core;cr1000xe_backbone,1.1303999999999998,calm,transport,0,0.2807515263557434
7184,candidate_001,met_station_core;cr1000xe_backbone,1.1303999999999998,calm,transport,0,0.3042481541633606
7184,candidate_001,met_station_core;cr1000xe_backbone,1.1303999999999998,calm,transport,0,0.2862551212310791
7184,candidate_001,met_station_core;cr1000xe_backbone,1.1303999999999998,calm,transport,0,0.3488903343677521
7184,candidate_001,met_station_core;cr1000xe_backbone,1.1303999999999998,calm,transport,0,0.38354766368865967
7184,candidate_001,met_station_core;cr1000xe_backbone,1.1303999999999998,calm,transport,0,0.38607391715049744
7184,candidate_001,met_station_core;cr1000xe_backbone,1.1303999999999998,calm,transport,0,0.38650503754615784
7184,candidate_001,met_station_core;cr1000xe_backbone,1.1303999999999998,calm,transport,0,0.3909090757369995
7184,candidate_001,met_station_core;cr1000xe_backbone,1.1303999999999998,calm,transport,0,0.3729391098022461
7184,candidate_001,met_station_core;cr1000xe_backbone,1.1303999999999998,calm,transport,0,0.376386821269989
7184,candidate_001,met_station_core;cr1000xe_backbone,1.1303999999999998,calm,transport,0,0.3582499921321869
7184,candidate_001,met_station_core;cr1000xe_backbone,1.1303999999999998,calm,transport,0,0.35130709409713745
7184,candidate_001,met_station_core;cr1000xe_backbone,1.1303999999999998,calm,transport,0,0.37633490562438965
7184,candidate_001,met_station_core;cr1000xe_backbone,1.1303999999999998,calm,transport,0,0.41653427481651306
7184,candidate_001,met_station_core;cr1000xe_backbone,1.1303999999999998,calm,transport,0,0.47464805841445923
7184,candidate_001,met_station_core;cr1000xe_backbone,1.1303999999999998,calm,transport,0,0.514704167842865
7184,candidate_001,met_station_core;cr1000xe_backbone,1.1303999999999998,calm,transport,0,0.5376140475273132
7184,candidate_001,met_station_core;cr1000xe_backbone,1.1303999999999998,calm,transport,0,0.5328541398048401
7184,candidate_001,met_station_core;cr1000xe_backbone,1.1303999999999998,calm,transport,0,0.5011112093925476
7184,candidate_001,met_station_core;cr1000xe_backbone,1.1303999999999998,calm,transport,0,0.4658730626106262
7184,candidate_001,met_station_core;cr1000xe_backbone,1.1303999999999998,calm,transport,0,0.41070759296417236
7184,candidate_001,met_station_core;cr1000xe_backbone,1.1303999999999998,calm,transport,0,0.3638281226158142
7184,candidate_001,met_station_core;cr1000xe_backbone,1.1303999999999998,calm,transport,0,0.3392486274242401
7184,candidate_001,met_station_core;cr1000xe_backbone,1.1303999999999998,calm,particle,0,0.3422970175743103
7184,candidate_001,met_station_core;cr1000xe_backbone,1.1303999999999998,calm,particle,0,0.31820738315582275
7184,candidate_001,met_station_core;cr1000xe_backbone,1.1303999999999998,calm,particle,0,0.2899457514286041
7184,candidate_001,met_station_core;cr1000xe_backbone,1.1303999999999998,calm,particle,0,0.302001953125
7184,candidate_001,met_station_core;cr1000xe_backbone,1.1303999999999998,calm,particle,0,0.32550081610679626
7184,candidate_001,met_station_core;cr1000xe_backbone,1.1303999999999998,calm,particle,0,0.3381884694099426
7184,candidate_001,met_station_core;cr1000xe_backbone,1.1303999999999998,calm,particle,0,0.395659476518631
7184,candidate_001,met_station_core;cr1000xe_backbone,1.1303999999999998,calm,particle,0,0.4296102821826935
7184,candidate_001,met_station_core;cr1000xe_backbone,1.1303999999999998,calm,particle,0,0.4482145607471466
7184,candidate_001,met_station_core;cr1000xe_backbone,1.1303999999999998,calm,particle,0,0.45508766174316406
7184,candidate_001,met_station_core;cr1000xe_backbone,1.1303999999999998,calm,particle,0,0.44804924726486206
7184,candidate_001,met_station_core;cr1000xe_backbone,1.1303999999999998,calm,particle,0,0.4695834815502167
7184,candidate_001,met_station_core;cr1000xe_backbone,1.1303999999999998,calm,particle,0,0.4714336097240448
7184,candidate_001,met_station_core;cr1000xe_backbone,1.1303999999999998,calm,particle,0,0.5295949578285217
7184,candidate_001,met_station_core;cr1000xe_backbone,1.1303999999999998,calm,particle,0,0.5678954124450684
7184,candidate_001,met_station_core;cr1000xe_backbone,1.1303999999999998,calm,particle,0,0.6389747262001038
7184,candidate_001,met_station_core;cr1000xe_backbone,1.1303999999999998,calm,particle,0,0.6702665686607361
7184,candidate_001,met_station_core;cr1000xe_backbone,1.1303999999999998,calm,particle,0,0.6646875143051147
7184,candidate_001,met_station_core;cr1000xe_backbone,1.1303999999999998,calm,particle,0,0.7300112843513489
7184,candidate_001,met_station_core;cr1000xe_backbone,1.1303999999999998,calm,particle,0,0.7183318734169006
7184,candidate_001,met_station_core;cr1000xe_backbone,1.1303999999999998,calm,particle,0,0.6539621949195862
7184,candidate_001,met_station_core;cr1000xe_backbone,1.1303999999999998,calm,particle,0,0.639464259147644
7184,candidate_001,met_station_core;cr1000xe_backbone,1.1303999999999998,calm,particle,0,0.6222526431083679
7184,candidate_001,met_station_core;cr1000xe_backbone,1.1303999999999998,calm,particle,0,0.6478274464607239
7184,candidate_001,met_station_core;cr1000xe_backbone,1.1303999999999998,calm,particle,0,0.7021673321723938
7184,candidate_001,met_station_core;cr1000xe_backbone,1.1303999999999998,calm,particle,0,0.731031060218811
7184,candidate_001,met_station_core;cr1000xe_backbone,1.1303999999999998,calm,particle,0,0.6879422664642334
7184,candidate_001,met_station_core;cr1000xe_backbone,1.1303999999999998,calm,particle,0,0.6457864046096802
7184,candidate_001,met_station_core;cr1000xe_backbone,1.1303999999999998,calm,particle,0,0.6755805015563965
7184,candidate_001,met_station_core;cr1000xe_backbone,1.1303999999999998,calm,particle,0,0.7472993731498718
7184,candidate_001,met_station_core;cr1000xe_backbone,1.1303999999999998,calm,particle,0,0.8972219824790955
7184,candidate_001,met_station_core;cr1000xe_backbone,1.1303999999999998,calm,particle,0,0.8924573659896851
7184,candidate_001,met_station_core;cr1000xe_backbone,1.1303999999999998,calm,thermal,0,1.0259164571762085
7184,candidate_001,met_station_core;cr1000xe_backbone,1.1303999999999998,calm,thermal,0,0.9725998044013977
7184,candidate_001,met_station_core;cr1000xe_backbone,1.1303999999999998,calm,thermal,0,0.960756778717041
7184,candidate_001,met_station_core;cr1000xe_backbone,1.1303999999999998,calm,thermal,0,0.9212601184844971
7184,candidate_001,met_station_core;cr1000xe_backbone,1.1303999999999998,calm,thermal,0,0.805101752281189
7184,candidate_001,met_station_core;cr1000xe_backbone,1.1303999999999998,calm,thermal,0,0.898051381111145
7184,candidate_001,met_station_core;cr1000xe_backbone,1.1303999999999998,calm,thermal,0,0.8905918598175049
7184,candidate_001,met_station_core;cr1000xe_backbone,1.1303999999999998,calm,thermal,0,1.0201390981674194
7184,candidate_001,met_station_core;cr1000xe_backbone,1.1303999999999998,calm,thermal,0,1.0944201946258545
7184,candidate_001,met_station_core;cr1000xe_backbone,1.1303999999999998,calm,thermal,0,1.0803853273391724
7184,candidate_001,met_station_core;cr1000xe_backbone,1.1303999999999998,calm,thermal,0,1.081045150756836
7184,candidate_001,met_station_core;cr1000xe_backbone,1.1303999999999998,calm,thermal,0,0.9683724641799927
7184,candidate_001,met_station_core;cr1000xe_backbone,1.1303999999999998,calm,thermal,0,0.9508169293403625
7184,candidate_001,met_station_core;cr1000xe_backbone,1.1303999999999998,calm,thermal,0,0.8775526881217957
7184,candidate_001,met_station_core;cr1000xe_backbone,1.1303999999999998,calm,thermal,0,0.7335678339004517
7184,candidate_001,met_station_core;cr1000xe_backbone,1.1303999999999998,calm,thermal,0,0.7611485719680786
7184,candidate_001,met_station_core;cr1000xe_backbone,1.1303999999999998,calm,thermal,0,0.6611871123313904
7184,candidate_001,met_station_core;cr1000xe_backbone,1.1303999999999998,calm,thermal,0,0.716863751411438
7184,candidate_001,met_station_core;cr1000xe_backbone,1.1303999999999998,calm,thermal,0,0.6902841925621033
7184,candidate_001,met_station_core;cr1000xe_backbone,1.1303999999999998,calm,thermal,0,0.7738050818443298
7184,candidate_001,met_station_core;cr1000xe_backbone,1.1303999999999998,calm,thermal,0,0.7863044738769531
7184,candidate_001,met_station_core;cr1000xe_backbone,1.1303999999999998,calm,transport,0,0.8332617282867432
7184,candidate_001,met_station_core;cr1000xe_backbone,1.1303999999999998,calm,transport,0,0.7753679156303406
7184,candidate_001,met_station_core;cr1000xe_backbone,1.1303999999999998,calm,transport,0,0.7590748071670532
7184,candidate_001,met_station_core;cr1000xe_backbone,1.1303999999999998,calm,transport,0,0.7002689242362976
7184,candidate_001,met_station_core;cr1000xe_backbone,1.1303999999999998,calm,transport,0,0.7083677649497986
7184,candidate_001,met_station_core;cr1000xe_backbone,1.1303999999999998,calm,transport,0,0.6872308254241943
7184,candidate_001,met_station_core;cr1000xe_backbone,1.1303999999999998,calm,transport,0,0.6643854379653931
7184,candidate_001,met_station_core;cr1000xe_backbone,1.1303999999999998,calm,transport,0,0.6803488731384277
7184,candidate_001,met_station_core;cr1000xe_backbone,1.1303999999999998,calm,transport,0,0.6552794575691223
7184,candidate_001,met_station_core;cr1000xe_backbone,1.1303999999999998,calm,transport,0,0.662692129611969
7184,candidate_001,met_station_core;cr1000xe_backbone,1.1303999999999998,calm,transport,0,0.6402845978736877
7184,candidate_001,met_station_core;cr1000xe_backbone,1.1303999999999998,calm,transport,0,0.6497930288314819
7184,candidate_001,met_station_core;cr1000xe_backbone,1.1303999999999998,calm,transport,0,0.6794193983078003
7184,candidate_001,met_station_core;cr1000xe_backbone,1.1303999999999998,calm,transport,0,0.7159501910209656
7184,candidate_001,met_station_core;cr1000xe_backbone,1.1303999999999998,calm,transport,0,0.7344526052474976
7184,candidate_001,met_station_core;cr1000xe_backbone,1.1303999999999998,calm,transport,0,0.745604932308197
7184,candidate_001,met_station_core;cr1000xe_backbone,1.1303999999999998,calm,transport,0,0.7707832455635071
7184,candidate_001,met_station_core;cr1000xe_backbone,1.1303999999999998,calm,transport,0,0.823165237903595
7184,candidate_001,met_station_core;cr1000xe_backbone,1.1303999999999998,calm,transport,0,0.7799987196922302
7184,candidate_001,met_station_core;cr1000xe_backbone,1.1303999999999998,calm,transport,0,0.7611327171325684
7184,candidate_001,met_station_core;cr1000xe_backbone,1.1303999999999998,calm,transport,0,0.6423265337944031
7184,candidate_001,met_station_core;cr1000xe_backbone,1.1303999999999998,calm,transport,0,0.5734094381332397
7184,candidate_001,met_station_core;cr1000xe_backbone,1.1303999999999998,calm,transport,0,0.5043627023696899
7184,candidate_001,met_station_core;cr1000xe_backbone,1.1303999999999998,calm,transport,0,0.48940399289131165
7184,candidate_001,met_station_core;cr1000xe_backbone,1.1303999999999998,calm,transport,0,0.48322778940200806
7184,candidate_001,met_station_core;cr1000xe_backbone,1.1303999999999998,calm,transport,0,0.47828206419944763
7184,candidate_001,met_station_core;cr1000xe_backbone,1.1303999999999998,calm,transport,0,0.532740592956543
7184,candidate_001,met_station_core;cr1000xe_backbone,1.1303999999999998,calm,transport,0,0.47823503613471985
7184,candidate_001,met_station_core;cr1000xe_backbone,1.1303999999999998,calm,thermal,0,0.38468584418296814
7184,candidate_001,met_station_core;cr1000xe_backbone,1.1303999999999998,calm,thermal,0,0.32392171025276184
7184,candidate_001,met_station_core;cr1000xe_backbone,1.1303999999999998,particle,thermal,1,0.3845851719379425
7184,candidate_001,met_station_core;cr1000xe_backbone,1.1303999999999998,particle,thermal,1,0.3667396306991577
7184,candidate_001,met_station_core;cr1000xe_backbone,1.1303999999999998,particle,thermal,1,0.3974972367286682
7184,candidate_001,met_station_core;cr1000xe_backbone,1.1303999999999998,particle,thermal,1,0.3946622908115387
7184,candidate_001,met_station_core;cr1000xe_backbone,1.1303999999999998,particle,thermal,1,0.7073048949241638
7184,candidate_001,met_station_core;cr1000xe_backbone,1.1303999999999998,particle,thermal,1,0.9579734206199646
7184,candidate_001,met_station_core;cr1000xe_backbone,1.1303999999999998,particle,thermal,1,1.5883034467697144
7184,candidate_001,met_station_core;cr1000xe_backbone,1.1303999999999998,particle,thermal,1,1.7098885774612427
7184,candidate_001,met_station_core;cr1000xe_backbone,1.1303999999999998,particle,thermal,1,2.0900092124938965
7184,candidate_001,met_station_core;cr1000xe_backbone,1.1303999999999998,particle,thermal,1,2.23117733001709
7184,candidate_001,met_station_core;cr1000xe_backbone,1.1303999999999998,particle,thermal,1,2.656698703765869
7184,candidate_001,met_station_core;cr1000xe_backbone,1.1303999999999998,particle,thermal,1,2.831904649734497
7184,candidate_001,met_station_core;cr1000xe_backbone,1.1303999999999998,particle,transport,1,2.800718307495117
7184,candidate_001,met_station_core;cr1000xe_backbone,1.1303999999999998,particle,transport,1,2.7049143314361572
7184,candidate_001,met_station_core;cr1000xe_backbone,1.1303999999999998,particle,transport,1,2.6530234813690186
7184,candidate_001,met_station_core;cr1000xe_backbone,1.1303999999999998,particle,transport,1,2.7273099422454834
7184,candidate_001,met_station_core;cr1000xe_backbone,1.1303999999999998,particle,transport,1,2.670330047607422
7184,candidate_001,met_station_core;cr1000xe_backbone,1.1303999999999998,particle,transport,1,2.6490190029144287
7184,candidate_001,met_station_core;cr1000xe_backbone,1.1303999999999998,particle,transport,1,2.607546806335449
7184,candidate_001,met_station_core;cr1000xe_backbone,1.1303999999999998,particle,transport,1,2.6241185665130615
7184,candidate_001,met_station_core;cr1000xe_backbone,1.1303999999999998,particle,transport,1,2.6367039680480957
7184,candidate_001,met_station_core;cr1000xe_backbone,1.1303999999999998,particle,transport,1,2.6088476181030273
7184,candidate_001,met_station_core;cr1000xe_backbone,1.1303999999999998,particle,transport,1,2.604421377182007
7184,candidate_001,met_station_core;cr1000xe_backbone,1.1303999999999998,particle,transport,1,2.6276493072509766
7184,candidate_001,met_station_core;cr1000xe_backbone,1.1303999999999998,particle,transport,1,2.5943899154663086
7184,candidate_001,met_station_core;cr1000xe_backbone,1.1303999999999998,particle,transport,1,2.5829620361328125
7184,candidate_001,met_station_core;cr1000xe_backbone,1.1303999999999998,particle,transport,1,2.5537123680114746
7184,candidate_001,met_station_core;cr1000xe_backbone,1.1303999999999998,particle,transport,1,2.546570062637329
7184,candidate_001,met_station_core;cr1000xe_backbone,1.1303999999999998,particle,transport,1,2.576630115509033
7184,candidate_001,met_station_core;cr1000xe_backbone,1.1303999999999998,particle,transport,1,2.5384082794189453
7184,candidate_001,met_station_core;cr1000xe_backbone,1.1303999999999998,particle,transport,1,2.320791482925415
7184,candidate_001,met_station_core;cr1000xe_backbone,1.1303999999999998,particle,transport,1,2.1104915142059326
7184,candidate_001,met_station_core;cr1000xe_backbone,1.1303999999999998,particle,transport,1,1.8706023693084717
7184,candidate_001,met_station_core;cr1000xe_backbone,1.1303999999999998,particle,transport,1,1.6331478357315063
7184,candidate_001,met_station_core;cr1000xe_backbone,1.1303999999999998,particle,transport,1,1.3777618408203125
7184,candidate_001,met_station_core;cr1000xe_backbone,1.1303999999999998,particle,transport,1,1.149245262145996
7184,candidate_001,met_station_core;cr1000xe_backbone,1.1303999999999998,particle,transport,1,0.9126020669937134
7184,candidate_001,met_station_core;cr1000xe_backbone,1.1303999999999998,particle,transport,1,0.7313599586486816
7184,candidate_001,met_station_core;cr1000xe_backbone,1.1303999999999998,particle,particle,1,0.6964407563209534
7184,candidate_001,met_station_core;cr1000xe_backbone,1.1303999999999998,particle,particle,1,0.7208620309829712
7184,candidate_001,met_station_core;cr1000xe_backbone,1.1303999999999998,particle,particle,1,0.6775690913200378
7184,candidate_001,met_station_core;cr1000xe_backbone,1.1303999999999998,particle,particle,1,0.6768686771392822
7184,candidate_001,met_station_core;cr1000xe_backbone,1.1303999999999998,particle,particle,1,0.6906369924545288
7184,candidate_001,met_station_core;cr1000xe_backbone,1.1303999999999998,particle,particle,1,0.6232773065567017
7184,candidate_001,met_station_core;cr1000xe_backbone,1.1303999999999998,particle,particle,1,0.6105539798736572
7184,candidate_001,met_station_core;cr1000xe_backbone,1.1303999999999998,particle,particle,1,0.632836639881134
7184,candidate_001,met_station_core;cr1000xe_backbone,1.1303999999999998,particle,particle,1,0.5694100856781006
7184,candidate_001,met_station_core;cr1000xe_backbone,1.1303999999999998,particle,particle,1,0.6536679267883301
7184,candidate_001,met_station_core;cr1000xe_backbone,1.1303999999999998,particle,particle,1,0.6349884271621704
7184,candidate_001,met_station_core;cr1000xe_backbone,1.1303999999999998,particle,particle,1,0.5506519079208374
7184,candidate_001,met_station_core;cr1000xe_backbone,1.1303999999999998,particle,particle,1,0.5248633623123169
7184,candidate_001,met_station_core;cr1000xe_backbone,1.1303999999999998,particle,particle,1,0.4353591203689575
7184,candidate_001,met_station_core;cr1000xe_backbone,1.1303999999999998,particle,particle,1,0.45993056893348694
7184,candidate_001,met_station_core;cr1000xe_backbone,1.1303999999999998,particle,particle,1,0.3853464126586914
7184,candidate_001,met_station_core;cr1000xe_backbone,1.1303999999999998,particle,particle,1,0.4068490266799927
7184,candidate_001,met_station_core;cr1000xe_backbone,1.1303999999999998,calm,particle,0,0.3967301547527313
7184,candidate_001,met_station_core;cr1000xe_backbone,1.1303999999999998,calm,thermal,0,0.25093528628349304
7184,candidate_001,met_station_core;cr1000xe_backbone,1.1303999999999998,calm,thermal,0,0.3959355652332306
7184,candidate_001,met_station_core;cr1000xe_backbone,1.1303999999999998,calm,thermal,0,0.3561399281024933
7184,candidate_001,met_station_core;cr1000xe_backbone,1.1303999999999998,calm,thermal,0,0.2748003900051117
7184,candidate_001,met_station_core;cr1000xe_backbone,1.1303999999999998,calm,thermal,0,0.27310454845428467
7184,candidate_001,met_station_core;cr1000xe_backbone,1.1303999999999998,calm,thermal,0,0.3353056013584137
7184,candidate_001,met_station_core;cr1000xe_backbone,1.1303999999999998,calm,thermal,0,0.36878255009651184
7184,candidate_001,met_station_core;cr1000xe_backbone,1.1303999999999998,calm,thermal,0,0.38226643204689026
7184,candidate_001,met_station_core;cr1000xe_backbone,1.1303999999999998,calm,thermal,0,0.41102588176727295
7184,candidate_001,met_station_core;cr1000xe_backbone,1.1303999999999998,calm,thermal,0,0.4616898000240326
7184,candidate_001,met_station_core;cr1000xe_backbone,1.1303999999999998,calm,thermal,0,0.48558905720710754
7184,candidate_001,met_station_core;cr1000xe_backbone,1.1303999999999998,calm,thermal,0,0.5552127361297607
7184,candidate_001,met_station_core;cr1000xe_backbone,1.1303999999999998,calm,thermal,0,0.6209484338760376
7184,candidate_001,met_station_core;cr1000xe_backbone,1.1303999999999998,flux,thermal,2,0.7215327620506287
7184,candidate_001,met_station_core;cr1000xe_backbone,1.1303999999999998,flux,thermal,2,0.904506266117096
7184,candidate_001,met_station_core;cr1000xe_backbone,1.1303999999999998,flux,thermal,2,1.3069599866867065
7184,candidate_001,met_station_core;cr1000xe_backbone,1.1303999999999998,flux,thermal,2,1.4988855123519897
7184,candidate_001,met_station_core;cr1000xe_backbone,1.1303999999999998,flux,thermal,2,1.7629314661026
7184,candidate_001,met_station_core;cr1000xe_backbone,1.1303999999999998,flux,thermal,2,1.964476227760315
7184,candidate_001,met_station_core;cr1000xe_backbone,1.1303999999999998,flux,thermal,2,2.180150270462036
7184,candidate_001,met_station_core;cr1000xe_backbone,1.1303999999999998,flux,thermal,2,2.3678600788116455
7184,candidate_001,met_station_core;cr1000xe_backbone,1.1303999999999998,flux,thermal,2,2.5665652751922607
7184,candidate_001,met_station_core;cr1000xe_backbone,1.1303999999999998,flux,transport,2,2.5910699367523193
7184,candidate_001,met_station_core;cr1000xe_backbone,1.1303999999999998,flux,transport,2,2.574445962905884
7184,candidate_001,met_station_core;cr1000xe_backbone,1.1303999999999998,flux,transport,2,2.5947165489196777
7184,candidate_001,met_station_core;cr1000xe_backbone,1.1303999999999998,flux,transport,2,2.589694023132324
7184,candidate_001,met_station_core;cr1000xe_backbone,1.1303999999999998,flux,transport,2,2.570449113845825
7184,candidate_001,met_station_core;cr1000xe_backbone,1.1303999999999998,flux,transport,2,2.5688602924346924
7184,candidate_001,met_station_core;cr1000xe_backbone,1.1303999999999998,flux,transport,2,2.5676193237304688
7184,candidate_001,met_station_core;cr1000xe_backbone,1.1303999999999998,flux,transport,2,2.5620741844177246
7184,candidate_001,met_station_core;cr1000xe_backbone,1.1303999999999998,flux,transport,2,2.584700107574463
7184,candidate_001,met_station_core;cr1000xe_backbone,1.1303999999999998,flux,transport,2,2.609093427658081
7184,candidate_001,met_station_core;cr1000xe_backbone,1.1303999999999998,flux,transport,2,2.6774580478668213
7184,candidate_001,met_station_core;cr1000xe_backbone,1.1303999999999998,flux,transport,2,2.610262393951416
7184,candidate_001,met_station_core;cr1000xe_backbone,1.1303999999999998,flux,transport,2,2.691134214401245
7184,candidate_001,met_station_core;cr1000xe_backbone,1.1303999999999998,flux,transport,2,2.696503162384033
7184,candidate_001,met_station_core;cr1000xe_backbone,1.1303999999999998,flux,transport,2,2.4459047317504883
7184,candidate_001,met_station_core;cr1000xe_backbone,1.1303999999999998,flux,transport,2,2.182880401611328
7184,candidate_001,met_station_core;cr1000xe_backbone,1.1303999999999998,flux,transport,2,1.940131664276123
7184,candidate_001,met_station_core;cr1000xe_backbone,1.1303999999999998,flux,transport,2,1.72071373462677
7184,candidate_001,met_station_core;cr1000xe_backbone,1.1303999999999998,flux,transport,2,1.468896746635437
7184,candidate_001,met_station_core;cr1000xe_backbone,1.1303999999999998,flux,transport,2,1.2888551950454712
7184,candidate_001,met_station_core;cr1000xe_backbone,1.1303999999999998,flux,transport,2,1.0019423961639404
7184,candidate_001,met_station_core;cr1000xe_backbone,1.1303999999999998,flux,transport,2,0.7514431476593018
7184,candidate_001,met_station_core;cr1000xe_backbone,1.1303999999999998,flux,particle,2,0.5812332630157471
7184,candidate_001,met_station_core;cr1000xe_backbone,1.1303999999999998,flux,particle,2,0.5339834094047546
7184,candidate_001,met_station_core;cr1000xe_backbone,1.1303999999999998,flux,particle,2,0.4621942639350891
7184,candidate_001,met_station_core;cr1000xe_backbone,1.1303999999999998,flux,particle,2,0.3824649751186371
7184,candidate_001,met_station_core;cr1000xe_backbone,1.1303999999999998,calm,particle,0,0.27501511573791504
7184,candidate_001,met_station_core;cr1000xe_backbone,1.1303999999999998,calm,particle,0,0.28326934576034546
7184,candidate_001,met_station_core;cr1000xe_backbone,1.1303999999999998,calm,particle,0,0.25926002860069275
7184,candidate_001,met_station_core;cr1000xe_backbone,1.1303999999999998,calm,particle,0,0.2423580288887024
7184,candidate_001,met_station_core;cr1000xe_backbone,1.1303999999999998,calm,particle,0,0.28943565487861633
7184,candidate_001,met_station_core;cr1000xe_backbone,1.1303999999999998,calm,particle,0,0.37194934487342834
7184,candidate_001,met_station_core;cr1000xe_backbone,1.1303999999999998,calm,particle,0,0.3619561493396759
7184,candidate_001,met_station_core;cr1000xe_backbone,1.1303999999999998,calm,particle,0,0.45232054591178894
7184,candidate_001,met_station_core;cr1000xe_backbone,1.1303999999999998,calm,particle,0,0.5537920594215393
7184,candidate_001,met_station_core;cr1000xe_backbone,1.1303999999999998,calm,particle,0,0.6213381290435791
7184,candidate_001,met_station_core;cr1000xe_backbone,1.1303999999999998,calm,particle,0,0.742882490158081
7184,candidate_001,met_station_core;cr1000xe_backbone,1.1303999999999998,calm,particle,0,0.7877489924430847
7184,candidate_001,met_station_core;cr1000xe_backbone,1.1303999999999998,flux,particle,2,0.7985782623291016
7184,candidate_001,met_station_core;cr1000xe_backbone,1.1303999999999998,flux,particle,2,0.8039970993995667
7184,candidate_001,met_station_core;cr1000xe_backbone,1.1303999999999998,flux,particle,2,0.8083318471908569
7184,candidate_001,met_station_core;cr1000xe_backbone,1.1303999999999998,flux,particle,2,0.7660903930664062
7184,candidate_001,met_station_core;cr1000xe_backbone,1.1303999999999998,flux,particle,2,0.7181746959686279
7184,candidate_001,met_station_core;cr1000xe_backbone,1.1303999999999998,flux,particle,2,0.7045367956161499
7184,candidate_001,met_station_core;cr1000xe_backbone,1.1303999999999998,flux,particle,2,0.8680820465087891
7184,candidate_001,met_station_core;cr1000xe_backbone,1.1303999999999998,flux,particle,2,0.8502005338668823
7184,candidate_001,met_station_core;cr1000xe_backbone,1.1303999999999998,flux,particle,2,0.8211061358451843
7184,candidate_001,met_station_core;cr1000xe_backbone,1.1303999999999998,flux,particle,2,0.8608647584915161
7184,candidate_001,met_station_core;cr1000xe_backbone,1.1303999999999998,flux,particle,2,0.9045805931091309
7184,candidate_001,met_station_core;cr1000xe_backbone,1.1303999999999998,flux,particle,2,0.7780389785766602
7184,candidate_001,met_station_core;cr1000xe_backbone,1.1303999999999998,flux,particle,2,0.696104884147644
7184,candidate_001,met_station_core;cr1000xe_backbone,1.1303999999999998,flux,particle,2,0.703361451625824
7184,candidate_001,met_station_core;cr1000xe_backbone,1.1303999999999998,flux,particle,2,0.5608733296394348
7184,candidate_001,met_station_core;cr1000xe_backbone,1.1303999999999998,flux,particle,2,0.649366557598114
7184,candidate_001,met_station_core;cr1000xe_backbone,1.1303999999999998,flux,thermal,2,0.5470463633537292
7184,candidate_001,met_station_core;cr1000xe_backbone,1.1303999999999998,flux,thermal,2,0.7982674241065979
7184,candidate_001,met_station_core;cr1000xe_backbone,1.1303999999999998,flux,thermal,2,0.652165949344635
7184,candidate_001,met_station_core;cr1000xe_backbone,1.1303999999999998,flux,thermal,2,0.6367502212524414
7184,candidate_001,met_station_core;cr1000xe_backbone,1.1303999999999998,flux,thermal,2,0.550224781036377
7184,candidate_001,met_station_core;cr1000xe_backbone,1.1303999999999998,flux,thermal,2,0.6279775500297546
7184,candidate_001,met_station_core;cr1000xe_backbone,1.1303999999999998,flux,thermal,2,0.5972949862480164
7184,candidate_001,met_station_core;cr1000xe_backbone,1.1303999999999998,flux,thermal,2,0.7015034556388855
7184,candidate_001,met_station_core;cr1000xe_backbone,1.1303999999999998,flux,thermal,2,0.6629840731620789
7184,candidate_001,met_station_core;cr1000xe_backbone,1.1303999999999998,flux,thermal,2,0.7427577972412109
7184,candidate_001,met_station_core;cr1000xe_backbone,1.1303999999999998,flux,thermal,2,0.6180915832519531
7184,candidate_001,met_station_core;cr1000xe_backbone,1.1303999999999998,flux,thermal,2,0.7103328108787537
7184,candidate_001,met_station_core;cr1000xe_backbone,1.1303999999999998,flux,thermal,2,0.5268921256065369
7184,candidate_001,met_station_core;cr1000xe_backbone,1.1303999999999998,flux,thermal,2,0.611744225025177
7184,candidate_001,met_station_core;cr1000xe_backbone,1.1303999999999998,flux,thermal,2,0.4122934639453888
7184,candidate_001,met_station_core;cr1000xe_backbone,1.1303999999999998,flux,thermal,2,0.4377817213535309
7184,candidate_001,met_station_core;cr1000xe_backbone,1.1303999999999998,flux,thermal,2,0.4525727331638336
7184,candidate_001,met_station_core;cr1000xe_backbone,1.1303999999999998,calm,thermal,0,0.2191014438867569
7184,candidate_001,met_station_core;cr1000xe_backbone,1.1303999999999998,calm,thermal,0,0.2463313192129135
7184,candidate_001,met_station_core;cr1000xe_backbone,1.1303999999999998,calm,thermal,0,0.23643457889556885
7184,candidate_001,met_station_core;cr1000xe_backbone,1.1303999999999998,calm,thermal,0,0.23143327236175537
7184,candidate_001,met_station_core;cr1000xe_backbone,1.1303999999999998,calm,thermal,0,0.5270231366157532
7184,candidate_001,met_station_core;cr1000xe_backbone,1.1303999999999998,calm,thermal,0,0.8402770757675171
7184,candidate_001,met_station_core;cr1000xe_backbone,1.1303999999999998,calm,thermal,0,1.112166404724121
7184,candidate_001,met_station_core;cr1000xe_backbone,1.1303999999999998,calm,thermal,0,1.4024807214736938
7184,candidate_001,met_station_core;cr1000xe_backbone,1.1303999999999998,calm,thermal,0,1.710936427116394
7184,candidate_001,met_station_core;cr1000xe_backbone,1.1303999999999998,calm,thermal,0,2.0101864337921143
7184,candidate_001,met_station_core;cr1000xe_backbone,1.1303999999999998,calm,thermal,0,2.30662202835083
7184,candidate_001,met_station_core;cr1000xe_backbone,1.1303999999999998,calm,thermal,0,2.628875970840454
7184,candidate_001,met_station_core;cr1000xe_backbone,1.1303999999999998,thermal,transport,3,2.583186388015747
7184,candidate_001,met_station_core;cr1000xe_backbone,1.1303999999999998,thermal,transport,3,2.590924024581909
7184,candidate_001,met_station_core;cr1000xe_backbone,1.1303999999999998,thermal,transport,3,2.567856550216675
7184,candidate_001,met_station_core;cr1000xe_backbone,1.1303999999999998,thermal,transport,3,2.580200433731079
7184,candidate_001,met_station_core;cr1000xe_backbone,1.1303999999999998,thermal,transport,3,2.563791275024414
7184,candidate_001,met_station_core;cr1000xe_backbone,1.1303999999999998,thermal,transport,3,2.5485708713531494
7184,candidate_001,met_station_core;cr1000xe_backbone,1.1303999999999998,thermal,transport,3,2.5805251598358154
7184,candidate_001,met_station_core;cr1000xe_backbone,1.1303999999999998,thermal,transport,3,2.56417179107666
7184,candidate_001,met_station_core;cr1000xe_backbone,1.1303999999999998,thermal,transport,3,2.598379611968994
7184,candidate_001,met_station_core;cr1000xe_backbone,1.1303999999999998,thermal,transport,3,2.6006007194519043
7184,candidate_001,met_station_core;cr1000xe_backbone,1.1303999999999998,thermal,transport,3,2.562938928604126
7184,candidate_001,met_station_core;cr1000xe_backbone,1.1303999999999998,thermal,transport,3,2.618046283721924
7184,candidate_001,met_station_core;cr1000xe_backbone,1.1303999999999998,thermal,transport,3,2.368255853652954
7184,candidate_001,met_station_core;cr1000xe_backbone,1.1303999999999998,thermal,transport,3,2.15547776222229
7184,candidate_001,met_station_core;cr1000xe_backbone,1.1303999999999998,thermal,transport,3,1.9272785186767578
7184,candidate_001,met_station_core;cr1000xe_backbone,1.1303999999999998,thermal,transport,3,1.7290358543395996
7184,candidate_001,met_station_core;cr1000xe_backbone,1.1303999999999998,thermal,transport,3,1.5260632038116455
7184,candidate_001,met_station_core;cr1000xe_backbone,1.1303999999999998,thermal,transport,3,1.3724327087402344
7184,candidate_001,met_station_core;cr1000xe_backbone,1.1303999999999998,thermal,transport,3,1.1695421934127808
7184,candidate_001,met_station_core;cr1000xe_backbone,1.1303999999999998,thermal,transport,3,0.992497444152832
7184,candidate_001,met_station_core;cr1000xe_backbone,1.1303999999999998,thermal,particle,3,1.0012825727462769
7184,candidate_001,met_station_core;cr1000xe_backbone,1.1303999999999998,thermal,particle,3,1.0059058666229248
7184,candidate_001,met_station_core;cr1000xe_backbone,1.1303999999999998,thermal,particle,3,0.8976792097091675
7184,candidate_001,met_station_core;cr1000xe_backbone,1.1303999999999998,thermal,particle,3,0.905903697013855
7184,candidate_001,met_station_core;cr1000xe_backbone,1.1303999999999998,thermal,particle,3,0.9166175127029419
7184,candidate_001,met_station_core;cr1000xe_backbone,1.1303999999999998,thermal,particle,3,0.8236318230628967
7184,candidate_001,met_station_core;cr1000xe_backbone,1.1303999999999998,thermal,particle,3,0.7767325043678284
7184,candidate_001,met_station_core;cr1000xe_backbone,1.1303999999999998,thermal,particle,3,0.762337863445282
7184,candidate_001,met_station_core;cr1000xe_backbone,1.1303999999999998,thermal,particle,3,0.49025899171829224
7184,candidate_001,met_station_core;cr1000xe_backbone,1.1303999999999998,calm,particle,0,0.3537147343158722
7184,candidate_001,met_station_core;cr1000xe_backbone,1.1303999999999998,calm,particle,0,0.2917936146259308
7184,candidate_001,met_station_core;cr1000xe_backbone,1.1303999999999998,calm,particle,0,0.27727413177490234
7184,candidate_001,met_station_core;cr1000xe_backbone,1.1303999999999998,calm,particle,0,0.2825232446193695
7184,candidate_001,met_station_core;cr1000xe_backbone,1.1303999999999998,calm,particle,0,0.2679782509803772
7184,candidate_001,met_station_core;cr1000xe_backbone,1.1303999999999998,calm,particle,0,0.28420910239219666
7184,candidate_001,met_station_core;cr1000xe_backbone,1.1303999999999998,calm,particle,0,0.2980569303035736
7184,candidate_001,met_station_core;cr1000xe_backbone,1.1303999999999998,calm,particle,0,0.32463181018829346
7184,candidate_001,met_station_core;cr1000xe_backbone,1.1303999999999998,calm,particle,0,0.3261559307575226
7184,candidate_001,met_station_core;cr1000xe_backbone,1.1303999999999998,calm,particle,0,0.39904919266700745
7184,candidate_001,met_station_core;cr1000xe_backbone,1.1303999999999998,calm,particle,0,0.41528502106666565
7184,candidate_001,met_station_core;cr1000xe_backbone,1.1303999999999998,calm,particle,0,0.5017594695091248
7184,candidate_001,met_station_core;cr1000xe_backbone,1.1303999999999998,calm,particle,0,0.5108417868614197
7184,candidate_001,met_station_core;cr1000xe_backbone,1.1303999999999998,calm,particle,0,0.5931959748268127
7184,candidate_001,met_station_core;cr1000xe_backbone,1.1303999999999998,thermal,thermal,3,0.7609114646911621
7184,candidate_001,met_station_core;cr1000xe_backbone,1.1303999999999998,thermal,thermal,3,0.7697746157646179
7184,candidate_001,met_station_core;cr1000xe_backbone,1.1303999999999998,thermal,thermal,3,0.8841090798377991
7184,candidate_001,met_station_core;cr1000xe_backbone,1.1303999999999998,thermal,thermal,3,0.9001947641372681
7184,candidate_001,met_station_core;cr1000xe_backbone,1.1303999999999998,thermal,thermal,3,0.9237611293792725
7184,candidate_001,met_station_core;cr1000xe_backbone,1.1303999999999998,thermal,thermal,3,0.8931535482406616
7184,candidate_001,met_station_core;cr1000xe_backbone,1.1303999999999998,thermal,thermal,3,0.8960848450660706
7184,candidate_001,met_station_core;cr1000xe_backbone,1.1303999999999998,thermal,thermal,3,0.966161847114563
7184,candidate_001,met_station_core;cr1000xe_backbone,1.1303999999999998,thermal,thermal,3,0.7512317299842834
7184,candidate_001,met_station_core;cr1000xe_backbone,1.1303999999999998,thermal,thermal,3,0.8998072743415833
7184,candidate_001,met_station_core;cr1000xe_backbone,1.1303999999999998,thermal,thermal,3,0.7608798742294312
7184,candidate_001,met_station_core;cr1000xe_backbone,1.1303999999999998,thermal,thermal,3,0.7836084365844727
7184,candidate_001,met_station_core;cr1000xe_backbone,1.1303999999999998,thermal,thermal,3,0.660927951335907
7184,candidate_001,met_station_core;cr1000xe_backbone,1.1303999999999998,thermal,thermal,3,0.503646194934845
7184,candidate_001,met_station_core;cr1000xe_backbone,1.1303999999999998,thermal,thermal,3,0.7139057517051697
7184,candidate_001,met_station_core;cr1000xe_backbone,1.1303999999999998,thermal,thermal,3,1.0500041246414185
7184,candidate_001,met_station_core;cr1000xe_backbone,1.1303999999999998,thermal,thermal,3,1.2637693881988525
7184,candidate_001,met_station_core;cr1000xe_backbone,1.1303999999999998,thermal,thermal,3,1.507514238357544
7184,candidate_001,met_station_core;cr1000xe_backbone,1.1303999999999998,thermal,thermal,3,1.8079829216003418
7184,candidate_001,met_station_core;cr1000xe_backbone,1.1303999999999998,thermal,thermal,3,2.0655596256256104
7184,candidate_001,met_station_core;cr1000xe_backbone,1.1303999999999998,thermal,thermal,3,2.333693027496338
7184,candidate_001,met_station_core;cr1000xe_backbone,1.1303999999999998,thermal,thermal,3,2.6346025466918945
7184,candidate_001,met_station_core;cr1000xe_backbone,1.1303999999999998,thermal,transport,3,2.6188056468963623
7184,candidate_001,met_station_core;cr1000xe_backbone,1.1303999999999998,thermal,transport,3,2.574201822280884
7184,candidate_001,met_station_core;cr1000xe_backbone,1.1303999999999998,thermal,transport,3,2.6014082431793213
7184,candidate_001,met_station_core;cr1000xe_backbone,1.1303999999999998,thermal,transport,3,2.6031312942504883
7184,candidate_001,met_station_core;cr1000xe_backbone,1.1303999999999998,thermal,transport,3,2.6599650382995605
7184,candidate_001,met_station_core;cr1000xe_backbone,1.1303999999999998,thermal,transport,3,2.662801504135132
7184,candidate_001,met_station_core;cr1000xe_backbone,1.1303999999999998,thermal,transport,3,2.650747776031494
7184,candidate_001,met_station_core;cr1000xe_backbone,1.1303999999999998,thermal,transport,3,2.6480367183685303
7184,candidate_001,met_station_core;cr1000xe_backbone,1.1303999999999998,thermal,transport,3,2.65224552154541
7184,candidate_001,met_station_core;cr1000xe_backbone,1.1303999999999998,thermal,transport,3,2.6603686809539795
7184,candidate_001,met_station_core;cr1000xe_backbone,1.1303999999999998,thermal,transport,3,2.6765410900115967
7184,candidate_001,met_station_core;cr1000xe_backbone,1.1303999999999998,thermal,transport,3,2.6278891563415527
7184,candidate_001,met_station_core;cr1000xe_backbone,1.1303999999999998,thermal,transport,3,2.399132251739502
7184,candidate_001,met_station_core;cr1000xe_backbone,1.1303999999999998,thermal,transport,3,2.1851694583892822
7184,candidate_001,met_station_core;cr1000xe_backbone,1.1303999999999998,thermal,transport,3,1.956928014755249
7184,candidate_001,met_station_core;cr1000xe_backbone,1.1303999999999998,thermal,transport,3,1.8323396444320679
7184,candidate_001,met_station_core;cr1000xe_backbone,1.1303999999999998,thermal,transport,3,1.581176519393921
7184,candidate_001,met_station_core;cr1000xe_backbone,1.1303999999999998,thermal,transport,3,1.3983289003372192
7184,candidate_001,met_station_core;cr1000xe_backbone,1.1303999999999998,thermal,transport,3,1.1247246265411377
7184,candidate_001,met_station_core;cr1000xe_backbone,1.1303999999999998,thermal,transport,3,0.9773719906806946
7184,candidate_001,met_station_core;cr1000xe_backbone,1.1303999999999998,thermal,particle,3,1.1054916381835938
7184,candidate_001,met_station_core;cr1000xe_backbone,1.1303999999999998,thermal,particle,3,1.0231298208236694
7184,candidate_001,met_station_core;cr1000xe_backbone,1.1303999999999998,thermal,particle,3,1.1006255149841309
7184,candidate_001,met_station_core;cr1000xe_backbone,1.1303999999999998,thermal,particle,3,1.0526243448257446
7184,candidate_001,met_station_core;cr1000xe_backbone,1.1303999999999998,thermal,particle,3,1.143770456314087
7184,candidate_001,met_station_core;cr1000xe_backbone,1.1303999999999998,thermal,particle,3,1.1048506498336792
7184,candidate_001,met_station_core;cr1000xe_backbone,1.1303999999999998,thermal,particle,3,0.9320292472839355
7184,candidate_001,met_station_core;cr1000xe_backbone,1.1303999999999998,thermal,particle,3,0.9693301320075989
7184,candidate_002,radiometer_basic;cr1000xe_backbone,1.0904,calm,particle,0,1.0227590799331665
7184,candidate_002,radiometer_basic;cr1000xe_backbone,1.0904,calm,particle,0,1.0162194967269897
7184,candidate_002,radiometer_basic;cr1000xe_backbone,1.0904,calm,particle,0,1.0005569458007812
7184,candidate_002,radiometer_basic;cr1000xe_backbone,1.0904,calm,particle,0,0.9244428277015686
7184,candidate_002,radiometer_basic;cr1000xe_backbone,1.0904,calm,particle,0,0.8650049567222595
7184,candidate_002,radiometer_basic;cr1000xe_backbone,1.0904,calm,particle,0,0.826812744140625
7184,candidate_002,radiometer_basic;cr1000xe_backbone,1.0904,calm,particle,0,0.8188827037811279
7184,candidate_002,radiometer_basic;cr1000xe_backbone,1.0904,calm,particle,0,0.8146902918815613
7184,candidate_002,radiometer_basic;cr1000xe_backbone,1.0904,calm,particle,0,0.8262180685997009
7184,candidate_002,radiometer_basic;cr1000xe_backbone,1.0904,calm,particle,0,0.8564298748970032
7184,candidate_002,radiometer_basic;cr1000xe_backbone,1.0904,calm,particle,0,0.8990395665168762
7184,candidate_002,radiometer_basic;cr1000xe_backbone,1.0904,calm,particle,0,0.9139804840087891
7184,candidate_002,radiometer_basic;cr1000xe_backbone,1.0904,calm,particle,0,0.9110783338546753
7184,candidate_002,radiometer_basic;cr1000xe_backbone,1.0904,calm,particle,0,0.8980374932289124
7184,candidate_002,radiometer_basic;cr1000xe_backbone,1.0904,calm,particle,0,0.8830784559249878
7184,candidate_002,radiometer_basic;cr1000xe_backbone,1.0904,calm,particle,0,0.8604062795639038
7184,candidate_002,radiometer_basic;cr1000xe_backbone,1.0904,calm,particle,0,0.8393325805664062
7184,candidate_002,radiometer_basic;cr1000xe_backbone,1.0904,calm,particle,0,0.8853752613067627
7184,candidate_002,radiometer_basic;cr1000xe_backbone,1.0904,calm,particle,0,0.840084433555603
7184,candidate_002,radiometer_basic;cr1000xe_backbone,1.0904,calm,particle,0,0.8249049186706543
7184,candidate_002,radiometer_basic;cr1000xe_backbone,1.0904,calm,particle,0,0.7864546179771423
7184,candidate_002,radiometer_basic;cr1000xe_backbone,1.0904,calm,thermal,0,0.8087443709373474
7184,candidate_002,radiometer_basic;cr1000xe_backbone,1.0904,calm,thermal,0,0.7653934955596924
7184,candidate_002,radiometer_basic;cr1000xe_backbone,1.0904,calm,thermal,0,0.7075015306472778
7184,candidate_002,radiometer_basic;cr1000xe_backbone,1.0904,calm,thermal,0,0.7190492153167725
7184,candidate_002,radiometer_basic;cr1000xe_backbone,1.0904,calm,thermal,0,0.726568877696991
7184,candidate_002,radiometer_basic;cr1000xe_backbone,1.0904,calm,thermal,0,0.6325719952583313
7184,candidate_002,radiometer_basic;cr1000xe_backbone,1.0904,calm,thermal,0,0.5887476205825806
7184,candidate_002,radiometer_basic;cr1000xe_backbone,1.0904,calm,thermal,0,0.6278677582740784
7184,candidate_002,radiometer_basic;cr1000xe_backbone,1.0904,calm,thermal,0,0.6300779581069946
7184,candidate_002,radiometer_basic;cr1000xe_backbone,1.0904,calm,thermal,0,0.6094174981117249
7184,candidate_002,radiometer_basic;cr1000xe_backbone,1.0904,calm,thermal,0,0.590389609336853
7184,candidate_002,radiometer_basic;cr1000xe_backbone,1.0904,calm,thermal,0,0.6601985096931458
7184,candidate_002,radiometer_basic;cr1000xe_backbone,1.0904,calm,thermal,0,0.7195512652397156
7184,candidate_002,radiometer_basic;cr1000xe_backbone,1.0904,calm,thermal,0,0.7732880115509033
7184,candidate_002,radiometer_basic;cr1000xe_backbone,1.0904,calm,thermal,0,0.8304034471511841
7184,candidate_002,radiometer_basic;cr1000xe_backbone,1.0904,calm,thermal,0,0.7961201071739197
7184,candidate_002,radiometer_basic;cr1000xe_backbone,1.0904,calm,thermal,0,0.8301852345466614
7184,candidate_002,radiometer_basic;cr1000xe_backbone,1.0904,calm,thermal,0,0.8198290467262268
7184,candidate_002,radiometer_basic;cr1000xe_backbone,1.0904,calm,thermal,0,0.7645940780639648
7184,candidate_002,radiometer_basic;cr1000xe_backbone,1.0904,calm,thermal,0,0.8021905422210693
7184,candidate_002,radiometer_basic;cr1000xe_backbone,1.0904,calm,thermal,0,0.8252339363098145
7184,candidate_002,radiometer_basic;cr1000xe_backbone,1.0904,calm,thermal,0,0.8024133443832397
7184,candidate_002,radiometer_basic;cr1000xe_backbone,1.0904,calm,thermal,0,0.7334274053573608
7184,candidate_002,radiometer_basic;cr1000xe_backbone,1.0904,calm,thermal,0,0.7740129232406616
7184,candidate_002,radiometer_basic;cr1000xe_backbone,1.0904,calm,thermal,0,0.7609847784042358
7184,candidate_002,radiometer_basic;cr1000xe_backbone,1.0904,calm,thermal,0,0.734079897403717
7184,candidate_002,radiometer_basic;cr1000xe_backbone,1.0904,calm,thermal,0,0.6911708116531372
7184,candidate_002,radiometer_basic;cr1000xe_backbone,1.0904,calm,thermal,0,0.7277381420135498
7184,candidate_002,radiometer_basic;cr1000xe_backbone,1.0904,calm,thermal,0,0.6859698295593262
7184,candidate_002,radiometer_basic;cr1000xe_backbone,1.0904,calm,thermal,0,0.618999183177948
7184,candidate_002,radiometer_basic;cr1000xe_backbone,1.0904,calm,thermal,0,0.5819090604782104
7184,candidate_002,radiometer_basic;cr1000xe_backbone,1.0904,calm,thermal,0,0.6118890047073364
7184,candidate_002,radiometer_basic;cr1000xe_backbone,1.0904,calm,thermal,0,0.5632634162902832
7184,candidate_002,radiometer_basic;cr1000xe_backbone,1.0904,calm,transport,0,0.5578383207321167
7184,candidate_002,radiometer_basic;cr1000xe_backbone,1.0904,calm,transport,0,0.5314768552780151
7184,candidate_002,radiometer_basic;cr1000xe_backbone,1.0904,calm,transport,0,0.606067419052124
7184,candidate_002,radiometer_basic;cr1000xe_backbone,1.0904,calm,transport,0,0.6463310122489929
7184,candidate_002,radiometer_basic;cr1000xe_backbone,1.0904,calm,transport,0,0.7345020771026611
7184,candidate_002,radiometer_basic;cr1000xe_backbone,1.0904,calm,transport,0,0.7691382169723511
7184,candidate_002,radiometer_basic;cr1000xe_backbone,1.0904,calm,transport,0,0.7483749985694885
7184,candidate_002,radiometer_basic;cr1000xe_backbone,1.0904,calm,transport,0,0.7529434561729431
7184,candidate_002,radiometer_basic;cr1000xe_backbone,1.0904,calm,transport,0,0.7393658757209778
7184,candidate_002,radiometer_basic;cr1000xe_backbone,1.0904,calm,transport,0,0.6886248588562012
7184,candidate_002,radiometer_basic;cr1000xe_backbone,1.0904,calm,transport,0,0.7178637385368347
7184,candidate_002,radiometer_basic;cr1000xe_backbone,1.0904,calm,transport,0,0.7308284044265747
7184,candidate_002,radiometer_basic;cr1000xe_backbone,1.0904,calm,transport,0,0.7049300670623779
7184,candidate_002,radiometer_basic;cr1000xe_backbone,1.0904,calm,transport,0,0.6498927474021912
7184,candidate_002,radiometer_basic;cr1000xe_backbone,1.0904,calm,transport,0,0.6745432615280151
7184,candidate_002,radiometer_basic;cr1000xe_backbone,1.0904,calm,transport,0,0.7059231400489807
7184,candidate_002,radiometer_basic;cr1000xe_backbone,1.0904,calm,transport,0,0.6958994269371033
7184,candidate_002,radiometer_basic;cr1000xe_backbone,1.0904,calm,transport,0,0.6593102216720581
7184,candidate_002,radiometer_basic;cr1000xe_backbone,1.0904,calm,transport,0,0.6866478323936462
7184,candidate_002,radiometer_basic;cr1000xe_backbone,1.0904,calm,transport,0,0.7162282466888428
7184,candidate_002,radiometer_basic;cr1000xe_backbone,1.0904,calm,transport,0,0.6636483073234558
7184,candidate_002,radiometer_basic;cr1000xe_backbone,1.0904,calm,transport,0,0.5997130274772644
7184,candidate_002,radiometer_basic;cr1000xe_backbone,1.0904,calm,transport,0,0.5979844331741333
7184,candidate_002,radiometer_basic;cr1000xe_backbone,1.0904,calm,transport,0,0.595373809337616
7184,candidate_002,radiometer_basic;cr1000xe_backbone,1.0904,calm,transport,0,0.5901986956596375
7184,candidate_002,radiometer_basic;cr1000xe_backbone,1.0904,calm,transport,0,0.5719398260116577
7184,candidate_002,radiometer_basic;cr1000xe_backbone,1.0904,calm,transport,0,0.6255069971084595
7184,candidate_002,radiometer_basic;cr1000xe_backbone,1.0904,calm,transport,0,0.7234925627708435
7184,candidate_002,radiometer_basic;cr1000xe_backbone,1.0904,calm,transport,0,0.797795295715332
7184,candidate_002,radiometer_basic;cr1000xe_backbone,1.0904,calm,transport,0,0.8553276062011719
7184,candidate_002,radiometer_basic;cr1000xe_backbone,1.0904,calm,transport,0,0.8115959167480469
7184,candidate_002,radiometer_basic;cr1000xe_backbone,1.0904,calm,transport,0,0.8256357908248901
7184,candidate_002,radiometer_basic;cr1000xe_backbone,1.0904,calm,transport,0,0.8437503576278687
7184,candidate_002,radiometer_basic;cr1000xe_backbone,1.0904,calm,transport,0,0.7851465344429016
7184,candidate_002,radiometer_basic;cr1000xe_backbone,1.0904,calm,transport,0,0.8301427364349365
7184,candidate_002,radiometer_basic;cr1000xe_backbone,1.0904,calm,transport,0,0.8556497097015381
7184,candidate_002,radiometer_basic;cr1000xe_backbone,1.0904,calm,particle,0,0.8000900745391846
7184,candidate_002,radiometer_basic;cr1000xe_backbone,1.0904,calm,particle,0,0.738672137260437
7184,candidate_002,radiometer_basic;cr1000xe_backbone,1.0904,calm,particle,0,0.7915079593658447
7184,candidate_002,radiometer_basic;cr1000xe_backbone,1.0904,calm,particle,0,0.7834545373916626
7184,candidate_002,radiometer_basic;cr1000xe_backbone,1.0904,calm,particle,0,0.7278979420661926
7184,candidate_002,radiometer_basic;cr1000xe_backbone,1.0904,calm,particle,0,0.6947498321533203
7184,candidate_002,radiometer_basic;cr1000xe_backbone,1.0904,calm,particle,0,0.7051912546157837
7184,candidate_002,radiometer_basic;cr1000xe_backbone,1.0904,calm,particle,0,0.672813355922699
7184,candidate_002,radiometer_basic;cr1000xe_backbone,1.0904,calm,particle,0,0.6005315184593201
7184,candidate_002,radiometer_basic;cr1000xe_backbone,1.0904,calm,particle,0,0.6011059284210205
7184,candidate_002,radiometer_basic;cr1000xe_backbone,1.0904,calm,particle,0,0.5938842296600342
7184,candidate_002,radiometer_basic;cr1000xe_backbone,1.0904,calm,particle,0,0.581328809261322
7184,candidate_002,radiometer_basic;cr1000xe_backbone,1.0904,calm,particle,0,0.5746379494667053
7184,candidate_002,radiometer_basic;cr1000xe_backbone,1.0904,calm,particle,0,0.5611451864242554
7184,candidate_002,radiometer_basic;cr1000xe_backbone,1.0904,calm,particle,0,0.6077263355255127
7184,candidate_002,radiometer_basic;cr1000xe_backbone,1.0904,calm,particle,0,0.6758427619934082
7184,candidate_002,radiometer_basic;cr1000xe_backbone,1.0904,calm,particle,0,0.7754210829734802
7184,candidate_002,radiometer_basic;cr1000xe_backbone,1.0904,calm,particle,0,0.8322500586509705
7184,candidate_002,radiometer_basic;cr1000xe_backbone,1.0904,calm,particle,0,0.8076444268226624
7184,candidate_002,radiometer_basic;cr1000xe_backbone,1.0904,calm,particle,0,0.8549496531486511
7184,candidate_002,radiometer_basic;cr1000xe_backbone,1.0904,calm,particle,0,0.8590351939201355
7184,candidate_002,radiometer_basic;cr1000xe_backbone,1.0904,calm,particle,0,0.847578227519989
7184,candidate_002,radiometer_basic;cr1000xe_backbone,1.0904,calm,particle,0,0.9050650000572205
7184,candidate_002,radiometer_basic;cr1000xe_backbone,1.0904,calm,particle,0,0.9213183522224426
7184,candidate_002,radiometer_basic;cr1000xe_backbone,1.0904,calm,particle,0,0.8884404897689819
7184,candidate_002,radiometer_basic;cr1000xe_backbone,1.0904,calm,particle,0,0.8546375632286072
7184,candidate_002,radiometer_basic;cr1000xe_backbone,1.0904,calm,particle,0,0.8881212472915649
7184,candidate_002,radiometer_basic;cr1000xe_backbone,1.0904,calm,particle,0,0.8970198035240173
7184,candidate_002,radiometer_basic;cr1000xe_backbone,1.0904,calm,particle,0,0.8689886927604675
7184,candidate_002,radiometer_basic;cr1000xe_backbone,1.0904,calm,particle,0,0.8587008118629456
7184,candidate_002,radiometer_basic;cr1000xe_backbone,1.0904,calm,particle,0,0.8520827889442444
7184,candidate_002,radiometer_basic;cr1000xe_backbone,1.0904,calm,particle,0,0.8371772766113281
7184,candidate_002,radiometer_basic;cr1000xe_backbone,1.0904,calm,particle,0,0.830645740032196
7184,candidate_002,radiometer_basic;cr1000xe_backbone,1.0904,calm,particle,0,0.8107587099075317
7184,candidate_002,radiometer_basic;cr1000xe_backbone,1.0904,calm,thermal,0,0.8184278011322021
7184,candidate_002,radiometer_basic;cr1000xe_backbone,1.0904,calm,thermal,0,0.8327430486679077
7184,candidate_002,radiometer_basic;cr1000xe_backbone,1.0904,calm,thermal,0,0.8357442021369934
7184,candidate_002,radiometer_basic;cr1000xe_backbone,1.0904,calm,thermal,0,0.8330554366111755
7184,candidate_002,radiometer_basic;cr1000xe_backbone,1.0904,calm,thermal,0,0.88587886095047
7184,candidate_002,radiometer_basic;cr1000xe_backbone,1.0904,calm,thermal,0,0.9429961442947388
7184,candidate_002,radiometer_basic;cr1000xe_backbone,1.0904,calm,thermal,0,1.0413748025894165
7184,candidate_002,radiometer_basic;cr1000xe_backbone,1.0904,calm,thermal,0,1.095503568649292
7184,candidate_002,radiometer_basic;cr1000xe_backbone,1.0904,calm,thermal,0,1.0987995862960815
7184,candidate_002,radiometer_basic;cr1000xe_backbone,1.0904,calm,thermal,0,1.136287808418274
7184,candidate_002,radiometer_basic;cr1000xe_backbone,1.0904,calm,thermal,0,1.153442621231079
7184,candidate_002,radiometer_basic;cr1000xe_backbone,1.0904,calm,thermal,0,1.1144256591796875
7184,candidate_002,radiometer_basic;cr1000xe_backbone,1.0904,calm,thermal,0,1.1483198404312134
7184,candidate_002,radiometer_basic;cr1000xe_backbone,1.0904,calm,thermal,0,1.1612900495529175
7184,candidate_002,radiometer_basic;cr1000xe_backbone,1.0904,calm,thermal,0,1.0853608846664429
7184,candidate_002,radiometer_basic;cr1000xe_backbone,1.0904,calm,thermal,0,1.1106631755828857
7184,candidate_002,radiometer_basic;cr1000xe_backbone,1.0904,calm,thermal,0,1.102528691291809
7184,candidate_002,radiometer_basic;cr1000xe_backbone,1.0904,calm,thermal,0,1.1064867973327637
7184,candidate_002,radiometer_basic;cr1000xe_backbone,1.0904,calm,thermal,0,1.0731837749481201
7184,candidate_002,radiometer_basic;cr1000xe_backbone,1.0904,calm,thermal,0,1.0344899892807007
7184,candidate_002,radiometer_basic;cr1000xe_backbone,1.0904,calm,thermal,0,1.0520461797714233
7184,candidate_002,radiometer_basic;cr1000xe_backbone,1.0904,calm,thermal,0,1.0138919353485107
7184,candidate_002,radiometer_basic;cr1000xe_backbone,1.0904,calm,thermal,0,0.9595757722854614
7184,candidate_002,radiometer_basic;cr1000xe_backbone,1.0904,calm,thermal,0,0.9262277483940125
7184,candidate_002,radiometer_basic;cr1000xe_backbone,1.0904,calm,thermal,0,0.9602957963943481
7184,candidate_002,radiometer_basic;cr1000xe_backbone,1.0904,calm,thermal,0,0.9197778105735779
7184,candidate_002,radiometer_basic;cr1000xe_backbone,1.0904,calm,transport,0,0.9162043333053589
7184,candidate_002,radiometer_basic;cr1000xe_backbone,1.0904,calm,transport,0,0.888096034526825
7184,candidate_002,radiometer_basic;cr1000xe_backbone,1.0904,calm,transport,0,0.9318872690200806
7184,candidate_002,radiometer_basic;cr1000xe_backbone,1.0904,calm,transport,0,1.0021709203720093
7184,candidate_002,radiometer_basic;cr1000xe_backbone,1.0904,calm,transport,0,1.0818898677825928
7184,candidate_002,radiometer_basic;cr1000xe_backbone,1.0904,calm,transport,0,1.1255390644073486
7184,candidate_002,radiometer_basic;cr1000xe_backbone,1.0904,calm,transport,0,1.136217713356018
7184,candidate_002,radiometer_basic;cr1000xe_backbone,1.0904,calm,transport,0,1.1733851432800293
7184,candidate_002,radiometer_basic;cr1000xe_backbone,1.0904,calm,transport,0,1.1633358001708984
7184,candidate_002,radiometer_basic;cr1000xe_backbone,1.0904,calm,transport,0,1.1509625911712646
7184,candidate_002,radiometer_basic;cr1000xe_backbone,1.0904,calm,transport,0,1.1788175106048584
7184,candidate_002,radiometer_basic;cr1000xe_backbone,1.0904,calm,transport,0,1.160523533821106
7184,candidate_002,radiometer_basic;cr1000xe_backbone,1.0904,calm,transport,0,1.1003918647766113
7184,candidate_002,radiometer_basic;cr1000xe_backbone,1.0904,calm,transport,0,1.0982849597930908
7184,candidate_002,radiometer_basic;cr1000xe_backbone,1.0904,calm,transport,0,1.1168345212936401
7184,candidate_002,radiometer_basic;cr1000xe_backbone,1.0904,calm,transport,0,1.1165242195129395
7184,candidate_002,radiometer_basic;cr1000xe_backbone,1.0904,calm,transport,0,1.1033893823623657
7184,candidate_002,radiometer_basic;cr1000xe_backbone,1.0904,calm,transport,0,1.0835374593734741
7184,candidate_002,radiometer_basic;cr1000xe_backbone,1.0904,calm,transport,0,1.1001664400100708
7184,candidate_002,radiometer_basic;cr1000xe_backbone,1.0904,calm,transport,0,1.0846378803253174
7184,candidate_002,radiometer_basic;cr1000xe_backbone,1.0904,calm,transport,0,1.042922854423523
7184,candidate_002,radiometer_basic;cr1000xe_backbone,1.0904,calm,transport,0,0.9875441193580627
7184,candidate_002,radiometer_basic;cr1000xe_backbone,1.0904,calm,transport,0,0.9960022568702698
7184,candidate_002,radiometer_basic;cr1000xe_backbone,1.0904,calm,transport,0,0.970665454864502
7184,candidate_002,radiometer_basic;cr1000xe_backbone,1.0904,calm,transport,0,0.972540557384491
7184,candidate_002,radiometer_basic;cr1000xe_backbone,1.0904,calm,particle,0,0.9322899580001831
7184,candidate_002,radiometer_basic;cr1000xe_backbone,1.0904,calm,particle,0,0.9703112840652466
7184,candidate_002,radiometer_basic;cr1000xe_backbone,1.0904,calm,particle,0,1.0432699918746948
7184,candidate_002,radiometer_basic;cr1000xe_backbone,1.0904,calm,particle,0,1.1271212100982666
7184,candidate_002,radiometer_basic;cr1000xe_backbone,1.0904,calm,particle,0,1.134667158126831
7184,candidate_002,radiometer_basic;cr1000xe_backbone,1.0904,calm,particle,0,1.1436349153518677
7184,candidate_002,radiometer_basic;cr1000xe_backbone,1.0904,calm,particle,0,1.16020929813385
7184,candidate_002,radiometer_basic;cr1000xe_backbone,1.0904,calm,particle,0,1.1410396099090576
7184,candidate_002,radiometer_basic;cr1000xe_backbone,1.0904,calm,particle,0,1.1189296245574951
7184,candidate_002,radiometer_basic;cr1000xe_backbone,1.0904,calm,particle,0,1.1452662944793701
7184,candidate_002,radiometer_basic;cr1000xe_backbone,1.0904,calm,particle,0,1.1289223432540894
7184,candidate_002,radiometer_basic;cr1000xe_backbone,1.0904,calm,particle,0,1.083404302597046
7184,candidate_002,radiometer_basic;cr1000xe_backbone,1.0904,calm,particle,0,1.0700606107711792
7184,candidate_002,radiometer_basic;cr1000xe_backbone,1.0904,calm,particle,0,1.0570365190505981
7184,candidate_002,radiometer_basic;cr1000xe_backbone,1.0904,calm,particle,0,1.073310136795044
7184,candidate_002,radiometer_basic;cr1000xe_backbone,1.0904,calm,particle,0,1.0205830335617065
7184,candidate_002,radiometer_basic;cr1000xe_backbone,1.0904,calm,particle,0,0.9818963408470154
7184,candidate_002,radiometer_basic;cr1000xe_backbone,1.0904,calm,particle,0,0.9661985635757446
7184,candidate_002,radiometer_basic;cr1000xe_backbone,1.0904,calm,particle,0,0.9972314238548279
7184,candidate_002,radiometer_basic;cr1000xe_backbone,1.0904,calm,particle,0,0.9336674809455872
7184,candidate_002,radiometer_basic;cr1000xe_backbone,1.0904,calm,particle,0,0.9134860634803772
7184,candidate_002,radiometer_basic;cr1000xe_backbone,1.0904,calm,particle,0,0.8667128086090088
7184,candidate_002,radiometer_basic;cr1000xe_backbone,1.0904,calm,particle,0,0.866807222366333
7184,candidate_002,radiometer_basic;cr1000xe_backbone,1.0904,calm,particle,0,0.8624632358551025
7184,candidate_002,radiometer_basic;cr1000xe_backbone,1.0904,calm,particle,0,0.845897376537323
7184,candidate_002,radiometer_basic;cr1000xe_backbone,1.0904,calm,particle,0,0.9010540843009949
7184,candidate_002,radiometer_basic;cr1000xe_backbone,1.0904,calm,particle,0,0.9922984838485718
7184,candidate_002,radiometer_basic;cr1000xe_backbone,1.0904,calm,particle,0,1.049299716949463
7184,candidate_002,radiometer_basic;cr1000xe_backbone,1.0904,calm,particle,0,1.0760442018508911
7184,candidate_002,radiometer_basic;cr1000xe_backbone,1.0904,calm,particle,0,1.1087161302566528
7184,candidate_002,radiometer_basic;cr1000xe_backbone,1.0904,calm,particle,0,1.133928656578064
7184,candidate_002,radiometer_basic;cr1000xe_backbone,1.0904,calm,particle,0,1.1224039793014526
7184,candidate_002,radiometer_basic;cr1000xe_backbone,1.0904,calm,thermal,0,1.125568151473999
7184,candidate_002,radiometer_basic;cr1000xe_backbone,1.0904,calm,thermal,0,1.1509344577789307
7184,candidate_002,radiometer_basic;cr1000xe_backbone,1.0904,calm,thermal,0,1.1532447338104248
7184,candidate_002,radiometer_basic;cr1000xe_backbone,1.0904,calm,thermal,0,1.1359138488769531
7184,candidate_002,radiometer_basic;cr1000xe_backbone,1.0904,calm,thermal,0,1.148712396621704
7184,candidate_002,radiometer_basic;cr1000xe_backbone,1.0904,calm,thermal,0,1.1312023401260376
7184,candidate_002,radiometer_basic;cr1000xe_backbone,1.0904,calm,thermal,0,1.1081935167312622
7184,candidate_002,radiometer_basic;cr1000xe_backbone,1.0904,calm,thermal,0,1.0887393951416016
7184,candidate_002,radiometer_basic;cr1000xe_backbone,1.0904,calm,thermal,0,1.0507636070251465
7184,candidate_002,radiometer_basic;cr1000xe_backbone,1.0904,calm,thermal,0,1.0111268758773804
7184,candidate_002,radiometer_basic;cr1000xe_backbone,1.0904,calm,thermal,0,0.9674339294433594
7184,candidate_002,radiometer_basic;cr1000xe_backbone,1.0904,calm,thermal,0,0.9681947827339172
7184,candidate_002,radiometer_basic;cr1000xe_backbone,1.0904,calm,thermal,0,0.9713081121444702
7184,candidate_002,radiometer_basic;cr1000xe_backbone,1.0904,calm,thermal,0,0.9469889402389526
7184,candidate_002,radiometer_basic;cr1000xe_backbone,1.0904,calm,thermal,0,0.8811509013175964
7184,candidate_002,radiometer_basic;cr1000xe_backbone,1.0904,calm,thermal,0,0.8726344704627991
7184,candidate_002,radiometer_basic;cr1000xe_backbone,1.0904,calm,thermal,0,0.868982195854187
7184,candidate_002,radiometer_basic;cr1000xe_backbone,1.0904,calm,thermal,0,0.9059314131736755
7184,candidate_002,radiometer_basic;cr1000xe_backbone,1.0904,calm,thermal,0,0.9753928780555725
7184,candidate_002,radiometer_basic;cr1000xe_backbone,1.0904,calm,thermal,0,1.038224458694458
7184,candidate_002,radiometer_basic;cr1000xe_backbone,1.0904,calm,thermal,0,1.0832929611206055
7184,candidate_002,radiometer_basic;cr1000xe_backbone,1.0904,calm,transport,0,1.0757588148117065
7184,candidate_002,radiometer_basic;cr1000xe_backbone,1.0904,calm,transport,0,1.1264334917068481
7184,candidate_002,radiometer_basic;cr1000xe_backbone,1.0904,calm,transport,0,1.1079630851745605
7184,candidate_002,radiometer_basic;cr1000xe_backbone,1.0904,calm,transport,0,1.060369849205017
7184,candidate_002,radiometer_basic;cr1000xe_backbone,1.0904,calm,transport,0,1.081974744796753
7184,candidate_002,radiometer_basic;cr1000xe_backbone,1.0904,calm,transport,0,1.030333161354065
7184,candidate_002,radiometer_basic;cr1000xe_backbone,1.0904,calm,transport,0,1.004730224609375
7184,candidate_002,radiometer_basic;cr1000xe_backbone,1.0904,calm,transport,0,0.992651641368866
7184,candidate_002,radiometer_basic;cr1000xe_backbone,1.0904,calm,transport,0,0.9558771848678589
7184,candidate_002,radiometer_basic;cr1000xe_backbone,1.0904,calm,transport,0,0.9393483400344849
7184,candidate_002,radiometer_basic;cr1000xe_backbone,1.0904,calm,transport,0,0.9101580381393433
7184,candidate_002,radiometer_basic;cr1000xe_backbone,1.0904,calm,transport,0,0.9069967269897461
7184,candidate_002,radiometer_basic;cr1000xe_backbone,1.0904,calm,transport,0,0.8848965764045715
7184,candidate_002,radiometer_basic;cr1000xe_backbone,1.0904,calm,transport,0,0.8555949330329895
7184,candidate_002,radiometer_basic;cr1000xe_backbone,1.0904,calm,transport,0,0.7999672889709473
7184,candidate_002,radiometer_basic;cr1000xe_backbone,1.0904,calm,transport,0,0.8162892460823059
7184,candidate_002,radiometer_basic;cr1000xe_backbone,1.0904,calm,transport,0,0.7525255084037781
7184,candidate_002,radiometer_basic;cr1000xe_backbone,1.0904,calm,transport,0,0.7882575988769531
7184,candidate_002,radiometer_basic;cr1000xe_backbone,1.0904,calm,transport,0,0.7922137379646301
7184,candidate_002,radiometer_basic;cr1000xe_backbone,1.0904,calm,transport,0,0.7615512013435364
7184,candidate_002,radiometer_basic;cr1000xe_backbone,1.0904,calm,transport,0,0.8034070134162903
7184,candidate_002,radiometer_basic;cr1000xe_backbone,1.0904,calm,transport,0,0.8926370143890381
7184,candidate_002,radiometer_basic;cr1000xe_backbone,1.0904,calm,transport,0,0.9842274785041809
7184,candidate_002,radiometer_basic;cr1000xe_backbone,1.0904,calm,transport,0,1.0144613981246948
7184,candidate_002,radiometer_basic;cr1000xe_backbone,1.0904,calm,transport,0,1.0280275344848633
7184,candidate_002,radiometer_basic;cr1000xe_backbone,1.0904,calm,transport,0,1.0623929500579834
7184,candidate_002,radiometer_basic;cr1000xe_backbone,1.0904,calm,transport,0,1.0769240856170654
7184,candidate_002,radiometer_basic;cr1000xe_backbone,1.0904,calm,transport,0,1.082507610321045
7184,candidate_002,radiometer_basic;cr1000xe_backbone,1.0904,calm,thermal,0,0.4964292645454407
7184,candidate_002,radiometer_basic;cr1000xe_backbone,1.0904,calm,thermal,0,0.459846556186676
7184,candidate_002,radiometer_basic;cr1000xe_backbone,1.0904,particle,thermal,1,0.44618624448776245
7184,candidate_002,radiometer_basic;cr1000xe_backbone,1.0904,particle,thermal,1,0.4505522549152374
7184,candidate_002,radiometer_basic;cr1000xe_backbone,1.0904,particle,thermal,1,0.44259414076805115
7184,candidate_002,radiometer_basic;cr1000xe_backbone,1.0904,particle,thermal,1,0.4331863522529602
7184,candidate_002,radiometer_basic;cr1000xe_backbone,1.0904,particle,thermal,1,0.7182705998420715
7184,candidate_002,radiometer_basic;cr1000xe_backbone,1.0904,particle,thermal,1,1.0379232168197632
7184,candidate_002,radiometer_basic;cr1000xe_backbone,1.0904,particle,thermal,1,1.2861276865005493
7184,candidate_002,radiometer_basic;cr1000xe_backbone,1.0904,particle,thermal,1,1.5628726482391357
7184,candidate_002,radiometer_basic;cr1000xe_backbone,1.0904,particle,thermal,1,1.8503122329711914
7184,candidate_002,radiometer_basic;cr1000xe_backbone,1.0904,particle,thermal,1,2.148472547531128
7184,candidate_002,radiometer_basic;cr1000xe_backbone,1.0904,particle,thermal,1,2.429281234741211
7184,candidate_002,radiometer_basic;cr1000xe_backbone,1.0904,particle,thermal,1,2.718113422393799
7184,candidate_002,radiometer_basic;cr1000xe_backbone,1.0904,particle,transport,1,2.7107062339782715
7184,candidate_002,radiometer_basic;cr1000xe_backbone,1.0904,particle,transport,1,2.7083029747009277
7184,candidate_002,radiometer_basic;cr1000xe_backbone,1.0904,particle,transport,1,2.6772115230560303
7184,candidate_002,radiometer_basic;cr1000xe_backbone,1.0904,particle,transport,1,2.652372121810913
7184,candidate_002,radiometer_basic;cr1000xe_backbone,1.0904,particle,transport,1,2.641836166381836
7184,candidate_002,radiometer_basic;cr1000xe_backbone,1.0904,particle,transport,1,2.64680552482605
7184,candidate_002,radiometer_basic;cr1000xe_backbone,1.0904,particle,transport,1,2.6424083709716797
7184,candidate_002,radiometer_basic;cr1000xe_backbone,1.0904,particle,transport,1,2.6385767459869385
7184,candidate_002,radiometer_basic;cr1000xe_backbone,1.0904,particle,transport,1,2.6458919048309326
7184,candidate_002,radiometer_basic;cr1000xe_backbone,1.0904,particle,transport,1,2.6505298614501953
7184,candidate_002,radiometer_basic;cr1000xe_backbone,1.0904,particle,transport,1,2.6562466621398926
7184,candidate_002,radiometer_basic;cr1000xe_backbone,1.0904,particle,transport,1,2.6542928218841553
7184,candidate_002,radiometer_basic;cr1000xe_backbone,1.0904,particle,transport,1,2.6571238040924072
7184,candidate_002,radiometer_basic;cr1000xe_backbone,1.0904,particle,transport,1,2.650406837463379
7184,candidate_002,radiometer_basic;cr1000xe_backbone,1.0904,particle,transport,1,2.648554563522339
7184,candidate_002,radiometer_basic;cr1000xe_backbone,1.0904,particle,transport,1,2.658634662628174
7184,candidate_002,radiometer_basic;cr1000xe_backbone,1.0904,particle,transport,1,2.6690468788146973
7184,candidate_002,radiometer_basic;cr1000xe_backbone,1.0904,particle,transport,1,2.676938772201538
7184,candidate_002,radiometer_basic;cr1000xe_backbone,1.0904,particle,transport,1,2.439805746078491
7184,candidate_002,radiometer_basic;cr1000xe_backbone,1.0904,particle,transport,1,2.210681676864624
7184,candidate_002,radiometer_basic;cr1000xe_backbone,1.0904,particle,transport,1,1.9943538904190063
7184,candidate_002,radiometer_basic;cr1000xe_backbone,1.0904,particle,transport,1,1.7746325731277466
7184,candidate_002,radiometer_basic;cr1000xe_backbone,1.0904,particle,transport,1,1.5384424924850464
7184,candidate_002,radiometer_basic;cr1000xe_backbone,1.0904,particle,transport,1,1.299433946609497
7184,candidate_002,radiometer_basic;cr1000xe_backbone,1.0904,particle,transport,1,1.0817898511886597
7184,candidate_002,radiometer_basic;cr1000xe_backbone,1.0904,particle,transport,1,0.8573703169822693
7184,candidate_002,radiometer_basic;cr1000xe_backbone,1.0904,particle,particle,1,0.8621286749839783
7184,candidate_002,radiometer_basic;cr1000xe_backbone,1.0904,particle,particle,1,0.8831055164337158
7184,candidate_002,radiometer_basic;cr1000xe_backbone,1.0904,particle,particle,1,0.8840086460113525
7184,candidate_002,radiometer_basic;cr1000xe_backbone,1.0904,particle,particle,1,0.9068202972412109
7184,candidate_002,radiometer_basic;cr1000xe_backbone,1.0904,particle,particle,1,0.9146952033042908
7184,candidate_002,radiometer_basic;cr1000xe_backbone,1.0904,particle,particle,1,0.9321483969688416
7184,candidate_002,radiometer_basic;cr1000xe_backbone,1.0904,particle,particle,1,0.9467059969902039
7184,candidate_002,radiometer_basic;cr1000xe_backbone,1.0904,particle,particle,1,0.9563708305358887
7184,candidate_002,radiometer_basic;cr1000xe_backbone,1.0904,particle,particle,1,0.9852569103240967
7184,candidate_002,radiometer_basic;cr1000xe_backbone,1.0904,particle,particle,1,0.920335590839386
7184,candidate_002,radiometer_basic;cr1000xe_backbone,1.0904,particle,particle,1,0.8926796317100525
7184,candidate_002,radiometer_basic;cr1000xe_backbone,1.0904,particle,particle,1,0.8697583675384521
7184,candidate_002,radiometer_basic;cr1000xe_backbone,1.0904,particle,particle,1,0.8001099228858948
7184,candidate_002,radiometer_basic;cr1000xe_backbone,1.0904,particle,particle,1,0.7794445753097534
7184,candidate_002,radiometer_basic;cr1000xe_backbone,1.0904,particle,particle,1,0.7430009841918945
7184,candidate_002,radiometer_basic;cr1000xe_backbone,1.0904,particle,particle,1,0.721175491809845
7184,candidate_002,radiometer_basic;cr1000xe_backbone,1.0904,particle,particle,1,0.6720461845397949
7184,candidate_002,radiometer_basic;cr1000xe_backbone,1.0904,calm,particle,0,0.7120418548583984
7184,candidate_002,radiometer_basic;cr1000xe_backbone,1.0904,calm,thermal,0,0.6966001987457275
7184,candidate_002,radiometer_basic;cr1000xe_backbone,1.0904,calm,thermal,0,0.7192623615264893
7184,candidate_002,radiometer_basic;cr1000xe_backbone,1.0904,calm,thermal,0,0.711582601070404
7184,candidate_002,radiometer_basic;cr1000xe_backbone,1.0904,calm,thermal,0,0.7861634492874146
7184,candidate_002,radiometer_basic;cr1000xe_backbone,1.0904,calm,thermal,0,0.7346764206886292
7184,candidate_002,radiometer_basic;cr1000xe_backbone,1.0904,calm,thermal,0,0.7494341135025024
7184,candidate_002,radiometer_basic;cr1000xe_backbone,1.0904,calm,thermal,0,0.7170664072036743
7184,candidate_002,radiometer_basic;cr1000xe_backbone,1.0904,calm,thermal,0,0.7216935753822327
7184,candidate_002,radiometer_basic;cr1000xe_backbone,1.0904,calm,thermal,0,0.6539320349693298
7184,candidate_002,radiometer_basic;cr1000xe_backbone,1.0904,calm,thermal,0,0.617279589176178
7184,candidate_002,radiometer_basic;cr1000xe_backbone,1.0904,calm,thermal,0,0.6051775217056274
7184,candidate_002,radiometer_basic;cr1000xe_backbone,1.0904,calm,thermal,0,0.5797459483146667
7184,candidate_002,radiometer_basic;cr1000xe_backbone,1.0904,calm,thermal,0,0.5433750152587891
7184,candidate_002,radiometer_basic;cr1000xe_backbone,1.0904,flux,thermal,2,0.4689173698425293
7184,candidate_002,radiometer_basic;cr1000xe_backbone,1.0904,flux,thermal,2,0.7520517706871033
7184,candidate_002,radiometer_basic;cr1000xe_backbone,1.0904,flux,thermal,2,1.086126446723938
7184,candidate_002,radiometer_basic;cr1000xe_backbone,1.0904,flux,thermal,2,1.3911188840866089
7184,candidate_002,radiometer_basic;cr1000xe_backbone,1.0904,flux,thermal,2,1.6846340894699097
7184,candidate_002,radiometer_basic;cr1000xe_backbone,1.0904,flux,thermal,2,1.9986350536346436
7184,candidate_002,radiometer_basic;cr1000xe_backbone,1.0904,flux,thermal,2,2.299067974090576
7184,candidate_002,radiometer_basic;cr1000xe_backbone,1.0904,flux,thermal,2,2.6137402057647705
7184,candidate_002,radiometer_basic;cr1000xe_backbone,1.0904,flux,thermal,2,2.925706148147583
7184,candidate_002,radiometer_basic;cr1000xe_backbone,1.0904,flux,transport,2,2.911695718765259
7184,candidate_002,radiometer_basic;cr1000xe_backbone,1.0904,flux,transport,2,2.8954522609710693
7184,candidate_002,radiometer_basic;cr1000xe_backbone,1.0904,flux,transport,2,2.8760087490081787
7184,candidate_002,radiometer_basic;cr1000xe_backbone,1.0904,flux,transport,2,2.8674046993255615
7184,candidate_002,radiometer_basic;cr1000xe_backbone,1.0904,flux,transport,2,2.8501856327056885
7184,candidate_002,radiometer_basic;cr1000xe_backbone,1.0904,flux,transport,2,2.838271141052246
7184,candidate_002,radiometer_basic;cr1000xe_backbone,1.0904,flux,transport,2,2.805899143218994
7184,candidate_002,radiometer_basic;cr1000xe_backbone,1.0904,flux,transport,2,2.7776992321014404
7184,candidate_002,radiometer_basic;cr1000xe_backbone,1.0904,flux,transport,2,2.7538647651672363
7184,candidate_002,radiometer_basic;cr1000xe_backbone,1.0904,flux,transport,2,2.745227813720703
7184,candidate_002,radiometer_basic;cr1000xe_backbone,1.0904,flux,transport,2,2.736344575881958
7184,candidate_002,radiometer_basic;cr1000xe_backbone,1.0904,flux,transport,2,2.7246856689453125
7184,candidate_002,radiometer_basic;cr1000xe_backbone,1.0904,flux,transport,2,2.7165074348449707
7184,candidate_002,radiometer_basic;cr1000xe_backbone,1.0904,flux,transport,2,2.6900088787078857
7184,candidate_002,radiometer_basic;cr1000xe_backbone,1.0904,flux,transport,2,2.4563307762145996
7184,candidate_002,radiometer_basic;cr1000xe_backbone,1.0904,flux,transport,2,2.2172346115112305
7184,candidate_002,radiometer_basic;cr1000xe_backbone,1.0904,flux,transport,2,1.980575442314148
7184,candidate_002,radiometer_basic;cr1000xe_backbone,1.0904,flux,transport,2,1.7574572563171387
7184,candidate_002,radiometer_basic;cr1000xe_backbone,1.0904,flux,transport,2,1.4279688596725464
7184,candidate_002,radiometer_basic;cr1000xe_backbone,1.0904,flux,transport,2,1.157853364944458
7184,candidate_002,radiometer_basic;cr1000xe_backbone,1.0904,flux,transport,2,0.8386092185974121
7184,candidate_002,radiometer_basic;cr1000xe_backbone,1.0904,flux,transport,2,0.5532030463218689
7184,candidate_002,radiometer_basic;cr1000xe_backbone,1.0904,flux,particle,2,0.5144588351249695
7184,candidate_002,radiometer_basic;cr1000xe_backbone,1.0904,flux,particle,2,0.4637354612350464
7184,candidate_002,radiometer_basic;cr1000xe_backbone,1.0904,flux,particle,2,0.38605743646621704
7184,candidate_002,radiometer_basic;cr1000xe_backbone,1.0904,flux,particle,2,0.273969829082489
7184,candidate_002,radiometer_basic;cr1000xe_backbone,1.0904,calm,particle,0,0.28792089223861694
7184,candidate_002,radiometer_basic;cr1000xe_backbone,1.0904,calm,particle,0,0.3059482276439667
7184,candidate_002,radiometer_basic;cr1000xe_backbone,1.0904,calm,particle,0,0.3546053469181061
7184,candidate_002,radiometer_basic;cr1000xe_backbone,1.0904,calm,particle,0,0.3288765847682953
7184,candidate_002,radiometer_basic;cr1000xe_backbone,1.0904,calm,particle,0,0.4469520151615143
7184,candidate_002,radiometer_basic;cr1000xe_backbone,1.0904,calm,particle,0,0.5023183226585388
7184,candidate_002,radiometer_basic;cr1000xe_backbone,1.0904,calm,particle,0,0.6020357608795166
7184,candidate_002,radiometer_basic;cr1000xe_backbone,1.0904,calm,particle,0,0.6285517811775208
7184,candidate_002,radiometer_basic;cr1000xe_backbone,1.0904,calm,particle,0,0.6900634765625
7184,candidate_002,radiometer_basic;cr1000xe_backbone,1.0904,calm,particle,0,0.7647797465324402
7184,candidate_002,radiometer_basic;cr1000xe_backbone,1.0904,calm,particle,0,0.8365610837936401
7184,candidate_002,radiometer_basic;cr1000xe_backbone,1.0904,calm,particle,0,0.8897598385810852
7184,candidate_002,radiometer_basic;cr1000xe_backbone,1.0904,flux,particle,2,0.9078429341316223
7184,candidate_002,radiometer_basic;cr1000xe_backbone,1.0904,flux,particle,2,0.9632931351661682
7184,candidate_002,radiometer_basic;cr1000xe_backbone,1.0904,flux,particle,2,0.9447016716003418
7184,candidate_002,radiometer_basic;cr1000xe_backbone,1.0904,flux,particle,2,0.9908376336097717
7184,candidate_002,radiometer_basic;cr1000xe_backbone,1.0904,flux,particle,2,0.9970171451568604
7184,candidate_002,radiometer_basic;cr1000xe_backbone,1.0904,flux,particle,2,1.0056408643722534
7184,candidate_002,radiometer_basic;cr1000xe_backbone,1.0904,flux,particle,2,0.999514102935791
7184,candidate_002,radiometer_basic;cr1000xe_backbone,1.0904,flux,particle,2,1.0307562351226807
7184,candidate_002,radiometer_basic;cr1000xe_backbone,1.0904,flux,particle,2,0.9417252540588379
7184,candidate_002,radiometer_basic;cr1000xe_backbone,1.0904,flux,particle,2,0.8951034545898438
7184,candidate_002,radiometer_basic;cr1000xe_backbone,1.0904,flux,particle,2,0.8033431172370911
7184,candidate_002,radiometer_basic;cr1000xe_backbone,1.0904,flux,particle,2,0.7541182041168213
7184,candidate_002,radiometer_basic;cr1000xe_backbone,1.0904,flux,particle,2,0.7094255685806274
7184,candidate_002,radiometer_basic;cr1000xe_backbone,1.0904,flux,particle,2,0.637201726436615
7184,candidate_002,radiometer_basic;cr1000xe_backbone,1.0904,flux,particle,2,0.5923329591751099
7184,candidate_002,radiometer_basic;cr1000xe_backbone,1.0904,flux,particle,2,0.5194694399833679
7184,candidate_002,radiometer_basic;cr1000xe_backbone,1.0904,flux,thermal,2,0.5357018113136292
7184,candidate_002,radiometer_basic;cr1000xe_backbone,1.0904,flux,thermal,2,0.5385996699333191
7184,candidate_002,radiometer_basic;cr1000xe_backbone,1.0904,flux,thermal,2,0.5495058298110962
7184,candidate_002,radiometer_basic;cr1000xe_backbone,1.0904,flux,thermal,2,0.5643084049224854
7184,candidate_002,radiometer_basic;cr1000xe_backbone,1.0904,flux,thermal,2,0.5197445154190063
7184,candidate_002,radiometer_basic;cr1000xe_backbone,1.0904,flux,thermal,2,0.5129035115242004
7184,candidate_002,radiometer_basic;cr1000xe_backbone,1.0904,flux,thermal,2,0.4788243770599365
7184,candidate_002,radiometer_basic;cr1000xe_backbone,1.0904,flux,thermal,2,0.4622136652469635
7184,candidate_002,radiometer_basic;cr1000xe_backbone,1.0904,flux,thermal,2,0.46143868565559387
7184,candidate_002,radiometer_basic;cr1000xe_backbone,1.0904,flux,thermal,2,0.4570440351963043
7184,candidate_002,radiometer_basic;cr1000xe_backbone,1.0904,flux,thermal,2,0.5051538944244385
7184,candidate_002,radiometer_basic;cr1000xe_backbone,1.0904,flux,thermal,2,0.5293864607810974
7184,candidate_002,radiometer_basic;cr1000xe_backbone,1.0904,flux,thermal,2,0.5353195667266846
7184,candidate_002,radiometer_basic;cr1000xe_backbone,1.0904,flux,thermal,2,0.5624094605445862
7184,candidate_002,radiometer_basic;cr1000xe_backbone,1.0904,flux,thermal,2,0.5959883332252502
7184,candidate_002,radiometer_basic;cr1000xe_backbone,1.0904,flux,thermal,2,0.6282398700714111
7184,candidate_002,radiometer_basic;cr1000xe_backbone,1.0904,flux,thermal,2,0.5741181969642639
7184,candidate_002,radiometer_basic;cr1000xe_backbone,1.0904,calm,thermal,0,0.5579674243927002
7184,candidate_002,radiometer_basic;cr1000xe_backbone,1.0904,calm,thermal,0,0.5661917924880981
7184,candidate_002,radiometer_basic;cr1000xe_backbone,1.0904,calm,thermal,0,0.6024525165557861
7184,candidate_002,radiometer_basic;cr1000xe_backbone,1.0904,calm,thermal,0,0.5532605051994324
7184,candidate_002,radiometer_basic;cr1000xe_backbone,1.0904,calm,thermal,0,0.842940628528595
7184,candidate_002,radiometer_basic;cr1000xe_backbone,1.0904,calm,thermal,0,1.1940497159957886
7184,candidate_002,radiometer_basic;cr1000xe_backbone,1.0904,calm,thermal,0,1.4555792808532715
7184,candidate_002,radiometer_basic;cr1000xe_backbone,1.0904,calm,thermal,0,1.7224645614624023
7184,candidate_002,radiometer_basic;cr1000xe_backbone,1.0904,calm,thermal,0,2.016096591949463
7184,candidate_002,radiometer_basic;cr1000xe_backbone,1.0904,calm,thermal,0,2.3095450401306152
7184,candidate_002,radiometer_basic;cr1000xe_backbone,1.0904,calm,thermal,0,2.5846011638641357
7184,candidate_002,radiometer_basic;cr1000xe_backbone,1.0904,calm,thermal,0,2.874216318130493
7184,candidate_002,radiometer_basic;cr1000xe_backbone,1.0904,thermal,transport,3,2.8853700160980225
7184,candidate_002,radiometer_basic;cr1000xe_backbone,1.0904,thermal,transport,3,2.8942489624023438
7184,candidate_002,radiometer_basic;cr1000xe_backbone,1.0904,thermal,transport,3,2.9081437587738037
7184,candidate_002,radiometer_basic;cr1000xe_backbone,1.0904,thermal,transport,3,2.911771059036255
7184,candidate_002,radiometer_basic;cr1000xe_backbone,1.0904,thermal,transport,3,2.919440507888794
7184,candidate_002,radiometer_basic;cr1000xe_backbone,1.0904,thermal,transport,3,2.9073615074157715
7184,candidate_002,radiometer_basic;cr1000xe_backbone,1.0904,thermal,transport,3,2.9038429260253906
7184,candidate_002,radiometer_basic;cr1000xe_backbone,1.0904,thermal,transport,3,2.9062461853027344
7184,candidate_002,radiometer_basic;cr1000xe_backbone,1.0904,thermal,transport,3,2.915921211242676
7184,candidate_002,radiometer_basic;cr1000xe_backbone,1.0904,thermal,transport,3,2.930504083633423
7184,candidate_002,radiometer_basic;cr1000xe_backbone,1.0904,thermal,transport,3,2.9281105995178223
7184,candidate_002,radiometer_basic;cr1000xe_backbone,1.0904,thermal,transport,3,2.9370124340057373
7184,candidate_002,radiometer_basic;cr1000xe_backbone,1.0904,thermal,transport,3,2.7192482948303223
7184,candidate_002,radiometer_basic;cr1000xe_backbone,1.0904,thermal,transport,3,2.51670503616333
7184,candidate_002,radiometer_basic;cr1000xe_backbone,1.0904,thermal,transport,3,2.3049800395965576
7184,candidate_002,radiometer_basic;cr1000xe_backbone,1.0904,thermal,transport,3,2.0789635181427
7184,candidate_002,radiometer_basic;cr1000xe_backbone,1.0904,thermal,transport,3,1.8752055168151855
7184,candidate_002,radiometer_basic;cr1000xe_backbone,1.0904,thermal,transport,3,1.6501175165176392
7184,candidate_002,radiometer_basic;cr1000xe_backbone,1.0904,thermal,transport,3,1.4377479553222656
7184,candidate_002,radiometer_basic;cr1000xe_backbone,1.0904,thermal,transport,3,1.2285796403884888
7184,candidate_002,radiometer_basic;cr1000xe_backbone,1.0904,thermal,particle,3,1.1929287910461426
7184,candidate_002,radiometer_basic;cr1000xe_backbone,1.0904,thermal,particle,3,1.1528797149658203
7184,candidate_002,radiometer_basic;cr1000xe_backbone,1.0904,thermal,particle,3,1.090578317642212
7184,candidate_002,radiometer_basic;cr1000xe_backbone,1.0904,thermal,particle,3,1.0017871856689453
7184,candidate_002,radiometer_basic;cr1000xe_backbone,1.0904,thermal,particle,3,0.9337091445922852
7184,candidate_002,radiometer_basic;cr1000xe_backbone,1.0904,thermal,particle,3,0.9131523966789246
7184,candidate_002,radiometer_basic;cr1000xe_backbone,1.0904,thermal,particle,3,0.8464324474334717
7184,candidate_002,radiometer_basic;cr1000xe_backbone,1.0904,thermal,particle,3,0.7787597179412842
7184,candidate_002,radiometer_basic;cr1000xe_backbone,1.0904,thermal,particle,3,0.7591787576675415
7184,candidate_002,radiometer_basic;cr1000xe_backbone,1.0904,calm,particle,0,0.7539673447608948
7184,candidate_002,radiometer_basic;cr1000xe_backbone,1.0904,calm,particle,0,0.7712165117263794
7184,candidate_002,radiometer_basic;cr1000xe_backbone,1.0904,calm,particle,0,0.7455878257751465
7184,candidate_002,radiometer_basic;cr1000xe_backbone,1.0904,calm,particle,0,0.7348712086677551
7184,candidate_002,radiometer_basic;cr1000xe_backbone,1.0904,calm,particle,0,0.7173066139221191
7184,candidate_002,radiometer_basic;cr1000xe_backbone,1.0904,calm,particle,0,0.7520561218261719
7184,candidate_002,radiometer_basic;cr1000xe_backbone,1.0904,calm,particle,0,0.6996219754219055
7184,candidate_002,radiometer_basic;cr1000xe_backbone,1.0904,calm,particle,0,0.6727617383003235
7184,candidate_002,radiometer_basic;cr1000xe_backbone,1.0904,calm,particle,0,0.6215338110923767
7184,candidate_002,radiometer_basic;cr1000xe_backbone,1.0904,calm,particle,0,0.5648328065872192
7184,candidate_002,radiometer_basic;cr1000xe_backbone,1.0904,calm,particle,0,0.5382983088493347
7184,candidate_002,radiometer_basic;cr1000xe_backbone,1.0904,calm,particle,0,0.45023441314697266
7184,candidate_002,radiometer_basic;cr1000xe_backbone,1.0904,calm,particle,0,0.41922804713249207
7184,candidate_002,radiometer_basic;cr1000xe_backbone,1.0904,calm,particle,0,0.40511441230773926
7184,candidate_002,radiometer_basic;cr1000xe_backbone,1.0904,thermal,thermal,3,0.3906504213809967
7184,candidate_002,radiometer_basic;cr1000xe_backbone,1.0904,thermal,thermal,3,0.39581331610679626
7184,candidate_002,radiometer_basic;cr1000xe_backbone,1.0904,thermal,thermal,3,0.4300469160079956
7184,candidate_002,radiometer_basic;cr1000xe_backbone,1.0904,thermal,thermal,3,0.42787545919418335
7184,candidate_002,radiometer_basic;cr1000xe_backbone,1.0904,thermal,thermal,3,0.4284934103488922
7184,candidate_002,radiometer_basic;cr1000xe_backbone,1.0904,thermal,thermal,3,0.4330942928791046
7184,candidate_002,radiometer_basic;cr1000xe_backbone,1.0904,thermal,thermal,3,0.43790191411972046
7184,candidate_002,radiometer_basic;cr1000xe_backbone,1.0904,thermal,thermal,3,0.4354362487792969
7184,candidate_002,radiometer_basic;cr1000xe_backbone,1.0904,thermal,thermal,3,0.4307146668434143
7184,candidate_002,radiometer_basic;cr1000xe_backbone,1.0904,thermal,thermal,3,0.4072844684123993
7184,candidate_002,radiometer_basic;cr1000xe_backbone,1.0904,thermal,thermal,3,0.4204671084880829
7184,candidate_002,radiometer_basic;cr1000xe_backbone,1.0904,thermal,thermal,3,0.41778266429901123
7184,candidate_002,radiometer_basic;cr1000xe_backbone,1.0904,thermal,thermal,3,0.422963410615921
7184,candidate_002,radiometer_basic;cr1000xe_backbone,1.0904,thermal,thermal,3,0.41261324286460876
7184,candidate_002,radiometer_basic;cr1000xe_backbone,1.0904,thermal,thermal,3,0.7581453323364258
7184,candidate_002,radiometer_basic;cr1000xe_backbone,1.0904,thermal,thermal,3,1.046130895614624
7184,candidate_002,radiometer_basic;cr1000xe_backbone,1.0904,thermal,thermal,3,1.3707047700881958
7184,candidate_002,radiometer_basic;cr1000xe_backbone,1.0904,thermal,thermal,3,1.7078526020050049
7184,candidate_002,radiometer_basic;cr1000xe_backbone,1.0904,thermal,thermal,3,2.024709463119507
7184,candidate_002,radiometer_basic;cr1000xe_backbone,1.0904,thermal,thermal,3,2.326456069946289
7184,candidate_002,radiometer_basic;cr1000xe_backbone,1.0904,thermal,thermal,3,2.6568660736083984
7184,candidate_002,radiometer_basic;cr1000xe_backbone,1.0904,thermal,thermal,3,2.981668472290039
7184,candidate_002,radiometer_basic;cr1000xe_backbone,1.0904,thermal,transport,3,2.980271816253662
7184,candidate_002,radiometer_basic;cr1000xe_backbone,1.0904,thermal,transport,3,2.966576099395752
7184,candidate_002,radiometer_basic;cr1000xe_backbone,1.0904,thermal,transport,3,2.9604833126068115
7184,candidate_002,radiometer_basic;cr1000xe_backbone,1.0904,thermal,transport,3,2.9705047607421875
7184,candidate_002,radiometer_basic;cr1000xe_backbone,1.0904,thermal,transport,3,2.970092535018921
7184,candidate_002,radiometer_basic;cr1000xe_backbone,1.0904,thermal,transport,3,2.9762167930603027
7184,candidate_002,radiometer_basic;cr1000xe_backbone,1.0904,thermal,transport,3,2.9778003692626953
7184,candidate_002,radiometer_basic;cr1000xe_backbone,1.0904,thermal,transport,3,2.9869651794433594
7184,candidate_002,radiometer_basic;cr1000xe_backbone,1.0904,thermal,transport,3,2.985147476196289
7184,candidate_002,radiometer_basic;cr1000xe_backbone,1.0904,thermal,transport,3,2.985833168029785
7184,candidate_002,radiometer_basic;cr1000xe_backbone,1.0904,thermal,transport,3,2.9934089183807373
7184,candidate_002,radiometer_basic;cr1000xe_backbone,1.0904,thermal,transport,3,2.9938108921051025
7184,candidate_002,radiometer_basic;cr1000xe_backbone,1.0904,thermal,transport,3,2.7793734073638916
7184,candidate_002,radiometer_basic;cr1000xe_backbone,1.0904,thermal,transport,3,2.577087879180908
7184,candidate_002,radiometer_basic;cr1000xe_backbone,1.0904,thermal,transport,3,2.3764102458953857
7184,candidate_002,radiometer_basic;cr1000xe_backbone,1.0904,thermal,transport,3,2.178377389907837
7184,candidate_002,radiometer_basic;cr1000xe_backbone,1.0904,thermal,transport,3,1.957993745803833
7184,candidate_002,radiometer_basic;cr1000xe_backbone,1.0904,thermal,transport,3,1.7119861841201782
7184,candidate_002,radiometer_basic;cr1000xe_backbone,1.0904,thermal,transport,3,1.4979451894760132
7184,candidate_002,radiometer_basic;cr1000xe_backbone,1.0904,thermal,transport,3,1.2443870306015015
7184,candidate_002,radiometer_basic;cr1000xe_backbone,1.0904,thermal,particle,3,1.2314931154251099
7184,candidate_002,radiometer_basic;cr1000xe_backbone,1.0904,thermal,particle,3,1.2041881084442139
7184,candidate_002,radiometer_basic;cr1000xe_backbone,1.0904,thermal,particle,3,1.2142868041992188
7184,candidate_002,radiometer_basic;cr1000xe_backbone,1.0904,thermal,particle,3,1.1858243942260742
7184,candidate_002,radiometer_basic;cr1000xe_backbone,1.0904,thermal,particle,3,1.2015101909637451
7184,candidate_002,radiometer_basic;cr1000xe_backbone,1.0904,thermal,particle,3,1.1006242036819458
7184,candidate_002,radiometer_basic;cr1000xe_backbone,1.0904,thermal,particle,3,1.0404216051101685
7184,candidate_002,radiometer_basic;cr1000xe_backbone,1.0904,thermal,particle,3,0.9862161874771118
7184,candidate_003,met_station_core;radiometer_basic;cr1000xe_backbone,1.8104,calm,particle,0,0.6547794342041016
7184,candidate_003,met_station_core;radiometer_basic;cr1000xe_backbone,1.8104,calm,particle,0,0.5116282105445862
7184,candidate_003,met_station_core;radiometer_basic;cr1000xe_backbone,1.8104,calm,particle,0,0.5620622634887695
7184,candidate_003,met_station_core;radiometer_basic;cr1000xe_backbone,1.8104,calm,particle,0,0.6695964336395264
7184,candidate_003,met_station_core;radiometer_basic;cr1000xe_backbone,1.8104,calm,particle,0,0.6003199815750122
7184,candidate_003,met_station_core;radiometer_basic;cr1000xe_backbone,1.8104,calm,particle,0,0.48290538787841797
7184,candidate_003,met_station_core;radiometer_basic;cr1000xe_backbone,1.8104,calm,particle,0,0.3186028003692627
7184,candidate_003,met_station_core;radiometer_basic;cr1000xe_backbone,1.8104,calm,particle,0,0.32506436109542847
7184,candidate_003,met_station_core;radiometer_basic;cr1000xe_backbone,1.8104,calm,particle,0,0.3386215269565582
7184,candidate_003,met_station_core;radiometer_basic;cr1000xe_backbone,1.8104,calm,particle,0,0.27514031529426575
7184,candidate_003,met_station_core;radiometer_basic;cr1000xe_backbone,1.8104,calm,particle,0,0.24544794857501984
7184,candidate_003,met_station_core;radiometer_basic;cr1000xe_backbone,1.8104,calm,particle,0,0.21781155467033386
7184,candidate_003,met_station_core;radiometer_basic;cr1000xe_backbone,1.8104,calm,particle,0,0.1447048783302307
7184,candidate_003,met_station_core;radiometer_basic;cr1000xe_backbone,1.8104,calm,particle,0,0.16517303884029388
7184,candidate_003,met_station_core;radiometer_basic;cr1000xe_backbone,1.8104,calm,particle,0,0.1357872039079666
7184,candidate_003,met_station_core;radiometer_basic;cr1000xe_backbone,1.8104,calm,particle,0,0.22437819838523865
7184,candidate_003,met_station_core;radiometer_basic;cr1000xe_backbone,1.8104,calm,particle,0,0.17019499838352203
7184,candidate_003,met_station_core;radiometer_basic;cr1000xe_backbone,1.8104,calm,particle,0,0.21138395369052887
7184,candidate_003,met_station_core;radiometer_basic;cr1000xe_backbone,1.8104,calm,particle,0,0.17057126760482788
7184,candidate_003,met_station_core;radiometer_basic;cr1000xe_backbone,1.8104,calm,particle,0,0.19298464059829712
7184,candidate_003,met_station_core;radiometer_basic;cr1000xe_backbone,1.8104,calm,particle,0,0.15922865271568298
7184,candidate_003,met_station_core;radiometer_basic;cr1000xe_backbone,1.8104,calm,thermal,0,0.22789746522903442
7184,candidate_003,met_station_core;radiometer_basic;cr1000xe_backbone,1.8104,calm,thermal,0,0.19737645983695984
7184,candidate_003,met_station_core;radiometer_basic;cr1000xe_backbone,1.8104,calm,thermal,0,0.2376958280801773
7184,candidate_003,met_station_core;radiometer_basic;cr1000xe_backbone,1.8104,calm,thermal,0,0.23960572481155396
7184,candidate_003,met_station_core;radiometer_basic;cr1000xe_backbone,1.8104,calm,thermal,0,0.2184092104434967
7184,candidate_003,met_station_core;radiometer_basic;cr1000xe_backbone,1.8104,calm,thermal,0,0.24163517355918884
7184,candidate_003,met_station_core;radiometer_basic;cr1000xe_backbone,1.8104,calm,thermal,0,0.25404679775238037
7184,candidate_003,met_station_core;radiometer_basic;cr1000xe_backbone,1.8104,calm,thermal,0,0.2228599488735199
7184,candidate_003,met_station_core;radiometer_basic;cr1000xe_backbone,1.8104,calm,thermal,0,0.26098179817199707
7184,candidate_003,met_station_core;radiometer_basic;cr1000xe_backbone,1.8104,calm,thermal,0,0.256992906332016
7184,candidate_003,met_station_core;radiometer_basic;cr1000xe_backbone,1.8104,calm,thermal,0,0.2390723079442978
7184,candidate_003,met_station_core;radiometer_basic;cr1000xe_backbone,1.8104,calm,thermal,0,0.27001410722732544
7184,candidate_003,met_station_core;radiometer_basic;cr1000xe_backbone,1.8104,calm,thermal,0,0.25753769278526306
7184,candidate_003,met_station_core;radiometer_basic;cr1000xe_backbone,1.8104,calm,thermal,0,0.2432628870010376
7184,candidate_003,met_station_core;radiometer_basic;cr1000xe_backbone,1.8104,calm,thermal,0,0.2019655704498291
7184,candidate_003,met_station_core;radiometer_basic;cr1000xe_backbone,1.8104,calm,thermal,0,0.15364938974380493
7184,candidate_003,met_station_core;radiometer_basic;cr1000xe_backbone,1.8104,calm,thermal,0,0.14998877048492432
7184,candidate_003,met_station_core;radiometer_basic;cr1000xe_backbone,1.8104,calm,thermal,0,0.13022343814373016
7184,candidate_003,met_station_core;radiometer_basic;cr1000xe_backbone,1.8104,calm,thermal,0,0.10763730108737946
7184,candidate_003,met_station_core;radiometer_basic;cr1000xe_backbone,1.8104,calm,thermal,0,0.1302831768989563
7184,candidate_003,met_station_core;radiometer_basic;cr1000xe_backbone,1.8104,calm,thermal,0,0.12637455761432648
7184,candidate_003,met_station_core;radiometer_basic;cr1000xe_backbone,1.8104,calm,thermal,0,0.14704790711402893
7184,candidate_003,met_station_core;radiometer_basic;cr1000xe_backbone,1.8104,calm,thermal,0,0.163628950715065
7184,candidate_003,met_station_core;radiometer_basic;cr1000xe_backbone,1.8104,calm,thermal,0,0.16480104625225067
7184,candidate_003,met_station_core;radiometer_basic;cr1000xe_backbone,1.8104,calm,thermal,0,0.1791660338640213
7184,candidate_003,met_station_core;radiometer_basic;cr1000xe_backbone,1.8104,calm,thermal,0,0.20676583051681519
7184,candidate_003,met_station_core;radiometer_basic;cr1000xe_backbone,1.8104,calm,thermal,0,0.2280416488647461
7184,candidate_003,met_station_core;radiometer_basic;cr1000xe_backbone,1.8104,calm,thermal,0,0.24683605134487152
7184,candidate_003,met_station_core;radiometer_basic;cr1000xe_backbone,1.8104,calm,thermal,0,0.23009993135929108
7184,candidate_003,met_station_core;radiometer_basic;cr1000xe_backbone,1.8104,calm,thermal,0,0.24795860052108765
7184,candidate_003,met_station_core;radiometer_basic;cr1000xe_backbone,1.8104,calm,thermal,0,0.21284255385398865
7184,candidate_003,met_station_core;radiometer_basic;cr1000xe_backbone,1.8104,calm,thermal,0,0.24172024428844452
7184,candidate_003,met_station_core;radiometer_basic;cr1000xe_backbone,1.8104,calm,thermal,0,0.2284214198589325
7184,candidate_003,met_station_core;radiometer_basic;cr1000xe_backbone,1.8104,calm,transport,0,0.28146860003471375
7184,candidate_003,met_station_core;radiometer_basic;cr1000xe_backbone,1.8104,calm,transport,0,0.2867594063282013
7184,candidate_003,met_station_core;radiometer_basic;cr1000xe_backbone,1.8104,calm,transport,0,0.3135055899620056
7184,candidate_003,met_station_core;radiometer_basic;cr1000xe_backbone,1.8104,calm,transport,0,0.28205955028533936
7184,candidate_003,met_station_core;radiometer_basic;cr1000xe_backbone,1.8104,calm,transport,0,0.272377073764801
7184,candidate_003,met_station_core;radiometer_basic;cr1000xe_backbone,1.8104,calm,transport,0,0.2325475513935089
7184,candidate_003,met_station_core;radiometer_basic;cr1000xe_backbone,1.8104,calm,transport,0,0.1460380107164383
7184,candidate_003,met_station_core;radiometer_basic;cr1000xe_backbone,1.8104,calm,transport,0,0.1219366118311882
7184,candidate_003,met_station_core;radiometer_basic;cr1000xe_backbone,1.8104,calm,transport,0,0.1659877896308899
7184,candidate_003,met_station_core;radiometer_basic;cr1000xe_backbone,1.8104,calm,transport,0,0.18624456226825714
7184,candidate_003,met_station_core;radiometer_basic;cr1000xe_backbone,1.8104,calm,transport,0,0.193802148103714
7184,candidate_003,met_station_core;radiometer_basic;cr1000xe_backbone,1.8104,calm,transport,0,0.15417635440826416
7184,candidate_003,met_station_core;radiometer_basic;cr1000xe_backbone,1.8104,calm,transport,0,0.14591439068317413
7184,candidate_003,met_station_core;radiometer_basic;cr1000xe_backbone,1.8104,calm,transport,0,0.16416223347187042
7184,candidate_003,met_station_core;radiometer_basic;cr1000xe_backbone,1.8104,calm,transport,0,0.15960612893104553
7184,candidate_003,met_station_core;radiometer_basic;cr1000xe_backbone,1.8104,calm,transport,0,0.14897562563419342
7184,candidate_003,met_station_core;radiometer_basic;cr1000xe_backbone,1.8104,calm,transport,0,0.1285315752029419
7184,candidate_003,met_station_core;radiometer_basic;cr1000xe_backbone,1.8104,calm,transport,0,0.13699455559253693
7184,candidate_003,met_station_core;radiometer_basic;cr1000xe_backbone,1.8104,calm,transport,0,0.10783035308122635
7184,candidate_003,met_station_core;radiometer_basic;cr1000xe_backbone,1.8104,calm,transport,0,0.1509554535150528
7184,candidate_003,met_station_core;radiometer_basic;cr1000xe_backbone,1.8104,calm,transport,0,0.15356087684631348
7184,candidate_003,met_station_core;radiometer_basic;cr1000xe_backbone,1.8104,calm,transport,0,0.19018715620040894
7184,candidate_003,met_station_core;radiometer_basic;cr1000xe_backbone,1.8104,calm,transport,0,0.20621603727340698
7184,candidate_003,met_station_core;radiometer_basic;cr1000xe_backbone,1.8104,calm,transport,0,0.19596248865127563
7184,candidate_003,met_station_core;radiometer_basic;cr1000xe_backbone,1.8104,calm,transport,0,0.22218351066112518
7184,candidate_003,met_station_core;radiometer_basic;cr1000xe_backbone,1.8104,calm,transport,0,0.23407603800296783
7184,candidate_003,met_station_core;radiometer_basic;cr1000xe_backbone,1.8104,calm,transport,0,0.17705120146274567
7184,candidate_003,met_station_core;radiometer_basic;cr1000xe_backbone,1.8104,calm,transport,0,0.15299029648303986
7184,candidate_003,met_station_core;radiometer_basic;cr1000xe_backbone,1.8104,calm,transport,0,0.16821271181106567
7184,candidate_003,met_station_core;radiometer_basic;cr1000xe_backbone,1.8104,calm,transport,0,0.1701921820640564
7184,candidate_003,met_station_core;radiometer_basic;cr1000xe_backbone,1.8104,calm,transport,0,0.13526102900505066
7184,candidate_003,met_station_core;radiometer_basic;cr1000xe_backbone,1.8104,calm,transport,0,0.13387027382850647
7184,candidate_003,met_station_core;radiometer_basic;cr1000xe_backbone,1.8104,calm,transport,0,0.13436512649059296
7184,candidate_003,met_station_core;radiometer_basic;cr1000xe_backbone,1.8104,calm,transport,0,0.16010482609272003
7184,candidate_003,met_station_core;radiometer_basic;cr1000xe_backbone,1.8104,calm,transport,0,0.2002742439508438
7184,candidate_003,met_station_core;radiometer_basic;cr1000xe_backbone,1.8104,calm,transport,0,0.23827499151229858
7184,candidate_003,met_station_core;radiometer_basic;cr1000xe_backbone,1.8104,calm,particle,0,0.3201472759246826
7184,candidate_003,met_station_core;radiometer_basic;cr1000xe_backbone,1.8104,calm,particle,0,0.327945351600647
7184,candidate_003,met_station_core;radiometer_basic;cr1000xe_backbone,1.8104,calm,particle,0,0.2863766849040985
7184,candidate_003,met_station_core;radiometer_basic;cr1000xe_backbone,1.8104,calm,particle,0,0.23676753044128418
7184,candidate_003,met_station_core;radiometer_basic;cr1000xe_backbone,1.8104,calm,particle,0,0.22091402113437653
7184,candidate_003,met_station_core;radiometer_basic;cr1000xe_backbone,1.8104,calm,particle,0,0.18366645276546478
7184,candidate_003,met_station_core;radiometer_basic;cr1000xe_backbone,1.8104,calm,particle,0,0.17811629176139832
7184,candidate_003,met_station_core;radiometer_basic;cr1000xe_backbone,1.8104,calm,particle,0,0.21809911727905273
7184,candidate_003,met_station_core;radiometer_basic;cr1000xe_backbone,1.8104,calm,particle,0,0.25399598479270935
7184,candidate_003,met_station_core;radiometer_basic;cr1000xe_backbone,1.8104,calm,particle,0,0.3114897310733795
7184,candidate_003,met_station_core;radiometer_basic;cr1000xe_backbone,1.8104,calm,particle,0,0.34829339385032654
7184,candidate_003,met_station_core;radiometer_basic;cr1000xe_backbone,1.8104,calm,particle,0,0.40084633231163025
7184,candidate_003,met_station_core;radiometer_basic;cr1000xe_backbone,1.8104,calm,particle,0,0.38291290402412415
7184,candidate_003,met_station_core;radiometer_basic;cr1000xe_backbone,1.8104,calm,particle,0,0.40439629554748535
7184,candidate_003,met_station_core;radiometer_basic;cr1000xe_backbone,1.8104,calm,particle,0,0.39318662881851196
7184,candidate_003,met_station_core;radiometer_basic;cr1000xe_backbone,1.8104,calm,particle,0,0.34865498542785645
7184,candidate_003,met_station_core;radiometer_basic;cr1000xe_backbone,1.8104,calm,particle,0,0.21595582365989685
7184,candidate_003,met_station_core;radiometer_basic;cr1000xe_backbone,1.8104,calm,particle,0,0.1695626974105835
7184,candidate_003,met_station_core;radiometer_basic;cr1000xe_backbone,1.8104,calm,particle,0,0.14421528577804565
7184,candidate_003,met_station_core;radiometer_basic;cr1000xe_backbone,1.8104,calm,particle,0,0.16670311987400055
7184,candidate_003,met_station_core;radiometer_basic;cr1000xe_backbone,1.8104,calm,particle,0,0.18882404267787933
7184,candidate_003,met_station_core;radiometer_basic;cr1000xe_backbone,1.8104,calm,particle,0,0.15518267452716827
7184,candidate_003,met_station_core;radiometer_basic;cr1000xe_backbone,1.8104,calm,particle,0,0.23293882608413696
7184,candidate_003,met_station_core;radiometer_basic;cr1000xe_backbone,1.8104,calm,particle,0,0.2311370074748993
7184,candidate_003,met_station_core;radiometer_basic;cr1000xe_backbone,1.8104,calm,particle,0,0.2333533763885498
7184,candidate_003,met_station_core;radiometer_basic;cr1000xe_backbone,1.8104,calm,particle,0,0.2962282598018646
7184,candidate_003,met_station_core;radiometer_basic;cr1000xe_backbone,1.8104,calm,particle,0,0.27163398265838623
7184,candidate_003,met_station_core;radiometer_basic;cr1000xe_backbone,1.8104,calm,particle,0,0.26747435331344604
7184,candidate_003,met_station_core;radiometer_basic;cr1000xe_backbone,1.8104,calm,particle,0,0.19925014674663544
7184,candidate_003,met_station_core;radiometer_basic;cr1000xe_backbone,1.8104,calm,particle,0,0.20092160999774933
7184,candidate_003,met_station_core;radiometer_basic;cr1000xe_backbone,1.8104,calm,particle,0,0.20023123919963837
7184,candidate_003,met_station_core;radiometer_basic;cr1000xe_backbone,1.8104,calm,particle,0,0.1928432583808899
7184,candidate_003,met_station_core;radiometer_basic;cr1000xe_backbone,1.8104,calm,particle,0,0.24269798398017883
7184,candidate_003,met_station_core;radiometer_basic;cr1000xe_backbone,1.8104,calm,particle,0,0.2708160877227783
7184,candidate_003,met_station_core;radiometer_basic;cr1000xe_backbone,1.8104,calm,thermal,0,0.24022741615772247
7184,candidate_003,met_station_core;radiometer_basic;cr1000xe_backbone,1.8104,calm,thermal,0,0.26168063282966614
7184,candidate_003,met_station_core;radiometer_basic;cr1000xe_backbone,1.8104,calm,thermal,0,0.2750347852706909
7184,candidate_003,met_station_core;radiometer_basic;cr1000xe_backbone,1.8104,calm,thermal,0,0.29163092374801636
7184,candidate_003,met_station_core;radiometer_basic;cr1000xe_backbone,1.8104,calm,thermal,0,0.28033962845802307
7184,candidate_003,met_station_core;radiometer_basic;cr1000xe_backbone,1.8104,calm,thermal,0,0.24279798567295074
7184,candidate_003,met_station_core;radiometer_basic;cr1000xe_backbone,1.8104,calm,thermal,0,0.2627309262752533
7184,candidate_003,met_station_core;radiometer_basic;cr1000xe_backbone,1.8104,calm,thermal,0,0.20970891416072845
7184,candidate_003,met_station_core;radiometer_basic;cr1000xe_backbone,1.8104,calm,thermal,0,0.1978551596403122
7184,candidate_003,met_station_core;radiometer_basic;cr1000xe_backbone,1.8104,calm,thermal,0,0.1698509007692337
7184,candidate_003,met_station_core;radiometer_basic;cr1000xe_backbone,1.8104,calm,thermal,0,0.19445979595184326
7184,candidate_003,met_station_core;radiometer_basic;cr1000xe_backbone,1.8104,calm,thermal,0,0.2082207351922989
7184,candidate_003,met_station_core;radiometer_basic;cr1000xe_backbone,1.8104,calm,thermal,0,0.21040953695774078
7184,candidate_003,met_station_core;radiometer_basic;cr1000xe_backbone,1.8104,calm,thermal,0,0.1990814357995987
7184,candidate_003,met_station_core;radiometer_basic;cr1000xe_backbone,1.8104,calm,thermal,0,0.21963554620742798
7184,candidate_003,met_station_core;radiometer_basic;cr1000xe_backbone,1.8104,calm,thermal,0,0.23077629506587982
7184,candidate_003,met_station_core;radiometer_basic;cr1000xe_backbone,1.8104,calm,thermal,0,0.2332763969898224
7184,candidate_003,met_station_core;radiometer_basic;cr1000xe_backbone,1.8104,calm,thermal,0,0.22034087777137756
7184,candidate_003,met_station_core;radiometer_basic;cr1000xe_backbone,1.8104,calm,thermal,0,0.20552992820739746
7184,candidate_003,met_station_core;radiometer_basic;cr1000xe_backbone,1.8104,calm,thermal,0,0.20836898684501648
7184,candidate_003,met_station_core;radiometer_basic;cr1000xe_backbone,1.8104,calm,thermal,0,0.20972563326358795
7184,candidate_003,met_station_core;radiometer_basic;cr1000xe_backbone,1.8104,calm,thermal,0,0.19830381870269775
7184,candidate_003,met_station_core;radiometer_basic;cr1000xe_backbone,1.8104,calm,thermal,0,0.268257200717926
7184,candidate_003,met_station_core;radiometer_basic;cr1000xe_backbone,1.8104,calm,thermal,0,0.37013009190559387
7184,candidate_003,met_station_core;radiometer_basic;cr1000xe_backbone,1.8104,calm,thermal,0,0.4068072438240051
7184,candidate_003,met_station_core;radiometer_basic;cr1000xe_backbone,1.8104,calm,thermal,0,0.38765662908554077
7184,candidate_003,met_station_core;radiometer_basic;cr1000xe_backbone,1.8104,calm,transport,0,0.3454791009426117
7184,candidate_003,met_station_core;radiometer_basic;cr1000xe_backbone,1.8104,calm,transport,0,0.3245686888694763
7184,candidate_003,met_station_core;radiometer_basic;cr1000xe_backbone,1.8104,calm,transport,0,0.3209768831729889
7184,candidate_003,met_station_core;radiometer_basic;cr1000xe_backbone,1.8104,calm,transport,0,0.3300148546695709
7184,candidate_003,met_station_core;radiometer_basic;cr1000xe_backbone,1.8104,calm,transport,0,0.34174227714538574
7184,candidate_003,met_station_core;radiometer_basic;cr1000xe_backbone,1.8104,calm,transport,0,0.34302839636802673
7184,candidate_003,met_station_core;radiometer_basic;cr1000xe_backbone,1.8104,calm,transport,0,0.27203473448753357
7184,candidate_003,met_station_core;radiometer_basic;cr1000xe_backbone,1.8104,calm,transport,0,0.24404177069664001
7184,candidate_003,met_station_core;radiometer_basic;cr1000xe_backbone,1.8104,calm,transport,0,0.2671712040901184
7184,candidate_003,met_station_core;radiometer_basic;cr1000xe_backbone,1.8104,calm,transport,0,0.2064928412437439
7184,candidate_003,met_station_core;radiometer_basic;cr1000xe_backbone,1.8104,calm,transport,0,0.22084003686904907
7184,candidate_003,met_station_core;radiometer_basic;cr1000xe_backbone,1.8104,calm,transport,0,0.21159234642982483
7184,candidate_003,met_station_core;radiometer_basic;cr1000xe_backbone,1.8104,calm,transport,0,0.2431144267320633
7184,candidate_003,met_station_core;radiometer_basic;cr1000xe_backbone,1.8104,calm,transport,0,0.265816867351532
7184,candidate_003,met_station_core;radiometer_basic;cr1000xe_backbone,1.8104,calm,transport,0,0.24599435925483704
7184,candidate_003,met_station_core;radiometer_basic;cr1000xe_backbone,1.8104,calm,transport,0,0.2670508623123169
7184,candidate_003,met_station_core;radiometer_basic;cr1000xe_backbone,1.8104,calm,transport,0,0.3328552544116974
7184,candidate_003,met_station_core;radiometer_basic;cr1000xe_backbone,1.8104,calm,transport,0,0.39375683665275574
7184,candidate_003,met_station_core;radiometer_basic;cr1000xe_backbone,1.8104,calm,transport,0,0.3903038799762726
7184,candidate_003,met_station_core;radiometer_basic;cr1000xe_backbone,1.8104,calm,transport,0,0.35502102971076965
7184,candidate_003,met_station_core;radiometer_basic;cr1000xe_backbone,1.8104,calm,transport,0,0.366564005613327
7184,candidate_003,met_station_core;radiometer_basic;cr1000xe_backbone,1.8104,calm,transport,0,0.37813064455986023
7184,candidate_003,met_station_core;radiometer_basic;cr1000xe_backbone,1.8104,calm,transport,0,0.37799271941185
7184,candidate_003,met_station_core;radiometer_basic;cr1000xe_backbone,1.8104,calm,transport,0,0.40407729148864746
7184,candidate_003,met_station_core;radiometer_basic;cr1000xe_backbone,1.8104,calm,transport,0,0.39574605226516724
7184,candidate_003,met_station_core;radiometer_basic;cr1000xe_backbone,1.8104,calm,particle,0,0.4497692883014679
7184,candidate_003,met_station_core;radiometer_basic;cr1000xe_backbone,1.8104,calm,particle,0,0.4574674963951111
7184,candidate_003,met_station_core;radiometer_basic;cr1000xe_backbone,1.8104,calm,particle,0,0.4705921709537506
7184,candidate_003,met_station_core;radiometer_basic;cr1000xe_backbone,1.8104,calm,particle,0,0.4586907625198364
7184,candidate_003,met_station_core;radiometer_basic;cr1000xe_backbone,1.8104,calm,particle,0,0.3984796106815338
7184,candidate_003,met_station_core;radiometer_basic;cr1000xe_backbone,1.8104,calm,particle,0,0.3563803434371948
7184,candidate_003,met_station_core;radiometer_basic;cr1000xe_backbone,1.8104,calm,particle,0,0.32419413328170776
7184,candidate_003,met_station_core;radiometer_basic;cr1000xe_backbone,1.8104,calm,particle,0,0.26984772086143494
7184,candidate_003,met_station_core;radiometer_basic;cr1000xe_backbone,1.8104,calm,particle,0,0.23868922889232635
7184,candidate_003,met_station_core;radiometer_basic;cr1000xe_backbone,1.8104,calm,particle,0,0.29928216338157654
7184,candidate_003,met_station_core;radiometer_basic;cr1000xe_backbone,1.8104,calm,particle,0,0.28552520275115967
7184,candidate_003,met_station_core;radiometer_basic;cr1000xe_backbone,1.8104,calm,particle,0,0.2767737805843353
7184,candidate_003,met_station_core;radiometer_basic;cr1000xe_backbone,1.8104,calm,particle,0,0.36764150857925415
7184,candidate_003,met_station_core;radiometer_basic;cr1000xe_backbone,1.8104,calm,particle,0,0.379259318113327
7184,candidate_003,met_station_core;radiometer_basic;cr1000xe_backbone,1.8104,calm,particle,0,0.40891242027282715
7184,candidate_003,met_station_core;radiometer_basic;cr1000xe_backbone,1.8104,calm,particle,0,0.4355129301548004
7184,candidate_003,met_station_core;radiometer_basic;cr1000xe_backbone,1.8104,calm,particle,0,0.4607546031475067
7184,candidate_003,met_station_core;radiometer_basic;cr1000xe_backbone,1.8104,calm,particle,0,0.4776514172554016
7184,candidate_003,met_station_core;radiometer_basic;cr1000xe_backbone,1.8104,calm,particle,0,0.5368654131889343
7184,candidate_003,met_station_core;radiometer_basic;cr1000xe_backbone,1.8104,calm,particle,0,0.4364377558231354
7184,candidate_003,met_station_core;radiometer_basic;cr1000xe_backbone,1.8104,calm,particle,0,0.4890190660953522
7184,candidate_003,met_station_core;radiometer_basic;cr1000xe_backbone,1.8104,calm,particle,0,0.4516088664531708
7184,candidate_003,met_station_core;radiometer_basic;cr1000xe_backbone,1.8104,calm,particle,0,0.44551989436149597
7184,candidate_003,met_station_core;radiometer_basic;cr1000xe_backbone,1.8104,calm,particle,0,0.48218175768852234
7184,candidate_003,met_station_core;radiometer_basic;cr1000xe_backbone,1.8104,calm,particle,0,0.5067426562309265
7184,candidate_003,met_station_core;radiometer_basic;cr1000xe_backbone,1.8104,calm,particle,0,0.49098193645477295
7184,candidate_003,met_station_core;radiometer_basic;cr1000xe_backbone,1.8104,calm,particle,0,0.47279176115989685
7184,candidate_003,met_station_core;radiometer_basic;cr1000xe_backbone,1.8104,calm,particle,0,0.45434314012527466
7184,candidate_003,met_station_core;radiometer_basic;cr1000xe_backbone,1.8104,calm,particle,0,0.45434892177581787
7184,candidate_003,met_station_core;radiometer_basic;cr1000xe_backbone,1.8104,calm,particle,0,0.4234467148780823
7184,candidate_003,met_station_core;radiometer_basic;cr1000xe_backbone,1.8104,calm,particle,0,0.43269863724708557
7184,candidate_003,met_station_core;radiometer_basic;cr1000xe_backbone,1.8104,calm,particle,0,0.45207148790359497
7184,candidate_003,met_station_core;radiometer_basic;cr1000xe_backbone,1.8104,calm,thermal,0,0.4982015788555145
7184,candidate_003,met_station_core;radiometer_basic;cr1000xe_backbone,1.8104,calm,thermal,0,0.4937608540058136
7184,candidate_003,met_station_core;radiometer_basic;cr1000xe_backbone,1.8104,calm,thermal,0,0.6018201112747192
7184,candidate_003,met_station_core;radiometer_basic;cr1000xe_backbone,1.8104,calm,thermal,0,0.6038341522216797
7184,candidate_003,met_station_core;radiometer_basic;cr1000xe_backbone,1.8104,calm,thermal,0,0.5962342023849487
7184,candidate_003,met_station_core;radiometer_basic;cr1000xe_backbone,1.8104,calm,thermal,0,0.607843279838562
7184,candidate_003,met_station_core;radiometer_basic;cr1000xe_backbone,1.8104,calm,thermal,0,0.626068115234375
7184,candidate_003,met_station_core;radiometer_basic;cr1000xe_backbone,1.8104,calm,thermal,0,0.6493845582008362
7184,candidate_003,met_station_core;radiometer_basic;cr1000xe_backbone,1.8104,calm,thermal,0,0.718520998954773
7184,candidate_003,met_station_core;radiometer_basic;cr1000xe_backbone,1.8104,calm,thermal,0,0.7049945592880249
7184,candidate_003,met_station_core;radiometer_basic;cr1000xe_backbone,1.8104,calm,thermal,0,0.6781569123268127
7184,candidate_003,met_station_core;radiometer_basic;cr1000xe_backbone,1.8104,calm,thermal,0,0.6953720450401306
7184,candidate_003,met_station_core;radiometer_basic;cr1000xe_backbone,1.8104,calm,thermal,0,0.6406341195106506
7184,candidate_003,met_station_core;radiometer_basic;cr1000xe_backbone,1.8104,calm,thermal,0,0.7128505110740662
7184,candidate_003,met_station_core;radiometer_basic;cr1000xe_backbone,1.8104,calm,thermal,0,0.6431925296783447
7184,candidate_003,met_station_core;radiometer_basic;cr1000xe_backbone,1.8104,calm,thermal,0,0.6310917735099792
7184,candidate_003,met_station_core;radiometer_basic;cr1000xe_backbone,1.8104,calm,thermal,0,0.6378072500228882
7184,candidate_003,met_station_core;radiometer_basic;cr1000xe_backbone,1.8104,calm,thermal,0,0.5861882567405701
7184,candidate_003,met_station_core;radiometer_basic;cr1000xe_backbone,1.8104,calm,thermal,0,0.651549220085144
7184,candidate_003,met_station_core;radiometer_basic;cr1000xe_backbone,1.8104,calm,thermal,0,0.5952737331390381
7184,candidate_003,met_station_core;radiometer_basic;cr1000xe_backbone,1.8104,calm,thermal,0,0.5987076163291931
7184,candidate_003,met_station_core;radiometer_basic;cr1000xe_backbone,1.8104,calm,transport,0,0.5117233395576477
7184,candidate_003,met_station_core;radiometer_basic;cr1000xe_backbone,1.8104,calm,transport,0,0.4650975465774536
7184,candidate_003,met_station_core;radiometer_basic;cr1000xe_backbone,1.8104,calm,transport,0,0.49174487590789795
7184,candidate_003,met_station_core;radiometer_basic;cr1000xe_backbone,1.8104,calm,transport,0,0.4376954138278961
7184,candidate_003,met_station_core;radiometer_basic;cr1000xe_backbone,1.8104,calm,transport,0,0.45339712500572205
7184,candidate_003,met_station_core;radiometer_basic;cr1000xe_backbone,1.8104,calm,transport,0,0.513453483581543
7184,candidate_003,met_station_core;radiometer_basic;cr1000xe_backbone,1.8104,calm,transport,0,0.4707949459552765
7184,candidate_003,met_station_core;radiometer_basic;cr1000xe_backbone,1.8104,calm,transport,0,0.44721826910972595
7184,candidate_003,met_station_core;radiometer_basic;cr1000xe_backbone,1.8104,calm,transport,0,0.49414151906967163
7184,candidate_003,met_station_core;radiometer_basic;cr1000xe_backbone,1.8104,calm,transport,0,0.45358777046203613
7184,candidate_003,met_station_core;radiometer_basic;cr1000xe_backbone,1.8104,calm,transport,0,0.444477379322052
7184,candidate_003,met_station_core;radiometer_basic;cr1000xe_backbone,1.8104,calm,transport,0,0.4772769510746002
7184,candidate_003,met_station_core;radiometer_basic;cr1000xe_backbone,1.8104,calm,transport,0,0.4200913906097412
7184,candidate_003,met_station_core;radiometer_basic;cr1000xe_backbone,1.8104,calm,transport,0,0.46208107471466064
7184,candidate_003,met_station_core;radiometer_basic;cr1000xe_backbone,1.8104,calm,transport,0,0.518136203289032
7184,candidate_003,met_station_core;radiometer_basic;cr1000xe_backbone,1.8104,calm,transport,0,0.6042824983596802
7184,candidate_003,met_station_core;radiometer_basic;cr1000xe_backbone,1.8104,calm,transport,0,0.5615837574005127
7184,candidate_003,met_station_core;radiometer_basic;cr1000xe_backbone,1.8104,calm,transport,0,0.5978728532791138
7184,candidate_003,met_station_core;radiometer_basic;cr1000xe_backbone,1.8104,calm,transport,0,0.5417397618293762
7184,candidate_003,met_station_core;radiometer_basic;cr1000xe_backbone,1.8104,calm,transport,0,0.4894465506076813
7184,candidate_003,met_station_core;radiometer_basic;cr1000xe_backbone,1.8104,calm,transport,0,0.45131802558898926
7184,candidate_003,met_station_core;radiometer_basic;cr1000xe_backbone,1.8104,calm,transport,0,0.417779803276062
7184,candidate_003,met_station_core;radiometer_basic;cr1000xe_backbone,1.8104,calm,transport,0,0.416305273771286
7184,candidate_003,met_station_core;radiometer_basic;cr1000xe_backbone,1.8104,calm,transport,0,0.43112894892692566
7184,candidate_003,met_station_core;radiometer_basic;cr1000xe_backbone,1.8104,calm,transport,0,0.3692421615123749
7184,candidate_003,met_station_core;radiometer_basic;cr1000xe_backbone,1.8104,calm,transport,0,0.33486244082450867
7184,candidate_003,met_station_core;radiometer_basic;cr1000xe_backbone,1.8104,calm,transport,0,0.33837664127349854
7184,candidate_003,met_station_core;radiometer_basic;cr1000xe_backbone,1.8104,calm,transport,0,0.35434016585350037
7184,candidate_003,met_station_core;radiometer_basic;cr1000xe_backbone,1.8104,calm,thermal,0,0.41139495372772217
7184,candidate_003,met_station_core;radiometer_basic;cr1000xe_backbone,1.8104,calm,thermal,0,0.3505478501319885
7184,candidate_003,met_station_core;radiometer_basic;cr1000xe_backbone,1.8104,particle,thermal,1,0.2952653765678406
7184,candidate_003,met_station_core;radiometer_basic;cr1000xe_backbone,1.8104,particle,thermal,1,0.32987484335899353
7184,candidate_003,met_station_core;radiometer_basic;cr1000xe_backbone,1.8104,particle,thermal,1,0.33217841386795044
7184,candidate_003,met_station_core;radiometer_basic;cr1000xe_backbone,1.8104,particle,thermal,1,0.4116877615451813
7184,candidate_003,met_station_core;radiometer_basic;cr1000xe_backbone,1.8104,particle,thermal,1,0.7208512425422668
7184,candidate_003,met_station_core;radiometer_basic;cr1000xe_backbone,1.8104,particle,thermal,1,1.0354969501495361
7184,candidate_003,met_station_core;radiometer_basic;cr1000xe_backbone,1.8104,particle,thermal,1,1.3148030042648315
7184,candidate_003,met_station_core;radiometer_basic;cr1000xe_backbone,1.8104,particle,thermal,1,1.5504323244094849
7184,candidate_003,met_station_core;radiometer_basic;cr1000xe_backbone,1.8104,particle,thermal,1,1.849297285079956
7184,candidate_003,met_station_core;radiometer_basic;cr1000xe_backbone,1.8104,particle,thermal,1,2.0714097023010254
7184,candidate_003,met_station_core;radiometer_basic;cr1000xe_backbone,1.8104,particle,thermal,1,2.4403598308563232
7184,candidate_003,met_station_core;radiometer_basic;cr1000xe_backbone,1.8104,particle,thermal,1,2.5773582458496094
7184,candidate_003,met_station_core;radiometer_basic;cr1000xe_backbone,1.8104,particle,transport,1,2.5972609519958496
7184,candidate_003,met_station_core;radiometer_basic;cr1000xe_backbone,1.8104,particle,transport,1,2.563251256942749
7184,candidate_003,met_station_core;radiometer_basic;cr1000xe_backbone,1.8104,particle,transport,1,2.5210678577423096
7184,candidate_003,met_station_core;radiometer_basic;cr1000xe_backbone,1.8104,particle,transport,1,2.5327258110046387
7184,candidate_003,met_station_core;radiometer_basic;cr1000xe_backbone,1.8104,particle,transport,1,2.530336618423462
7184,candidate_003,met_station_core;radiometer_basic;cr1000xe_backbone,1.8104,particle,transport,1,2.538466453552246
7184,candidate_003,met_station_core;radiometer_basic;cr1000xe_backbone,1.8104,particle,transport,1,2.541177988052368
7184,candidate_003,met_station_core;radiometer_basic;cr1000xe_backbone,1.8104,particle,transport,1,2.5294108390808105
7184,candidate_003,met_station_core;radiometer_basic;cr1000xe_backbone,1.8104,particle,transport,1,2.5323312282562256
7184,candidate_003,met_station_core;radiometer_basic;cr1000xe_backbone,1.8104,particle,transport,1,2.5232579708099365
7184,candidate_003,met_station_core;radiometer_basic;cr1000xe_backbone,1.8104,particle,transport,1,2.5497145652770996
7184,candidate_003,met_station_core;radiometer_basic;cr1000xe_backbone,1.8104,particle,transport,1,2.546917676925659
7184,candidate_003,met_station_core;radiometer_basic;cr1000xe_backbone,1.8104,particle,transport,1,2.5404961109161377
7184,candidate_003,met_station_core;radiometer_basic;cr1000xe_backbone,1.8104,particle,transport,1,2.5299246311187744
7184,candidate_003,met_station_core;radiometer_basic;cr1000xe_backbone,1.8104,particle,transport,1,2.5500190258026123
7184,candidate_003,met_station_core;radiometer_basic;cr1000xe_backbone,1.8104,particle,transport,1,2.547261953353882
7184,candidate_003,met_station_core;radiometer_basic;cr1000xe_backbone,1.8104,particle,transport,1,2.5710275173187256
7184,candidate_003,met_station_core;radiometer_basic;cr1000xe_backbone,1.8104,particle,transport,1,2.555100202560425
7184,candidate_003,met_station_core;radiometer_basic;cr1000xe_backbone,1.8104,particle,transport,1,2.3709471225738525
7184,candidate_003,met_station_core;radiometer_basic;cr1000xe_backbone,1.8104,particle,transport,1,2.103703022003174
7184,candidate_003,met_station_core;radiometer_basic;cr1000xe_backbone,1.8104,particle,transport,1,1.8941267728805542
7184,candidate_003,met_station_core;radiometer_basic;cr1000xe_backbone,1.8104,particle,transport,1,1.6535930633544922
7184,candidate_003,met_station_core;radiometer_basic;cr1000xe_backbone,1.8104,particle,transport,1,1.388872742652893
7184,candidate_003,met_station_core;radiometer_basic;cr1000xe_backbone,1.8104,particle,transport,1,1.2109822034835815
7184,candidate_003,met_station_core;radiometer_basic;cr1000xe_backbone,1.8104,particle,transport,1,0.964424729347229
7184,candidate_003,met_station_core;radiometer_basic;cr1000xe_backbone,1.8104,particle,transport,1,0.7431908845901489
7184,candidate_003,met_station_core;radiometer_basic;cr1000xe_backbone,1.8104,particle,particle,1,0.7611597776412964
7184,candidate_003,met_station_core;radiometer_basic;cr1000xe_backbone,1.8104,particle,particle,1,0.7127701044082642
7184,candidate_003,met_station_core;radiometer_basic;cr1000xe_backbone,1.8104,particle,particle,1,0.7178768515586853
7184,candidate_003,met_station_core;radiometer_basic;cr1000xe_backbone,1.8104,particle,particle,1,0.7648292779922485
7184,candidate_003,met_station_core;radiometer_basic;cr1000xe_backbone,1.8104,particle,particle,1,0.7646275758743286
7184,candidate_003,met_station_core;radiometer_basic;cr1000xe_backbone,1.8104,particle,particle,1,0.7000092267990112
7184,candidate_003,met_station_core;radiometer_basic;cr1000xe_backbone,1.8104,particle,particle,1,0.7296563982963562
7184,candidate_003,met_station_core;radiometer_basic;cr1000xe_backbone,1.8104,particle,particle,1,0.8356776237487793
7184,candidate_003,met_station_core;radiometer_basic;cr1000xe_backbone,1.8104,particle,particle,1,0.8236426711082458
7184,candidate_003,met_station_core;radiometer_basic;cr1000xe_backbone,1.8104,particle,particle,1,0.851273775100708
7184,candidate_003,met_station_core;radiometer_basic;cr1000xe_backbone,1.8104,particle,particle,1,0.7686046361923218
7184,candidate_003,met_station_core;radiometer_basic;cr1000xe_backbone,1.8104,particle,particle,1,0.6892495155334473
7184,candidate_003,met_station_core;radiometer_basic;cr1000xe_backbone,1.8104,particle,particle,1,0.6823691725730896
7184,candidate_003,met_station_core;radiometer_basic;cr1000xe_backbone,1.8104,particle,particle,1,0.5633490085601807
7184,candidate_003,met_station_core;radiometer_basic;cr1000xe_backbone,1.8104,particle,particle,1,0.5267409682273865
7184,candidate_003,met_station_core;radiometer_basic;cr1000xe_backbone,1.8104,particle,particle,1,0.4646010994911194
7184,candidate_003,met_station_core;radiometer_basic;cr1000xe_backbone,1.8104,particle,particle,1,0.42571714520454407
7184,candidate_003,met_station_core;radiometer_basic;cr1000xe_backbone,1.8104,calm,particle,0,0.22122760117053986
7184,candidate_003,met_station_core;radiometer_basic;cr1000xe_backbone,1.8104,calm,thermal,0,0.24002093076705933
7184,candidate_003,met_station_core;radiometer_basic;cr1000xe_backbone,1.8104,calm,thermal,0,0.20111219584941864
7184,candidate_003,met_station_core;radiometer_basic;cr1000xe_backbone,1.8104,calm,thermal,0,0.2069789469242096
7184,candidate_003,met_station_core;radiometer_basic;cr1000xe_backbone,1.8104,calm,thermal,0,0.2127753347158432
7184,candidate_003,met_station_core;radiometer_basic;cr1000xe_backbone,1.8104,calm,thermal,0,0.22937677800655365
7184,candidate_003,met_station_core;radiometer_basic;cr1000xe_backbone,1.8104,calm,thermal,0,0.30514106154441833
7184,candidate_003,met_station_core;radiometer_basic;cr1000xe_backbone,1.8104,calm,thermal,0,0.33079394698143005
7184,candidate_003,met_station_core;radiometer_basic;cr1000xe_backbone,1.8104,calm,thermal,0,0.37063196301460266
7184,candidate_003,met_station_core;radiometer_basic;cr1000xe_backbone,1.8104,calm,thermal,0,0.4202668368816376
7184,candidate_003,met_station_core;radiometer_basic;cr1000xe_backbone,1.8104,calm,thermal,0,0.46599408984184265
7184,candidate_003,met_station_core;radiometer_basic;cr1000xe_backbone,1.8104,calm,thermal,0,0.5177619457244873
7184,candidate_003,met_station_core;radiometer_basic;cr1000xe_backbone,1.8104,calm,thermal,0,0.5949574112892151
7184,candidate_003,met_station_core;radiometer_basic;cr1000xe_backbone,1.8104,calm,thermal,0,0.6766583919525146
7184,candidate_003,met_station_core;radiometer_basic;cr1000xe_backbone,1.8104,flux,thermal,2,0.7050428986549377
7184,candidate_003,met_station_core;radiometer_basic;cr1000xe_backbone,1.8104,flux,thermal,2,0.9368084669113159
7184,candidate_003,met_station_core;radiometer_basic;cr1000xe_backbone,1.8104,flux,thermal,2,1.2577555179595947
7184,candidate_003,met_station_core;radiometer_basic;cr1000xe_backbone,1.8104,flux,thermal,2,1.472774624824524
7184,candidate_003,met_station_core;radiometer_basic;cr1000xe_backbone,1.8104,flux,thermal,2,1.6719160079956055
7184,candidate_003,met_station_core;radiometer_basic;cr1000xe_backbone,1.8104,flux,thermal,2,1.8846096992492676
7184,candidate_003,met_station_core;radiometer_basic;cr1000xe_backbone,1.8104,flux,thermal,2,2.1075804233551025
7184,candidate_003,met_station_core;radiometer_basic;cr1000xe_backbone,1.8104,flux,thermal,2,2.3814282417297363
7184,candidate_003,met_station_core;radiometer_basic;cr1000xe_backbone,1.8104,flux,thermal,2,2.5735926628112793
7184,candidate_003,met_station_core;radiometer_basic;cr1000xe_backbone,1.8104,flux,transport,2,2.5684707164764404
7184,candidate_003,met_station_core;radiometer_basic;cr1000xe_backbone,1.8104,flux,transport,2,2.577423334121704
7184,candidate_003,met_station_core;radiometer_basic;cr1000xe_backbone,1.8104,flux,transport,2,2.5945239067077637
7184,candidate_003,met_station_core;radiometer_basic;cr1000xe_backbone,1.8104,flux,transport,2,2.6000711917877197
7184,candidate_003,met_station_core;radiometer_basic;cr1000xe_backbone,1.8104,flux,transport,2,2.6127400398254395
7184,candidate_003,met_station_core;radiometer_basic;cr1000xe_backbone,1.8104,flux,transport,2,2.6068344116210938
7184,candidate_003,met_station_core;radiometer_basic;cr1000xe_backbone,1.8104,flux,transport,2,2.602820634841919
7184,candidate_003,met_station_core;radiometer_basic;cr1000xe_backbone,1.8104,flux,transport,2,2.5688705444335938
7184,candidate_003,met_station_core;radiometer_basic;cr1000xe_backbone,1.8104,flux,transport,2,2.563903570175171
7184,candidate_003,met_station_core;radiometer_basic;cr1000xe_backbone,1.8104,flux,transport,2,2.5868732929229736
7184,candidate_003,met_station_core;radiometer_basic;cr1000xe_backbone,1.8104,flux,transport,2,2.608232259750366
7184,candidate_003,met_station_core;radiometer_basic;cr1000xe_backbone,1.8104,flux,transport,2,2.5805912017822266
7184,candidate_003,met_station_core;radiometer_basic;cr1000xe_backbone,1.8104,flux,transport,2,2.601884603500366
7184,candidate_003,met_station_core;radiometer_basic;cr1000xe_backbone,1.8104,flux,transport,2,2.599994421005249
7184,candidate_003,met_station_core;radiometer_basic;cr1000xe_backbone,1.8104,flux,transport,2,2.347743034362793
7184,candidate_003,met_station_core;radiometer_basic;cr1000xe_backbone,1.8104,flux,transport,2,2.1124751567840576
7184,candidate_003,met_station_core;radiometer_basic;cr1000xe_backbone,1.8104,flux,transport,2,1.944021463394165
7184,candidate_003,met_station_core;radiometer_basic;cr1000xe_backbone,1.8104,flux,transport,2,1.6589583158493042
7184,candidate_003,met_station_core;radiometer_basic;cr1000xe_backbone,1.8104,flux,transport,2,1.3529380559921265
7184,candidate_003,met_station_core;radiometer_basic;cr1000xe_backbone,1.8104,flux,transport,2,1.0284911394119263
7184,candidate_003,met_station_core;radiometer_basic;cr1000xe_backbone,1.8104,flux,transport,2,0.8025059700012207
7184,candidate_003,met_station_core;radiometer_basic;cr1000xe_backbone,1.8104,flux,transport,2,0.5311384797096252
7184,candidate_003,met_station_core;radiometer_basic;cr1000xe_backbone,1.8104,flux,particle,2,0.4683985412120819
7184,candidate_003,met_station_core;radiometer_basic;cr1000xe_backbone,1.8104,flux,particle,2,0.4091675281524658
7184,candidate_003,met_station_core;radiometer_basic;cr1000xe_backbone,1.8104,flux,particle,2,0.35152193903923035
7184,candidate_003,met_station_core;radiometer_basic;cr1000xe_backbone,1.8104,flux,particle,2,0.3074071705341339
7184,candidate_003,met_station_core;radiometer_basic;cr1000xe_backbone,1.8104,calm,particle,0,0.24436570703983307
7184,candidate_003,met_station_core;radiometer_basic;cr1000xe_backbone,1.8104,calm,particle,0,0.22585429251194
7184,candidate_003,met_station_core;radiometer_basic;cr1000xe_backbone,1.8104,calm,particle,0,0.2105514407157898
7184,candidate_003,met_station_core;radiometer_basic;cr1000xe_backbone,1.8104,calm,particle,0,0.22914129495620728
7184,candidate_003,met_station_core;radiometer_basic;cr1000xe_backbone,1.8104,calm,particle,0,0.29916107654571533
7184,candidate_003,met_station_core;radiometer_basic;cr1000xe_backbone,1.8104,calm,particle,0,0.34112438559532166
7184,candidate_003,met_station_core;radiometer_basic;cr1000xe_backbone,1.8104,calm,particle,0,0.3951525092124939
7184,candidate_003,met_station_core;radiometer_basic;cr1000xe_backbone,1.8104,calm,particle,0,0.5185327529907227
7184,candidate_003,met_station_core;radiometer_basic;cr1000xe_backbone,1.8104,calm,particle,0,0.5559698343276978
7184,candidate_003,met_station_core;radiometer_basic;cr1000xe_backbone,1.8104,calm,particle,0,0.5998977422714233
7184,candidate_003,met_station_core;radiometer_basic;cr1000xe_backbone,1.8104,calm,particle,0,0.6744564771652222
7184,candidate_003,met_station_core;radiometer_basic;cr1000xe_backbone,1.8104,calm,particle,0,0.7344352006912231
7184,candidate_003,met_station_core;radiometer_basic;cr1000xe_backbone,1.8104,flux,particle,2,0.7154836654663086
7184,candidate_003,met_station_core;radiometer_basic;cr1000xe_backbone,1.8104,flux,particle,2,0.7180448174476624
7184,candidate_003,met_station_core;radiometer_basic;cr1000xe_backbone,1.8104,flux,particle,2,0.7533016800880432
7184,candidate_003,met_station_core;radiometer_basic;cr1000xe_backbone,1.8104,flux,particle,2,0.756361722946167
7184,candidate_003,met_station_core;radiometer_basic;cr1000xe_backbone,1.8104,flux,particle,2,0.7510692477226257
7184,candidate_003,met_station_core;radiometer_basic;cr1000xe_backbone,1.8104,flux,particle,2,0.7471279501914978
7184,candidate_003,met_station_core;radiometer_basic;cr1000xe_backbone,1.8104,flux,particle,2,0.8076714277267456
7184,candidate_003,met_station_core;radiometer_basic;cr1000xe_backbone,1.8104,flux,particle,2,0.8372901082038879
7184,candidate_003,met_station_core;radiometer_basic;cr1000xe_backbone,1.8104,flux,particle,2,0.7613992691040039
7184,candidate_003,met_station_core;radiometer_basic;cr1000xe_backbone,1.8104,flux,particle,2,0.822666347026825
7184,candidate_003,met_station_core;radiometer_basic;cr1000xe_backbone,1.8104,flux,particle,2,0.7879194617271423
7184,candidate_003,met_station_core;radiometer_basic;cr1000xe_backbone,1.8104,flux,particle,2,0.7494093179702759
7184,candidate_003,met_station_core;radiometer_basic;cr1000xe_backbone,1.8104,flux,particle,2,0.7262182235717773
7184,candidate_003,met_station_core;radiometer_basic;cr1000xe_backbone,1.8104,flux,particle,2,0.6649567484855652
7184,candidate_003,met_station_core;radiometer_basic;cr1000xe_backbone,1.8104,flux,particle,2,0.5687534809112549
7184,candidate_003,met_station_core;radiometer_basic;cr1000xe_backbone,1.8104,flux,particle,2,0.6877633929252625
7184,candidate_003,met_station_core;radiometer_basic;cr1000xe_backbone,1.8104,flux,thermal,2,0.6744646430015564
7184,candidate_003,met_station_core;radiometer_basic;cr1000xe_backbone,1.8104,flux,thermal,2,0.723695695400238
7184,candidate_003,met_station_core;radiometer_basic;cr1000xe_backbone,1.8104,flux,thermal,2,0.6580104827880859
7184,candidate_003,met_station_core;radiometer_basic;cr1000xe_backbone,1.8104,flux,thermal,2,0.6458252668380737
7184,candidate_003,met_station_core;radiometer_basic;cr1000xe_backbone,1.8104,flux,thermal,2,0.6132416725158691
7184,candidate_003,met_station_core;radiometer_basic;cr1000xe_backbone,1.8104,flux,thermal,2,0.6289224028587341
7184,candidate_003,met_station_core;radiometer_basic;cr1000xe_backbone,1.8104,flux,thermal,2,0.6830034852027893
7184,candidate_003,met_station_core;radiometer_basic;cr1000xe_backbone,1.8104,flux,thermal,2,0.670296311378479
7184,candidate_003,met_station_core;radiometer_basic;cr1000xe_backbone,1.8104,flux,thermal,2,0.697613537311554
7184,candidate_003,met_station_core;radiometer_basic;cr1000xe_backbone,1.8104,flux,thermal,2,0.7063896059989929
7184,candidate_003,met_station_core;radiometer_basic;cr1000xe_backbone,1.8104,flux,thermal,2,0.6193580627441406
7184,candidate_003,met_station_core;radiometer_basic;cr1000xe_backbone,1.8104,flux,thermal,2,0.6543542742729187
7184,candidate_003,met_station_core;radiometer_basic;cr1000xe_backbone,1.8104,flux,thermal,2,0.5894151926040649
7184,candidate_003,met_station_core;radiometer_basic;cr1000xe_backbone,1.8104,flux,thermal,2,0.6372263431549072
7184,candidate_003,met_station_core;radiometer_basic;cr1000xe_backbone,1.8104,flux,thermal,2,0.5546895861625671
7184,candidate_003,met_station_core;radiometer_basic;cr1000xe_backbone,1.8104,flux,thermal,2,0.5235448479652405
7184,candidate_003,met_station_core;radiometer_basic;cr1000xe_backbone,1.8104,flux,thermal,2,0.641880452632904
7184,candidate_003,met_station_core;radiometer_basic;cr1000xe_backbone,1.8104,calm,thermal,0,0.3751901090145111
7184,candidate_003,met_station_core;radiometer_basic;cr1000xe_backbone,1.8104,calm,thermal,0,0.38550955057144165
7184,candidate_003,met_station_core;radiometer_basic;cr1000xe_backbone,1.8104,calm,thermal,0,0.22214648127555847
7184,candidate_003,met_station_core;radiometer_basic;cr1000xe_backbone,1.8104,calm,thermal,0,0.22880297899246216
7184,candidate_003,met_station_core;radiometer_basic;cr1000xe_backbone,1.8104,calm,thermal,0,0.4690966010093689
7184,candidate_003,met_station_core;radiometer_basic;cr1000xe_backbone,1.8104,calm,thermal,0,0.7486609816551208
7184,candidate_003,met_station_core;radiometer_basic;cr1000xe_backbone,1.8104,calm,thermal,0,1.0222737789154053
7184,candidate_003,met_station_core;radiometer_basic;cr1000xe_backbone,1.8104,calm,thermal,0,1.3283696174621582
7184,candidate_003,met_station_core;radiometer_basic;cr1000xe_backbone,1.8104,calm,thermal,0,1.6313486099243164
7184,candidate_003,met_station_core;radiometer_basic;cr1000xe_backbone,1.8104,calm,thermal,0,1.948768973350525
7184,candidate_003,met_station_core;radiometer_basic;cr1000xe_backbone,1.8104,calm,thermal,0,2.2416481971740723
7184,candidate_003,met_station_core;radiometer_basic;cr1000xe_backbone,1.8104,calm,thermal,0,2.5404255390167236
7184,candidate_003,met_station_core;radiometer_basic;cr1000xe_backbone,1.8104,thermal,transport,3,2.497089147567749
7184,candidate_003,met_station_core;radiometer_basic;cr1000xe_backbone,1.8104,thermal,transport,3,2.515411138534546
7184,candidate_003,met_station_core;radiometer_basic;cr1000xe_backbone,1.8104,thermal,transport,3,2.505830764770508
7184,candidate_003,met_station_core;radiometer_basic;cr1000xe_backbone,1.8104,thermal,transport,3,2.530853509902954
7184,candidate_003,met_station_core;radiometer_basic;cr1000xe_backbone,1.8104,thermal,transport,3,2.52413272857666
7184,candidate_003,met_station_core;radiometer_basic;cr1000xe_backbone,1.8104,thermal,transport,3,2.5148980617523193
7184,candidate_003,met_station_core;radiometer_basic;cr1000xe_backbone,1.8104,thermal,transport,3,2.500662326812744
7184,candidate_003,met_station_core;radiometer_basic;cr1000xe_backbone,1.8104,thermal,transport,3,2.4931259155273438
7184,candidate_003,met_station_core;radiometer_basic;cr1000xe_backbone,1.8104,thermal,transport,3,2.5207812786102295
7184,candidate_003,met_station_core;radiometer_basic;cr1000xe_backbone,1.8104,thermal,transport,3,2.5232481956481934
7184,candidate_003,met_station_core;radiometer_basic;cr1000xe_backbone,1.8104,thermal,transport,3,2.525867462158203
7184,candidate_003,met_station_core;radiometer_basic;cr1000xe_backbone,1.8104,thermal,transport,3,2.525480031967163
7184,candidate_003,met_station_core;radiometer_basic;cr1000xe_backbone,1.8104,thermal,transport,3,2.298529624938965
7184,candidate_003,met_station_core;radiometer_basic;cr1000xe_backbone,1.8104,thermal,transport,3,2.0936203002929688
7184,candidate_003,met_station_core;radiometer_basic;cr1000xe_backbone,1.8104,thermal,transport,3,1.9033033847808838
7184,candidate_003,met_station_core;radiometer_basic;cr1000xe_backbone,1.8104,thermal,transport,3,1.7041536569595337
7184,candidate_003,met_station_core;radiometer_basic;cr1000xe_backbone,1.8104,thermal,transport,3,1.5025115013122559
7184,candidate_003,met_station_core;radiometer_basic;cr1000xe_backbone,1.8104,thermal,transport,3,1.3252049684524536
7184,candidate_003,met_station_core;radiometer_basic;cr1000xe_backbone,1.8104,thermal,transport,3,1.1076602935791016
7184,candidate_003,met_station_core;radiometer_basic;cr1000xe_backbone,1.8104,thermal,transport,3,0.9458072781562805
7184,candidate_003,met_station_core;radiometer_basic;cr1000xe_backbone,1.8104,thermal,particle,3,0.8833733201026917
7184,candidate_003,met_station_core;radiometer_basic;cr1000xe_backbone,1.8104,thermal,particle,3,0.9076753854751587
7184,candidate_003,met_station_core;radiometer_basic;cr1000xe_backbone,1.8104,thermal,particle,3,0.8283836841583252
7184,candidate_003,met_station_core;radiometer_basic;cr1000xe_backbone,1.8104,thermal,particle,3,0.8077346086502075
7184,candidate_003,met_station_core;radiometer_basic;cr1000xe_backbone,1.8104,thermal,particle,3,0.7663514614105225
7184,candidate_003,met_station_core;radiometer_basic;cr1000xe_backbone,1.8104,thermal,particle,3,0.6660784482955933
7184,candidate_003,met_station_core;radiometer_basic;cr1000xe_backbone,1.8104,thermal,particle,3,0.6774687767028809
7184,candidate_003,met_station_core;radiometer_basic;cr1000xe_backbone,1.8104,thermal,particle,3,0.6653019785881042
7184,candidate_003,met_station_core;radiometer_basic;cr1000xe_backbone,1.8104,thermal,particle,3,0.4759703278541565
7184,candidate_003,met_station_core;radiometer_basic;cr1000xe_backbone,1.8104,calm,particle,0,0.406694233417511
7184,candidate_003,met_station_core;radiometer_basic;cr1000xe_backbone,1.8104,calm,particle,0,0.2776658535003662
7184,candidate_003,met_station_core;radiometer_basic;cr1000xe_backbone,1.8104,calm,particle,0,0.2412584275007248
7184,candidate_003,met_station_core;radiometer_basic;cr1000xe_backbone,1.8104,calm,particle,0,0.26814064383506775
7184,candidate_003,met_station_core;radiometer_basic;cr1000xe_backbone,1.8104,calm,particle,0,0.24933288991451263
7184,candidate_003,met_station_core;radiometer_basic;cr1000xe_backbone,1.8104,calm,particle,0,0.27539804577827454
7184,candidate_003,met_station_core;radiometer_basic;cr1000xe_backbone,1.8104,calm,particle,0,0.2883349061012268
7184,candidate_003,met_station_core;radiometer_basic;cr1000xe_backbone,1.8104,calm,particle,0,0.3288910686969757
7184,candidate_003,met_station_core;radiometer_basic;cr1000xe_backbone,1.8104,calm,particle,0,0.3996175527572632
7184,candidate_003,met_station_core;radiometer_basic;cr1000xe_backbone,1.8104,calm,particle,0,0.4197266101837158
7184,candidate_003,met_station_core;radiometer_basic;cr1000xe_backbone,1.8104,calm,particle,0,0.4521684944629669
7184,candidate_003,met_station_core;radiometer_basic;cr1000xe_backbone,1.8104,calm,particle,0,0.5004046559333801
7184,candidate_003,met_station_core;radiometer_basic;cr1000xe_backbone,1.8104,calm,particle,0,0.4839889705181122
7184,candidate_003,met_station_core;radiometer_basic;cr1000xe_backbone,1.8104,calm,particle,0,0.4936896860599518
7184,candidate_003,met_station_core;radiometer_basic;cr1000xe_backbone,1.8104,thermal,thermal,3,0.6022806763648987
7184,candidate_003,met_station_core;radiometer_basic;cr1000xe_backbone,1.8104,thermal,thermal,3,0.5266178846359253
7184,candidate_003,met_station_core;radiometer_basic;cr1000xe_backbone,1.8104,thermal,thermal,3,0.566230058670044
7184,candidate_003,met_station_core;radiometer_basic;cr1000xe_backbone,1.8104,thermal,thermal,3,0.6238108277320862
7184,candidate_003,met_station_core;radiometer_basic;cr1000xe_backbone,1.8104,thermal,thermal,3,0.5966906547546387
7184,candidate_003,met_station_core;radiometer_basic;cr1000xe_backbone,1.8104,thermal,thermal,3,0.6468168497085571
7184,candidate_003,met_station_core;radiometer_basic;cr1000xe_backbone,1.8104,thermal,thermal,3,0.6548749208450317
7184,candidate_003,met_station_core;radiometer_basic;cr1000xe_backbone,1.8104,thermal,thermal,3,0.7076512575149536
7184,candidate_003,met_station_core;radiometer_basic;cr1000xe_backbone,1.8104,thermal,thermal,3,0.6234310269355774
7184,candidate_003,met_station_core;radiometer_basic;cr1000xe_backbone,1.8104,thermal,thermal,3,0.7495009899139404
7184,candidate_003,met_station_core;radiometer_basic;cr1000xe_backbone,1.8104,thermal,thermal,3,0.6917343139648438
7184,candidate_003,met_station_core;radiometer_basic;cr1000xe_backbone,1.8104,thermal,thermal,3,0.6952558159828186
7184,candidate_003,met_station_core;radiometer_basic;cr1000xe_backbone,1.8104,thermal,thermal,3,0.6241753101348877
7184,candidate_003,met_station_core;radiometer_basic;cr1000xe_backbone,1.8104,thermal,thermal,3,0.5837722420692444
7184,candidate_003,met_station_core;radiometer_basic;cr1000xe_backbone,1.8104,thermal,thermal,3,0.7921028137207031
7184,candidate_003,met_station_core;radiometer_basic;cr1000xe_backbone,1.8104,thermal,thermal,3,1.0466434955596924
7184,candidate_003,met_station_core;radiometer_basic;cr1000xe_backbone,1.8104,thermal,thermal,3,1.2452491521835327
7184,candidate_003,met_station_core;radiometer_basic;cr1000xe_backbone,1.8104,thermal,thermal,3,1.5506318807601929
7184,candidate_003,met_station_core;radiometer_basic;cr1000xe_backbone,1.8104,thermal,thermal,3,1.7668355703353882
7184,candidate_003,met_station_core;radiometer_basic;cr1000xe_backbone,1.8104,thermal,thermal,3,2.014259099960327
7184,candidate_003,met_station_core;radiometer_basic;cr1000xe_backbone,1.8104,thermal,thermal,3,2.2517988681793213
7184,candidate_003,met_station_core;radiometer_basic;cr1000xe_backbone,1.8104,thermal,thermal,3,2.5118064880371094
7184,candidate_003,met_station_core;radiometer_basic;cr1000xe_backbone,1.8104,thermal,transport,3,2.51759934425354
7184,candidate_003,met_station_core;radiometer_basic;cr1000xe_backbone,1.8104,thermal,transport,3,2.4991304874420166
7184,candidate_003,met_station_core;radiometer_basic;cr1000xe_backbone,1.8104,thermal,transport,3,2.5186262130737305
7184,candidate_003,met_station_core;radiometer_basic;cr1000xe_backbone,1.8104,thermal,transport,3,2.502944231033325
7184,candidate_003,met_station_core;radiometer_basic;cr1000xe_backbone,1.8104,thermal,transport,3,2.5144808292388916
7184,candidate_003,met_station_core;radiometer_basic;cr1000xe_backbone,1.8104,thermal,transport,3,2.519641399383545
7184,candidate_003,met_station_core;radiometer_basic;cr1000xe_backbone,1.8104,thermal,transport,3,2.5222959518432617
7184,candidate_003,met_station_core;radiometer_basic;cr1000xe_backbone,1.8104,thermal,transport,3,2.568467617034912
7184,candidate_003,met_station_core;radiometer_basic;cr1000xe_backbone,1.8104,thermal,transport,3,2.508117437362671
7184,candidate_003,met_station_core;radiometer_basic;cr1000xe_backbone,1.8104,thermal,transport,3,2.5291738510131836
7184,candidate_003,met_station_core;radiometer_basic;cr1000xe_backbone,1.8104,thermal,transport,3,2.5411558151245117
7184,candidate_003,met_station_core;radiometer_basic;cr1000xe_backbone,1.8104,thermal,transport,3,2.509765625
7184,candidate_003,met_station_core;radiometer_basic;cr1000xe_backbone,1.8104,thermal,transport,3,2.3395118713378906
7184,candidate_003,met_station_core;radiometer_basic;cr1000xe_backbone,1.8104,thermal,transport,3,2.129361152648926
7184,candidate_003,met_station_core;radiometer_basic;cr1000xe_backbone,1.8104,thermal,transport,3,1.9935129880905151
7184,candidate_003,met_station_core;radiometer_basic;cr1000xe_backbone,1.8104,thermal,transport,3,1.7948150634765625
7184,candidate_003,met_station_core;radiometer_basic;cr1000xe_backbone,1.8104,thermal,transport,3,1.5829955339431763
7184,candidate_003,met_station_core;radiometer_basic;cr1000xe_backbone,1.8104,thermal,transport,3,1.410042643547058
7184,candidate_003,met_station_core;radiometer_basic;cr1000xe_backbone,1.8104,thermal,transport,3,1.2493306398391724
7184,candidate_003,met_station_core;radiometer_basic;cr1000xe_backbone,1.8104,thermal,transport,3,1.071653127670288
7184,candidate_003,met_station_core;radiometer_basic;cr1000xe_backbone,1.8104,thermal,particle,3,1.025338053703308
7184,candidate_003,met_station_core;radiometer_basic;cr1000xe_backbone,1.8104,thermal,particle,3,1.0338464975357056
7184,candidate_003,met_station_core;radiometer_basic;cr1000xe_backbone,1.8104,thermal,particle,3,1.02218496799469
7184,candidate_003,met_station_core;radiometer_basic;cr1000xe_backbone,1.8104,thermal,particle,3,1.0101608037948608
7184,candidate_003,met_station_core;radiometer_basic;cr1000xe_backbone,1.8104,thermal,particle,3,1.006266713142395
7184,candidate_003,met_station_core;radiometer_basic;cr1000xe_backbone,1.8104,thermal,particle,3,0.9426555037498474
7184,candidate_003,met_station_core;radiometer_basic;cr1000xe_backbone,1.8104,thermal,particle,3,0.8861889839172363
7184,candidate_003,met_station_core;radiometer_basic;cr1000xe_backbone,1.8104,thermal,particle,3,0.8445925116539001
7184,candidate_004,surface_temp_ir;cr1000xe_backbone,1.1703999999999999,calm,particle,0,1.0109184980392456
7184,candidate_004,surface_temp_ir;cr1000xe_backbone,1.1703999999999999,calm,particle,0,0.9987103343009949
7184,candidate_004,surface_temp_ir;cr1000xe_backbone,1.1703999999999999,calm,particle,0,1.014119267463684
7184,candidate_004,surface_temp_ir;cr1000xe_backbone,1.1703999999999999,calm,particle,0,1.0161938667297363
7184,candidate_004,surface_temp_ir;cr1000xe_backbone,1.1703999999999999,calm,particle,0,1.0045907497406006
7184,candidate_004,surface_temp_ir;cr1000xe_backbone,1.1703999999999999,calm,particle,0,0.8931074142456055
7184,candidate_004,surface_temp_ir;cr1000xe_backbone,1.1703999999999999,calm,particle,0,0.8809914588928223
7184,candidate_004,surface_temp_ir;cr1000xe_backbone,1.1703999999999999,calm,particle,0,0.8606181740760803
7184,candidate_004,surface_temp_ir;cr1000xe_backbone,1.1703999999999999,calm,particle,0,0.8309522867202759
7184,candidate_004,surface_temp_ir;cr1000xe_backbone,1.1703999999999999,calm,particle,0,0.7205477356910706
7184,candidate_004,surface_temp_ir;cr1000xe_backbone,1.1703999999999999,calm,particle,0,0.7215642929077148
7184,candidate_004,surface_temp_ir;cr1000xe_backbone,1.1703999999999999,calm,particle,0,0.6654812693595886
7184,candidate_004,surface_temp_ir;cr1000xe_backbone,1.1703999999999999,calm,particle,0,0.660857081413269
7184,candidate_004,surface_temp_ir;cr1000xe_backbone,1.1703999999999999,calm,particle,0,0.6255340576171875
7184,candidate_004,surface_temp_ir;cr1000xe_backbone,1.1703999999999999,calm,particle,0,0.6255665421485901
7184,candidate_004,surface_temp_ir;cr1000xe_backbone,1.1703999999999999,calm,particle,0,0.6091262102127075
7184,candidate_004,surface_temp_ir;cr1000xe_backbone,1.1703999999999999,calm,particle,0,0.6106162071228027
7184,candidate_004,surface_temp_ir;cr1000xe_backbone,1.1703999999999999,calm,particle,0,0.5589040517807007
7184,candidate_004,surface_temp_ir;cr1000xe_backbone,1.1703999999999999,calm,particle,0,0.5861042141914368
7184,candidate_004,surface_temp_ir;cr1000xe_backbone,1.1703999999999999,calm,particle,0,0.5794130563735962
7184,candidate_004,surface_temp_ir;cr1000xe_backbone,1.1703999999999999,calm,particle,0,0.6118802428245544
7184,candidate_004,surface_temp_ir;cr1000xe_backbone,1.1703999999999999,calm,thermal,0,0.6125708818435669
7184,candidate_004,surface_temp_ir;cr1000xe_backbone,1.1703999999999999,calm,thermal,0,0.6542904376983643
7184,candidate_004,surface_temp_ir;cr1000xe_backbone,1.1703999999999999,calm,thermal,0,0.6585253477096558
7184,candidate_004,surface_temp_ir;cr1000xe_backbone,1.1703999999999999,calm,thermal,0,0.6861696243286133
7184,candidate_004,surface_temp_ir;cr1000xe_backbone,1.1703999999999999,calm,thermal,0,0.6873972415924072
7184,candidate_004,surface_temp_ir;cr1000xe_backbone,1.1703999999999999,calm,thermal,0,0.689026415348053
7184,candidate_004,surface_temp_ir;cr1000xe_backbone,1.1703999999999999,calm,thermal,0,0.6582643389701843
7184,candidate_004,surface_temp_ir;cr1000xe_backbone,1.1703999999999999,calm,thermal,0,0.6490349769592285
7184,candidate_004,surface_temp_ir;cr1000xe_backbone,1.1703999999999999,calm,thermal,0,0.642719566822052
7184,candidate_004,surface_temp_ir;cr1000xe_backbone,1.1703999999999999,calm,thermal,0,0.6190733313560486
7184,candidate_004,surface_temp_ir;cr1000xe_backbone,1.1703999999999999,calm,thermal,0,0.5959122776985168
7184,candidate_004,surface_temp_ir;cr1000xe_backbone,1.1703999999999999,calm,thermal,0,0.5825504660606384
7184,candidate_004,surface_temp_ir;cr1000xe_backbone,1.1703999999999999,calm,thermal,0,0.588898777961731
7184,candidate_004,surface_temp_ir;cr1000xe_backbone,1.1703999999999999,calm,thermal,0,0.5898305773735046
7184,candidate_004,surface_temp_ir;cr1000xe_backbone,1.1703999999999999,calm,thermal,0,0.5901017785072327
7184,candidate_004,surface_temp_ir;cr1000xe_backbone,1.1703999999999999,calm,thermal,0,0.598497211933136
7184,candidate_004,surface_temp_ir;cr1000xe_backbone,1.1703999999999999,calm,thermal,0,0.5925930142402649
7184,candidate_004,surface_temp_ir;cr1000xe_backbone,1.1703999999999999,calm,thermal,0,0.6048462390899658
7184,candidate_004,surface_temp_ir;cr1000xe_backbone,1.1703999999999999,calm,thermal,0,0.597466230392456
7184,candidate_004,surface_temp_ir;cr1000xe_backbone,1.1703999999999999,calm,thermal,0,0.6066197752952576
7184,candidate_004,surface_temp_ir;cr1000xe_backbone,1.1703999999999999,calm,thermal,0,0.6090662479400635
7184,candidate_004,surface_temp_ir;cr1000xe_backbone,1.1703999999999999,calm,thermal,0,0.6304445862770081
7184,candidate_004,surface_temp_ir;cr1000xe_backbone,1.1703999999999999,calm,thermal,0,0.6381134390830994
7184,candidate_004,surface_temp_ir;cr1000xe_backbone,1.1703999999999999,calm,thermal,0,0.6498399972915649
7184,candidate_004,surface_temp_ir;cr1000xe_backbone,1.1703999999999999,calm,thermal,0,0.6792135834693909
7184,candidate_004,surface_temp_ir;cr1000xe_backbone,1.1703999999999999,calm,thermal,0,0.695287823677063
7184,candidate_004,surface_temp_ir;cr1000xe_backbone,1.1703999999999999,calm,thermal,0,0.7103567123413086
7184,candidate_004,surface_temp_ir;cr1000xe_backbone,1.1703999999999999,calm,thermal,0,0.7114782929420471
7184,candidate_004,surface_temp_ir;cr1000xe_backbone,1.1703999999999999,calm,thermal,0,0.7207701802253723
7184,candidate_004,surface_temp_ir;cr1000xe_backbone,1.1703999999999999,calm,thermal,0,0.6970394849777222
7184,candidate_004,surface_temp_ir;cr1000xe_backbone,1.1703999999999999,calm,thermal,0,0.6750451326370239
7184,candidate_004,surface_temp_ir;cr1000xe_backbone,1.1703999999999999,calm,thermal,0,0.6437431573867798
7184,candidate_004,surface_temp_ir;cr1000xe_backbone,1.1703999999999999,calm,thermal,0,0.6234534382820129
7184,candidate_004,surface_temp_ir;cr1000xe_backbone,1.1703999999999999,calm,transport,0,0.5857130289077759
7184,candidate_004,surface_temp_ir;cr1000xe_backbone,1.1703999999999999,calm,transport,0,0.5718741416931152
7184,candidate_004,surface_temp_ir;cr1000xe_backbone,1.1703999999999999,calm,transport,0,0.5477132797241211
7184,candidate_004,surface_temp_ir;cr1000xe_backbone,1.1703999999999999,calm,transport,0,0.5408424735069275
7184,candidate_004,surface_temp_ir;cr1000xe_backbone,1.1703999999999999,calm,transport,0,0.530768871307373
7184,candidate_004,surface_temp_ir;cr1000xe_backbone,1.1703999999999999,calm,transport,0,0.5432488918304443
7184,candidate_004,surface_temp_ir;cr1000xe_backbone,1.1703999999999999,calm,transport,0,0.5415062308311462
7184,candidate_004,surface_temp_ir;cr1000xe_backbone,1.1703999999999999,calm,transport,0,0.5341446399688721
7184,candidate_004,surface_temp_ir;cr1000xe_backbone,1.1703999999999999,calm,transport,0,0.5316882133483887
7184,candidate_004,surface_temp_ir;cr1000xe_backbone,1.1703999999999999,calm,transport,0,0.5338491201400757
7184,candidate_004,surface_temp_ir;cr1000xe_backbone,1.1703999999999999,calm,transport,0,0.5341557264328003
7184,candidate_004,surface_temp_ir;cr1000xe_backbone,1.1703999999999999,calm,transport,0,0.5411367416381836
7184,candidate_004,surface_temp_ir;cr1000xe_backbone,1.1703999999999999,calm,transport,0,0.5590599179267883
7184,candidate_004,surface_temp_ir;cr1000xe_backbone,1.1703999999999999,calm,transport,0,0.5748555660247803
7184,candidate_004,surface_temp_ir;cr1000xe_backbone,1.1703999999999999,calm,transport,0,0.5966331958770752
7184,candidate_004,surface_temp_ir;cr1000xe_backbone,1.1703999999999999,calm,transport,0,0.6279043555259705
7184,candidate_004,surface_temp_ir;cr1000xe_backbone,1.1703999999999999,calm,transport,0,0.6624917984008789
7184,candidate_004,surface_temp_ir;cr1000xe_backbone,1.1703999999999999,calm,transport,0,0.6792886853218079
7184,candidate_004,surface_temp_ir;cr1000xe_backbone,1.1703999999999999,calm,transport,0,0.6977798342704773
7184,candidate_004,surface_temp_ir;cr1000xe_backbone,1.1703999999999999,calm,transport,0,0.7106258273124695
7184,candidate_004,surface_temp_ir;cr1000xe_backbone,1.1703999999999999,calm,transport,0,0.7136306762695312
7184,candidate_004,surface_temp_ir;cr1000xe_backbone,1.1703999999999999,calm,transport,0,0.7035238146781921
7184,candidate_004,surface_temp_ir;cr1000xe_backbone,1.1703999999999999,calm,transport,0,0.6795760989189148
7184,candidate_004,surface_temp_ir;cr1000xe_backbone,1.1703999999999999,calm,transport,0,0.6692453026771545
7184,candidate_004,surface_temp_ir;cr1000xe_backbone,1.1703999999999999,calm,transport,0,0.65746009349823
7184,candidate_004,surface_temp_ir;cr1000xe_backbone,1.1703999999999999,calm,transport,0,0.6485127806663513
7184,candidate_004,surface_temp_ir;cr1000xe_backbone,1.1703999999999999,calm,transport,0,0.6317097544670105
7184,candidate_004,surface_temp_ir;cr1000xe_backbone,1.1703999999999999,calm,transport,0,0.6314438581466675
7184,candidate_004,surface_temp_ir;cr1000xe_backbone,1.1703999999999999,calm,transport,0,0.6357802152633667
7184,candidate_004,surface_temp_ir;cr1000xe_backbone,1.1703999999999999,calm,transport,0,0.6350864768028259
7184,candidate_004,surface_temp_ir;cr1000xe_backbone,1.1703999999999999,calm,transport,0,0.6577008962631226
7184,candidate_004,surface_temp_ir;cr1000xe_backbone,1.1703999999999999,calm,transport,0,0.6386761665344238
7184,candidate_004,surface_temp_ir;cr1000xe_backbone,1.1703999999999999,calm,transport,0,0.6497597098350525
7184,candidate_004,surface_temp_ir;cr1000xe_backbone,1.1703999999999999,calm,transport,0,0.644550085067749
7184,candidate_004,surface_temp_ir;cr1000xe_backbone,1.1703999999999999,calm,transport,0,0.653497040271759
7184,candidate_004,surface_temp_ir;cr1000xe_backbone,1.1703999999999999,calm,transport,0,0.6541428565979004
7184,candidate_004,surface_temp_ir;cr1000xe_backbone,1.1703999999999999,calm,particle,0,0.6690138578414917
7184,candidate_004,surface_temp_ir;cr1000xe_backbone,1.1703999999999999,calm,particle,0,0.6742311716079712
7184,candidate_004,surface_temp_ir;cr1000xe_backbone,1.1703999999999999,calm,particle,0,0.6797656416893005
7184,candidate_004,surface_temp_ir;cr1000xe_backbone,1.1703999999999999,calm,particle,0,0.7147731781005859
7184,candidate_004,surface_temp_ir;cr1000xe_backbone,1.1703999999999999,calm,particle,0,0.722858726978302
7184,candidate_004,surface_temp_ir;cr1000xe_backbone,1.1703999999999999,calm,particle,0,0.7214498519897461
7184,candidate_004,surface_temp_ir;cr1000xe_backbone,1.1703999999999999,calm,particle,0,0.730405330657959
7184,candidate_004,surface_temp_ir;cr1000xe_backbone,1.1703999999999999,calm,particle,0,0.7310419678688049
7184,candidate_004,surface_temp_ir;cr1000xe_backbone,1.1703999999999999,calm,particle,0,0.713782787322998
7184,candidate_004,surface_temp_ir;cr1000xe_backbone,1.1703999999999999,calm,particle,0,0.6842749714851379
7184,candidate_004,surface_temp_ir;cr1000xe_backbone,1.1703999999999999,calm,particle,0,0.6687086224555969
7184,candidate_004,surface_temp_ir;cr1000xe_backbone,1.1703999999999999,calm,particle,0,0.6394850611686707
7184,candidate_004,surface_temp_ir;cr1000xe_backbone,1.1703999999999999,calm,particle,0,0.6250698566436768
7184,candidate_004,surface_temp_ir;cr1000xe_backbone,1.1703999999999999,calm,particle,0,0.6077451109886169
7184,candidate_004,surface_temp_ir;cr1000xe_backbone,1.1703999999999999,calm,particle,0,0.5986149907112122
7184,candidate_004,surface_temp_ir;cr1000xe_backbone,1.1703999999999999,calm,particle,0,0.600322425365448
7184,candidate_004,surface_temp_ir;cr1000xe_backbone,1.1703999999999999,calm,particle,0,0.6057582497596741
7184,candidate_004,surface_temp_ir;cr1000xe_backbone,1.1703999999999999,calm,particle,0,0.6154929995536804
7184,candidate_004,surface_temp_ir;cr1000xe_backbone,1.1703999999999999,calm,particle,0,0.6260576844215393
7184,candidate_004,surface_temp_ir;cr1000xe_backbone,1.1703999999999999,calm,particle,0,0.6456754207611084
7184,candidate_004,surface_temp_ir;cr1000xe_backbone,1.1703999999999999,calm,particle,0,0.6557947993278503
7184,candidate_004,surface_temp_ir;cr1000xe_backbone,1.1703999999999999,calm,particle,0,0.6663517355918884
7184,candidate_004,surface_temp_ir;cr1000xe_backbone,1.1703999999999999,calm,particle,0,0.6819445490837097
7184,candidate_004,surface_temp_ir;cr1000xe_backbone,1.1703999999999999,calm,particle,0,0.7069684863090515
7184,candidate_004,surface_temp_ir;cr1000xe_backbone,1.1703999999999999,calm,particle,0,0.7325029373168945
7184,candidate_004,surface_temp_ir;cr1000xe_backbone,1.1703999999999999,calm,particle,0,0.7570782899856567
7184,candidate_004,surface_temp_ir;cr1000xe_backbone,1.1703999999999999,calm,particle,0,0.7870827913284302
7184,candidate_004,surface_temp_ir;cr1000xe_backbone,1.1703999999999999,calm,particle,0,0.8317551016807556
7184,candidate_004,surface_temp_ir;cr1000xe_backbone,1.1703999999999999,calm,particle,0,0.8544657826423645
7184,candidate_004,surface_temp_ir;cr1000xe_backbone,1.1703999999999999,calm,particle,0,0.8897029757499695
7184,candidate_004,surface_temp_ir;cr1000xe_backbone,1.1703999999999999,calm,particle,0,0.902687668800354
7184,candidate_004,surface_temp_ir;cr1000xe_backbone,1.1703999999999999,calm,particle,0,0.9267978668212891
7184,candidate_004,surface_temp_ir;cr1000xe_backbone,1.1703999999999999,calm,particle,0,0.9242610335350037
7184,candidate_004,surface_temp_ir;cr1000xe_backbone,1.1703999999999999,calm,particle,0,0.9361692070960999
7184,candidate_004,surface_temp_ir;cr1000xe_backbone,1.1703999999999999,calm,thermal,0,0.9214524030685425
7184,candidate_004,surface_temp_ir;cr1000xe_backbone,1.1703999999999999,calm,thermal,0,0.9092972874641418
7184,candidate_004,surface_temp_ir;cr1000xe_backbone,1.1703999999999999,calm,thermal,0,0.9035398364067078
7184,candidate_004,surface_temp_ir;cr1000xe_backbone,1.1703999999999999,calm,thermal,0,0.8723869919776917
7184,candidate_004,surface_temp_ir;cr1000xe_backbone,1.1703999999999999,calm,thermal,0,0.8905894160270691
7184,candidate_004,surface_temp_ir;cr1000xe_backbone,1.1703999999999999,calm,thermal,0,0.8647620677947998
7184,candidate_004,surface_temp_ir;cr1000xe_backbone,1.1703999999999999,calm,thermal,0,0.878430962562561
7184,candidate_004,surface_temp_ir;cr1000xe_backbone,1.1703999999999999,calm,thermal,0,0.8681026697158813
7184,candidate_004,surface_temp_ir;cr1000xe_backbone,1.1703999999999999,calm,thermal,0,0.8803023099899292
7184,candidate_004,surface_temp_ir;cr1000xe_backbone,1.1703999999999999,calm,thermal,0,0.849871039390564
7184,candidate_004,surface_temp_ir;cr1000xe_backbone,1.1703999999999999,calm,thermal,0,0.8607829809188843
7184,candidate_004,surface_temp_ir;cr1000xe_backbone,1.1703999999999999,calm,thermal,0,0.8494666814804077
7184,candidate_004,surface_temp_ir;cr1000xe_backbone,1.1703999999999999,calm,thermal,0,0.8532149195671082
7184,candidate_004,surface_temp_ir;cr1000xe_backbone,1.1703999999999999,calm,thermal,0,0.8429712653160095
7184,candidate_004,surface_temp_ir;cr1000xe_backbone,1.1703999999999999,calm,thermal,0,0.8573237657546997
7184,candidate_004,surface_temp_ir;cr1000xe_backbone,1.1703999999999999,calm,thermal,0,0.8591189384460449
7184,candidate_004,surface_temp_ir;cr1000xe_backbone,1.1703999999999999,calm,thermal,0,0.8844078183174133
7184,candidate_004,surface_temp_ir;cr1000xe_backbone,1.1703999999999999,calm,thermal,0,0.884526789188385
7184,candidate_004,surface_temp_ir;cr1000xe_backbone,1.1703999999999999,calm,thermal,0,0.8938855528831482
7184,candidate_004,surface_temp_ir;cr1000xe_backbone,1.1703999999999999,calm,thermal,0,0.8896214365959167
7184,candidate_004,surface_temp_ir;cr1000xe_backbone,1.1703999999999999,calm,thermal,0,0.9124945402145386
7184,candidate_004,surface_temp_ir;cr1000xe_backbone,1.1703999999999999,calm,thermal,0,0.9045252203941345
7184,candidate_004,surface_temp_ir;cr1000xe_backbone,1.1703999999999999,calm,thermal,0,0.8823658227920532
7184,candidate_004,surface_temp_ir;cr1000xe_backbone,1.1703999999999999,calm,thermal,0,0.8573015332221985
7184,candidate_004,surface_temp_ir;cr1000xe_backbone,1.1703999999999999,calm,thermal,0,0.8419132232666016
7184,candidate_004,surface_temp_ir;cr1000xe_backbone,1.1703999999999999,calm,thermal,0,0.8372573256492615
7184,candidate_004,surface_temp_ir;cr1000xe_backbone,1.1703999999999999,calm,transport,0,0.7911161184310913
7184,candidate_004,surface_temp_ir;cr1000xe_backbone,1.1703999999999999,calm,transport,0,0.7741348147392273
7184,candidate_004,surface_temp_ir;cr1000xe_backbone,1.1703999999999999,calm,transport,0,0.7661987543106079
7184,candidate_004,surface_temp_ir;cr1000xe_backbone,1.1703999999999999,calm,transport,0,0.7640361785888672
7184,candidate_004,surface_temp_ir;cr1000xe_backbone,1.1703999999999999,calm,transport,0,0.7704310417175293
7184,candidate_004,surface_temp_ir;cr1000xe_backbone,1.1703999999999999,calm,transport,0,0.7633203268051147
7184,candidate_004,surface_temp_ir;cr1000xe_backbone,1.1703999999999999,calm,transport,0,0.7759835720062256
7184,candidate_004,surface_temp_ir;cr1000xe_backbone,1.1703999999999999,calm,transport,0,0.7865930795669556
7184,candidate_004,surface_temp_ir;cr1000xe_backbone,1.1703999999999999,calm,transport,0,0.7741524577140808
7184,candidate_004,surface_temp_ir;cr1000xe_backbone,1.1703999999999999,calm,transport,0,0.7810669541358948
7184,candidate_004,surface_temp_ir;cr1000xe_backbone,1.1703999999999999,calm,transport,0,0.7851294875144958
7184,candidate_004,surface_temp_ir;cr1000xe_backbone,1.1703999999999999,calm,transport,0,0.7912789583206177
7184,candidate_004,surface_temp_ir;cr1000xe_backbone,1.1703999999999999,calm,transport,0,0.8044730424880981
7184,candidate_004,surface_temp_ir;cr1000xe_backbone,1.1703999999999999,calm,transport,0,0.8225222229957581
7184,candidate_004,surface_temp_ir;cr1000xe_backbone,1.1703999999999999,calm,transport,0,0.8350639939308167
7184,candidate_004,surface_temp_ir;cr1000xe_backbone,1.1703999999999999,calm,transport,0,0.862212598323822
7184,candidate_004,surface_temp_ir;cr1000xe_backbone,1.1703999999999999,calm,transport,0,0.8861676454544067
7184,candidate_004,surface_temp_ir;cr1000xe_backbone,1.1703999999999999,calm,transport,0,0.9004433155059814
7184,candidate_004,surface_temp_ir;cr1000xe_backbone,1.1703999999999999,calm,transport,0,0.9246056079864502
7184,candidate_004,surface_temp_ir;cr1000xe_backbone,1.1703999999999999,calm,transport,0,0.9396470785140991
7184,candidate_004,surface_temp_ir;cr1000xe_backbone,1.1703999999999999,calm,transport,0,0.9237717390060425
7184,candidate_004,surface_temp_ir;cr1000xe_backbone,1.1703999999999999,calm,transport,0,0.9207345843315125
7184,candidate_004,surface_temp_ir;cr1000xe_backbone,1.1703999999999999,calm,transport,0,0.8997473120689392
7184,candidate_004,surface_temp_ir;cr1000xe_backbone,1.1703999999999999,calm,transport,0,0.8770025372505188
7184,candidate_004,surface_temp_ir;cr1000xe_backbone,1.1703999999999999,calm,transport,0,0.8548991680145264
7184,candidate_004,surface_temp_ir;cr1000xe_backbone,1.1703999999999999,calm,particle,0,0.8175565004348755
7184,candidate_004,surface_temp_ir;cr1000xe_backbone,1.1703999999999999,calm,particle,0,0.8091374039649963
7184,candidate_004,surface_temp_ir;cr1000xe_backbone,1.1703999999999999,calm,particle,0,0.7913931012153625
7184,candidate_004,surface_temp_ir;cr1000xe_backbone,1.1703999999999999,calm,particle,0,0.7792144417762756
7184,candidate_004,surface_temp_ir;cr1000xe_backbone,1.1703999999999999,calm,particle,0,0.781323254108429
7184,candidate_004,surface_temp_ir;cr1000xe_backbone,1.1703999999999999,calm,particle,0,0.783159613609314
7184,candidate_004,surface_temp_ir;cr1000xe_backbone,1.1703999999999999,calm,particle,0,0.7801558971405029
7184,candidate_004,surface_temp_ir;cr1000xe_backbone,1.1703999999999999,calm,particle,0,0.7769531011581421
7184,candidate_004,surface_temp_ir;cr1000xe_backbone,1.1703999999999999,calm,particle,0,0.7685611844062805
7184,candidate_004,surface_temp_ir;cr1000xe_backbone,1.1703999999999999,calm,particle,0,0.7641675472259521
7184,candidate_004,surface_temp_ir;cr1000xe_backbone,1.1703999999999999,calm,particle,0,0.7514557838439941
7184,candidate_004,surface_temp_ir;cr1000xe_backbone,1.1703999999999999,calm,particle,0,0.7587583661079407
7184,candidate_004,surface_temp_ir;cr1000xe_backbone,1.1703999999999999,calm,particle,0,0.7658462524414062
7184,candidate_004,surface_temp_ir;cr1000xe_backbone,1.1703999999999999,calm,particle,0,0.774682343006134
7184,candidate_004,surface_temp_ir;cr1000xe_backbone,1.1703999999999999,calm,particle,0,0.7953127026557922
7184,candidate_004,surface_temp_ir;cr1000xe_backbone,1.1703999999999999,calm,particle,0,0.8157979249954224
7184,candidate_004,surface_temp_ir;cr1000xe_backbone,1.1703999999999999,calm,particle,0,0.8179306387901306
7184,candidate_004,surface_temp_ir;cr1000xe_backbone,1.1703999999999999,calm,particle,0,0.8204206824302673
7184,candidate_004,surface_temp_ir;cr1000xe_backbone,1.1703999999999999,calm,particle,0,0.8372131586074829
7184,candidate_004,surface_temp_ir;cr1000xe_backbone,1.1703999999999999,calm,particle,0,0.8276194930076599
7184,candidate_004,surface_temp_ir;cr1000xe_backbone,1.1703999999999999,calm,particle,0,0.8085249066352844
7184,candidate_004,surface_temp_ir;cr1000xe_backbone,1.1703999999999999,calm,particle,0,0.7910377979278564
7184,candidate_004,surface_temp_ir;cr1000xe_backbone,1.1703999999999999,calm,particle,0,0.7847352623939514
7184,candidate_004,surface_temp_ir;cr1000xe_backbone,1.1703999999999999,calm,particle,0,0.7811108231544495
7184,candidate_004,surface_temp_ir;cr1000xe_backbone,1.1703999999999999,calm,particle,0,0.7599778771400452
7184,candidate_004,surface_temp_ir;cr1000xe_backbone,1.1703999999999999,calm,particle,0,0.7693779468536377
7184,candidate_004,surface_temp_ir;cr1000xe_backbone,1.1703999999999999,calm,particle,0,0.7697928547859192
7184,candidate_004,surface_temp_ir;cr1000xe_backbone,1.1703999999999999,calm,particle,0,0.7711635231971741
7184,candidate_004,surface_temp_ir;cr1000xe_backbone,1.1703999999999999,calm,particle,0,0.7877157926559448
7184,candidate_004,surface_temp_ir;cr1000xe_backbone,1.1703999999999999,calm,particle,0,0.7953582406044006
7184,candidate_004,surface_temp_ir;cr1000xe_backbone,1.1703999999999999,calm,particle,0,0.7959785461425781
7184,candidate_004,surface_temp_ir;cr1000xe_backbone,1.1703999999999999,calm,particle,0,0.789243757724762
7184,candidate_004,surface_temp_ir;cr1000xe_backbone,1.1703999999999999,calm,thermal,0,0.7949271202087402
7184,candidate_004,surface_temp_ir;cr1000xe_backbone,1.1703999999999999,calm,thermal,0,0.8062795400619507
7184,candidate_004,surface_temp_ir;cr1000xe_backbone,1.1703999999999999,calm,thermal,0,0.8042123317718506
7184,candidate_004,surface_temp_ir;cr1000xe_backbone,1.1703999999999999,calm,thermal,0,0.8104848861694336
7184,candidate_004,surface_temp_ir;cr1000xe_backbone,1.1703999999999999,calm,thermal,0,0.8371074795722961
7184,candidate_004,surface_temp_ir;cr1000xe_backbone,1.1703999999999999,calm,thermal,0,0.849003791809082
7184,candidate_004,surface_temp_ir;cr1000xe_backbone,1.1703999999999999,calm,thermal,0,0.8581849336624146
7184,candidate_004,surface_temp_ir;cr1000xe_backbone,1.1703999999999999,calm,thermal,0,0.8643726110458374
7184,candidate_004,surface_temp_ir;cr1000xe_backbone,1.1703999999999999,calm,thermal,0,0.8690325021743774
7184,candidate_004,surface_temp_ir;cr1000xe_backbone,1.1703999999999999,calm,thermal,0,0.8809811472892761
7184,candidate_004,surface_temp_ir;cr1000xe_backbone,1.1703999999999999,calm,thermal,0,0.8654823899269104
7184,candidate_004,surface_temp_ir;cr1000xe_backbone,1.1703999999999999,calm,thermal,0,0.8390474319458008
7184,candidate_004,surface_temp_ir;cr1000xe_backbone,1.1703999999999999,calm,thermal,0,0.8336428999900818
7184,candidate_004,surface_temp_ir;cr1000xe_backbone,1.1703999999999999,calm,thermal,0,0.8207564353942871
7184,candidate_004,surface_temp_ir;cr1000xe_backbone,1.1703999999999999,calm,thermal,0,0.7962424159049988
7184,candidate_004,surface_temp_ir;cr1000xe_backbone,1.1703999999999999,calm,thermal,0,0.7786557078361511
7184,candidate_004,surface_temp_ir;cr1000xe_backbone,1.1703999999999999,calm,thermal,0,0.7627600431442261
7184,candidate_004,surface_temp_ir;cr1000xe_backbone,1.1703999999999999,calm,thermal,0,0.7613612413406372
7184,candidate_004,surface_temp_ir;cr1000xe_backbone,1.1703999999999999,calm,thermal,0,0.7561600804328918
7184,candidate_004,surface_temp_ir;cr1000xe_backbone,1.1703999999999999,calm,thermal,0,0.7429460287094116
7184,candidate_004,surface_temp_ir;cr1000xe_backbone,1.1703999999999999,calm,thermal,0,0.7416382431983948
7184,candidate_004,surface_temp_ir;cr1000xe_backbone,1.1703999999999999,calm,transport,0,0.7233017683029175
7184,candidate_004,surface_temp_ir;cr1000xe_backbone,1.1703999999999999,calm,transport,0,0.7240990996360779
7184,candidate_004,surface_temp_ir;cr1000xe_backbone,1.1703999999999999,calm,transport,0,0.7088888883590698
7184,candidate_004,surface_temp_ir;cr1000xe_backbone,1.1703999999999999,calm,transport,0,0.6927964091300964
7184,candidate_004,surface_temp_ir;cr1000xe_backbone,1.1703999999999999,calm,transport,0,0.6980746388435364
7184,candidate_004,surface_temp_ir;cr1000xe_backbone,1.1703999999999999,calm,transport,0,0.6771846413612366
7184,candidate_004,surface_temp_ir;cr1000xe_backbone,1.1703999999999999,calm,transport,0,0.6931895613670349
7184,candidate_004,surface_temp_ir;cr1000xe_backbone,1.1703999999999999,calm,transport,0,0.7049428224563599
7184,candidate_004,surface_temp_ir;cr1000xe_backbone,1.1703999999999999,calm,transport,0,0.7186213731765747
7184,candidate_004,surface_temp_ir;cr1000xe_backbone,1.1703999999999999,calm,transport,0,0.7321599721908569
7184,candidate_004,surface_temp_ir;cr1000xe_backbone,1.1703999999999999,calm,transport,0,0.7425805330276489
7184,candidate_004,surface_temp_ir;cr1000xe_backbone,1.1703999999999999,calm,transport,0,0.7503852844238281
7184,candidate_004,surface_temp_ir;cr1000xe_backbone,1.1703999999999999,calm,transport,0,0.7658104300498962
7184,candidate_004,surface_temp_ir;cr1000xe_backbone,1.1703999999999999,calm,transport,0,0.7769109010696411
7184,candidate_004,surface_temp_ir;cr1000xe_backbone,1.1703999999999999,calm,transport,0,0.7521128058433533
7184,candidate_004,surface_temp_ir;cr1000xe_backbone,1.1703999999999999,calm,transport,0,0.7662438154220581
7184,candidate_004,surface_temp_ir;cr1000xe_backbone,1.1703999999999999,calm,transport,0,0.7351487874984741
7184,candidate_004,surface_temp_ir;cr1000xe_backbone,1.1703999999999999,calm,transport,0,0.7231587767601013
7184,candidate_004,surface_temp_ir;cr1000xe_backbone,1.1703999999999999,calm,transport,0,0.7146640419960022
7184,candidate_004,surface_temp_ir;cr1000xe_backbone,1.1703999999999999,calm,transport,0,0.6938931345939636
7184,candidate_004,surface_temp_ir;cr1000xe_backbone,1.1703999999999999,calm,transport,0,0.6870517134666443
7184,candidate_004,surface_temp_ir;cr1000xe_backbone,1.1703999999999999,calm,transport,0,0.695906937122345
7184,candidate_004,surface_temp_ir;cr1000xe_backbone,1.1703999999999999,calm,transport,0,0.6932823061943054
7184,candidate_004,surface_temp_ir;cr1000xe_backbone,1.1703999999999999,calm,transport,0,0.7079450488090515
7184,candidate_004,surface_temp_ir;cr1000xe_backbone,1.1703999999999999,calm,transport,0,0.7132326364517212
7184,candidate_004,surface_temp_ir;cr1000xe_backbone,1.1703999999999999,calm,transport,0,0.7178915739059448
7184,candidate_004,surface_temp_ir;cr1000xe_backbone,1.1703999999999999,calm,transport,0,0.7393569350242615
7184,candidate_004,surface_temp_ir;cr1000xe_backbone,1.1703999999999999,calm,transport,0,0.7423394918441772
7184,candidate_004,surface_temp_ir;cr1000xe_backbone,1.1703999999999999,calm,thermal,0,0.5047474503517151
7184,candidate_004,surface_temp_ir;cr1000xe_backbone,1.1703999999999999,calm,thermal,0,0.6691669821739197
7184,candidate_004,surface_temp_ir;cr1000xe_backbone,1.1703999999999999,particle,thermal,1,0.4884098470211029
7184,candidate_004,surface_temp_ir;cr1000xe_backbone,1.1703999999999999,particle,thermal,1,0.4973304867744446
7184,candidate_004,surface_temp_ir;cr1000xe_backbone,1.1703999999999999,particle,thermal,1,0.45755887031555176
7184,candidate_004,surface_temp_ir;cr1000xe_backbone,1.1703999999999999,particle,thermal,1,0.46443840861320496
7184,candidate_004,surface_temp_ir;cr1000xe_backbone,1.1703999999999999,particle,thermal,1,0.8129894733428955
7184,candidate_004,surface_temp_ir;cr1000xe_backbone,1.1703999999999999,particle,thermal,1,1.0913528203964233
7184,candidate_004,surface_temp_ir;cr1000xe_backbone,1.1703999999999999,particle,thermal,1,1.3992844820022583
7184,candidate_004,surface_temp_ir;cr1000xe_backbone,1.1703999999999999,particle,thermal,1,1.6568872928619385
7184,candidate_004,surface_temp_ir;cr1000xe_backbone,1.1703999999999999,particle,thermal,1,2.0096640586853027
7184,candidate_004,surface_temp_ir;cr1000xe_backbone,1.1703999999999999,particle,thermal,1,2.3132941722869873
7184,candidate_004,surface_temp_ir;cr1000xe_backbone,1.1703999999999999,particle,thermal,1,2.6251211166381836
7184,candidate_004,surface_temp_ir;cr1000xe_backbone,1.1703999999999999,particle,thermal,1,2.924036979675293
7184,candidate_004,surface_temp_ir;cr1000xe_backbone,1.1703999999999999,particle,transport,1,2.874143123626709
7184,candidate_004,surface_temp_ir;cr1000xe_backbone,1.1703999999999999,particle,transport,1,2.895582914352417
7184,candidate_004,surface_temp_ir;cr1000xe_backbone,1.1703999999999999,particle,transport,1,2.842348337173462
7184,candidate_004,surface_temp_ir;cr1000xe_backbone,1.1703999999999999,particle,transport,1,2.8118927478790283
7184,candidate_004,surface_temp_ir;cr1000xe_backbone,1.1703999999999999,particle,transport,1,2.7717716693878174
7184,candidate_004,surface_temp_ir;cr1000xe_backbone,1.1703999999999999,particle,transport,1,2.7803356647491455
7184,candidate_004,surface_temp_ir;cr1000xe_backbone,1.1703999999999999,particle,transport,1,2.741486072540283
7184,candidate_004,surface_temp_ir;cr1000xe_backbone,1.1703999999999999,particle,transport,1,2.730457067489624
7184,candidate_004,surface_temp_ir;cr1000xe_backbone,1.1703999999999999,particle,transport,1,2.7143430709838867
7184,candidate_004,surface_temp_ir;cr1000xe_backbone,1.1703999999999999,particle,transport,1,2.7089180946350098
7184,candidate_004,surface_temp_ir;cr1000xe_backbone,1.1703999999999999,particle,transport,1,2.704864740371704
7184,candidate_004,surface_temp_ir;cr1000xe_backbone,1.1703999999999999,particle,transport,1,2.665719747543335
7184,candidate_004,surface_temp_ir;cr1000xe_backbone,1.1703999999999999,particle,transport,1,2.69744873046875
7184,candidate_004,surface_temp_ir;cr1000xe_backbone,1.1703999999999999,particle,transport,1,2.702432870864868
7184,candidate_004,surface_temp_ir;cr1000xe_backbone,1.1703999999999999,particle,transport,1,2.716477394104004
7184,candidate_004,surface_temp_ir;cr1000xe_backbone,1.1703999999999999,particle,transport,1,2.707895517349243
7184,candidate_004,surface_temp_ir;cr1000xe_backbone,1.1703999999999999,particle,transport,1,2.7365589141845703
7184,candidate_004,surface_temp_ir;cr1000xe_backbone,1.1703999999999999,particle,transport,1,2.730250597000122
7184,candidate_004,surface_temp_ir;cr1000xe_backbone,1.1703999999999999,particle,transport,1,2.5048065185546875
7184,candidate_004,surface_temp_ir;cr1000xe_backbone,1.1703999999999999,particle,transport,1,2.236407518386841
7184,candidate_004,surface_temp_ir;cr1000xe_backbone,1.1703999999999999,particle,transport,1,1.982862114906311
7184,candidate_004,surface_temp_ir;cr1000xe_backbone,1.1703999999999999,particle,transport,1,1.6830538511276245
7184,candidate_004,surface_temp_ir;cr1000xe_backbone,1.1703999999999999,particle,transport,1,1.4760894775390625
7184,candidate_004,surface_temp_ir;cr1000xe_backbone,1.1703999999999999,particle,transport,1,1.1405494213104248
7184,candidate_004,surface_temp_ir;cr1000xe_backbone,1.1703999999999999,particle,transport,1,0.8963077068328857
7184,candidate_004,surface_temp_ir;cr1000xe_backbone,1.1703999999999999,particle,transport,1,0.6160698533058167
7184,candidate_004,surface_temp_ir;cr1000xe_backbone,1.1703999999999999,particle,particle,1,0.6571705937385559
7184,candidate_004,surface_temp_ir;cr1000xe_backbone,1.1703999999999999,particle,particle,1,0.6623457670211792
7184,candidate_004,surface_temp_ir;cr1000xe_backbone,1.1703999999999999,particle,particle,1,0.6849233508110046
7184,candidate_004,surface_temp_ir;cr1000xe_backbone,1.1703999999999999,particle,particle,1,0.6986097097396851
7184,candidate_004,surface_temp_ir;cr1000xe_backbone,1.1703999999999999,particle,particle,1,0.6871390342712402
7184,candidate_004,surface_temp_ir;cr1000xe_backbone,1.1703999999999999,particle,particle,1,0.6826471090316772
7184,candidate_004,surface_temp_ir;cr1000xe_backbone,1.1703999999999999,particle,particle,1,0.7128553986549377
7184,candidate_004,surface_temp_ir;cr1000xe_backbone,1.1703999999999999,particle,particle,1,0.686434268951416
7184,candidate_004,surface_temp_ir;cr1000xe_backbone,1.1703999999999999,particle,particle,1,0.7097797989845276
7184,candidate_004,surface_temp_ir;cr1000xe_backbone,1.1703999999999999,particle,particle,1,0.6783108711242676
7184,candidate_004,surface_temp_ir;cr1000xe_backbone,1.1703999999999999,particle,particle,1,0.7112283110618591
7184,candidate_004,surface_temp_ir;cr1000xe_backbone,1.1703999999999999,particle,particle,1,0.706289529800415
7184,candidate_004,surface_temp_ir;cr1000xe_backbone,1.1703999999999999,particle,particle,1,0.7106045484542847
7184,candidate_004,surface_temp_ir;cr1000xe_backbone,1.1703999999999999,particle,particle,1,0.7285061478614807
7184,candidate_004,surface_temp_ir;cr1000xe_backbone,1.1703999999999999,particle,particle,1,0.7329592108726501
7184,candidate_004,surface_temp_ir;cr1000xe_backbone,1.1703999999999999,particle,particle,1,0.7211061716079712
7184,candidate_004,surface_temp_ir;cr1000xe_backbone,1.1703999999999999,particle,particle,1,0.7196244597434998
7184,candidate_004,surface_temp_ir;cr1000xe_backbone,1.1703999999999999,calm,particle,0,0.7339059114456177
7184,candidate_004,surface_temp_ir;cr1000xe_backbone,1.1703999999999999,calm,thermal,0,0.754775881767273
7184,candidate_004,surface_temp_ir;cr1000xe_backbone,1.1703999999999999,calm,thermal,0,0.7722020149230957
7184,candidate_004,surface_temp_ir;cr1000xe_backbone,1.1703999999999999,calm,thermal,0,0.7574601769447327
7184,candidate_004,surface_temp_ir;cr1000xe_backbone,1.1703999999999999,calm,thermal,0,0.7407846450805664
7184,candidate_004,surface_temp_ir;cr1000xe_backbone,1.1703999999999999,calm,thermal,0,0.7574791312217712
7184,candidate_004,surface_temp_ir;cr1000xe_backbone,1.1703999999999999,calm,thermal,0,0.8566338419914246
7184,candidate_004,surface_temp_ir;cr1000xe_backbone,1.1703999999999999,calm,thermal,0,0.866672933101654
7184,candidate_004,surface_temp_ir;cr1000xe_backbone,1.1703999999999999,calm,thermal,0,0.8553338050842285
7184,candidate_004,surface_temp_ir;cr1000xe_backbone,1.1703999999999999,calm,thermal,0,0.8647181987762451
7184,candidate_004,surface_temp_ir;cr1000xe_backbone,1.1703999999999999,calm,thermal,0,0.8869794607162476
7184,candidate_004,surface_temp_ir;cr1000xe_backbone,1.1703999999999999,calm,thermal,0,0.8950026035308838
7184,candidate_004,surface_temp_ir;cr1000xe_backbone,1.1703999999999999,calm,thermal,0,0.8613128066062927
7184,candidate_004,surface_temp_ir;cr1000xe_backbone,1.1703999999999999,calm,thermal,0,0.8882216811180115
7184,candidate_004,surface_temp_ir;cr1000xe_backbone,1.1703999999999999,flux,thermal,2,0.4751904308795929
7184,candidate_004,surface_temp_ir;cr1000xe_backbone,1.1703999999999999,flux,thermal,2,0.7889400124549866
7184,candidate_004,surface_temp_ir;cr1000xe_backbone,1.1703999999999999,flux,thermal,2,1.0926294326782227
7184,candidate_004,surface_temp_ir;cr1000xe_backbone,1.1703999999999999,flux,thermal,2,1.413317084312439
7184,candidate_004,surface_temp_ir;cr1000xe_backbone,1.1703999999999999,flux,thermal,2,1.7511059045791626
7184,candidate_004,surface_temp_ir;cr1000xe_backbone,1.1703999999999999,flux,thermal,2,2.066134452819824
7184,candidate_004,surface_temp_ir;cr1000xe_backbone,1.1703999999999999,flux,thermal,2,2.4011409282684326
7184,candidate_004,surface_temp_ir;cr1000xe_backbone,1.1703999999999999,flux,thermal,2,2.721623182296753
7184,candidate_004,surface_temp_ir;cr1000xe_backbone,1.1703999999999999,flux,thermal,2,3.1065874099731445
7184,candidate_004,surface_temp_ir;cr1000xe_backbone,1.1703999999999999,flux,transport,2,3.070631742477417
7184,candidate_004,surface_temp_ir;cr1000xe_backbone,1.1703999999999999,flux,transport,2,3.1009361743927
7184,candidate_004,surface_temp_ir;cr1000xe_backbone,1.1703999999999999,flux,transport,2,3.108672618865967
7184,candidate_004,surface_temp_ir;cr1000xe_backbone,1.1703999999999999,flux,transport,2,3.1100728511810303
7184,candidate_004,surface_temp_ir;cr1000xe_backbone,1.1703999999999999,flux,transport,2,2.9995906352996826
7184,candidate_004,surface_temp_ir;cr1000xe_backbone,1.1703999999999999,flux,transport,2,2.972734212875366
7184,candidate_004,surface_temp_ir;cr1000xe_backbone,1.1703999999999999,flux,transport,2,2.932706117630005
7184,candidate_004,surface_temp_ir;cr1000xe_backbone,1.1703999999999999,flux,transport,2,2.8720414638519287
7184,candidate_004,surface_temp_ir;cr1000xe_backbone,1.1703999999999999,flux,transport,2,2.7476515769958496
7184,candidate_004,surface_temp_ir;cr1000xe_backbone,1.1703999999999999,flux,transport,2,2.714240789413452
7184,candidate_004,surface_temp_ir;cr1000xe_backbone,1.1703999999999999,flux,transport,2,2.6919751167297363
7184,candidate_004,surface_temp_ir;cr1000xe_backbone,1.1703999999999999,flux,transport,2,2.6786718368530273
7184,candidate_004,surface_temp_ir;cr1000xe_backbone,1.1703999999999999,flux,transport,2,2.662107467651367
7184,candidate_004,surface_temp_ir;cr1000xe_backbone,1.1703999999999999,flux,transport,2,2.6483328342437744
7184,candidate_004,surface_temp_ir;cr1000xe_backbone,1.1703999999999999,flux,transport,2,2.418234348297119
7184,candidate_004,surface_temp_ir;cr1000xe_backbone,1.1703999999999999,flux,transport,2,2.185147285461426
7184,candidate_004,surface_temp_ir;cr1000xe_backbone,1.1703999999999999,flux,transport,2,1.9313130378723145
7184,candidate_004,surface_temp_ir;cr1000xe_backbone,1.1703999999999999,flux,transport,2,1.696885108947754
7184,candidate_004,surface_temp_ir;cr1000xe_backbone,1.1703999999999999,flux,transport,2,1.3798154592514038
7184,candidate_004,surface_temp_ir;cr1000xe_backbone,1.1703999999999999,flux,transport,2,1.081848382949829
7184,candidate_004,surface_temp_ir;cr1000xe_backbone,1.1703999999999999,flux,transport,2,0.7774893641471863
7184,candidate_004,surface_temp_ir;cr1000xe_backbone,1.1703999999999999,flux,transport,2,0.4895465075969696
7184,candidate_004,surface_temp_ir;cr1000xe_backbone,1.1703999999999999,flux,particle,2,0.4456239938735962
7184,candidate_004,surface_temp_ir;cr1000xe_backbone,1.1703999999999999,flux,particle,2,0.41207191348075867
7184,candidate_004,surface_temp_ir;cr1000xe_backbone,1.1703999999999999,flux,particle,2,0.371608704328537
7184,candidate_004,surface_temp_ir;cr1000xe_backbone,1.1703999999999999,flux,particle,2,0.30698034167289734
7184,candidate_004,surface_temp_ir;cr1000xe_backbone,1.1703999999999999,calm,particle,0,0.3238288164138794
7184,candidate_004,surface_temp_ir;cr1000xe_backbone,1.1703999999999999,calm,particle,0,0.34100595116615295
7184,candidate_004,surface_temp_ir;cr1000xe_backbone,1.1703999999999999,calm,particle,0,0.334445059299469
7184,candidate_004,surface_temp_ir;cr1000xe_backbone,1.1703999999999999,calm,particle,0,0.3719366788864136
7184,candidate_004,surface_temp_ir;cr1000xe_backbone,1.1703999999999999,calm,particle,0,0.40934598445892334
7184,candidate_004,surface_temp_ir;cr1000xe_backbone,1.1703999999999999,calm,particle,0,0.4593447148799896
7184,candidate_004,surface_temp_ir;cr1000xe_backbone,1.1703999999999999,calm,particle,0,0.5086487531661987
7184,candidate_004,surface_temp_ir;cr1000xe_backbone,1.1703999999999999,calm,particle,0,0.5752878189086914
7184,candidate_004,surface_temp_ir;cr1000xe_backbone,1.1703999999999999,calm,particle,0,0.6403353214263916
7184,candidate_004,surface_temp_ir;cr1000xe_backbone,1.1703999999999999,calm,particle,0,0.7072287201881409
7184,candidate_004,surface_temp_ir;cr1000xe_backbone,1.1703999999999999,calm,particle,0,0.754482626914978
7184,candidate_004,surface_temp_ir;cr1000xe_backbone,1.1703999999999999,calm,particle,0,0.795437753200531
7184,candidate_004,surface_temp_ir;cr1000xe_backbone,1.1703999999999999,flux,particle,2,0.827252209186554
7184,candidate_004,surface_temp_ir;cr1000xe_backbone,1.1703999999999999,flux,particle,2,0.8080470561981201
7184,candidate_004,surface_temp_ir;cr1000xe_backbone,1.1703999999999999,flux,particle,2,0.8647088408470154
7184,candidate_004,surface_temp_ir;cr1000xe_backbone,1.1703999999999999,flux,particle,2,0.8383380174636841
7184,candidate_004,surface_temp_ir;cr1000xe_backbone,1.1703999999999999,flux,particle,2,0.8355096578598022
7184,candidate_004,surface_temp_ir;cr1000xe_backbone,1.1703999999999999,flux,particle,2,0.8047544956207275
7184,candidate_004,surface_temp_ir;cr1000xe_backbone,1.1703999999999999,flux,particle,2,0.8153824806213379
7184,candidate_004,surface_temp_ir;cr1000xe_backbone,1.1703999999999999,flux,particle,2,0.7963722348213196
7184,candidate_004,surface_temp_ir;cr1000xe_backbone,1.1703999999999999,flux,particle,2,0.8047928810119629
7184,candidate_004,surface_temp_ir;cr1000xe_backbone,1.1703999999999999,flux,particle,2,0.7744279503822327
7184,candidate_004,surface_temp_ir;cr1000xe_backbone,1.1703999999999999,flux,particle,2,0.7746504545211792
7184,candidate_004,surface_temp_ir;cr1000xe_backbone,1.1703999999999999,flux,particle,2,0.7554897665977478
7184,candidate_004,surface_temp_ir;cr1000xe_backbone,1.1703999999999999,flux,particle,2,0.7553884387016296
7184,candidate_004,surface_temp_ir;cr1000xe_backbone,1.1703999999999999,flux,particle,2,0.7716649770736694
7184,candidate_004,surface_temp_ir;cr1000xe_backbone,1.1703999999999999,flux,particle,2,0.8210470080375671
7184,candidate_004,surface_temp_ir;cr1000xe_backbone,1.1703999999999999,flux,particle,2,0.8051583170890808
7184,candidate_004,surface_temp_ir;cr1000xe_backbone,1.1703999999999999,flux,thermal,2,0.5440638065338135
7184,candidate_004,surface_temp_ir;cr1000xe_backbone,1.1703999999999999,flux,thermal,2,0.5464115738868713
7184,candidate_004,surface_temp_ir;cr1000xe_backbone,1.1703999999999999,flux,thermal,2,0.5379064083099365
7184,candidate_004,surface_temp_ir;cr1000xe_backbone,1.1703999999999999,flux,thermal,2,0.5089994668960571
7184,candidate_004,surface_temp_ir;cr1000xe_backbone,1.1703999999999999,flux,thermal,2,0.4631110429763794
7184,candidate_004,surface_temp_ir;cr1000xe_backbone,1.1703999999999999,flux,thermal,2,0.4806067943572998
7184,candidate_004,surface_temp_ir;cr1000xe_backbone,1.1703999999999999,flux,thermal,2,0.47881877422332764
7184,candidate_004,surface_temp_ir;cr1000xe_backbone,1.1703999999999999,flux,thermal,2,0.45125436782836914
7184,candidate_004,surface_temp_ir;cr1000xe_backbone,1.1703999999999999,flux,thermal,2,0.5441241264343262
7184,candidate_004,surface_temp_ir;cr1000xe_backbone,1.1703999999999999,flux,thermal,2,0.5665845274925232
7184,candidate_004,surface_temp_ir;cr1000xe_backbone,1.1703999999999999,flux,thermal,2,0.6125258207321167
7184,candidate_004,surface_temp_ir;cr1000xe_backbone,1.1703999999999999,flux,thermal,2,0.6049794554710388
7184,candidate_004,surface_temp_ir;cr1000xe_backbone,1.1703999999999999,flux,thermal,2,0.604473352432251
7184,candidate_004,surface_temp_ir;cr1000xe_backbone,1.1703999999999999,flux,thermal,2,0.6282182335853577
7184,candidate_004,surface_temp_ir;cr1000xe_backbone,1.1703999999999999,flux,thermal,2,0.6187189817428589
7184,candidate_004,surface_temp_ir;cr1000xe_backbone,1.1703999999999999,flux,thermal,2,0.6292701959609985
7184,candidate_004,surface_temp_ir;cr1000xe_backbone,1.1703999999999999,flux,thermal,2,0.7104930281639099
7184,candidate_004,surface_temp_ir;cr1000xe_backbone,1.1703999999999999,calm,thermal,0,0.6790833473205566
7184,candidate_004,surface_temp_ir;cr1000xe_backbone,1.1703999999999999,calm,thermal,0,1.029262900352478
7184,candidate_004,surface_temp_ir;cr1000xe_backbone,1.1703999999999999,calm,thermal,0,1.0545130968093872
7184,candidate_004,surface_temp_ir;cr1000xe_backbone,1.1703999999999999,calm,thermal,0,1.0035512447357178
7184,candidate_004,surface_temp_ir;cr1000xe_backbone,1.1703999999999999,calm,thermal,0,0.9978634715080261
7184,candidate_004,surface_temp_ir;cr1000xe_backbone,1.1703999999999999,calm,thermal,0,1.2538944482803345
7184,candidate_004,surface_temp_ir;cr1000xe_backbone,1.1703999999999999,calm,thermal,0,1.4843668937683105
7184,candidate_004,surface_temp_ir;cr1000xe_backbone,1.1703999999999999,calm,thermal,0,1.7570799589157104
7184,candidate_004,surface_temp_ir;cr1000xe_backbone,1.1703999999999999,calm,thermal,0,2.0112521648406982
7184,candidate_004,surface_temp_ir;cr1000xe_backbone,1.1703999999999999,calm,thermal,0,2.273956537246704
7184,candidate_004,surface_temp_ir;cr1000xe_backbone,1.1703999999999999,calm,thermal,0,2.555955171585083
7184,candidate_004,surface_temp_ir;cr1000xe_backbone,1.1703999999999999,calm,thermal,0,2.8393332958221436
7184,candidate_004,surface_temp_ir;cr1000xe_backbone,1.1703999999999999,thermal,transport,3,2.876136064529419
7184,candidate_004,surface_temp_ir;cr1000xe_backbone,1.1703999999999999,thermal,transport,3,2.8688254356384277
7184,candidate_004,surface_temp_ir;cr1000xe_backbone,1.1703999999999999,thermal,transport,3,2.9124596118927
7184,candidate_004,surface_temp_ir;cr1000xe_backbone,1.1703999999999999,thermal,transport,3,2.9206619262695312
7184,candidate_004,surface_temp_ir;cr1000xe_backbone,1.1703999999999999,thermal,transport,3,2.942662239074707
7184,candidate_004,surface_temp_ir;cr1000xe_backbone,1.1703999999999999,thermal,transport,3,2.92443585395813
7184,candidate_004,surface_temp_ir;cr1000xe_backbone,1.1703999999999999,thermal,transport,3,2.945490598678589
7184,candidate_004,surface_temp_ir;cr1000xe_backbone,1.1703999999999999,thermal,transport,3,2.955686569213867
7184,candidate_004,surface_temp_ir;cr1000xe_backbone,1.1703999999999999,thermal,transport,3,2.962724208831787
7184,candidate_004,surface_temp_ir;cr1000xe_backbone,1.1703999999999999,thermal,transport,3,2.9674410820007324
7184,candidate_004,surface_temp_ir;cr1000xe_backbone,1.1703999999999999,thermal,transport,3,2.9641385078430176
7184,candidate_004,surface_temp_ir;cr1000xe_backbone,1.1703999999999999,thermal,transport,3,2.9781627655029297
7184,candidate_004,surface_temp_ir;cr1000xe_backbone,1.1703999999999999,thermal,transport,3,2.725102186203003
7184,candidate_004,surface_temp_ir;cr1000xe_backbone,1.1703999999999999,thermal,transport,3,2.477163076400757
7184,candidate_004,surface_temp_ir;cr1000xe_backbone,1.1703999999999999,thermal,transport,3,2.215660810470581
7184,candidate_004,surface_temp_ir;cr1000xe_backbone,1.1703999999999999,thermal,transport,3,1.9550836086273193
7184,candidate_004,surface_temp_ir;cr1000xe_backbone,1.1703999999999999,thermal,transport,3,1.704397201538086
7184,candidate_004,surface_temp_ir;cr1000xe_backbone,1.1703999999999999,thermal,transport,3,1.441590428352356
7184,candidate_004,surface_temp_ir;cr1000xe_backbone,1.1703999999999999,thermal,transport,3,1.1747876405715942
7184,candidate_004,surface_temp_ir;cr1000xe_backbone,1.1703999999999999,thermal,transport,3,0.9238091707229614
7184,candidate_004,surface_temp_ir;cr1000xe_backbone,1.1703999999999999,thermal,particle,3,0.9366423487663269
7184,candidate_004,surface_temp_ir;cr1000xe_backbone,1.1703999999999999,thermal,particle,3,0.8973106741905212
7184,candidate_004,surface_temp_ir;cr1000xe_backbone,1.1703999999999999,thermal,particle,3,0.874762237071991
7184,candidate_004,surface_temp_ir;cr1000xe_backbone,1.1703999999999999,thermal,particle,3,0.8508288264274597
7184,candidate_004,surface_temp_ir;cr1000xe_backbone,1.1703999999999999,thermal,particle,3,0.8238149881362915
7184,candidate_004,surface_temp_ir;cr1000xe_backbone,1.1703999999999999,thermal,particle,3,0.7985283136367798
7184,candidate_004,surface_temp_ir;cr1000xe_backbone,1.1703999999999999,thermal,particle,3,0.7608747482299805
7184,candidate_004,surface_temp_ir;cr1000xe_backbone,1.1703999999999999,thermal,particle,3,0.7304896116256714
7184,candidate_004,surface_temp_ir;cr1000xe_backbone,1.1703999999999999,thermal,particle,3,0.7049610018730164
7184,candidate_004,surface_temp_ir;cr1000xe_backbone,1.1703999999999999,calm,particle,0,0.7025542259216309
7184,candidate_004,surface_temp_ir;cr1000xe_backbone,1.1703999999999999,calm,particle,0,0.6968519687652588
7184,candidate_004,surface_temp_ir;cr1000xe_backbone,1.1703999999999999,calm,particle,0,0.6862849593162537
7184,candidate_004,surface_temp_ir;cr1000xe_backbone,1.1703999999999999,calm,particle,0,0.6673536896705627
7184,candidate_004,surface_temp_ir;cr1000xe_backbone,1.1703999999999999,calm,particle,0,0.663811206817627
7184,candidate_004,surface_temp_ir;cr1000xe_backbone,1.1703999999999999,calm,particle,0,0.6379134058952332
7184,candidate_004,surface_temp_ir;cr1000xe_backbone,1.1703999999999999,calm,particle,0,0.6128787398338318
7184,candidate_004,surface_temp_ir;cr1000xe_backbone,1.1703999999999999,calm,particle,0,0.5959644317626953
7184,candidate_004,surface_temp_ir;cr1000xe_backbone,1.1703999999999999,calm,particle,0,0.570616602897644
7184,candidate_004,surface_temp_ir;cr1000xe_backbone,1.1703999999999999,calm,particle,0,0.5666632056236267
7184,candidate_004,surface_temp_ir;cr1000xe_backbone,1.1703999999999999,calm,particle,0,0.579719603061676
7184,candidate_004,surface_temp_ir;cr1000xe_backbone,1.1703999999999999,calm,particle,0,0.585092306137085
7184,candidate_004,surface_temp_ir;cr1000xe_backbone,1.1703999999999999,calm,particle,0,0.583465576171875
7184,candidate_004,surface_temp_ir;cr1000xe_backbone,1.1703999999999999,calm,particle,0,0.6150281429290771
7184,candidate_004,surface_temp_ir;cr1000xe_backbone,1.1703999999999999,thermal,thermal,3,0.4794609546661377
7184,candidate_004,surface_temp_ir;cr1000xe_backbone,1.1703999999999999,thermal,thermal,3,0.49325302243232727
7184,candidate_004,surface_temp_ir;cr1000xe_backbone,1.1703999999999999,thermal,thermal,3,0.4801974892616272
7184,candidate_004,surface_temp_ir;cr1000xe_backbone,1.1703999999999999,thermal,thermal,3,0.4578051269054413
7184,candidate_004,surface_temp_ir;cr1000xe_backbone,1.1703999999999999,thermal,thermal,3,0.4174827039241791
7184,candidate_004,surface_temp_ir;cr1000xe_backbone,1.1703999999999999,thermal,thermal,3,0.4328196346759796
7184,candidate_004,surface_temp_ir;cr1000xe_backbone,1.1703999999999999,thermal,thermal,3,0.4275110960006714
7184,candidate_004,surface_temp_ir;cr1000xe_backbone,1.1703999999999999,thermal,thermal,3,0.41928693652153015
7184,candidate_004,surface_temp_ir;cr1000xe_backbone,1.1703999999999999,thermal,thermal,3,0.45226916670799255
7184,candidate_004,surface_temp_ir;cr1000xe_backbone,1.1703999999999999,thermal,thermal,3,0.43826642632484436
7184,candidate_004,surface_temp_ir;cr1000xe_backbone,1.1703999999999999,thermal,thermal,3,0.4519488215446472
7184,candidate_004,surface_temp_ir;cr1000xe_backbone,1.1703999999999999,thermal,thermal,3,0.4799661338329315
7184,candidate_004,surface_temp_ir;cr1000xe_backbone,1.1703999999999999,thermal,thermal,3,0.555272102355957
7184,candidate_004,surface_temp_ir;cr1000xe_backbone,1.1703999999999999,thermal,thermal,3,0.563503086566925
7184,candidate_004,surface_temp_ir;cr1000xe_backbone,1.1703999999999999,thermal,thermal,3,0.8542307019233704
7184,candidate_004,surface_temp_ir;cr1000xe_backbone,1.1703999999999999,thermal,thermal,3,1.183820128440857
7184,candidate_004,surface_temp_ir;cr1000xe_backbone,1.1703999999999999,thermal,thermal,3,1.4620418548583984
7184,candidate_004,surface_temp_ir;cr1000xe_backbone,1.1703999999999999,thermal,thermal,3,1.776912808418274
7184,candidate_004,surface_temp_ir;cr1000xe_backbone,1.1703999999999999,thermal,thermal,3,2.0797367095947266
7184,candidate_004,surface_temp_ir;cr1000xe_backbone,1.1703999999999999,thermal,thermal,3,2.395681142807007
7184,candidate_004,surface_temp_ir;cr1000xe_backbone,1.1703999999999999,thermal,thermal,3,2.722322463989258
7184,candidate_004,surface_temp_ir;cr1000xe_backbone,1.1703999999999999,thermal,thermal,3,3.0427465438842773
7184,candidate_004,surface_temp_ir;cr1000xe_backbone,1.1703999999999999,thermal,transport,3,2.993788242340088
7184,candidate_004,surface_temp_ir;cr1000xe_backbone,1.1703999999999999,thermal,transport,3,3.006511688232422
7184,candidate_004,surface_temp_ir;cr1000xe_backbone,1.1703999999999999,thermal,transport,3,3.018550395965576
7184,candidate_004,surface_temp_ir;cr1000xe_backbone,1.1703999999999999,thermal,transport,3,3.018953561782837
7184,candidate_004,surface_temp_ir;cr1000xe_backbone,1.1703999999999999,thermal,transport,3,2.996958017349243
7184,candidate_004,surface_temp_ir;cr1000xe_backbone,1.1703999999999999,thermal,transport,3,3.008018970489502
7184,candidate_004,surface_temp_ir;cr1000xe_backbone,1.1703999999999999,thermal,transport,3,3.0143730640411377
7184,candidate_004,surface_temp_ir;cr1000xe_backbone,1.1703999999999999,thermal,transport,3,3.0240910053253174
7184,candidate_004,surface_temp_ir;cr1000xe_backbone,1.1703999999999999,thermal,transport,3,2.9614510536193848
7184,candidate_004,surface_temp_ir;cr1000xe_backbone,1.1703999999999999,thermal,transport,3,2.96651291847229
7184,candidate_004,surface_temp_ir;cr1000xe_backbone,1.1703999999999999,thermal,transport,3,2.9917349815368652
7184,candidate_004,surface_temp_ir;cr1000xe_backbone,1.1703999999999999,thermal,transport,3,2.9969871044158936
7184,candidate_004,surface_temp_ir;cr1000xe_backbone,1.1703999999999999,thermal,transport,3,2.730720281600952
7184,candidate_004,surface_temp_ir;cr1000xe_backbone,1.1703999999999999,thermal,transport,3,2.491413116455078
7184,candidate_004,surface_temp_ir;cr1000xe_backbone,1.1703999999999999,thermal,transport,3,2.264106512069702
7184,candidate_004,surface_temp_ir;cr1000xe_backbone,1.1703999999999999,thermal,transport,3,2.0150599479675293
7184,candidate_004,surface_temp_ir;cr1000xe_backbone,1.1703999999999999,thermal,transport,3,1.7614893913269043
7184,candidate_004,surface_temp_ir;cr1000xe_backbone,1.1703999999999999,thermal,transport,3,1.5084125995635986
7184,candidate_004,surface_temp_ir;cr1000xe_backbone,1.1703999999999999,thermal,transport,3,1.2334613800048828
7184,candidate_004,surface_temp_ir;cr1000xe_backbone,1.1703999999999999,thermal,transport,3,0.9848572015762329
7184,candidate_004,surface_temp_ir;cr1000xe_backbone,1.1703999999999999,thermal,particle,3,0.9724932909011841
7184,candidate_004,surface_temp_ir;cr1000xe_backbone,1.1703999999999999,thermal,particle,3,0.9710493683815002
7184,candidate_004,surface_temp_ir;cr1000xe_backbone,1.1703999999999999,thermal,particle,3,0.9717787504196167
7184,candidate_004,surface_temp_ir;cr1000xe_backbone,1.1703999999999999,thermal,particle,3,0.9604266881942749
7184,candidate_004,surface_temp_ir;cr1000xe_backbone,1.1703999999999999,thermal,particle,3,0.9577340483665466
7184,candidate_004,surface_temp_ir;cr1000xe_backbone,1.1703999999999999,thermal,particle,3,0.9129310846328735
7184,candidate_004,surface_temp_ir;cr1000xe_backbone,1.1703999999999999,thermal,particle,3,0.8701573014259338
7184,candidate_004,surface_temp_ir;cr1000xe_backbone,1.1703999999999999,thermal,particle,3,0.8058411478996277
7184,candidate_005,met_station_core;surface_temp_ir;cr1000xe_backbone,1.8904,calm,particle,0,0.6632066965103149
7184,candidate_005,met_station_core;surface_temp_ir;cr1000xe_backbone,1.8904,calm,particle,0,0.4966794550418854
7184,candidate_005,met_station_core;surface_temp_ir;cr1000xe_backbone,1.8904,calm,particle,0,0.4784491956233978
7184,candidate_005,met_station_core;surface_temp_ir;cr1000xe_backbone,1.8904,calm,particle,0,0.36457324028015137
7184,candidate_005,met_station_core;surface_temp_ir;cr1000xe_backbone,1.8904,calm,particle,0,0.4053250849246979
7184,candidate_005,met_station_core;surface_temp_ir;cr1000xe_backbone,1.8904,calm,particle,0,0.3335891366004944
7184,candidate_005,met_station_core;surface_temp_ir;cr1000xe_backbone,1.8904,calm,particle,0,0.3009422719478607
7184,candidate_005,met_station_core;surface_temp_ir;cr1000xe_backbone,1.8904,calm,particle,0,0.28996607661247253
7184,candidate_005,met_station_core;surface_temp_ir;cr1000xe_backbone,1.8904,calm,particle,0,0.31365883350372314
7184,candidate_005,met_station_core;surface_temp_ir;cr1000xe_backbone,1.8904,calm,particle,0,0.28779155015945435
7184,candidate_005,met_station_core;surface_temp_ir;cr1000xe_backbone,1.8904,calm,particle,0,0.28954365849494934
7184,candidate_005,met_station_core;surface_temp_ir;cr1000xe_backbone,1.8904,calm,particle,0,0.2772773504257202
7184,candidate_005,met_station_core;surface_temp_ir;cr1000xe_backbone,1.8904,calm,particle,0,0.276242196559906
7184,candidate_005,met_station_core;surface_temp_ir;cr1000xe_backbone,1.8904,calm,particle,0,0.25067079067230225
7184,candidate_005,met_station_core;surface_temp_ir;cr1000xe_backbone,1.8904,calm,particle,0,0.26156100630760193
7184,candidate_005,met_station_core;surface_temp_ir;cr1000xe_backbone,1.8904,calm,particle,0,0.23104652762413025
7184,candidate_005,met_station_core;surface_temp_ir;cr1000xe_backbone,1.8904,calm,particle,0,0.3773227035999298
7184,candidate_005,met_station_core;surface_temp_ir;cr1000xe_backbone,1.8904,calm,particle,0,0.3123643696308136
7184,candidate_005,met_station_core;surface_temp_ir;cr1000xe_backbone,1.8904,calm,particle,0,0.3320784866809845
7184,candidate_005,met_station_core;surface_temp_ir;cr1000xe_backbone,1.8904,calm,particle,0,0.3598744869232178
7184,candidate_005,met_station_core;surface_temp_ir;cr1000xe_backbone,1.8904,calm,particle,0,0.41544124484062195
7184,candidate_005,met_station_core;surface_temp_ir;cr1000xe_backbone,1.8904,calm,thermal,0,0.45022764801979065
7184,candidate_005,met_station_core;surface_temp_ir;cr1000xe_backbone,1.8904,calm,thermal,0,0.49273231625556946
7184,candidate_005,met_station_core;surface_temp_ir;cr1000xe_backbone,1.8904,calm,thermal,0,0.48102042078971863
7184,candidate_005,met_station_core;surface_temp_ir;cr1000xe_backbone,1.8904,calm,thermal,0,0.5645982623100281
7184,candidate_005,met_station_core;surface_temp_ir;cr1000xe_backbone,1.8904,calm,thermal,0,0.563834547996521
7184,candidate_005,met_station_core;surface_temp_ir;cr1000xe_backbone,1.8904,calm,thermal,0,0.5959659814834595
7184,candidate_005,met_station_core;surface_temp_ir;cr1000xe_backbone,1.8904,calm,thermal,0,0.4971465766429901
7184,candidate_005,met_station_core;surface_temp_ir;cr1000xe_backbone,1.8904,calm,thermal,0,0.4558179974555969
7184,candidate_005,met_station_core;surface_temp_ir;cr1000xe_backbone,1.8904,calm,thermal,0,0.4202379882335663
7184,candidate_005,met_station_core;surface_temp_ir;cr1000xe_backbone,1.8904,calm,thermal,0,0.3820955455303192
7184,candidate_005,met_station_core;surface_temp_ir;cr1000xe_backbone,1.8904,calm,thermal,0,0.37060073018074036
7184,candidate_005,met_station_core;surface_temp_ir;cr1000xe_backbone,1.8904,calm,thermal,0,0.3209786117076874
7184,candidate_005,met_station_core;surface_temp_ir;cr1000xe_backbone,1.8904,calm,thermal,0,0.3137286305427551
7184,candidate_005,met_station_core;surface_temp_ir;cr1000xe_backbone,1.8904,calm,thermal,0,0.3229609727859497
7184,candidate_005,met_station_core;surface_temp_ir;cr1000xe_backbone,1.8904,calm,thermal,0,0.3277643024921417
7184,candidate_005,met_station_core;surface_temp_ir;cr1000xe_backbone,1.8904,calm,thermal,0,0.3387959599494934
7184,candidate_005,met_station_core;surface_temp_ir;cr1000xe_backbone,1.8904,calm,thermal,0,0.35327234864234924
7184,candidate_005,met_station_core;surface_temp_ir;cr1000xe_backbone,1.8904,calm,thermal,0,0.3376395106315613
7184,candidate_005,met_station_core;surface_temp_ir;cr1000xe_backbone,1.8904,calm,thermal,0,0.3335046172142029
7184,candidate_005,met_station_core;surface_temp_ir;cr1000xe_backbone,1.8904,calm,thermal,0,0.3520404100418091
7184,candidate_005,met_station_core;surface_temp_ir;cr1000xe_backbone,1.8904,calm,thermal,0,0.32402828335762024
7184,candidate_005,met_station_core;surface_temp_ir;cr1000xe_backbone,1.8904,calm,thermal,0,0.3660784661769867
7184,candidate_005,met_station_core;surface_temp_ir;cr1000xe_backbone,1.8904,calm,thermal,0,0.3879341185092926
7184,candidate_005,met_station_core;surface_temp_ir;cr1000xe_backbone,1.8904,calm,thermal,0,0.41120976209640503
7184,candidate_005,met_station_core;surface_temp_ir;cr1000xe_backbone,1.8904,calm,thermal,0,0.3967302143573761
7184,candidate_005,met_station_core;surface_temp_ir;cr1000xe_backbone,1.8904,calm,thermal,0,0.4165634512901306
7184,candidate_005,met_station_core;surface_temp_ir;cr1000xe_backbone,1.8904,calm,thermal,0,0.44770920276641846
7184,candidate_005,met_station_core;surface_temp_ir;cr1000xe_backbone,1.8904,calm,thermal,0,0.49136000871658325
7184,candidate_005,met_station_core;surface_temp_ir;cr1000xe_backbone,1.8904,calm,thermal,0,0.520121157169342
7184,candidate_005,met_station_core;surface_temp_ir;cr1000xe_backbone,1.8904,calm,thermal,0,0.4791831076145172
7184,candidate_005,met_station_core;surface_temp_ir;cr1000xe_backbone,1.8904,calm,thermal,0,0.45934563875198364
7184,candidate_005,met_station_core;surface_temp_ir;cr1000xe_backbone,1.8904,calm,thermal,0,0.3614882230758667
7184,candidate_005,met_station_core;surface_temp_ir;cr1000xe_backbone,1.8904,calm,thermal,0,0.3713423013687134
7184,candidate_005,met_station_core;surface_temp_ir;cr1000xe_backbone,1.8904,calm,transport,0,0.335543155670166
7184,candidate_005,met_station_core;surface_temp_ir;cr1000xe_backbone,1.8904,calm,transport,0,0.2938143312931061
7184,candidate_005,met_station_core;surface_temp_ir;cr1000xe_backbone,1.8904,calm,transport,0,0.318575382232666
7184,candidate_005,met_station_core;surface_temp_ir;cr1000xe_backbone,1.8904,calm,transport,0,0.27842891216278076
7184,candidate_005,met_station_core;surface_temp_ir;cr1000xe_backbone,1.8904,calm,transport,0,0.3260619640350342
7184,candidate_005,met_station_core;surface_temp_ir;cr1000xe_backbone,1.8904,calm,transport,0,0.32002055644989014
7184,candidate_005,met_station_core;surface_temp_ir;cr1000xe_backbone,1.8904,calm,transport,0,0.3284105658531189
7184,candidate_005,met_station_core;surface_temp_ir;cr1000xe_backbone,1.8904,calm,transport,0,0.33161500096321106
7184,candidate_005,met_station_core;surface_temp_ir;cr1000xe_backbone,1.8904,calm,transport,0,0.32637712359428406
7184,candidate_005,met_station_core;surface_temp_ir;cr1000xe_backbone,1.8904,calm,transport,0,0.2937749922275543
7184,candidate_005,met_station_core;surface_temp_ir;cr1000xe_backbone,1.8904,calm,transport,0,0.321836918592453
7184,candidate_005,met_station_core;surface_temp_ir;cr1000xe_backbone,1.8904,calm,transport,0,0.2800206243991852
7184,candidate_005,met_station_core;surface_temp_ir;cr1000xe_backbone,1.8904,calm,transport,0,0.2934870719909668
7184,candidate_005,met_station_core;surface_temp_ir;cr1000xe_backbone,1.8904,calm,transport,0,0.3047575354576111
7184,candidate_005,met_station_core;surface_temp_ir;cr1000xe_backbone,1.8904,calm,transport,0,0.3396809697151184
7184,candidate_005,met_station_core;surface_temp_ir;cr1000xe_backbone,1.8904,calm,transport,0,0.4193170666694641
7184,candidate_005,met_station_core;surface_temp_ir;cr1000xe_backbone,1.8904,calm,transport,0,0.4746209681034088
7184,candidate_005,met_station_core;surface_temp_ir;cr1000xe_backbone,1.8904,calm,transport,0,0.5554442405700684
7184,candidate_005,met_station_core;surface_temp_ir;cr1000xe_backbone,1.8904,calm,transport,0,0.5136935114860535
7184,candidate_005,met_station_core;surface_temp_ir;cr1000xe_backbone,1.8904,calm,transport,0,0.6013445258140564
7184,candidate_005,met_station_core;surface_temp_ir;cr1000xe_backbone,1.8904,calm,transport,0,0.5110764503479004
7184,candidate_005,met_station_core;surface_temp_ir;cr1000xe_backbone,1.8904,calm,transport,0,0.48683983087539673
7184,candidate_005,met_station_core;surface_temp_ir;cr1000xe_backbone,1.8904,calm,transport,0,0.41834133863449097
7184,candidate_005,met_station_core;surface_temp_ir;cr1000xe_backbone,1.8904,calm,transport,0,0.44861549139022827
7184,candidate_005,met_station_core;surface_temp_ir;cr1000xe_backbone,1.8904,calm,transport,0,0.3673706352710724
7184,candidate_005,met_station_core;surface_temp_ir;cr1000xe_backbone,1.8904,calm,transport,0,0.35060107707977295
7184,candidate_005,met_station_core;surface_temp_ir;cr1000xe_backbone,1.8904,calm,transport,0,0.3417266309261322
7184,candidate_005,met_station_core;surface_temp_ir;cr1000xe_backbone,1.8904,calm,transport,0,0.33683377504348755
7184,candidate_005,met_station_core;surface_temp_ir;cr1000xe_backbone,1.8904,calm,transport,0,0.34708309173583984
7184,candidate_005,met_station_core;surface_temp_ir;cr1000xe_backbone,1.8904,calm,transport,0,0.41524335741996765
7184,candidate_005,met_station_core;surface_temp_ir;cr1000xe_backbone,1.8904,calm,transport,0,0.4407199025154114
7184,candidate_005,met_station_core;surface_temp_ir;cr1000xe_backbone,1.8904,calm,transport,0,0.43936508893966675
7184,candidate_005,met_station_core;surface_temp_ir;cr1000xe_backbone,1.8904,calm,transport,0,0.4588405191898346
7184,candidate_005,met_station_core;surface_temp_ir;cr1000xe_backbone,1.8904,calm,transport,0,0.4487626254558563
7184,candidate_005,met_station_core;surface_temp_ir;cr1000xe_backbone,1.8904,calm,transport,0,0.5136579275131226
7184,candidate_005,met_station_core;surface_temp_ir;cr1000xe_backbone,1.8904,calm,transport,0,0.5015386939048767
7184,candidate_005,met_station_core;surface_temp_ir;cr1000xe_backbone,1.8904,calm,particle,0,0.5078938007354736
7184,candidate_005,met_station_core;surface_temp_ir;cr1000xe_backbone,1.8904,calm,particle,0,0.44794705510139465
7184,candidate_005,met_station_core;surface_temp_ir;cr1000xe_backbone,1.8904,calm,particle,0,0.4717794954776764
7184,candidate_005,met_station_core;surface_temp_ir;cr1000xe_backbone,1.8904,calm,particle,0,0.49549880623817444
7184,candidate_005,met_station_core;surface_temp_ir;cr1000xe_backbone,1.8904,calm,particle,0,0.5159069895744324
7184,candidate_005,met_station_core;surface_temp_ir;cr1000xe_backbone,1.8904,calm,particle,0,0.5694246292114258
7184,candidate_005,met_station_core;surface_temp_ir;cr1000xe_backbone,1.8904,calm,particle,0,0.6067472696304321
7184,candidate_005,met_station_core;surface_temp_ir;cr1000xe_backbone,1.8904,calm,particle,0,0.6373708844184875
7184,candidate_005,met_station_core;surface_temp_ir;cr1000xe_backbone,1.8904,calm,particle,0,0.6341482400894165
7184,candidate_005,met_station_core;surface_temp_ir;cr1000xe_backbone,1.8904,calm,particle,0,0.5818711519241333
7184,candidate_005,met_station_core;surface_temp_ir;cr1000xe_backbone,1.8904,calm,particle,0,0.559025764465332
7184,candidate_005,met_station_core;surface_temp_ir;cr1000xe_backbone,1.8904,calm,particle,0,0.45383530855178833
7184,candidate_005,met_station_core;surface_temp_ir;cr1000xe_backbone,1.8904,calm,particle,0,0.42819124460220337
7184,candidate_005,met_station_core;surface_temp_ir;cr1000xe_backbone,1.8904,calm,particle,0,0.39953213930130005
7184,candidate_005,met_station_core;surface_temp_ir;cr1000xe_backbone,1.8904,calm,particle,0,0.38069233298301697
7184,candidate_005,met_station_core;surface_temp_ir;cr1000xe_backbone,1.8904,calm,particle,0,0.365931898355484
7184,candidate_005,met_station_core;surface_temp_ir;cr1000xe_backbone,1.8904,calm,particle,0,0.39557042717933655
7184,candidate_005,met_station_core;surface_temp_ir;cr1000xe_backbone,1.8904,calm,particle,0,0.40674856305122375
7184,candidate_005,met_station_core;surface_temp_ir;cr1000xe_backbone,1.8904,calm,particle,0,0.4258476793766022
7184,candidate_005,met_station_core;surface_temp_ir;cr1000xe_backbone,1.8904,calm,particle,0,0.4198867380619049
7184,candidate_005,met_station_core;surface_temp_ir;cr1000xe_backbone,1.8904,calm,particle,0,0.42290210723876953
7184,candidate_005,met_station_core;surface_temp_ir;cr1000xe_backbone,1.8904,calm,particle,0,0.3716065287590027
7184,candidate_005,met_station_core;surface_temp_ir;cr1000xe_backbone,1.8904,calm,particle,0,0.36835041642189026
7184,candidate_005,met_station_core;surface_temp_ir;cr1000xe_backbone,1.8904,calm,particle,0,0.34856948256492615
7184,candidate_005,met_station_core;surface_temp_ir;cr1000xe_backbone,1.8904,calm,particle,0,0.35332387685775757
7184,candidate_005,met_station_core;surface_temp_ir;cr1000xe_backbone,1.8904,calm,particle,0,0.38195809721946716
7184,candidate_005,met_station_core;surface_temp_ir;cr1000xe_backbone,1.8904,calm,particle,0,0.40282705426216125
7184,candidate_005,met_station_core;surface_temp_ir;cr1000xe_backbone,1.8904,calm,particle,0,0.40842875838279724
7184,candidate_005,met_station_core;surface_temp_ir;cr1000xe_backbone,1.8904,calm,particle,0,0.4471237063407898
7184,candidate_005,met_station_core;surface_temp_ir;cr1000xe_backbone,1.8904,calm,particle,0,0.4655075967311859
7184,candidate_005,met_station_core;surface_temp_ir;cr1000xe_backbone,1.8904,calm,particle,0,0.4958491623401642
7184,candidate_005,met_station_core;surface_temp_ir;cr1000xe_backbone,1.8904,calm,particle,0,0.5233766436576843
7184,candidate_005,met_station_core;surface_temp_ir;cr1000xe_backbone,1.8904,calm,particle,0,0.50594562292099
7184,candidate_005,met_station_core;surface_temp_ir;cr1000xe_backbone,1.8904,calm,particle,0,0.4777885377407074
7184,candidate_005,met_station_core;surface_temp_ir;cr1000xe_backbone,1.8904,calm,thermal,0,0.437126100063324
7184,candidate_005,met_station_core;surface_temp_ir;cr1000xe_backbone,1.8904,calm,thermal,0,0.38601160049438477
7184,candidate_005,met_station_core;surface_temp_ir;cr1000xe_backbone,1.8904,calm,thermal,0,0.3155589997768402
7184,candidate_005,met_station_core;surface_temp_ir;cr1000xe_backbone,1.8904,calm,thermal,0,0.2885896563529968
7184,candidate_005,met_station_core;surface_temp_ir;cr1000xe_backbone,1.8904,calm,thermal,0,0.27395594120025635
7184,candidate_005,met_station_core;surface_temp_ir;cr1000xe_backbone,1.8904,calm,thermal,0,0.28407973051071167
7184,candidate_005,met_station_core;surface_temp_ir;cr1000xe_backbone,1.8904,calm,thermal,0,0.2962162494659424
7184,candidate_005,met_station_core;surface_temp_ir;cr1000xe_backbone,1.8904,calm,thermal,0,0.29304882884025574
7184,candidate_005,met_station_core;surface_temp_ir;cr1000xe_backbone,1.8904,calm,thermal,0,0.33908894658088684
7184,candidate_005,met_station_core;surface_temp_ir;cr1000xe_backbone,1.8904,calm,thermal,0,0.32501643896102905
7184,candidate_005,met_station_core;surface_temp_ir;cr1000xe_backbone,1.8904,calm,thermal,0,0.3304426968097687
7184,candidate_005,met_station_core;surface_temp_ir;cr1000xe_backbone,1.8904,calm,thermal,0,0.3297869861125946
7184,candidate_005,met_station_core;surface_temp_ir;cr1000xe_backbone,1.8904,calm,thermal,0,0.3318880796432495
7184,candidate_005,met_station_core;surface_temp_ir;cr1000xe_backbone,1.8904,calm,thermal,0,0.3519478738307953
7184,candidate_005,met_station_core;surface_temp_ir;cr1000xe_backbone,1.8904,calm,thermal,0,0.3793236315250397
7184,candidate_005,met_station_core;surface_temp_ir;cr1000xe_backbone,1.8904,calm,thermal,0,0.400357186794281
7184,candidate_005,met_station_core;surface_temp_ir;cr1000xe_backbone,1.8904,calm,thermal,0,0.44044017791748047
7184,candidate_005,met_station_core;surface_temp_ir;cr1000xe_backbone,1.8904,calm,thermal,0,0.4757850468158722
7184,candidate_005,met_station_core;surface_temp_ir;cr1000xe_backbone,1.8904,calm,thermal,0,0.5551428198814392
7184,candidate_005,met_station_core;surface_temp_ir;cr1000xe_backbone,1.8904,calm,thermal,0,0.5226796865463257
7184,candidate_005,met_station_core;surface_temp_ir;cr1000xe_backbone,1.8904,calm,thermal,0,0.5536895394325256
7184,candidate_005,met_station_core;surface_temp_ir;cr1000xe_backbone,1.8904,calm,thermal,0,0.5620428323745728
7184,candidate_005,met_station_core;surface_temp_ir;cr1000xe_backbone,1.8904,calm,thermal,0,0.5377827286720276
7184,candidate_005,met_station_core;surface_temp_ir;cr1000xe_backbone,1.8904,calm,thermal,0,0.48656705021858215
7184,candidate_005,met_station_core;surface_temp_ir;cr1000xe_backbone,1.8904,calm,thermal,0,0.4620656669139862
7184,candidate_005,met_station_core;surface_temp_ir;cr1000xe_backbone,1.8904,calm,thermal,0,0.4606802463531494
7184,candidate_005,met_station_core;surface_temp_ir;cr1000xe_backbone,1.8904,calm,transport,0,0.41933953762054443
7184,candidate_005,met_station_core;surface_temp_ir;cr1000xe_backbone,1.8904,calm,transport,0,0.3914185166358948
7184,candidate_005,met_station_core;surface_temp_ir;cr1000xe_backbone,1.8904,calm,transport,0,0.35934892296791077
7184,candidate_005,met_station_core;surface_temp_ir;cr1000xe_backbone,1.8904,calm,transport,0,0.37537428736686707
7184,candidate_005,met_station_core;surface_temp_ir;cr1000xe_backbone,1.8904,calm,transport,0,0.4424269199371338
7184,candidate_005,met_station_core;surface_temp_ir;cr1000xe_backbone,1.8904,calm,transport,0,0.45017942786216736
7184,candidate_005,met_station_core;surface_temp_ir;cr1000xe_backbone,1.8904,calm,transport,0,0.47510379552841187
7184,candidate_005,met_station_core;surface_temp_ir;cr1000xe_backbone,1.8904,calm,transport,0,0.4986453950405121
7184,candidate_005,met_station_core;surface_temp_ir;cr1000xe_backbone,1.8904,calm,transport,0,0.5247945189476013
7184,candidate_005,met_station_core;surface_temp_ir;cr1000xe_backbone,1.8904,calm,transport,0,0.5451590418815613
7184,candidate_005,met_station_core;surface_temp_ir;cr1000xe_backbone,1.8904,calm,transport,0,0.5307528376579285
7184,candidate_005,met_station_core;surface_temp_ir;cr1000xe_backbone,1.8904,calm,transport,0,0.5067739486694336
7184,candidate_005,met_station_core;surface_temp_ir;cr1000xe_backbone,1.8904,calm,transport,0,0.44817087054252625
7184,candidate_005,met_station_core;surface_temp_ir;cr1000xe_backbone,1.8904,calm,transport,0,0.40304261445999146
7184,candidate_005,met_station_core;surface_temp_ir;cr1000xe_backbone,1.8904,calm,transport,0,0.41570886969566345
7184,candidate_005,met_station_core;surface_temp_ir;cr1000xe_backbone,1.8904,calm,transport,0,0.4514278173446655
7184,candidate_005,met_station_core;surface_temp_ir;cr1000xe_backbone,1.8904,calm,transport,0,0.49010148644447327
7184,candidate_005,met_station_core;surface_temp_ir;cr1000xe_backbone,1.8904,calm,transport,0,0.5236100554466248
7184,candidate_005,met_station_core;surface_temp_ir;cr1000xe_backbone,1.8904,calm,transport,0,0.5305832624435425
7184,candidate_005,met_station_core;surface_temp_ir;cr1000xe_backbone,1.8904,calm,transport,0,0.4814571738243103
7184,candidate_005,met_station_core;surface_temp_ir;cr1000xe_backbone,1.8904,calm,transport,0,0.44620218873023987
7184,candidate_005,met_station_core;surface_temp_ir;cr1000xe_backbone,1.8904,calm,transport,0,0.39570456743240356
7184,candidate_005,met_station_core;surface_temp_ir;cr1000xe_backbone,1.8904,calm,transport,0,0.3485795557498932
7184,candidate_005,met_station_core;surface_temp_ir;cr1000xe_backbone,1.8904,calm,transport,0,0.27253445982933044
7184,candidate_005,met_station_core;surface_temp_ir;cr1000xe_backbone,1.8904,calm,transport,0,0.24989132583141327
7184,candidate_005,met_station_core;surface_temp_ir;cr1000xe_backbone,1.8904,calm,particle,0,0.23282155394554138
7184,candidate_005,met_station_core;surface_temp_ir;cr1000xe_backbone,1.8904,calm,particle,0,0.2281646579504013
7184,candidate_005,met_station_core;surface_temp_ir;cr1000xe_backbone,1.8904,calm,particle,0,0.2535320222377777
7184,candidate_005,met_station_core;surface_temp_ir;cr1000xe_backbone,1.8904,calm,particle,0,0.29292020201683044
7184,candidate_005,met_station_core;surface_temp_ir;cr1000xe_backbone,1.8904,calm,particle,0,0.317805677652359
7184,candidate_005,met_station_core;surface_temp_ir;cr1000xe_backbone,1.8904,calm,particle,0,0.3091341257095337
7184,candidate_005,met_station_core;surface_temp_ir;cr1000xe_backbone,1.8904,calm,particle,0,0.3663000464439392
7184,candidate_005,met_station_core;surface_temp_ir;cr1000xe_backbone,1.8904,calm,particle,0,0.37390822172164917
7184,candidate_005,met_station_core;surface_temp_ir;cr1000xe_backbone,1.8904,calm,particle,0,0.40959659218788147
7184,candidate_005,met_station_core;surface_temp_ir;cr1000xe_backbone,1.8904,calm,particle,0,0.36759403347969055
7184,candidate_005,met_station_core;surface_temp_ir;cr1000xe_backbone,1.8904,calm,particle,0,0.4454767107963562
7184,candidate_005,met_station_core;surface_temp_ir;cr1000xe_backbone,1.8904,calm,particle,0,0.48574933409690857
7184,candidate_005,met_station_core;surface_temp_ir;cr1000xe_backbone,1.8904,calm,particle,0,0.5097300410270691
7184,candidate_005,met_station_core;surface_temp_ir;cr1000xe_backbone,1.8904,calm,particle,0,0.5438218116760254
7184,candidate_005,met_station_core;surface_temp_ir;cr1000xe_backbone,1.8904,calm,particle,0,0.633883535861969
7184,candidate_005,met_station_core;surface_temp_ir;cr1000xe_backbone,1.8904,calm,particle,0,0.6820954084396362
7184,candidate_005,met_station_core;surface_temp_ir;cr1000xe_backbone,1.8904,calm,particle,0,0.7173063158988953
7184,candidate_005,met_station_core;surface_temp_ir;cr1000xe_backbone,1.8904,calm,particle,0,0.7923755645751953
7184,candidate_005,met_station_core;surface_temp_ir;cr1000xe_backbone,1.8904,calm,particle,0,0.7938908338546753
7184,candidate_005,met_station_core;surface_temp_ir;cr1000xe_backbone,1.8904,calm,particle,0,0.7993853092193604
7184,candidate_005,met_station_core;surface_temp_ir;cr1000xe_backbone,1.8904,calm,particle,0,0.7233619689941406
7184,candidate_005,met_station_core;surface_temp_ir;cr1000xe_backbone,1.8904,calm,particle,0,0.6634497046470642
7184,candidate_005,met_station_core;surface_temp_ir;cr1000xe_backbone,1.8904,calm,particle,0,0.6256762146949768
7184,candidate_005,met_station_core;surface_temp_ir;cr1000xe_backbone,1.8904,calm,particle,0,0.6081403493881226
7184,candidate_005,met_station_core;surface_temp_ir;cr1000xe_backbone,1.8904,calm,particle,0,0.5854803919792175
7184,candidate_005,met_station_core;surface_temp_ir;cr1000xe_backbone,1.8904,calm,particle,0,0.5723439455032349
7184,candidate_005,met_station_core;surface_temp_ir;cr1000xe_backbone,1.8904,calm,particle,0,0.553382933139801
7184,candidate_005,met_station_core;surface_temp_ir;cr1000xe_backbone,1.8904,calm,particle,0,0.5660989284515381
7184,candidate_005,met_station_core;surface_temp_ir;cr1000xe_backbone,1.8904,calm,particle,0,0.5835283398628235
7184,candidate_005,met_station_core;surface_temp_ir;cr1000xe_backbone,1.8904,calm,particle,0,0.5968078970909119
7184,candidate_005,met_station_core;surface_temp_ir;cr1000xe_backbone,1.8904,calm,particle,0,0.6085745096206665
7184,candidate_005,met_station_core;surface_temp_ir;cr1000xe_backbone,1.8904,calm,particle,0,0.5796119570732117
7184,candidate_005,met_station_core;surface_temp_ir;cr1000xe_backbone,1.8904,calm,thermal,0,0.6000487208366394
7184,candidate_005,met_station_core;surface_temp_ir;cr1000xe_backbone,1.8904,calm,thermal,0,0.5316275358200073
7184,candidate_005,met_station_core;surface_temp_ir;cr1000xe_backbone,1.8904,calm,thermal,0,0.5899667739868164
7184,candidate_005,met_station_core;surface_temp_ir;cr1000xe_backbone,1.8904,calm,thermal,0,0.5374271869659424
7184,candidate_005,met_station_core;surface_temp_ir;cr1000xe_backbone,1.8904,calm,thermal,0,0.5363095998764038
7184,candidate_005,met_station_core;surface_temp_ir;cr1000xe_backbone,1.8904,calm,thermal,0,0.5132380127906799
7184,candidate_005,met_station_core;surface_temp_ir;cr1000xe_backbone,1.8904,calm,thermal,0,0.5265852808952332
7184,candidate_005,met_station_core;surface_temp_ir;cr1000xe_backbone,1.8904,calm,thermal,0,0.48813512921333313
7184,candidate_005,met_station_core;surface_temp_ir;cr1000xe_backbone,1.8904,calm,thermal,0,0.4685807228088379
7184,candidate_005,met_station_core;surface_temp_ir;cr1000xe_backbone,1.8904,calm,thermal,0,0.48206156492233276
7184,candidate_005,met_station_core;surface_temp_ir;cr1000xe_backbone,1.8904,calm,thermal,0,0.6194959878921509
7184,candidate_005,met_station_core;surface_temp_ir;cr1000xe_backbone,1.8904,calm,thermal,0,0.543735146522522
7184,candidate_005,met_station_core;surface_temp_ir;cr1000xe_backbone,1.8904,calm,thermal,0,0.6721037030220032
7184,candidate_005,met_station_core;surface_temp_ir;cr1000xe_backbone,1.8904,calm,thermal,0,0.522925853729248
7184,candidate_005,met_station_core;surface_temp_ir;cr1000xe_backbone,1.8904,calm,thermal,0,0.5068129897117615
7184,candidate_005,met_station_core;surface_temp_ir;cr1000xe_backbone,1.8904,calm,thermal,0,0.3524862229824066
7184,candidate_005,met_station_core;surface_temp_ir;cr1000xe_backbone,1.8904,calm,thermal,0,0.44936904311180115
7184,candidate_005,met_station_core;surface_temp_ir;cr1000xe_backbone,1.8904,calm,thermal,0,0.4223392903804779
7184,candidate_005,met_station_core;surface_temp_ir;cr1000xe_backbone,1.8904,calm,thermal,0,0.45408716797828674
7184,candidate_005,met_station_core;surface_temp_ir;cr1000xe_backbone,1.8904,calm,thermal,0,0.4101696014404297
7184,candidate_005,met_station_core;surface_temp_ir;cr1000xe_backbone,1.8904,calm,thermal,0,0.40579676628112793
7184,candidate_005,met_station_core;surface_temp_ir;cr1000xe_backbone,1.8904,calm,transport,0,0.50920170545578
7184,candidate_005,met_station_core;surface_temp_ir;cr1000xe_backbone,1.8904,calm,transport,0,0.5143965482711792
7184,candidate_005,met_station_core;surface_temp_ir;cr1000xe_backbone,1.8904,calm,transport,0,0.5006353259086609
7184,candidate_005,met_station_core;surface_temp_ir;cr1000xe_backbone,1.8904,calm,transport,0,0.4742504060268402
7184,candidate_005,met_station_core;surface_temp_ir;cr1000xe_backbone,1.8904,calm,transport,0,0.5070886611938477
7184,candidate_005,met_station_core;surface_temp_ir;cr1000xe_backbone,1.8904,calm,transport,0,0.48080146312713623
7184,candidate_005,met_station_core;surface_temp_ir;cr1000xe_backbone,1.8904,calm,transport,0,0.500635027885437
7184,candidate_005,met_station_core;surface_temp_ir;cr1000xe_backbone,1.8904,calm,transport,0,0.5318610668182373
7184,candidate_005,met_station_core;surface_temp_ir;cr1000xe_backbone,1.8904,calm,transport,0,0.49838051199913025
7184,candidate_005,met_station_core;surface_temp_ir;cr1000xe_backbone,1.8904,calm,transport,0,0.4876156151294708
7184,candidate_005,met_station_core;surface_temp_ir;cr1000xe_backbone,1.8904,calm,transport,0,0.4765912890434265
7184,candidate_005,met_station_core;surface_temp_ir;cr1000xe_backbone,1.8904,calm,transport,0,0.44499966502189636
7184,candidate_005,met_station_core;surface_temp_ir;cr1000xe_backbone,1.8904,calm,transport,0,0.40230968594551086
7184,candidate_005,met_station_core;surface_temp_ir;cr1000xe_backbone,1.8904,calm,transport,0,0.4670177400112152
7184,candidate_005,met_station_core;surface_temp_ir;cr1000xe_backbone,1.8904,calm,transport,0,0.58287113904953
7184,candidate_005,met_station_core;surface_temp_ir;cr1000xe_backbone,1.8904,calm,transport,0,0.4852355718612671
7184,candidate_005,met_station_core;surface_temp_ir;cr1000xe_backbone,1.8904,calm,transport,0,0.584937334060669
7184,candidate_005,met_station_core;surface_temp_ir;cr1000xe_backbone,1.8904,calm,transport,0,0.6486303210258484
7184,candidate_005,met_station_core;surface_temp_ir;cr1000xe_backbone,1.8904,calm,transport,0,0.6089341640472412
7184,candidate_005,met_station_core;surface_temp_ir;cr1000xe_backbone,1.8904,calm,transport,0,0.5829766392707825
7184,candidate_005,met_station_core;surface_temp_ir;cr1000xe_backbone,1.8904,calm,transport,0,0.5651746988296509
7184,candidate_005,met_station_core;surface_temp_ir;cr1000xe_backbone,1.8904,calm,transport,0,0.47485342621803284
7184,candidate_005,met_station_core;surface_temp_ir;cr1000xe_backbone,1.8904,calm,transport,0,0.38746580481529236
7184,candidate_005,met_station_core;surface_temp_ir;cr1000xe_backbone,1.8904,calm,transport,0,0.322541743516922
7184,candidate_005,met_station_core;surface_temp_ir;cr1000xe_backbone,1.8904,calm,transport,0,0.27121207118034363
7184,candidate_005,met_station_core;surface_temp_ir;cr1000xe_backbone,1.8904,calm,transport,0,0.23891876637935638
7184,candidate_005,met_station_core;surface_temp_ir;cr1000xe_backbone,1.8904,calm,transport,0,0.2660689055919647
7184,candidate_005,met_station_core;surface_temp_ir;cr1000xe_backbone,1.8904,calm,transport,0,0.3527162969112396
7184,candidate_005,met_station_core;surface_temp_ir;cr1000xe_backbone,1.8904,calm,thermal,0,0.38468584418296814
7184,candidate_005,met_station_core;surface_temp_ir;cr1000xe_backbone,1.8904,calm,thermal,0,0.43202048540115356
7184,candidate_005,met_station_core;surface_temp_ir;cr1000xe_backbone,1.8904,particle,thermal,1,0.45631110668182373
7184,candidate_005,met_station_core;surface_temp_ir;cr1000xe_backbone,1.8904,particle,thermal,1,0.3386324644088745
7184,candidate_005,met_station_core;surface_temp_ir;cr1000xe_backbone,1.8904,particle,thermal,1,0.3952897787094116
7184,candidate_005,met_station_core;surface_temp_ir;cr1000xe_backbone,1.8904,particle,thermal,1,0.3274766206741333
7184,candidate_005,met_station_core;surface_temp_ir;cr1000xe_backbone,1.8904,particle,thermal,1,0.6878635287284851
7184,candidate_005,met_station_core;surface_temp_ir;cr1000xe_backbone,1.8904,particle,thermal,1,0.8781090378761292
7184,candidate_005,met_station_core;surface_temp_ir;cr1000xe_backbone,1.8904,particle,thermal,1,1.4485316276550293
7184,candidate_005,met_station_core;surface_temp_ir;cr1000xe_backbone,1.8904,particle,thermal,1,1.5610603094100952
7184,candidate_005,met_station_core;surface_temp_ir;cr1000xe_backbone,1.8904,particle,thermal,1,1.8886367082595825
7184,candidate_005,met_station_core;surface_temp_ir;cr1000xe_backbone,1.8904,particle,thermal,1,2.121370792388916
7184,candidate_005,met_station_core;surface_temp_ir;cr1000xe_backbone,1.8904,particle,thermal,1,2.5089712142944336
7184,candidate_005,met_station_core;surface_temp_ir;cr1000xe_backbone,1.8904,particle,thermal,1,2.733072519302368
7184,candidate_005,met_station_core;surface_temp_ir;cr1000xe_backbone,1.8904,particle,transport,1,2.684443712234497
7184,candidate_005,met_station_core;surface_temp_ir;cr1000xe_backbone,1.8904,particle,transport,1,2.6131348609924316
7184,candidate_005,met_station_core;surface_temp_ir;cr1000xe_backbone,1.8904,particle,transport,1,2.558105945587158
7184,candidate_005,met_station_core;surface_temp_ir;cr1000xe_backbone,1.8904,particle,transport,1,2.605241537094116
7184,candidate_005,met_station_core;surface_temp_ir;cr1000xe_backbone,1.8904,particle,transport,1,2.605637550354004
7184,candidate_005,met_station_core;surface_temp_ir;cr1000xe_backbone,1.8904,particle,transport,1,2.5468313694000244
7184,candidate_005,met_station_core;surface_temp_ir;cr1000xe_backbone,1.8904,particle,transport,1,2.534128427505493
7184,candidate_005,met_station_core;surface_temp_ir;cr1000xe_backbone,1.8904,particle,transport,1,2.5466277599334717
7184,candidate_005,met_station_core;surface_temp_ir;cr1000xe_backbone,1.8904,particle,transport,1,2.5853090286254883
7184,candidate_005,met_station_core;surface_temp_ir;cr1000xe_backbone,1.8904,particle,transport,1,2.5787460803985596
7184,candidate_005,met_station_core;surface_temp_ir;cr1000xe_backbone,1.8904,particle,transport,1,2.6217851638793945
7184,candidate_005,met_station_core;surface_temp_ir;cr1000xe_backbone,1.8904,particle,transport,1,2.607469081878662
7184,candidate_005,met_station_core;surface_temp_ir;cr1000xe_backbone,1.8904,particle,transport,1,2.627423048019409
7184,candidate_005,met_station_core;surface_temp_ir;cr1000xe_backbone,1.8904,particle,transport,1,2.592484712600708
7184,candidate_005,met_station_core;surface_temp_ir;cr1000xe_backbone,1.8904,particle,transport,1,2.5827112197875977
7184,candidate_005,met_station_core;surface_temp_ir;cr1000xe_backbone,1.8904,particle,transport,1,2.5853941440582275
7184,candidate_005,met_station_core;surface_temp_ir;cr1000xe_backbone,1.8904,particle,transport,1,2.5637218952178955
7184,candidate_005,met_station_core;surface_temp_ir;cr1000xe_backbone,1.8904,particle,transport,1,2.5630030632019043
7184,candidate_005,met_station_core;surface_temp_ir;cr1000xe_backbone,1.8904,particle,transport,1,2.3738205432891846
7184,candidate_005,met_station_core;surface_temp_ir;cr1000xe_backbone,1.8904,particle,transport,1,2.1263773441314697
7184,candidate_005,met_station_core;surface_temp_ir;cr1000xe_backbone,1.8904,particle,transport,1,1.9466936588287354
7184,candidate_005,met_station_core;surface_temp_ir;cr1000xe_backbone,1.8904,particle,transport,1,1.6724276542663574
7184,candidate_005,met_station_core;surface_temp_ir;cr1000xe_backbone,1.8904,particle,transport,1,1.4798600673675537
7184,candidate_005,met_station_core;surface_temp_ir;cr1000xe_backbone,1.8904,particle,transport,1,1.2848693132400513
7184,candidate_005,met_station_core;surface_temp_ir;cr1000xe_backbone,1.8904,particle,transport,1,0.8977687358856201
7184,candidate_005,met_station_core;surface_temp_ir;cr1000xe_backbone,1.8904,particle,transport,1,0.6721643209457397
7184,candidate_005,met_station_core;surface_temp_ir;cr1000xe_backbone,1.8904,particle,particle,1,0.7148799896240234
7184,candidate_005,met_station_core;surface_temp_ir;cr1000xe_backbone,1.8904,particle,particle,1,0.7062233686447144
7184,candidate_005,met_station_core;surface_temp_ir;cr1000xe_backbone,1.8904,particle,particle,1,0.6781448125839233
7184,candidate_005,met_station_core;surface_temp_ir;cr1000xe_backbone,1.8904,particle,particle,1,0.7132772207260132
7184,candidate_005,met_station_core;surface_temp_ir;cr1000xe_backbone,1.8904,particle,particle,1,0.68170166015625
7184,candidate_005,met_station_core;surface_temp_ir;cr1000xe_backbone,1.8904,particle,particle,1,0.751548707485199
7184,candidate_005,met_station_core;surface_temp_ir;cr1000xe_backbone,1.8904,particle,particle,1,0.7266858816146851
7184,candidate_005,met_station_core;surface_temp_ir;cr1000xe_backbone,1.8904,particle,particle,1,0.6815131306648254
7184,candidate_005,met_station_core;surface_temp_ir;cr1000xe_backbone,1.8904,particle,particle,1,0.6603401303291321
7184,candidate_005,met_station_core;surface_temp_ir;cr1000xe_backbone,1.8904,particle,particle,1,0.582188606262207
7184,candidate_005,met_station_core;surface_temp_ir;cr1000xe_backbone,1.8904,particle,particle,1,0.6180698871612549
7184,candidate_005,met_station_core;surface_temp_ir;cr1000xe_backbone,1.8904,particle,particle,1,0.6634914875030518
7184,candidate_005,met_station_core;surface_temp_ir;cr1000xe_backbone,1.8904,particle,particle,1,0.6201549768447876
7184,candidate_005,met_station_core;surface_temp_ir;cr1000xe_backbone,1.8904,particle,particle,1,0.5915742516517639
7184,candidate_005,met_station_core;surface_temp_ir;cr1000xe_backbone,1.8904,particle,particle,1,0.45859915018081665
7184,candidate_005,met_station_core;surface_temp_ir;cr1000xe_backbone,1.8904,particle,particle,1,0.5139700174331665
7184,candidate_005,met_station_core;surface_temp_ir;cr1000xe_backbone,1.8904,particle,particle,1,0.47039809823036194
7184,candidate_005,met_station_core;surface_temp_ir;cr1000xe_backbone,1.8904,calm,particle,0,0.33111220598220825
7184,candidate_005,met_station_core;surface_temp_ir;cr1000xe_backbone,1.8904,calm,thermal,0,0.294002503156662
7184,candidate_005,met_station_core;surface_temp_ir;cr1000xe_backbone,1.8904,calm,thermal,0,0.23104341328144073
7184,candidate_005,met_station_core;surface_temp_ir;cr1000xe_backbone,1.8904,calm,thermal,0,0.3045249581336975
7184,candidate_005,met_station_core;surface_temp_ir;cr1000xe_backbone,1.8904,calm,thermal,0,0.2438225895166397
7184,candidate_005,met_station_core;surface_temp_ir;cr1000xe_backbone,1.8904,calm,thermal,0,0.23192858695983887
7184,candidate_005,met_station_core;surface_temp_ir;cr1000xe_backbone,1.8904,calm,thermal,0,0.3483477532863617
7184,candidate_005,met_station_core;surface_temp_ir;cr1000xe_backbone,1.8904,calm,thermal,0,0.3739514648914337
7184,candidate_005,met_station_core;surface_temp_ir;cr1000xe_backbone,1.8904,calm,thermal,0,0.42566242814064026
7184,candidate_005,met_station_core;surface_temp_ir;cr1000xe_backbone,1.8904,calm,thermal,0,0.42563557624816895
7184,candidate_005,met_station_core;surface_temp_ir;cr1000xe_backbone,1.8904,calm,thermal,0,0.4590858221054077
7184,candidate_005,met_station_core;surface_temp_ir;cr1000xe_backbone,1.8904,calm,thermal,0,0.46297144889831543
7184,candidate_005,met_station_core;surface_temp_ir;cr1000xe_backbone,1.8904,calm,thermal,0,0.5735617280006409
7184,candidate_005,met_station_core;surface_temp_ir;cr1000xe_backbone,1.8904,calm,thermal,0,0.6419804692268372
7184,candidate_005,met_station_core;surface_temp_ir;cr1000xe_backbone,1.8904,flux,thermal,2,0.5892118811607361
7184,candidate_005,met_station_core;surface_temp_ir;cr1000xe_backbone,1.8904,flux,thermal,2,0.8191463351249695
7184,candidate_005,met_station_core;surface_temp_ir;cr1000xe_backbone,1.8904,flux,thermal,2,1.1483850479125977
7184,candidate_005,met_station_core;surface_temp_ir;cr1000xe_backbone,1.8904,flux,thermal,2,1.3910622596740723
7184,candidate_005,met_station_core;surface_temp_ir;cr1000xe_backbone,1.8904,flux,thermal,2,1.7440718412399292
7184,candidate_005,met_station_core;surface_temp_ir;cr1000xe_backbone,1.8904,flux,thermal,2,1.9214576482772827
7184,candidate_005,met_station_core;surface_temp_ir;cr1000xe_backbone,1.8904,flux,thermal,2,2.111182928085327
7184,candidate_005,met_station_core;surface_temp_ir;cr1000xe_backbone,1.8904,flux,thermal,2,2.3785102367401123
7184,candidate_005,met_station_core;surface_temp_ir;cr1000xe_backbone,1.8904,flux,thermal,2,2.640334129333496
7184,candidate_005,met_station_core;surface_temp_ir;cr1000xe_backbone,1.8904,flux,transport,2,2.538649797439575
7184,candidate_005,met_station_core;surface_temp_ir;cr1000xe_backbone,1.8904,flux,transport,2,2.556654453277588
7184,candidate_005,met_station_core;surface_temp_ir;cr1000xe_backbone,1.8904,flux,transport,2,2.623103380203247
7184,candidate_005,met_station_core;surface_temp_ir;cr1000xe_backbone,1.8904,flux,transport,2,2.5959742069244385
7184,candidate_005,met_station_core;surface_temp_ir;cr1000xe_backbone,1.8904,flux,transport,2,2.551976442337036
7184,candidate_005,met_station_core;surface_temp_ir;cr1000xe_backbone,1.8904,flux,transport,2,2.6182870864868164
7184,candidate_005,met_station_core;surface_temp_ir;cr1000xe_backbone,1.8904,flux,transport,2,2.699347496032715
7184,candidate_005,met_station_core;surface_temp_ir;cr1000xe_backbone,1.8904,flux,transport,2,2.560765266418457
7184,candidate_005,met_station_core;surface_temp_ir;cr1000xe_backbone,1.8904,flux,transport,2,2.582883834838867
7184,candidate_005,met_station_core;surface_temp_ir;cr1000xe_backbone,1.8904,flux,transport,2,2.5550649166107178
7184,candidate_005,met_station_core;surface_temp_ir;cr1000xe_backbone,1.8904,flux,transport,2,2.5501344203948975
7184,candidate_005,met_station_core;surface_temp_ir;cr1000xe_backbone,1.8904,flux,transport,2,2.5452513694763184
7184,candidate_005,met_station_core;surface_temp_ir;cr1000xe_backbone,1.8904,flux,transport,2,2.6132466793060303
7184,candidate_005,met_station_core;surface_temp_ir;cr1000xe_backbone,1.8904,flux,transport,2,2.611006021499634
7184,candidate_005,met_station_core;surface_temp_ir;cr1000xe_backbone,1.8904,flux,transport,2,2.3769848346710205
7184,candidate_005,met_station_core;surface_temp_ir;cr1000xe_backbone,1.8904,flux,transport,2,2.217895984649658
7184,candidate_005,met_station_core;surface_temp_ir;cr1000xe_backbone,1.8904,flux,transport,2,1.9560350179672241
7184,candidate_005,met_station_core;surface_temp_ir;cr1000xe_backbone,1.8904,flux,transport,2,1.613133192062378
7184,candidate_005,met_station_core;surface_temp_ir;cr1000xe_backbone,1.8904,flux,transport,2,1.3571019172668457
7184,candidate_005,met_station_core;surface_temp_ir;cr1000xe_backbone,1.8904,flux,transport,2,1.1348345279693604
7184,candidate_005,met_station_core;surface_temp_ir;cr1000xe_backbone,1.8904,flux,transport,2,0.9503209590911865
7184,candidate_005,met_station_core;surface_temp_ir;cr1000xe_backbone,1.8904,flux,transport,2,0.5457779169082642
7184,candidate_005,met_station_core;surface_temp_ir;cr1000xe_backbone,1.8904,flux,particle,2,0.5661762952804565
7184,candidate_005,met_station_core;surface_temp_ir;cr1000xe_backbone,1.8904,flux,particle,2,0.48386484384536743
7184,candidate_005,met_station_core;surface_temp_ir;cr1000xe_backbone,1.8904,flux,particle,2,0.45539289712905884
7184,candidate_005,met_station_core;surface_temp_ir;cr1000xe_backbone,1.8904,flux,particle,2,0.29779940843582153
7184,candidate_005,met_station_core;surface_temp_ir;cr1000xe_backbone,1.8904,calm,particle,0,0.2828417122364044
7184,candidate_005,met_station_core;surface_temp_ir;cr1000xe_backbone,1.8904,calm,particle,0,0.21198096871376038
7184,candidate_005,met_station_core;surface_temp_ir;cr1000xe_backbone,1.8904,calm,particle,0,0.23567764461040497
7184,candidate_005,met_station_core;surface_temp_ir;cr1000xe_backbone,1.8904,calm,particle,0,0.1955709457397461
7184,candidate_005,met_station_core;surface_temp_ir;cr1000xe_backbone,1.8904,calm,particle,0,0.24961401522159576
7184,candidate_005,met_station_core;surface_temp_ir;cr1000xe_backbone,1.8904,calm,particle,0,0.36485350131988525
7184,candidate_005,met_station_core;surface_temp_ir;cr1000xe_backbone,1.8904,calm,particle,0,0.3703153729438782
7184,candidate_005,met_station_core;surface_temp_ir;cr1000xe_backbone,1.8904,calm,particle,0,0.41654741764068604
7184,candidate_005,met_station_core;surface_temp_ir;cr1000xe_backbone,1.8904,calm,particle,0,0.5544635653495789
7184,candidate_005,met_station_core;surface_temp_ir;cr1000xe_backbone,1.8904,calm,particle,0,0.6046963930130005
7184,candidate_005,met_station_core;surface_temp_ir;cr1000xe_backbone,1.8904,calm,particle,0,0.6931412220001221
7184,candidate_005,met_station_core;surface_temp_ir;cr1000xe_backbone,1.8904,calm,particle,0,0.7396027445793152
7184,candidate_005,met_station_core;surface_temp_ir;cr1000xe_backbone,1.8904,flux,particle,2,0.7359923124313354
7184,candidate_005,met_station_core;surface_temp_ir;cr1000xe_backbone,1.8904,flux,particle,2,0.7254328727722168
7184,candidate_005,met_station_core;surface_temp_ir;cr1000xe_backbone,1.8904,flux,particle,2,0.7414335608482361
7184,candidate_005,met_station_core;surface_temp_ir;cr1000xe_backbone,1.8904,flux,particle,2,0.7018475532531738
7184,candidate_005,met_station_core;surface_temp_ir;cr1000xe_backbone,1.8904,flux,particle,2,0.8385409116744995
7184,candidate_005,met_station_core;surface_temp_ir;cr1000xe_backbone,1.8904,flux,particle,2,0.6536104679107666
7184,candidate_005,met_station_core;surface_temp_ir;cr1000xe_backbone,1.8904,flux,particle,2,1.1351782083511353
7184,candidate_005,met_station_core;surface_temp_ir;cr1000xe_backbone,1.8904,flux,particle,2,0.9071308970451355
7184,candidate_005,met_station_core;surface_temp_ir;cr1000xe_backbone,1.8904,flux,particle,2,0.6971930265426636
7184,candidate_005,met_station_core;surface_temp_ir;cr1000xe_backbone,1.8904,flux,particle,2,0.7528560757637024
7184,candidate_005,met_station_core;surface_temp_ir;cr1000xe_backbone,1.8904,flux,particle,2,0.6651450395584106
7184,candidate_005,met_station_core;surface_temp_ir;cr1000xe_backbone,1.8904,flux,particle,2,0.7750616073608398
7184,candidate_005,met_station_core;surface_temp_ir;cr1000xe_backbone,1.8904,flux,particle,2,0.6050719022750854
7184,candidate_005,met_station_core;surface_temp_ir;cr1000xe_backbone,1.8904,flux,particle,2,0.5708540678024292
7184,candidate_005,met_station_core;surface_temp_ir;cr1000xe_backbone,1.8904,flux,particle,2,0.7166718244552612
7184,candidate_005,met_station_core;surface_temp_ir;cr1000xe_backbone,1.8904,flux,particle,2,0.5922648906707764
7184,candidate_005,met_station_core;surface_temp_ir;cr1000xe_backbone,1.8904,flux,thermal,2,0.3671489357948303
7184,candidate_005,met_station_core;surface_temp_ir;cr1000xe_backbone,1.8904,flux,thermal,2,0.3023713529109955
7184,candidate_005,met_station_core;surface_temp_ir;cr1000xe_backbone,1.8904,flux,thermal,2,0.28658828139305115
7184,candidate_005,met_station_core;surface_temp_ir;cr1000xe_backbone,1.8904,flux,thermal,2,0.37040573358535767
7184,candidate_005,met_station_core;surface_temp_ir;cr1000xe_backbone,1.8904,flux,thermal,2,0.27605751156806946
7184,candidate_005,met_station_core;surface_temp_ir;cr1000xe_backbone,1.8904,flux,thermal,2,0.32717156410217285
7184,candidate_005,met_station_core;surface_temp_ir;cr1000xe_backbone,1.8904,flux,thermal,2,0.33475208282470703
7184,candidate_005,met_station_core;surface_temp_ir;cr1000xe_backbone,1.8904,flux,thermal,2,0.3262697458267212
7184,candidate_005,met_station_core;surface_temp_ir;cr1000xe_backbone,1.8904,flux,thermal,2,0.3592997193336487
7184,candidate_005,met_station_core;surface_temp_ir;cr1000xe_backbone,1.8904,flux,thermal,2,0.5400410294532776
7184,candidate_005,met_station_core;surface_temp_ir;cr1000xe_backbone,1.8904,flux,thermal,2,0.40675604343414307
7184,candidate_005,met_station_core;surface_temp_ir;cr1000xe_backbone,1.8904,flux,thermal,2,0.400381863117218
7184,candidate_005,met_station_core;surface_temp_ir;cr1000xe_backbone,1.8904,flux,thermal,2,0.36804595589637756
7184,candidate_005,met_station_core;surface_temp_ir;cr1000xe_backbone,1.8904,flux,thermal,2,0.49245840311050415
7184,candidate_005,met_station_core;surface_temp_ir;cr1000xe_backbone,1.8904,flux,thermal,2,0.3437071442604065
7184,candidate_005,met_station_core;surface_temp_ir;cr1000xe_backbone,1.8904,flux,thermal,2,0.4694778025150299
7184,candidate_005,met_station_core;surface_temp_ir;cr1000xe_backbone,1.8904,flux,thermal,2,0.5448914766311646
7184,candidate_005,met_station_core;surface_temp_ir;cr1000xe_backbone,1.8904,calm,thermal,0,0.23162446916103363
7184,candidate_005,met_station_core;surface_temp_ir;cr1000xe_backbone,1.8904,calm,thermal,0,0.360526442527771
7184,candidate_005,met_station_core;surface_temp_ir;cr1000xe_backbone,1.8904,calm,thermal,0,0.30017417669296265
7184,candidate_005,met_station_core;surface_temp_ir;cr1000xe_backbone,1.8904,calm,thermal,0,0.38457348942756653
7184,candidate_005,met_station_core;surface_temp_ir;cr1000xe_backbone,1.8904,calm,thermal,0,0.7124269008636475
7184,candidate_005,met_station_core;surface_temp_ir;cr1000xe_backbone,1.8904,calm,thermal,0,1.0827380418777466
7184,candidate_005,met_station_core;surface_temp_ir;cr1000xe_backbone,1.8904,calm,thermal,0,1.3757176399230957
7184,candidate_005,met_station_core;surface_temp_ir;cr1000xe_backbone,1.8904,calm,thermal,0,1.5881646871566772
7184,candidate_005,met_station_core;surface_temp_ir;cr1000xe_backbone,1.8904,calm,thermal,0,1.8601446151733398
7184,candidate_005,met_station_core;surface_temp_ir;cr1000xe_backbone,1.8904,calm,thermal,0,2.1229283809661865
7184,candidate_005,met_station_core;surface_temp_ir;cr1000xe_backbone,1.8904,calm,thermal,0,2.3596060276031494
7184,candidate_005,met_station_core;surface_temp_ir;cr1000xe_backbone,1.8904,calm,thermal,0,2.587782382965088
7184,candidate_005,met_station_core;surface_temp_ir;cr1000xe_backbone,1.8904,thermal,transport,3,2.5747766494750977
7184,candidate_005,met_station_core;surface_temp_ir;cr1000xe_backbone,1.8904,thermal,transport,3,2.581116199493408
7184,candidate_005,met_station_core;surface_temp_ir;cr1000xe_backbone,1.8904,thermal,transport,3,2.584103584289551
7184,candidate_005,met_station_core;surface_temp_ir;cr1000xe_backbone,1.8904,thermal,transport,3,2.578433036804199
7184,candidate_005,met_station_core;surface_temp_ir;cr1000xe_backbone,1.8904,thermal,transport,3,2.572484254837036
7184,candidate_005,met_station_core;surface_temp_ir;cr1000xe_backbone,1.8904,thermal,transport,3,2.550398588180542
7184,candidate_005,met_station_core;surface_temp_ir;cr1000xe_backbone,1.8904,thermal,transport,3,2.5849838256835938
7184,candidate_005,met_station_core;surface_temp_ir;cr1000xe_backbone,1.8904,thermal,transport,3,2.555856943130493
7184,candidate_005,met_station_core;surface_temp_ir;cr1000xe_backbone,1.8904,thermal,transport,3,2.56168794631958
7184,candidate_005,met_station_core;surface_temp_ir;cr1000xe_backbone,1.8904,thermal,transport,3,2.617316722869873
7184,candidate_005,met_station_core;surface_temp_ir;cr1000xe_backbone,1.8904,thermal,transport,3,2.55898118019104
7184,candidate_005,met_station_core;surface_temp_ir;cr1000xe_backbone,1.8904,thermal,transport,3,2.6175732612609863
7184,candidate_005,met_station_core;surface_temp_ir;cr1000xe_backbone,1.8904,thermal,transport,3,2.3802778720855713
7184,candidate_005,met_station_core;surface_temp_ir;cr1000xe_backbone,1.8904,thermal,transport,3,2.1993956565856934
7184,candidate_005,met_station_core;surface_temp_ir;cr1000xe_backbone,1.8904,thermal,transport,3,1.9462031126022339
7184,candidate_005,met_station_core;surface_temp_ir;cr1000xe_backbone,1.8904,thermal,transport,3,1.605201005935669
7184,candidate_005,met_station_core;surface_temp_ir;cr1000xe_backbone,1.8904,thermal,transport,3,1.4249343872070312
7184,candidate_005,met_station_core;surface_temp_ir;cr1000xe_backbone,1.8904,thermal,transport,3,1.0982264280319214
7184,candidate_005,met_station_core;surface_temp_ir;cr1000xe_backbone,1.8904,thermal,transport,3,0.7628331184387207
7184,candidate_005,met_station_core;surface_temp_ir;cr1000xe_backbone,1.8904,thermal,transport,3,0.6205992698669434
7184,candidate_005,met_station_core;surface_temp_ir;cr1000xe_backbone,1.8904,thermal,particle,3,0.6421970725059509
7184,candidate_005,met_station_core;surface_temp_ir;cr1000xe_backbone,1.8904,thermal,particle,3,0.6277119517326355
7184,candidate_005,met_station_core;surface_temp_ir;cr1000xe_backbone,1.8904,thermal,particle,3,0.6401050090789795
7184,candidate_005,met_station_core;surface_temp_ir;cr1000xe_backbone,1.8904,thermal,particle,3,0.6395592093467712
7184,candidate_005,met_station_core;surface_temp_ir;cr1000xe_backbone,1.8904,thermal,particle,3,0.6875232458114624
7184,candidate_005,met_station_core;surface_temp_ir;cr1000xe_backbone,1.8904,thermal,particle,3,0.6477758884429932
7184,candidate_005,met_station_core;surface_temp_ir;cr1000xe_backbone,1.8904,thermal,particle,3,0.5935755968093872
7184,candidate_005,met_station_core;surface_temp_ir;cr1000xe_backbone,1.8904,thermal,particle,3,0.6120959520339966
7184,candidate_005,met_station_core;surface_temp_ir;cr1000xe_backbone,1.8904,thermal,particle,3,0.588775098323822
7184,candidate_005,met_station_core;surface_temp_ir;cr1000xe_backbone,1.8904,calm,particle,0,0.5518011450767517
7184,candidate_005,met_station_core;surface_temp_ir;cr1000xe_backbone,1.8904,calm,particle,0,0.44631168246269226
7184,candidate_005,met_station_core;surface_temp_ir;cr1000xe_backbone,1.8904,calm,particle,0,0.38857346773147583
7184,candidate_005,met_station_core;surface_temp_ir;cr1000xe_backbone,1.8904,calm,particle,0,0.28147047758102417
7184,candidate_005,met_station_core;surface_temp_ir;cr1000xe_backbone,1.8904,calm,particle,0,0.19929975271224976
7184,candidate_005,met_station_core;surface_temp_ir;cr1000xe_backbone,1.8904,calm,particle,0,0.19734559953212738
7184,candidate_005,met_station_core;surface_temp_ir;cr1000xe_backbone,1.8904,calm,particle,0,0.21773016452789307
7184,candidate_005,met_station_core;surface_temp_ir;cr1000xe_backbone,1.8904,calm,particle,0,0.27387505769729614
7184,candidate_005,met_station_core;surface_temp_ir;cr1000xe_backbone,1.8904,calm,particle,0,0.30770301818847656
7184,candidate_005,met_station_core;surface_temp_ir;cr1000xe_backbone,1.8904,calm,particle,0,0.4070276618003845
7184,candidate_005,met_station_core;surface_temp_ir;cr1000xe_backbone,1.8904,calm,particle,0,0.3867490589618683
7184,candidate_005,met_station_core;surface_temp_ir;cr1000xe_backbone,1.8904,calm,particle,0,0.477055162191391
7184,candidate_005,met_station_core;surface_temp_ir;cr1000xe_backbone,1.8904,calm,particle,0,0.5262352228164673
7184,candidate_005,met_station_core;surface_temp_ir;cr1000xe_backbone,1.8904,calm,particle,0,0.593479335308075
7184,candidate_005,met_station_core;surface_temp_ir;cr1000xe_backbone,1.8904,thermal,thermal,3,0.3963105380535126
7184,candidate_005,met_station_core;surface_temp_ir;cr1000xe_backbone,1.8904,thermal,thermal,3,0.48768413066864014
7184,candidate_005,met_station_core;surface_temp_ir;cr1000xe_backbone,1.8904,thermal,thermal,3,0.39671072363853455
7184,candidate_005,met_station_core;surface_temp_ir;cr1000xe_backbone,1.8904,thermal,thermal,3,0.4791492223739624
7184,candidate_005,met_station_core;surface_temp_ir;cr1000xe_backbone,1.8904,thermal,thermal,3,0.4120986759662628
7184,candidate_005,met_station_core;surface_temp_ir;cr1000xe_backbone,1.8904,thermal,thermal,3,0.47972434759140015
7184,candidate_005,met_station_core;surface_temp_ir;cr1000xe_backbone,1.8904,thermal,thermal,3,0.3203732371330261
7184,candidate_005,met_station_core;surface_temp_ir;cr1000xe_backbone,1.8904,thermal,thermal,3,0.4769941568374634
7184,candidate_005,met_station_core;surface_temp_ir;cr1000xe_backbone,1.8904,thermal,thermal,3,0.4455741047859192
7184,candidate_005,met_station_core;surface_temp_ir;cr1000xe_backbone,1.8904,thermal,thermal,3,0.4183444082736969
7184,candidate_005,met_station_core;surface_temp_ir;cr1000xe_backbone,1.8904,thermal,thermal,3,0.33401596546173096
7184,candidate_005,met_station_core;surface_temp_ir;cr1000xe_backbone,1.8904,thermal,thermal,3,0.44301509857177734
7184,candidate_005,met_station_core;surface_temp_ir;cr1000xe_backbone,1.8904,thermal,thermal,3,0.30133306980133057
7184,candidate_005,met_station_core;surface_temp_ir;cr1000xe_backbone,1.8904,thermal,thermal,3,0.5358384251594543
7184,candidate_005,met_station_core;surface_temp_ir;cr1000xe_backbone,1.8904,thermal,thermal,3,0.653302013874054
7184,candidate_005,met_station_core;surface_temp_ir;cr1000xe_backbone,1.8904,thermal,thermal,3,0.9604167938232422
7184,candidate_005,met_station_core;surface_temp_ir;cr1000xe_backbone,1.8904,thermal,thermal,3,1.1930228471755981
7184,candidate_005,met_station_core;surface_temp_ir;cr1000xe_backbone,1.8904,thermal,thermal,3,1.477496862411499
7184,candidate_005,met_station_core;surface_temp_ir;cr1000xe_backbone,1.8904,thermal,thermal,3,1.7462098598480225
7184,candidate_005,met_station_core;surface_temp_ir;cr1000xe_backbone,1.8904,thermal,thermal,3,2.027268886566162
7184,candidate_005,met_station_core;surface_temp_ir;cr1000xe_backbone,1.8904,thermal,thermal,3,2.3357996940612793
7184,candidate_005,met_station_core;surface_temp_ir;cr1000xe_backbone,1.8904,thermal,thermal,3,2.649930715560913
7184,candidate_005,met_station_core;surface_temp_ir;cr1000xe_backbone,1.8904,thermal,transport,3,2.5277278423309326
7184,candidate_005,met_station_core;surface_temp_ir;cr1000xe_backbone,1.8904,thermal,transport,3,2.4853806495666504
7184,candidate_005,met_station_core;surface_temp_ir;cr1000xe_backbone,1.8904,thermal,transport,3,2.533931255340576
7184,candidate_005,met_station_core;surface_temp_ir;cr1000xe_backbone,1.8904,thermal,transport,3,2.5374269485473633
7184,candidate_005,met_station_core;surface_temp_ir;cr1000xe_backbone,1.8904,thermal,transport,3,2.5132625102996826
7184,candidate_005,met_station_core;surface_temp_ir;cr1000xe_backbone,1.8904,thermal,transport,3,2.5795366764068604
7184,candidate_005,met_station_core;surface_temp_ir;cr1000xe_backbone,1.8904,thermal,transport,3,2.5527477264404297
7184,candidate_005,met_station_core;surface_temp_ir;cr1000xe_backbone,1.8904,thermal,transport,3,2.5673766136169434
7184,candidate_005,met_station_core;surface_temp_ir;cr1000xe_backbone,1.8904,thermal,transport,3,2.552933692932129
7184,candidate_005,met_station_core;surface_temp_ir;cr1000xe_backbone,1.8904,thermal,transport,3,2.600189685821533
7184,candidate_005,met_station_core;surface_temp_ir;cr1000xe_backbone,1.8904,thermal,transport,3,2.6072559356689453
7184,candidate_005,met_station_core;surface_temp_ir;cr1000xe_backbone,1.8904,thermal,transport,3,2.5639383792877197
7184,candidate_005,met_station_core;surface_temp_ir;cr1000xe_backbone,1.8904,thermal,transport,3,2.3916492462158203
7184,candidate_005,met_station_core;surface_temp_ir;cr1000xe_backbone,1.8904,thermal,transport,3,2.168565273284912
7184,candidate_005,met_station_core;surface_temp_ir;cr1000xe_backbone,1.8904,thermal,transport,3,1.9171675443649292
7184,candidate_005,met_station_core;surface_temp_ir;cr1000xe_backbone,1.8904,thermal,transport,3,1.72414231300354
7184,candidate_005,met_station_core;surface_temp_ir;cr1000xe_backbone,1.8904,thermal,transport,3,1.4745543003082275
7184,candidate_005,met_station_core;surface_temp_ir;cr1000xe_backbone,1.8904,thermal,transport,3,1.2399811744689941
7184,candidate_005,met_station_core;surface_temp_ir;cr1000xe_backbone,1.8904,thermal,transport,3,0.9308595061302185
7184,candidate_005,met_station_core;surface_temp_ir;cr1000xe_backbone,1.8904,thermal,transport,3,0.6515936851501465
7184,candidate_005,met_station_core;surface_temp_ir;cr1000xe_backbone,1.8904,thermal,particle,3,0.6686323285102844
7184,candidate_005,met_station_core;surface_temp_ir;cr1000xe_backbone,1.8904,thermal,particle,3,0.7546634078025818
7184,candidate_005,met_station_core;surface_temp_ir;cr1000xe_backbone,1.8904,thermal,particle,3,0.5751768946647644
7184,candidate_005,met_station_core;surface_temp_ir;cr1000xe_backbone,1.8904,thermal,particle,3,0.7025375962257385
7184,candidate_005,met_station_core;surface_temp_ir;cr1000xe_backbone,1.8904,thermal,particle,3,0.6645461320877075
7184,candidate_005,met_station_core;surface_temp_ir;cr1000xe_backbone,1.8904,thermal,particle,3,0.6953682899475098
7184,candidate_005,met_station_core;surface_temp_ir;cr1000xe_backbone,1.8904,thermal,particle,3,0.6849253177642822
7184,candidate_005,met_station_core;surface_temp_ir;cr1000xe_backbone,1.8904,thermal,particle,3,0.5691954493522644
7184,candidate_006,radiometer_basic;surface_temp_ir;cr1000xe_backbone,1.8504,calm,particle,0,1.0227590799331665
7184,candidate_006,radiometer_basic;surface_temp_ir;cr1000xe_backbone,1.8504,calm,particle,0,0.9964112043380737
7184,candidate_006,radiometer_basic;surface_temp_ir;cr1000xe_backbone,1.8504,calm,particle,0,0.972952127456665
7184,candidate_006,radiometer_basic;surface_temp_ir;cr1000xe_backbone,1.8504,calm,particle,0,0.9128418564796448
7184,candidate_006,radiometer_basic;surface_temp_ir;cr1000xe_backbone,1.8504,calm,particle,0,0.8909079432487488
7184,candidate_006,radiometer_basic;surface_temp_ir;cr1000xe_backbone,1.8504,calm,particle,0,0.7327399849891663
7184,candidate_006,radiometer_basic;surface_temp_ir;cr1000xe_backbone,1.8504,calm,particle,0,0.6990866661071777
7184,candidate_006,radiometer_basic;surface_temp_ir;cr1000xe_backbone,1.8504,calm,particle,0,0.5857436060905457
7184,candidate_006,radiometer_basic;surface_temp_ir;cr1000xe_backbone,1.8504,calm,particle,0,0.635109543800354
7184,candidate_006,radiometer_basic;surface_temp_ir;cr1000xe_backbone,1.8504,calm,particle,0,0.6608659625053406
7184,candidate_006,radiometer_basic;surface_temp_ir;cr1000xe_backbone,1.8504,calm,particle,0,0.7267435193061829
7184,candidate_006,radiometer_basic;surface_temp_ir;cr1000xe_backbone,1.8504,calm,particle,0,0.7451758980751038
7184,candidate_006,radiometer_basic;surface_temp_ir;cr1000xe_backbone,1.8504,calm,particle,0,0.7251542806625366
7184,candidate_006,radiometer_basic;surface_temp_ir;cr1000xe_backbone,1.8504,calm,particle,0,0.601766049861908
7184,candidate_006,radiometer_basic;surface_temp_ir;cr1000xe_backbone,1.8504,calm,particle,0,0.5911690592765808
7184,candidate_006,radiometer_basic;surface_temp_ir;cr1000xe_backbone,1.8504,calm,particle,0,0.6662675738334656
7184,candidate_006,radiometer_basic;surface_temp_ir;cr1000xe_backbone,1.8504,calm,particle,0,0.7356960773468018
7184,candidate_006,radiometer_basic;surface_temp_ir;cr1000xe_backbone,1.8504,calm,particle,0,0.7112220525741577
7184,candidate_006,radiometer_basic;surface_temp_ir;cr1000xe_backbone,1.8504,calm,particle,0,0.7107430100440979
7184,candidate_006,radiometer_basic;surface_temp_ir;cr1000xe_backbone,1.8504,calm,particle,0,0.6659496426582336
7184,candidate_006,radiometer_basic;surface_temp_ir;cr1000xe_backbone,1.8504,calm,particle,0,0.61944580078125
7184,candidate_006,radiometer_basic;surface_temp_ir;cr1000xe_backbone,1.8504,calm,thermal,0,0.5961604714393616
7184,candidate_006,radiometer_basic;surface_temp_ir;cr1000xe_backbone,1.8504,calm,thermal,0,0.5888738632202148
7184,candidate_006,radiometer_basic;surface_temp_ir;cr1000xe_backbone,1.8504,calm,thermal,0,0.5158166289329529
7184,candidate_006,radiometer_basic;surface_temp_ir;cr1000xe_backbone,1.8504,calm,thermal,0,0.5230082869529724
7184,candidate_006,radiometer_basic;surface_temp_ir;cr1000xe_backbone,1.8504,calm,thermal,0,0.5501134395599365
7184,candidate_006,radiometer_basic;surface_temp_ir;cr1000xe_backbone,1.8504,calm,thermal,0,0.5310447812080383
7184,candidate_006,radiometer_basic;surface_temp_ir;cr1000xe_backbone,1.8504,calm,thermal,0,0.534905731678009
7184,candidate_006,radiometer_basic;surface_temp_ir;cr1000xe_backbone,1.8504,calm,thermal,0,0.5644519329071045
7184,candidate_006,radiometer_basic;surface_temp_ir;cr1000xe_backbone,1.8504,calm,thermal,0,0.5632802844047546
7184,candidate_006,radiometer_basic;surface_temp_ir;cr1000xe_backbone,1.8504,calm,thermal,0,0.5515617728233337
7184,candidate_006,radiometer_basic;surface_temp_ir;cr1000xe_backbone,1.8504,calm,thermal,0,0.49200981855392456
7184,candidate_006,radiometer_basic;surface_temp_ir;cr1000xe_backbone,1.8504,calm,thermal,0,0.5314341187477112
7184,candidate_006,radiometer_basic;surface_temp_ir;cr1000xe_backbone,1.8504,calm,thermal,0,0.5692230463027954
7184,candidate_006,radiometer_basic;surface_temp_ir;cr1000xe_backbone,1.8504,calm,thermal,0,0.6282256841659546
7184,candidate_006,radiometer_basic;surface_temp_ir;cr1000xe_backbone,1.8504,calm,thermal,0,0.7478639483451843
7184,candidate_006,radiometer_basic;surface_temp_ir;cr1000xe_backbone,1.8504,calm,thermal,0,0.7225901484489441
7184,candidate_006,radiometer_basic;surface_temp_ir;cr1000xe_backbone,1.8504,calm,thermal,0,0.673650324344635
7184,candidate_006,radiometer_basic;surface_temp_ir;cr1000xe_backbone,1.8504,calm,thermal,0,0.5908892750740051
7184,candidate_006,radiometer_basic;surface_temp_ir;cr1000xe_backbone,1.8504,calm,thermal,0,0.5651124715805054
7184,candidate_006,radiometer_basic;surface_temp_ir;cr1000xe_backbone,1.8504,calm,thermal,0,0.623632550239563
7184,candidate_006,radiometer_basic;surface_temp_ir;cr1000xe_backbone,1.8504,calm,thermal,0,0.6404336094856262
7184,candidate_006,radiometer_basic;surface_temp_ir;cr1000xe_backbone,1.8504,calm,thermal,0,0.6361875534057617
7184,candidate_006,radiometer_basic;surface_temp_ir;cr1000xe_backbone,1.8504,calm,thermal,0,0.6628025770187378
7184,candidate_006,radiometer_basic;surface_temp_ir;cr1000xe_backbone,1.8504,calm,thermal,0,0.5737807750701904
7184,candidate_006,radiometer_basic;surface_temp_ir;cr1000xe_backbone,1.8504,calm,thermal,0,0.5683626532554626
7184,candidate_006,radiometer_basic;surface_temp_ir;cr1000xe_backbone,1.8504,calm,thermal,0,0.5432286262512207
7184,candidate_006,radiometer_basic;surface_temp_ir;cr1000xe_backbone,1.8504,calm,thermal,0,0.5121824741363525
7184,candidate_006,radiometer_basic;surface_temp_ir;cr1000xe_backbone,1.8504,calm,thermal,0,0.5117251873016357
7184,candidate_006,radiometer_basic;surface_temp_ir;cr1000xe_backbone,1.8504,calm,thermal,0,0.5140159726142883
7184,candidate_006,radiometer_basic;surface_temp_ir;cr1000xe_backbone,1.8504,calm,thermal,0,0.49593889713287354
7184,candidate_006,radiometer_basic;surface_temp_ir;cr1000xe_backbone,1.8504,calm,thermal,0,0.49597790837287903
7184,candidate_006,radiometer_basic;surface_temp_ir;cr1000xe_backbone,1.8504,calm,thermal,0,0.512025773525238
7184,candidate_006,radiometer_basic;surface_temp_ir;cr1000xe_backbone,1.8504,calm,thermal,0,0.5030636191368103
7184,candidate_006,radiometer_basic;surface_temp_ir;cr1000xe_backbone,1.8504,calm,transport,0,0.4999666213989258
7184,candidate_006,radiometer_basic;surface_temp_ir;cr1000xe_backbone,1.8504,calm,transport,0,0.41653335094451904
7184,candidate_006,radiometer_basic;surface_temp_ir;cr1000xe_backbone,1.8504,calm,transport,0,0.4538418650627136
7184,candidate_006,radiometer_basic;surface_temp_ir;cr1000xe_backbone,1.8504,calm,transport,0,0.5233567953109741
7184,candidate_006,radiometer_basic;surface_temp_ir;cr1000xe_backbone,1.8504,calm,transport,0,0.5724470019340515
7184,candidate_006,radiometer_basic;surface_temp_ir;cr1000xe_backbone,1.8504,calm,transport,0,0.6663365960121155
7184,candidate_006,radiometer_basic;surface_temp_ir;cr1000xe_backbone,1.8504,calm,transport,0,0.6218587160110474
7184,candidate_006,radiometer_basic;surface_temp_ir;cr1000xe_backbone,1.8504,calm,transport,0,0.588871419429779
7184,candidate_006,radiometer_basic;surface_temp_ir;cr1000xe_backbone,1.8504,calm,transport,0,0.5250416994094849
7184,candidate_006,radiometer_basic;surface_temp_ir;cr1000xe_backbone,1.8504,calm,transport,0,0.49060192704200745
7184,candidate_006,radiometer_basic;surface_temp_ir;cr1000xe_backbone,1.8504,calm,transport,0,0.5209344625473022
7184,candidate_006,radiometer_basic;surface_temp_ir;cr1000xe_backbone,1.8504,calm,transport,0,0.5221784114837646
7184,candidate_006,radiometer_basic;surface_temp_ir;cr1000xe_backbone,1.8504,calm,transport,0,0.5301604270935059
7184,candidate_006,radiometer_basic;surface_temp_ir;cr1000xe_backbone,1.8504,calm,transport,0,0.5563720464706421
7184,candidate_006,radiometer_basic;surface_temp_ir;cr1000xe_backbone,1.8504,calm,transport,0,0.502719521522522
7184,candidate_006,radiometer_basic;surface_temp_ir;cr1000xe_backbone,1.8504,calm,transport,0,0.5039088129997253
7184,candidate_006,radiometer_basic;surface_temp_ir;cr1000xe_backbone,1.8504,calm,transport,0,0.4705089032649994
7184,candidate_006,radiometer_basic;surface_temp_ir;cr1000xe_backbone,1.8504,calm,transport,0,0.4694911539554596
7184,candidate_006,radiometer_basic;surface_temp_ir;cr1000xe_backbone,1.8504,calm,transport,0,0.5072332620620728
7184,candidate_006,radiometer_basic;surface_temp_ir;cr1000xe_backbone,1.8504,calm,transport,0,0.5051553845405579
7184,candidate_006,radiometer_basic;surface_temp_ir;cr1000xe_backbone,1.8504,calm,transport,0,0.5054063200950623
7184,candidate_006,radiometer_basic;surface_temp_ir;cr1000xe_backbone,1.8504,calm,transport,0,0.4987885355949402
7184,candidate_006,radiometer_basic;surface_temp_ir;cr1000xe_backbone,1.8504,calm,transport,0,0.517633318901062
7184,candidate_006,radiometer_basic;surface_temp_ir;cr1000xe_backbone,1.8504,calm,transport,0,0.5543599128723145
7184,candidate_006,radiometer_basic;surface_temp_ir;cr1000xe_backbone,1.8504,calm,transport,0,0.5676022171974182
7184,candidate_006,radiometer_basic;surface_temp_ir;cr1000xe_backbone,1.8504,calm,transport,0,0.47604531049728394
7184,candidate_006,radiometer_basic;surface_temp_ir;cr1000xe_backbone,1.8504,calm,transport,0,0.5199242830276489
7184,candidate_006,radiometer_basic;surface_temp_ir;cr1000xe_backbone,1.8504,calm,transport,0,0.6106007695198059
7184,candidate_006,radiometer_basic;surface_temp_ir;cr1000xe_backbone,1.8504,calm,transport,0,0.7045055627822876
7184,candidate_006,radiometer_basic;surface_temp_ir;cr1000xe_backbone,1.8504,calm,transport,0,0.7234569191932678
7184,candidate_006,radiometer_basic;surface_temp_ir;cr1000xe_backbone,1.8504,calm,transport,0,0.775906503200531
7184,candidate_006,radiometer_basic;surface_temp_ir;cr1000xe_backbone,1.8504,calm,transport,0,0.7287531495094299
7184,candidate_006,radiometer_basic;surface_temp_ir;cr1000xe_backbone,1.8504,calm,transport,0,0.6377850770950317
7184,candidate_006,radiometer_basic;surface_temp_ir;cr1000xe_backbone,1.8504,calm,transport,0,0.5667216181755066
7184,candidate_006,radiometer_basic;surface_temp_ir;cr1000xe_backbone,1.8504,calm,transport,0,0.6021766662597656
7184,candidate_006,radiometer_basic;surface_temp_ir;cr1000xe_backbone,1.8504,calm,transport,0,0.6110548377037048
7184,candidate_006,radiometer_basic;surface_temp_ir;cr1000xe_backbone,1.8504,calm,particle,0,0.6434980034828186
7184,candidate_006,radiometer_basic;surface_temp_ir;cr1000xe_backbone,1.8504,calm,particle,0,0.633152961730957
7184,candidate_006,radiometer_basic;surface_temp_ir;cr1000xe_backbone,1.8504,calm,particle,0,0.6102420091629028
7184,candidate_006,radiometer_basic;surface_temp_ir;cr1000xe_backbone,1.8504,calm,particle,0,0.5842103958129883
7184,candidate_006,radiometer_basic;surface_temp_ir;cr1000xe_backbone,1.8504,calm,particle,0,0.537251889705658
7184,candidate_006,radiometer_basic;surface_temp_ir;cr1000xe_backbone,1.8504,calm,particle,0,0.5280475616455078
7184,candidate_006,radiometer_basic;surface_temp_ir;cr1000xe_backbone,1.8504,calm,particle,0,0.5314473509788513
7184,candidate_006,radiometer_basic;surface_temp_ir;cr1000xe_backbone,1.8504,calm,particle,0,0.5175788998603821
7184,candidate_006,radiometer_basic;surface_temp_ir;cr1000xe_backbone,1.8504,calm,particle,0,0.5244747400283813
7184,candidate_006,radiometer_basic;surface_temp_ir;cr1000xe_backbone,1.8504,calm,particle,0,0.5141206383705139
7184,candidate_006,radiometer_basic;surface_temp_ir;cr1000xe_backbone,1.8504,calm,particle,0,0.5197111368179321
7184,candidate_006,radiometer_basic;surface_temp_ir;cr1000xe_backbone,1.8504,calm,particle,0,0.5295608043670654
7184,candidate_006,radiometer_basic;surface_temp_ir;cr1000xe_backbone,1.8504,calm,particle,0,0.5273473858833313
7184,candidate_006,radiometer_basic;surface_temp_ir;cr1000xe_backbone,1.8504,calm,particle,0,0.4559364914894104
7184,candidate_006,radiometer_basic;surface_temp_ir;cr1000xe_backbone,1.8504,calm,particle,0,0.4905180037021637
7184,candidate_006,radiometer_basic;surface_temp_ir;cr1000xe_backbone,1.8504,calm,particle,0,0.5704101920127869
7184,candidate_006,radiometer_basic;surface_temp_ir;cr1000xe_backbone,1.8504,calm,particle,0,0.6739934086799622
7184,candidate_006,radiometer_basic;surface_temp_ir;cr1000xe_backbone,1.8504,calm,particle,0,0.7311047315597534
7184,candidate_006,radiometer_basic;surface_temp_ir;cr1000xe_backbone,1.8504,calm,particle,0,0.757607638835907
7184,candidate_006,radiometer_basic;surface_temp_ir;cr1000xe_backbone,1.8504,calm,particle,0,0.7243332266807556
7184,candidate_006,radiometer_basic;surface_temp_ir;cr1000xe_backbone,1.8504,calm,particle,0,0.6601724624633789
7184,candidate_006,radiometer_basic;surface_temp_ir;cr1000xe_backbone,1.8504,calm,particle,0,0.6022694110870361
7184,candidate_006,radiometer_basic;surface_temp_ir;cr1000xe_backbone,1.8504,calm,particle,0,0.6639014482498169
7184,candidate_006,radiometer_basic;surface_temp_ir;cr1000xe_backbone,1.8504,calm,particle,0,0.6802881956100464
7184,candidate_006,radiometer_basic;surface_temp_ir;cr1000xe_backbone,1.8504,calm,particle,0,0.7065027952194214
7184,candidate_006,radiometer_basic;surface_temp_ir;cr1000xe_backbone,1.8504,calm,particle,0,0.7350595593452454
7184,candidate_006,radiometer_basic;surface_temp_ir;cr1000xe_backbone,1.8504,calm,particle,0,0.7155740261077881
7184,candidate_006,radiometer_basic;surface_temp_ir;cr1000xe_backbone,1.8504,calm,particle,0,0.7092772126197815
7184,candidate_006,radiometer_basic;surface_temp_ir;cr1000xe_backbone,1.8504,calm,particle,0,0.7045177221298218
7184,candidate_006,radiometer_basic;surface_temp_ir;cr1000xe_backbone,1.8504,calm,particle,0,0.6790639162063599
7184,candidate_006,radiometer_basic;surface_temp_ir;cr1000xe_backbone,1.8504,calm,particle,0,0.6979615092277527
7184,candidate_006,radiometer_basic;surface_temp_ir;cr1000xe_backbone,1.8504,calm,particle,0,0.7148435115814209
7184,candidate_006,radiometer_basic;surface_temp_ir;cr1000xe_backbone,1.8504,calm,particle,0,0.7058165073394775
7184,candidate_006,radiometer_basic;surface_temp_ir;cr1000xe_backbone,1.8504,calm,particle,0,0.7354052662849426
7184,candidate_006,radiometer_basic;surface_temp_ir;cr1000xe_backbone,1.8504,calm,thermal,0,0.7661747336387634
7184,candidate_006,radiometer_basic;surface_temp_ir;cr1000xe_backbone,1.8504,calm,thermal,0,0.8017988801002502
7184,candidate_006,radiometer_basic;surface_temp_ir;cr1000xe_backbone,1.8504,calm,thermal,0,0.8035306334495544
7184,candidate_006,radiometer_basic;surface_temp_ir;cr1000xe_backbone,1.8504,calm,thermal,0,0.7614157795906067
7184,candidate_006,radiometer_basic;surface_temp_ir;cr1000xe_backbone,1.8504,calm,thermal,0,0.7030488848686218
7184,candidate_006,radiometer_basic;surface_temp_ir;cr1000xe_backbone,1.8504,calm,thermal,0,0.7237200140953064
7184,candidate_006,radiometer_basic;surface_temp_ir;cr1000xe_backbone,1.8504,calm,thermal,0,0.8110798597335815
7184,candidate_006,radiometer_basic;surface_temp_ir;cr1000xe_backbone,1.8504,calm,thermal,0,0.918194591999054
7184,candidate_006,radiometer_basic;surface_temp_ir;cr1000xe_backbone,1.8504,calm,thermal,0,0.8642699122428894
7184,candidate_006,radiometer_basic;surface_temp_ir;cr1000xe_backbone,1.8504,calm,thermal,0,0.8767293095588684
7184,candidate_006,radiometer_basic;surface_temp_ir;cr1000xe_backbone,1.8504,calm,thermal,0,0.8085684180259705
7184,candidate_006,radiometer_basic;surface_temp_ir;cr1000xe_backbone,1.8504,calm,thermal,0,0.8440927863121033
7184,candidate_006,radiometer_basic;surface_temp_ir;cr1000xe_backbone,1.8504,calm,thermal,0,0.8747637867927551
7184,candidate_006,radiometer_basic;surface_temp_ir;cr1000xe_backbone,1.8504,calm,thermal,0,0.9515307545661926
7184,candidate_006,radiometer_basic;surface_temp_ir;cr1000xe_backbone,1.8504,calm,thermal,0,0.9418702125549316
7184,candidate_006,radiometer_basic;surface_temp_ir;cr1000xe_backbone,1.8504,calm,thermal,0,0.9887072443962097
7184,candidate_006,radiometer_basic;surface_temp_ir;cr1000xe_backbone,1.8504,calm,thermal,0,0.9039682149887085
7184,candidate_006,radiometer_basic;surface_temp_ir;cr1000xe_backbone,1.8504,calm,thermal,0,0.913373589515686
7184,candidate_006,radiometer_basic;surface_temp_ir;cr1000xe_backbone,1.8504,calm,thermal,0,0.886324942111969
7184,candidate_006,radiometer_basic;surface_temp_ir;cr1000xe_backbone,1.8504,calm,thermal,0,0.8664388060569763
7184,candidate_006,radiometer_basic;surface_temp_ir;cr1000xe_backbone,1.8504,calm,thermal,0,0.8384469747543335
7184,candidate_006,radiometer_basic;surface_temp_ir;cr1000xe_backbone,1.8504,calm,thermal,0,0.8189128041267395
7184,candidate_006,radiometer_basic;surface_temp_ir;cr1000xe_backbone,1.8504,calm,thermal,0,0.8052077293395996
7184,candidate_006,radiometer_basic;surface_temp_ir;cr1000xe_backbone,1.8504,calm,thermal,0,0.8013301491737366
7184,candidate_006,radiometer_basic;surface_temp_ir;cr1000xe_backbone,1.8504,calm,thermal,0,0.8150082230567932
7184,candidate_006,radiometer_basic;surface_temp_ir;cr1000xe_backbone,1.8504,calm,thermal,0,0.8207546472549438
7184,candidate_006,radiometer_basic;surface_temp_ir;cr1000xe_backbone,1.8504,calm,transport,0,0.796491265296936
7184,candidate_006,radiometer_basic;surface_temp_ir;cr1000xe_backbone,1.8504,calm,transport,0,0.7716978192329407
7184,candidate_006,radiometer_basic;surface_temp_ir;cr1000xe_backbone,1.8504,calm,transport,0,0.7400699257850647
7184,candidate_006,radiometer_basic;surface_temp_ir;cr1000xe_backbone,1.8504,calm,transport,0,0.7685710787773132
7184,candidate_006,radiometer_basic;surface_temp_ir;cr1000xe_backbone,1.8504,calm,transport,0,0.8259197473526001
7184,candidate_006,radiometer_basic;surface_temp_ir;cr1000xe_backbone,1.8504,calm,transport,0,0.8766225576400757
7184,candidate_006,radiometer_basic;surface_temp_ir;cr1000xe_backbone,1.8504,calm,transport,0,0.8612894415855408
7184,candidate_006,radiometer_basic;surface_temp_ir;cr1000xe_backbone,1.8504,calm,transport,0,0.8470770716667175
7184,candidate_006,radiometer_basic;surface_temp_ir;cr1000xe_backbone,1.8504,calm,transport,0,0.782868504524231
7184,candidate_006,radiometer_basic;surface_temp_ir;cr1000xe_backbone,1.8504,calm,transport,0,0.8054652810096741
7184,candidate_006,radiometer_basic;surface_temp_ir;cr1000xe_backbone,1.8504,calm,transport,0,0.851046085357666
7184,candidate_006,radiometer_basic;surface_temp_ir;cr1000xe_backbone,1.8504,calm,transport,0,0.8600284457206726
7184,candidate_006,radiometer_basic;surface_temp_ir;cr1000xe_backbone,1.8504,calm,transport,0,0.9023694396018982
7184,candidate_006,radiometer_basic;surface_temp_ir;cr1000xe_backbone,1.8504,calm,transport,0,0.8876094222068787
7184,candidate_006,radiometer_basic;surface_temp_ir;cr1000xe_backbone,1.8504,calm,transport,0,0.8769079446792603
7184,candidate_006,radiometer_basic;surface_temp_ir;cr1000xe_backbone,1.8504,calm,transport,0,0.8947256803512573
7184,candidate_006,radiometer_basic;surface_temp_ir;cr1000xe_backbone,1.8504,calm,transport,0,0.873666524887085
7184,candidate_006,radiometer_basic;surface_temp_ir;cr1000xe_backbone,1.8504,calm,transport,0,0.8829025030136108
7184,candidate_006,radiometer_basic;surface_temp_ir;cr1000xe_backbone,1.8504,calm,transport,0,0.8832252025604248
7184,candidate_006,radiometer_basic;surface_temp_ir;cr1000xe_backbone,1.8504,calm,transport,0,0.8684308528900146
7184,candidate_006,radiometer_basic;surface_temp_ir;cr1000xe_backbone,1.8504,calm,transport,0,0.8685507774353027
7184,candidate_006,radiometer_basic;surface_temp_ir;cr1000xe_backbone,1.8504,calm,transport,0,0.8600561618804932
7184,candidate_006,radiometer_basic;surface_temp_ir;cr1000xe_backbone,1.8504,calm,transport,0,0.8421346545219421
7184,candidate_006,radiometer_basic;surface_temp_ir;cr1000xe_backbone,1.8504,calm,transport,0,0.8428638577461243
7184,candidate_006,radiometer_basic;surface_temp_ir;cr1000xe_backbone,1.8504,calm,transport,0,0.8320237994194031
7184,candidate_006,radiometer_basic;surface_temp_ir;cr1000xe_backbone,1.8504,calm,particle,0,0.7968873381614685
7184,candidate_006,radiometer_basic;surface_temp_ir;cr1000xe_backbone,1.8504,calm,particle,0,0.7903059124946594
7184,candidate_006,radiometer_basic;surface_temp_ir;cr1000xe_backbone,1.8504,calm,particle,0,0.8216984272003174
7184,candidate_006,radiometer_basic;surface_temp_ir;cr1000xe_backbone,1.8504,calm,particle,0,0.8555861711502075
7184,candidate_006,radiometer_basic;surface_temp_ir;cr1000xe_backbone,1.8504,calm,particle,0,0.9075629711151123
7184,candidate_006,radiometer_basic;surface_temp_ir;cr1000xe_backbone,1.8504,calm,particle,0,0.8790071606636047
7184,candidate_006,radiometer_basic;surface_temp_ir;cr1000xe_backbone,1.8504,calm,particle,0,0.8839359879493713
7184,candidate_006,radiometer_basic;surface_temp_ir;cr1000xe_backbone,1.8504,calm,particle,0,0.7697456479072571
7184,candidate_006,radiometer_basic;surface_temp_ir;cr1000xe_backbone,1.8504,calm,particle,0,0.8085471987724304
7184,candidate_006,radiometer_basic;surface_temp_ir;cr1000xe_backbone,1.8504,calm,particle,0,0.8084791302680969
7184,candidate_006,radiometer_basic;surface_temp_ir;cr1000xe_backbone,1.8504,calm,particle,0,0.8312393426895142
7184,candidate_006,radiometer_basic;surface_temp_ir;cr1000xe_backbone,1.8504,calm,particle,0,0.8404545783996582
7184,candidate_006,radiometer_basic;surface_temp_ir;cr1000xe_backbone,1.8504,calm,particle,0,0.8747493624687195
7184,candidate_006,radiometer_basic;surface_temp_ir;cr1000xe_backbone,1.8504,calm,particle,0,0.7863031029701233
7184,candidate_006,radiometer_basic;surface_temp_ir;cr1000xe_backbone,1.8504,calm,particle,0,0.8300370573997498
7184,candidate_006,radiometer_basic;surface_temp_ir;cr1000xe_backbone,1.8504,calm,particle,0,0.8028342127799988
7184,candidate_006,radiometer_basic;surface_temp_ir;cr1000xe_backbone,1.8504,calm,particle,0,0.7933993935585022
7184,candidate_006,radiometer_basic;surface_temp_ir;cr1000xe_backbone,1.8504,calm,particle,0,0.7701613903045654
7184,candidate_006,radiometer_basic;surface_temp_ir;cr1000xe_backbone,1.8504,calm,particle,0,0.7570347189903259
7184,candidate_006,radiometer_basic;surface_temp_ir;cr1000xe_backbone,1.8504,calm,particle,0,0.7581301927566528
7184,candidate_006,radiometer_basic;surface_temp_ir;cr1000xe_backbone,1.8504,calm,particle,0,0.7441158890724182
7184,candidate_006,radiometer_basic;surface_temp_ir;cr1000xe_backbone,1.8504,calm,particle,0,0.7339145541191101
7184,candidate_006,radiometer_basic;surface_temp_ir;cr1000xe_backbone,1.8504,calm,particle,0,0.7506169080734253
7184,candidate_006,radiometer_basic;surface_temp_ir;cr1000xe_backbone,1.8504,calm,particle,0,0.7493541836738586
7184,candidate_006,radiometer_basic;surface_temp_ir;cr1000xe_backbone,1.8504,calm,particle,0,0.7155100107192993
7184,candidate_006,radiometer_basic;surface_temp_ir;cr1000xe_backbone,1.8504,calm,particle,0,0.7306386232376099
7184,candidate_006,radiometer_basic;surface_temp_ir;cr1000xe_backbone,1.8504,calm,particle,0,0.7721152305603027
7184,candidate_006,radiometer_basic;surface_temp_ir;cr1000xe_backbone,1.8504,calm,particle,0,0.8520199060440063
7184,candidate_006,radiometer_basic;surface_temp_ir;cr1000xe_backbone,1.8504,calm,particle,0,0.8780210018157959
7184,candidate_006,radiometer_basic;surface_temp_ir;cr1000xe_backbone,1.8504,calm,particle,0,0.8377018570899963
7184,candidate_006,radiometer_basic;surface_temp_ir;cr1000xe_backbone,1.8504,calm,particle,0,0.8305060863494873
7184,candidate_006,radiometer_basic;surface_temp_ir;cr1000xe_backbone,1.8504,calm,particle,0,0.7830373048782349
7184,candidate_006,radiometer_basic;surface_temp_ir;cr1000xe_backbone,1.8504,calm,thermal,0,0.8214907646179199
7184,candidate_006,radiometer_basic;surface_temp_ir;cr1000xe_backbone,1.8504,calm,thermal,0,0.8575840592384338
7184,candidate_006,radiometer_basic;surface_temp_ir;cr1000xe_backbone,1.8504,calm,thermal,0,0.8676267862319946
7184,candidate_006,radiometer_basic;surface_temp_ir;cr1000xe_backbone,1.8504,calm,thermal,0,0.9050869345664978
7184,candidate_006,radiometer_basic;surface_temp_ir;cr1000xe_backbone,1.8504,calm,thermal,0,0.9102208018302917
7184,candidate_006,radiometer_basic;surface_temp_ir;cr1000xe_backbone,1.8504,calm,thermal,0,0.877191424369812
7184,candidate_006,radiometer_basic;surface_temp_ir;cr1000xe_backbone,1.8504,calm,thermal,0,0.8749004006385803
7184,candidate_006,radiometer_basic;surface_temp_ir;cr1000xe_backbone,1.8504,calm,thermal,0,0.8798545002937317
7184,candidate_006,radiometer_basic;surface_temp_ir;cr1000xe_backbone,1.8504,calm,thermal,0,0.8477882742881775
7184,candidate_006,radiometer_basic;surface_temp_ir;cr1000xe_backbone,1.8504,calm,thermal,0,0.8245848417282104
7184,candidate_006,radiometer_basic;surface_temp_ir;cr1000xe_backbone,1.8504,calm,thermal,0,0.8030884265899658
7184,candidate_006,radiometer_basic;surface_temp_ir;cr1000xe_backbone,1.8504,calm,thermal,0,0.8134828209877014
7184,candidate_006,radiometer_basic;surface_temp_ir;cr1000xe_backbone,1.8504,calm,thermal,0,0.8085978031158447
7184,candidate_006,radiometer_basic;surface_temp_ir;cr1000xe_backbone,1.8504,calm,thermal,0,0.7905091047286987
7184,candidate_006,radiometer_basic;surface_temp_ir;cr1000xe_backbone,1.8504,calm,thermal,0,0.7471285462379456
7184,candidate_006,radiometer_basic;surface_temp_ir;cr1000xe_backbone,1.8504,calm,thermal,0,0.7455588579177856
7184,candidate_006,radiometer_basic;surface_temp_ir;cr1000xe_backbone,1.8504,calm,thermal,0,0.7024843096733093
7184,candidate_006,radiometer_basic;surface_temp_ir;cr1000xe_backbone,1.8504,calm,thermal,0,0.6897128224372864
7184,candidate_006,radiometer_basic;surface_temp_ir;cr1000xe_backbone,1.8504,calm,thermal,0,0.7530080080032349
7184,candidate_006,radiometer_basic;surface_temp_ir;cr1000xe_backbone,1.8504,calm,thermal,0,0.7724452018737793
7184,candidate_006,radiometer_basic;surface_temp_ir;cr1000xe_backbone,1.8504,calm,thermal,0,0.8245683908462524
7184,candidate_006,radiometer_basic;surface_temp_ir;cr1000xe_backbone,1.8504,calm,transport,0,0.8172658681869507
7184,candidate_006,radiometer_basic;surface_temp_ir;cr1000xe_backbone,1.8504,calm,transport,0,0.7872601747512817
7184,candidate_006,radiometer_basic;surface_temp_ir;cr1000xe_backbone,1.8504,calm,transport,0,0.74085932970047
7184,candidate_006,radiometer_basic;surface_temp_ir;cr1000xe_backbone,1.8504,calm,transport,0,0.7063872218132019
7184,candidate_006,radiometer_basic;surface_temp_ir;cr1000xe_backbone,1.8504,calm,transport,0,0.7040111422538757
7184,candidate_006,radiometer_basic;surface_temp_ir;cr1000xe_backbone,1.8504,calm,transport,0,0.7229987382888794
7184,candidate_006,radiometer_basic;surface_temp_ir;cr1000xe_backbone,1.8504,calm,transport,0,0.727306067943573
7184,candidate_006,radiometer_basic;surface_temp_ir;cr1000xe_backbone,1.8504,calm,transport,0,0.7266700863838196
7184,candidate_006,radiometer_basic;surface_temp_ir;cr1000xe_backbone,1.8504,calm,transport,0,0.7114330530166626
7184,candidate_006,radiometer_basic;surface_temp_ir;cr1000xe_backbone,1.8504,calm,transport,0,0.7429850101470947
7184,candidate_006,radiometer_basic;surface_temp_ir;cr1000xe_backbone,1.8504,calm,transport,0,0.7235022783279419
7184,candidate_006,radiometer_basic;surface_temp_ir;cr1000xe_backbone,1.8504,calm,transport,0,0.7182896733283997
7184,candidate_006,radiometer_basic;surface_temp_ir;cr1000xe_backbone,1.8504,calm,transport,0,0.6949377059936523
7184,candidate_006,radiometer_basic;surface_temp_ir;cr1000xe_backbone,1.8504,calm,transport,0,0.6903339624404907
7184,candidate_006,radiometer_basic;surface_temp_ir;cr1000xe_backbone,1.8504,calm,transport,0,0.6701115369796753
7184,candidate_006,radiometer_basic;surface_temp_ir;cr1000xe_backbone,1.8504,calm,transport,0,0.6721001267433167
7184,candidate_006,radiometer_basic;surface_temp_ir;cr1000xe_backbone,1.8504,calm,transport,0,0.6524202823638916
7184,candidate_006,radiometer_basic;surface_temp_ir;cr1000xe_backbone,1.8504,calm,transport,0,0.664212167263031
7184,candidate_006,radiometer_basic;surface_temp_ir;cr1000xe_backbone,1.8504,calm,transport,0,0.644400417804718
7184,candidate_006,radiometer_basic;surface_temp_ir;cr1000xe_backbone,1.8504,calm,transport,0,0.6409604549407959
7184,candidate_006,radiometer_basic;surface_temp_ir;cr1000xe_backbone,1.8504,calm,transport,0,0.618249773979187
7184,candidate_006,radiometer_basic;surface_temp_ir;cr1000xe_backbone,1.8504,calm,transport,0,0.6863479018211365
7184,candidate_006,radiometer_basic;surface_temp_ir;cr1000xe_backbone,1.8504,calm,transport,0,0.7651289105415344
7184,candidate_006,radiometer_basic;surface_temp_ir;cr1000xe_backbone,1.8504,calm,transport,0,0.7752428650856018
7184,candidate_006,radiometer_basic;surface_temp_ir;cr1000xe_backbone,1.8504,calm,transport,0,0.8107886910438538
7184,candidate_006,radiometer_basic;surface_temp_ir;cr1000xe_backbone,1.8504,calm,transport,0,0.8126480579376221
7184,candidate_006,radiometer_basic;surface_temp_ir;cr1000xe_backbone,1.8504,calm,transport,0,0.7524015307426453
7184,candidate_006,radiometer_basic;surface_temp_ir;cr1000xe_backbone,1.8504,calm,transport,0,0.7241190075874329
7184,candidate_006,radiometer_basic;surface_temp_ir;cr1000xe_backbone,1.8504,calm,thermal,0,0.4964292645454407
7184,candidate_006,radiometer_basic;surface_temp_ir;cr1000xe_backbone,1.8504,calm,thermal,0,0.6266108155250549
7184,candidate_006,radiometer_basic;surface_temp_ir;cr1000xe_backbone,1.8504,particle,thermal,1,0.6210563778877258
7184,candidate_006,radiometer_basic;surface_temp_ir;cr1000xe_backbone,1.8504,particle,thermal,1,0.6281063556671143
7184,candidate_006,radiometer_basic;surface_temp_ir;cr1000xe_backbone,1.8504,particle,thermal,1,0.40709853172302246
7184,candidate_006,radiometer_basic;surface_temp_ir;cr1000xe_backbone,1.8504,particle,thermal,1,0.3968190550804138
7184,candidate_006,radiometer_basic;surface_temp_ir;cr1000xe_backbone,1.8504,particle,thermal,1,0.6903867721557617
7184,candidate_006,radiometer_basic;surface_temp_ir;cr1000xe_backbone,1.8504,particle,thermal,1,0.9747678637504578
7184,candidate_006,radiometer_basic;surface_temp_ir;cr1000xe_backbone,1.8504,particle,thermal,1,1.2287960052490234
7184,candidate_006,radiometer_basic;surface_temp_ir;cr1000xe_backbone,1.8504,particle,thermal,1,1.5482853651046753
7184,candidate_006,radiometer_basic;surface_temp_ir;cr1000xe_backbone,1.8504,particle,thermal,1,1.8543792963027954
7184,candidate_006,radiometer_basic;surface_temp_ir;cr1000xe_backbone,1.8504,particle,thermal,1,2.1835813522338867
7184,candidate_006,radiometer_basic;surface_temp_ir;cr1000xe_backbone,1.8504,particle,thermal,1,2.4810967445373535
7184,candidate_006,radiometer_basic;surface_temp_ir;cr1000xe_backbone,1.8504,particle,thermal,1,2.7951266765594482
7184,candidate_006,radiometer_basic;surface_temp_ir;cr1000xe_backbone,1.8504,particle,transport,1,2.724036693572998
7184,candidate_006,radiometer_basic;surface_temp_ir;cr1000xe_backbone,1.8504,particle,transport,1,2.801516532897949
7184,candidate_006,radiometer_basic;surface_temp_ir;cr1000xe_backbone,1.8504,particle,transport,1,2.669663667678833
7184,candidate_006,radiometer_basic;surface_temp_ir;cr1000xe_backbone,1.8504,particle,transport,1,2.7151219844818115
7184,candidate_006,radiometer_basic;surface_temp_ir;cr1000xe_backbone,1.8504,particle,transport,1,2.6713366508483887
7184,candidate_006,radiometer_basic;surface_temp_ir;cr1000xe_backbone,1.8504,particle,transport,1,2.6786983013153076
7184,candidate_006,radiometer_basic;surface_temp_ir;cr1000xe_backbone,1.8504,particle,transport,1,2.6177666187286377
7184,candidate_006,radiometer_basic;surface_temp_ir;cr1000xe_backbone,1.8504,particle,transport,1,2.6041336059570312
7184,candidate_006,radiometer_basic;surface_temp_ir;cr1000xe_backbone,1.8504,particle,transport,1,2.618910312652588
7184,candidate_006,radiometer_basic;surface_temp_ir;cr1000xe_backbone,1.8504,particle,transport,1,2.6171791553497314
7184,candidate_006,radiometer_basic;surface_temp_ir;cr1000xe_backbone,1.8504,particle,transport,1,2.636619806289673
7184,candidate_006,radiometer_basic;surface_temp_ir;cr1000xe_backbone,1.8504,particle,transport,1,2.6343841552734375
7184,candidate_006,radiometer_basic;surface_temp_ir;cr1000xe_backbone,1.8504,particle,transport,1,2.643937826156616
7184,candidate_006,radiometer_basic;surface_temp_ir;cr1000xe_backbone,1.8504,particle,transport,1,2.6372830867767334
7184,candidate_006,radiometer_basic;surface_temp_ir;cr1000xe_backbone,1.8504,particle,transport,1,2.636434555053711
7184,candidate_006,radiometer_basic;surface_temp_ir;cr1000xe_backbone,1.8504,particle,transport,1,2.6507089138031006
7184,candidate_006,radiometer_basic;surface_temp_ir;cr1000xe_backbone,1.8504,particle,transport,1,2.6614179611206055
7184,candidate_006,radiometer_basic;surface_temp_ir;cr1000xe_backbone,1.8504,particle,transport,1,2.665356159210205
7184,candidate_006,radiometer_basic;surface_temp_ir;cr1000xe_backbone,1.8504,particle,transport,1,2.413095712661743
7184,candidate_006,radiometer_basic;surface_temp_ir;cr1000xe_backbone,1.8504,particle,transport,1,2.204232692718506
7184,candidate_006,radiometer_basic;surface_temp_ir;cr1000xe_backbone,1.8504,particle,transport,1,1.9524515867233276
7184,candidate_006,radiometer_basic;surface_temp_ir;cr1000xe_backbone,1.8504,particle,transport,1,1.7072926759719849
7184,candidate_006,radiometer_basic;surface_temp_ir;cr1000xe_backbone,1.8504,particle,transport,1,1.477947473526001
7184,candidate_006,radiometer_basic;surface_temp_ir;cr1000xe_backbone,1.8504,particle,transport,1,1.237868070602417
7184,candidate_006,radiometer_basic;surface_temp_ir;cr1000xe_backbone,1.8504,particle,transport,1,1.017600417137146
7184,candidate_006,radiometer_basic;surface_temp_ir;cr1000xe_backbone,1.8504,particle,transport,1,0.809385359287262
7184,candidate_006,radiometer_basic;surface_temp_ir;cr1000xe_backbone,1.8504,particle,particle,1,0.8006845116615295
7184,candidate_006,radiometer_basic;surface_temp_ir;cr1000xe_backbone,1.8504,particle,particle,1,0.8136038184165955
7184,candidate_006,radiometer_basic;surface_temp_ir;cr1000xe_backbone,1.8504,particle,particle,1,0.861102283000946
7184,candidate_006,radiometer_basic;surface_temp_ir;cr1000xe_backbone,1.8504,particle,particle,1,0.8973681330680847
7184,candidate_006,radiometer_basic;surface_temp_ir;cr1000xe_backbone,1.8504,particle,particle,1,0.9014531373977661
7184,candidate_006,radiometer_basic;surface_temp_ir;cr1000xe_backbone,1.8504,particle,particle,1,0.951609194278717
7184,candidate_006,radiometer_basic;surface_temp_ir;cr1000xe_backbone,1.8504,particle,particle,1,0.9176363945007324
7184,candidate_006,radiometer_basic;surface_temp_ir;cr1000xe_backbone,1.8504,particle,particle,1,0.9132564067840576
7184,candidate_006,radiometer_basic;surface_temp_ir;cr1000xe_backbone,1.8504,particle,particle,1,0.9603393077850342
7184,candidate_006,radiometer_basic;surface_temp_ir;cr1000xe_backbone,1.8504,particle,particle,1,0.9022162556648254
7184,candidate_006,radiometer_basic;surface_temp_ir;cr1000xe_backbone,1.8504,particle,particle,1,0.8256972432136536
7184,candidate_006,radiometer_basic;surface_temp_ir;cr1000xe_backbone,1.8504,particle,particle,1,0.7858298420906067
7184,candidate_006,radiometer_basic;surface_temp_ir;cr1000xe_backbone,1.8504,particle,particle,1,0.7440658211708069
7184,candidate_006,radiometer_basic;surface_temp_ir;cr1000xe_backbone,1.8504,particle,particle,1,0.6668321490287781
7184,candidate_006,radiometer_basic;surface_temp_ir;cr1000xe_backbone,1.8504,particle,particle,1,0.6395553946495056
7184,candidate_006,radiometer_basic;surface_temp_ir;cr1000xe_backbone,1.8504,particle,particle,1,0.6022478938102722
7184,candidate_006,radiometer_basic;surface_temp_ir;cr1000xe_backbone,1.8504,particle,particle,1,0.5517587661743164
7184,candidate_006,radiometer_basic;surface_temp_ir;cr1000xe_backbone,1.8504,calm,particle,0,0.5673893690109253
7184,candidate_006,radiometer_basic;surface_temp_ir;cr1000xe_backbone,1.8504,calm,thermal,0,0.5949629545211792
7184,candidate_006,radiometer_basic;surface_temp_ir;cr1000xe_backbone,1.8504,calm,thermal,0,0.5715922713279724
7184,candidate_006,radiometer_basic;surface_temp_ir;cr1000xe_backbone,1.8504,calm,thermal,0,0.6081433892250061
7184,candidate_006,radiometer_basic;surface_temp_ir;cr1000xe_backbone,1.8504,calm,thermal,0,0.5966669321060181
7184,candidate_006,radiometer_basic;surface_temp_ir;cr1000xe_backbone,1.8504,calm,thermal,0,0.5684957504272461
7184,candidate_006,radiometer_basic;surface_temp_ir;cr1000xe_backbone,1.8504,calm,thermal,0,0.6548012495040894
7184,candidate_006,radiometer_basic;surface_temp_ir;cr1000xe_backbone,1.8504,calm,thermal,0,0.6721782088279724
7184,candidate_006,radiometer_basic;surface_temp_ir;cr1000xe_backbone,1.8504,calm,thermal,0,0.6872907876968384
7184,candidate_006,radiometer_basic;surface_temp_ir;cr1000xe_backbone,1.8504,calm,thermal,0,0.6895808577537537
7184,candidate_006,radiometer_basic;surface_temp_ir;cr1000xe_backbone,1.8504,calm,thermal,0,0.7027421593666077
7184,candidate_006,radiometer_basic;surface_temp_ir;cr1000xe_backbone,1.8504,calm,thermal,0,0.7166721820831299
7184,candidate_006,radiometer_basic;surface_temp_ir;cr1000xe_backbone,1.8504,calm,thermal,0,0.7190621495246887
7184,candidate_006,radiometer_basic;surface_temp_ir;cr1000xe_backbone,1.8504,calm,thermal,0,0.7050616145133972
7184,candidate_006,radiometer_basic;surface_temp_ir;cr1000xe_backbone,1.8504,flux,thermal,2,0.4641643166542053
7184,candidate_006,radiometer_basic;surface_temp_ir;cr1000xe_backbone,1.8504,flux,thermal,2,0.7773098349571228
7184,candidate_006,radiometer_basic;surface_temp_ir;cr1000xe_backbone,1.8504,flux,thermal,2,1.1185535192489624
7184,candidate_006,radiometer_basic;surface_temp_ir;cr1000xe_backbone,1.8504,flux,thermal,2,1.4528244733810425
7184,candidate_006,radiometer_basic;surface_temp_ir;cr1000xe_backbone,1.8504,flux,thermal,2,1.7310971021652222
7184,candidate_006,radiometer_basic;surface_temp_ir;cr1000xe_backbone,1.8504,flux,thermal,2,2.0440673828125
7184,candidate_006,radiometer_basic;surface_temp_ir;cr1000xe_backbone,1.8504,flux,thermal,2,2.366020441055298
7184,candidate_006,radiometer_basic;surface_temp_ir;cr1000xe_backbone,1.8504,flux,thermal,2,2.6684393882751465
7184,candidate_006,radiometer_basic;surface_temp_ir;cr1000xe_backbone,1.8504,flux,thermal,2,2.9926350116729736
7184,candidate_006,radiometer_basic;surface_temp_ir;cr1000xe_backbone,1.8504,flux,transport,2,2.9516637325286865
7184,candidate_006,radiometer_basic;surface_temp_ir;cr1000xe_backbone,1.8504,flux,transport,2,2.9680516719818115
7184,candidate_006,radiometer_basic;surface_temp_ir;cr1000xe_backbone,1.8504,flux,transport,2,2.956028461456299
7184,candidate_006,radiometer_basic;surface_temp_ir;cr1000xe_backbone,1.8504,flux,transport,2,2.9319469928741455
7184,candidate_006,radiometer_basic;surface_temp_ir;cr1000xe_backbone,1.8504,flux,transport,2,2.8789005279541016
7184,candidate_006,radiometer_basic;surface_temp_ir;cr1000xe_backbone,1.8504,flux,transport,2,2.8313825130462646
7184,candidate_006,radiometer_basic;surface_temp_ir;cr1000xe_backbone,1.8504,flux,transport,2,2.7608413696289062
7184,candidate_006,radiometer_basic;surface_temp_ir;cr1000xe_backbone,1.8504,flux,transport,2,2.715304136276245
7184,candidate_006,radiometer_basic;surface_temp_ir;cr1000xe_backbone,1.8504,flux,transport,2,2.6850786209106445
7184,candidate_006,radiometer_basic;surface_temp_ir;cr1000xe_backbone,1.8504,flux,transport,2,2.663205862045288
7184,candidate_006,radiometer_basic;surface_temp_ir;cr1000xe_backbone,1.8504,flux,transport,2,2.6559042930603027
7184,candidate_006,radiometer_basic;surface_temp_ir;cr1000xe_backbone,1.8504,flux,transport,2,2.6280951499938965
7184,candidate_006,radiometer_basic;surface_temp_ir;cr1000xe_backbone,1.8504,flux,transport,2,2.647026538848877
7184,candidate_006,radiometer_basic;surface_temp_ir;cr1000xe_backbone,1.8504,flux,transport,2,2.626340389251709
7184,candidate_006,radiometer_basic;surface_temp_ir;cr1000xe_backbone,1.8504,flux,transport,2,2.4063680171966553
7184,candidate_006,radiometer_basic;surface_temp_ir;cr1000xe_backbone,1.8504,flux,transport,2,2.1814708709716797
7184,candidate_006,radiometer_basic;surface_temp_ir;cr1000xe_backbone,1.8504,flux,transport,2,1.9032024145126343
7184,candidate_006,radiometer_basic;surface_temp_ir;cr1000xe_backbone,1.8504,flux,transport,2,1.7017383575439453
7184,candidate_006,radiometer_basic;surface_temp_ir;cr1000xe_backbone,1.8504,flux,transport,2,1.4090681076049805
7184,candidate_006,radiometer_basic;surface_temp_ir;cr1000xe_backbone,1.8504,flux,transport,2,1.1168594360351562
7184,candidate_006,radiometer_basic;surface_temp_ir;cr1000xe_backbone,1.8504,flux,transport,2,0.7962287068367004
7184,candidate_006,radiometer_basic;surface_temp_ir;cr1000xe_backbone,1.8504,flux,transport,2,0.5133081674575806
7184,candidate_006,radiometer_basic;surface_temp_ir;cr1000xe_backbone,1.8504,flux,particle,2,0.4300192892551422
7184,candidate_006,radiometer_basic;surface_temp_ir;cr1000xe_backbone,1.8504,flux,particle,2,0.377836674451828
7184,candidate_006,radiometer_basic;surface_temp_ir;cr1000xe_backbone,1.8504,flux,particle,2,0.32445231080055237
7184,candidate_006,radiometer_basic;surface_temp_ir;cr1000xe_backbone,1.8504,flux,particle,2,0.2639949917793274
7184,candidate_006,radiometer_basic;surface_temp_ir;cr1000xe_backbone,1.8504,calm,particle,0,0.23745568096637726
7184,candidate_006,radiometer_basic;surface_temp_ir;cr1000xe_backbone,1.8504,calm,particle,0,0.27164024114608765
7184,candidate_006,radiometer_basic;surface_temp_ir;cr1000xe_backbone,1.8504,calm,particle,0,0.26345887780189514
7184,candidate_006,radiometer_basic;surface_temp_ir;cr1000xe_backbone,1.8504,calm,particle,0,0.30352428555488586
7184,candidate_006,radiometer_basic;surface_temp_ir;cr1000xe_backbone,1.8504,calm,particle,0,0.3307704031467438
7184,candidate_006,radiometer_basic;surface_temp_ir;cr1000xe_backbone,1.8504,calm,particle,0,0.39519840478897095
7184,candidate_006,radiometer_basic;surface_temp_ir;cr1000xe_backbone,1.8504,calm,particle,0,0.48402661085128784
7184,candidate_006,radiometer_basic;surface_temp_ir;cr1000xe_backbone,1.8504,calm,particle,0,0.5358152389526367
7184,candidate_006,radiometer_basic;surface_temp_ir;cr1000xe_backbone,1.8504,calm,particle,0,0.6207401156425476
7184,candidate_006,radiometer_basic;surface_temp_ir;cr1000xe_backbone,1.8504,calm,particle,0,0.6911442279815674
7184,candidate_006,radiometer_basic;surface_temp_ir;cr1000xe_backbone,1.8504,calm,particle,0,0.7997153401374817
7184,candidate_006,radiometer_basic;surface_temp_ir;cr1000xe_backbone,1.8504,calm,particle,0,0.8692361116409302
7184,candidate_006,radiometer_basic;surface_temp_ir;cr1000xe_backbone,1.8504,flux,particle,2,0.9062617421150208
7184,candidate_006,radiometer_basic;surface_temp_ir;cr1000xe_backbone,1.8504,flux,particle,2,0.8823387622833252
7184,candidate_006,radiometer_basic;surface_temp_ir;cr1000xe_backbone,1.8504,flux,particle,2,0.9121226072311401
7184,candidate_006,radiometer_basic;surface_temp_ir;cr1000xe_backbone,1.8504,flux,particle,2,0.9396142363548279
7184,candidate_006,radiometer_basic;surface_temp_ir;cr1000xe_backbone,1.8504,flux,particle,2,0.9166213274002075
7184,candidate_006,radiometer_basic;surface_temp_ir;cr1000xe_backbone,1.8504,flux,particle,2,0.9036511778831482
7184,candidate_006,radiometer_basic;surface_temp_ir;cr1000xe_backbone,1.8504,flux,particle,2,0.9069415926933289
7184,candidate_006,radiometer_basic;surface_temp_ir;cr1000xe_backbone,1.8504,flux,particle,2,0.9332414865493774
7184,candidate_006,radiometer_basic;surface_temp_ir;cr1000xe_backbone,1.8504,flux,particle,2,0.872028648853302
7184,candidate_006,radiometer_basic;surface_temp_ir;cr1000xe_backbone,1.8504,flux,particle,2,0.8376020193099976
7184,candidate_006,radiometer_basic;surface_temp_ir;cr1000xe_backbone,1.8504,flux,particle,2,0.7604630589485168
7184,candidate_006,radiometer_basic;surface_temp_ir;cr1000xe_backbone,1.8504,flux,particle,2,0.7087029218673706
7184,candidate_006,radiometer_basic;surface_temp_ir;cr1000xe_backbone,1.8504,flux,particle,2,0.6999351382255554
7184,candidate_006,radiometer_basic;surface_temp_ir;cr1000xe_backbone,1.8504,flux,particle,2,0.6782369613647461
7184,candidate_006,radiometer_basic;surface_temp_ir;cr1000xe_backbone,1.8504,flux,particle,2,0.6676124930381775
7184,candidate_006,radiometer_basic;surface_temp_ir;cr1000xe_backbone,1.8504,flux,particle,2,0.6326670050621033
7184,candidate_006,radiometer_basic;surface_temp_ir;cr1000xe_backbone,1.8504,flux,thermal,2,0.4809522032737732
7184,candidate_006,radiometer_basic;surface_temp_ir;cr1000xe_backbone,1.8504,flux,thermal,2,0.46138402819633484
7184,candidate_006,radiometer_basic;surface_temp_ir;cr1000xe_backbone,1.8504,flux,thermal,2,0.48532187938690186
7184,candidate_006,radiometer_basic;surface_temp_ir;cr1000xe_backbone,1.8504,flux,thermal,2,0.48762422800064087
7184,candidate_006,radiometer_basic;surface_temp_ir;cr1000xe_backbone,1.8504,flux,thermal,2,0.43528661131858826
7184,candidate_006,radiometer_basic;surface_temp_ir;cr1000xe_backbone,1.8504,flux,thermal,2,0.4926302433013916
7184,candidate_006,radiometer_basic;surface_temp_ir;cr1000xe_backbone,1.8504,flux,thermal,2,0.40212735533714294
7184,candidate_006,radiometer_basic;surface_temp_ir;cr1000xe_backbone,1.8504,flux,thermal,2,0.4022049903869629
7184,candidate_006,radiometer_basic;surface_temp_ir;cr1000xe_backbone,1.8504,flux,thermal,2,0.47933411598205566
7184,candidate_006,radiometer_basic;surface_temp_ir;cr1000xe_backbone,1.8504,flux,thermal,2,0.48645275831222534
7184,candidate_006,radiometer_basic;surface_temp_ir;cr1000xe_backbone,1.8504,flux,thermal,2,0.5403156876564026
7184,candidate_006,radiometer_basic;surface_temp_ir;cr1000xe_backbone,1.8504,flux,thermal,2,0.598255455493927
7184,candidate_006,radiometer_basic;surface_temp_ir;cr1000xe_backbone,1.8504,flux,thermal,2,0.6029978394508362
7184,candidate_006,radiometer_basic;surface_temp_ir;cr1000xe_backbone,1.8504,flux,thermal,2,0.6396927833557129
7184,candidate_006,radiometer_basic;surface_temp_ir;cr1000xe_backbone,1.8504,flux,thermal,2,0.5939974784851074
7184,candidate_006,radiometer_basic;surface_temp_ir;cr1000xe_backbone,1.8504,flux,thermal,2,0.6523298621177673
7184,candidate_006,radiometer_basic;surface_temp_ir;cr1000xe_backbone,1.8504,flux,thermal,2,0.5908970236778259
7184,candidate_006,radiometer_basic;surface_temp_ir;cr1000xe_backbone,1.8504,calm,thermal,0,0.5229924917221069
7184,candidate_006,radiometer_basic;surface_temp_ir;cr1000xe_backbone,1.8504,calm,thermal,0,0.486572802066803
7184,candidate_006,radiometer_basic;surface_temp_ir;cr1000xe_backbone,1.8504,calm,thermal,0,0.4990745186805725
7184,candidate_006,radiometer_basic;surface_temp_ir;cr1000xe_backbone,1.8504,calm,thermal,0,0.461835116147995
7184,candidate_006,radiometer_basic;surface_temp_ir;cr1000xe_backbone,1.8504,calm,thermal,0,0.7062677145004272
7184,candidate_006,radiometer_basic;surface_temp_ir;cr1000xe_backbone,1.8504,calm,thermal,0,1.0052266120910645
7184,candidate_006,radiometer_basic;surface_temp_ir;cr1000xe_backbone,1.8504,calm,thermal,0,1.278768539428711
7184,candidate_006,radiometer_basic;surface_temp_ir;cr1000xe_backbone,1.8504,calm,thermal,0,1.5768617391586304
7184,candidate_006,radiometer_basic;surface_temp_ir;cr1000xe_backbone,1.8504,calm,thermal,0,1.8890559673309326
7184,candidate_006,radiometer_basic;surface_temp_ir;cr1000xe_backbone,1.8504,calm,thermal,0,2.19287371635437
7184,candidate_006,radiometer_basic;surface_temp_ir;cr1000xe_backbone,1.8504,calm,thermal,0,2.5002548694610596
7184,candidate_006,radiometer_basic;surface_temp_ir;cr1000xe_backbone,1.8504,calm,thermal,0,2.778245449066162
7184,candidate_006,radiometer_basic;surface_temp_ir;cr1000xe_backbone,1.8504,thermal,transport,3,2.7957489490509033
7184,candidate_006,radiometer_basic;surface_temp_ir;cr1000xe_backbone,1.8504,thermal,transport,3,2.8135368824005127
7184,candidate_006,radiometer_basic;surface_temp_ir;cr1000xe_backbone,1.8504,thermal,transport,3,2.831554412841797
7184,candidate_006,radiometer_basic;surface_temp_ir;cr1000xe_backbone,1.8504,thermal,transport,3,2.8295860290527344
7184,candidate_006,radiometer_basic;surface_temp_ir;cr1000xe_backbone,1.8504,thermal,transport,3,2.837416172027588
7184,candidate_006,radiometer_basic;surface_temp_ir;cr1000xe_backbone,1.8504,thermal,transport,3,2.822434186935425
7184,candidate_006,radiometer_basic;surface_temp_ir;cr1000xe_backbone,1.8504,thermal,transport,3,2.825648546218872
7184,candidate_006,radiometer_basic;surface_temp_ir;cr1000xe_backbone,1.8504,thermal,transport,3,2.8271491527557373
7184,candidate_006,radiometer_basic;surface_temp_ir;cr1000xe_backbone,1.8504,thermal,transport,3,2.839141845703125
7184,candidate_006,radiometer_basic;surface_temp_ir;cr1000xe_backbone,1.8504,thermal,transport,3,2.836998701095581
7184,candidate_006,radiometer_basic;surface_temp_ir;cr1000xe_backbone,1.8504,thermal,transport,3,2.8350653648376465
7184,candidate_006,radiometer_basic;surface_temp_ir;cr1000xe_backbone,1.8504,thermal,transport,3,2.8427162170410156
7184,candidate_006,radiometer_basic;surface_temp_ir;cr1000xe_backbone,1.8504,thermal,transport,3,2.614269971847534
7184,candidate_006,radiometer_basic;surface_temp_ir;cr1000xe_backbone,1.8504,thermal,transport,3,2.3931355476379395
7184,candidate_006,radiometer_basic;surface_temp_ir;cr1000xe_backbone,1.8504,thermal,transport,3,2.1824989318847656
7184,candidate_006,radiometer_basic;surface_temp_ir;cr1000xe_backbone,1.8504,thermal,transport,3,1.9428225755691528
7184,candidate_006,radiometer_basic;surface_temp_ir;cr1000xe_backbone,1.8504,thermal,transport,3,1.7236775159835815
7184,candidate_006,radiometer_basic;surface_temp_ir;cr1000xe_backbone,1.8504,thermal,transport,3,1.4867305755615234
7184,candidate_006,radiometer_basic;surface_temp_ir;cr1000xe_backbone,1.8504,thermal,transport,3,1.256433367729187
7184,candidate_006,radiometer_basic;surface_temp_ir;cr1000xe_backbone,1.8504,thermal,transport,3,1.0328867435455322
7184,candidate_006,radiometer_basic;surface_temp_ir;cr1000xe_backbone,1.8504,thermal,particle,3,1.0423319339752197
7184,candidate_006,radiometer_basic;surface_temp_ir;cr1000xe_backbone,1.8504,thermal,particle,3,0.9628468751907349
7184,candidate_006,radiometer_basic;surface_temp_ir;cr1000xe_backbone,1.8504,thermal,particle,3,0.8875036239624023
7184,candidate_006,radiometer_basic;surface_temp_ir;cr1000xe_backbone,1.8504,thermal,particle,3,0.833032488822937
7184,candidate_006,radiometer_basic;surface_temp_ir;cr1000xe_backbone,1.8504,thermal,particle,3,0.7484660744667053
7184,candidate_006,radiometer_basic;surface_temp_ir;cr1000xe_backbone,1.8504,thermal,particle,3,0.6903483867645264
7184,candidate_006,radiometer_basic;surface_temp_ir;cr1000xe_backbone,1.8504,thermal,particle,3,0.6262595057487488
7184,candidate_006,radiometer_basic;surface_temp_ir;cr1000xe_backbone,1.8504,thermal,particle,3,0.604713499546051
7184,candidate_006,radiometer_basic;surface_temp_ir;cr1000xe_backbone,1.8504,thermal,particle,3,0.5425553321838379
7184,candidate_006,radiometer_basic;surface_temp_ir;cr1000xe_backbone,1.8504,calm,particle,0,0.5489978790283203
7184,candidate_006,radiometer_basic;surface_temp_ir;cr1000xe_backbone,1.8504,calm,particle,0,0.5378929376602173
7184,candidate_006,radiometer_basic;surface_temp_ir;cr1000xe_backbone,1.8504,calm,particle,0,0.5822502374649048
7184,candidate_006,radiometer_basic;surface_temp_ir;cr1000xe_backbone,1.8504,calm,particle,0,0.5591802000999451
7184,candidate_006,radiometer_basic;surface_temp_ir;cr1000xe_backbone,1.8504,calm,particle,0,0.569097638130188
7184,candidate_006,radiometer_basic;surface_temp_ir;cr1000xe_backbone,1.8504,calm,particle,0,0.5251011252403259
7184,candidate_006,radiometer_basic;surface_temp_ir;cr1000xe_backbone,1.8504,calm,particle,0,0.5525355339050293
7184,candidate_006,radiometer_basic;surface_temp_ir;cr1000xe_backbone,1.8504,calm,particle,0,0.5066708922386169
7184,candidate_006,radiometer_basic;surface_temp_ir;cr1000xe_backbone,1.8504,calm,particle,0,0.4959299564361572
7184,candidate_006,radiometer_basic;surface_temp_ir;cr1000xe_backbone,1.8504,calm,particle,0,0.5091677904129028
7184,candidate_006,radiometer_basic;surface_temp_ir;cr1000xe_backbone,1.8504,calm,particle,0,0.4964856207370758
7184,candidate_006,radiometer_basic;surface_temp_ir;cr1000xe_backbone,1.8504,calm,particle,0,0.5231372714042664
7184,candidate_006,radiometer_basic;surface_temp_ir;cr1000xe_backbone,1.8504,calm,particle,0,0.5161972641944885
7184,candidate_006,radiometer_basic;surface_temp_ir;cr1000xe_backbone,1.8504,calm,particle,0,0.544653594493866
7184,candidate_006,radiometer_basic;surface_temp_ir;cr1000xe_backbone,1.8504,thermal,thermal,3,0.4749729633331299
7184,candidate_006,radiometer_basic;surface_temp_ir;cr1000xe_backbone,1.8504,thermal,thermal,3,0.4465963840484619
7184,candidate_006,radiometer_basic;surface_temp_ir;cr1000xe_backbone,1.8504,thermal,thermal,3,0.4982079267501831
7184,candidate_006,radiometer_basic;surface_temp_ir;cr1000xe_backbone,1.8504,thermal,thermal,3,0.5241521000862122
7184,candidate_006,radiometer_basic;surface_temp_ir;cr1000xe_backbone,1.8504,thermal,thermal,3,0.4811033010482788
7184,candidate_006,radiometer_basic;surface_temp_ir;cr1000xe_backbone,1.8504,thermal,thermal,3,0.4828663468360901
7184,candidate_006,radiometer_basic;surface_temp_ir;cr1000xe_backbone,1.8504,thermal,thermal,3,0.43414849042892456
7184,candidate_006,radiometer_basic;surface_temp_ir;cr1000xe_backbone,1.8504,thermal,thermal,3,0.42617300152778625
7184,candidate_006,radiometer_basic;surface_temp_ir;cr1000xe_backbone,1.8504,thermal,thermal,3,0.349460631608963
7184,candidate_006,radiometer_basic;surface_temp_ir;cr1000xe_backbone,1.8504,thermal,thermal,3,0.34871962666511536
7184,candidate_006,radiometer_basic;surface_temp_ir;cr1000xe_backbone,1.8504,thermal,thermal,3,0.34840431809425354
7184,candidate_006,radiometer_basic;surface_temp_ir;cr1000xe_backbone,1.8504,thermal,thermal,3,0.36431822180747986
7184,candidate_006,radiometer_basic;surface_temp_ir;cr1000xe_backbone,1.8504,thermal,thermal,3,0.37736502289772034
7184,candidate_006,radiometer_basic;surface_temp_ir;cr1000xe_backbone,1.8504,thermal,thermal,3,0.38723886013031006
7184,candidate_006,radiometer_basic;surface_temp_ir;cr1000xe_backbone,1.8504,thermal,thermal,3,0.7302507758140564
7184,candidate_006,radiometer_basic;surface_temp_ir;cr1000xe_backbone,1.8504,thermal,thermal,3,1.0721715688705444
7184,candidate_006,radiometer_basic;surface_temp_ir;cr1000xe_backbone,1.8504,thermal,thermal,3,1.3536579608917236
7184,candidate_006,radiometer_basic;surface_temp_ir;cr1000xe_backbone,1.8504,thermal,thermal,3,1.6710792779922485
7184,candidate_006,radiometer_basic;surface_temp_ir;cr1000xe_backbone,1.8504,thermal,thermal,3,2.0124568939208984
7184,candidate_006,radiometer_basic;surface_temp_ir;cr1000xe_backbone,1.8504,thermal,thermal,3,2.36037278175354
7184,candidate_006,radiometer_basic;surface_temp_ir;cr1000xe_backbone,1.8504,thermal,thermal,3,2.6947202682495117
7184,candidate_006,radiometer_basic;surface_temp_ir;cr1000xe_backbone,1.8504,thermal,thermal,3,3.0152764320373535
7184,candidate_006,radiometer_basic;surface_temp_ir;cr1000xe_backbone,1.8504,thermal,transport,3,2.9003162384033203
7184,candidate_006,radiometer_basic;surface_temp_ir;cr1000xe_backbone,1.8504,thermal,transport,3,2.925849437713623
7184,candidate_006,radiometer_basic;surface_temp_ir;cr1000xe_backbone,1.8504,thermal,transport,3,2.9186341762542725
7184,candidate_006,radiometer_basic;surface_temp_ir;cr1000xe_backbone,1.8504,thermal,transport,3,2.919340133666992
7184,candidate_006,radiometer_basic;surface_temp_ir;cr1000xe_backbone,1.8504,thermal,transport,3,2.878185272216797
7184,candidate_006,radiometer_basic;surface_temp_ir;cr1000xe_backbone,1.8504,thermal,transport,3,2.897056818008423
7184,candidate_006,radiometer_basic;surface_temp_ir;cr1000xe_backbone,1.8504,thermal,transport,3,2.8666269779205322
7184,candidate_006,radiometer_basic;surface_temp_ir;cr1000xe_backbone,1.8504,thermal,transport,3,2.875670909881592
7184,candidate_006,radiometer_basic;surface_temp_ir;cr1000xe_backbone,1.8504,thermal,transport,3,2.857011079788208
7184,candidate_006,radiometer_basic;surface_temp_ir;cr1000xe_backbone,1.8504,thermal,transport,3,2.871046543121338
7184,candidate_006,radiometer_basic;surface_temp_ir;cr1000xe_backbone,1.8504,thermal,transport,3,2.8834447860717773
7184,candidate_006,radiometer_basic;surface_temp_ir;cr1000xe_backbone,1.8504,thermal,transport,3,2.879239559173584
7184,candidate_006,radiometer_basic;surface_temp_ir;cr1000xe_backbone,1.8504,thermal,transport,3,2.663625478744507
7184,candidate_006,radiometer_basic;surface_temp_ir;cr1000xe_backbone,1.8504,thermal,transport,3,2.4441473484039307
7184,candidate_006,radiometer_basic;surface_temp_ir;cr1000xe_backbone,1.8504,thermal,transport,3,2.225663423538208
7184,candidate_006,radiometer_basic;surface_temp_ir;cr1000xe_backbone,1.8504,thermal,transport,3,2.0108792781829834
7184,candidate_006,radiometer_basic;surface_temp_ir;cr1000xe_backbone,1.8504,thermal,transport,3,1.7842868566513062
7184,candidate_006,radiometer_basic;surface_temp_ir;cr1000xe_backbone,1.8504,thermal,transport,3,1.521372675895691
7184,candidate_006,radiometer_basic;surface_temp_ir;cr1000xe_backbone,1.8504,thermal,transport,3,1.30025315284729
7184,candidate_006,radiometer_basic;surface_temp_ir;cr1000xe_backbone,1.8504,thermal,transport,3,1.0523470640182495
7184,candidate_006,radiometer_basic;surface_temp_ir;cr1000xe_backbone,1.8504,thermal,particle,3,1.0452252626419067
7184,candidate_006,radiometer_basic;surface_temp_ir;cr1000xe_backbone,1.8504,thermal,particle,3,1.0227117538452148
7184,candidate_006,radiometer_basic;surface_temp_ir;cr1000xe_backbone,1.8504,thermal,particle,3,1.0066250562667847
7184,candidate_006,radiometer_basic;surface_temp_ir;cr1000xe_backbone,1.8504,thermal,particle,3,1.0163943767547607
7184,candidate_006,radiometer_basic;surface_temp_ir;cr1000xe_backbone,1.8504,thermal,particle,3,1.0132629871368408
7184,candidate_006,radiometer_basic;surface_temp_ir;cr1000xe_backbone,1.8504,thermal,particle,3,0.9313487410545349
7184,candidate_006,radiometer_basic;surface_temp_ir;cr1000xe_backbone,1.8504,thermal,particle,3,0.860438883304596
7184,candidate_006,radiometer_basic;surface_temp_ir;cr1000xe_backbone,1.8504,thermal,particle,3,0.7706174850463867
7184,candidate_007,laser_disdrometer;cr1000xe_backbone,1.2904,calm,particle,0,1.0109184980392456
7184,candidate_007,laser_disdrometer;cr1000xe_backbone,1.2904,calm,particle,0,1.0148125886917114
7184,candidate_007,laser_disdrometer;cr1000xe_backbone,1.2904,calm,particle,0,1.005542278289795
7184,candidate_007,laser_disdrometer;cr1000xe_backbone,1.2904,calm,particle,0,0.9848153591156006
7184,candidate_007,laser_disdrometer;cr1000xe_backbone,1.2904,calm,particle,0,1.047203540802002
7184,candidate_007,laser_disdrometer;cr1000xe_backbone,1.2904,calm,particle,0,1.0028473138809204
7184,candidate_007,laser_disdrometer;cr1000xe_backbone,1.2904,calm,particle,0,0.9636589884757996
7184,candidate_007,laser_disdrometer;cr1000xe_backbone,1.2904,calm,particle,0,0.899028480052948
7184,candidate_007,laser_disdrometer;cr1000xe_backbone,1.2904,calm,particle,0,0.8522033095359802
7184,candidate_007,laser_disdrometer;cr1000xe_backbone,1.2904,calm,particle,0,0.821785569190979
7184,candidate_007,laser_disdrometer;cr1000xe_backbone,1.2904,calm,particle,0,0.8041272759437561
7184,candidate_007,laser_disdrometer;cr1000xe_backbone,1.2904,calm,particle,0,0.7863278985023499
7184,candidate_007,laser_disdrometer;cr1000xe_backbone,1.2904,calm,particle,0,0.9385876655578613
7184,candidate_007,laser_disdrometer;cr1000xe_backbone,1.2904,calm,particle,0,0.8462523818016052
7184,candidate_007,laser_disdrometer;cr1000xe_backbone,1.2904,calm,particle,0,0.900975227355957
7184,candidate_007,laser_disdrometer;cr1000xe_backbone,1.2904,calm,particle,0,0.9124940633773804
7184,candidate_007,laser_disdrometer;cr1000xe_backbone,1.2904,calm,particle,0,0.925418496131897
7184,candidate_007,laser_disdrometer;cr1000xe_backbone,1.2904,calm,particle,0,0.810373842716217
7184,candidate_007,laser_disdrometer;cr1000xe_backbone,1.2904,calm,particle,0,0.890438973903656
7184,candidate_007,laser_disdrometer;cr1000xe_backbone,1.2904,calm,particle,0,0.9653676152229309
7184,candidate_007,laser_disdrometer;cr1000xe_backbone,1.2904,calm,particle,0,1.0229389667510986
7184,candidate_007,laser_disdrometer;cr1000xe_backbone,1.2904,calm,thermal,0,0.9953209757804871
7184,candidate_007,laser_disdrometer;cr1000xe_backbone,1.2904,calm,thermal,0,1.000551462173462
7184,candidate_007,laser_disdrometer;cr1000xe_backbone,1.2904,calm,thermal,0,1.0361629724502563
7184,candidate_007,laser_disdrometer;cr1000xe_backbone,1.2904,calm,thermal,0,0.9866505861282349
7184,candidate_007,laser_disdrometer;cr1000xe_backbone,1.2904,calm,thermal,0,1.1318572759628296
7184,candidate_007,laser_disdrometer;cr1000xe_backbone,1.2904,calm,thermal,0,1.0272160768508911
7184,candidate_007,laser_disdrometer;cr1000xe_backbone,1.2904,calm,thermal,0,1.0608081817626953
7184,candidate_007,laser_disdrometer;cr1000xe_backbone,1.2904,calm,thermal,0,1.047734022140503
7184,candidate_007,laser_disdrometer;cr1000xe_backbone,1.2904,calm,thermal,0,1.0377075672149658
7184,candidate_007,laser_disdrometer;cr1000xe_backbone,1.2904,calm,thermal,0,0.947545051574707
7184,candidate_007,laser_disdrometer;cr1000xe_backbone,1.2904,calm,thermal,0,0.8524929881095886
7184,candidate_007,laser_disdrometer;cr1000xe_backbone,1.2904,calm,thermal,0,0.791412353515625
7184,candidate_007,laser_disdrometer;cr1000xe_backbone,1.2904,calm,thermal,0,0.8421403765678406
7184,candidate_007,laser_disdrometer;cr1000xe_backbone,1.2904,calm,thermal,0,0.8283020257949829
7184,candidate_007,laser_disdrometer;cr1000xe_backbone,1.2904,calm,thermal,0,0.7793334722518921
7184,candidate_007,laser_disdrometer;cr1000xe_backbone,1.2904,calm,thermal,0,0.714097797870636
7184,candidate_007,laser_disdrometer;cr1000xe_backbone,1.2904,calm,thermal,0,0.7748051881790161
7184,candidate_007,laser_disdrometer;cr1000xe_backbone,1.2904,calm,thermal,0,0.8154200315475464
7184,candidate_007,laser_disdrometer;cr1000xe_backbone,1.2904,calm,thermal,0,0.8539806008338928
7184,candidate_007,laser_disdrometer;cr1000xe_backbone,1.2904,calm,thermal,0,0.8104949593544006
7184,candidate_007,laser_disdrometer;cr1000xe_backbone,1.2904,calm,thermal,0,0.8288090825080872
7184,candidate_007,laser_disdrometer;cr1000xe_backbone,1.2904,calm,thermal,0,0.8597686290740967
7184,candidate_007,laser_disdrometer;cr1000xe_backbone,1.2904,calm,thermal,0,0.8238843679428101
7184,candidate_007,laser_disdrometer;cr1000xe_backbone,1.2904,calm,thermal,0,0.8536631464958191
7184,candidate_007,laser_disdrometer;cr1000xe_backbone,1.2904,calm,thermal,0,0.8548328280448914
7184,candidate_007,laser_disdrometer;cr1000xe_backbone,1.2904,calm,thermal,0,0.9304329752922058
7184,candidate_007,laser_disdrometer;cr1000xe_backbone,1.2904,calm,thermal,0,0.9563631415367126
7184,candidate_007,laser_disdrometer;cr1000xe_backbone,1.2904,calm,thermal,0,0.9761768579483032
7184,candidate_007,laser_disdrometer;cr1000xe_backbone,1.2904,calm,thermal,0,0.9706260561943054
7184,candidate_007,laser_disdrometer;cr1000xe_backbone,1.2904,calm,thermal,0,0.9846214056015015
7184,candidate_007,laser_disdrometer;cr1000xe_backbone,1.2904,calm,thermal,0,0.9557450413703918
7184,candidate_007,laser_disdrometer;cr1000xe_backbone,1.2904,calm,thermal,0,0.8541548848152161
7184,candidate_007,laser_disdrometer;cr1000xe_backbone,1.2904,calm,thermal,0,0.8338997960090637
7184,candidate_007,laser_disdrometer;cr1000xe_backbone,1.2904,calm,transport,0,0.8580993413925171
7184,candidate_007,laser_disdrometer;cr1000xe_backbone,1.2904,calm,transport,0,0.8568739891052246
7184,candidate_007,laser_disdrometer;cr1000xe_backbone,1.2904,calm,transport,0,0.8126581907272339
7184,candidate_007,laser_disdrometer;cr1000xe_backbone,1.2904,calm,transport,0,0.8222700357437134
7184,candidate_007,laser_disdrometer;cr1000xe_backbone,1.2904,calm,transport,0,0.7376458048820496
7184,candidate_007,laser_disdrometer;cr1000xe_backbone,1.2904,calm,transport,0,0.7383817434310913
7184,candidate_007,laser_disdrometer;cr1000xe_backbone,1.2904,calm,transport,0,0.8428994417190552
7184,candidate_007,laser_disdrometer;cr1000xe_backbone,1.2904,calm,transport,0,0.8134300708770752
7184,candidate_007,laser_disdrometer;cr1000xe_backbone,1.2904,calm,transport,0,0.7708513736724854
7184,candidate_007,laser_disdrometer;cr1000xe_backbone,1.2904,calm,transport,0,0.7643526196479797
7184,candidate_007,laser_disdrometer;cr1000xe_backbone,1.2904,calm,transport,0,0.8039687871932983
7184,candidate_007,laser_disdrometer;cr1000xe_backbone,1.2904,calm,transport,0,0.7447935342788696
7184,candidate_007,laser_disdrometer;cr1000xe_backbone,1.2904,calm,transport,0,0.7631685137748718
7184,candidate_007,laser_disdrometer;cr1000xe_backbone,1.2904,calm,transport,0,0.8491666913032532
7184,candidate_007,laser_disdrometer;cr1000xe_backbone,1.2904,calm,transport,0,0.92680823802948
7184,candidate_007,laser_disdrometer;cr1000xe_backbone,1.2904,calm,transport,0,0.9750346541404724
7184,candidate_007,laser_disdrometer;cr1000xe_backbone,1.2904,calm,transport,0,0.9862511157989502
7184,candidate_007,laser_disdrometer;cr1000xe_backbone,1.2904,calm,transport,0,0.958662748336792
7184,candidate_007,laser_disdrometer;cr1000xe_backbone,1.2904,calm,transport,0,1.0520923137664795
7184,candidate_007,laser_disdrometer;cr1000xe_backbone,1.2904,calm,transport,0,1.1546953916549683
7184,candidate_007,laser_disdrometer;cr1000xe_backbone,1.2904,calm,transport,0,1.151282787322998
7184,candidate_007,laser_disdrometer;cr1000xe_backbone,1.2904,calm,transport,0,1.0188071727752686
7184,candidate_007,laser_disdrometer;cr1000xe_backbone,1.2904,calm,transport,0,0.9936485290527344
7184,candidate_007,laser_disdrometer;cr1000xe_backbone,1.2904,calm,transport,0,1.1208707094192505
7184,candidate_007,laser_disdrometer;cr1000xe_backbone,1.2904,calm,transport,0,1.042406678199768
7184,candidate_007,laser_disdrometer;cr1000xe_backbone,1.2904,calm,transport,0,0.7959203720092773
7184,candidate_007,laser_disdrometer;cr1000xe_backbone,1.2904,calm,transport,0,0.7371417284011841
7184,candidate_007,laser_disdrometer;cr1000xe_backbone,1.2904,calm,transport,0,0.7203459739685059
7184,candidate_007,laser_disdrometer;cr1000xe_backbone,1.2904,calm,transport,0,0.765792965888977
7184,candidate_007,laser_disdrometer;cr1000xe_backbone,1.2904,calm,transport,0,0.7685673236846924
7184,candidate_007,laser_disdrometer;cr1000xe_backbone,1.2904,calm,transport,0,0.8235154747962952
7184,candidate_007,laser_disdrometer;cr1000xe_backbone,1.2904,calm,transport,0,0.8094335794448853
7184,candidate_007,laser_disdrometer;cr1000xe_backbone,1.2904,calm,transport,0,0.8232200741767883
7184,candidate_007,laser_disdrometer;cr1000xe_backbone,1.2904,calm,transport,0,0.8231406807899475
7184,candidate_007,laser_disdrometer;cr1000xe_backbone,1.2904,calm,transport,0,0.8566768765449524
7184,candidate_007,laser_disdrometer;cr1000xe_backbone,1.2904,calm,transport,0,0.8907402753829956
7184,candidate_007,laser_disdrometer;cr1000xe_backbone,1.2904,calm,particle,0,0.9075153470039368
7184,candidate_007,laser_disdrometer;cr1000xe_backbone,1.2904,calm,particle,0,0.9927189946174622
7184,candidate_007,laser_disdrometer;cr1000xe_backbone,1.2904,calm,particle,0,0.9216430187225342
7184,candidate_007,laser_disdrometer;cr1000xe_backbone,1.2904,calm,particle,0,1.0678330659866333
7184,candidate_007,laser_disdrometer;cr1000xe_backbone,1.2904,calm,particle,0,1.0678812265396118
7184,candidate_007,laser_disdrometer;cr1000xe_backbone,1.2904,calm,particle,0,1.004477620124817
7184,candidate_007,laser_disdrometer;cr1000xe_backbone,1.2904,calm,particle,0,1.0640528202056885
7184,candidate_007,laser_disdrometer;cr1000xe_backbone,1.2904,calm,particle,0,1.0614442825317383
7184,candidate_007,laser_disdrometer;cr1000xe_backbone,1.2904,calm,particle,0,1.047064185142517
7184,candidate_007,laser_disdrometer;cr1000xe_backbone,1.2904,calm,particle,0,0.9788622856140137
7184,candidate_007,laser_disdrometer;cr1000xe_backbone,1.2904,calm,particle,0,0.9840336441993713
7184,candidate_007,laser_disdrometer;cr1000xe_backbone,1.2904,calm,particle,0,0.9309285879135132
7184,candidate_007,laser_disdrometer;cr1000xe_backbone,1.2904,calm,particle,0,0.9260749220848083
7184,candidate_007,laser_disdrometer;cr1000xe_backbone,1.2904,calm,particle,0,0.6928392648696899
7184,candidate_007,laser_disdrometer;cr1000xe_backbone,1.2904,calm,particle,0,0.5919339060783386
7184,candidate_007,laser_disdrometer;cr1000xe_backbone,1.2904,calm,particle,0,1.006622552871704
7184,candidate_007,laser_disdrometer;cr1000xe_backbone,1.2904,calm,particle,0,0.8624064922332764
7184,candidate_007,laser_disdrometer;cr1000xe_backbone,1.2904,calm,particle,0,0.7359414100646973
7184,candidate_007,laser_disdrometer;cr1000xe_backbone,1.2904,calm,particle,0,0.64668208360672
7184,candidate_007,laser_disdrometer;cr1000xe_backbone,1.2904,calm,particle,0,0.7503015398979187
7184,candidate_007,laser_disdrometer;cr1000xe_backbone,1.2904,calm,particle,0,0.823474109172821
7184,candidate_007,laser_disdrometer;cr1000xe_backbone,1.2904,calm,particle,0,0.8964704275131226
7184,candidate_007,laser_disdrometer;cr1000xe_backbone,1.2904,calm,particle,0,0.8609110713005066
7184,candidate_007,laser_disdrometer;cr1000xe_backbone,1.2904,calm,particle,0,0.8485075831413269
7184,candidate_007,laser_disdrometer;cr1000xe_backbone,1.2904,calm,particle,0,0.9181345105171204
7184,candidate_007,laser_disdrometer;cr1000xe_backbone,1.2904,calm,particle,0,0.9347314238548279
7184,candidate_007,laser_disdrometer;cr1000xe_backbone,1.2904,calm,particle,0,0.9541313648223877
7184,candidate_007,laser_disdrometer;cr1000xe_backbone,1.2904,calm,particle,0,0.9830082058906555
7184,candidate_007,laser_disdrometer;cr1000xe_backbone,1.2904,calm,particle,0,1.1637113094329834
7184,candidate_007,laser_disdrometer;cr1000xe_backbone,1.2904,calm,particle,0,1.0755460262298584
7184,candidate_007,laser_disdrometer;cr1000xe_backbone,1.2904,calm,particle,0,1.1174943447113037
7184,candidate_007,laser_disdrometer;cr1000xe_backbone,1.2904,calm,particle,0,1.1069203615188599
7184,candidate_007,laser_disdrometer;cr1000xe_backbone,1.2904,calm,particle,0,1.1686158180236816
7184,candidate_007,laser_disdrometer;cr1000xe_backbone,1.2904,calm,particle,0,1.2273622751235962
7184,candidate_007,laser_disdrometer;cr1000xe_backbone,1.2904,calm,thermal,0,1.258193016052246
7184,candidate_007,laser_disdrometer;cr1000xe_backbone,1.2904,calm,thermal,0,1.0535739660263062
7184,candidate_007,laser_disdrometer;cr1000xe_backbone,1.2904,calm,thermal,0,1.1010099649429321
7184,candidate_007,laser_disdrometer;cr1000xe_backbone,1.2904,calm,thermal,0,1.2240705490112305
7184,candidate_007,laser_disdrometer;cr1000xe_backbone,1.2904,calm,thermal,0,1.1834220886230469
7184,candidate_007,laser_disdrometer;cr1000xe_backbone,1.2904,calm,thermal,0,1.161035180091858
7184,candidate_007,laser_disdrometer;cr1000xe_backbone,1.2904,calm,thermal,0,1.1637091636657715
7184,candidate_007,laser_disdrometer;cr1000xe_backbone,1.2904,calm,thermal,0,1.206328272819519
7184,candidate_007,laser_disdrometer;cr1000xe_backbone,1.2904,calm,thermal,0,1.256705403327942
7184,candidate_007,laser_disdrometer;cr1000xe_backbone,1.2904,calm,thermal,0,1.270736813545227
7184,candidate_007,laser_disdrometer;cr1000xe_backbone,1.2904,calm,thermal,0,1.237457036972046
7184,candidate_007,laser_disdrometer;cr1000xe_backbone,1.2904,calm,thermal,0,1.237308144569397
7184,candidate_007,laser_disdrometer;cr1000xe_backbone,1.2904,calm,thermal,0,1.2073273658752441
7184,candidate_007,laser_disdrometer;cr1000xe_backbone,1.2904,calm,thermal,0,1.2146333456039429
7184,candidate_007,laser_disdrometer;cr1000xe_backbone,1.2904,calm,thermal,0,1.2083678245544434
7184,candidate_007,laser_disdrometer;cr1000xe_backbone,1.2904,calm,thermal,0,1.1668128967285156
7184,candidate_007,laser_disdrometer;cr1000xe_backbone,1.2904,calm,thermal,0,1.1492702960968018
7184,candidate_007,laser_disdrometer;cr1000xe_backbone,1.2904,calm,thermal,0,1.1506478786468506
7184,candidate_007,laser_disdrometer;cr1000xe_backbone,1.2904,calm,thermal,0,1.2043824195861816
7184,candidate_007,laser_disdrometer;cr1000xe_backbone,1.2904,calm,thermal,0,1.2181600332260132
7184,candidate_007,laser_disdrometer;cr1000xe_backbone,1.2904,calm,thermal,0,1.2054940462112427
7184,candidate_007,laser_disdrometer;cr1000xe_backbone,1.2904,calm,thermal,0,1.2385185956954956
7184,candidate_007,laser_disdrometer;cr1000xe_backbone,1.2904,calm,thermal,0,1.2605688571929932
7184,candidate_007,laser_disdrometer;cr1000xe_backbone,1.2904,calm,thermal,0,1.260168194770813
7184,candidate_007,laser_disdrometer;cr1000xe_backbone,1.2904,calm,thermal,0,1.1805500984191895
7184,candidate_007,laser_disdrometer;cr1000xe_backbone,1.2904,calm,thermal,0,1.1534640789031982
7184,candidate_007,laser_disdrometer;cr1000xe_backbone,1.2904,calm,transport,0,1.1663358211517334
7184,candidate_007,laser_disdrometer;cr1000xe_backbone,1.2904,calm,transport,0,1.1066688299179077
7184,candidate_007,laser_disdrometer;cr1000xe_backbone,1.2904,calm,transport,0,1.0516860485076904
7184,candidate_007,laser_disdrometer;cr1000xe_backbone,1.2904,calm,transport,0,1.0567392110824585
7184,candidate_007,laser_disdrometer;cr1000xe_backbone,1.2904,calm,transport,0,1.041141390800476
7184,candidate_007,laser_disdrometer;cr1000xe_backbone,1.2904,calm,transport,0,1.115181803703308
7184,candidate_007,laser_disdrometer;cr1000xe_backbone,1.2904,calm,transport,0,1.060797929763794
7184,candidate_007,laser_disdrometer;cr1000xe_backbone,1.2904,calm,transport,0,1.0728367567062378
7184,candidate_007,laser_disdrometer;cr1000xe_backbone,1.2904,calm,transport,0,1.1388626098632812
7184,candidate_007,laser_disdrometer;cr1000xe_backbone,1.2904,calm,transport,0,1.2250701189041138
7184,candidate_007,laser_disdrometer;cr1000xe_backbone,1.2904,calm,transport,0,1.109142541885376
7184,candidate_007,laser_disdrometer;cr1000xe_backbone,1.2904,calm,transport,0,1.0602344274520874
7184,candidate_007,laser_disdrometer;cr1000xe_backbone,1.2904,calm,transport,0,1.1097733974456787
7184,candidate_007,laser_disdrometer;cr1000xe_backbone,1.2904,calm,transport,0,1.2102134227752686
7184,candidate_007,laser_disdrometer;cr1000xe_backbone,1.2904,calm,transport,0,1.2578989267349243
7184,candidate_007,laser_disdrometer;cr1000xe_backbone,1.2904,calm,transport,0,1.2357414960861206
7184,candidate_007,laser_disdrometer;cr1000xe_backbone,1.2904,calm,transport,0,1.185024619102478
7184,candidate_007,laser_disdrometer;cr1000xe_backbone,1.2904,calm,transport,0,1.309213638305664
7184,candidate_007,laser_disdrometer;cr1000xe_backbone,1.2904,calm,transport,0,1.3806263208389282
7184,candidate_007,laser_disdrometer;cr1000xe_backbone,1.2904,calm,transport,0,1.4068918228149414
7184,candidate_007,laser_disdrometer;cr1000xe_backbone,1.2904,calm,transport,0,1.3820867538452148
7184,candidate_007,laser_disdrometer;cr1000xe_backbone,1.2904,calm,transport,0,1.3893758058547974
7184,candidate_007,laser_disdrometer;cr1000xe_backbone,1.2904,calm,transport,0,1.3272830247879028
7184,candidate_007,laser_disdrometer;cr1000xe_backbone,1.2904,calm,transport,0,1.3739577531814575
7184,candidate_007,laser_disdrometer;cr1000xe_backbone,1.2904,calm,transport,0,1.3144290447235107
7184,candidate_007,laser_disdrometer;cr1000xe_backbone,1.2904,calm,particle,0,1.2158304452896118
7184,candidate_007,laser_disdrometer;cr1000xe_backbone,1.2904,calm,particle,0,1.046645998954773
7184,candidate_007,laser_disdrometer;cr1000xe_backbone,1.2904,calm,particle,0,1.0739890336990356
7184,candidate_007,laser_disdrometer;cr1000xe_backbone,1.2904,calm,particle,0,1.0701789855957031
7184,candidate_007,laser_disdrometer;cr1000xe_backbone,1.2904,calm,particle,0,1.1218775510787964
7184,candidate_007,laser_disdrometer;cr1000xe_backbone,1.2904,calm,particle,0,1.1879019737243652
7184,candidate_007,laser_disdrometer;cr1000xe_backbone,1.2904,calm,particle,0,1.1582832336425781
7184,candidate_007,laser_disdrometer;cr1000xe_backbone,1.2904,calm,particle,0,1.2397395372390747
7184,candidate_007,laser_disdrometer;cr1000xe_backbone,1.2904,calm,particle,0,1.1802387237548828
7184,candidate_007,laser_disdrometer;cr1000xe_backbone,1.2904,calm,particle,0,1.139405608177185
7184,candidate_007,laser_disdrometer;cr1000xe_backbone,1.2904,calm,particle,0,1.0954647064208984
7184,candidate_007,laser_disdrometer;cr1000xe_backbone,1.2904,calm,particle,0,1.1451891660690308
7184,candidate_007,laser_disdrometer;cr1000xe_backbone,1.2904,calm,particle,0,1.0889558792114258
7184,candidate_007,laser_disdrometer;cr1000xe_backbone,1.2904,calm,particle,0,1.3150228261947632
7184,candidate_007,laser_disdrometer;cr1000xe_backbone,1.2904,calm,particle,0,1.3192592859268188
7184,candidate_007,laser_disdrometer;cr1000xe_backbone,1.2904,calm,particle,0,1.294292688369751
7184,candidate_007,laser_disdrometer;cr1000xe_backbone,1.2904,calm,particle,0,1.2793467044830322
7184,candidate_007,laser_disdrometer;cr1000xe_backbone,1.2904,calm,particle,0,1.2869107723236084
7184,candidate_007,laser_disdrometer;cr1000xe_backbone,1.2904,calm,particle,0,1.2814712524414062
7184,candidate_007,laser_disdrometer;cr1000xe_backbone,1.2904,calm,particle,0,1.2610082626342773
7184,candidate_007,laser_disdrometer;cr1000xe_backbone,1.2904,calm,particle,0,1.2633718252182007
7184,candidate_007,laser_disdrometer;cr1000xe_backbone,1.2904,calm,particle,0,1.2726144790649414
7184,candidate_007,laser_disdrometer;cr1000xe_backbone,1.2904,calm,particle,0,1.2284307479858398
7184,candidate_007,laser_disdrometer;cr1000xe_backbone,1.2904,calm,particle,0,1.169482946395874
7184,candidate_007,laser_disdrometer;cr1000xe_backbone,1.2904,calm,particle,0,1.0379174947738647
7184,candidate_007,laser_disdrometer;cr1000xe_backbone,1.2904,calm,particle,0,0.9432852864265442
7184,candidate_007,laser_disdrometer;cr1000xe_backbone,1.2904,calm,particle,0,1.1840307712554932
7184,candidate_007,laser_disdrometer;cr1000xe_backbone,1.2904,calm,particle,0,1.11474609375
7184,candidate_007,laser_disdrometer;cr1000xe_backbone,1.2904,calm,particle,0,1.1097444295883179
7184,candidate_007,laser_disdrometer;cr1000xe_backbone,1.2904,calm,particle,0,1.1128644943237305
7184,candidate_007,laser_disdrometer;cr1000xe_backbone,1.2904,calm,particle,0,1.1350477933883667
7184,candidate_007,laser_disdrometer;cr1000xe_backbone,1.2904,calm,particle,0,1.0839685201644897
7184,candidate_007,laser_disdrometer;cr1000xe_backbone,1.2904,calm,thermal,0,1.1383483409881592
7184,candidate_007,laser_disdrometer;cr1000xe_backbone,1.2904,calm,thermal,0,1.130528450012207
7184,candidate_007,laser_disdrometer;cr1000xe_backbone,1.2904,calm,thermal,0,1.1281228065490723
7184,candidate_007,laser_disdrometer;cr1000xe_backbone,1.2904,calm,thermal,0,1.0737199783325195
7184,candidate_007,laser_disdrometer;cr1000xe_backbone,1.2904,calm,thermal,0,1.212306261062622
7184,candidate_007,laser_disdrometer;cr1000xe_backbone,1.2904,calm,thermal,0,1.1492249965667725
7184,candidate_007,laser_disdrometer;cr1000xe_backbone,1.2904,calm,thermal,0,1.1683450937271118
7184,candidate_007,laser_disdrometer;cr1000xe_backbone,1.2904,calm,thermal,0,1.1898835897445679
7184,candidate_007,laser_disdrometer;cr1000xe_backbone,1.2904,calm,thermal,0,1.1966607570648193
7184,candidate_007,laser_disdrometer;cr1000xe_backbone,1.2904,calm,thermal,0,1.2409844398498535
7184,candidate_007,laser_disdrometer;cr1000xe_backbone,1.2904,calm,thermal,0,1.1992744207382202
7184,candidate_007,laser_disdrometer;cr1000xe_backbone,1.2904,calm,thermal,0,1.210623025894165
7184,candidate_007,laser_disdrometer;cr1000xe_backbone,1.2904,calm,thermal,0,1.2005434036254883
7184,candidate_007,laser_disdrometer;cr1000xe_backbone,1.2904,calm,thermal,0,1.2318434715270996
7184,candidate_007,laser_disdrometer;cr1000xe_backbone,1.2904,calm,thermal,0,1.1143617630004883
7184,candidate_007,laser_disdrometer;cr1000xe_backbone,1.2904,calm,thermal,0,1.1747469902038574
7184,candidate_007,laser_disdrometer;cr1000xe_backbone,1.2904,calm,thermal,0,1.1626139879226685
7184,candidate_007,laser_disdrometer;cr1000xe_backbone,1.2904,calm,thermal,0,1.1412115097045898
7184,candidate_007,laser_disdrometer;cr1000xe_backbone,1.2904,calm,thermal,0,0.9907373785972595
7184,candidate_007,laser_disdrometer;cr1000xe_backbone,1.2904,calm,thermal,0,1.0407129526138306
7184,candidate_007,laser_disdrometer;cr1000xe_backbone,1.2904,calm,thermal,0,1.0260287523269653
7184,candidate_007,laser_disdrometer;cr1000xe_backbone,1.2904,calm,transport,0,0.9722745418548584
7184,candidate_007,laser_disdrometer;cr1000xe_backbone,1.2904,calm,transport,0,0.9650251269340515
7184,candidate_007,laser_disdrometer;cr1000xe_backbone,1.2904,calm,transport,0,0.9416452646255493
7184,candidate_007,laser_disdrometer;cr1000xe_backbone,1.2904,calm,transport,0,1.0579570531845093
7184,candidate_007,laser_disdrometer;cr1000xe_backbone,1.2904,calm,transport,0,1.1395912170410156
7184,candidate_007,laser_disdrometer;cr1000xe_backbone,1.2904,calm,transport,0,1.1511586904525757
7184,candidate_007,laser_disdrometer;cr1000xe_backbone,1.2904,calm,transport,0,0.9631611704826355
7184,candidate_007,laser_disdrometer;cr1000xe_backbone,1.2904,calm,transport,0,1.1452527046203613
7184,candidate_007,laser_disdrometer;cr1000xe_backbone,1.2904,calm,transport,0,1.04935884475708
7184,candidate_007,laser_disdrometer;cr1000xe_backbone,1.2904,calm,transport,0,1.0947667360305786
7184,candidate_007,laser_disdrometer;cr1000xe_backbone,1.2904,calm,transport,0,1.0247808694839478
7184,candidate_007,laser_disdrometer;cr1000xe_backbone,1.2904,calm,transport,0,1.1221660375595093
7184,candidate_007,laser_disdrometer;cr1000xe_backbone,1.2904,calm,transport,0,1.0248359441757202
7184,candidate_007,laser_disdrometer;cr1000xe_backbone,1.2904,calm,transport,0,1.0617530345916748
7184,candidate_007,laser_disdrometer;cr1000xe_backbone,1.2904,calm,transport,0,1.0471842288970947
7184,candidate_007,laser_disdrometer;cr1000xe_backbone,1.2904,calm,transport,0,1.077283501625061
7184,candidate_007,laser_disdrometer;cr1000xe_backbone,1.2904,calm,transport,0,1.087365984916687
7184,candidate_007,laser_disdrometer;cr1000xe_backbone,1.2904,calm,transport,0,1.0035773515701294
7184,candidate_007,laser_disdrometer;cr1000xe_backbone,1.2904,calm,transport,0,1.0684360265731812
7184,candidate_007,laser_disdrometer;cr1000xe_backbone,1.2904,calm,transport,0,1.0297060012817383
7184,candidate_007,laser_disdrometer;cr1000xe_backbone,1.2904,calm,transport,0,1.0022810697555542
7184,candidate_007,laser_disdrometer;cr1000xe_backbone,1.2904,calm,transport,0,1.0098121166229248
7184,candidate_007,laser_disdrometer;cr1000xe_backbone,1.2904,calm,transport,0,0.9691578149795532
7184,candidate_007,laser_disdrometer;cr1000xe_backbone,1.2904,calm,transport,0,1.0522924661636353
7184,candidate_007,laser_disdrometer;cr1000xe_backbone,1.2904,calm,transport,0,0.997999906539917
7184,candidate_007,laser_disdrometer;cr1000xe_backbone,1.2904,calm,transport,0,1.0050989389419556
7184,candidate_007,laser_disdrometer;cr1000xe_backbone,1.2904,calm,transport,0,0.995315670967102
7184,candidate_007,laser_disdrometer;cr1000xe_backbone,1.2904,calm,transport,0,1.006185531616211
7184,candidate_007,laser_disdrometer;cr1000xe_backbone,1.2904,calm,thermal,0,0.5047474503517151
7184,candidate_007,laser_disdrometer;cr1000xe_backbone,1.2904,calm,thermal,0,0.4814593493938446
7184,candidate_007,laser_disdrometer;cr1000xe_backbone,1.2904,particle,thermal,1,0.4810261130332947
7184,candidate_007,laser_disdrometer;cr1000xe_backbone,1.2904,particle,thermal,1,0.5370422005653381
7184,candidate_007,laser_disdrometer;cr1000xe_backbone,1.2904,particle,thermal,1,0.5959204435348511
7184,candidate_007,laser_disdrometer;cr1000xe_backbone,1.2904,particle,thermal,1,0.6565260887145996
7184,candidate_007,laser_disdrometer;cr1000xe_backbone,1.2904,particle,thermal,1,0.9416264891624451
7184,candidate_007,laser_disdrometer;cr1000xe_backbone,1.2904,particle,thermal,1,1.2899941205978394
7184,candidate_007,laser_disdrometer;cr1000xe_backbone,1.2904,particle,thermal,1,1.6110270023345947
7184,candidate_007,laser_disdrometer;cr1000xe_backbone,1.2904,particle,thermal,1,1.933725357055664
7184,candidate_007,laser_disdrometer;cr1000xe_backbone,1.2904,particle,thermal,1,2.2746472358703613
7184,candidate_007,laser_disdrometer;cr1000xe_backbone,1.2904,particle,thermal,1,2.611367702484131
7184,candidate_007,laser_disdrometer;cr1000xe_backbone,1.2904,particle,thermal,1,2.9205543994903564
7184,candidate_007,laser_disdrometer;cr1000xe_backbone,1.2904,particle,thermal,1,3.2565770149230957
7184,candidate_007,laser_disdrometer;cr1000xe_backbone,1.2904,particle,transport,1,3.256920337677002
7184,candidate_007,laser_disdrometer;cr1000xe_backbone,1.2904,particle,transport,1,3.262299060821533
7184,candidate_007,laser_disdrometer;cr1000xe_backbone,1.2904,particle,transport,1,3.2577004432678223
7184,candidate_007,laser_disdrometer;cr1000xe_backbone,1.2904,particle,transport,1,3.2364680767059326
7184,candidate_007,laser_disdrometer;cr1000xe_backbone,1.2904,particle,transport,1,3.194974184036255
7184,candidate_007,laser_disdrometer;cr1000xe_backbone,1.2904,particle,transport,1,3.2150626182556152
7184,candidate_007,laser_disdrometer;cr1000xe_backbone,1.2904,particle,transport,1,3.2123923301696777
7184,candidate_007,laser_disdrometer;cr1000xe_backbone,1.2904,particle,transport,1,3.2093265056610107
7184,candidate_007,laser_disdrometer;cr1000xe_backbone,1.2904,particle,transport,1,3.167895793914795
7184,candidate_007,laser_disdrometer;cr1000xe_backbone,1.2904,particle,transport,1,3.1904780864715576
7184,candidate_007,laser_disdrometer;cr1000xe_backbone,1.2904,particle,transport,1,3.1864218711853027
7184,candidate_007,laser_disdrometer;cr1000xe_backbone,1.2904,particle,transport,1,3.1916966438293457
7184,candidate_007,laser_disdrometer;cr1000xe_backbone,1.2904,particle,transport,1,3.1695945262908936
7184,candidate_007,laser_disdrometer;cr1000xe_backbone,1.2904,particle,transport,1,3.188964605331421
7184,candidate_007,laser_disdrometer;cr1000xe_backbone,1.2904,particle,transport,1,3.188906669616699
7184,candidate_007,laser_disdrometer;cr1000xe_backbone,1.2904,particle,transport,1,3.2034683227539062
7184,candidate_007,laser_disdrometer;cr1000xe_backbone,1.2904,particle,transport,1,3.211570978164673
7184,candidate_007,laser_disdrometer;cr1000xe_backbone,1.2904,particle,transport,1,3.2134628295898438
7184,candidate_007,laser_disdrometer;cr1000xe_backbone,1.2904,particle,transport,1,2.8750197887420654
7184,candidate_007,laser_disdrometer;cr1000xe_backbone,1.2904,particle,transport,1,2.554612636566162
7184,candidate_007,laser_disdrometer;cr1000xe_backbone,1.2904,particle,transport,1,2.224571943283081
7184,candidate_007,laser_disdrometer;cr1000xe_backbone,1.2904,particle,transport,1,1.90805184841156
7184,candidate_007,laser_disdrometer;cr1000xe_backbone,1.2904,particle,transport,1,1.5867507457733154
7184,candidate_007,laser_disdrometer;cr1000xe_backbone,1.2904,particle,transport,1,1.230751395225525
7184,candidate_007,laser_disdrometer;cr1000xe_backbone,1.2904,particle,transport,1,0.8943400382995605
7184,candidate_007,laser_disdrometer;cr1000xe_backbone,1.2904,particle,transport,1,0.5974931120872498
7184,candidate_007,laser_disdrometer;cr1000xe_backbone,1.2904,particle,particle,1,0.6419333815574646
7184,candidate_007,laser_disdrometer;cr1000xe_backbone,1.2904,particle,particle,1,0.6425055265426636
7184,candidate_007,laser_disdrometer;cr1000xe_backbone,1.2904,particle,particle,1,0.6491481065750122
7184,candidate_007,laser_disdrometer;cr1000xe_backbone,1.2904,particle,particle,1,0.6696697473526001
7184,candidate_007,laser_disdrometer;cr1000xe_backbone,1.2904,particle,particle,1,0.6928576231002808
7184,candidate_007,laser_disdrometer;cr1000xe_backbone,1.2904,particle,particle,1,0.701767086982727
7184,candidate_007,laser_disdrometer;cr1000xe_backbone,1.2904,particle,particle,1,0.7303897738456726
7184,candidate_007,laser_disdrometer;cr1000xe_backbone,1.2904,particle,particle,1,0.7318451404571533
7184,candidate_007,laser_disdrometer;cr1000xe_backbone,1.2904,particle,particle,1,0.773273229598999
7184,candidate_007,laser_disdrometer;cr1000xe_backbone,1.2904,particle,particle,1,0.8410824537277222
7184,candidate_007,laser_disdrometer;cr1000xe_backbone,1.2904,particle,particle,1,0.9157384634017944
7184,candidate_007,laser_disdrometer;cr1000xe_backbone,1.2904,particle,particle,1,0.9761093258857727
7184,candidate_007,laser_disdrometer;cr1000xe_backbone,1.2904,particle,particle,1,1.0098752975463867
7184,candidate_007,laser_disdrometer;cr1000xe_backbone,1.2904,particle,particle,1,1.0806835889816284
7184,candidate_007,laser_disdrometer;cr1000xe_backbone,1.2904,particle,particle,1,1.1504982709884644
7184,candidate_007,laser_disdrometer;cr1000xe_backbone,1.2904,particle,particle,1,1.2259514331817627
7184,candidate_007,laser_disdrometer;cr1000xe_backbone,1.2904,particle,particle,1,1.2854522466659546
7184,candidate_007,laser_disdrometer;cr1000xe_backbone,1.2904,calm,particle,0,1.2481787204742432
7184,candidate_007,laser_disdrometer;cr1000xe_backbone,1.2904,calm,thermal,0,1.1546169519424438
7184,candidate_007,laser_disdrometer;cr1000xe_backbone,1.2904,calm,thermal,0,1.0663760900497437
7184,candidate_007,laser_disdrometer;cr1000xe_backbone,1.2904,calm,thermal,0,0.9992315173149109
7184,candidate_007,laser_disdrometer;cr1000xe_backbone,1.2904,calm,thermal,0,0.9139009118080139
7184,candidate_007,laser_disdrometer;cr1000xe_backbone,1.2904,calm,thermal,0,0.9739000797271729
7184,candidate_007,laser_disdrometer;cr1000xe_backbone,1.2904,calm,thermal,0,0.9718137979507446
7184,candidate_007,laser_disdrometer;cr1000xe_backbone,1.2904,calm,thermal,0,1.0193507671356201
7184,candidate_007,laser_disdrometer;cr1000xe_backbone,1.2904,calm,thermal,0,0.9329099059104919
7184,candidate_007,laser_disdrometer;cr1000xe_backbone,1.2904,calm,thermal,0,0.887053906917572
7184,candidate_007,laser_disdrometer;cr1000xe_backbone,1.2904,calm,thermal,0,0.8061121702194214
7184,candidate_007,laser_disdrometer;cr1000xe_backbone,1.2904,calm,thermal,0,0.8008372783660889
7184,candidate_007,laser_disdrometer;cr1000xe_backbone,1.2904,calm,thermal,0,0.679842472076416
7184,candidate_007,laser_disdrometer;cr1000xe_backbone,1.2904,calm,thermal,0,0.5274868011474609
7184,candidate_007,laser_disdrometer;cr1000xe_backbone,1.2904,flux,thermal,2,0.559982180595398
7184,candidate_007,laser_disdrometer;cr1000xe_backbone,1.2904,flux,thermal,2,0.9586828351020813
7184,candidate_007,laser_disdrometer;cr1000xe_backbone,1.2904,flux,thermal,2,1.2420945167541504
7184,candidate_007,laser_disdrometer;cr1000xe_backbone,1.2904,flux,thermal,2,1.6463674306869507
7184,candidate_007,laser_disdrometer;cr1000xe_backbone,1.2904,flux,thermal,2,2.0067076683044434
7184,candidate_007,laser_disdrometer;cr1000xe_backbone,1.2904,flux,thermal,2,2.3701260089874268
7184,candidate_007,laser_disdrometer;cr1000xe_backbone,1.2904,flux,thermal,2,2.6553878784179688
7184,candidate_007,laser_disdrometer;cr1000xe_backbone,1.2904,flux,thermal,2,2.9594130516052246
7184,candidate_007,laser_disdrometer;cr1000xe_backbone,1.2904,flux,thermal,2,3.291666030883789
7184,candidate_007,laser_disdrometer;cr1000xe_backbone,1.2904,flux,transport,2,3.2939157485961914
7184,candidate_007,laser_disdrometer;cr1000xe_backbone,1.2904,flux,transport,2,3.29868745803833
7184,candidate_007,laser_disdrometer;cr1000xe_backbone,1.2904,flux,transport,2,3.2767412662506104
7184,candidate_007,laser_disdrometer;cr1000xe_backbone,1.2904,flux,transport,2,3.251213312149048
7184,candidate_007,laser_disdrometer;cr1000xe_backbone,1.2904,flux,transport,2,3.288879871368408
7184,candidate_007,laser_disdrometer;cr1000xe_backbone,1.2904,flux,transport,2,3.3127477169036865
7184,candidate_007,laser_disdrometer;cr1000xe_backbone,1.2904,flux,transport,2,3.263688325881958
7184,candidate_007,laser_disdrometer;cr1000xe_backbone,1.2904,flux,transport,2,3.2359938621520996
7184,candidate_007,laser_disdrometer;cr1000xe_backbone,1.2904,flux,transport,2,3.26690673828125
7184,candidate_007,laser_disdrometer;cr1000xe_backbone,1.2904,flux,transport,2,3.2734951972961426
7184,candidate_007,laser_disdrometer;cr1000xe_backbone,1.2904,flux,transport,2,3.1797852516174316
7184,candidate_007,laser_disdrometer;cr1000xe_backbone,1.2904,flux,transport,2,3.1036858558654785
7184,candidate_007,laser_disdrometer;cr1000xe_backbone,1.2904,flux,transport,2,3.064891815185547
7184,candidate_007,laser_disdrometer;cr1000xe_backbone,1.2904,flux,transport,2,3.0275638103485107
7184,candidate_007,laser_disdrometer;cr1000xe_backbone,1.2904,flux,transport,2,2.7169055938720703
7184,candidate_007,laser_disdrometer;cr1000xe_backbone,1.2904,flux,transport,2,2.4102089405059814
7184,candidate_007,laser_disdrometer;cr1000xe_backbone,1.2904,flux,transport,2,2.081031322479248
7184,candidate_007,laser_disdrometer;cr1000xe_backbone,1.2904,flux,transport,2,1.7765116691589355
7184,candidate_007,laser_disdrometer;cr1000xe_backbone,1.2904,flux,transport,2,1.4913924932479858
7184,candidate_007,laser_disdrometer;cr1000xe_backbone,1.2904,flux,transport,2,1.182008981704712
7184,candidate_007,laser_disdrometer;cr1000xe_backbone,1.2904,flux,transport,2,0.9161593914031982
7184,candidate_007,laser_disdrometer;cr1000xe_backbone,1.2904,flux,transport,2,0.6431143283843994
7184,candidate_007,laser_disdrometer;cr1000xe_backbone,1.2904,flux,particle,2,0.6497858762741089
7184,candidate_007,laser_disdrometer;cr1000xe_backbone,1.2904,flux,particle,2,0.702125072479248
7184,candidate_007,laser_disdrometer;cr1000xe_backbone,1.2904,flux,particle,2,0.7741931676864624
7184,candidate_007,laser_disdrometer;cr1000xe_backbone,1.2904,flux,particle,2,0.8187029957771301
7184,candidate_007,laser_disdrometer;cr1000xe_backbone,1.2904,calm,particle,0,0.7981069684028625
7184,candidate_007,laser_disdrometer;cr1000xe_backbone,1.2904,calm,particle,0,0.7657873630523682
7184,candidate_007,laser_disdrometer;cr1000xe_backbone,1.2904,calm,particle,0,0.8460491299629211
7184,candidate_007,laser_disdrometer;cr1000xe_backbone,1.2904,calm,particle,0,0.6555411219596863
7184,candidate_007,laser_disdrometer;cr1000xe_backbone,1.2904,calm,particle,0,0.8657639026641846
7184,candidate_007,laser_disdrometer;cr1000xe_backbone,1.2904,calm,particle,0,0.7777602076530457
7184,candidate_007,laser_disdrometer;cr1000xe_backbone,1.2904,calm,particle,0,0.8186917901039124
7184,candidate_007,laser_disdrometer;cr1000xe_backbone,1.2904,calm,particle,0,0.8293601274490356
7184,candidate_007,laser_disdrometer;cr1000xe_backbone,1.2904,calm,particle,0,0.8333125710487366
7184,candidate_007,laser_disdrometer;cr1000xe_backbone,1.2904,calm,particle,0,0.882073700428009
7184,candidate_007,laser_disdrometer;cr1000xe_backbone,1.2904,calm,particle,0,0.8566359877586365
7184,candidate_007,laser_disdrometer;cr1000xe_backbone,1.2904,calm,particle,0,0.7427626252174377
7184,candidate_007,laser_disdrometer;cr1000xe_backbone,1.2904,flux,particle,2,0.7388222813606262
7184,candidate_007,laser_disdrometer;cr1000xe_backbone,1.2904,flux,particle,2,0.6873724460601807
7184,candidate_007,laser_disdrometer;cr1000xe_backbone,1.2904,flux,particle,2,0.6270045638084412
7184,candidate_007,laser_disdrometer;cr1000xe_backbone,1.2904,flux,particle,2,0.5755460858345032
7184,candidate_007,laser_disdrometer;cr1000xe_backbone,1.2904,flux,particle,2,0.5671956539154053
7184,candidate_007,laser_disdrometer;cr1000xe_backbone,1.2904,flux,particle,2,0.6255090236663818
7184,candidate_007,laser_disdrometer;cr1000xe_backbone,1.2904,flux,particle,2,0.7304983735084534
7184,candidate_007,laser_disdrometer;cr1000xe_backbone,1.2904,flux,particle,2,0.6551067233085632
7184,candidate_007,laser_disdrometer;cr1000xe_backbone,1.2904,flux,particle,2,0.7000125646591187
7184,candidate_007,laser_disdrometer;cr1000xe_backbone,1.2904,flux,particle,2,0.7454721331596375
7184,candidate_007,laser_disdrometer;cr1000xe_backbone,1.2904,flux,particle,2,0.7723511457443237
7184,candidate_007,laser_disdrometer;cr1000xe_backbone,1.2904,flux,particle,2,0.7941682934761047
7184,candidate_007,laser_disdrometer;cr1000xe_backbone,1.2904,flux,particle,2,1.040809988975525
7184,candidate_007,laser_disdrometer;cr1000xe_backbone,1.2904,flux,particle,2,1.1045259237289429
7184,candidate_007,laser_disdrometer;cr1000xe_backbone,1.2904,flux,particle,2,1.0874955654144287
7184,candidate_007,laser_disdrometer;cr1000xe_backbone,1.2904,flux,particle,2,1.1086478233337402
7184,candidate_007,laser_disdrometer;cr1000xe_backbone,1.2904,flux,thermal,2,1.02280855178833
7184,candidate_007,laser_disdrometer;cr1000xe_backbone,1.2904,flux,thermal,2,0.8874815702438354
7184,candidate_007,laser_disdrometer;cr1000xe_backbone,1.2904,flux,thermal,2,0.8878588080406189
7184,candidate_007,laser_disdrometer;cr1000xe_backbone,1.2904,flux,thermal,2,0.8718402981758118
7184,candidate_007,laser_disdrometer;cr1000xe_backbone,1.2904,flux,thermal,2,0.6890650987625122
7184,candidate_007,laser_disdrometer;cr1000xe_backbone,1.2904,flux,thermal,2,0.6868361234664917
7184,candidate_007,laser_disdrometer;cr1000xe_backbone,1.2904,flux,thermal,2,0.5280835032463074
7184,candidate_007,laser_disdrometer;cr1000xe_backbone,1.2904,flux,thermal,2,0.5620669722557068
7184,candidate_007,laser_disdrometer;cr1000xe_backbone,1.2904,flux,thermal,2,0.619899332523346
7184,candidate_007,laser_disdrometer;cr1000xe_backbone,1.2904,flux,thermal,2,0.6289739608764648
7184,candidate_007,laser_disdrometer;cr1000xe_backbone,1.2904,flux,thermal,2,0.8014719486236572
7184,candidate_007,laser_disdrometer;cr1000xe_backbone,1.2904,flux,thermal,2,0.7373634576797485
7184,candidate_007,laser_disdrometer;cr1000xe_backbone,1.2904,flux,thermal,2,0.8081489205360413
7184,candidate_007,laser_disdrometer;cr1000xe_backbone,1.2904,flux,thermal,2,0.8319548964500427
7184,candidate_007,laser_disdrometer;cr1000xe_backbone,1.2904,flux,thermal,2,0.88126540184021
7184,candidate_007,laser_disdrometer;cr1000xe_backbone,1.2904,flux,thermal,2,0.8439127206802368
7184,candidate_007,laser_disdrometer;cr1000xe_backbone,1.2904,flux,thermal,2,1.0037811994552612
7184,candidate_007,laser_disdrometer;cr1000xe_backbone,1.2904,calm,thermal,0,1.0273380279541016
7184,candidate_007,laser_disdrometer;cr1000xe_backbone,1.2904,calm,thermal,0,0.9638258814811707
7184,candidate_007,laser_disdrometer;cr1000xe_backbone,1.2904,calm,thermal,0,0.9969024062156677
7184,candidate_007,laser_disdrometer;cr1000xe_backbone,1.2904,calm,thermal,0,0.9280336499214172
7184,candidate_007,laser_disdrometer;cr1000xe_backbone,1.2904,calm,thermal,0,1.283692717552185
7184,candidate_007,laser_disdrometer;cr1000xe_backbone,1.2904,calm,thermal,0,1.5774885416030884
7184,candidate_007,laser_disdrometer;cr1000xe_backbone,1.2904,calm,thermal,0,1.804673194885254
7184,candidate_007,laser_disdrometer;cr1000xe_backbone,1.2904,calm,thermal,0,2.035600423812866
7184,candidate_007,laser_disdrometer;cr1000xe_backbone,1.2904,calm,thermal,0,2.440988302230835
7184,candidate_007,laser_disdrometer;cr1000xe_backbone,1.2904,calm,thermal,0,2.5910441875457764
7184,candidate_007,laser_disdrometer;cr1000xe_backbone,1.2904,calm,thermal,0,2.842705488204956
7184,candidate_007,laser_disdrometer;cr1000xe_backbone,1.2904,calm,thermal,0,3.1322200298309326
7184,candidate_007,laser_disdrometer;cr1000xe_backbone,1.2904,thermal,transport,3,3.1871588230133057
7184,candidate_007,laser_disdrometer;cr1000xe_backbone,1.2904,thermal,transport,3,3.203329563140869
7184,candidate_007,laser_disdrometer;cr1000xe_backbone,1.2904,thermal,transport,3,3.199575662612915
7184,candidate_007,laser_disdrometer;cr1000xe_backbone,1.2904,thermal,transport,3,3.143362283706665
7184,candidate_007,laser_disdrometer;cr1000xe_backbone,1.2904,thermal,transport,3,3.189103126525879
7184,candidate_007,laser_disdrometer;cr1000xe_backbone,1.2904,thermal,transport,3,3.146831750869751
7184,candidate_007,laser_disdrometer;cr1000xe_backbone,1.2904,thermal,transport,3,3.1274194717407227
7184,candidate_007,laser_disdrometer;cr1000xe_backbone,1.2904,thermal,transport,3,3.0787813663482666
7184,candidate_007,laser_disdrometer;cr1000xe_backbone,1.2904,thermal,transport,3,3.142456531524658
7184,candidate_007,laser_disdrometer;cr1000xe_backbone,1.2904,thermal,transport,3,3.1480672359466553
7184,candidate_007,laser_disdrometer;cr1000xe_backbone,1.2904,thermal,transport,3,3.116212844848633
7184,candidate_007,laser_disdrometer;cr1000xe_backbone,1.2904,thermal,transport,3,3.108865261077881
7184,candidate_007,laser_disdrometer;cr1000xe_backbone,1.2904,thermal,transport,3,2.8376386165618896
7184,candidate_007,laser_disdrometer;cr1000xe_backbone,1.2904,thermal,transport,3,2.5959455966949463
7184,candidate_007,laser_disdrometer;cr1000xe_backbone,1.2904,thermal,transport,3,2.338526725769043
7184,candidate_007,laser_disdrometer;cr1000xe_backbone,1.2904,thermal,transport,3,2.1002705097198486
7184,candidate_007,laser_disdrometer;cr1000xe_backbone,1.2904,thermal,transport,3,1.8833708763122559
7184,candidate_007,laser_disdrometer;cr1000xe_backbone,1.2904,thermal,transport,3,1.5945167541503906
7184,candidate_007,laser_disdrometer;cr1000xe_backbone,1.2904,thermal,transport,3,1.3330061435699463
7184,candidate_007,laser_disdrometer;cr1000xe_backbone,1.2904,thermal,transport,3,0.9908015727996826
7184,candidate_007,laser_disdrometer;cr1000xe_backbone,1.2904,thermal,particle,3,0.8570082783699036
7184,candidate_007,laser_disdrometer;cr1000xe_backbone,1.2904,thermal,particle,3,0.9188848733901978
7184,candidate_007,laser_disdrometer;cr1000xe_backbone,1.2904,thermal,particle,3,1.0040771961212158
7184,candidate_007,laser_disdrometer;cr1000xe_backbone,1.2904,thermal,particle,3,0.9507870078086853
7184,candidate_007,laser_disdrometer;cr1000xe_backbone,1.2904,thermal,particle,3,1.04574453830719
7184,candidate_007,laser_disdrometer;cr1000xe_backbone,1.2904,thermal,particle,3,1.07259202003479
7184,candidate_007,laser_disdrometer;cr1000xe_backbone,1.2904,thermal,particle,3,1.1956877708435059
7184,candidate_007,laser_disdrometer;cr1000xe_backbone,1.2904,thermal,particle,3,1.2482168674468994
7184,candidate_007,laser_disdrometer;cr1000xe_backbone,1.2904,thermal,particle,3,1.3756380081176758
7184,candidate_007,laser_disdrometer;cr1000xe_backbone,1.2904,calm,particle,0,1.1673777103424072
7184,candidate_007,laser_disdrometer;cr1000xe_backbone,1.2904,calm,particle,0,1.2486934661865234
7184,candidate_007,laser_disdrometer;cr1000xe_backbone,1.2904,calm,particle,0,1.030590534210205
7184,candidate_007,laser_disdrometer;cr1000xe_backbone,1.2904,calm,particle,0,0.8630797266960144
7184,candidate_007,laser_disdrometer;cr1000xe_backbone,1.2904,calm,particle,0,0.8745266795158386
7184,candidate_007,laser_disdrometer;cr1000xe_backbone,1.2904,calm,particle,0,0.8332844376564026
7184,candidate_007,laser_disdrometer;cr1000xe_backbone,1.2904,calm,particle,0,0.7942394018173218
7184,candidate_007,laser_disdrometer;cr1000xe_backbone,1.2904,calm,particle,0,0.7316416501998901
7184,candidate_007,laser_disdrometer;cr1000xe_backbone,1.2904,calm,particle,0,0.6613497734069824
7184,candidate_007,laser_disdrometer;cr1000xe_backbone,1.2904,calm,particle,0,0.5916043519973755
7184,candidate_007,laser_disdrometer;cr1000xe_backbone,1.2904,calm,particle,0,0.6271250247955322
7184,candidate_007,laser_disdrometer;cr1000xe_backbone,1.2904,calm,particle,0,0.6683236956596375
7184,candidate_007,laser_disdrometer;cr1000xe_backbone,1.2904,calm,particle,0,0.672400176525116
7184,candidate_007,laser_disdrometer;cr1000xe_backbone,1.2904,calm,particle,0,0.47732970118522644
7184,candidate_007,laser_disdrometer;cr1000xe_backbone,1.2904,thermal,thermal,3,0.5038279891014099
7184,candidate_007,laser_disdrometer;cr1000xe_backbone,1.2904,thermal,thermal,3,0.6078713536262512
7184,candidate_007,laser_disdrometer;cr1000xe_backbone,1.2904,thermal,thermal,3,0.577298641204834
7184,candidate_007,laser_disdrometer;cr1000xe_backbone,1.2904,thermal,thermal,3,0.6760036945343018
7184,candidate_007,laser_disdrometer;cr1000xe_backbone,1.2904,thermal,thermal,3,0.6786896586418152
7184,candidate_007,laser_disdrometer;cr1000xe_backbone,1.2904,thermal,thermal,3,0.676249086856842
7184,candidate_007,laser_disdrometer;cr1000xe_backbone,1.2904,thermal,thermal,3,0.7091833353042603
7184,candidate_007,laser_disdrometer;cr1000xe_backbone,1.2904,thermal,thermal,3,0.7221049666404724
7184,candidate_007,laser_disdrometer;cr1000xe_backbone,1.2904,thermal,thermal,3,0.7110875248908997
7184,candidate_007,laser_disdrometer;cr1000xe_backbone,1.2904,thermal,thermal,3,0.6430365443229675
7184,candidate_007,laser_disdrometer;cr1000xe_backbone,1.2904,thermal,thermal,3,0.6846660375595093
7184,candidate_007,laser_disdrometer;cr1000xe_backbone,1.2904,thermal,thermal,3,0.7077836394309998
7184,candidate_007,laser_disdrometer;cr1000xe_backbone,1.2904,thermal,thermal,3,0.6967148184776306
7184,candidate_007,laser_disdrometer;cr1000xe_backbone,1.2904,thermal,thermal,3,0.6836593151092529
7184,candidate_007,laser_disdrometer;cr1000xe_backbone,1.2904,thermal,thermal,3,0.9847239851951599
7184,candidate_007,laser_disdrometer;cr1000xe_backbone,1.2904,thermal,thermal,3,1.3471683263778687
7184,candidate_007,laser_disdrometer;cr1000xe_backbone,1.2904,thermal,thermal,3,1.7650460004806519
7184,candidate_007,laser_disdrometer;cr1000xe_backbone,1.2904,thermal,thermal,3,2.009200096130371
7184,candidate_007,laser_disdrometer;cr1000xe_backbone,1.2904,thermal,thermal,3,2.3709163665771484
7184,candidate_007,laser_disdrometer;cr1000xe_backbone,1.2904,thermal,thermal,3,2.7129156589508057
7184,candidate_007,laser_disdrometer;cr1000xe_backbone,1.2904,thermal,thermal,3,2.9963321685791016
7184,candidate_007,laser_disdrometer;cr1000xe_backbone,1.2904,thermal,thermal,3,3.309762716293335
7184,candidate_007,laser_disdrometer;cr1000xe_backbone,1.2904,thermal,transport,3,3.2747256755828857
7184,candidate_007,laser_disdrometer;cr1000xe_backbone,1.2904,thermal,transport,3,3.30303692817688
7184,candidate_007,laser_disdrometer;cr1000xe_backbone,1.2904,thermal,transport,3,3.2989115715026855
7184,candidate_007,laser_disdrometer;cr1000xe_backbone,1.2904,thermal,transport,3,3.407174587249756
7184,candidate_007,laser_disdrometer;cr1000xe_backbone,1.2904,thermal,transport,3,3.3613569736480713
7184,candidate_007,laser_disdrometer;cr1000xe_backbone,1.2904,thermal,transport,3,3.308712959289551
7184,candidate_007,laser_disdrometer;cr1000xe_backbone,1.2904,thermal,transport,3,3.327440023422241
7184,candidate_007,laser_disdrometer;cr1000xe_backbone,1.2904,thermal,transport,3,3.252357244491577
7184,candidate_007,laser_disdrometer;cr1000xe_backbone,1.2904,thermal,transport,3,3.3096437454223633
7184,candidate_007,laser_disdrometer;cr1000xe_backbone,1.2904,thermal,transport,3,3.3441896438598633
7184,candidate_007,laser_disdrometer;cr1000xe_backbone,1.2904,thermal,transport,3,3.3371877670288086
7184,candidate_007,laser_disdrometer;cr1000xe_backbone,1.2904,thermal,transport,3,3.3397905826568604
7184,candidate_007,laser_disdrometer;cr1000xe_backbone,1.2904,thermal,transport,3,3.010939359664917
7184,candidate_007,laser_disdrometer;cr1000xe_backbone,1.2904,thermal,transport,3,2.717158079147339
7184,candidate_007,laser_disdrometer;cr1000xe_backbone,1.2904,thermal,transport,3,2.4397642612457275
7184,candidate_007,laser_disdrometer;cr1000xe_backbone,1.2904,thermal,transport,3,2.155791997909546
7184,candidate_007,laser_disdrometer;cr1000xe_backbone,1.2904,thermal,transport,3,1.8933712244033813
7184,candidate_007,laser_disdrometer;cr1000xe_backbone,1.2904,thermal,transport,3,1.591381311416626
7184,candidate_007,laser_disdrometer;cr1000xe_backbone,1.2904,thermal,transport,3,1.3282160758972168
7184,candidate_007,laser_disdrometer;cr1000xe_backbone,1.2904,thermal,transport,3,1.0394238233566284
7184,candidate_007,laser_disdrometer;cr1000xe_backbone,1.2904,thermal,particle,3,0.998931884765625
7184,candidate_007,laser_disdrometer;cr1000xe_backbone,1.2904,thermal,particle,3,1.1420449018478394
7184,candidate_007,laser_disdrometer;cr1000xe_backbone,1.2904,thermal,particle,3,1.1497348546981812
7184,candidate_007,laser_disdrometer;cr1000xe_backbone,1.2904,thermal,particle,3,1.2122607231140137
7184,candidate_007,laser_disdrometer;cr1000xe_backbone,1.2904,thermal,particle,3,1.0484360456466675
7184,candidate_007,laser_disdrometer;cr1000xe_backbone,1.2904,thermal,particle,3,1.0565705299377441
7184,candidate_007,laser_disdrometer;cr1000xe_backbone,1.2904,thermal,particle,3,0.9209962487220764
7184,candidate_007,laser_disdrometer;cr1000xe_backbone,1.2904,thermal,particle,3,0.9321326613426208
7184,candidate_008,met_station_core;laser_disdrometer;cr1000xe_backbone,2.0103999999999997,calm,particle,0,0.6632066965103149
7184,candidate_008,met_station_core;laser_disdrometer;cr1000xe_backbone,2.0103999999999997,calm,particle,0,0.5554018616676331
7184,candidate_008,met_station_core;laser_disdrometer;cr1000xe_backbone,2.0103999999999997,calm,particle,0,0.520522952079773
7184,candidate_008,met_station_core;laser_disdrometer;cr1000xe_backbone,2.0103999999999997,calm,particle,0,0.48398903012275696
7184,candidate_008,met_station_core;laser_disdrometer;cr1000xe_backbone,2.0103999999999997,calm,particle,0,0.5026571154594421
7184,candidate_008,met_station_core;laser_disdrometer;cr1000xe_backbone,2.0103999999999997,calm,particle,0,0.5262282490730286
7184,candidate_008,met_station_core;laser_disdrometer;cr1000xe_backbone,2.0103999999999997,calm,particle,0,0.4339926540851593
7184,candidate_008,met_station_core;laser_disdrometer;cr1000xe_backbone,2.0103999999999997,calm,particle,0,0.3402157723903656
7184,candidate_008,met_station_core;laser_disdrometer;cr1000xe_backbone,2.0103999999999997,calm,particle,0,0.32229289412498474
7184,candidate_008,met_station_core;laser_disdrometer;cr1000xe_backbone,2.0103999999999997,calm,particle,0,0.2878666818141937
7184,candidate_008,met_station_core;laser_disdrometer;cr1000xe_backbone,2.0103999999999997,calm,particle,0,0.2527722716331482
7184,candidate_008,met_station_core;laser_disdrometer;cr1000xe_backbone,2.0103999999999997,calm,particle,0,0.26964518427848816
7184,candidate_008,met_station_core;laser_disdrometer;cr1000xe_backbone,2.0103999999999997,calm,particle,0,0.23496845364570618
7184,candidate_008,met_station_core;laser_disdrometer;cr1000xe_backbone,2.0103999999999997,calm,particle,0,0.34688231348991394
7184,candidate_008,met_station_core;laser_disdrometer;cr1000xe_backbone,2.0103999999999997,calm,particle,0,0.3034853935241699
7184,candidate_008,met_station_core;laser_disdrometer;cr1000xe_backbone,2.0103999999999997,calm,particle,0,0.3430415987968445
7184,candidate_008,met_station_core;laser_disdrometer;cr1000xe_backbone,2.0103999999999997,calm,particle,0,0.4312582314014435
7184,candidate_008,met_station_core;laser_disdrometer;cr1000xe_backbone,2.0103999999999997,calm,particle,0,0.32981351017951965
7184,candidate_008,met_station_core;laser_disdrometer;cr1000xe_backbone,2.0103999999999997,calm,particle,0,0.28407877683639526
7184,candidate_008,met_station_core;laser_disdrometer;cr1000xe_backbone,2.0103999999999997,calm,particle,0,0.3406432569026947
7184,candidate_008,met_station_core;laser_disdrometer;cr1000xe_backbone,2.0103999999999997,calm,particle,0,0.3765271306037903
7184,candidate_008,met_station_core;laser_disdrometer;cr1000xe_backbone,2.0103999999999997,calm,thermal,0,0.33968302607536316
7184,candidate_008,met_station_core;laser_disdrometer;cr1000xe_backbone,2.0103999999999997,calm,thermal,0,0.3636489510536194
7184,candidate_008,met_station_core;laser_disdrometer;cr1000xe_backbone,2.0103999999999997,calm,thermal,0,0.4319297671318054
7184,candidate_008,met_station_core;laser_disdrometer;cr1000xe_backbone,2.0103999999999997,calm,thermal,0,0.5171203017234802
7184,candidate_008,met_station_core;laser_disdrometer;cr1000xe_backbone,2.0103999999999997,calm,thermal,0,0.5958703756332397
7184,candidate_008,met_station_core;laser_disdrometer;cr1000xe_backbone,2.0103999999999997,calm,thermal,0,0.5410323143005371
7184,candidate_008,met_station_core;laser_disdrometer;cr1000xe_backbone,2.0103999999999997,calm,thermal,0,0.6208808422088623
7184,candidate_008,met_station_core;laser_disdrometer;cr1000xe_backbone,2.0103999999999997,calm,thermal,0,0.5559651255607605
7184,candidate_008,met_station_core;laser_disdrometer;cr1000xe_backbone,2.0103999999999997,calm,thermal,0,0.47609537839889526
7184,candidate_008,met_station_core;laser_disdrometer;cr1000xe_backbone,2.0103999999999997,calm,thermal,0,0.540992259979248
7184,candidate_008,met_station_core;laser_disdrometer;cr1000xe_backbone,2.0103999999999997,calm,thermal,0,0.42654985189437866
7184,candidate_008,met_station_core;laser_disdrometer;cr1000xe_backbone,2.0103999999999997,calm,thermal,0,0.45867010951042175
7184,candidate_008,met_station_core;laser_disdrometer;cr1000xe_backbone,2.0103999999999997,calm,thermal,0,0.3508909344673157
7184,candidate_008,met_station_core;laser_disdrometer;cr1000xe_backbone,2.0103999999999997,calm,thermal,0,0.36772727966308594
7184,candidate_008,met_station_core;laser_disdrometer;cr1000xe_backbone,2.0103999999999997,calm,thermal,0,0.3055129647254944
7184,candidate_008,met_station_core;laser_disdrometer;cr1000xe_backbone,2.0103999999999997,calm,thermal,0,0.2907972037792206
7184,candidate_008,met_station_core;laser_disdrometer;cr1000xe_backbone,2.0103999999999997,calm,thermal,0,0.3511321544647217
7184,candidate_008,met_station_core;laser_disdrometer;cr1000xe_backbone,2.0103999999999997,calm,thermal,0,0.40721288323402405
7184,candidate_008,met_station_core;laser_disdrometer;cr1000xe_backbone,2.0103999999999997,calm,thermal,0,0.4707721173763275
7184,candidate_008,met_station_core;laser_disdrometer;cr1000xe_backbone,2.0103999999999997,calm,thermal,0,0.5096499919891357
7184,candidate_008,met_station_core;laser_disdrometer;cr1000xe_backbone,2.0103999999999997,calm,thermal,0,0.46504491567611694
7184,candidate_008,met_station_core;laser_disdrometer;cr1000xe_backbone,2.0103999999999997,calm,thermal,0,0.5049806833267212
7184,candidate_008,met_station_core;laser_disdrometer;cr1000xe_backbone,2.0103999999999997,calm,thermal,0,0.41640883684158325
7184,candidate_008,met_station_core;laser_disdrometer;cr1000xe_backbone,2.0103999999999997,calm,thermal,0,0.37723055481910706
7184,candidate_008,met_station_core;laser_disdrometer;cr1000xe_backbone,2.0103999999999997,calm,thermal,0,0.3332638442516327
7184,candidate_008,met_station_core;laser_disdrometer;cr1000xe_backbone,2.0103999999999997,calm,thermal,0,0.3772270381450653
7184,candidate_008,met_station_core;laser_disdrometer;cr1000xe_backbone,2.0103999999999997,calm,thermal,0,0.3598831593990326
7184,candidate_008,met_station_core;laser_disdrometer;cr1000xe_backbone,2.0103999999999997,calm,thermal,0,0.4148990213871002
7184,candidate_008,met_station_core;laser_disdrometer;cr1000xe_backbone,2.0103999999999997,calm,thermal,0,0.501900315284729
7184,candidate_008,met_station_core;laser_disdrometer;cr1000xe_backbone,2.0103999999999997,calm,thermal,0,0.42877432703971863
7184,candidate_008,met_station_core;laser_disdrometer;cr1000xe_backbone,2.0103999999999997,calm,thermal,0,0.5429840087890625
7184,candidate_008,met_station_core;laser_disdrometer;cr1000xe_backbone,2.0103999999999997,calm,thermal,0,0.30220791697502136
7184,candidate_008,met_station_core;laser_disdrometer;cr1000xe_backbone,2.0103999999999997,calm,thermal,0,0.26954036951065063
7184,candidate_008,met_station_core;laser_disdrometer;cr1000xe_backbone,2.0103999999999997,calm,transport,0,0.3056181073188782
7184,candidate_008,met_station_core;laser_disdrometer;cr1000xe_backbone,2.0103999999999997,calm,transport,0,0.269682377576828
7184,candidate_008,met_station_core;laser_disdrometer;cr1000xe_backbone,2.0103999999999997,calm,transport,0,0.2131146639585495
7184,candidate_008,met_station_core;laser_disdrometer;cr1000xe_backbone,2.0103999999999997,calm,transport,0,0.18962256610393524
7184,candidate_008,met_station_core;laser_disdrometer;cr1000xe_backbone,2.0103999999999997,calm,transport,0,0.2512153089046478
7184,candidate_008,met_station_core;laser_disdrometer;cr1000xe_backbone,2.0103999999999997,calm,transport,0,0.25676947832107544
7184,candidate_008,met_station_core;laser_disdrometer;cr1000xe_backbone,2.0103999999999997,calm,transport,0,0.3254769742488861
7184,candidate_008,met_station_core;laser_disdrometer;cr1000xe_backbone,2.0103999999999997,calm,transport,0,0.3246435821056366
7184,candidate_008,met_station_core;laser_disdrometer;cr1000xe_backbone,2.0103999999999997,calm,transport,0,0.2940281331539154
7184,candidate_008,met_station_core;laser_disdrometer;cr1000xe_backbone,2.0103999999999997,calm,transport,0,0.3202018141746521
7184,candidate_008,met_station_core;laser_disdrometer;cr1000xe_backbone,2.0103999999999997,calm,transport,0,0.30658701062202454
7184,candidate_008,met_station_core;laser_disdrometer;cr1000xe_backbone,2.0103999999999997,calm,transport,0,0.3026823401451111
7184,candidate_008,met_station_core;laser_disdrometer;cr1000xe_backbone,2.0103999999999997,calm,transport,0,0.39415407180786133
7184,candidate_008,met_station_core;laser_disdrometer;cr1000xe_backbone,2.0103999999999997,calm,transport,0,0.4210982918739319
7184,candidate_008,met_station_core;laser_disdrometer;cr1000xe_backbone,2.0103999999999997,calm,transport,0,0.4560193717479706
7184,candidate_008,met_station_core;laser_disdrometer;cr1000xe_backbone,2.0103999999999997,calm,transport,0,0.5447062253952026
7184,candidate_008,met_station_core;laser_disdrometer;cr1000xe_backbone,2.0103999999999997,calm,transport,0,0.4835871458053589
7184,candidate_008,met_station_core;laser_disdrometer;cr1000xe_backbone,2.0103999999999997,calm,transport,0,0.45946553349494934
7184,candidate_008,met_station_core;laser_disdrometer;cr1000xe_backbone,2.0103999999999997,calm,transport,0,0.36215344071388245
7184,candidate_008,met_station_core;laser_disdrometer;cr1000xe_backbone,2.0103999999999997,calm,transport,0,0.35229048132896423
7184,candidate_008,met_station_core;laser_disdrometer;cr1000xe_backbone,2.0103999999999997,calm,transport,0,0.3906472325325012
7184,candidate_008,met_station_core;laser_disdrometer;cr1000xe_backbone,2.0103999999999997,calm,transport,0,0.5097823739051819
7184,candidate_008,met_station_core;laser_disdrometer;cr1000xe_backbone,2.0103999999999997,calm,transport,0,0.6953752636909485
7184,candidate_008,met_station_core;laser_disdrometer;cr1000xe_backbone,2.0103999999999997,calm,transport,0,0.6718316078186035
7184,candidate_008,met_station_core;laser_disdrometer;cr1000xe_backbone,2.0103999999999997,calm,transport,0,0.6953722834587097
7184,candidate_008,met_station_core;laser_disdrometer;cr1000xe_backbone,2.0103999999999997,calm,transport,0,0.6768858432769775
7184,candidate_008,met_station_core;laser_disdrometer;cr1000xe_backbone,2.0103999999999997,calm,transport,0,0.4445759057998657
7184,candidate_008,met_station_core;laser_disdrometer;cr1000xe_backbone,2.0103999999999997,calm,transport,0,0.28929272294044495
7184,candidate_008,met_station_core;laser_disdrometer;cr1000xe_backbone,2.0103999999999997,calm,transport,0,0.3730276823043823
7184,candidate_008,met_station_core;laser_disdrometer;cr1000xe_backbone,2.0103999999999997,calm,transport,0,0.4097015857696533
7184,candidate_008,met_station_core;laser_disdrometer;cr1000xe_backbone,2.0103999999999997,calm,transport,0,0.3711487054824829
7184,candidate_008,met_station_core;laser_disdrometer;cr1000xe_backbone,2.0103999999999997,calm,transport,0,0.312203973531723
7184,candidate_008,met_station_core;laser_disdrometer;cr1000xe_backbone,2.0103999999999997,calm,transport,0,0.28643935918807983
7184,candidate_008,met_station_core;laser_disdrometer;cr1000xe_backbone,2.0103999999999997,calm,transport,0,0.26994025707244873
7184,candidate_008,met_station_core;laser_disdrometer;cr1000xe_backbone,2.0103999999999997,calm,transport,0,0.24295803904533386
7184,candidate_008,met_station_core;laser_disdrometer;cr1000xe_backbone,2.0103999999999997,calm,transport,0,0.2590954303741455
7184,candidate_008,met_station_core;laser_disdrometer;cr1000xe_backbone,2.0103999999999997,calm,particle,0,0.25561749935150146
7184,candidate_008,met_station_core;laser_disdrometer;cr1000xe_backbone,2.0103999999999997,calm,particle,0,0.22456876933574677
7184,candidate_008,met_station_core;laser_disdrometer;cr1000xe_backbone,2.0103999999999997,calm,particle,0,0.34014150500297546
7184,candidate_008,met_station_core;laser_disdrometer;cr1000xe_backbone,2.0103999999999997,calm,particle,0,0.3796790540218353
7184,candidate_008,met_station_core;laser_disdrometer;cr1000xe_backbone,2.0103999999999997,calm,particle,0,0.469338595867157
7184,candidate_008,met_station_core;laser_disdrometer;cr1000xe_backbone,2.0103999999999997,calm,particle,0,0.3495582640171051
7184,candidate_008,met_station_core;laser_disdrometer;cr1000xe_backbone,2.0103999999999997,calm,particle,0,0.35355144739151
7184,candidate_008,met_station_core;laser_disdrometer;cr1000xe_backbone,2.0103999999999997,calm,particle,0,0.4538809359073639
7184,candidate_008,met_station_core;laser_disdrometer;cr1000xe_backbone,2.0103999999999997,calm,particle,0,0.46066009998321533
7184,candidate_008,met_station_core;laser_disdrometer;cr1000xe_backbone,2.0103999999999997,calm,particle,0,0.4122704267501831
7184,candidate_008,met_station_core;laser_disdrometer;cr1000xe_backbone,2.0103999999999997,calm,particle,0,0.42055511474609375
7184,candidate_008,met_station_core;laser_disdrometer;cr1000xe_backbone,2.0103999999999997,calm,particle,0,0.3154866695404053
7184,candidate_008,met_station_core;laser_disdrometer;cr1000xe_backbone,2.0103999999999997,calm,particle,0,0.26539403200149536
7184,candidate_008,met_station_core;laser_disdrometer;cr1000xe_backbone,2.0103999999999997,calm,particle,0,0.2983646094799042
7184,candidate_008,met_station_core;laser_disdrometer;cr1000xe_backbone,2.0103999999999997,calm,particle,0,0.3796437680721283
7184,candidate_008,met_station_core;laser_disdrometer;cr1000xe_backbone,2.0103999999999997,calm,particle,0,0.3462983965873718
7184,candidate_008,met_station_core;laser_disdrometer;cr1000xe_backbone,2.0103999999999997,calm,particle,0,0.3881165683269501
7184,candidate_008,met_station_core;laser_disdrometer;cr1000xe_backbone,2.0103999999999997,calm,particle,0,0.45030441880226135
7184,candidate_008,met_station_core;laser_disdrometer;cr1000xe_backbone,2.0103999999999997,calm,particle,0,0.45620596408843994
7184,candidate_008,met_station_core;laser_disdrometer;cr1000xe_backbone,2.0103999999999997,calm,particle,0,0.39187872409820557
7184,candidate_008,met_station_core;laser_disdrometer;cr1000xe_backbone,2.0103999999999997,calm,particle,0,0.2780882716178894
7184,candidate_008,met_station_core;laser_disdrometer;cr1000xe_backbone,2.0103999999999997,calm,particle,0,0.2700634002685547
7184,candidate_008,met_station_core;laser_disdrometer;cr1000xe_backbone,2.0103999999999997,calm,particle,0,0.2707662880420685
7184,candidate_008,met_station_core;laser_disdrometer;cr1000xe_backbone,2.0103999999999997,calm,particle,0,0.3042631447315216
7184,candidate_008,met_station_core;laser_disdrometer;cr1000xe_backbone,2.0103999999999997,calm,particle,0,0.3072477877140045
7184,candidate_008,met_station_core;laser_disdrometer;cr1000xe_backbone,2.0103999999999997,calm,particle,0,0.3260066509246826
7184,candidate_008,met_station_core;laser_disdrometer;cr1000xe_backbone,2.0103999999999997,calm,particle,0,0.41751959919929504
7184,candidate_008,met_station_core;laser_disdrometer;cr1000xe_backbone,2.0103999999999997,calm,particle,0,0.41889360547065735
7184,candidate_008,met_station_core;laser_disdrometer;cr1000xe_backbone,2.0103999999999997,calm,particle,0,0.43331924080848694
7184,candidate_008,met_station_core;laser_disdrometer;cr1000xe_backbone,2.0103999999999997,calm,particle,0,0.46025559306144714
7184,candidate_008,met_station_core;laser_disdrometer;cr1000xe_backbone,2.0103999999999997,calm,particle,0,0.4425625503063202
7184,candidate_008,met_station_core;laser_disdrometer;cr1000xe_backbone,2.0103999999999997,calm,particle,0,0.431717187166214
7184,candidate_008,met_station_core;laser_disdrometer;cr1000xe_backbone,2.0103999999999997,calm,particle,0,0.4397059381008148
7184,candidate_008,met_station_core;laser_disdrometer;cr1000xe_backbone,2.0103999999999997,calm,particle,0,0.4491519331932068
7184,candidate_008,met_station_core;laser_disdrometer;cr1000xe_backbone,2.0103999999999997,calm,thermal,0,0.3966447710990906
7184,candidate_008,met_station_core;laser_disdrometer;cr1000xe_backbone,2.0103999999999997,calm,thermal,0,0.4068047106266022
7184,candidate_008,met_station_core;laser_disdrometer;cr1000xe_backbone,2.0103999999999997,calm,thermal,0,0.39523452520370483
7184,candidate_008,met_station_core;laser_disdrometer;cr1000xe_backbone,2.0103999999999997,calm,thermal,0,0.37406104803085327
7184,candidate_008,met_station_core;laser_disdrometer;cr1000xe_backbone,2.0103999999999997,calm,thermal,0,0.3538114130496979
7184,candidate_008,met_station_core;laser_disdrometer;cr1000xe_backbone,2.0103999999999997,calm,thermal,0,0.3054511845111847
7184,candidate_008,met_station_core;laser_disdrometer;cr1000xe_backbone,2.0103999999999997,calm,thermal,0,0.39340081810951233
7184,candidate_008,met_station_core;laser_disdrometer;cr1000xe_backbone,2.0103999999999997,calm,thermal,0,0.40379178524017334
7184,candidate_008,met_station_core;laser_disdrometer;cr1000xe_backbone,2.0103999999999997,calm,thermal,0,0.47178277373313904
7184,candidate_008,met_station_core;laser_disdrometer;cr1000xe_backbone,2.0103999999999997,calm,thermal,0,0.425398051738739
7184,candidate_008,met_station_core;laser_disdrometer;cr1000xe_backbone,2.0103999999999997,calm,thermal,0,0.34943535923957825
7184,candidate_008,met_station_core;laser_disdrometer;cr1000xe_backbone,2.0103999999999997,calm,thermal,0,0.31626397371292114
7184,candidate_008,met_station_core;laser_disdrometer;cr1000xe_backbone,2.0103999999999997,calm,thermal,0,0.32086044549942017
7184,candidate_008,met_station_core;laser_disdrometer;cr1000xe_backbone,2.0103999999999997,calm,thermal,0,0.29228222370147705
7184,candidate_008,met_station_core;laser_disdrometer;cr1000xe_backbone,2.0103999999999997,calm,thermal,0,0.32734882831573486
7184,candidate_008,met_station_core;laser_disdrometer;cr1000xe_backbone,2.0103999999999997,calm,thermal,0,0.35236382484436035
7184,candidate_008,met_station_core;laser_disdrometer;cr1000xe_backbone,2.0103999999999997,calm,thermal,0,0.3935392498970032
7184,candidate_008,met_station_core;laser_disdrometer;cr1000xe_backbone,2.0103999999999997,calm,thermal,0,0.43392491340637207
7184,candidate_008,met_station_core;laser_disdrometer;cr1000xe_backbone,2.0103999999999997,calm,thermal,0,0.4546635150909424
7184,candidate_008,met_station_core;laser_disdrometer;cr1000xe_backbone,2.0103999999999997,calm,thermal,0,0.4945608675479889
7184,candidate_008,met_station_core;laser_disdrometer;cr1000xe_backbone,2.0103999999999997,calm,thermal,0,0.4624229669570923
7184,candidate_008,met_station_core;laser_disdrometer;cr1000xe_backbone,2.0103999999999997,calm,thermal,0,0.45051243901252747
7184,candidate_008,met_station_core;laser_disdrometer;cr1000xe_backbone,2.0103999999999997,calm,thermal,0,0.4578024446964264
7184,candidate_008,met_station_core;laser_disdrometer;cr1000xe_backbone,2.0103999999999997,calm,thermal,0,0.3786085546016693
7184,candidate_008,met_station_core;laser_disdrometer;cr1000xe_backbone,2.0103999999999997,calm,thermal,0,0.5123335719108582
7184,candidate_008,met_station_core;laser_disdrometer;cr1000xe_backbone,2.0103999999999997,calm,thermal,0,0.3671325445175171
7184,candidate_008,met_station_core;laser_disdrometer;cr1000xe_backbone,2.0103999999999997,calm,transport,0,0.4154365360736847
7184,candidate_008,met_station_core;laser_disdrometer;cr1000xe_backbone,2.0103999999999997,calm,transport,0,0.3196568787097931
7184,candidate_008,met_station_core;laser_disdrometer;cr1000xe_backbone,2.0103999999999997,calm,transport,0,0.3517360985279083
7184,candidate_008,met_station_core;laser_disdrometer;cr1000xe_backbone,2.0103999999999997,calm,transport,0,0.2955690324306488
7184,candidate_008,met_station_core;laser_disdrometer;cr1000xe_backbone,2.0103999999999997,calm,transport,0,0.30684515833854675
7184,candidate_008,met_station_core;laser_disdrometer;cr1000xe_backbone,2.0103999999999997,calm,transport,0,0.34132319688796997
7184,candidate_008,met_station_core;laser_disdrometer;cr1000xe_backbone,2.0103999999999997,calm,transport,0,0.3726622760295868
7184,candidate_008,met_station_core;laser_disdrometer;cr1000xe_backbone,2.0103999999999997,calm,transport,0,0.3533993363380432
7184,candidate_008,met_station_core;laser_disdrometer;cr1000xe_backbone,2.0103999999999997,calm,transport,0,0.38860437273979187
7184,candidate_008,met_station_core;laser_disdrometer;cr1000xe_backbone,2.0103999999999997,calm,transport,0,0.3658296465873718
7184,candidate_008,met_station_core;laser_disdrometer;cr1000xe_backbone,2.0103999999999997,calm,transport,0,0.3752506971359253
7184,candidate_008,met_station_core;laser_disdrometer;cr1000xe_backbone,2.0103999999999997,calm,transport,0,0.3991190493106842
7184,candidate_008,met_station_core;laser_disdrometer;cr1000xe_backbone,2.0103999999999997,calm,transport,0,0.37788984179496765
7184,candidate_008,met_station_core;laser_disdrometer;cr1000xe_backbone,2.0103999999999997,calm,transport,0,0.38743624091148376
7184,candidate_008,met_station_core;laser_disdrometer;cr1000xe_backbone,2.0103999999999997,calm,transport,0,0.4494739770889282
7184,candidate_008,met_station_core;laser_disdrometer;cr1000xe_backbone,2.0103999999999997,calm,transport,0,0.5540524125099182
7184,candidate_008,met_station_core;laser_disdrometer;cr1000xe_backbone,2.0103999999999997,calm,transport,0,0.6730661988258362
7184,candidate_008,met_station_core;laser_disdrometer;cr1000xe_backbone,2.0103999999999997,calm,transport,0,0.654000997543335
7184,candidate_008,met_station_core;laser_disdrometer;cr1000xe_backbone,2.0103999999999997,calm,transport,0,0.7048528790473938
7184,candidate_008,met_station_core;laser_disdrometer;cr1000xe_backbone,2.0103999999999997,calm,transport,0,0.7720511555671692
7184,candidate_008,met_station_core;laser_disdrometer;cr1000xe_backbone,2.0103999999999997,calm,transport,0,0.7615414261817932
7184,candidate_008,met_station_core;laser_disdrometer;cr1000xe_backbone,2.0103999999999997,calm,transport,0,0.629351019859314
7184,candidate_008,met_station_core;laser_disdrometer;cr1000xe_backbone,2.0103999999999997,calm,transport,0,0.5544171929359436
7184,candidate_008,met_station_core;laser_disdrometer;cr1000xe_backbone,2.0103999999999997,calm,transport,0,0.44836753606796265
7184,candidate_008,met_station_core;laser_disdrometer;cr1000xe_backbone,2.0103999999999997,calm,transport,0,0.4092576205730438
7184,candidate_008,met_station_core;laser_disdrometer;cr1000xe_backbone,2.0103999999999997,calm,particle,0,0.4124140441417694
7184,candidate_008,met_station_core;laser_disdrometer;cr1000xe_backbone,2.0103999999999997,calm,particle,0,0.3877955973148346
7184,candidate_008,met_station_core;laser_disdrometer;cr1000xe_backbone,2.0103999999999997,calm,particle,0,0.38519003987312317
7184,candidate_008,met_station_core;laser_disdrometer;cr1000xe_backbone,2.0103999999999997,calm,particle,0,0.3450795114040375
7184,candidate_008,met_station_core;laser_disdrometer;cr1000xe_backbone,2.0103999999999997,calm,particle,0,0.3560967743396759
7184,candidate_008,met_station_core;laser_disdrometer;cr1000xe_backbone,2.0103999999999997,calm,particle,0,0.3788686692714691
7184,candidate_008,met_station_core;laser_disdrometer;cr1000xe_backbone,2.0103999999999997,calm,particle,0,0.40969419479370117
7184,candidate_008,met_station_core;laser_disdrometer;cr1000xe_backbone,2.0103999999999997,calm,particle,0,0.4421943426132202
7184,candidate_008,met_station_core;laser_disdrometer;cr1000xe_backbone,2.0103999999999997,calm,particle,0,0.43543100357055664
7184,candidate_008,met_station_core;laser_disdrometer;cr1000xe_backbone,2.0103999999999997,calm,particle,0,0.42380186915397644
7184,candidate_008,met_station_core;laser_disdrometer;cr1000xe_backbone,2.0103999999999997,calm,particle,0,0.41615867614746094
7184,candidate_008,met_station_core;laser_disdrometer;cr1000xe_backbone,2.0103999999999997,calm,particle,0,0.4130261242389679
7184,candidate_008,met_station_core;laser_disdrometer;cr1000xe_backbone,2.0103999999999997,calm,particle,0,0.4075392782688141
7184,candidate_008,met_station_core;laser_disdrometer;cr1000xe_backbone,2.0103999999999997,calm,particle,0,0.447815477848053
7184,candidate_008,met_station_core;laser_disdrometer;cr1000xe_backbone,2.0103999999999997,calm,particle,0,0.47427618503570557
7184,candidate_008,met_station_core;laser_disdrometer;cr1000xe_backbone,2.0103999999999997,calm,particle,0,0.4651992619037628
7184,candidate_008,met_station_core;laser_disdrometer;cr1000xe_backbone,2.0103999999999997,calm,particle,0,0.428570032119751
7184,candidate_008,met_station_core;laser_disdrometer;cr1000xe_backbone,2.0103999999999997,calm,particle,0,0.5124889612197876
7184,candidate_008,met_station_core;laser_disdrometer;cr1000xe_backbone,2.0103999999999997,calm,particle,0,0.527731716632843
7184,candidate_008,met_station_core;laser_disdrometer;cr1000xe_backbone,2.0103999999999997,calm,particle,0,0.5800662040710449
7184,candidate_008,met_station_core;laser_disdrometer;cr1000xe_backbone,2.0103999999999997,calm,particle,0,0.5522250533103943
7184,candidate_008,met_station_core;laser_disdrometer;cr1000xe_backbone,2.0103999999999997,calm,particle,0,0.6610277891159058
7184,candidate_008,met_station_core;laser_disdrometer;cr1000xe_backbone,2.0103999999999997,calm,particle,0,0.6381043791770935
7184,candidate_008,met_station_core;laser_disdrometer;cr1000xe_backbone,2.0103999999999997,calm,particle,0,0.6695103049278259
7184,candidate_008,met_station_core;laser_disdrometer;cr1000xe_backbone,2.0103999999999997,calm,particle,0,0.7447963356971741
7184,candidate_008,met_station_core;laser_disdrometer;cr1000xe_backbone,2.0103999999999997,calm,particle,0,0.6722050309181213
7184,candidate_008,met_station_core;laser_disdrometer;cr1000xe_backbone,2.0103999999999997,calm,particle,0,0.610046923160553
7184,candidate_008,met_station_core;laser_disdrometer;cr1000xe_backbone,2.0103999999999997,calm,particle,0,0.5828192234039307
7184,candidate_008,met_station_core;laser_disdrometer;cr1000xe_backbone,2.0103999999999997,calm,particle,0,0.5871182680130005
7184,candidate_008,met_station_core;laser_disdrometer;cr1000xe_backbone,2.0103999999999997,calm,particle,0,0.625622034072876
7184,candidate_008,met_station_core;laser_disdrometer;cr1000xe_backbone,2.0103999999999997,calm,particle,0,0.7304511666297913
7184,candidate_008,met_station_core;laser_disdrometer;cr1000xe_backbone,2.0103999999999997,calm,particle,0,0.859445333480835
7184,candidate_008,met_station_core;laser_disdrometer;cr1000xe_backbone,2.0103999999999997,calm,thermal,0,1.02157723903656
7184,candidate_008,met_station_core;laser_disdrometer;cr1000xe_backbone,2.0103999999999997,calm,thermal,0,0.9638033509254456
7184,candidate_008,met_station_core;laser_disdrometer;cr1000xe_backbone,2.0103999999999997,calm,thermal,0,1.072402000427246
7184,candidate_008,met_station_core;laser_disdrometer;cr1000xe_backbone,2.0103999999999997,calm,thermal,0,0.9255532622337341
7184,candidate_008,met_station_core;laser_disdrometer;cr1000xe_backbone,2.0103999999999997,calm,thermal,0,0.9601986408233643
7184,candidate_008,met_station_core;laser_disdrometer;cr1000xe_backbone,2.0103999999999997,calm,thermal,0,0.7263209223747253
7184,candidate_008,met_station_core;laser_disdrometer;cr1000xe_backbone,2.0103999999999997,calm,thermal,0,0.8384790420532227
7184,candidate_008,met_station_core;laser_disdrometer;cr1000xe_backbone,2.0103999999999997,calm,thermal,0,0.9027029275894165
7184,candidate_008,met_station_core;laser_disdrometer;cr1000xe_backbone,2.0103999999999997,calm,thermal,0,0.9404847025871277
7184,candidate_008,met_station_core;laser_disdrometer;cr1000xe_backbone,2.0103999999999997,calm,thermal,0,1.0072883367538452
7184,candidate_008,met_station_core;laser_disdrometer;cr1000xe_backbone,2.0103999999999997,calm,thermal,0,0.9725914001464844
7184,candidate_008,met_station_core;laser_disdrometer;cr1000xe_backbone,2.0103999999999997,calm,thermal,0,0.956825315952301
7184,candidate_008,met_station_core;laser_disdrometer;cr1000xe_backbone,2.0103999999999997,calm,thermal,0,0.9463136792182922
7184,candidate_008,met_station_core;laser_disdrometer;cr1000xe_backbone,2.0103999999999997,calm,thermal,0,1.0873855352401733
7184,candidate_008,met_station_core;laser_disdrometer;cr1000xe_backbone,2.0103999999999997,calm,thermal,0,1.0323460102081299
7184,candidate_008,met_station_core;laser_disdrometer;cr1000xe_backbone,2.0103999999999997,calm,thermal,0,1.0075308084487915
7184,candidate_008,met_station_core;laser_disdrometer;cr1000xe_backbone,2.0103999999999997,calm,thermal,0,0.921675443649292
7184,candidate_008,met_station_core;laser_disdrometer;cr1000xe_backbone,2.0103999999999997,calm,thermal,0,0.9155616760253906
7184,candidate_008,met_station_core;laser_disdrometer;cr1000xe_backbone,2.0103999999999997,calm,thermal,0,0.6544074416160583
7184,candidate_008,met_station_core;laser_disdrometer;cr1000xe_backbone,2.0103999999999997,calm,thermal,0,0.6223016977310181
7184,candidate_008,met_station_core;laser_disdrometer;cr1000xe_backbone,2.0103999999999997,calm,thermal,0,0.7768315672874451
7184,candidate_008,met_station_core;laser_disdrometer;cr1000xe_backbone,2.0103999999999997,calm,transport,0,0.7492693066596985
7184,candidate_008,met_station_core;laser_disdrometer;cr1000xe_backbone,2.0103999999999997,calm,transport,0,0.9245354533195496
7184,candidate_008,met_station_core;laser_disdrometer;cr1000xe_backbone,2.0103999999999997,calm,transport,0,0.9314603209495544
7184,candidate_008,met_station_core;laser_disdrometer;cr1000xe_backbone,2.0103999999999997,calm,transport,0,0.9684576988220215
7184,candidate_008,met_station_core;laser_disdrometer;cr1000xe_backbone,2.0103999999999997,calm,transport,0,0.8321038484573364
7184,candidate_008,met_station_core;laser_disdrometer;cr1000xe_backbone,2.0103999999999997,calm,transport,0,0.89931720495224
7184,candidate_008,met_station_core;laser_disdrometer;cr1000xe_backbone,2.0103999999999997,calm,transport,0,0.6606730818748474
7184,candidate_008,met_station_core;laser_disdrometer;cr1000xe_backbone,2.0103999999999997,calm,transport,0,0.7439888119697571
7184,candidate_008,met_station_core;laser_disdrometer;cr1000xe_backbone,2.0103999999999997,calm,transport,0,0.650711715221405
7184,candidate_008,met_station_core;laser_disdrometer;cr1000xe_backbone,2.0103999999999997,calm,transport,0,0.6938398480415344
7184,candidate_008,met_station_core;laser_disdrometer;cr1000xe_backbone,2.0103999999999997,calm,transport,0,0.6438283920288086
7184,candidate_008,met_station_core;laser_disdrometer;cr1000xe_backbone,2.0103999999999997,calm,transport,0,0.7336452007293701
7184,candidate_008,met_station_core;laser_disdrometer;cr1000xe_backbone,2.0103999999999997,calm,transport,0,0.8659970760345459
7184,candidate_008,met_station_core;laser_disdrometer;cr1000xe_backbone,2.0103999999999997,calm,transport,0,0.9276924133300781
7184,candidate_008,met_station_core;laser_disdrometer;cr1000xe_backbone,2.0103999999999997,calm,transport,0,0.9694522619247437
7184,candidate_008,met_station_core;laser_disdrometer;cr1000xe_backbone,2.0103999999999997,calm,transport,0,0.9438603520393372
7184,candidate_008,met_station_core;laser_disdrometer;cr1000xe_backbone,2.0103999999999997,calm,transport,0,0.9040830731391907
7184,candidate_008,met_station_core;laser_disdrometer;cr1000xe_backbone,2.0103999999999997,calm,transport,0,0.878196120262146
7184,candidate_008,met_station_core;laser_disdrometer;cr1000xe_backbone,2.0103999999999997,calm,transport,0,0.7758899927139282
7184,candidate_008,met_station_core;laser_disdrometer;cr1000xe_backbone,2.0103999999999997,calm,transport,0,0.6019213795661926
7184,candidate_008,met_station_core;laser_disdrometer;cr1000xe_backbone,2.0103999999999997,calm,transport,0,0.5162689089775085
7184,candidate_008,met_station_core;laser_disdrometer;cr1000xe_backbone,2.0103999999999997,calm,transport,0,0.41302037239074707
7184,candidate_008,met_station_core;laser_disdrometer;cr1000xe_backbone,2.0103999999999997,calm,transport,0,0.3913081884384155
7184,candidate_008,met_station_core;laser_disdrometer;cr1000xe_backbone,2.0103999999999997,calm,transport,0,0.40152451395988464
7184,candidate_008,met_station_core;laser_disdrometer;cr1000xe_backbone,2.0103999999999997,calm,transport,0,0.46785855293273926
7184,candidate_008,met_station_core;laser_disdrometer;cr1000xe_backbone,2.0103999999999997,calm,transport,0,0.43985044956207275
7184,candidate_008,met_station_core;laser_disdrometer;cr1000xe_backbone,2.0103999999999997,calm,transport,0,0.4921424090862274
7184,candidate_008,met_station_core;laser_disdrometer;cr1000xe_backbone,2.0103999999999997,calm,transport,0,0.561577320098877
7184,candidate_008,met_station_core;laser_disdrometer;cr1000xe_backbone,2.0103999999999997,calm,thermal,0,0.38468584418296814
7184,candidate_008,met_station_core;laser_disdrometer;cr1000xe_backbone,2.0103999999999997,calm,thermal,0,0.32392171025276184
7184,candidate_008,met_station_core;laser_disdrometer;cr1000xe_backbone,2.0103999999999997,particle,thermal,1,0.3540559709072113
7184,candidate_008,met_station_core;laser_disdrometer;cr1000xe_backbone,2.0103999999999997,particle,thermal,1,0.31275707483291626
7184,candidate_008,met_station_core;laser_disdrometer;cr1000xe_backbone,2.0103999999999997,particle,thermal,1,0.4071562588214874
7184,candidate_008,met_station_core;laser_disdrometer;cr1000xe_backbone,2.0103999999999997,particle,thermal,1,0.500397801399231
7184,candidate_008,met_station_core;laser_disdrometer;cr1000xe_backbone,2.0103999999999997,particle,thermal,1,0.8851776719093323
7184,candidate_008,met_station_core;laser_disdrometer;cr1000xe_backbone,2.0103999999999997,particle,thermal,1,1.155383825302124
7184,candidate_008,met_station_core;laser_disdrometer;cr1000xe_backbone,2.0103999999999997,particle,thermal,1,1.6607556343078613
7184,candidate_008,met_station_core;laser_disdrometer;cr1000xe_backbone,2.0103999999999997,particle,thermal,1,1.9121496677398682
7184,candidate_008,met_station_core;laser_disdrometer;cr1000xe_backbone,2.0103999999999997,particle,thermal,1,2.2027034759521484
7184,candidate_008,met_station_core;laser_disdrometer;cr1000xe_backbone,2.0103999999999997,particle,thermal,1,2.359358787536621
7184,candidate_008,met_station_core;laser_disdrometer;cr1000xe_backbone,2.0103999999999997,particle,thermal,1,2.66606068611145
7184,candidate_008,met_station_core;laser_disdrometer;cr1000xe_backbone,2.0103999999999997,particle,thermal,1,2.9496548175811768
7184,candidate_008,met_station_core;laser_disdrometer;cr1000xe_backbone,2.0103999999999997,particle,transport,1,2.883904457092285
7184,candidate_008,met_station_core;laser_disdrometer;cr1000xe_backbone,2.0103999999999997,particle,transport,1,2.8310275077819824
7184,candidate_008,met_station_core;laser_disdrometer;cr1000xe_backbone,2.0103999999999997,particle,transport,1,2.775937557220459
7184,candidate_008,met_station_core;laser_disdrometer;cr1000xe_backbone,2.0103999999999997,particle,transport,1,2.7666749954223633
7184,candidate_008,met_station_core;laser_disdrometer;cr1000xe_backbone,2.0103999999999997,particle,transport,1,2.7285287380218506
7184,candidate_008,met_station_core;laser_disdrometer;cr1000xe_backbone,2.0103999999999997,particle,transport,1,2.727217197418213
7184,candidate_008,met_station_core;laser_disdrometer;cr1000xe_backbone,2.0103999999999997,particle,transport,1,2.7123544216156006
7184,candidate_008,met_station_core;laser_disdrometer;cr1000xe_backbone,2.0103999999999997,particle,transport,1,2.739643096923828
7184,candidate_008,met_station_core;laser_disdrometer;cr1000xe_backbone,2.0103999999999997,particle,transport,1,2.81742000579834
7184,candidate_008,met_station_core;laser_disdrometer;cr1000xe_backbone,2.0103999999999997,particle,transport,1,2.755281448364258
7184,candidate_008,met_station_core;laser_disdrometer;cr1000xe_backbone,2.0103999999999997,particle,transport,1,2.8060028553009033
7184,candidate_008,met_station_core;laser_disdrometer;cr1000xe_backbone,2.0103999999999997,particle,transport,1,2.8136179447174072
7184,candidate_008,met_station_core;laser_disdrometer;cr1000xe_backbone,2.0103999999999997,particle,transport,1,2.7701871395111084
7184,candidate_008,met_station_core;laser_disdrometer;cr1000xe_backbone,2.0103999999999997,particle,transport,1,2.7726714611053467
7184,candidate_008,met_station_core;laser_disdrometer;cr1000xe_backbone,2.0103999999999997,particle,transport,1,2.7779839038848877
7184,candidate_008,met_station_core;laser_disdrometer;cr1000xe_backbone,2.0103999999999997,particle,transport,1,2.7482008934020996
7184,candidate_008,met_station_core;laser_disdrometer;cr1000xe_backbone,2.0103999999999997,particle,transport,1,2.67060923576355
7184,candidate_008,met_station_core;laser_disdrometer;cr1000xe_backbone,2.0103999999999997,particle,transport,1,2.701014995574951
7184,candidate_008,met_station_core;laser_disdrometer;cr1000xe_backbone,2.0103999999999997,particle,transport,1,2.437530755996704
7184,candidate_008,met_station_core;laser_disdrometer;cr1000xe_backbone,2.0103999999999997,particle,transport,1,2.1859240531921387
7184,candidate_008,met_station_core;laser_disdrometer;cr1000xe_backbone,2.0103999999999997,particle,transport,1,1.8890713453292847
7184,candidate_008,met_station_core;laser_disdrometer;cr1000xe_backbone,2.0103999999999997,particle,transport,1,1.5930006504058838
7184,candidate_008,met_station_core;laser_disdrometer;cr1000xe_backbone,2.0103999999999997,particle,transport,1,1.3484604358673096
7184,candidate_008,met_station_core;laser_disdrometer;cr1000xe_backbone,2.0103999999999997,particle,transport,1,1.0617886781692505
7184,candidate_008,met_station_core;laser_disdrometer;cr1000xe_backbone,2.0103999999999997,particle,transport,1,0.9261048436164856
7184,candidate_008,met_station_core;laser_disdrometer;cr1000xe_backbone,2.0103999999999997,particle,transport,1,0.6923725605010986
7184,candidate_008,met_station_core;laser_disdrometer;cr1000xe_backbone,2.0103999999999997,particle,particle,1,0.5050809383392334
7184,candidate_008,met_station_core;laser_disdrometer;cr1000xe_backbone,2.0103999999999997,particle,particle,1,0.5484975576400757
7184,candidate_008,met_station_core;laser_disdrometer;cr1000xe_backbone,2.0103999999999997,particle,particle,1,0.5663400292396545
7184,candidate_008,met_station_core;laser_disdrometer;cr1000xe_backbone,2.0103999999999997,particle,particle,1,0.6016352772712708
7184,candidate_008,met_station_core;laser_disdrometer;cr1000xe_backbone,2.0103999999999997,particle,particle,1,0.625484824180603
7184,candidate_008,met_station_core;laser_disdrometer;cr1000xe_backbone,2.0103999999999997,particle,particle,1,0.6845557689666748
7184,candidate_008,met_station_core;laser_disdrometer;cr1000xe_backbone,2.0103999999999997,particle,particle,1,0.6426221132278442
7184,candidate_008,met_station_core;laser_disdrometer;cr1000xe_backbone,2.0103999999999997,particle,particle,1,0.7281119227409363
7184,candidate_008,met_station_core;laser_disdrometer;cr1000xe_backbone,2.0103999999999997,particle,particle,1,0.699888288974762
7184,candidate_008,met_station_core;laser_disdrometer;cr1000xe_backbone,2.0103999999999997,particle,particle,1,0.7498138546943665
7184,candidate_008,met_station_core;laser_disdrometer;cr1000xe_backbone,2.0103999999999997,particle,particle,1,0.7739670276641846
7184,candidate_008,met_station_core;laser_disdrometer;cr1000xe_backbone,2.0103999999999997,particle,particle,1,0.77188640832901
7184,candidate_008,met_station_core;laser_disdrometer;cr1000xe_backbone,2.0103999999999997,particle,particle,1,0.8130451440811157
7184,candidate_008,met_station_core;laser_disdrometer;cr1000xe_backbone,2.0103999999999997,particle,particle,1,0.7119005918502808
7184,candidate_008,met_station_core;laser_disdrometer;cr1000xe_backbone,2.0103999999999997,particle,particle,1,0.7055401802062988
7184,candidate_008,met_station_core;laser_disdrometer;cr1000xe_backbone,2.0103999999999997,particle,particle,1,0.692528247833252
7184,candidate_008,met_station_core;laser_disdrometer;cr1000xe_backbone,2.0103999999999997,particle,particle,1,0.6251423358917236
7184,candidate_008,met_station_core;laser_disdrometer;cr1000xe_backbone,2.0103999999999997,calm,particle,0,0.6105372905731201
7184,candidate_008,met_station_core;laser_disdrometer;cr1000xe_backbone,2.0103999999999997,calm,thermal,0,0.6349613666534424
7184,candidate_008,met_station_core;laser_disdrometer;cr1000xe_backbone,2.0103999999999997,calm,thermal,0,0.616007924079895
7184,candidate_008,met_station_core;laser_disdrometer;cr1000xe_backbone,2.0103999999999997,calm,thermal,0,0.5230953097343445
7184,candidate_008,met_station_core;laser_disdrometer;cr1000xe_backbone,2.0103999999999997,calm,thermal,0,0.4423108398914337
7184,candidate_008,met_station_core;laser_disdrometer;cr1000xe_backbone,2.0103999999999997,calm,thermal,0,0.3860218822956085
7184,candidate_008,met_station_core;laser_disdrometer;cr1000xe_backbone,2.0103999999999997,calm,thermal,0,0.43255850672721863
7184,candidate_008,met_station_core;laser_disdrometer;cr1000xe_backbone,2.0103999999999997,calm,thermal,0,0.41023021936416626
7184,candidate_008,met_station_core;laser_disdrometer;cr1000xe_backbone,2.0103999999999997,calm,thermal,0,0.4326075315475464
7184,candidate_008,met_station_core;laser_disdrometer;cr1000xe_backbone,2.0103999999999997,calm,thermal,0,0.45407620072364807
7184,candidate_008,met_station_core;laser_disdrometer;cr1000xe_backbone,2.0103999999999997,calm,thermal,0,0.4560834765434265
7184,candidate_008,met_station_core;laser_disdrometer;cr1000xe_backbone,2.0103999999999997,calm,thermal,0,0.4535677433013916
7184,candidate_008,met_station_core;laser_disdrometer;cr1000xe_backbone,2.0103999999999997,calm,thermal,0,0.5233776569366455
7184,candidate_008,met_station_core;laser_disdrometer;cr1000xe_backbone,2.0103999999999997,calm,thermal,0,0.5632360577583313
7184,candidate_008,met_station_core;laser_disdrometer;cr1000xe_backbone,2.0103999999999997,flux,thermal,2,0.6712726950645447
7184,candidate_008,met_station_core;laser_disdrometer;cr1000xe_backbone,2.0103999999999997,flux,thermal,2,0.9397614598274231
7184,candidate_008,met_station_core;laser_disdrometer;cr1000xe_backbone,2.0103999999999997,flux,thermal,2,1.3327420949935913
7184,candidate_008,met_station_core;laser_disdrometer;cr1000xe_backbone,2.0103999999999997,flux,thermal,2,1.657884120941162
7184,candidate_008,met_station_core;laser_disdrometer;cr1000xe_backbone,2.0103999999999997,flux,thermal,2,1.8132903575897217
7184,candidate_008,met_station_core;laser_disdrometer;cr1000xe_backbone,2.0103999999999997,flux,thermal,2,1.9862974882125854
7184,candidate_008,met_station_core;laser_disdrometer;cr1000xe_backbone,2.0103999999999997,flux,thermal,2,2.199469566345215
7184,candidate_008,met_station_core;laser_disdrometer;cr1000xe_backbone,2.0103999999999997,flux,thermal,2,2.4175450801849365
7184,candidate_008,met_station_core;laser_disdrometer;cr1000xe_backbone,2.0103999999999997,flux,thermal,2,2.6444549560546875
7184,candidate_008,met_station_core;laser_disdrometer;cr1000xe_backbone,2.0103999999999997,flux,transport,2,2.637751579284668
7184,candidate_008,met_station_core;laser_disdrometer;cr1000xe_backbone,2.0103999999999997,flux,transport,2,2.6383419036865234
7184,candidate_008,met_station_core;laser_disdrometer;cr1000xe_backbone,2.0103999999999997,flux,transport,2,2.6467392444610596
7184,candidate_008,met_station_core;laser_disdrometer;cr1000xe_backbone,2.0103999999999997,flux,transport,2,2.676419258117676
7184,candidate_008,met_station_core;laser_disdrometer;cr1000xe_backbone,2.0103999999999997,flux,transport,2,2.6420083045959473
7184,candidate_008,met_station_core;laser_disdrometer;cr1000xe_backbone,2.0103999999999997,flux,transport,2,2.660118341445923
7184,candidate_008,met_station_core;laser_disdrometer;cr1000xe_backbone,2.0103999999999997,flux,transport,2,2.647473096847534
7184,candidate_008,met_station_core;laser_disdrometer;cr1000xe_backbone,2.0103999999999997,flux,transport,2,2.6249399185180664
7184,candidate_008,met_station_core;laser_disdrometer;cr1000xe_backbone,2.0103999999999997,flux,transport,2,2.604170799255371
7184,candidate_008,met_station_core;laser_disdrometer;cr1000xe_backbone,2.0103999999999997,flux,transport,2,2.633647918701172
7184,candidate_008,met_station_core;laser_disdrometer;cr1000xe_backbone,2.0103999999999997,flux,transport,2,2.6457808017730713
7184,candidate_008,met_station_core;laser_disdrometer;cr1000xe_backbone,2.0103999999999997,flux,transport,2,2.638413190841675
7184,candidate_008,met_station_core;laser_disdrometer;cr1000xe_backbone,2.0103999999999997,flux,transport,2,2.6888301372528076
7184,candidate_008,met_station_core;laser_disdrometer;cr1000xe_backbone,2.0103999999999997,flux,transport,2,2.688105344772339
7184,candidate_008,met_station_core;laser_disdrometer;cr1000xe_backbone,2.0103999999999997,flux,transport,2,2.4524614810943604
7184,candidate_008,met_station_core;laser_disdrometer;cr1000xe_backbone,2.0103999999999997,flux,transport,2,2.180433750152588
7184,candidate_008,met_station_core;laser_disdrometer;cr1000xe_backbone,2.0103999999999997,flux,transport,2,1.9808406829833984
7184,candidate_008,met_station_core;laser_disdrometer;cr1000xe_backbone,2.0103999999999997,flux,transport,2,1.6763830184936523
7184,candidate_008,met_station_core;laser_disdrometer;cr1000xe_backbone,2.0103999999999997,flux,transport,2,1.4544113874435425
7184,candidate_008,met_station_core;laser_disdrometer;cr1000xe_backbone,2.0103999999999997,flux,transport,2,1.1768743991851807
7184,candidate_008,met_station_core;laser_disdrometer;cr1000xe_backbone,2.0103999999999997,flux,transport,2,0.9065894484519958
7184,candidate_008,met_station_core;laser_disdrometer;cr1000xe_backbone,2.0103999999999997,flux,transport,2,0.6239244341850281
7184,candidate_008,met_station_core;laser_disdrometer;cr1000xe_backbone,2.0103999999999997,flux,particle,2,0.5608130097389221
7184,candidate_008,met_station_core;laser_disdrometer;cr1000xe_backbone,2.0103999999999997,flux,particle,2,0.443869024515152
7184,candidate_008,met_station_core;laser_disdrometer;cr1000xe_backbone,2.0103999999999997,flux,particle,2,0.4702179431915283
7184,candidate_008,met_station_core;laser_disdrometer;cr1000xe_backbone,2.0103999999999997,flux,particle,2,0.5317204594612122
7184,candidate_008,met_station_core;laser_disdrometer;cr1000xe_backbone,2.0103999999999997,calm,particle,0,0.44914713501930237
7184,candidate_008,met_station_core;laser_disdrometer;cr1000xe_backbone,2.0103999999999997,calm,particle,0,0.33877629041671753
7184,candidate_008,met_station_core;laser_disdrometer;cr1000xe_backbone,2.0103999999999997,calm,particle,0,0.3881438374519348
7184,candidate_008,met_station_core;laser_disdrometer;cr1000xe_backbone,2.0103999999999997,calm,particle,0,0.34380248188972473
7184,candidate_008,met_station_core;laser_disdrometer;cr1000xe_backbone,2.0103999999999997,calm,particle,0,0.360928475856781
7184,candidate_008,met_station_core;laser_disdrometer;cr1000xe_backbone,2.0103999999999997,calm,particle,0,0.44593238830566406
7184,candidate_008,met_station_core;laser_disdrometer;cr1000xe_backbone,2.0103999999999997,calm,particle,0,0.4843425154685974
7184,candidate_008,met_station_core;laser_disdrometer;cr1000xe_backbone,2.0103999999999997,calm,particle,0,0.4610994756221771
7184,candidate_008,met_station_core;laser_disdrometer;cr1000xe_backbone,2.0103999999999997,calm,particle,0,0.5708153247833252
7184,candidate_008,met_station_core;laser_disdrometer;cr1000xe_backbone,2.0103999999999997,calm,particle,0,0.638043224811554
7184,candidate_008,met_station_core;laser_disdrometer;cr1000xe_backbone,2.0103999999999997,calm,particle,0,0.7458401918411255
7184,candidate_008,met_station_core;laser_disdrometer;cr1000xe_backbone,2.0103999999999997,calm,particle,0,0.8118817210197449
7184,candidate_008,met_station_core;laser_disdrometer;cr1000xe_backbone,2.0103999999999997,flux,particle,2,0.8088830709457397
7184,candidate_008,met_station_core;laser_disdrometer;cr1000xe_backbone,2.0103999999999997,flux,particle,2,0.7582061886787415
7184,candidate_008,met_station_core;laser_disdrometer;cr1000xe_backbone,2.0103999999999997,flux,particle,2,0.7484225034713745
7184,candidate_008,met_station_core;laser_disdrometer;cr1000xe_backbone,2.0103999999999997,flux,particle,2,0.732217013835907
7184,candidate_008,met_station_core;laser_disdrometer;cr1000xe_backbone,2.0103999999999997,flux,particle,2,0.6029751300811768
7184,candidate_008,met_station_core;laser_disdrometer;cr1000xe_backbone,2.0103999999999997,flux,particle,2,0.627103865146637
7184,candidate_008,met_station_core;laser_disdrometer;cr1000xe_backbone,2.0103999999999997,flux,particle,2,0.559685468673706
7184,candidate_008,met_station_core;laser_disdrometer;cr1000xe_backbone,2.0103999999999997,flux,particle,2,0.6377189755439758
7184,candidate_008,met_station_core;laser_disdrometer;cr1000xe_backbone,2.0103999999999997,flux,particle,2,0.5103210210800171
7184,candidate_008,met_station_core;laser_disdrometer;cr1000xe_backbone,2.0103999999999997,flux,particle,2,0.581670343875885
7184,candidate_008,met_station_core;laser_disdrometer;cr1000xe_backbone,2.0103999999999997,flux,particle,2,0.5651862025260925
7184,candidate_008,met_station_core;laser_disdrometer;cr1000xe_backbone,2.0103999999999997,flux,particle,2,0.5935103893280029
7184,candidate_008,met_station_core;laser_disdrometer;cr1000xe_backbone,2.0103999999999997,flux,particle,2,0.6465540528297424
7184,candidate_008,met_station_core;laser_disdrometer;cr1000xe_backbone,2.0103999999999997,flux,particle,2,0.6730960607528687
7184,candidate_008,met_station_core;laser_disdrometer;cr1000xe_backbone,2.0103999999999997,flux,particle,2,0.7263288497924805
7184,candidate_008,met_station_core;laser_disdrometer;cr1000xe_backbone,2.0103999999999997,flux,particle,2,0.7549901604652405
7184,candidate_008,met_station_core;laser_disdrometer;cr1000xe_backbone,2.0103999999999997,flux,thermal,2,0.48410913348197937
7184,candidate_008,met_station_core;laser_disdrometer;cr1000xe_backbone,2.0103999999999997,flux,thermal,2,0.406188428401947
7184,candidate_008,met_station_core;laser_disdrometer;cr1000xe_backbone,2.0103999999999997,flux,thermal,2,0.40547341108322144
7184,candidate_008,met_station_core;laser_disdrometer;cr1000xe_backbone,2.0103999999999997,flux,thermal,2,0.39400264620780945
7184,candidate_008,met_station_core;laser_disdrometer;cr1000xe_backbone,2.0103999999999997,flux,thermal,2,0.3718506991863251
7184,candidate_008,met_station_core;laser_disdrometer;cr1000xe_backbone,2.0103999999999997,flux,thermal,2,0.3839363753795624
7184,candidate_008,met_station_core;laser_disdrometer;cr1000xe_backbone,2.0103999999999997,flux,thermal,2,0.3350095748901367
7184,candidate_008,met_station_core;laser_disdrometer;cr1000xe_backbone,2.0103999999999997,flux,thermal,2,0.41657888889312744
7184,candidate_008,met_station_core;laser_disdrometer;cr1000xe_backbone,2.0103999999999997,flux,thermal,2,0.42680060863494873
7184,candidate_008,met_station_core;laser_disdrometer;cr1000xe_backbone,2.0103999999999997,flux,thermal,2,0.4707775413990021
7184,candidate_008,met_station_core;laser_disdrometer;cr1000xe_backbone,2.0103999999999997,flux,thermal,2,0.43222466111183167
7184,candidate_008,met_station_core;laser_disdrometer;cr1000xe_backbone,2.0103999999999997,flux,thermal,2,0.4512152373790741
7184,candidate_008,met_station_core;laser_disdrometer;cr1000xe_backbone,2.0103999999999997,flux,thermal,2,0.5265676379203796
7184,candidate_008,met_station_core;laser_disdrometer;cr1000xe_backbone,2.0103999999999997,flux,thermal,2,0.5681164860725403
7184,candidate_008,met_station_core;laser_disdrometer;cr1000xe_backbone,2.0103999999999997,flux,thermal,2,0.41010499000549316
7184,candidate_008,met_station_core;laser_disdrometer;cr1000xe_backbone,2.0103999999999997,flux,thermal,2,0.5155766010284424
7184,candidate_008,met_station_core;laser_disdrometer;cr1000xe_backbone,2.0103999999999997,flux,thermal,2,0.5462999939918518
7184,candidate_008,met_station_core;laser_disdrometer;cr1000xe_backbone,2.0103999999999997,calm,thermal,0,0.3899434506893158
7184,candidate_008,met_station_core;laser_disdrometer;cr1000xe_backbone,2.0103999999999997,calm,thermal,0,0.39200323820114136
7184,candidate_008,met_station_core;laser_disdrometer;cr1000xe_backbone,2.0103999999999997,calm,thermal,0,0.3167092502117157
7184,candidate_008,met_station_core;laser_disdrometer;cr1000xe_backbone,2.0103999999999997,calm,thermal,0,0.32432034611701965
7184,candidate_008,met_station_core;laser_disdrometer;cr1000xe_backbone,2.0103999999999997,calm,thermal,0,0.6404423713684082
7184,candidate_008,met_station_core;laser_disdrometer;cr1000xe_backbone,2.0103999999999997,calm,thermal,0,0.957396388053894
7184,candidate_008,met_station_core;laser_disdrometer;cr1000xe_backbone,2.0103999999999997,calm,thermal,0,1.1455057859420776
7184,candidate_008,met_station_core;laser_disdrometer;cr1000xe_backbone,2.0103999999999997,calm,thermal,0,1.4030994176864624
7184,candidate_008,met_station_core;laser_disdrometer;cr1000xe_backbone,2.0103999999999997,calm,thermal,0,1.7412903308868408
7184,candidate_008,met_station_core;laser_disdrometer;cr1000xe_backbone,2.0103999999999997,calm,thermal,0,2.0614101886749268
7184,candidate_008,met_station_core;laser_disdrometer;cr1000xe_backbone,2.0103999999999997,calm,thermal,0,2.3473153114318848
7184,candidate_008,met_station_core;laser_disdrometer;cr1000xe_backbone,2.0103999999999997,calm,thermal,0,2.6614410877227783
7184,candidate_008,met_station_core;laser_disdrometer;cr1000xe_backbone,2.0103999999999997,thermal,transport,3,2.604651927947998
7184,candidate_008,met_station_core;laser_disdrometer;cr1000xe_backbone,2.0103999999999997,thermal,transport,3,2.5904157161712646
7184,candidate_008,met_station_core;laser_disdrometer;cr1000xe_backbone,2.0103999999999997,thermal,transport,3,2.603879928588867
7184,candidate_008,met_station_core;laser_disdrometer;cr1000xe_backbone,2.0103999999999997,thermal,transport,3,2.5944275856018066
7184,candidate_008,met_station_core;laser_disdrometer;cr1000xe_backbone,2.0103999999999997,thermal,transport,3,2.5796637535095215
7184,candidate_008,met_station_core;laser_disdrometer;cr1000xe_backbone,2.0103999999999997,thermal,transport,3,2.577674150466919
7184,candidate_008,met_station_core;laser_disdrometer;cr1000xe_backbone,2.0103999999999997,thermal,transport,3,2.61045241355896
7184,candidate_008,met_station_core;laser_disdrometer;cr1000xe_backbone,2.0103999999999997,thermal,transport,3,2.6147048473358154
7184,candidate_008,met_station_core;laser_disdrometer;cr1000xe_backbone,2.0103999999999997,thermal,transport,3,2.596055269241333
7184,candidate_008,met_station_core;laser_disdrometer;cr1000xe_backbone,2.0103999999999997,thermal,transport,3,2.6055989265441895
7184,candidate_008,met_station_core;laser_disdrometer;cr1000xe_backbone,2.0103999999999997,thermal,transport,3,2.6228199005126953
7184,candidate_008,met_station_core;laser_disdrometer;cr1000xe_backbone,2.0103999999999997,thermal,transport,3,2.5902469158172607
7184,candidate_008,met_station_core;laser_disdrometer;cr1000xe_backbone,2.0103999999999997,thermal,transport,3,2.351138114929199
7184,candidate_008,met_station_core;laser_disdrometer;cr1000xe_backbone,2.0103999999999997,thermal,transport,3,2.1846091747283936
7184,candidate_008,met_station_core;laser_disdrometer;cr1000xe_backbone,2.0103999999999997,thermal,transport,3,1.9703046083450317
7184,candidate_008,met_station_core;laser_disdrometer;cr1000xe_backbone,2.0103999999999997,thermal,transport,3,1.7772139310836792
7184,candidate_008,met_station_core;laser_disdrometer;cr1000xe_backbone,2.0103999999999997,thermal,transport,3,1.5918201208114624
7184,candidate_008,met_station_core;laser_disdrometer;cr1000xe_backbone,2.0103999999999997,thermal,transport,3,1.485364556312561
7184,candidate_008,met_station_core;laser_disdrometer;cr1000xe_backbone,2.0103999999999997,thermal,transport,3,1.2162823677062988
7184,candidate_008,met_station_core;laser_disdrometer;cr1000xe_backbone,2.0103999999999997,thermal,transport,3,1.085331678390503
7184,candidate_008,met_station_core;laser_disdrometer;cr1000xe_backbone,2.0103999999999997,thermal,particle,3,0.7891298532485962
7184,candidate_008,met_station_core;laser_disdrometer;cr1000xe_backbone,2.0103999999999997,thermal,particle,3,0.7982180714607239
7184,candidate_008,met_station_core;laser_disdrometer;cr1000xe_backbone,2.0103999999999997,thermal,particle,3,0.6109277606010437
7184,candidate_008,met_station_core;laser_disdrometer;cr1000xe_backbone,2.0103999999999997,thermal,particle,3,0.6593541502952576
7184,candidate_008,met_station_core;laser_disdrometer;cr1000xe_backbone,2.0103999999999997,thermal,particle,3,0.4902989864349365
7184,candidate_008,met_station_core;laser_disdrometer;cr1000xe_backbone,2.0103999999999997,thermal,particle,3,0.5974394083023071
7184,candidate_008,met_station_core;laser_disdrometer;cr1000xe_backbone,2.0103999999999997,thermal,particle,3,0.6672052145004272
7184,candidate_008,met_station_core;laser_disdrometer;cr1000xe_backbone,2.0103999999999997,thermal,particle,3,0.7617791295051575
7184,candidate_008,met_station_core;laser_disdrometer;cr1000xe_backbone,2.0103999999999997,thermal,particle,3,0.5198843479156494
7184,candidate_008,met_station_core;laser_disdrometer;cr1000xe_backbone,2.0103999999999997,calm,particle,0,0.4182727336883545
7184,candidate_008,met_station_core;laser_disdrometer;cr1000xe_backbone,2.0103999999999997,calm,particle,0,0.34558242559432983
7184,candidate_008,met_station_core;laser_disdrometer;cr1000xe_backbone,2.0103999999999997,calm,particle,0,0.3323372006416321
7184,candidate_008,met_station_core;laser_disdrometer;cr1000xe_backbone,2.0103999999999997,calm,particle,0,0.32155272364616394
7184,candidate_008,met_station_core;laser_disdrometer;cr1000xe_backbone,2.0103999999999997,calm,particle,0,0.3915823698043823
7184,candidate_008,met_station_core;laser_disdrometer;cr1000xe_backbone,2.0103999999999997,calm,particle,0,0.43687736988067627
7184,candidate_008,met_station_core;laser_disdrometer;cr1000xe_backbone,2.0103999999999997,calm,particle,0,0.4422604739665985
7184,candidate_008,met_station_core;laser_disdrometer;cr1000xe_backbone,2.0103999999999997,calm,particle,0,0.4624826908111572
7184,candidate_008,met_station_core;laser_disdrometer;cr1000xe_backbone,2.0103999999999997,calm,particle,0,0.4290868043899536
7184,candidate_008,met_station_core;laser_disdrometer;cr1000xe_backbone,2.0103999999999997,calm,particle,0,0.48940879106521606
7184,candidate_008,met_station_core;laser_disdrometer;cr1000xe_backbone,2.0103999999999997,calm,particle,0,0.5068821310997009
7184,candidate_008,met_station_core;laser_disdrometer;cr1000xe_backbone,2.0103999999999997,calm,particle,0,0.5783007144927979
7184,candidate_008,met_station_core;laser_disdrometer;cr1000xe_backbone,2.0103999999999997,calm,particle,0,0.6114874482154846
7184,candidate_008,met_station_core;laser_disdrometer;cr1000xe_backbone,2.0103999999999997,calm,particle,0,0.5359638929367065
7184,candidate_008,met_station_core;laser_disdrometer;cr1000xe_backbone,2.0103999999999997,thermal,thermal,3,0.6488958597183228
7184,candidate_008,met_station_core;laser_disdrometer;cr1000xe_backbone,2.0103999999999997,thermal,thermal,3,0.8878872990608215
7184,candidate_008,met_station_core;laser_disdrometer;cr1000xe_backbone,2.0103999999999997,thermal,thermal,3,0.9160047769546509
7184,candidate_008,met_station_core;laser_disdrometer;cr1000xe_backbone,2.0103999999999997,thermal,thermal,3,0.8718709349632263
7184,candidate_008,met_station_core;laser_disdrometer;cr1000xe_backbone,2.0103999999999997,thermal,thermal,3,0.7485079169273376
7184,candidate_008,met_station_core;laser_disdrometer;cr1000xe_backbone,2.0103999999999997,thermal,thermal,3,0.7079095244407654
7184,candidate_008,met_station_core;laser_disdrometer;cr1000xe_backbone,2.0103999999999997,thermal,thermal,3,0.7413963079452515
7184,candidate_008,met_station_core;laser_disdrometer;cr1000xe_backbone,2.0103999999999997,thermal,thermal,3,0.824990451335907
7184,candidate_008,met_station_core;laser_disdrometer;cr1000xe_backbone,2.0103999999999997,thermal,thermal,3,0.4442228078842163
7184,candidate_008,met_station_core;laser_disdrometer;cr1000xe_backbone,2.0103999999999997,thermal,thermal,3,0.7186817526817322
7184,candidate_008,met_station_core;laser_disdrometer;cr1000xe_backbone,2.0103999999999997,thermal,thermal,3,0.6168566942214966
7184,candidate_008,met_station_core;laser_disdrometer;cr1000xe_backbone,2.0103999999999997,thermal,thermal,3,0.6256499886512756
7184,candidate_008,met_station_core;laser_disdrometer;cr1000xe_backbone,2.0103999999999997,thermal,thermal,3,0.41523227095603943
7184,candidate_008,met_station_core;laser_disdrometer;cr1000xe_backbone,2.0103999999999997,thermal,thermal,3,0.3985236585140228
7184,candidate_008,met_station_core;laser_disdrometer;cr1000xe_backbone,2.0103999999999997,thermal,thermal,3,0.7631915807723999
7184,candidate_008,met_station_core;laser_disdrometer;cr1000xe_backbone,2.0103999999999997,thermal,thermal,3,1.0472667217254639
7184,candidate_008,met_station_core;laser_disdrometer;cr1000xe_backbone,2.0103999999999997,thermal,thermal,3,1.3033201694488525
7184,candidate_008,met_station_core;laser_disdrometer;cr1000xe_backbone,2.0103999999999997,thermal,thermal,3,1.5163573026657104
7184,candidate_008,met_station_core;laser_disdrometer;cr1000xe_backbone,2.0103999999999997,thermal,thermal,3,1.8433425426483154
7184,candidate_008,met_station_core;laser_disdrometer;cr1000xe_backbone,2.0103999999999997,thermal,thermal,3,2.129418134689331
7184,candidate_008,met_station_core;laser_disdrometer;cr1000xe_backbone,2.0103999999999997,thermal,thermal,3,2.406435012817383
7184,candidate_008,met_station_core;laser_disdrometer;cr1000xe_backbone,2.0103999999999997,thermal,thermal,3,2.66674542427063
7184,candidate_008,met_station_core;laser_disdrometer;cr1000xe_backbone,2.0103999999999997,thermal,transport,3,2.685464859008789
7184,candidate_008,met_station_core;laser_disdrometer;cr1000xe_backbone,2.0103999999999997,thermal,transport,3,2.6491384506225586
7184,candidate_008,met_station_core;laser_disdrometer;cr1000xe_backbone,2.0103999999999997,thermal,transport,3,2.6549253463745117
7184,candidate_008,met_station_core;laser_disdrometer;cr1000xe_backbone,2.0103999999999997,thermal,transport,3,2.6716744899749756
7184,candidate_008,met_station_core;laser_disdrometer;cr1000xe_backbone,2.0103999999999997,thermal,transport,3,2.6693458557128906
7184,candidate_008,met_station_core;laser_disdrometer;cr1000xe_backbone,2.0103999999999997,thermal,transport,3,2.6737730503082275
7184,candidate_008,met_station_core;laser_disdrometer;cr1000xe_backbone,2.0103999999999997,thermal,transport,3,2.6600000858306885
7184,candidate_008,met_station_core;laser_disdrometer;cr1000xe_backbone,2.0103999999999997,thermal,transport,3,2.7308030128479004
7184,candidate_008,met_station_core;laser_disdrometer;cr1000xe_backbone,2.0103999999999997,thermal,transport,3,2.699462652206421
7184,candidate_008,met_station_core;laser_disdrometer;cr1000xe_backbone,2.0103999999999997,thermal,transport,3,2.718951463699341
7184,candidate_008,met_station_core;laser_disdrometer;cr1000xe_backbone,2.0103999999999997,thermal,transport,3,2.7006006240844727
7184,candidate_008,met_station_core;laser_disdrometer;cr1000xe_backbone,2.0103999999999997,thermal,transport,3,2.6628987789154053
7184,candidate_008,met_station_core;laser_disdrometer;cr1000xe_backbone,2.0103999999999997,thermal,transport,3,2.4523348808288574
7184,candidate_008,met_station_core;laser_disdrometer;cr1000xe_backbone,2.0103999999999997,thermal,transport,3,2.2716267108917236
7184,candidate_008,met_station_core;laser_disdrometer;cr1000xe_backbone,2.0103999999999997,thermal,transport,3,2.08886456489563
7184,candidate_008,met_station_core;laser_disdrometer;cr1000xe_backbone,2.0103999999999997,thermal,transport,3,1.916623592376709
7184,candidate_008,met_station_core;laser_disdrometer;cr1000xe_backbone,2.0103999999999997,thermal,transport,3,1.7724394798278809
7184,candidate_008,met_station_core;laser_disdrometer;cr1000xe_backbone,2.0103999999999997,thermal,transport,3,1.4672421216964722
7184,candidate_008,met_station_core;laser_disdrometer;cr1000xe_backbone,2.0103999999999997,thermal,transport,3,1.3621817827224731
7184,candidate_008,met_station_core;laser_disdrometer;cr1000xe_backbone,2.0103999999999997,thermal,transport,3,1.2091422080993652
7184,candidate_008,met_station_core;laser_disdrometer;cr1000xe_backbone,2.0103999999999997,thermal,particle,3,1.373892068862915
7184,candidate_008,met_station_core;laser_disdrometer;cr1000xe_backbone,2.0103999999999997,thermal,particle,3,1.0317885875701904
7184,candidate_008,met_station_core;laser_disdrometer;cr1000xe_backbone,2.0103999999999997,thermal,particle,3,1.0756359100341797
7184,candidate_008,met_station_core;laser_disdrometer;cr1000xe_backbone,2.0103999999999997,thermal,particle,3,0.8366745114326477
7184,candidate_008,met_station_core;laser_disdrometer;cr1000xe_backbone,2.0103999999999997,thermal,particle,3,0.7919069528579712
7184,candidate_008,met_station_core;laser_disdrometer;cr1000xe_backbone,2.0103999999999997,thermal,particle,3,0.7135359644889832
7184,candidate_008,met_station_core;laser_disdrometer;cr1000xe_backbone,2.0103999999999997,thermal,particle,3,0.6806156635284424
7184,candidate_008,met_station_core;laser_disdrometer;cr1000xe_backbone,2.0103999999999997,thermal,particle,3,0.6082807779312134
7184,candidate_009,radiometer_basic;laser_disdrometer;cr1000xe_backbone,1.9704000000000002,calm,particle,0,1.0227590799331665
7184,candidate_009,radiometer_basic;laser_disdrometer;cr1000xe_backbone,1.9704000000000002,calm,particle,0,1.0162194967269897
7184,candidate_009,radiometer_basic;laser_disdrometer;cr1000xe_backbone,1.9704000000000002,calm,particle,0,1.0309979915618896
7184,candidate_009,radiometer_basic;laser_disdrometer;cr1000xe_backbone,1.9704000000000002,calm,particle,0,0.968535304069519
7184,candidate_009,radiometer_basic;laser_disdrometer;cr1000xe_backbone,1.9704000000000002,calm,particle,0,0.9051592350006104
7184,candidate_009,radiometer_basic;laser_disdrometer;cr1000xe_backbone,1.9704000000000002,calm,particle,0,0.8525611162185669
7184,candidate_009,radiometer_basic;laser_disdrometer;cr1000xe_backbone,1.9704000000000002,calm,particle,0,0.8804582953453064
7184,candidate_009,radiometer_basic;laser_disdrometer;cr1000xe_backbone,1.9704000000000002,calm,particle,0,0.851172685623169
7184,candidate_009,radiometer_basic;laser_disdrometer;cr1000xe_backbone,1.9704000000000002,calm,particle,0,0.8513270020484924
7184,candidate_009,radiometer_basic;laser_disdrometer;cr1000xe_backbone,1.9704000000000002,calm,particle,0,0.869878351688385
7184,candidate_009,radiometer_basic;laser_disdrometer;cr1000xe_backbone,1.9704000000000002,calm,particle,0,0.9378721117973328
7184,candidate_009,radiometer_basic;laser_disdrometer;cr1000xe_backbone,1.9704000000000002,calm,particle,0,0.922603189945221
7184,candidate_009,radiometer_basic;laser_disdrometer;cr1000xe_backbone,1.9704000000000002,calm,particle,0,0.9332879185676575
7184,candidate_009,radiometer_basic;laser_disdrometer;cr1000xe_backbone,1.9704000000000002,calm,particle,0,0.9320310950279236
7184,candidate_009,radiometer_basic;laser_disdrometer;cr1000xe_backbone,1.9704000000000002,calm,particle,0,0.9340180158615112
7184,candidate_009,radiometer_basic;laser_disdrometer;cr1000xe_backbone,1.9704000000000002,calm,particle,0,0.8356355428695679
7184,candidate_009,radiometer_basic;laser_disdrometer;cr1000xe_backbone,1.9704000000000002,calm,particle,0,0.7163369655609131
7184,candidate_009,radiometer_basic;laser_disdrometer;cr1000xe_backbone,1.9704000000000002,calm,particle,0,0.7356196045875549
7184,candidate_009,radiometer_basic;laser_disdrometer;cr1000xe_backbone,1.9704000000000002,calm,particle,0,0.6930607557296753
7184,candidate_009,radiometer_basic;laser_disdrometer;cr1000xe_backbone,1.9704000000000002,calm,particle,0,0.685865044593811
7184,candidate_009,radiometer_basic;laser_disdrometer;cr1000xe_backbone,1.9704000000000002,calm,particle,0,0.626828670501709
7184,candidate_009,radiometer_basic;laser_disdrometer;cr1000xe_backbone,1.9704000000000002,calm,thermal,0,0.6227452754974365
7184,candidate_009,radiometer_basic;laser_disdrometer;cr1000xe_backbone,1.9704000000000002,calm,thermal,0,0.6458748579025269
7184,candidate_009,radiometer_basic;laser_disdrometer;cr1000xe_backbone,1.9704000000000002,calm,thermal,0,0.6294557452201843
7184,candidate_009,radiometer_basic;laser_disdrometer;cr1000xe_backbone,1.9704000000000002,calm,thermal,0,0.6217676997184753
7184,candidate_009,radiometer_basic;laser_disdrometer;cr1000xe_backbone,1.9704000000000002,calm,thermal,0,0.6695178747177124
7184,candidate_009,radiometer_basic;laser_disdrometer;cr1000xe_backbone,1.9704000000000002,calm,thermal,0,0.6310495734214783
7184,candidate_009,radiometer_basic;laser_disdrometer;cr1000xe_backbone,1.9704000000000002,calm,thermal,0,0.6918913722038269
7184,candidate_009,radiometer_basic;laser_disdrometer;cr1000xe_backbone,1.9704000000000002,calm,thermal,0,0.777984619140625
7184,candidate_009,radiometer_basic;laser_disdrometer;cr1000xe_backbone,1.9704000000000002,calm,thermal,0,0.7744987607002258
7184,candidate_009,radiometer_basic;laser_disdrometer;cr1000xe_backbone,1.9704000000000002,calm,thermal,0,0.7185547947883606
7184,candidate_009,radiometer_basic;laser_disdrometer;cr1000xe_backbone,1.9704000000000002,calm,thermal,0,0.6800851225852966
7184,candidate_009,radiometer_basic;laser_disdrometer;cr1000xe_backbone,1.9704000000000002,calm,thermal,0,0.8453280925750732
7184,candidate_009,radiometer_basic;laser_disdrometer;cr1000xe_backbone,1.9704000000000002,calm,thermal,0,0.83914715051651
7184,candidate_009,radiometer_basic;laser_disdrometer;cr1000xe_backbone,1.9704000000000002,calm,thermal,0,0.8272082209587097
7184,candidate_009,radiometer_basic;laser_disdrometer;cr1000xe_backbone,1.9704000000000002,calm,thermal,0,0.8568613529205322
7184,candidate_009,radiometer_basic;laser_disdrometer;cr1000xe_backbone,1.9704000000000002,calm,thermal,0,0.8621575236320496
7184,candidate_009,radiometer_basic;laser_disdrometer;cr1000xe_backbone,1.9704000000000002,calm,thermal,0,0.7846391201019287
7184,candidate_009,radiometer_basic;laser_disdrometer;cr1000xe_backbone,1.9704000000000002,calm,thermal,0,0.7803307771682739
7184,candidate_009,radiometer_basic;laser_disdrometer;cr1000xe_backbone,1.9704000000000002,calm,thermal,0,0.7321797609329224
7184,candidate_009,radiometer_basic;laser_disdrometer;cr1000xe_backbone,1.9704000000000002,calm,thermal,0,0.7769498825073242
7184,candidate_009,radiometer_basic;laser_disdrometer;cr1000xe_backbone,1.9704000000000002,calm,thermal,0,0.8590243458747864
7184,candidate_009,radiometer_basic;laser_disdrometer;cr1000xe_backbone,1.9704000000000002,calm,thermal,0,0.832019567489624
7184,candidate_009,radiometer_basic;laser_disdrometer;cr1000xe_backbone,1.9704000000000002,calm,thermal,0,0.7339338064193726
7184,candidate_009,radiometer_basic;laser_disdrometer;cr1000xe_backbone,1.9704000000000002,calm,thermal,0,0.7333841919898987
7184,candidate_009,radiometer_basic;laser_disdrometer;cr1000xe_backbone,1.9704000000000002,calm,thermal,0,0.8211240172386169
7184,candidate_009,radiometer_basic;laser_disdrometer;cr1000xe_backbone,1.9704000000000002,calm,thermal,0,0.758934736251831
7184,candidate_009,radiometer_basic;laser_disdrometer;cr1000xe_backbone,1.9704000000000002,calm,thermal,0,0.7907085418701172
7184,candidate_009,radiometer_basic;laser_disdrometer;cr1000xe_backbone,1.9704000000000002,calm,thermal,0,0.7841771841049194
7184,candidate_009,radiometer_basic;laser_disdrometer;cr1000xe_backbone,1.9704000000000002,calm,thermal,0,0.7557286024093628
7184,candidate_009,radiometer_basic;laser_disdrometer;cr1000xe_backbone,1.9704000000000002,calm,thermal,0,0.7573431134223938
7184,candidate_009,radiometer_basic;laser_disdrometer;cr1000xe_backbone,1.9704000000000002,calm,thermal,0,0.6817600131034851
7184,candidate_009,radiometer_basic;laser_disdrometer;cr1000xe_backbone,1.9704000000000002,calm,thermal,0,0.6611272692680359
7184,candidate_009,radiometer_basic;laser_disdrometer;cr1000xe_backbone,1.9704000000000002,calm,thermal,0,0.6914259195327759
7184,candidate_009,radiometer_basic;laser_disdrometer;cr1000xe_backbone,1.9704000000000002,calm,transport,0,0.6672444343566895
7184,candidate_009,radiometer_basic;laser_disdrometer;cr1000xe_backbone,1.9704000000000002,calm,transport,0,0.677132785320282
7184,candidate_009,radiometer_basic;laser_disdrometer;cr1000xe_backbone,1.9704000000000002,calm,transport,0,0.5933461785316467
7184,candidate_009,radiometer_basic;laser_disdrometer;cr1000xe_backbone,1.9704000000000002,calm,transport,0,0.715602457523346
7184,candidate_009,radiometer_basic;laser_disdrometer;cr1000xe_backbone,1.9704000000000002,calm,transport,0,0.6713364124298096
7184,candidate_009,radiometer_basic;laser_disdrometer;cr1000xe_backbone,1.9704000000000002,calm,transport,0,0.7141827344894409
7184,candidate_009,radiometer_basic;laser_disdrometer;cr1000xe_backbone,1.9704000000000002,calm,transport,0,0.6974676847457886
7184,candidate_009,radiometer_basic;laser_disdrometer;cr1000xe_backbone,1.9704000000000002,calm,transport,0,0.8264811038970947
7184,candidate_009,radiometer_basic;laser_disdrometer;cr1000xe_backbone,1.9704000000000002,calm,transport,0,0.7688964605331421
7184,candidate_009,radiometer_basic;laser_disdrometer;cr1000xe_backbone,1.9704000000000002,calm,transport,0,0.7488475441932678
7184,candidate_009,radiometer_basic;laser_disdrometer;cr1000xe_backbone,1.9704000000000002,calm,transport,0,0.6979314088821411
7184,candidate_009,radiometer_basic;laser_disdrometer;cr1000xe_backbone,1.9704000000000002,calm,transport,0,0.6224745512008667
7184,candidate_009,radiometer_basic;laser_disdrometer;cr1000xe_backbone,1.9704000000000002,calm,transport,0,0.6300287246704102
7184,candidate_009,radiometer_basic;laser_disdrometer;cr1000xe_backbone,1.9704000000000002,calm,transport,0,0.6540660262107849
7184,candidate_009,radiometer_basic;laser_disdrometer;cr1000xe_backbone,1.9704000000000002,calm,transport,0,0.6621078252792358
7184,candidate_009,radiometer_basic;laser_disdrometer;cr1000xe_backbone,1.9704000000000002,calm,transport,0,0.7364963889122009
7184,candidate_009,radiometer_basic;laser_disdrometer;cr1000xe_backbone,1.9704000000000002,calm,transport,0,0.7897877097129822
7184,candidate_009,radiometer_basic;laser_disdrometer;cr1000xe_backbone,1.9704000000000002,calm,transport,0,0.772875964641571
7184,candidate_009,radiometer_basic;laser_disdrometer;cr1000xe_backbone,1.9704000000000002,calm,transport,0,0.662804126739502
7184,candidate_009,radiometer_basic;laser_disdrometer;cr1000xe_backbone,1.9704000000000002,calm,transport,0,0.6393426060676575
7184,candidate_009,radiometer_basic;laser_disdrometer;cr1000xe_backbone,1.9704000000000002,calm,transport,0,0.6706864237785339
7184,candidate_009,radiometer_basic;laser_disdrometer;cr1000xe_backbone,1.9704000000000002,calm,transport,0,0.7539061307907104
7184,candidate_009,radiometer_basic;laser_disdrometer;cr1000xe_backbone,1.9704000000000002,calm,transport,0,0.7021074891090393
7184,candidate_009,radiometer_basic;laser_disdrometer;cr1000xe_backbone,1.9704000000000002,calm,transport,0,0.7422265410423279
7184,candidate_009,radiometer_basic;laser_disdrometer;cr1000xe_backbone,1.9704000000000002,calm,transport,0,0.6779791116714478
7184,candidate_009,radiometer_basic;laser_disdrometer;cr1000xe_backbone,1.9704000000000002,calm,transport,0,0.6558844447135925
7184,candidate_009,radiometer_basic;laser_disdrometer;cr1000xe_backbone,1.9704000000000002,calm,transport,0,0.6405668258666992
7184,candidate_009,radiometer_basic;laser_disdrometer;cr1000xe_backbone,1.9704000000000002,calm,transport,0,0.7285342812538147
7184,candidate_009,radiometer_basic;laser_disdrometer;cr1000xe_backbone,1.9704000000000002,calm,transport,0,0.7911667227745056
7184,candidate_009,radiometer_basic;laser_disdrometer;cr1000xe_backbone,1.9704000000000002,calm,transport,0,0.8634929060935974
7184,candidate_009,radiometer_basic;laser_disdrometer;cr1000xe_backbone,1.9704000000000002,calm,transport,0,0.8249813914299011
7184,candidate_009,radiometer_basic;laser_disdrometer;cr1000xe_backbone,1.9704000000000002,calm,transport,0,0.8062942624092102
7184,candidate_009,radiometer_basic;laser_disdrometer;cr1000xe_backbone,1.9704000000000002,calm,transport,0,0.802464485168457
7184,candidate_009,radiometer_basic;laser_disdrometer;cr1000xe_backbone,1.9704000000000002,calm,transport,0,0.7672867774963379
7184,candidate_009,radiometer_basic;laser_disdrometer;cr1000xe_backbone,1.9704000000000002,calm,transport,0,0.877356231212616
7184,candidate_009,radiometer_basic;laser_disdrometer;cr1000xe_backbone,1.9704000000000002,calm,transport,0,0.8123049139976501
7184,candidate_009,radiometer_basic;laser_disdrometer;cr1000xe_backbone,1.9704000000000002,calm,particle,0,0.7348268628120422
7184,candidate_009,radiometer_basic;laser_disdrometer;cr1000xe_backbone,1.9704000000000002,calm,particle,0,0.6971057057380676
7184,candidate_009,radiometer_basic;laser_disdrometer;cr1000xe_backbone,1.9704000000000002,calm,particle,0,0.6267110109329224
7184,candidate_009,radiometer_basic;laser_disdrometer;cr1000xe_backbone,1.9704000000000002,calm,particle,0,0.7071515917778015
7184,candidate_009,radiometer_basic;laser_disdrometer;cr1000xe_backbone,1.9704000000000002,calm,particle,0,0.7173214554786682
7184,candidate_009,radiometer_basic;laser_disdrometer;cr1000xe_backbone,1.9704000000000002,calm,particle,0,0.714224100112915
7184,candidate_009,radiometer_basic;laser_disdrometer;cr1000xe_backbone,1.9704000000000002,calm,particle,0,0.7094698548316956
7184,candidate_009,radiometer_basic;laser_disdrometer;cr1000xe_backbone,1.9704000000000002,calm,particle,0,0.7097219824790955
7184,candidate_009,radiometer_basic;laser_disdrometer;cr1000xe_backbone,1.9704000000000002,calm,particle,0,0.626976728439331
7184,candidate_009,radiometer_basic;laser_disdrometer;cr1000xe_backbone,1.9704000000000002,calm,particle,0,0.649363100528717
7184,candidate_009,radiometer_basic;laser_disdrometer;cr1000xe_backbone,1.9704000000000002,calm,particle,0,0.6592675447463989
7184,candidate_009,radiometer_basic;laser_disdrometer;cr1000xe_backbone,1.9704000000000002,calm,particle,0,0.6868250370025635
7184,candidate_009,radiometer_basic;laser_disdrometer;cr1000xe_backbone,1.9704000000000002,calm,particle,0,0.562665581703186
7184,candidate_009,radiometer_basic;laser_disdrometer;cr1000xe_backbone,1.9704000000000002,calm,particle,0,0.5793372988700867
7184,candidate_009,radiometer_basic;laser_disdrometer;cr1000xe_backbone,1.9704000000000002,calm,particle,0,0.6312987208366394
7184,candidate_009,radiometer_basic;laser_disdrometer;cr1000xe_backbone,1.9704000000000002,calm,particle,0,0.7969397902488708
7184,candidate_009,radiometer_basic;laser_disdrometer;cr1000xe_backbone,1.9704000000000002,calm,particle,0,0.8030528426170349
7184,candidate_009,radiometer_basic;laser_disdrometer;cr1000xe_backbone,1.9704000000000002,calm,particle,0,0.8447801470756531
7184,candidate_009,radiometer_basic;laser_disdrometer;cr1000xe_backbone,1.9704000000000002,calm,particle,0,0.8514096736907959
7184,candidate_009,radiometer_basic;laser_disdrometer;cr1000xe_backbone,1.9704000000000002,calm,particle,0,0.8979304432868958
7184,candidate_009,radiometer_basic;laser_disdrometer;cr1000xe_backbone,1.9704000000000002,calm,particle,0,0.8271535038948059
7184,candidate_009,radiometer_basic;laser_disdrometer;cr1000xe_backbone,1.9704000000000002,calm,particle,0,0.8504904508590698
7184,candidate_009,radiometer_basic;laser_disdrometer;cr1000xe_backbone,1.9704000000000002,calm,particle,0,0.8587960600852966
7184,candidate_009,radiometer_basic;laser_disdrometer;cr1000xe_backbone,1.9704000000000002,calm,particle,0,0.8399519324302673
7184,candidate_009,radiometer_basic;laser_disdrometer;cr1000xe_backbone,1.9704000000000002,calm,particle,0,0.8356826305389404
7184,candidate_009,radiometer_basic;laser_disdrometer;cr1000xe_backbone,1.9704000000000002,calm,particle,0,0.8787103891372681
7184,candidate_009,radiometer_basic;laser_disdrometer;cr1000xe_backbone,1.9704000000000002,calm,particle,0,0.8316208124160767
7184,candidate_009,radiometer_basic;laser_disdrometer;cr1000xe_backbone,1.9704000000000002,calm,particle,0,0.886455237865448
7184,candidate_009,radiometer_basic;laser_disdrometer;cr1000xe_backbone,1.9704000000000002,calm,particle,0,0.89110267162323
7184,candidate_009,radiometer_basic;laser_disdrometer;cr1000xe_backbone,1.9704000000000002,calm,particle,0,0.812349796295166
7184,candidate_009,radiometer_basic;laser_disdrometer;cr1000xe_backbone,1.9704000000000002,calm,particle,0,0.8451786041259766
7184,candidate_009,radiometer_basic;laser_disdrometer;cr1000xe_backbone,1.9704000000000002,calm,particle,0,0.9521527886390686
7184,candidate_009,radiometer_basic;laser_disdrometer;cr1000xe_backbone,1.9704000000000002,calm,particle,0,0.9582178592681885
7184,candidate_009,radiometer_basic;laser_disdrometer;cr1000xe_backbone,1.9704000000000002,calm,particle,0,0.7961891889572144
7184,candidate_009,radiometer_basic;laser_disdrometer;cr1000xe_backbone,1.9704000000000002,calm,thermal,0,0.9302194714546204
7184,candidate_009,radiometer_basic;laser_disdrometer;cr1000xe_backbone,1.9704000000000002,calm,thermal,0,0.9655278921127319
7184,candidate_009,radiometer_basic;laser_disdrometer;cr1000xe_backbone,1.9704000000000002,calm,thermal,0,0.9163072109222412
7184,candidate_009,radiometer_basic;laser_disdrometer;cr1000xe_backbone,1.9704000000000002,calm,thermal,0,0.9510749578475952
7184,candidate_009,radiometer_basic;laser_disdrometer;cr1000xe_backbone,1.9704000000000002,calm,thermal,0,0.9607647061347961
7184,candidate_009,radiometer_basic;laser_disdrometer;cr1000xe_backbone,1.9704000000000002,calm,thermal,0,1.0254303216934204
7184,candidate_009,radiometer_basic;laser_disdrometer;cr1000xe_backbone,1.9704000000000002,calm,thermal,0,1.006496548652649
7184,candidate_009,radiometer_basic;laser_disdrometer;cr1000xe_backbone,1.9704000000000002,calm,thermal,0,1.0899454355239868
7184,candidate_009,radiometer_basic;laser_disdrometer;cr1000xe_backbone,1.9704000000000002,calm,thermal,0,1.0088868141174316
7184,candidate_009,radiometer_basic;laser_disdrometer;cr1000xe_backbone,1.9704000000000002,calm,thermal,0,0.9811951518058777
7184,candidate_009,radiometer_basic;laser_disdrometer;cr1000xe_backbone,1.9704000000000002,calm,thermal,0,1.0415138006210327
7184,candidate_009,radiometer_basic;laser_disdrometer;cr1000xe_backbone,1.9704000000000002,calm,thermal,0,1.04900324344635
7184,candidate_009,radiometer_basic;laser_disdrometer;cr1000xe_backbone,1.9704000000000002,calm,thermal,0,1.0251580476760864
7184,candidate_009,radiometer_basic;laser_disdrometer;cr1000xe_backbone,1.9704000000000002,calm,thermal,0,0.939689040184021
7184,candidate_009,radiometer_basic;laser_disdrometer;cr1000xe_backbone,1.9704000000000002,calm,thermal,0,0.9460850954055786
7184,candidate_009,radiometer_basic;laser_disdrometer;cr1000xe_backbone,1.9704000000000002,calm,thermal,0,1.0265378952026367
7184,candidate_009,radiometer_basic;laser_disdrometer;cr1000xe_backbone,1.9704000000000002,calm,thermal,0,1.041459321975708
7184,candidate_009,radiometer_basic;laser_disdrometer;cr1000xe_backbone,1.9704000000000002,calm,thermal,0,1.0364861488342285
7184,candidate_009,radiometer_basic;laser_disdrometer;cr1000xe_backbone,1.9704000000000002,calm,thermal,0,1.022679328918457
7184,candidate_009,radiometer_basic;laser_disdrometer;cr1000xe_backbone,1.9704000000000002,calm,thermal,0,0.9959434866905212
7184,candidate_009,radiometer_basic;laser_disdrometer;cr1000xe_backbone,1.9704000000000002,calm,thermal,0,0.9741361737251282
7184,candidate_009,radiometer_basic;laser_disdrometer;cr1000xe_backbone,1.9704000000000002,calm,thermal,0,1.091291904449463
7184,candidate_009,radiometer_basic;laser_disdrometer;cr1000xe_backbone,1.9704000000000002,calm,thermal,0,1.1618671417236328
7184,candidate_009,radiometer_basic;laser_disdrometer;cr1000xe_backbone,1.9704000000000002,calm,thermal,0,1.1269935369491577
7184,candidate_009,radiometer_basic;laser_disdrometer;cr1000xe_backbone,1.9704000000000002,calm,thermal,0,1.0494791269302368
7184,candidate_009,radiometer_basic;laser_disdrometer;cr1000xe_backbone,1.9704000000000002,calm,thermal,0,1.0023036003112793
7184,candidate_009,radiometer_basic;laser_disdrometer;cr1000xe_backbone,1.9704000000000002,calm,transport,0,1.0479170083999634
7184,candidate_009,radiometer_basic;laser_disdrometer;cr1000xe_backbone,1.9704000000000002,calm,transport,0,1.001286506652832
7184,candidate_009,radiometer_basic;laser_disdrometer;cr1000xe_backbone,1.9704000000000002,calm,transport,0,1.078617811203003
7184,candidate_009,radiometer_basic;laser_disdrometer;cr1000xe_backbone,1.9704000000000002,calm,transport,0,1.1460272073745728
7184,candidate_009,radiometer_basic;laser_disdrometer;cr1000xe_backbone,1.9704000000000002,calm,transport,0,1.1974248886108398
7184,candidate_009,radiometer_basic;laser_disdrometer;cr1000xe_backbone,1.9704000000000002,calm,transport,0,1.2360122203826904
7184,candidate_009,radiometer_basic;laser_disdrometer;cr1000xe_backbone,1.9704000000000002,calm,transport,0,1.3052266836166382
7184,candidate_009,radiometer_basic;laser_disdrometer;cr1000xe_backbone,1.9704000000000002,calm,transport,0,1.290960669517517
7184,candidate_009,radiometer_basic;laser_disdrometer;cr1000xe_backbone,1.9704000000000002,calm,transport,0,1.1205615997314453
7184,candidate_009,radiometer_basic;laser_disdrometer;cr1000xe_backbone,1.9704000000000002,calm,transport,0,1.0344645977020264
7184,candidate_009,radiometer_basic;laser_disdrometer;cr1000xe_backbone,1.9704000000000002,calm,transport,0,1.0291849374771118
7184,candidate_009,radiometer_basic;laser_disdrometer;cr1000xe_backbone,1.9704000000000002,calm,transport,0,1.0489352941513062
7184,candidate_009,radiometer_basic;laser_disdrometer;cr1000xe_backbone,1.9704000000000002,calm,transport,0,1.0359584093093872
7184,candidate_009,radiometer_basic;laser_disdrometer;cr1000xe_backbone,1.9704000000000002,calm,transport,0,0.986583948135376
7184,candidate_009,radiometer_basic;laser_disdrometer;cr1000xe_backbone,1.9704000000000002,calm,transport,0,1.0226593017578125
7184,candidate_009,radiometer_basic;laser_disdrometer;cr1000xe_backbone,1.9704000000000002,calm,transport,0,0.9963861703872681
7184,candidate_009,radiometer_basic;laser_disdrometer;cr1000xe_backbone,1.9704000000000002,calm,transport,0,1.0195963382720947
7184,candidate_009,radiometer_basic;laser_disdrometer;cr1000xe_backbone,1.9704000000000002,calm,transport,0,1.1173721551895142
7184,candidate_009,radiometer_basic;laser_disdrometer;cr1000xe_backbone,1.9704000000000002,calm,transport,0,1.1872831583023071
7184,candidate_009,radiometer_basic;laser_disdrometer;cr1000xe_backbone,1.9704000000000002,calm,transport,0,1.1771636009216309
7184,candidate_009,radiometer_basic;laser_disdrometer;cr1000xe_backbone,1.9704000000000002,calm,transport,0,1.0356632471084595
7184,candidate_009,radiometer_basic;laser_disdrometer;cr1000xe_backbone,1.9704000000000002,calm,transport,0,1.0489779710769653
7184,candidate_009,radiometer_basic;laser_disdrometer;cr1000xe_backbone,1.9704000000000002,calm,transport,0,1.0441287755966187
7184,candidate_009,radiometer_basic;laser_disdrometer;cr1000xe_backbone,1.9704000000000002,calm,transport,0,1.0679385662078857
7184,candidate_009,radiometer_basic;laser_disdrometer;cr1000xe_backbone,1.9704000000000002,calm,transport,0,0.9854910969734192
7184,candidate_009,radiometer_basic;laser_disdrometer;cr1000xe_backbone,1.9704000000000002,calm,particle,0,0.9956692457199097
7184,candidate_009,radiometer_basic;laser_disdrometer;cr1000xe_backbone,1.9704000000000002,calm,particle,0,1.0538820028305054
7184,candidate_009,radiometer_basic;laser_disdrometer;cr1000xe_backbone,1.9704000000000002,calm,particle,0,1.1121037006378174
7184,candidate_009,radiometer_basic;laser_disdrometer;cr1000xe_backbone,1.9704000000000002,calm,particle,0,1.1109222173690796
7184,candidate_009,radiometer_basic;laser_disdrometer;cr1000xe_backbone,1.9704000000000002,calm,particle,0,1.1990947723388672
7184,candidate_009,radiometer_basic;laser_disdrometer;cr1000xe_backbone,1.9704000000000002,calm,particle,0,1.2275954484939575
7184,candidate_009,radiometer_basic;laser_disdrometer;cr1000xe_backbone,1.9704000000000002,calm,particle,0,1.220846176147461
7184,candidate_009,radiometer_basic;laser_disdrometer;cr1000xe_backbone,1.9704000000000002,calm,particle,0,1.1511071920394897
7184,candidate_009,radiometer_basic;laser_disdrometer;cr1000xe_backbone,1.9704000000000002,calm,particle,0,1.0387591123580933
7184,candidate_009,radiometer_basic;laser_disdrometer;cr1000xe_backbone,1.9704000000000002,calm,particle,0,0.9765897393226624
7184,candidate_009,radiometer_basic;laser_disdrometer;cr1000xe_backbone,1.9704000000000002,calm,particle,0,0.9651821851730347
7184,candidate_009,radiometer_basic;laser_disdrometer;cr1000xe_backbone,1.9704000000000002,calm,particle,0,0.9448040723800659
7184,candidate_009,radiometer_basic;laser_disdrometer;cr1000xe_backbone,1.9704000000000002,calm,particle,0,0.9323641061782837
7184,candidate_009,radiometer_basic;laser_disdrometer;cr1000xe_backbone,1.9704000000000002,calm,particle,0,0.9486803412437439
7184,candidate_009,radiometer_basic;laser_disdrometer;cr1000xe_backbone,1.9704000000000002,calm,particle,0,0.9367058873176575
7184,candidate_009,radiometer_basic;laser_disdrometer;cr1000xe_backbone,1.9704000000000002,calm,particle,0,0.9486517310142517
7184,candidate_009,radiometer_basic;laser_disdrometer;cr1000xe_backbone,1.9704000000000002,calm,particle,0,1.0558109283447266
7184,candidate_009,radiometer_basic;laser_disdrometer;cr1000xe_backbone,1.9704000000000002,calm,particle,0,1.048161268234253
7184,candidate_009,radiometer_basic;laser_disdrometer;cr1000xe_backbone,1.9704000000000002,calm,particle,0,1.0300309658050537
7184,candidate_009,radiometer_basic;laser_disdrometer;cr1000xe_backbone,1.9704000000000002,calm,particle,0,1.0544403791427612
7184,candidate_009,radiometer_basic;laser_disdrometer;cr1000xe_backbone,1.9704000000000002,calm,particle,0,1.1112613677978516
7184,candidate_009,radiometer_basic;laser_disdrometer;cr1000xe_backbone,1.9704000000000002,calm,particle,0,1.0606399774551392
7184,candidate_009,radiometer_basic;laser_disdrometer;cr1000xe_backbone,1.9704000000000002,calm,particle,0,1.003016710281372
7184,candidate_009,radiometer_basic;laser_disdrometer;cr1000xe_backbone,1.9704000000000002,calm,particle,0,0.9358299374580383
7184,candidate_009,radiometer_basic;laser_disdrometer;cr1000xe_backbone,1.9704000000000002,calm,particle,0,0.9520894289016724
7184,candidate_009,radiometer_basic;laser_disdrometer;cr1000xe_backbone,1.9704000000000002,calm,particle,0,0.9853851795196533
7184,candidate_009,radiometer_basic;laser_disdrometer;cr1000xe_backbone,1.9704000000000002,calm,particle,0,1.0705592632293701
7184,candidate_009,radiometer_basic;laser_disdrometer;cr1000xe_backbone,1.9704000000000002,calm,particle,0,1.1599913835525513
7184,candidate_009,radiometer_basic;laser_disdrometer;cr1000xe_backbone,1.9704000000000002,calm,particle,0,1.1638612747192383
7184,candidate_009,radiometer_basic;laser_disdrometer;cr1000xe_backbone,1.9704000000000002,calm,particle,0,1.23367178440094
7184,candidate_009,radiometer_basic;laser_disdrometer;cr1000xe_backbone,1.9704000000000002,calm,particle,0,1.2720335721969604
7184,candidate_009,radiometer_basic;laser_disdrometer;cr1000xe_backbone,1.9704000000000002,calm,particle,0,1.1731078624725342
7184,candidate_009,radiometer_basic;laser_disdrometer;cr1000xe_backbone,1.9704000000000002,calm,thermal,0,1.0850671529769897
7184,candidate_009,radiometer_basic;laser_disdrometer;cr1000xe_backbone,1.9704000000000002,calm,thermal,0,0.9920775890350342
7184,candidate_009,radiometer_basic;laser_disdrometer;cr1000xe_backbone,1.9704000000000002,calm,thermal,0,1.0118420124053955
7184,candidate_009,radiometer_basic;laser_disdrometer;cr1000xe_backbone,1.9704000000000002,calm,thermal,0,1.061234712600708
7184,candidate_009,radiometer_basic;laser_disdrometer;cr1000xe_backbone,1.9704000000000002,calm,thermal,0,1.0470203161239624
7184,candidate_009,radiometer_basic;laser_disdrometer;cr1000xe_backbone,1.9704000000000002,calm,thermal,0,1.148826003074646
7184,candidate_009,radiometer_basic;laser_disdrometer;cr1000xe_backbone,1.9704000000000002,calm,thermal,0,1.1439332962036133
7184,candidate_009,radiometer_basic;laser_disdrometer;cr1000xe_backbone,1.9704000000000002,calm,thermal,0,1.1420841217041016
7184,candidate_009,radiometer_basic;laser_disdrometer;cr1000xe_backbone,1.9704000000000002,calm,thermal,0,1.0701316595077515
7184,candidate_009,radiometer_basic;laser_disdrometer;cr1000xe_backbone,1.9704000000000002,calm,thermal,0,1.007938265800476
7184,candidate_009,radiometer_basic;laser_disdrometer;cr1000xe_backbone,1.9704000000000002,calm,thermal,0,1.0813037157058716
7184,candidate_009,radiometer_basic;laser_disdrometer;cr1000xe_backbone,1.9704000000000002,calm,thermal,0,1.1331461668014526
7184,candidate_009,radiometer_basic;laser_disdrometer;cr1000xe_backbone,1.9704000000000002,calm,thermal,0,0.963509202003479
7184,candidate_009,radiometer_basic;laser_disdrometer;cr1000xe_backbone,1.9704000000000002,calm,thermal,0,0.9591884016990662
7184,candidate_009,radiometer_basic;laser_disdrometer;cr1000xe_backbone,1.9704000000000002,calm,thermal,0,0.911328911781311
7184,candidate_009,radiometer_basic;laser_disdrometer;cr1000xe_backbone,1.9704000000000002,calm,thermal,0,1.0539032220840454
7184,candidate_009,radiometer_basic;laser_disdrometer;cr1000xe_backbone,1.9704000000000002,calm,thermal,0,0.9778131246566772
7184,candidate_009,radiometer_basic;laser_disdrometer;cr1000xe_backbone,1.9704000000000002,calm,thermal,0,1.0218788385391235
7184,candidate_009,radiometer_basic;laser_disdrometer;cr1000xe_backbone,1.9704000000000002,calm,thermal,0,0.9714363813400269
7184,candidate_009,radiometer_basic;laser_disdrometer;cr1000xe_backbone,1.9704000000000002,calm,thermal,0,1.1245112419128418
7184,candidate_009,radiometer_basic;laser_disdrometer;cr1000xe_backbone,1.9704000000000002,calm,thermal,0,1.0468412637710571
7184,candidate_009,radiometer_basic;laser_disdrometer;cr1000xe_backbone,1.9704000000000002,calm,transport,0,1.1526694297790527
7184,candidate_009,radiometer_basic;laser_disdrometer;cr1000xe_backbone,1.9704000000000002,calm,transport,0,1.0471206903457642
7184,candidate_009,radiometer_basic;laser_disdrometer;cr1000xe_backbone,1.9704000000000002,calm,transport,0,1.0420501232147217
7184,candidate_009,radiometer_basic;laser_disdrometer;cr1000xe_backbone,1.9704000000000002,calm,transport,0,1.0079832077026367
7184,candidate_009,radiometer_basic;laser_disdrometer;cr1000xe_backbone,1.9704000000000002,calm,transport,0,1.01480233669281
7184,candidate_009,radiometer_basic;laser_disdrometer;cr1000xe_backbone,1.9704000000000002,calm,transport,0,0.9853907823562622
7184,candidate_009,radiometer_basic;laser_disdrometer;cr1000xe_backbone,1.9704000000000002,calm,transport,0,0.9367344975471497
7184,candidate_009,radiometer_basic;laser_disdrometer;cr1000xe_backbone,1.9704000000000002,calm,transport,0,0.9435837268829346
7184,candidate_009,radiometer_basic;laser_disdrometer;cr1000xe_backbone,1.9704000000000002,calm,transport,0,0.913175106048584
7184,candidate_009,radiometer_basic;laser_disdrometer;cr1000xe_backbone,1.9704000000000002,calm,transport,0,0.9776421189308167
7184,candidate_009,radiometer_basic;laser_disdrometer;cr1000xe_backbone,1.9704000000000002,calm,transport,0,0.9444675445556641
7184,candidate_009,radiometer_basic;laser_disdrometer;cr1000xe_backbone,1.9704000000000002,calm,transport,0,0.9029306173324585
7184,candidate_009,radiometer_basic;laser_disdrometer;cr1000xe_backbone,1.9704000000000002,calm,transport,0,0.9105695486068726
7184,candidate_009,radiometer_basic;laser_disdrometer;cr1000xe_backbone,1.9704000000000002,calm,transport,0,0.9357724189758301
7184,candidate_009,radiometer_basic;laser_disdrometer;cr1000xe_backbone,1.9704000000000002,calm,transport,0,0.8433426022529602
7184,candidate_009,radiometer_basic;laser_disdrometer;cr1000xe_backbone,1.9704000000000002,calm,transport,0,0.8469483256340027
7184,candidate_009,radiometer_basic;laser_disdrometer;cr1000xe_backbone,1.9704000000000002,calm,transport,0,0.7893723249435425
7184,candidate_009,radiometer_basic;laser_disdrometer;cr1000xe_backbone,1.9704000000000002,calm,transport,0,0.8788228034973145
7184,candidate_009,radiometer_basic;laser_disdrometer;cr1000xe_backbone,1.9704000000000002,calm,transport,0,0.818531334400177
7184,candidate_009,radiometer_basic;laser_disdrometer;cr1000xe_backbone,1.9704000000000002,calm,transport,0,0.874846339225769
7184,candidate_009,radiometer_basic;laser_disdrometer;cr1000xe_backbone,1.9704000000000002,calm,transport,0,0.9375889897346497
7184,candidate_009,radiometer_basic;laser_disdrometer;cr1000xe_backbone,1.9704000000000002,calm,transport,0,1.004244327545166
7184,candidate_009,radiometer_basic;laser_disdrometer;cr1000xe_backbone,1.9704000000000002,calm,transport,0,0.9697566032409668
7184,candidate_009,radiometer_basic;laser_disdrometer;cr1000xe_backbone,1.9704000000000002,calm,transport,0,0.9370951652526855
7184,candidate_009,radiometer_basic;laser_disdrometer;cr1000xe_backbone,1.9704000000000002,calm,transport,0,0.9470162391662598
7184,candidate_009,radiometer_basic;laser_disdrometer;cr1000xe_backbone,1.9704000000000002,calm,transport,0,0.8695845603942871
7184,candidate_009,radiometer_basic;laser_disdrometer;cr1000xe_backbone,1.9704000000000002,calm,transport,0,0.9075331687927246
7184,candidate_009,radiometer_basic;laser_disdrometer;cr1000xe_backbone,1.9704000000000002,calm,transport,0,0.9153255820274353
7184,candidate_009,radiometer_basic;laser_disdrometer;cr1000xe_backbone,1.9704000000000002,calm,thermal,0,0.4964292645454407
7184,candidate_009,radiometer_basic;laser_disdrometer;cr1000xe_backbone,1.9704000000000002,calm,thermal,0,0.459846556186676
7184,candidate_009,radiometer_basic;laser_disdrometer;cr1000xe_backbone,1.9704000000000002,particle,thermal,1,0.47839421033859253
7184,candidate_009,radiometer_basic;laser_disdrometer;cr1000xe_backbone,1.9704000000000002,particle,thermal,1,0.44758152961730957
7184,candidate_009,radiometer_basic;laser_disdrometer;cr1000xe_backbone,1.9704000000000002,particle,thermal,1,0.48571425676345825
7184,candidate_009,radiometer_basic;laser_disdrometer;cr1000xe_backbone,1.9704000000000002,particle,thermal,1,0.540152907371521
7184,candidate_009,radiometer_basic;laser_disdrometer;cr1000xe_backbone,1.9704000000000002,particle,thermal,1,0.8473258018493652
7184,candidate_009,radiometer_basic;laser_disdrometer;cr1000xe_backbone,1.9704000000000002,particle,thermal,1,1.1752501726150513
7184,candidate_009,radiometer_basic;laser_disdrometer;cr1000xe_backbone,1.9704000000000002,particle,thermal,1,1.4278125762939453
7184,candidate_009,radiometer_basic;laser_disdrometer;cr1000xe_backbone,1.9704000000000002,particle,thermal,1,1.7636933326721191
7184,candidate_009,radiometer_basic;laser_disdrometer;cr1000xe_backbone,1.9704000000000002,particle,thermal,1,2.0280914306640625
7184,candidate_009,radiometer_basic;laser_disdrometer;cr1000xe_backbone,1.9704000000000002,particle,thermal,1,2.347416877746582
7184,candidate_009,radiometer_basic;laser_disdrometer;cr1000xe_backbone,1.9704000000000002,particle,thermal,1,2.669950485229492
7184,candidate_009,radiometer_basic;laser_disdrometer;cr1000xe_backbone,1.9704000000000002,particle,thermal,1,3.0021631717681885
7184,candidate_009,radiometer_basic;laser_disdrometer;cr1000xe_backbone,1.9704000000000002,particle,transport,1,3.00020432472229
7184,candidate_009,radiometer_basic;laser_disdrometer;cr1000xe_backbone,1.9704000000000002,particle,transport,1,3.0205695629119873
7184,candidate_009,radiometer_basic;laser_disdrometer;cr1000xe_backbone,1.9704000000000002,particle,transport,1,3.0016016960144043
7184,candidate_009,radiometer_basic;laser_disdrometer;cr1000xe_backbone,1.9704000000000002,particle,transport,1,2.951918601989746
7184,candidate_009,radiometer_basic;laser_disdrometer;cr1000xe_backbone,1.9704000000000002,particle,transport,1,2.964062213897705
7184,candidate_009,radiometer_basic;laser_disdrometer;cr1000xe_backbone,1.9704000000000002,particle,transport,1,2.9376602172851562
7184,candidate_009,radiometer_basic;laser_disdrometer;cr1000xe_backbone,1.9704000000000002,particle,transport,1,2.9028918743133545
7184,candidate_009,radiometer_basic;laser_disdrometer;cr1000xe_backbone,1.9704000000000002,particle,transport,1,2.871238946914673
7184,candidate_009,radiometer_basic;laser_disdrometer;cr1000xe_backbone,1.9704000000000002,particle,transport,1,2.8667681217193604
7184,candidate_009,radiometer_basic;laser_disdrometer;cr1000xe_backbone,1.9704000000000002,particle,transport,1,2.8680360317230225
7184,candidate_009,radiometer_basic;laser_disdrometer;cr1000xe_backbone,1.9704000000000002,particle,transport,1,2.8971481323242188
7184,candidate_009,radiometer_basic;laser_disdrometer;cr1000xe_backbone,1.9704000000000002,particle,transport,1,2.9206442832946777
7184,candidate_009,radiometer_basic;laser_disdrometer;cr1000xe_backbone,1.9704000000000002,particle,transport,1,2.900237560272217
7184,candidate_009,radiometer_basic;laser_disdrometer;cr1000xe_backbone,1.9704000000000002,particle,transport,1,2.9170289039611816
7184,candidate_009,radiometer_basic;laser_disdrometer;cr1000xe_backbone,1.9704000000000002,particle,transport,1,2.945967674255371
7184,candidate_009,radiometer_basic;laser_disdrometer;cr1000xe_backbone,1.9704000000000002,particle,transport,1,2.960527181625366
7184,candidate_009,radiometer_basic;laser_disdrometer;cr1000xe_backbone,1.9704000000000002,particle,transport,1,2.956453323364258
7184,candidate_009,radiometer_basic;laser_disdrometer;cr1000xe_backbone,1.9704000000000002,particle,transport,1,2.9202566146850586
7184,candidate_009,radiometer_basic;laser_disdrometer;cr1000xe_backbone,1.9704000000000002,particle,transport,1,2.6580140590667725
7184,candidate_009,radiometer_basic;laser_disdrometer;cr1000xe_backbone,1.9704000000000002,particle,transport,1,2.3720600605010986
7184,candidate_009,radiometer_basic;laser_disdrometer;cr1000xe_backbone,1.9704000000000002,particle,transport,1,2.079759359359741
7184,candidate_009,radiometer_basic;laser_disdrometer;cr1000xe_backbone,1.9704000000000002,particle,transport,1,1.8346911668777466
7184,candidate_009,radiometer_basic;laser_disdrometer;cr1000xe_backbone,1.9704000000000002,particle,transport,1,1.5293984413146973
7184,candidate_009,radiometer_basic;laser_disdrometer;cr1000xe_backbone,1.9704000000000002,particle,transport,1,1.383085012435913
7184,candidate_009,radiometer_basic;laser_disdrometer;cr1000xe_backbone,1.9704000000000002,particle,transport,1,0.9773582816123962
7184,candidate_009,radiometer_basic;laser_disdrometer;cr1000xe_backbone,1.9704000000000002,particle,transport,1,1.1067631244659424
7184,candidate_009,radiometer_basic;laser_disdrometer;cr1000xe_backbone,1.9704000000000002,particle,particle,1,0.6840875148773193
7184,candidate_009,radiometer_basic;laser_disdrometer;cr1000xe_backbone,1.9704000000000002,particle,particle,1,0.8409342169761658
7184,candidate_009,radiometer_basic;laser_disdrometer;cr1000xe_backbone,1.9704000000000002,particle,particle,1,0.6568875312805176
7184,candidate_009,radiometer_basic;laser_disdrometer;cr1000xe_backbone,1.9704000000000002,particle,particle,1,0.7877756357192993
7184,candidate_009,radiometer_basic;laser_disdrometer;cr1000xe_backbone,1.9704000000000002,particle,particle,1,0.6688587069511414
7184,candidate_009,radiometer_basic;laser_disdrometer;cr1000xe_backbone,1.9704000000000002,particle,particle,1,0.7538323402404785
7184,candidate_009,radiometer_basic;laser_disdrometer;cr1000xe_backbone,1.9704000000000002,particle,particle,1,0.7669066190719604
7184,candidate_009,radiometer_basic;laser_disdrometer;cr1000xe_backbone,1.9704000000000002,particle,particle,1,0.735901951789856
7184,candidate_009,radiometer_basic;laser_disdrometer;cr1000xe_backbone,1.9704000000000002,particle,particle,1,0.6802244782447815
7184,candidate_009,radiometer_basic;laser_disdrometer;cr1000xe_backbone,1.9704000000000002,particle,particle,1,0.7721257209777832
7184,candidate_009,radiometer_basic;laser_disdrometer;cr1000xe_backbone,1.9704000000000002,particle,particle,1,0.9151875972747803
7184,candidate_009,radiometer_basic;laser_disdrometer;cr1000xe_backbone,1.9704000000000002,particle,particle,1,0.8955255746841431
7184,candidate_009,radiometer_basic;laser_disdrometer;cr1000xe_backbone,1.9704000000000002,particle,particle,1,0.8683145642280579
7184,candidate_009,radiometer_basic;laser_disdrometer;cr1000xe_backbone,1.9704000000000002,particle,particle,1,0.917041540145874
7184,candidate_009,radiometer_basic;laser_disdrometer;cr1000xe_backbone,1.9704000000000002,particle,particle,1,0.9610016345977783
7184,candidate_009,radiometer_basic;laser_disdrometer;cr1000xe_backbone,1.9704000000000002,particle,particle,1,1.0070397853851318
7184,candidate_009,radiometer_basic;laser_disdrometer;cr1000xe_backbone,1.9704000000000002,particle,particle,1,1.0127137899398804
7184,candidate_009,radiometer_basic;laser_disdrometer;cr1000xe_backbone,1.9704000000000002,calm,particle,0,0.9398459792137146
7184,candidate_009,radiometer_basic;laser_disdrometer;cr1000xe_backbone,1.9704000000000002,calm,thermal,0,0.8940458297729492
7184,candidate_009,radiometer_basic;laser_disdrometer;cr1000xe_backbone,1.9704000000000002,calm,thermal,0,0.9747483730316162
7184,candidate_009,radiometer_basic;laser_disdrometer;cr1000xe_backbone,1.9704000000000002,calm,thermal,0,0.9332441687583923
7184,candidate_009,radiometer_basic;laser_disdrometer;cr1000xe_backbone,1.9704000000000002,calm,thermal,0,1.0360530614852905
7184,candidate_009,radiometer_basic;laser_disdrometer;cr1000xe_backbone,1.9704000000000002,calm,thermal,0,1.0223537683486938
7184,candidate_009,radiometer_basic;laser_disdrometer;cr1000xe_backbone,1.9704000000000002,calm,thermal,0,0.9951645135879517
7184,candidate_009,radiometer_basic;laser_disdrometer;cr1000xe_backbone,1.9704000000000002,calm,thermal,0,0.8915756940841675
7184,candidate_009,radiometer_basic;laser_disdrometer;cr1000xe_backbone,1.9704000000000002,calm,thermal,0,0.8847156763076782
7184,candidate_009,radiometer_basic;laser_disdrometer;cr1000xe_backbone,1.9704000000000002,calm,thermal,0,0.776301383972168
7184,candidate_009,radiometer_basic;laser_disdrometer;cr1000xe_backbone,1.9704000000000002,calm,thermal,0,0.7684478759765625
7184,candidate_009,radiometer_basic;laser_disdrometer;cr1000xe_backbone,1.9704000000000002,calm,thermal,0,0.6761452555656433
7184,candidate_009,radiometer_basic;laser_disdrometer;cr1000xe_backbone,1.9704000000000002,calm,thermal,0,0.6210789084434509
7184,candidate_009,radiometer_basic;laser_disdrometer;cr1000xe_backbone,1.9704000000000002,calm,thermal,0,0.5693643689155579
7184,candidate_009,radiometer_basic;laser_disdrometer;cr1000xe_backbone,1.9704000000000002,flux,thermal,2,0.5402119755744934
7184,candidate_009,radiometer_basic;laser_disdrometer;cr1000xe_backbone,1.9704000000000002,flux,thermal,2,0.7796778678894043
7184,candidate_009,radiometer_basic;laser_disdrometer;cr1000xe_backbone,1.9704000000000002,flux,thermal,2,1.1560173034667969
7184,candidate_009,radiometer_basic;laser_disdrometer;cr1000xe_backbone,1.9704000000000002,flux,thermal,2,1.5248534679412842
7184,candidate_009,radiometer_basic;laser_disdrometer;cr1000xe_backbone,1.9704000000000002,flux,thermal,2,1.7617195844650269
7184,candidate_009,radiometer_basic;laser_disdrometer;cr1000xe_backbone,1.9704000000000002,flux,thermal,2,2.1237611770629883
7184,candidate_009,radiometer_basic;laser_disdrometer;cr1000xe_backbone,1.9704000000000002,flux,thermal,2,2.4714818000793457
7184,candidate_009,radiometer_basic;laser_disdrometer;cr1000xe_backbone,1.9704000000000002,flux,thermal,2,2.735692024230957
7184,candidate_009,radiometer_basic;laser_disdrometer;cr1000xe_backbone,1.9704000000000002,flux,thermal,2,3.093989133834839
7184,candidate_009,radiometer_basic;laser_disdrometer;cr1000xe_backbone,1.9704000000000002,flux,transport,2,3.089139461517334
7184,candidate_009,radiometer_basic;laser_disdrometer;cr1000xe_backbone,1.9704000000000002,flux,transport,2,3.088606357574463
7184,candidate_009,radiometer_basic;laser_disdrometer;cr1000xe_backbone,1.9704000000000002,flux,transport,2,3.086042881011963
7184,candidate_009,radiometer_basic;laser_disdrometer;cr1000xe_backbone,1.9704000000000002,flux,transport,2,3.086066246032715
7184,candidate_009,radiometer_basic;laser_disdrometer;cr1000xe_backbone,1.9704000000000002,flux,transport,2,3.06219482421875
7184,candidate_009,radiometer_basic;laser_disdrometer;cr1000xe_backbone,1.9704000000000002,flux,transport,2,3.0937910079956055
7184,candidate_009,radiometer_basic;laser_disdrometer;cr1000xe_backbone,1.9704000000000002,flux,transport,2,3.0379154682159424
7184,candidate_009,radiometer_basic;laser_disdrometer;cr1000xe_backbone,1.9704000000000002,flux,transport,2,3.0009350776672363
7184,candidate_009,radiometer_basic;laser_disdrometer;cr1000xe_backbone,1.9704000000000002,flux,transport,2,2.95188570022583
7184,candidate_009,radiometer_basic;laser_disdrometer;cr1000xe_backbone,1.9704000000000002,flux,transport,2,3.0038046836853027
7184,candidate_009,radiometer_basic;laser_disdrometer;cr1000xe_backbone,1.9704000000000002,flux,transport,2,2.915693998336792
7184,candidate_009,radiometer_basic;laser_disdrometer;cr1000xe_backbone,1.9704000000000002,flux,transport,2,2.946246862411499
7184,candidate_009,radiometer_basic;laser_disdrometer;cr1000xe_backbone,1.9704000000000002,flux,transport,2,2.8754642009735107
7184,candidate_009,radiometer_basic;laser_disdrometer;cr1000xe_backbone,1.9704000000000002,flux,transport,2,2.845041513442993
7184,candidate_009,radiometer_basic;laser_disdrometer;cr1000xe_backbone,1.9704000000000002,flux,transport,2,2.6005752086639404
7184,candidate_009,radiometer_basic;laser_disdrometer;cr1000xe_backbone,1.9704000000000002,flux,transport,2,2.3401875495910645
7184,candidate_009,radiometer_basic;laser_disdrometer;cr1000xe_backbone,1.9704000000000002,flux,transport,2,2.042055368423462
7184,candidate_009,radiometer_basic;laser_disdrometer;cr1000xe_backbone,1.9704000000000002,flux,transport,2,1.802039623260498
7184,candidate_009,radiometer_basic;laser_disdrometer;cr1000xe_backbone,1.9704000000000002,flux,transport,2,1.5556955337524414
7184,candidate_009,radiometer_basic;laser_disdrometer;cr1000xe_backbone,1.9704000000000002,flux,transport,2,1.4158512353897095
7184,candidate_009,radiometer_basic;laser_disdrometer;cr1000xe_backbone,1.9704000000000002,flux,transport,2,1.1440682411193848
7184,candidate_009,radiometer_basic;laser_disdrometer;cr1000xe_backbone,1.9704000000000002,flux,transport,2,0.7766380906105042
7184,candidate_009,radiometer_basic;laser_disdrometer;cr1000xe_backbone,1.9704000000000002,flux,particle,2,0.6758726835250854
7184,candidate_009,radiometer_basic;laser_disdrometer;cr1000xe_backbone,1.9704000000000002,flux,particle,2,0.7413431406021118
7184,candidate_009,radiometer_basic;laser_disdrometer;cr1000xe_backbone,1.9704000000000002,flux,particle,2,0.867914617061615
7184,candidate_009,radiometer_basic;laser_disdrometer;cr1000xe_backbone,1.9704000000000002,flux,particle,2,0.8066065907478333
7184,candidate_009,radiometer_basic;laser_disdrometer;cr1000xe_backbone,1.9704000000000002,calm,particle,0,0.652127742767334
7184,candidate_009,radiometer_basic;laser_disdrometer;cr1000xe_backbone,1.9704000000000002,calm,particle,0,0.5838701725006104
7184,candidate_009,radiometer_basic;laser_disdrometer;cr1000xe_backbone,1.9704000000000002,calm,particle,0,0.6201189756393433
7184,candidate_009,radiometer_basic;laser_disdrometer;cr1000xe_backbone,1.9704000000000002,calm,particle,0,0.6791391968727112
7184,candidate_009,radiometer_basic;laser_disdrometer;cr1000xe_backbone,1.9704000000000002,calm,particle,0,0.784532368183136
7184,candidate_009,radiometer_basic;laser_disdrometer;cr1000xe_backbone,1.9704000000000002,calm,particle,0,0.77757728099823
7184,candidate_009,radiometer_basic;laser_disdrometer;cr1000xe_backbone,1.9704000000000002,calm,particle,0,0.6399173140525818
7184,candidate_009,radiometer_basic;laser_disdrometer;cr1000xe_backbone,1.9704000000000002,calm,particle,0,0.6708256602287292
7184,candidate_009,radiometer_basic;laser_disdrometer;cr1000xe_backbone,1.9704000000000002,calm,particle,0,0.7938028573989868
7184,candidate_009,radiometer_basic;laser_disdrometer;cr1000xe_backbone,1.9704000000000002,calm,particle,0,0.8065075278282166
7184,candidate_009,radiometer_basic;laser_disdrometer;cr1000xe_backbone,1.9704000000000002,calm,particle,0,0.9055880308151245
7184,candidate_009,radiometer_basic;laser_disdrometer;cr1000xe_backbone,1.9704000000000002,calm,particle,0,0.9226633310317993
7184,candidate_009,radiometer_basic;laser_disdrometer;cr1000xe_backbone,1.9704000000000002,flux,particle,2,0.7438666224479675
7184,candidate_009,radiometer_basic;laser_disdrometer;cr1000xe_backbone,1.9704000000000002,flux,particle,2,0.8775562644004822
7184,candidate_009,radiometer_basic;laser_disdrometer;cr1000xe_backbone,1.9704000000000002,flux,particle,2,0.7037058472633362
7184,candidate_009,radiometer_basic;laser_disdrometer;cr1000xe_backbone,1.9704000000000002,flux,particle,2,0.7572303414344788
7184,candidate_009,radiometer_basic;laser_disdrometer;cr1000xe_backbone,1.9704000000000002,flux,particle,2,0.6670795679092407
7184,candidate_009,radiometer_basic;laser_disdrometer;cr1000xe_backbone,1.9704000000000002,flux,particle,2,0.5914953351020813
7184,candidate_009,radiometer_basic;laser_disdrometer;cr1000xe_backbone,1.9704000000000002,flux,particle,2,0.738957405090332
7184,candidate_009,radiometer_basic;laser_disdrometer;cr1000xe_backbone,1.9704000000000002,flux,particle,2,0.6698059439659119
7184,candidate_009,radiometer_basic;laser_disdrometer;cr1000xe_backbone,1.9704000000000002,flux,particle,2,0.705843448638916
7184,candidate_009,radiometer_basic;laser_disdrometer;cr1000xe_backbone,1.9704000000000002,flux,particle,2,0.6955267190933228
7184,candidate_009,radiometer_basic;laser_disdrometer;cr1000xe_backbone,1.9704000000000002,flux,particle,2,0.7056136727333069
7184,candidate_009,radiometer_basic;laser_disdrometer;cr1000xe_backbone,1.9704000000000002,flux,particle,2,0.7835686802864075
7184,candidate_009,radiometer_basic;laser_disdrometer;cr1000xe_backbone,1.9704000000000002,flux,particle,2,0.8221412897109985
7184,candidate_009,radiometer_basic;laser_disdrometer;cr1000xe_backbone,1.9704000000000002,flux,particle,2,0.7259915471076965
7184,candidate_009,radiometer_basic;laser_disdrometer;cr1000xe_backbone,1.9704000000000002,flux,particle,2,0.9308255314826965
7184,candidate_009,radiometer_basic;laser_disdrometer;cr1000xe_backbone,1.9704000000000002,flux,particle,2,0.750598132610321
7184,candidate_009,radiometer_basic;laser_disdrometer;cr1000xe_backbone,1.9704000000000002,flux,thermal,2,0.5560194253921509
7184,candidate_009,radiometer_basic;laser_disdrometer;cr1000xe_backbone,1.9704000000000002,flux,thermal,2,0.5309276580810547
7184,candidate_009,radiometer_basic;laser_disdrometer;cr1000xe_backbone,1.9704000000000002,flux,thermal,2,0.5914911031723022
7184,candidate_009,radiometer_basic;laser_disdrometer;cr1000xe_backbone,1.9704000000000002,flux,thermal,2,0.5263440012931824
7184,candidate_009,radiometer_basic;laser_disdrometer;cr1000xe_backbone,1.9704000000000002,flux,thermal,2,0.481452077627182
7184,candidate_009,radiometer_basic;laser_disdrometer;cr1000xe_backbone,1.9704000000000002,flux,thermal,2,0.5348367094993591
7184,candidate_009,radiometer_basic;laser_disdrometer;cr1000xe_backbone,1.9704000000000002,flux,thermal,2,0.47769492864608765
7184,candidate_009,radiometer_basic;laser_disdrometer;cr1000xe_backbone,1.9704000000000002,flux,thermal,2,0.4306575655937195
7184,candidate_009,radiometer_basic;laser_disdrometer;cr1000xe_backbone,1.9704000000000002,flux,thermal,2,0.4425208568572998
7184,candidate_009,radiometer_basic;laser_disdrometer;cr1000xe_backbone,1.9704000000000002,flux,thermal,2,0.6259353756904602
7184,candidate_009,radiometer_basic;laser_disdrometer;cr1000xe_backbone,1.9704000000000002,flux,thermal,2,0.5655171871185303
7184,candidate_009,radiometer_basic;laser_disdrometer;cr1000xe_backbone,1.9704000000000002,flux,thermal,2,0.5282395482063293
7184,candidate_009,radiometer_basic;laser_disdrometer;cr1000xe_backbone,1.9704000000000002,flux,thermal,2,0.6180236339569092
7184,candidate_009,radiometer_basic;laser_disdrometer;cr1000xe_backbone,1.9704000000000002,flux,thermal,2,0.6846745014190674
7184,candidate_009,radiometer_basic;laser_disdrometer;cr1000xe_backbone,1.9704000000000002,flux,thermal,2,0.8450396060943604
7184,candidate_009,radiometer_basic;laser_disdrometer;cr1000xe_backbone,1.9704000000000002,flux,thermal,2,0.8113300800323486
7184,candidate_009,radiometer_basic;laser_disdrometer;cr1000xe_backbone,1.9704000000000002,flux,thermal,2,0.8655601143836975
7184,candidate_009,radiometer_basic;laser_disdrometer;cr1000xe_backbone,1.9704000000000002,calm,thermal,0,0.752731442451477
7184,candidate_009,radiometer_basic;laser_disdrometer;cr1000xe_backbone,1.9704000000000002,calm,thermal,0,0.8532861471176147
7184,candidate_009,radiometer_basic;laser_disdrometer;cr1000xe_backbone,1.9704000000000002,calm,thermal,0,0.9287508130073547
7184,candidate_009,radiometer_basic;laser_disdrometer;cr1000xe_backbone,1.9704000000000002,calm,thermal,0,0.7993424534797668
7184,candidate_009,radiometer_basic;laser_disdrometer;cr1000xe_backbone,1.9704000000000002,calm,thermal,0,1.004686713218689
7184,candidate_009,radiometer_basic;laser_disdrometer;cr1000xe_backbone,1.9704000000000002,calm,thermal,0,1.257413625717163
7184,candidate_009,radiometer_basic;laser_disdrometer;cr1000xe_backbone,1.9704000000000002,calm,thermal,0,1.5519579648971558
7184,candidate_009,radiometer_basic;laser_disdrometer;cr1000xe_backbone,1.9704000000000002,calm,thermal,0,1.829759955406189
7184,candidate_009,radiometer_basic;laser_disdrometer;cr1000xe_backbone,1.9704000000000002,calm,thermal,0,2.0858094692230225
7184,candidate_009,radiometer_basic;laser_disdrometer;cr1000xe_backbone,1.9704000000000002,calm,thermal,0,2.328751564025879
7184,candidate_009,radiometer_basic;laser_disdrometer;cr1000xe_backbone,1.9704000000000002,calm,thermal,0,2.583063840866089
7184,candidate_009,radiometer_basic;laser_disdrometer;cr1000xe_backbone,1.9704000000000002,calm,thermal,0,2.8781399726867676
7184,candidate_009,radiometer_basic;laser_disdrometer;cr1000xe_backbone,1.9704000000000002,thermal,transport,3,2.871734857559204
7184,candidate_009,radiometer_basic;laser_disdrometer;cr1000xe_backbone,1.9704000000000002,thermal,transport,3,2.893784523010254
7184,candidate_009,radiometer_basic;laser_disdrometer;cr1000xe_backbone,1.9704000000000002,thermal,transport,3,2.9241273403167725
7184,candidate_009,radiometer_basic;laser_disdrometer;cr1000xe_backbone,1.9704000000000002,thermal,transport,3,2.9574286937713623
7184,candidate_009,radiometer_basic;laser_disdrometer;cr1000xe_backbone,1.9704000000000002,thermal,transport,3,2.941197156906128
7184,candidate_009,radiometer_basic;laser_disdrometer;cr1000xe_backbone,1.9704000000000002,thermal,transport,3,2.921809673309326
7184,candidate_009,radiometer_basic;laser_disdrometer;cr1000xe_backbone,1.9704000000000002,thermal,transport,3,2.9351038932800293
7184,candidate_009,radiometer_basic;laser_disdrometer;cr1000xe_backbone,1.9704000000000002,thermal,transport,3,2.9276177883148193
7184,candidate_009,radiometer_basic;laser_disdrometer;cr1000xe_backbone,1.9704000000000002,thermal,transport,3,2.9372329711914062
7184,candidate_009,radiometer_basic;laser_disdrometer;cr1000xe_backbone,1.9704000000000002,thermal,transport,3,2.944784641265869
7184,candidate_009,radiometer_basic;laser_disdrometer;cr1000xe_backbone,1.9704000000000002,thermal,transport,3,2.9296212196350098
7184,candidate_009,radiometer_basic;laser_disdrometer;cr1000xe_backbone,1.9704000000000002,thermal,transport,3,2.9637269973754883
7184,candidate_009,radiometer_basic;laser_disdrometer;cr1000xe_backbone,1.9704000000000002,thermal,transport,3,2.7583370208740234
7184,candidate_009,radiometer_basic;laser_disdrometer;cr1000xe_backbone,1.9704000000000002,thermal,transport,3,2.5592799186706543
7184,candidate_009,radiometer_basic;laser_disdrometer;cr1000xe_backbone,1.9704000000000002,thermal,transport,3,2.340200424194336
7184,candidate_009,radiometer_basic;laser_disdrometer;cr1000xe_backbone,1.9704000000000002,thermal,transport,3,2.111880302429199
7184,candidate_009,radiometer_basic;laser_disdrometer;cr1000xe_backbone,1.9704000000000002,thermal,transport,3,1.874886393547058
7184,candidate_009,radiometer_basic;laser_disdrometer;cr1000xe_backbone,1.9704000000000002,thermal,transport,3,1.6461827754974365
7184,candidate_009,radiometer_basic;laser_disdrometer;cr1000xe_backbone,1.9704000000000002,thermal,transport,3,1.513038158416748
7184,candidate_009,radiometer_basic;laser_disdrometer;cr1000xe_backbone,1.9704000000000002,thermal,transport,3,1.2339798212051392
7184,candidate_009,radiometer_basic;laser_disdrometer;cr1000xe_backbone,1.9704000000000002,thermal,particle,3,1.363675594329834
7184,candidate_009,radiometer_basic;laser_disdrometer;cr1000xe_backbone,1.9704000000000002,thermal,particle,3,1.0604634284973145
7184,candidate_009,radiometer_basic;laser_disdrometer;cr1000xe_backbone,1.9704000000000002,thermal,particle,3,1.1441519260406494
7184,candidate_009,radiometer_basic;laser_disdrometer;cr1000xe_backbone,1.9704000000000002,thermal,particle,3,1.035735845565796
7184,candidate_009,radiometer_basic;laser_disdrometer;cr1000xe_backbone,1.9704000000000002,thermal,particle,3,1.0911895036697388
7184,candidate_009,radiometer_basic;laser_disdrometer;cr1000xe_backbone,1.9704000000000002,thermal,particle,3,1.1026151180267334
7184,candidate_009,radiometer_basic;laser_disdrometer;cr1000xe_backbone,1.9704000000000002,thermal,particle,3,1.124118447303772
7184,candidate_009,radiometer_basic;laser_disdrometer;cr1000xe_backbone,1.9704000000000002,thermal,particle,3,1.3240447044372559
7184,candidate_009,radiometer_basic;laser_disdrometer;cr1000xe_backbone,1.9704000000000002,thermal,particle,3,1.3969638347625732
7184,candidate_009,radiometer_basic;laser_disdrometer;cr1000xe_backbone,1.9704000000000002,calm,particle,0,1.0413877964019775
7184,candidate_009,radiometer_basic;laser_disdrometer;cr1000xe_backbone,1.9704000000000002,calm,particle,0,0.8699875473976135
7184,candidate_009,radiometer_basic;laser_disdrometer;cr1000xe_backbone,1.9704000000000002,calm,particle,0,0.8110975623130798
7184,candidate_009,radiometer_basic;laser_disdrometer;cr1000xe_backbone,1.9704000000000002,calm,particle,0,0.8354936242103577
7184,candidate_009,radiometer_basic;laser_disdrometer;cr1000xe_backbone,1.9704000000000002,calm,particle,0,0.9852821230888367
7184,candidate_009,radiometer_basic;laser_disdrometer;cr1000xe_backbone,1.9704000000000002,calm,particle,0,0.9382772445678711
7184,candidate_009,radiometer_basic;laser_disdrometer;cr1000xe_backbone,1.9704000000000002,calm,particle,0,1.045559287071228
7184,candidate_009,radiometer_basic;laser_disdrometer;cr1000xe_backbone,1.9704000000000002,calm,particle,0,0.8191145658493042
7184,candidate_009,radiometer_basic;laser_disdrometer;cr1000xe_backbone,1.9704000000000002,calm,particle,0,0.6580057740211487
7184,candidate_009,radiometer_basic;laser_disdrometer;cr1000xe_backbone,1.9704000000000002,calm,particle,0,0.5912221074104309
7184,candidate_009,radiometer_basic;laser_disdrometer;cr1000xe_backbone,1.9704000000000002,calm,particle,0,0.6421492099761963
7184,candidate_009,radiometer_basic;laser_disdrometer;cr1000xe_backbone,1.9704000000000002,calm,particle,0,0.6323684453964233
7184,candidate_009,radiometer_basic;laser_disdrometer;cr1000xe_backbone,1.9704000000000002,calm,particle,0,0.4687236249446869
7184,candidate_009,radiometer_basic;laser_disdrometer;cr1000xe_backbone,1.9704000000000002,calm,particle,0,0.4332670569419861
7184,candidate_009,radiometer_basic;laser_disdrometer;cr1000xe_backbone,1.9704000000000002,thermal,thermal,3,0.4468151330947876
7184,candidate_009,radiometer_basic;laser_disdrometer;cr1000xe_backbone,1.9704000000000002,thermal,thermal,3,0.46148133277893066
7184,candidate_009,radiometer_basic;laser_disdrometer;cr1000xe_backbone,1.9704000000000002,thermal,thermal,3,0.44375574588775635
7184,candidate_009,radiometer_basic;laser_disdrometer;cr1000xe_backbone,1.9704000000000002,thermal,thermal,3,0.47271791100502014
7184,candidate_009,radiometer_basic;laser_disdrometer;cr1000xe_backbone,1.9704000000000002,thermal,thermal,3,0.5202546715736389
7184,candidate_009,radiometer_basic;laser_disdrometer;cr1000xe_backbone,1.9704000000000002,thermal,thermal,3,0.49232834577560425
7184,candidate_009,radiometer_basic;laser_disdrometer;cr1000xe_backbone,1.9704000000000002,thermal,thermal,3,0.38759908080101013
7184,candidate_009,radiometer_basic;laser_disdrometer;cr1000xe_backbone,1.9704000000000002,thermal,thermal,3,0.3818495273590088
7184,candidate_009,radiometer_basic;laser_disdrometer;cr1000xe_backbone,1.9704000000000002,thermal,thermal,3,0.37945032119750977
7184,candidate_009,radiometer_basic;laser_disdrometer;cr1000xe_backbone,1.9704000000000002,thermal,thermal,3,0.4352079927921295
7184,candidate_009,radiometer_basic;laser_disdrometer;cr1000xe_backbone,1.9704000000000002,thermal,thermal,3,0.41721776127815247
7184,candidate_009,radiometer_basic;laser_disdrometer;cr1000xe_backbone,1.9704000000000002,thermal,thermal,3,0.5015023946762085
7184,candidate_009,radiometer_basic;laser_disdrometer;cr1000xe_backbone,1.9704000000000002,thermal,thermal,3,0.47277846932411194
7184,candidate_009,radiometer_basic;laser_disdrometer;cr1000xe_backbone,1.9704000000000002,thermal,thermal,3,0.4420452117919922
7184,candidate_009,radiometer_basic;laser_disdrometer;cr1000xe_backbone,1.9704000000000002,thermal,thermal,3,0.8528769016265869
7184,candidate_009,radiometer_basic;laser_disdrometer;cr1000xe_backbone,1.9704000000000002,thermal,thermal,3,1.2248212099075317
7184,candidate_009,radiometer_basic;laser_disdrometer;cr1000xe_backbone,1.9704000000000002,thermal,thermal,3,1.4757837057113647
7184,candidate_009,radiometer_basic;laser_disdrometer;cr1000xe_backbone,1.9704000000000002,thermal,thermal,3,1.7782955169677734
7184,candidate_009,radiometer_basic;laser_disdrometer;cr1000xe_backbone,1.9704000000000002,thermal,thermal,3,2.0589523315429688
7184,candidate_009,radiometer_basic;laser_disdrometer;cr1000xe_backbone,1.9704000000000002,thermal,thermal,3,2.3876101970672607
7184,candidate_009,radiometer_basic;laser_disdrometer;cr1000xe_backbone,1.9704000000000002,thermal,thermal,3,2.6919894218444824
7184,candidate_009,radiometer_basic;laser_disdrometer;cr1000xe_backbone,1.9704000000000002,thermal,thermal,3,3.0045714378356934
7184,candidate_009,radiometer_basic;laser_disdrometer;cr1000xe_backbone,1.9704000000000002,thermal,transport,3,2.9959771633148193
7184,candidate_009,radiometer_basic;laser_disdrometer;cr1000xe_backbone,1.9704000000000002,thermal,transport,3,2.9905662536621094
7184,candidate_009,radiometer_basic;laser_disdrometer;cr1000xe_backbone,1.9704000000000002,thermal,transport,3,2.9938409328460693
7184,candidate_009,radiometer_basic;laser_disdrometer;cr1000xe_backbone,1.9704000000000002,thermal,transport,3,2.9819796085357666
7184,candidate_009,radiometer_basic;laser_disdrometer;cr1000xe_backbone,1.9704000000000002,thermal,transport,3,3.049884080886841
7184,candidate_009,radiometer_basic;laser_disdrometer;cr1000xe_backbone,1.9704000000000002,thermal,transport,3,3.0248031616210938
7184,candidate_009,radiometer_basic;laser_disdrometer;cr1000xe_backbone,1.9704000000000002,thermal,transport,3,3.026276111602783
7184,candidate_009,radiometer_basic;laser_disdrometer;cr1000xe_backbone,1.9704000000000002,thermal,transport,3,3.0254499912261963
7184,candidate_009,radiometer_basic;laser_disdrometer;cr1000xe_backbone,1.9704000000000002,thermal,transport,3,3.0672733783721924
7184,candidate_009,radiometer_basic;laser_disdrometer;cr1000xe_backbone,1.9704000000000002,thermal,transport,3,3.0662271976470947
7184,candidate_009,radiometer_basic;laser_disdrometer;cr1000xe_backbone,1.9704000000000002,thermal,transport,3,2.99798583984375
7184,candidate_009,radiometer_basic;laser_disdrometer;cr1000xe_backbone,1.9704000000000002,thermal,transport,3,2.998589038848877
7184,candidate_009,radiometer_basic;laser_disdrometer;cr1000xe_backbone,1.9704000000000002,thermal,transport,3,2.786454916000366
7184,candidate_009,radiometer_basic;laser_disdrometer;cr1000xe_backbone,1.9704000000000002,thermal,transport,3,2.5722100734710693
7184,candidate_009,radiometer_basic;laser_disdrometer;cr1000xe_backbone,1.9704000000000002,thermal,transport,3,2.421607494354248
7184,candidate_009,radiometer_basic;laser_disdrometer;cr1000xe_backbone,1.9704000000000002,thermal,transport,3,2.1949830055236816
7184,candidate_009,radiometer_basic;laser_disdrometer;cr1000xe_backbone,1.9704000000000002,thermal,transport,3,2.0030295848846436
7184,candidate_009,radiometer_basic;laser_disdrometer;cr1000xe_backbone,1.9704000000000002,thermal,transport,3,1.7298892736434937
7184,candidate_009,radiometer_basic;laser_disdrometer;cr1000xe_backbone,1.9704000000000002,thermal,transport,3,1.5648094415664673
7184,candidate_009,radiometer_basic;laser_disdrometer;cr1000xe_backbone,1.9704000000000002,thermal,transport,3,1.379828691482544
7184,candidate_009,radiometer_basic;laser_disdrometer;cr1000xe_backbone,1.9704000000000002,thermal,particle,3,1.392505168914795
7184,candidate_009,radiometer_basic;laser_disdrometer;cr1000xe_backbone,1.9704000000000002,thermal,particle,3,1.1867800951004028
7184,candidate_009,radiometer_basic;laser_disdrometer;cr1000xe_backbone,1.9704000000000002,thermal,particle,3,1.143743872642517
7184,candidate_009,radiometer_basic;laser_disdrometer;cr1000xe_backbone,1.9704000000000002,thermal,particle,3,1.1417055130004883
7184,candidate_009,radiometer_basic;laser_disdrometer;cr1000xe_backbone,1.9704000000000002,thermal,particle,3,1.095562219619751
7184,candidate_009,radiometer_basic;laser_disdrometer;cr1000xe_backbone,1.9704000000000002,thermal,particle,3,1.0999345779418945
7184,candidate_009,radiometer_basic;laser_disdrometer;cr1000xe_backbone,1.9704000000000002,thermal,particle,3,1.1297818422317505
7184,candidate_009,radiometer_basic;laser_disdrometer;cr1000xe_backbone,1.9704000000000002,thermal,particle,3,1.1811164617538452
7184,candidate_010,surface_temp_ir;laser_disdrometer;cr1000xe_backbone,2.0504,calm,particle,0,1.0109184980392456
7184,candidate_010,surface_temp_ir;laser_disdrometer;cr1000xe_backbone,2.0504,calm,particle,0,0.9987103343009949
7184,candidate_010,surface_temp_ir;laser_disdrometer;cr1000xe_backbone,2.0504,calm,particle,0,0.9959747195243835
7184,candidate_010,surface_temp_ir;laser_disdrometer;cr1000xe_backbone,2.0504,calm,particle,0,1.0568782091140747
7184,candidate_010,surface_temp_ir;laser_disdrometer;cr1000xe_backbone,2.0504,calm,particle,0,0.9795868992805481
7184,candidate_010,surface_temp_ir;laser_disdrometer;cr1000xe_backbone,2.0504,calm,particle,0,0.9455170631408691
7184,candidate_010,surface_temp_ir;laser_disdrometer;cr1000xe_backbone,2.0504,calm,particle,0,0.8578233122825623
7184,candidate_010,surface_temp_ir;laser_disdrometer;cr1000xe_backbone,2.0504,calm,particle,0,0.908107340335846
7184,candidate_010,surface_temp_ir;laser_disdrometer;cr1000xe_backbone,2.0504,calm,particle,0,1.034990668296814
7184,candidate_010,surface_temp_ir;laser_disdrometer;cr1000xe_backbone,2.0504,calm,particle,0,0.9040619134902954
7184,candidate_010,surface_temp_ir;laser_disdrometer;cr1000xe_backbone,2.0504,calm,particle,0,0.9042640924453735
7184,candidate_010,surface_temp_ir;laser_disdrometer;cr1000xe_backbone,2.0504,calm,particle,0,0.7908104658126831
7184,candidate_010,surface_temp_ir;laser_disdrometer;cr1000xe_backbone,2.0504,calm,particle,0,0.6821495890617371
7184,candidate_010,surface_temp_ir;laser_disdrometer;cr1000xe_backbone,2.0504,calm,particle,0,0.7863242626190186
7184,candidate_010,surface_temp_ir;laser_disdrometer;cr1000xe_backbone,2.0504,calm,particle,0,0.6533032059669495
7184,candidate_010,surface_temp_ir;laser_disdrometer;cr1000xe_backbone,2.0504,calm,particle,0,0.5936238169670105
7184,candidate_010,surface_temp_ir;laser_disdrometer;cr1000xe_backbone,2.0504,calm,particle,0,0.5706492066383362
7184,candidate_010,surface_temp_ir;laser_disdrometer;cr1000xe_backbone,2.0504,calm,particle,0,0.5171063542366028
7184,candidate_010,surface_temp_ir;laser_disdrometer;cr1000xe_backbone,2.0504,calm,particle,0,0.6044043302536011
7184,candidate_010,surface_temp_ir;laser_disdrometer;cr1000xe_backbone,2.0504,calm,particle,0,0.6194457411766052
7184,candidate_010,surface_temp_ir;laser_disdrometer;cr1000xe_backbone,2.0504,calm,particle,0,0.6755737066268921
7184,candidate_010,surface_temp_ir;laser_disdrometer;cr1000xe_backbone,2.0504,calm,thermal,0,0.6714879274368286
7184,candidate_010,surface_temp_ir;laser_disdrometer;cr1000xe_backbone,2.0504,calm,thermal,0,0.7763140797615051
7184,candidate_010,surface_temp_ir;laser_disdrometer;cr1000xe_backbone,2.0504,calm,thermal,0,0.7630251049995422
7184,candidate_010,surface_temp_ir;laser_disdrometer;cr1000xe_backbone,2.0504,calm,thermal,0,0.7483533620834351
7184,candidate_010,surface_temp_ir;laser_disdrometer;cr1000xe_backbone,2.0504,calm,thermal,0,0.723558247089386
7184,candidate_010,surface_temp_ir;laser_disdrometer;cr1000xe_backbone,2.0504,calm,thermal,0,0.7136936783790588
7184,candidate_010,surface_temp_ir;laser_disdrometer;cr1000xe_backbone,2.0504,calm,thermal,0,0.725962221622467
7184,candidate_010,surface_temp_ir;laser_disdrometer;cr1000xe_backbone,2.0504,calm,thermal,0,0.6575931310653687
7184,candidate_010,surface_temp_ir;laser_disdrometer;cr1000xe_backbone,2.0504,calm,thermal,0,0.668921172618866
7184,candidate_010,surface_temp_ir;laser_disdrometer;cr1000xe_backbone,2.0504,calm,thermal,0,0.6748418807983398
7184,candidate_010,surface_temp_ir;laser_disdrometer;cr1000xe_backbone,2.0504,calm,thermal,0,0.6006761193275452
7184,candidate_010,surface_temp_ir;laser_disdrometer;cr1000xe_backbone,2.0504,calm,thermal,0,0.6271400451660156
7184,candidate_010,surface_temp_ir;laser_disdrometer;cr1000xe_backbone,2.0504,calm,thermal,0,0.5262292623519897
7184,candidate_010,surface_temp_ir;laser_disdrometer;cr1000xe_backbone,2.0504,calm,thermal,0,0.5357652306556702
7184,candidate_010,surface_temp_ir;laser_disdrometer;cr1000xe_backbone,2.0504,calm,thermal,0,0.5647508502006531
7184,candidate_010,surface_temp_ir;laser_disdrometer;cr1000xe_backbone,2.0504,calm,thermal,0,0.5074061155319214
7184,candidate_010,surface_temp_ir;laser_disdrometer;cr1000xe_backbone,2.0504,calm,thermal,0,0.566774845123291
7184,candidate_010,surface_temp_ir;laser_disdrometer;cr1000xe_backbone,2.0504,calm,thermal,0,0.5918448567390442
7184,candidate_010,surface_temp_ir;laser_disdrometer;cr1000xe_backbone,2.0504,calm,thermal,0,0.6864851117134094
7184,candidate_010,surface_temp_ir;laser_disdrometer;cr1000xe_backbone,2.0504,calm,thermal,0,0.6511232256889343
7184,candidate_010,surface_temp_ir;laser_disdrometer;cr1000xe_backbone,2.0504,calm,thermal,0,0.5406146049499512
7184,candidate_010,surface_temp_ir;laser_disdrometer;cr1000xe_backbone,2.0504,calm,thermal,0,0.5355176329612732
7184,candidate_010,surface_temp_ir;laser_disdrometer;cr1000xe_backbone,2.0504,calm,thermal,0,0.573238730430603
7184,candidate_010,surface_temp_ir;laser_disdrometer;cr1000xe_backbone,2.0504,calm,thermal,0,0.615140974521637
7184,candidate_010,surface_temp_ir;laser_disdrometer;cr1000xe_backbone,2.0504,calm,thermal,0,0.6130438446998596
7184,candidate_010,surface_temp_ir;laser_disdrometer;cr1000xe_backbone,2.0504,calm,thermal,0,0.6205126643180847
7184,candidate_010,surface_temp_ir;laser_disdrometer;cr1000xe_backbone,2.0504,calm,thermal,0,0.665958046913147
7184,candidate_010,surface_temp_ir;laser_disdrometer;cr1000xe_backbone,2.0504,calm,thermal,0,0.6785144805908203
7184,candidate_010,surface_temp_ir;laser_disdrometer;cr1000xe_backbone,2.0504,calm,thermal,0,0.6699956059455872
7184,candidate_010,surface_temp_ir;laser_disdrometer;cr1000xe_backbone,2.0504,calm,thermal,0,0.647716760635376
7184,candidate_010,surface_temp_ir;laser_disdrometer;cr1000xe_backbone,2.0504,calm,thermal,0,0.6267678737640381
7184,candidate_010,surface_temp_ir;laser_disdrometer;cr1000xe_backbone,2.0504,calm,thermal,0,0.6329575181007385
7184,candidate_010,surface_temp_ir;laser_disdrometer;cr1000xe_backbone,2.0504,calm,thermal,0,0.6345599293708801
7184,candidate_010,surface_temp_ir;laser_disdrometer;cr1000xe_backbone,2.0504,calm,transport,0,0.6014019846916199
7184,candidate_010,surface_temp_ir;laser_disdrometer;cr1000xe_backbone,2.0504,calm,transport,0,0.6118323802947998
7184,candidate_010,surface_temp_ir;laser_disdrometer;cr1000xe_backbone,2.0504,calm,transport,0,0.6083858013153076
7184,candidate_010,surface_temp_ir;laser_disdrometer;cr1000xe_backbone,2.0504,calm,transport,0,0.6175276041030884
7184,candidate_010,surface_temp_ir;laser_disdrometer;cr1000xe_backbone,2.0504,calm,transport,0,0.6847823262214661
7184,candidate_010,surface_temp_ir;laser_disdrometer;cr1000xe_backbone,2.0504,calm,transport,0,0.687065064907074
7184,candidate_010,surface_temp_ir;laser_disdrometer;cr1000xe_backbone,2.0504,calm,transport,0,0.6013094186782837
7184,candidate_010,surface_temp_ir;laser_disdrometer;cr1000xe_backbone,2.0504,calm,transport,0,0.6301571726799011
7184,candidate_010,surface_temp_ir;laser_disdrometer;cr1000xe_backbone,2.0504,calm,transport,0,0.6132416129112244
7184,candidate_010,surface_temp_ir;laser_disdrometer;cr1000xe_backbone,2.0504,calm,transport,0,0.6179869174957275
7184,candidate_010,surface_temp_ir;laser_disdrometer;cr1000xe_backbone,2.0504,calm,transport,0,0.52484530210495
7184,candidate_010,surface_temp_ir;laser_disdrometer;cr1000xe_backbone,2.0504,calm,transport,0,0.5212282538414001
7184,candidate_010,surface_temp_ir;laser_disdrometer;cr1000xe_backbone,2.0504,calm,transport,0,0.4844202399253845
7184,candidate_010,surface_temp_ir;laser_disdrometer;cr1000xe_backbone,2.0504,calm,transport,0,0.4960116446018219
7184,candidate_010,surface_temp_ir;laser_disdrometer;cr1000xe_backbone,2.0504,calm,transport,0,0.5441428422927856
7184,candidate_010,surface_temp_ir;laser_disdrometer;cr1000xe_backbone,2.0504,calm,transport,0,0.5559195280075073
7184,candidate_010,surface_temp_ir;laser_disdrometer;cr1000xe_backbone,2.0504,calm,transport,0,0.6266255974769592
7184,candidate_010,surface_temp_ir;laser_disdrometer;cr1000xe_backbone,2.0504,calm,transport,0,0.8229768872261047
7184,candidate_010,surface_temp_ir;laser_disdrometer;cr1000xe_backbone,2.0504,calm,transport,0,0.7477939128875732
7184,candidate_010,surface_temp_ir;laser_disdrometer;cr1000xe_backbone,2.0504,calm,transport,0,0.8090090155601501
7184,candidate_010,surface_temp_ir;laser_disdrometer;cr1000xe_backbone,2.0504,calm,transport,0,0.7447810769081116
7184,candidate_010,surface_temp_ir;laser_disdrometer;cr1000xe_backbone,2.0504,calm,transport,0,0.7875436544418335
7184,candidate_010,surface_temp_ir;laser_disdrometer;cr1000xe_backbone,2.0504,calm,transport,0,0.829548180103302
7184,candidate_010,surface_temp_ir;laser_disdrometer;cr1000xe_backbone,2.0504,calm,transport,0,0.7864644527435303
7184,candidate_010,surface_temp_ir;laser_disdrometer;cr1000xe_backbone,2.0504,calm,transport,0,0.6599287986755371
7184,candidate_010,surface_temp_ir;laser_disdrometer;cr1000xe_backbone,2.0504,calm,transport,0,0.636991560459137
7184,candidate_010,surface_temp_ir;laser_disdrometer;cr1000xe_backbone,2.0504,calm,transport,0,0.6068776845932007
7184,candidate_010,surface_temp_ir;laser_disdrometer;cr1000xe_backbone,2.0504,calm,transport,0,0.6050503253936768
7184,candidate_010,surface_temp_ir;laser_disdrometer;cr1000xe_backbone,2.0504,calm,transport,0,0.5978104472160339
7184,candidate_010,surface_temp_ir;laser_disdrometer;cr1000xe_backbone,2.0504,calm,transport,0,0.6210978627204895
7184,candidate_010,surface_temp_ir;laser_disdrometer;cr1000xe_backbone,2.0504,calm,transport,0,0.6090838313102722
7184,candidate_010,surface_temp_ir;laser_disdrometer;cr1000xe_backbone,2.0504,calm,transport,0,0.6355813145637512
7184,candidate_010,surface_temp_ir;laser_disdrometer;cr1000xe_backbone,2.0504,calm,transport,0,0.6532554626464844
7184,candidate_010,surface_temp_ir;laser_disdrometer;cr1000xe_backbone,2.0504,calm,transport,0,0.7127365469932556
7184,candidate_010,surface_temp_ir;laser_disdrometer;cr1000xe_backbone,2.0504,calm,transport,0,0.7037773728370667
7184,candidate_010,surface_temp_ir;laser_disdrometer;cr1000xe_backbone,2.0504,calm,transport,0,0.7415054440498352
7184,candidate_010,surface_temp_ir;laser_disdrometer;cr1000xe_backbone,2.0504,calm,particle,0,0.6961754560470581
7184,candidate_010,surface_temp_ir;laser_disdrometer;cr1000xe_backbone,2.0504,calm,particle,0,0.6802834272384644
7184,candidate_010,surface_temp_ir;laser_disdrometer;cr1000xe_backbone,2.0504,calm,particle,0,0.7826464176177979
7184,candidate_010,surface_temp_ir;laser_disdrometer;cr1000xe_backbone,2.0504,calm,particle,0,0.721880316734314
7184,candidate_010,surface_temp_ir;laser_disdrometer;cr1000xe_backbone,2.0504,calm,particle,0,0.7423140406608582
7184,candidate_010,surface_temp_ir;laser_disdrometer;cr1000xe_backbone,2.0504,calm,particle,0,0.7643560171127319
7184,candidate_010,surface_temp_ir;laser_disdrometer;cr1000xe_backbone,2.0504,calm,particle,0,0.7696113586425781
7184,candidate_010,surface_temp_ir;laser_disdrometer;cr1000xe_backbone,2.0504,calm,particle,0,0.6631871461868286
7184,candidate_010,surface_temp_ir;laser_disdrometer;cr1000xe_backbone,2.0504,calm,particle,0,0.6306077837944031
7184,candidate_010,surface_temp_ir;laser_disdrometer;cr1000xe_backbone,2.0504,calm,particle,0,0.6407891511917114
7184,candidate_010,surface_temp_ir;laser_disdrometer;cr1000xe_backbone,2.0504,calm,particle,0,0.6234658360481262
7184,candidate_010,surface_temp_ir;laser_disdrometer;cr1000xe_backbone,2.0504,calm,particle,0,0.544047474861145
7184,candidate_010,surface_temp_ir;laser_disdrometer;cr1000xe_backbone,2.0504,calm,particle,0,0.5465399026870728
7184,candidate_010,surface_temp_ir;laser_disdrometer;cr1000xe_backbone,2.0504,calm,particle,0,0.5696873664855957
7184,candidate_010,surface_temp_ir;laser_disdrometer;cr1000xe_backbone,2.0504,calm,particle,0,0.5323240756988525
7184,candidate_010,surface_temp_ir;laser_disdrometer;cr1000xe_backbone,2.0504,calm,particle,0,0.5394627451896667
7184,candidate_010,surface_temp_ir;laser_disdrometer;cr1000xe_backbone,2.0504,calm,particle,0,0.5015279650688171
7184,candidate_010,surface_temp_ir;laser_disdrometer;cr1000xe_backbone,2.0504,calm,particle,0,0.5205461978912354
7184,candidate_010,surface_temp_ir;laser_disdrometer;cr1000xe_backbone,2.0504,calm,particle,0,0.547245979309082
7184,candidate_010,surface_temp_ir;laser_disdrometer;cr1000xe_backbone,2.0504,calm,particle,0,0.5424889326095581
7184,candidate_010,surface_temp_ir;laser_disdrometer;cr1000xe_backbone,2.0504,calm,particle,0,0.567094087600708
7184,candidate_010,surface_temp_ir;laser_disdrometer;cr1000xe_backbone,2.0504,calm,particle,0,0.603581428527832
7184,candidate_010,surface_temp_ir;laser_disdrometer;cr1000xe_backbone,2.0504,calm,particle,0,0.6024608612060547
7184,candidate_010,surface_temp_ir;laser_disdrometer;cr1000xe_backbone,2.0504,calm,particle,0,0.6740532517433167
7184,candidate_010,surface_temp_ir;laser_disdrometer;cr1000xe_backbone,2.0504,calm,particle,0,0.7241842150688171
7184,candidate_010,surface_temp_ir;laser_disdrometer;cr1000xe_backbone,2.0504,calm,particle,0,0.7638696432113647
7184,candidate_010,surface_temp_ir;laser_disdrometer;cr1000xe_backbone,2.0504,calm,particle,0,0.7503047585487366
7184,candidate_010,surface_temp_ir;laser_disdrometer;cr1000xe_backbone,2.0504,calm,particle,0,0.7460312843322754
7184,candidate_010,surface_temp_ir;laser_disdrometer;cr1000xe_backbone,2.0504,calm,particle,0,0.7930002212524414
7184,candidate_010,surface_temp_ir;laser_disdrometer;cr1000xe_backbone,2.0504,calm,particle,0,0.9115813970565796
7184,candidate_010,surface_temp_ir;laser_disdrometer;cr1000xe_backbone,2.0504,calm,particle,0,0.8952100872993469
7184,candidate_010,surface_temp_ir;laser_disdrometer;cr1000xe_backbone,2.0504,calm,particle,0,0.9002713561058044
7184,candidate_010,surface_temp_ir;laser_disdrometer;cr1000xe_backbone,2.0504,calm,particle,0,1.018544316291809
7184,candidate_010,surface_temp_ir;laser_disdrometer;cr1000xe_backbone,2.0504,calm,particle,0,1.0130879878997803
7184,candidate_010,surface_temp_ir;laser_disdrometer;cr1000xe_backbone,2.0504,calm,thermal,0,0.8147980570793152
7184,candidate_010,surface_temp_ir;laser_disdrometer;cr1000xe_backbone,2.0504,calm,thermal,0,0.8597149848937988
7184,candidate_010,surface_temp_ir;laser_disdrometer;cr1000xe_backbone,2.0504,calm,thermal,0,0.9609168171882629
7184,candidate_010,surface_temp_ir;laser_disdrometer;cr1000xe_backbone,2.0504,calm,thermal,0,0.8406293392181396
7184,candidate_010,surface_temp_ir;laser_disdrometer;cr1000xe_backbone,2.0504,calm,thermal,0,0.771232545375824
7184,candidate_010,surface_temp_ir;laser_disdrometer;cr1000xe_backbone,2.0504,calm,thermal,0,0.8206678628921509
7184,candidate_010,surface_temp_ir;laser_disdrometer;cr1000xe_backbone,2.0504,calm,thermal,0,0.8400634527206421
7184,candidate_010,surface_temp_ir;laser_disdrometer;cr1000xe_backbone,2.0504,calm,thermal,0,0.839322566986084
7184,candidate_010,surface_temp_ir;laser_disdrometer;cr1000xe_backbone,2.0504,calm,thermal,0,0.8957070112228394
7184,candidate_010,surface_temp_ir;laser_disdrometer;cr1000xe_backbone,2.0504,calm,thermal,0,0.8233180046081543
7184,candidate_010,surface_temp_ir;laser_disdrometer;cr1000xe_backbone,2.0504,calm,thermal,0,0.8019459843635559
7184,candidate_010,surface_temp_ir;laser_disdrometer;cr1000xe_backbone,2.0504,calm,thermal,0,0.8588235378265381
7184,candidate_010,surface_temp_ir;laser_disdrometer;cr1000xe_backbone,2.0504,calm,thermal,0,0.897556483745575
7184,candidate_010,surface_temp_ir;laser_disdrometer;cr1000xe_backbone,2.0504,calm,thermal,0,0.8284398317337036
7184,candidate_010,surface_temp_ir;laser_disdrometer;cr1000xe_backbone,2.0504,calm,thermal,0,0.8288710117340088
7184,candidate_010,surface_temp_ir;laser_disdrometer;cr1000xe_backbone,2.0504,calm,thermal,0,0.8700881600379944
7184,candidate_010,surface_temp_ir;laser_disdrometer;cr1000xe_backbone,2.0504,calm,thermal,0,0.8932967782020569
7184,candidate_010,surface_temp_ir;laser_disdrometer;cr1000xe_backbone,2.0504,calm,thermal,0,0.9014129042625427
7184,candidate_010,surface_temp_ir;laser_disdrometer;cr1000xe_backbone,2.0504,calm,thermal,0,0.9006031155586243
7184,candidate_010,surface_temp_ir;laser_disdrometer;cr1000xe_backbone,2.0504,calm,thermal,0,0.9023967981338501
7184,candidate_010,surface_temp_ir;laser_disdrometer;cr1000xe_backbone,2.0504,calm,thermal,0,0.9212683439254761
7184,candidate_010,surface_temp_ir;laser_disdrometer;cr1000xe_backbone,2.0504,calm,thermal,0,0.8944956064224243
7184,candidate_010,surface_temp_ir;laser_disdrometer;cr1000xe_backbone,2.0504,calm,thermal,0,0.9089253544807434
7184,candidate_010,surface_temp_ir;laser_disdrometer;cr1000xe_backbone,2.0504,calm,thermal,0,0.9270014762878418
7184,candidate_010,surface_temp_ir;laser_disdrometer;cr1000xe_backbone,2.0504,calm,thermal,0,0.9621613621711731
7184,candidate_010,surface_temp_ir;laser_disdrometer;cr1000xe_backbone,2.0504,calm,thermal,0,0.8083208203315735
7184,candidate_010,surface_temp_ir;laser_disdrometer;cr1000xe_backbone,2.0504,calm,transport,0,0.8400523662567139
7184,candidate_010,surface_temp_ir;laser_disdrometer;cr1000xe_backbone,2.0504,calm,transport,0,0.8765231966972351
7184,candidate_010,surface_temp_ir;laser_disdrometer;cr1000xe_backbone,2.0504,calm,transport,0,0.786034345626831
7184,candidate_010,surface_temp_ir;laser_disdrometer;cr1000xe_backbone,2.0504,calm,transport,0,0.7972262501716614
7184,candidate_010,surface_temp_ir;laser_disdrometer;cr1000xe_backbone,2.0504,calm,transport,0,0.7619213461875916
7184,candidate_010,surface_temp_ir;laser_disdrometer;cr1000xe_backbone,2.0504,calm,transport,0,0.8821020126342773
7184,candidate_010,surface_temp_ir;laser_disdrometer;cr1000xe_backbone,2.0504,calm,transport,0,0.8803972601890564
7184,candidate_010,surface_temp_ir;laser_disdrometer;cr1000xe_backbone,2.0504,calm,transport,0,0.8950244784355164
7184,candidate_010,surface_temp_ir;laser_disdrometer;cr1000xe_backbone,2.0504,calm,transport,0,0.8479779958724976
7184,candidate_010,surface_temp_ir;laser_disdrometer;cr1000xe_backbone,2.0504,calm,transport,0,0.8115973472595215
7184,candidate_010,surface_temp_ir;laser_disdrometer;cr1000xe_backbone,2.0504,calm,transport,0,0.7620959281921387
7184,candidate_010,surface_temp_ir;laser_disdrometer;cr1000xe_backbone,2.0504,calm,transport,0,0.7572718858718872
7184,candidate_010,surface_temp_ir;laser_disdrometer;cr1000xe_backbone,2.0504,calm,transport,0,0.7933925986289978
7184,candidate_010,surface_temp_ir;laser_disdrometer;cr1000xe_backbone,2.0504,calm,transport,0,0.8123849630355835
7184,candidate_010,surface_temp_ir;laser_disdrometer;cr1000xe_backbone,2.0504,calm,transport,0,0.8839433789253235
7184,candidate_010,surface_temp_ir;laser_disdrometer;cr1000xe_backbone,2.0504,calm,transport,0,0.9401981830596924
7184,candidate_010,surface_temp_ir;laser_disdrometer;cr1000xe_backbone,2.0504,calm,transport,0,0.9515334963798523
7184,candidate_010,surface_temp_ir;laser_disdrometer;cr1000xe_backbone,2.0504,calm,transport,0,0.9940881133079529
7184,candidate_010,surface_temp_ir;laser_disdrometer;cr1000xe_backbone,2.0504,calm,transport,0,1.0349552631378174
7184,candidate_010,surface_temp_ir;laser_disdrometer;cr1000xe_backbone,2.0504,calm,transport,0,1.0309598445892334
7184,candidate_010,surface_temp_ir;laser_disdrometer;cr1000xe_backbone,2.0504,calm,transport,0,1.0286166667938232
7184,candidate_010,surface_temp_ir;laser_disdrometer;cr1000xe_backbone,2.0504,calm,transport,0,0.9626066088676453
7184,candidate_010,surface_temp_ir;laser_disdrometer;cr1000xe_backbone,2.0504,calm,transport,0,0.9039726853370667
7184,candidate_010,surface_temp_ir;laser_disdrometer;cr1000xe_backbone,2.0504,calm,transport,0,0.9411492943763733
7184,candidate_010,surface_temp_ir;laser_disdrometer;cr1000xe_backbone,2.0504,calm,transport,0,0.8754830956459045
7184,candidate_010,surface_temp_ir;laser_disdrometer;cr1000xe_backbone,2.0504,calm,particle,0,0.8541907072067261
7184,candidate_010,surface_temp_ir;laser_disdrometer;cr1000xe_backbone,2.0504,calm,particle,0,0.7774317860603333
7184,candidate_010,surface_temp_ir;laser_disdrometer;cr1000xe_backbone,2.0504,calm,particle,0,0.7908531427383423
7184,candidate_010,surface_temp_ir;laser_disdrometer;cr1000xe_backbone,2.0504,calm,particle,0,0.8016322255134583
7184,candidate_010,surface_temp_ir;laser_disdrometer;cr1000xe_backbone,2.0504,calm,particle,0,0.804084837436676
7184,candidate_010,surface_temp_ir;laser_disdrometer;cr1000xe_backbone,2.0504,calm,particle,0,0.7944143414497375
7184,candidate_010,surface_temp_ir;laser_disdrometer;cr1000xe_backbone,2.0504,calm,particle,0,0.8957114219665527
7184,candidate_010,surface_temp_ir;laser_disdrometer;cr1000xe_backbone,2.0504,calm,particle,0,0.9044228196144104
7184,candidate_010,surface_temp_ir;laser_disdrometer;cr1000xe_backbone,2.0504,calm,particle,0,0.9276052713394165
7184,candidate_010,surface_temp_ir;laser_disdrometer;cr1000xe_backbone,2.0504,calm,particle,0,0.8758662343025208
7184,candidate_010,surface_temp_ir;laser_disdrometer;cr1000xe_backbone,2.0504,calm,particle,0,0.9831724166870117
7184,candidate_010,surface_temp_ir;laser_disdrometer;cr1000xe_backbone,2.0504,calm,particle,0,1.0171211957931519
7184,candidate_010,surface_temp_ir;laser_disdrometer;cr1000xe_backbone,2.0504,calm,particle,0,1.1408532857894897
7184,candidate_010,surface_temp_ir;laser_disdrometer;cr1000xe_backbone,2.0504,calm,particle,0,1.1189638376235962
7184,candidate_010,surface_temp_ir;laser_disdrometer;cr1000xe_backbone,2.0504,calm,particle,0,1.18068265914917
7184,candidate_010,surface_temp_ir;laser_disdrometer;cr1000xe_backbone,2.0504,calm,particle,0,0.9844720363616943
7184,candidate_010,surface_temp_ir;laser_disdrometer;cr1000xe_backbone,2.0504,calm,particle,0,0.9122990965843201
7184,candidate_010,surface_temp_ir;laser_disdrometer;cr1000xe_backbone,2.0504,calm,particle,0,0.9174849390983582
7184,candidate_010,surface_temp_ir;laser_disdrometer;cr1000xe_backbone,2.0504,calm,particle,0,0.8814459443092346
7184,candidate_010,surface_temp_ir;laser_disdrometer;cr1000xe_backbone,2.0504,calm,particle,0,0.8260015249252319
7184,candidate_010,surface_temp_ir;laser_disdrometer;cr1000xe_backbone,2.0504,calm,particle,0,0.7766143083572388
7184,candidate_010,surface_temp_ir;laser_disdrometer;cr1000xe_backbone,2.0504,calm,particle,0,0.7924338579177856
7184,candidate_010,surface_temp_ir;laser_disdrometer;cr1000xe_backbone,2.0504,calm,particle,0,0.8171887993812561
7184,candidate_010,surface_temp_ir;laser_disdrometer;cr1000xe_backbone,2.0504,calm,particle,0,0.86452716588974
7184,candidate_010,surface_temp_ir;laser_disdrometer;cr1000xe_backbone,2.0504,calm,particle,0,0.7723900675773621
7184,candidate_010,surface_temp_ir;laser_disdrometer;cr1000xe_backbone,2.0504,calm,particle,0,0.8104010820388794
7184,candidate_010,surface_temp_ir;laser_disdrometer;cr1000xe_backbone,2.0504,calm,particle,0,0.7578054070472717
7184,candidate_010,surface_temp_ir;laser_disdrometer;cr1000xe_backbone,2.0504,calm,particle,0,0.7997875809669495
7184,candidate_010,surface_temp_ir;laser_disdrometer;cr1000xe_backbone,2.0504,calm,particle,0,0.7861113548278809
7184,candidate_010,surface_temp_ir;laser_disdrometer;cr1000xe_backbone,2.0504,calm,particle,0,0.8220276236534119
7184,candidate_010,surface_temp_ir;laser_disdrometer;cr1000xe_backbone,2.0504,calm,particle,0,0.848301112651825
7184,candidate_010,surface_temp_ir;laser_disdrometer;cr1000xe_backbone,2.0504,calm,particle,0,0.9327937364578247
7184,candidate_010,surface_temp_ir;laser_disdrometer;cr1000xe_backbone,2.0504,calm,thermal,0,0.9054279327392578
7184,candidate_010,surface_temp_ir;laser_disdrometer;cr1000xe_backbone,2.0504,calm,thermal,0,0.8906652927398682
7184,candidate_010,surface_temp_ir;laser_disdrometer;cr1000xe_backbone,2.0504,calm,thermal,0,0.8655864596366882
7184,candidate_010,surface_temp_ir;laser_disdrometer;cr1000xe_backbone,2.0504,calm,thermal,0,1.0265499353408813
7184,candidate_010,surface_temp_ir;laser_disdrometer;cr1000xe_backbone,2.0504,calm,thermal,0,0.9069916009902954
7184,candidate_010,surface_temp_ir;laser_disdrometer;cr1000xe_backbone,2.0504,calm,thermal,0,0.9114060997962952
7184,candidate_010,surface_temp_ir;laser_disdrometer;cr1000xe_backbone,2.0504,calm,thermal,0,0.8645517826080322
7184,candidate_010,surface_temp_ir;laser_disdrometer;cr1000xe_backbone,2.0504,calm,thermal,0,0.8938909769058228
7184,candidate_010,surface_temp_ir;laser_disdrometer;cr1000xe_backbone,2.0504,calm,thermal,0,0.8831788897514343
7184,candidate_010,surface_temp_ir;laser_disdrometer;cr1000xe_backbone,2.0504,calm,thermal,0,0.9044153094291687
7184,candidate_010,surface_temp_ir;laser_disdrometer;cr1000xe_backbone,2.0504,calm,thermal,0,0.9102020263671875
7184,candidate_010,surface_temp_ir;laser_disdrometer;cr1000xe_backbone,2.0504,calm,thermal,0,0.8424179553985596
7184,candidate_010,surface_temp_ir;laser_disdrometer;cr1000xe_backbone,2.0504,calm,thermal,0,0.8554685115814209
7184,candidate_010,surface_temp_ir;laser_disdrometer;cr1000xe_backbone,2.0504,calm,thermal,0,0.8120303750038147
7184,candidate_010,surface_temp_ir;laser_disdrometer;cr1000xe_backbone,2.0504,calm,thermal,0,0.846189558506012
7184,candidate_010,surface_temp_ir;laser_disdrometer;cr1000xe_backbone,2.0504,calm,thermal,0,0.8189451694488525
7184,candidate_010,surface_temp_ir;laser_disdrometer;cr1000xe_backbone,2.0504,calm,thermal,0,0.7882370948791504
7184,candidate_010,surface_temp_ir;laser_disdrometer;cr1000xe_backbone,2.0504,calm,thermal,0,0.7584471106529236
7184,candidate_010,surface_temp_ir;laser_disdrometer;cr1000xe_backbone,2.0504,calm,thermal,0,0.7683005332946777
7184,candidate_010,surface_temp_ir;laser_disdrometer;cr1000xe_backbone,2.0504,calm,thermal,0,0.7844918966293335
7184,candidate_010,surface_temp_ir;laser_disdrometer;cr1000xe_backbone,2.0504,calm,thermal,0,0.8390348553657532
7184,candidate_010,surface_temp_ir;laser_disdrometer;cr1000xe_backbone,2.0504,calm,transport,0,0.7647645473480225
7184,candidate_010,surface_temp_ir;laser_disdrometer;cr1000xe_backbone,2.0504,calm,transport,0,0.7975674867630005
7184,candidate_010,surface_temp_ir;laser_disdrometer;cr1000xe_backbone,2.0504,calm,transport,0,0.7726286053657532
7184,candidate_010,surface_temp_ir;laser_disdrometer;cr1000xe_backbone,2.0504,calm,transport,0,0.7018846273422241
7184,candidate_010,surface_temp_ir;laser_disdrometer;cr1000xe_backbone,2.0504,calm,transport,0,0.7094916701316833
7184,candidate_010,surface_temp_ir;laser_disdrometer;cr1000xe_backbone,2.0504,calm,transport,0,0.7280712127685547
7184,candidate_010,surface_temp_ir;laser_disdrometer;cr1000xe_backbone,2.0504,calm,transport,0,0.7190722227096558
7184,candidate_010,surface_temp_ir;laser_disdrometer;cr1000xe_backbone,2.0504,calm,transport,0,0.7161740660667419
7184,candidate_010,surface_temp_ir;laser_disdrometer;cr1000xe_backbone,2.0504,calm,transport,0,0.6986444592475891
7184,candidate_010,surface_temp_ir;laser_disdrometer;cr1000xe_backbone,2.0504,calm,transport,0,0.7046158313751221
7184,candidate_010,surface_temp_ir;laser_disdrometer;cr1000xe_backbone,2.0504,calm,transport,0,0.7277534604072571
7184,candidate_010,surface_temp_ir;laser_disdrometer;cr1000xe_backbone,2.0504,calm,transport,0,0.7443895936012268
7184,candidate_010,surface_temp_ir;laser_disdrometer;cr1000xe_backbone,2.0504,calm,transport,0,0.7362747192382812
7184,candidate_010,surface_temp_ir;laser_disdrometer;cr1000xe_backbone,2.0504,calm,transport,0,0.7261159420013428
7184,candidate_010,surface_temp_ir;laser_disdrometer;cr1000xe_backbone,2.0504,calm,transport,0,0.7552827596664429
7184,candidate_010,surface_temp_ir;laser_disdrometer;cr1000xe_backbone,2.0504,calm,transport,0,0.7537859082221985
7184,candidate_010,surface_temp_ir;laser_disdrometer;cr1000xe_backbone,2.0504,calm,transport,0,0.7155195474624634
7184,candidate_010,surface_temp_ir;laser_disdrometer;cr1000xe_backbone,2.0504,calm,transport,0,0.6994463205337524
7184,candidate_010,surface_temp_ir;laser_disdrometer;cr1000xe_backbone,2.0504,calm,transport,0,0.7838060259819031
7184,candidate_010,surface_temp_ir;laser_disdrometer;cr1000xe_backbone,2.0504,calm,transport,0,0.7525379657745361
7184,candidate_010,surface_temp_ir;laser_disdrometer;cr1000xe_backbone,2.0504,calm,transport,0,0.828805148601532
7184,candidate_010,surface_temp_ir;laser_disdrometer;cr1000xe_backbone,2.0504,calm,transport,0,0.8501234650611877
7184,candidate_010,surface_temp_ir;laser_disdrometer;cr1000xe_backbone,2.0504,calm,transport,0,0.9336839318275452
7184,candidate_010,surface_temp_ir;laser_disdrometer;cr1000xe_backbone,2.0504,calm,transport,0,0.967898964881897
7184,candidate_010,surface_temp_ir;laser_disdrometer;cr1000xe_backbone,2.0504,calm,transport,0,1.0248183012008667
7184,candidate_010,surface_temp_ir;laser_disdrometer;cr1000xe_backbone,2.0504,calm,transport,0,1.0033130645751953
7184,candidate_010,surface_temp_ir;laser_disdrometer;cr1000xe_backbone,2.0504,calm,transport,0,0.8686292171478271
7184,candidate_010,surface_temp_ir;laser_disdrometer;cr1000xe_backbone,2.0504,calm,transport,0,0.840608537197113
7184,candidate_010,surface_temp_ir;laser_disdrometer;cr1000xe_backbone,2.0504,calm,thermal,0,0.5047474503517151
7184,candidate_010,surface_temp_ir;laser_disdrometer;cr1000xe_backbone,2.0504,calm,thermal,0,0.6691669821739197
7184,candidate_010,surface_temp_ir;laser_disdrometer;cr1000xe_backbone,2.0504,particle,thermal,1,0.46639516949653625
7184,candidate_010,surface_temp_ir;laser_disdrometer;cr1000xe_backbone,2.0504,particle,thermal,1,0.4991854429244995
7184,candidate_010,surface_temp_ir;laser_disdrometer;cr1000xe_backbone,2.0504,particle,thermal,1,0.5409215092658997
7184,candidate_010,surface_temp_ir;laser_disdrometer;cr1000xe_backbone,2.0504,particle,thermal,1,0.5326052904129028
7184,candidate_010,surface_temp_ir;laser_disdrometer;cr1000xe_backbone,2.0504,particle,thermal,1,0.9102271199226379
7184,candidate_010,surface_temp_ir;laser_disdrometer;cr1000xe_backbone,2.0504,particle,thermal,1,1.1989549398422241
7184,candidate_010,surface_temp_ir;laser_disdrometer;cr1000xe_backbone,2.0504,particle,thermal,1,1.5076745748519897
7184,candidate_010,surface_temp_ir;laser_disdrometer;cr1000xe_backbone,2.0504,particle,thermal,1,1.8101059198379517
7184,candidate_010,surface_temp_ir;laser_disdrometer;cr1000xe_backbone,2.0504,particle,thermal,1,2.18359375
7184,candidate_010,surface_temp_ir;laser_disdrometer;cr1000xe_backbone,2.0504,particle,thermal,1,2.475600242614746
7184,candidate_010,surface_temp_ir;laser_disdrometer;cr1000xe_backbone,2.0504,particle,thermal,1,2.791002035140991
7184,candidate_010,surface_temp_ir;laser_disdrometer;cr1000xe_backbone,2.0504,particle,thermal,1,3.1269142627716064
7184,candidate_010,surface_temp_ir;laser_disdrometer;cr1000xe_backbone,2.0504,particle,transport,1,3.054332733154297
7184,candidate_010,surface_temp_ir;laser_disdrometer;cr1000xe_backbone,2.0504,particle,transport,1,3.038330078125
7184,candidate_010,surface_temp_ir;laser_disdrometer;cr1000xe_backbone,2.0504,particle,transport,1,3.0191080570220947
7184,candidate_010,surface_temp_ir;laser_disdrometer;cr1000xe_backbone,2.0504,particle,transport,1,3.0128824710845947
7184,candidate_010,surface_temp_ir;laser_disdrometer;cr1000xe_backbone,2.0504,particle,transport,1,2.9346141815185547
7184,candidate_010,surface_temp_ir;laser_disdrometer;cr1000xe_backbone,2.0504,particle,transport,1,2.9437410831451416
7184,candidate_010,surface_temp_ir;laser_disdrometer;cr1000xe_backbone,2.0504,particle,transport,1,2.9283242225646973
7184,candidate_010,surface_temp_ir;laser_disdrometer;cr1000xe_backbone,2.0504,particle,transport,1,2.9115376472473145
7184,candidate_010,surface_temp_ir;laser_disdrometer;cr1000xe_backbone,2.0504,particle,transport,1,2.9067788124084473
7184,candidate_010,surface_temp_ir;laser_disdrometer;cr1000xe_backbone,2.0504,particle,transport,1,2.885601758956909
7184,candidate_010,surface_temp_ir;laser_disdrometer;cr1000xe_backbone,2.0504,particle,transport,1,2.900580883026123
7184,candidate_010,surface_temp_ir;laser_disdrometer;cr1000xe_backbone,2.0504,particle,transport,1,2.9190285205841064
7184,candidate_010,surface_temp_ir;laser_disdrometer;cr1000xe_backbone,2.0504,particle,transport,1,2.916958808898926
7184,candidate_010,surface_temp_ir;laser_disdrometer;cr1000xe_backbone,2.0504,particle,transport,1,2.928013801574707
7184,candidate_010,surface_temp_ir;laser_disdrometer;cr1000xe_backbone,2.0504,particle,transport,1,2.9746334552764893
7184,candidate_010,surface_temp_ir;laser_disdrometer;cr1000xe_backbone,2.0504,particle,transport,1,2.996309995651245
7184,candidate_010,surface_temp_ir;laser_disdrometer;cr1000xe_backbone,2.0504,particle,transport,1,3.035632848739624
7184,candidate_010,surface_temp_ir;laser_disdrometer;cr1000xe_backbone,2.0504,particle,transport,1,3.089660406112671
7184,candidate_010,surface_temp_ir;laser_disdrometer;cr1000xe_backbone,2.0504,particle,transport,1,2.763699531555176
7184,candidate_010,surface_temp_ir;laser_disdrometer;cr1000xe_backbone,2.0504,particle,transport,1,2.467994451522827
7184,candidate_010,surface_temp_ir;laser_disdrometer;cr1000xe_backbone,2.0504,particle,transport,1,2.1358933448791504
7184,candidate_010,surface_temp_ir;laser_disdrometer;cr1000xe_backbone,2.0504,particle,transport,1,1.8473259210586548
7184,candidate_010,surface_temp_ir;laser_disdrometer;cr1000xe_backbone,2.0504,particle,transport,1,1.4835214614868164
7184,candidate_010,surface_temp_ir;laser_disdrometer;cr1000xe_backbone,2.0504,particle,transport,1,1.20358407497406
7184,candidate_010,surface_temp_ir;laser_disdrometer;cr1000xe_backbone,2.0504,particle,transport,1,0.8687246441841125
7184,candidate_010,surface_temp_ir;laser_disdrometer;cr1000xe_backbone,2.0504,particle,transport,1,0.558983325958252
7184,candidate_010,surface_temp_ir;laser_disdrometer;cr1000xe_backbone,2.0504,particle,particle,1,0.6449993252754211
7184,candidate_010,surface_temp_ir;laser_disdrometer;cr1000xe_backbone,2.0504,particle,particle,1,0.6351168751716614
7184,candidate_010,surface_temp_ir;laser_disdrometer;cr1000xe_backbone,2.0504,particle,particle,1,0.6132774949073792
7184,candidate_010,surface_temp_ir;laser_disdrometer;cr1000xe_backbone,2.0504,particle,particle,1,0.6624867916107178
7184,candidate_010,surface_temp_ir;laser_disdrometer;cr1000xe_backbone,2.0504,particle,particle,1,0.7294001579284668
7184,candidate_010,surface_temp_ir;laser_disdrometer;cr1000xe_backbone,2.0504,particle,particle,1,0.7060787081718445
7184,candidate_010,surface_temp_ir;laser_disdrometer;cr1000xe_backbone,2.0504,particle,particle,1,0.7999197244644165
7184,candidate_010,surface_temp_ir;laser_disdrometer;cr1000xe_backbone,2.0504,particle,particle,1,0.750981867313385
7184,candidate_010,surface_temp_ir;laser_disdrometer;cr1000xe_backbone,2.0504,particle,particle,1,0.8090582489967346
7184,candidate_010,surface_temp_ir;laser_disdrometer;cr1000xe_backbone,2.0504,particle,particle,1,0.8772211670875549
7184,candidate_010,surface_temp_ir;laser_disdrometer;cr1000xe_backbone,2.0504,particle,particle,1,0.9546573758125305
7184,candidate_010,surface_temp_ir;laser_disdrometer;cr1000xe_backbone,2.0504,particle,particle,1,1.0245109796524048
7184,candidate_010,surface_temp_ir;laser_disdrometer;cr1000xe_backbone,2.0504,particle,particle,1,1.1193128824234009
7184,candidate_010,surface_temp_ir;laser_disdrometer;cr1000xe_backbone,2.0504,particle,particle,1,1.1050149202346802
7184,candidate_010,surface_temp_ir;laser_disdrometer;cr1000xe_backbone,2.0504,particle,particle,1,1.2570875883102417
7184,candidate_010,surface_temp_ir;laser_disdrometer;cr1000xe_backbone,2.0504,particle,particle,1,1.2566810846328735
7184,candidate_010,surface_temp_ir;laser_disdrometer;cr1000xe_backbone,2.0504,particle,particle,1,1.3647162914276123
7184,candidate_010,surface_temp_ir;laser_disdrometer;cr1000xe_backbone,2.0504,calm,particle,0,1.2861924171447754
7184,candidate_010,surface_temp_ir;laser_disdrometer;cr1000xe_backbone,2.0504,calm,thermal,0,1.0181852579116821
7184,candidate_010,surface_temp_ir;laser_disdrometer;cr1000xe_backbone,2.0504,calm,thermal,0,0.9833527207374573
7184,candidate_010,surface_temp_ir;laser_disdrometer;cr1000xe_backbone,2.0504,calm,thermal,0,0.8507002592086792
7184,candidate_010,surface_temp_ir;laser_disdrometer;cr1000xe_backbone,2.0504,calm,thermal,0,0.740933895111084
7184,candidate_010,surface_temp_ir;laser_disdrometer;cr1000xe_backbone,2.0504,calm,thermal,0,0.7589143514633179
7184,candidate_010,surface_temp_ir;laser_disdrometer;cr1000xe_backbone,2.0504,calm,thermal,0,0.7859793305397034
7184,candidate_010,surface_temp_ir;laser_disdrometer;cr1000xe_backbone,2.0504,calm,thermal,0,0.8370499610900879
7184,candidate_010,surface_temp_ir;laser_disdrometer;cr1000xe_backbone,2.0504,calm,thermal,0,0.8218039274215698
7184,candidate_010,surface_temp_ir;laser_disdrometer;cr1000xe_backbone,2.0504,calm,thermal,0,0.7558247447013855
7184,candidate_010,surface_temp_ir;laser_disdrometer;cr1000xe_backbone,2.0504,calm,thermal,0,0.7922757267951965
7184,candidate_010,surface_temp_ir;laser_disdrometer;cr1000xe_backbone,2.0504,calm,thermal,0,0.7960284352302551
7184,candidate_010,surface_temp_ir;laser_disdrometer;cr1000xe_backbone,2.0504,calm,thermal,0,0.7976436018943787
7184,candidate_010,surface_temp_ir;laser_disdrometer;cr1000xe_backbone,2.0504,calm,thermal,0,0.727483868598938
7184,candidate_010,surface_temp_ir;laser_disdrometer;cr1000xe_backbone,2.0504,flux,thermal,2,0.5592212677001953
7184,candidate_010,surface_temp_ir;laser_disdrometer;cr1000xe_backbone,2.0504,flux,thermal,2,0.8494130373001099
7184,candidate_010,surface_temp_ir;laser_disdrometer;cr1000xe_backbone,2.0504,flux,thermal,2,1.1266775131225586
7184,candidate_010,surface_temp_ir;laser_disdrometer;cr1000xe_backbone,2.0504,flux,thermal,2,1.477332353591919
7184,candidate_010,surface_temp_ir;laser_disdrometer;cr1000xe_backbone,2.0504,flux,thermal,2,1.8573665618896484
7184,candidate_010,surface_temp_ir;laser_disdrometer;cr1000xe_backbone,2.0504,flux,thermal,2,2.184588670730591
7184,candidate_010,surface_temp_ir;laser_disdrometer;cr1000xe_backbone,2.0504,flux,thermal,2,2.5062053203582764
7184,candidate_010,surface_temp_ir;laser_disdrometer;cr1000xe_backbone,2.0504,flux,thermal,2,2.8577158451080322
7184,candidate_010,surface_temp_ir;laser_disdrometer;cr1000xe_backbone,2.0504,flux,thermal,2,3.2858264446258545
7184,candidate_010,surface_temp_ir;laser_disdrometer;cr1000xe_backbone,2.0504,flux,transport,2,3.1581809520721436
7184,candidate_010,surface_temp_ir;laser_disdrometer;cr1000xe_backbone,2.0504,flux,transport,2,3.1224007606506348
7184,candidate_010,surface_temp_ir;laser_disdrometer;cr1000xe_backbone,2.0504,flux,transport,2,3.146815538406372
7184,candidate_010,surface_temp_ir;laser_disdrometer;cr1000xe_backbone,2.0504,flux,transport,2,3.117272138595581
7184,candidate_010,surface_temp_ir;laser_disdrometer;cr1000xe_backbone,2.0504,flux,transport,2,3.1275320053100586
7184,candidate_010,surface_temp_ir;laser_disdrometer;cr1000xe_backbone,2.0504,flux,transport,2,3.083918571472168
7184,candidate_010,surface_temp_ir;laser_disdrometer;cr1000xe_backbone,2.0504,flux,transport,2,3.0302202701568604
7184,candidate_010,surface_temp_ir;laser_disdrometer;cr1000xe_backbone,2.0504,flux,transport,2,2.9980063438415527
7184,candidate_010,surface_temp_ir;laser_disdrometer;cr1000xe_backbone,2.0504,flux,transport,2,2.963405132293701
7184,candidate_010,surface_temp_ir;laser_disdrometer;cr1000xe_backbone,2.0504,flux,transport,2,2.9464261531829834
7184,candidate_010,surface_temp_ir;laser_disdrometer;cr1000xe_backbone,2.0504,flux,transport,2,2.8392186164855957
7184,candidate_010,surface_temp_ir;laser_disdrometer;cr1000xe_backbone,2.0504,flux,transport,2,2.8604674339294434
7184,candidate_010,surface_temp_ir;laser_disdrometer;cr1000xe_backbone,2.0504,flux,transport,2,2.8307065963745117
7184,candidate_010,surface_temp_ir;laser_disdrometer;cr1000xe_backbone,2.0504,flux,transport,2,2.9125349521636963
7184,candidate_010,surface_temp_ir;laser_disdrometer;cr1000xe_backbone,2.0504,flux,transport,2,2.603670358657837
7184,candidate_010,surface_temp_ir;laser_disdrometer;cr1000xe_backbone,2.0504,flux,transport,2,2.3472025394439697
7184,candidate_010,surface_temp_ir;laser_disdrometer;cr1000xe_backbone,2.0504,flux,transport,2,2.0540411472320557
7184,candidate_010,surface_temp_ir;laser_disdrometer;cr1000xe_backbone,2.0504,flux,transport,2,1.7802951335906982
7184,candidate_010,surface_temp_ir;laser_disdrometer;cr1000xe_backbone,2.0504,flux,transport,2,1.473595142364502
7184,candidate_010,surface_temp_ir;laser_disdrometer;cr1000xe_backbone,2.0504,flux,transport,2,1.167189598083496
7184,candidate_010,surface_temp_ir;laser_disdrometer;cr1000xe_backbone,2.0504,flux,transport,2,0.8750603795051575
7184,candidate_010,surface_temp_ir;laser_disdrometer;cr1000xe_backbone,2.0504,flux,transport,2,0.5423406958580017
7184,candidate_010,surface_temp_ir;laser_disdrometer;cr1000xe_backbone,2.0504,flux,particle,2,0.5612491369247437
7184,candidate_010,surface_temp_ir;laser_disdrometer;cr1000xe_backbone,2.0504,flux,particle,2,0.5511354804039001
7184,candidate_010,surface_temp_ir;laser_disdrometer;cr1000xe_backbone,2.0504,flux,particle,2,0.6773207187652588
7184,candidate_010,surface_temp_ir;laser_disdrometer;cr1000xe_backbone,2.0504,flux,particle,2,0.585862398147583
7184,candidate_010,surface_temp_ir;laser_disdrometer;cr1000xe_backbone,2.0504,calm,particle,0,0.6770903468132019
7184,candidate_010,surface_temp_ir;laser_disdrometer;cr1000xe_backbone,2.0504,calm,particle,0,0.4858972430229187
7184,candidate_010,surface_temp_ir;laser_disdrometer;cr1000xe_backbone,2.0504,calm,particle,0,0.5436987280845642
7184,candidate_010,surface_temp_ir;laser_disdrometer;cr1000xe_backbone,2.0504,calm,particle,0,0.4959133267402649
7184,candidate_010,surface_temp_ir;laser_disdrometer;cr1000xe_backbone,2.0504,calm,particle,0,0.6615896821022034
7184,candidate_010,surface_temp_ir;laser_disdrometer;cr1000xe_backbone,2.0504,calm,particle,0,0.6387232542037964
7184,candidate_010,surface_temp_ir;laser_disdrometer;cr1000xe_backbone,2.0504,calm,particle,0,0.6689578890800476
7184,candidate_010,surface_temp_ir;laser_disdrometer;cr1000xe_backbone,2.0504,calm,particle,0,0.7141638994216919
7184,candidate_010,surface_temp_ir;laser_disdrometer;cr1000xe_backbone,2.0504,calm,particle,0,0.8342681527137756
7184,candidate_010,surface_temp_ir;laser_disdrometer;cr1000xe_backbone,2.0504,calm,particle,0,0.8427944183349609
7184,candidate_010,surface_temp_ir;laser_disdrometer;cr1000xe_backbone,2.0504,calm,particle,0,0.9522753953933716
7184,candidate_010,surface_temp_ir;laser_disdrometer;cr1000xe_backbone,2.0504,calm,particle,0,0.9734627604484558
7184,candidate_010,surface_temp_ir;laser_disdrometer;cr1000xe_backbone,2.0504,flux,particle,2,0.834419846534729
7184,candidate_010,surface_temp_ir;laser_disdrometer;cr1000xe_backbone,2.0504,flux,particle,2,0.9400307536125183
7184,candidate_010,surface_temp_ir;laser_disdrometer;cr1000xe_backbone,2.0504,flux,particle,2,0.9637489318847656
7184,candidate_010,surface_temp_ir;laser_disdrometer;cr1000xe_backbone,2.0504,flux,particle,2,0.8632066249847412
7184,candidate_010,surface_temp_ir;laser_disdrometer;cr1000xe_backbone,2.0504,flux,particle,2,0.8131527304649353
7184,candidate_010,surface_temp_ir;laser_disdrometer;cr1000xe_backbone,2.0504,flux,particle,2,0.7208296060562134
7184,candidate_010,surface_temp_ir;laser_disdrometer;cr1000xe_backbone,2.0504,flux,particle,2,0.7966374158859253
7184,candidate_010,surface_temp_ir;laser_disdrometer;cr1000xe_backbone,2.0504,flux,particle,2,0.7926141023635864
7184,candidate_010,surface_temp_ir;laser_disdrometer;cr1000xe_backbone,2.0504,flux,particle,2,0.8609368801116943
7184,candidate_010,surface_temp_ir;laser_disdrometer;cr1000xe_backbone,2.0504,flux,particle,2,0.84502774477005
7184,candidate_010,surface_temp_ir;laser_disdrometer;cr1000xe_backbone,2.0504,flux,particle,2,0.9129144549369812
7184,candidate_010,surface_temp_ir;laser_disdrometer;cr1000xe_backbone,2.0504,flux,particle,2,0.8656267523765564
7184,candidate_010,surface_temp_ir;laser_disdrometer;cr1000xe_backbone,2.0504,flux,particle,2,0.9823026657104492
7184,candidate_010,surface_temp_ir;laser_disdrometer;cr1000xe_backbone,2.0504,flux,particle,2,0.9506407976150513
7184,candidate_010,surface_temp_ir;laser_disdrometer;cr1000xe_backbone,2.0504,flux,particle,2,1.0586597919464111
7184,candidate_010,surface_temp_ir;laser_disdrometer;cr1000xe_backbone,2.0504,flux,particle,2,1.0774688720703125
7184,candidate_010,surface_temp_ir;laser_disdrometer;cr1000xe_backbone,2.0504,flux,thermal,2,0.7814595103263855
7184,candidate_010,surface_temp_ir;laser_disdrometer;cr1000xe_backbone,2.0504,flux,thermal,2,0.5592492818832397
7184,candidate_010,surface_temp_ir;laser_disdrometer;cr1000xe_backbone,2.0504,flux,thermal,2,0.4891069531440735
7184,candidate_010,surface_temp_ir;laser_disdrometer;cr1000xe_backbone,2.0504,flux,thermal,2,0.4800460934638977
7184,candidate_010,surface_temp_ir;laser_disdrometer;cr1000xe_backbone,2.0504,flux,thermal,2,0.6101695895195007
7184,candidate_010,surface_temp_ir;laser_disdrometer;cr1000xe_backbone,2.0504,flux,thermal,2,0.6511989235877991
7184,candidate_010,surface_temp_ir;laser_disdrometer;cr1000xe_backbone,2.0504,flux,thermal,2,0.5884347558021545
7184,candidate_010,surface_temp_ir;laser_disdrometer;cr1000xe_backbone,2.0504,flux,thermal,2,0.6580219268798828
7184,candidate_010,surface_temp_ir;laser_disdrometer;cr1000xe_backbone,2.0504,flux,thermal,2,0.6305153965950012
7184,candidate_010,surface_temp_ir;laser_disdrometer;cr1000xe_backbone,2.0504,flux,thermal,2,0.6993376016616821
7184,candidate_010,surface_temp_ir;laser_disdrometer;cr1000xe_backbone,2.0504,flux,thermal,2,0.8133927583694458
7184,candidate_010,surface_temp_ir;laser_disdrometer;cr1000xe_backbone,2.0504,flux,thermal,2,0.797408938407898
7184,candidate_010,surface_temp_ir;laser_disdrometer;cr1000xe_backbone,2.0504,flux,thermal,2,0.7747010588645935
7184,candidate_010,surface_temp_ir;laser_disdrometer;cr1000xe_backbone,2.0504,flux,thermal,2,0.8303334712982178
7184,candidate_010,surface_temp_ir;laser_disdrometer;cr1000xe_backbone,2.0504,flux,thermal,2,0.9383136630058289
7184,candidate_010,surface_temp_ir;laser_disdrometer;cr1000xe_backbone,2.0504,flux,thermal,2,0.9068927764892578
7184,candidate_010,surface_temp_ir;laser_disdrometer;cr1000xe_backbone,2.0504,flux,thermal,2,0.8373242020606995
7184,candidate_010,surface_temp_ir;laser_disdrometer;cr1000xe_backbone,2.0504,calm,thermal,0,0.7117003202438354
7184,candidate_010,surface_temp_ir;laser_disdrometer;cr1000xe_backbone,2.0504,calm,thermal,0,0.7017110586166382
7184,candidate_010,surface_temp_ir;laser_disdrometer;cr1000xe_backbone,2.0504,calm,thermal,0,0.6955704092979431
7184,candidate_010,surface_temp_ir;laser_disdrometer;cr1000xe_backbone,2.0504,calm,thermal,0,0.7403938174247742
7184,candidate_010,surface_temp_ir;laser_disdrometer;cr1000xe_backbone,2.0504,calm,thermal,0,0.8968630433082581
7184,candidate_010,surface_temp_ir;laser_disdrometer;cr1000xe_backbone,2.0504,calm,thermal,0,1.236899733543396
7184,candidate_010,surface_temp_ir;laser_disdrometer;cr1000xe_backbone,2.0504,calm,thermal,0,1.4924554824829102
7184,candidate_010,surface_temp_ir;laser_disdrometer;cr1000xe_backbone,2.0504,calm,thermal,0,1.737245798110962
7184,candidate_010,surface_temp_ir;laser_disdrometer;cr1000xe_backbone,2.0504,calm,thermal,0,1.9524688720703125
7184,candidate_010,surface_temp_ir;laser_disdrometer;cr1000xe_backbone,2.0504,calm,thermal,0,2.2358176708221436
7184,candidate_010,surface_temp_ir;laser_disdrometer;cr1000xe_backbone,2.0504,calm,thermal,0,2.5232295989990234
7184,candidate_010,surface_temp_ir;laser_disdrometer;cr1000xe_backbone,2.0504,calm,thermal,0,2.7962489128112793
7184,candidate_010,surface_temp_ir;laser_disdrometer;cr1000xe_backbone,2.0504,thermal,transport,3,2.807201623916626
7184,candidate_010,surface_temp_ir;laser_disdrometer;cr1000xe_backbone,2.0504,thermal,transport,3,2.8162689208984375
7184,candidate_010,surface_temp_ir;laser_disdrometer;cr1000xe_backbone,2.0504,thermal,transport,3,2.8407340049743652
7184,candidate_010,surface_temp_ir;laser_disdrometer;cr1000xe_backbone,2.0504,thermal,transport,3,2.8928287029266357
7184,candidate_010,surface_temp_ir;laser_disdrometer;cr1000xe_backbone,2.0504,thermal,transport,3,2.9194705486297607
7184,candidate_010,surface_temp_ir;laser_disdrometer;cr1000xe_backbone,2.0504,thermal,transport,3,2.9196622371673584
7184,candidate_010,surface_temp_ir;laser_disdrometer;cr1000xe_backbone,2.0504,thermal,transport,3,2.9860262870788574
7184,candidate_010,surface_temp_ir;laser_disdrometer;cr1000xe_backbone,2.0504,thermal,transport,3,2.9961328506469727
7184,candidate_010,surface_temp_ir;laser_disdrometer;cr1000xe_backbone,2.0504,thermal,transport,3,2.966505765914917
7184,candidate_010,surface_temp_ir;laser_disdrometer;cr1000xe_backbone,2.0504,thermal,transport,3,2.994428873062134
7184,candidate_010,surface_temp_ir;laser_disdrometer;cr1000xe_backbone,2.0504,thermal,transport,3,2.9804699420928955
7184,candidate_010,surface_temp_ir;laser_disdrometer;cr1000xe_backbone,2.0504,thermal,transport,3,2.9900577068328857
7184,candidate_010,surface_temp_ir;laser_disdrometer;cr1000xe_backbone,2.0504,thermal,transport,3,2.7590889930725098
7184,candidate_010,surface_temp_ir;laser_disdrometer;cr1000xe_backbone,2.0504,thermal,transport,3,2.489543914794922
7184,candidate_010,surface_temp_ir;laser_disdrometer;cr1000xe_backbone,2.0504,thermal,transport,3,2.256382465362549
7184,candidate_010,surface_temp_ir;laser_disdrometer;cr1000xe_backbone,2.0504,thermal,transport,3,2.0489141941070557
7184,candidate_010,surface_temp_ir;laser_disdrometer;cr1000xe_backbone,2.0504,thermal,transport,3,1.7450975179672241
7184,candidate_010,surface_temp_ir;laser_disdrometer;cr1000xe_backbone,2.0504,thermal,transport,3,1.490269660949707
7184,candidate_010,surface_temp_ir;laser_disdrometer;cr1000xe_backbone,2.0504,thermal,transport,3,1.2263563871383667
7184,candidate_010,surface_temp_ir;laser_disdrometer;cr1000xe_backbone,2.0504,thermal,transport,3,1.0704874992370605
7184,candidate_010,surface_temp_ir;laser_disdrometer;cr1000xe_backbone,2.0504,thermal,particle,3,0.9247118830680847
7184,candidate_010,surface_temp_ir;laser_disdrometer;cr1000xe_backbone,2.0504,thermal,particle,3,0.9593183398246765
7184,candidate_010,surface_temp_ir;laser_disdrometer;cr1000xe_backbone,2.0504,thermal,particle,3,0.8951178193092346
7184,candidate_010,surface_temp_ir;laser_disdrometer;cr1000xe_backbone,2.0504,thermal,particle,3,1.0869348049163818
7184,candidate_010,surface_temp_ir;laser_disdrometer;cr1000xe_backbone,2.0504,thermal,particle,3,1.0727365016937256
7184,candidate_010,surface_temp_ir;laser_disdrometer;cr1000xe_backbone,2.0504,thermal,particle,3,1.0565733909606934
7184,candidate_010,surface_temp_ir;laser_disdrometer;cr1000xe_backbone,2.0504,thermal,particle,3,1.01237154006958
7184,candidate_010,surface_temp_ir;laser_disdrometer;cr1000xe_backbone,2.0504,thermal,particle,3,0.9922882318496704
7184,candidate_010,surface_temp_ir;laser_disdrometer;cr1000xe_backbone,2.0504,thermal,particle,3,0.8941978216171265
7184,candidate_010,surface_temp_ir;laser_disdrometer;cr1000xe_backbone,2.0504,calm,particle,0,0.8115882277488708
7184,candidate_010,surface_temp_ir;laser_disdrometer;cr1000xe_backbone,2.0504,calm,particle,0,0.8135125041007996
7184,candidate_010,surface_temp_ir;laser_disdrometer;cr1000xe_backbone,2.0504,calm,particle,0,0.9251616597175598
7184,candidate_010,surface_temp_ir;laser_disdrometer;cr1000xe_backbone,2.0504,calm,particle,0,0.8221140503883362
7184,candidate_010,surface_temp_ir;laser_disdrometer;cr1000xe_backbone,2.0504,calm,particle,0,0.8436986207962036
7184,candidate_010,surface_temp_ir;laser_disdrometer;cr1000xe_backbone,2.0504,calm,particle,0,0.8594414591789246
7184,candidate_010,surface_temp_ir;laser_disdrometer;cr1000xe_backbone,2.0504,calm,particle,0,0.8624049425125122
7184,candidate_010,surface_temp_ir;laser_disdrometer;cr1000xe_backbone,2.0504,calm,particle,0,0.7163258790969849
7184,candidate_010,surface_temp_ir;laser_disdrometer;cr1000xe_backbone,2.0504,calm,particle,0,0.6772390604019165
7184,candidate_010,surface_temp_ir;laser_disdrometer;cr1000xe_backbone,2.0504,calm,particle,0,0.6792303323745728
7184,candidate_010,surface_temp_ir;laser_disdrometer;cr1000xe_backbone,2.0504,calm,particle,0,0.6647223234176636
7184,candidate_010,surface_temp_ir;laser_disdrometer;cr1000xe_backbone,2.0504,calm,particle,0,0.5880110859870911
7184,candidate_010,surface_temp_ir;laser_disdrometer;cr1000xe_backbone,2.0504,calm,particle,0,0.6122268438339233
7184,candidate_010,surface_temp_ir;laser_disdrometer;cr1000xe_backbone,2.0504,calm,particle,0,0.662552535533905
7184,candidate_010,surface_temp_ir;laser_disdrometer;cr1000xe_backbone,2.0504,thermal,thermal,3,0.7035108208656311
7184,candidate_010,surface_temp_ir;laser_disdrometer;cr1000xe_backbone,2.0504,thermal,thermal,3,0.5943111777305603
7184,candidate_010,surface_temp_ir;laser_disdrometer;cr1000xe_backbone,2.0504,thermal,thermal,3,0.5456019043922424
7184,candidate_010,surface_temp_ir;laser_disdrometer;cr1000xe_backbone,2.0504,thermal,thermal,3,0.5067690014839172
7184,candidate_010,surface_temp_ir;laser_disdrometer;cr1000xe_backbone,2.0504,thermal,thermal,3,0.43340983986854553
7184,candidate_010,surface_temp_ir;laser_disdrometer;cr1000xe_backbone,2.0504,thermal,thermal,3,0.4263906478881836
7184,candidate_010,surface_temp_ir;laser_disdrometer;cr1000xe_backbone,2.0504,thermal,thermal,3,0.4636322557926178
7184,candidate_010,surface_temp_ir;laser_disdrometer;cr1000xe_backbone,2.0504,thermal,thermal,3,0.4198298752307892
7184,candidate_010,surface_temp_ir;laser_disdrometer;cr1000xe_backbone,2.0504,thermal,thermal,3,0.4301934242248535
7184,candidate_010,surface_temp_ir;laser_disdrometer;cr1000xe_backbone,2.0504,thermal,thermal,3,0.48089098930358887
7184,candidate_010,surface_temp_ir;laser_disdrometer;cr1000xe_backbone,2.0504,thermal,thermal,3,0.5222092270851135
7184,candidate_010,surface_temp_ir;laser_disdrometer;cr1000xe_backbone,2.0504,thermal,thermal,3,0.47185322642326355
7184,candidate_010,surface_temp_ir;laser_disdrometer;cr1000xe_backbone,2.0504,thermal,thermal,3,0.46891355514526367
7184,candidate_010,surface_temp_ir;laser_disdrometer;cr1000xe_backbone,2.0504,thermal,thermal,3,0.4774933159351349
7184,candidate_010,surface_temp_ir;laser_disdrometer;cr1000xe_backbone,2.0504,thermal,thermal,3,0.8510937690734863
7184,candidate_010,surface_temp_ir;laser_disdrometer;cr1000xe_backbone,2.0504,thermal,thermal,3,1.1930238008499146
7184,candidate_010,surface_temp_ir;laser_disdrometer;cr1000xe_backbone,2.0504,thermal,thermal,3,1.5002764463424683
7184,candidate_010,surface_temp_ir;laser_disdrometer;cr1000xe_backbone,2.0504,thermal,thermal,3,1.8106075525283813
7184,candidate_010,surface_temp_ir;laser_disdrometer;cr1000xe_backbone,2.0504,thermal,thermal,3,2.1212456226348877
7184,candidate_010,surface_temp_ir;laser_disdrometer;cr1000xe_backbone,2.0504,thermal,thermal,3,2.4871716499328613
7184,candidate_010,surface_temp_ir;laser_disdrometer;cr1000xe_backbone,2.0504,thermal,thermal,3,2.764390707015991
7184,candidate_010,surface_temp_ir;laser_disdrometer;cr1000xe_backbone,2.0504,thermal,thermal,3,3.040414810180664
7184,candidate_010,surface_temp_ir;laser_disdrometer;cr1000xe_backbone,2.0504,thermal,transport,3,3.0090160369873047
7184,candidate_010,surface_temp_ir;laser_disdrometer;cr1000xe_backbone,2.0504,thermal,transport,3,3.0878798961639404
7184,candidate_010,surface_temp_ir;laser_disdrometer;cr1000xe_backbone,2.0504,thermal,transport,3,3.039200782775879
7184,candidate_010,surface_temp_ir;laser_disdrometer;cr1000xe_backbone,2.0504,thermal,transport,3,3.0525176525115967
7184,candidate_010,surface_temp_ir;laser_disdrometer;cr1000xe_backbone,2.0504,thermal,transport,3,2.9973087310791016
7184,candidate_010,surface_temp_ir;laser_disdrometer;cr1000xe_backbone,2.0504,thermal,transport,3,3.001635789871216
7184,candidate_010,surface_temp_ir;laser_disdrometer;cr1000xe_backbone,2.0504,thermal,transport,3,3.0282363891601562
7184,candidate_010,surface_temp_ir;laser_disdrometer;cr1000xe_backbone,2.0504,thermal,transport,3,3.061183214187622
7184,candidate_010,surface_temp_ir;laser_disdrometer;cr1000xe_backbone,2.0504,thermal,transport,3,2.964491844177246
7184,candidate_010,surface_temp_ir;laser_disdrometer;cr1000xe_backbone,2.0504,thermal,transport,3,2.982710123062134
7184,candidate_010,surface_temp_ir;laser_disdrometer;cr1000xe_backbone,2.0504,thermal,transport,3,3.000153064727783
7184,candidate_010,surface_temp_ir;laser_disdrometer;cr1000xe_backbone,2.0504,thermal,transport,3,2.962667465209961
7184,candidate_010,surface_temp_ir;laser_disdrometer;cr1000xe_backbone,2.0504,thermal,transport,3,2.7214372158050537
7184,candidate_010,surface_temp_ir;laser_disdrometer;cr1000xe_backbone,2.0504,thermal,transport,3,2.4722683429718018
7184,candidate_010,surface_temp_ir;laser_disdrometer;cr1000xe_backbone,2.0504,thermal,transport,3,2.2762973308563232
7184,candidate_010,surface_temp_ir;laser_disdrometer;cr1000xe_backbone,2.0504,thermal,transport,3,2.087235927581787
7184,candidate_010,surface_temp_ir;laser_disdrometer;cr1000xe_backbone,2.0504,thermal,transport,3,1.7874046564102173
7184,candidate_010,surface_temp_ir;laser_disdrometer;cr1000xe_backbone,2.0504,thermal,transport,3,1.5352188348770142
7184,candidate_010,surface_temp_ir;laser_disdrometer;cr1000xe_backbone,2.0504,thermal,transport,3,1.3577824831008911
7184,candidate_010,surface_temp_ir;laser_disdrometer;cr1000xe_backbone,2.0504,thermal,transport,3,1.1114935874938965
7184,candidate_010,surface_temp_ir;laser_disdrometer;cr1000xe_backbone,2.0504,thermal,particle,3,1.0885194540023804
7184,candidate_010,surface_temp_ir;laser_disdrometer;cr1000xe_backbone,2.0504,thermal,particle,3,0.9318221211433411
7184,candidate_010,surface_temp_ir;laser_disdrometer;cr1000xe_backbone,2.0504,thermal,particle,3,0.9554368853569031
7184,candidate_010,surface_temp_ir;laser_disdrometer;cr1000xe_backbone,2.0504,thermal,particle,3,1.0031167268753052
7184,candidate_010,surface_temp_ir;laser_disdrometer;cr1000xe_backbone,2.0504,thermal,particle,3,1.027847409248352
7184,candidate_010,surface_temp_ir;laser_disdrometer;cr1000xe_backbone,2.0504,thermal,particle,3,0.986833930015564
7184,candidate_010,surface_temp_ir;laser_disdrometer;cr1000xe_backbone,2.0504,thermal,particle,3,0.901012122631073
7184,candidate_010,surface_temp_ir;laser_disdrometer;cr1000xe_backbone,2.0504,thermal,particle,3,0.8151823878288269
7184,candidate_011,fc4_flux;cr1000xe_backbone,1.2304,calm,particle,0,1.0109184980392456
7184,candidate_011,fc4_flux;cr1000xe_backbone,1.2304,calm,particle,0,1.0148125886917114
7184,candidate_011,fc4_flux;cr1000xe_backbone,1.2304,calm,particle,0,1.005542278289795
7184,candidate_011,fc4_flux;cr1000xe_backbone,1.2304,calm,particle,0,0.9848153591156006
7184,candidate_011,fc4_flux;cr1000xe_backbone,1.2304,calm,particle,0,0.9594013094902039
7184,candidate_011,fc4_flux;cr1000xe_backbone,1.2304,calm,particle,0,0.9902883768081665
7184,candidate_011,fc4_flux;cr1000xe_backbone,1.2304,calm,particle,0,1.0003618001937866
7184,candidate_011,fc4_flux;cr1000xe_backbone,1.2304,calm,particle,0,0.9995530843734741
7184,candidate_011,fc4_flux;cr1000xe_backbone,1.2304,calm,particle,0,0.9788694381713867
7184,candidate_011,fc4_flux;cr1000xe_backbone,1.2304,calm,particle,0,0.9199768900871277
7184,candidate_011,fc4_flux;cr1000xe_backbone,1.2304,calm,particle,0,0.8562449812889099
7184,candidate_011,fc4_flux;cr1000xe_backbone,1.2304,calm,particle,0,0.8224141597747803
7184,candidate_011,fc4_flux;cr1000xe_backbone,1.2304,calm,particle,0,0.8058621883392334
7184,candidate_011,fc4_flux;cr1000xe_backbone,1.2304,calm,particle,0,0.7888157367706299
7184,candidate_011,fc4_flux;cr1000xe_backbone,1.2304,calm,particle,0,0.7696095108985901
7184,candidate_011,fc4_flux;cr1000xe_backbone,1.2304,calm,particle,0,0.7601515650749207
7184,candidate_011,fc4_flux;cr1000xe_backbone,1.2304,calm,particle,0,0.7541235089302063
7184,candidate_011,fc4_flux;cr1000xe_backbone,1.2304,calm,particle,0,0.7445594072341919
7184,candidate_011,fc4_flux;cr1000xe_backbone,1.2304,calm,particle,0,0.7637755274772644
7184,candidate_011,fc4_flux;cr1000xe_backbone,1.2304,calm,particle,0,0.7819843292236328
7184,candidate_011,fc4_flux;cr1000xe_backbone,1.2304,calm,particle,0,0.8083280920982361
7184,candidate_011,fc4_flux;cr1000xe_backbone,1.2304,calm,thermal,0,0.8670315146446228
7184,candidate_011,fc4_flux;cr1000xe_backbone,1.2304,calm,thermal,0,0.8852362036705017
7184,candidate_011,fc4_flux;cr1000xe_backbone,1.2304,calm,thermal,0,0.9336086511611938
7184,candidate_011,fc4_flux;cr1000xe_backbone,1.2304,calm,thermal,0,0.9637631177902222
7184,candidate_011,fc4_flux;cr1000xe_backbone,1.2304,calm,thermal,0,0.9565730690956116
7184,candidate_011,fc4_flux;cr1000xe_backbone,1.2304,calm,thermal,0,0.8866199851036072
7184,candidate_011,fc4_flux;cr1000xe_backbone,1.2304,calm,thermal,0,0.8446104526519775
7184,candidate_011,fc4_flux;cr1000xe_backbone,1.2304,calm,thermal,0,0.8124232292175293
7184,candidate_011,fc4_flux;cr1000xe_backbone,1.2304,calm,thermal,0,0.7772412300109863
7184,candidate_011,fc4_flux;cr1000xe_backbone,1.2304,calm,thermal,0,0.7168691754341125
7184,candidate_011,fc4_flux;cr1000xe_backbone,1.2304,calm,thermal,0,0.7386724352836609
7184,candidate_011,fc4_flux;cr1000xe_backbone,1.2304,calm,thermal,0,0.6940968036651611
7184,candidate_011,fc4_flux;cr1000xe_backbone,1.2304,calm,thermal,0,0.7048079371452332
7184,candidate_011,fc4_flux;cr1000xe_backbone,1.2304,calm,thermal,0,0.7347692251205444
7184,candidate_011,fc4_flux;cr1000xe_backbone,1.2304,calm,thermal,0,0.761211633682251
7184,candidate_011,fc4_flux;cr1000xe_backbone,1.2304,calm,thermal,0,0.7414253354072571
7184,candidate_011,fc4_flux;cr1000xe_backbone,1.2304,calm,thermal,0,0.7758201360702515
7184,candidate_011,fc4_flux;cr1000xe_backbone,1.2304,calm,thermal,0,0.74715656042099
7184,candidate_011,fc4_flux;cr1000xe_backbone,1.2304,calm,thermal,0,0.7509558796882629
7184,candidate_011,fc4_flux;cr1000xe_backbone,1.2304,calm,thermal,0,0.756220817565918
7184,candidate_011,fc4_flux;cr1000xe_backbone,1.2304,calm,thermal,0,0.7448678016662598
7184,candidate_011,fc4_flux;cr1000xe_backbone,1.2304,calm,thermal,0,0.7299531698226929
7184,candidate_011,fc4_flux;cr1000xe_backbone,1.2304,calm,thermal,0,0.7408685088157654
7184,candidate_011,fc4_flux;cr1000xe_backbone,1.2304,calm,thermal,0,0.7564723491668701
7184,candidate_011,fc4_flux;cr1000xe_backbone,1.2304,calm,thermal,0,0.7761639952659607
7184,candidate_011,fc4_flux;cr1000xe_backbone,1.2304,calm,thermal,0,0.8016619086265564
7184,candidate_011,fc4_flux;cr1000xe_backbone,1.2304,calm,thermal,0,0.8581587672233582
7184,candidate_011,fc4_flux;cr1000xe_backbone,1.2304,calm,thermal,0,0.9558345675468445
7184,candidate_011,fc4_flux;cr1000xe_backbone,1.2304,calm,thermal,0,0.9176978468894958
7184,candidate_011,fc4_flux;cr1000xe_backbone,1.2304,calm,thermal,0,0.8945755958557129
7184,candidate_011,fc4_flux;cr1000xe_backbone,1.2304,calm,thermal,0,0.8511802554130554
7184,candidate_011,fc4_flux;cr1000xe_backbone,1.2304,calm,thermal,0,0.8055575489997864
7184,candidate_011,fc4_flux;cr1000xe_backbone,1.2304,calm,thermal,0,0.7488057017326355
7184,candidate_011,fc4_flux;cr1000xe_backbone,1.2304,calm,transport,0,0.69533371925354
7184,candidate_011,fc4_flux;cr1000xe_backbone,1.2304,calm,transport,0,0.7055420279502869
7184,candidate_011,fc4_flux;cr1000xe_backbone,1.2304,calm,transport,0,0.6608394980430603
7184,candidate_011,fc4_flux;cr1000xe_backbone,1.2304,calm,transport,0,0.6820959448814392
7184,candidate_011,fc4_flux;cr1000xe_backbone,1.2304,calm,transport,0,0.6813560128211975
7184,candidate_011,fc4_flux;cr1000xe_backbone,1.2304,calm,transport,0,0.6867730617523193
7184,candidate_011,fc4_flux;cr1000xe_backbone,1.2304,calm,transport,0,0.6419485211372375
7184,candidate_011,fc4_flux;cr1000xe_backbone,1.2304,calm,transport,0,0.6220510005950928
7184,candidate_011,fc4_flux;cr1000xe_backbone,1.2304,calm,transport,0,0.6045286059379578
7184,candidate_011,fc4_flux;cr1000xe_backbone,1.2304,calm,transport,0,0.6260080933570862
7184,candidate_011,fc4_flux;cr1000xe_backbone,1.2304,calm,transport,0,0.6402502059936523
7184,candidate_011,fc4_flux;cr1000xe_backbone,1.2304,calm,transport,0,0.6477905511856079
7184,candidate_011,fc4_flux;cr1000xe_backbone,1.2304,calm,transport,0,0.6649366021156311
7184,candidate_011,fc4_flux;cr1000xe_backbone,1.2304,calm,transport,0,0.7022400498390198
7184,candidate_011,fc4_flux;cr1000xe_backbone,1.2304,calm,transport,0,0.6714101433753967
7184,candidate_011,fc4_flux;cr1000xe_backbone,1.2304,calm,transport,0,0.7883433699607849
7184,candidate_011,fc4_flux;cr1000xe_backbone,1.2304,calm,transport,0,0.7967829704284668
7184,candidate_011,fc4_flux;cr1000xe_backbone,1.2304,calm,transport,0,0.8127402067184448
7184,candidate_011,fc4_flux;cr1000xe_backbone,1.2304,calm,transport,0,0.8127254247665405
7184,candidate_011,fc4_flux;cr1000xe_backbone,1.2304,calm,transport,0,0.8075785040855408
7184,candidate_011,fc4_flux;cr1000xe_backbone,1.2304,calm,transport,0,0.7944958806037903
7184,candidate_011,fc4_flux;cr1000xe_backbone,1.2304,calm,transport,0,0.7480336427688599
7184,candidate_011,fc4_flux;cr1000xe_backbone,1.2304,calm,transport,0,0.7437697052955627
7184,candidate_011,fc4_flux;cr1000xe_backbone,1.2304,calm,transport,0,0.7267090678215027
7184,candidate_011,fc4_flux;cr1000xe_backbone,1.2304,calm,transport,0,0.6940231323242188
7184,candidate_011,fc4_flux;cr1000xe_backbone,1.2304,calm,transport,0,0.6898539662361145
7184,candidate_011,fc4_flux;cr1000xe_backbone,1.2304,calm,transport,0,0.6705421805381775
7184,candidate_011,fc4_flux;cr1000xe_backbone,1.2304,calm,transport,0,0.668175995349884
7184,candidate_011,fc4_flux;cr1000xe_backbone,1.2304,calm,transport,0,0.6706677675247192
7184,candidate_011,fc4_flux;cr1000xe_backbone,1.2304,calm,transport,0,0.6819689869880676
7184,candidate_011,fc4_flux;cr1000xe_backbone,1.2304,calm,transport,0,0.6813266277313232
7184,candidate_011,fc4_flux;cr1000xe_backbone,1.2304,calm,transport,0,0.6916195750236511
7184,candidate_011,fc4_flux;cr1000xe_backbone,1.2304,calm,transport,0,0.6902796626091003
7184,candidate_011,fc4_flux;cr1000xe_backbone,1.2304,calm,transport,0,0.6951614022254944
7184,candidate_011,fc4_flux;cr1000xe_backbone,1.2304,calm,transport,0,0.7000646591186523
7184,candidate_011,fc4_flux;cr1000xe_backbone,1.2304,calm,transport,0,0.6927530169487
7184,candidate_011,fc4_flux;cr1000xe_backbone,1.2304,calm,particle,0,0.7273759841918945
7184,candidate_011,fc4_flux;cr1000xe_backbone,1.2304,calm,particle,0,0.7438945770263672
7184,candidate_011,fc4_flux;cr1000xe_backbone,1.2304,calm,particle,0,0.7961908578872681
7184,candidate_011,fc4_flux;cr1000xe_backbone,1.2304,calm,particle,0,0.8246357440948486
7184,candidate_011,fc4_flux;cr1000xe_backbone,1.2304,calm,particle,0,0.8350961208343506
7184,candidate_011,fc4_flux;cr1000xe_backbone,1.2304,calm,particle,0,0.8074327111244202
7184,candidate_011,fc4_flux;cr1000xe_backbone,1.2304,calm,particle,0,0.8306550979614258
7184,candidate_011,fc4_flux;cr1000xe_backbone,1.2304,calm,particle,0,0.8151122331619263
7184,candidate_011,fc4_flux;cr1000xe_backbone,1.2304,calm,particle,0,0.7984462380409241
7184,candidate_011,fc4_flux;cr1000xe_backbone,1.2304,calm,particle,0,0.7620569467544556
7184,candidate_011,fc4_flux;cr1000xe_backbone,1.2304,calm,particle,0,0.7516576647758484
7184,candidate_011,fc4_flux;cr1000xe_backbone,1.2304,calm,particle,0,0.7080654501914978
7184,candidate_011,fc4_flux;cr1000xe_backbone,1.2304,calm,particle,0,0.6802799701690674
7184,candidate_011,fc4_flux;cr1000xe_backbone,1.2304,calm,particle,0,0.6582884788513184
7184,candidate_011,fc4_flux;cr1000xe_backbone,1.2304,calm,particle,0,0.6963329911231995
7184,candidate_011,fc4_flux;cr1000xe_backbone,1.2304,calm,particle,0,0.6662052273750305
7184,candidate_011,fc4_flux;cr1000xe_backbone,1.2304,calm,particle,0,0.718176007270813
7184,candidate_011,fc4_flux;cr1000xe_backbone,1.2304,calm,particle,0,0.7313656210899353
7184,candidate_011,fc4_flux;cr1000xe_backbone,1.2304,calm,particle,0,0.8111940026283264
7184,candidate_011,fc4_flux;cr1000xe_backbone,1.2304,calm,particle,0,0.8223617672920227
7184,candidate_011,fc4_flux;cr1000xe_backbone,1.2304,calm,particle,0,0.8445412516593933
7184,candidate_011,fc4_flux;cr1000xe_backbone,1.2304,calm,particle,0,0.8614552617073059
7184,candidate_011,fc4_flux;cr1000xe_backbone,1.2304,calm,particle,0,0.8156498074531555
7184,candidate_011,fc4_flux;cr1000xe_backbone,1.2304,calm,particle,0,0.7990591526031494
7184,candidate_011,fc4_flux;cr1000xe_backbone,1.2304,calm,particle,0,0.804180383682251
7184,candidate_011,fc4_flux;cr1000xe_backbone,1.2304,calm,particle,0,0.8437755107879639
7184,candidate_011,fc4_flux;cr1000xe_backbone,1.2304,calm,particle,0,0.8686911463737488
7184,candidate_011,fc4_flux;cr1000xe_backbone,1.2304,calm,particle,0,0.8934279680252075
7184,candidate_011,fc4_flux;cr1000xe_backbone,1.2304,calm,particle,0,0.9622806310653687
7184,candidate_011,fc4_flux;cr1000xe_backbone,1.2304,calm,particle,0,1.0129165649414062
7184,candidate_011,fc4_flux;cr1000xe_backbone,1.2304,calm,particle,0,1.041546106338501
7184,candidate_011,fc4_flux;cr1000xe_backbone,1.2304,calm,particle,0,1.0153471231460571
7184,candidate_011,fc4_flux;cr1000xe_backbone,1.2304,calm,particle,0,0.9857475757598877
7184,candidate_011,fc4_flux;cr1000xe_backbone,1.2304,calm,particle,0,0.9862036108970642
7184,candidate_011,fc4_flux;cr1000xe_backbone,1.2304,calm,thermal,0,1.0270289182662964
7184,candidate_011,fc4_flux;cr1000xe_backbone,1.2304,calm,thermal,0,1.034128189086914
7184,candidate_011,fc4_flux;cr1000xe_backbone,1.2304,calm,thermal,0,1.0137501955032349
7184,candidate_011,fc4_flux;cr1000xe_backbone,1.2304,calm,thermal,0,0.9896963238716125
7184,candidate_011,fc4_flux;cr1000xe_backbone,1.2304,calm,thermal,0,0.9755019545555115
7184,candidate_011,fc4_flux;cr1000xe_backbone,1.2304,calm,thermal,0,0.9492518901824951
7184,candidate_011,fc4_flux;cr1000xe_backbone,1.2304,calm,thermal,0,0.9326406717300415
7184,candidate_011,fc4_flux;cr1000xe_backbone,1.2304,calm,thermal,0,0.9473580718040466
7184,candidate_011,fc4_flux;cr1000xe_backbone,1.2304,calm,thermal,0,0.9884262681007385
7184,candidate_011,fc4_flux;cr1000xe_backbone,1.2304,calm,thermal,0,1.0206958055496216
7184,candidate_011,fc4_flux;cr1000xe_backbone,1.2304,calm,thermal,0,1.0816112756729126
7184,candidate_011,fc4_flux;cr1000xe_backbone,1.2304,calm,thermal,0,1.1222915649414062
7184,candidate_011,fc4_flux;cr1000xe_backbone,1.2304,calm,thermal,0,1.1660380363464355
7184,candidate_011,fc4_flux;cr1000xe_backbone,1.2304,calm,thermal,0,1.1836926937103271
7184,candidate_011,fc4_flux;cr1000xe_backbone,1.2304,calm,thermal,0,1.1321446895599365
7184,candidate_011,fc4_flux;cr1000xe_backbone,1.2304,calm,thermal,0,1.0931476354599
7184,candidate_011,fc4_flux;cr1000xe_backbone,1.2304,calm,thermal,0,1.078681230545044
7184,candidate_011,fc4_flux;cr1000xe_backbone,1.2304,calm,thermal,0,1.1389355659484863
7184,candidate_011,fc4_flux;cr1000xe_backbone,1.2304,calm,thermal,0,1.1261651515960693
7184,candidate_011,fc4_flux;cr1000xe_backbone,1.2304,calm,thermal,0,1.1419376134872437
7184,candidate_011,fc4_flux;cr1000xe_backbone,1.2304,calm,thermal,0,1.181476354598999
7184,candidate_011,fc4_flux;cr1000xe_backbone,1.2304,calm,thermal,0,1.2043746709823608
7184,candidate_011,fc4_flux;cr1000xe_backbone,1.2304,calm,thermal,0,1.209903359413147
7184,candidate_011,fc4_flux;cr1000xe_backbone,1.2304,calm,thermal,0,1.1625430583953857
7184,candidate_011,fc4_flux;cr1000xe_backbone,1.2304,calm,thermal,0,1.1884676218032837
7184,candidate_011,fc4_flux;cr1000xe_backbone,1.2304,calm,thermal,0,1.219460129737854
7184,candidate_011,fc4_flux;cr1000xe_backbone,1.2304,calm,transport,0,1.2229212522506714
7184,candidate_011,fc4_flux;cr1000xe_backbone,1.2304,calm,transport,0,1.204801082611084
7184,candidate_011,fc4_flux;cr1000xe_backbone,1.2304,calm,transport,0,1.1578792333602905
7184,candidate_011,fc4_flux;cr1000xe_backbone,1.2304,calm,transport,0,1.1162807941436768
7184,candidate_011,fc4_flux;cr1000xe_backbone,1.2304,calm,transport,0,1.1187363862991333
7184,candidate_011,fc4_flux;cr1000xe_backbone,1.2304,calm,transport,0,1.0916416645050049
7184,candidate_011,fc4_flux;cr1000xe_backbone,1.2304,calm,transport,0,1.0644960403442383
7184,candidate_011,fc4_flux;cr1000xe_backbone,1.2304,calm,transport,0,1.0941941738128662
7184,candidate_011,fc4_flux;cr1000xe_backbone,1.2304,calm,transport,0,1.061282992362976
7184,candidate_011,fc4_flux;cr1000xe_backbone,1.2304,calm,transport,0,1.0218816995620728
7184,candidate_011,fc4_flux;cr1000xe_backbone,1.2304,calm,transport,0,1.035544514656067
7184,candidate_011,fc4_flux;cr1000xe_backbone,1.2304,calm,transport,0,1.0342507362365723
7184,candidate_011,fc4_flux;cr1000xe_backbone,1.2304,calm,transport,0,1.0424708127975464
7184,candidate_011,fc4_flux;cr1000xe_backbone,1.2304,calm,transport,0,1.046135663986206
7184,candidate_011,fc4_flux;cr1000xe_backbone,1.2304,calm,transport,0,1.1290390491485596
7184,candidate_011,fc4_flux;cr1000xe_backbone,1.2304,calm,transport,0,1.1794644594192505
7184,candidate_011,fc4_flux;cr1000xe_backbone,1.2304,calm,transport,0,1.2565597295761108
7184,candidate_011,fc4_flux;cr1000xe_backbone,1.2304,calm,transport,0,1.3171977996826172
7184,candidate_011,fc4_flux;cr1000xe_backbone,1.2304,calm,transport,0,1.2758679389953613
7184,candidate_011,fc4_flux;cr1000xe_backbone,1.2304,calm,transport,0,1.2950366735458374
7184,candidate_011,fc4_flux;cr1000xe_backbone,1.2304,calm,transport,0,1.2536976337432861
7184,candidate_011,fc4_flux;cr1000xe_backbone,1.2304,calm,transport,0,1.2338236570358276
7184,candidate_011,fc4_flux;cr1000xe_backbone,1.2304,calm,transport,0,1.207502841949463
7184,candidate_011,fc4_flux;cr1000xe_backbone,1.2304,calm,transport,0,1.148953914642334
7184,candidate_011,fc4_flux;cr1000xe_backbone,1.2304,calm,transport,0,1.1030369997024536
7184,candidate_011,fc4_flux;cr1000xe_backbone,1.2304,calm,particle,0,1.0758137702941895
7184,candidate_011,fc4_flux;cr1000xe_backbone,1.2304,calm,particle,0,1.084218978881836
7184,candidate_011,fc4_flux;cr1000xe_backbone,1.2304,calm,particle,0,1.0311813354492188
7184,candidate_011,fc4_flux;cr1000xe_backbone,1.2304,calm,particle,0,1.0848780870437622
7184,candidate_011,fc4_flux;cr1000xe_backbone,1.2304,calm,particle,0,1.0263738632202148
7184,candidate_011,fc4_flux;cr1000xe_backbone,1.2304,calm,particle,0,1.0255908966064453
7184,candidate_011,fc4_flux;cr1000xe_backbone,1.2304,calm,particle,0,1.011750340461731
7184,candidate_011,fc4_flux;cr1000xe_backbone,1.2304,calm,particle,0,1.0390830039978027
7184,candidate_011,fc4_flux;cr1000xe_backbone,1.2304,calm,particle,0,1.0710411071777344
7184,candidate_011,fc4_flux;cr1000xe_backbone,1.2304,calm,particle,0,1.0485808849334717
7184,candidate_011,fc4_flux;cr1000xe_backbone,1.2304,calm,particle,0,1.0959068536758423
7184,candidate_011,fc4_flux;cr1000xe_backbone,1.2304,calm,particle,0,1.1024128198623657
7184,candidate_011,fc4_flux;cr1000xe_backbone,1.2304,calm,particle,0,1.1812973022460938
7184,candidate_011,fc4_flux;cr1000xe_backbone,1.2304,calm,particle,0,1.1706182956695557
7184,candidate_011,fc4_flux;cr1000xe_backbone,1.2304,calm,particle,0,1.1171475648880005
7184,candidate_011,fc4_flux;cr1000xe_backbone,1.2304,calm,particle,0,1.0954325199127197
7184,candidate_011,fc4_flux;cr1000xe_backbone,1.2304,calm,particle,0,1.1096268892288208
7184,candidate_011,fc4_flux;cr1000xe_backbone,1.2304,calm,particle,0,1.1235671043395996
7184,candidate_011,fc4_flux;cr1000xe_backbone,1.2304,calm,particle,0,1.102604866027832
7184,candidate_011,fc4_flux;cr1000xe_backbone,1.2304,calm,particle,0,1.101283311843872
7184,candidate_011,fc4_flux;cr1000xe_backbone,1.2304,calm,particle,0,1.0689774751663208
7184,candidate_011,fc4_flux;cr1000xe_backbone,1.2304,calm,particle,0,1.0711537599563599
7184,candidate_011,fc4_flux;cr1000xe_backbone,1.2304,calm,particle,0,1.0233967304229736
7184,candidate_011,fc4_flux;cr1000xe_backbone,1.2304,calm,particle,0,1.0130337476730347
7184,candidate_011,fc4_flux;cr1000xe_backbone,1.2304,calm,particle,0,1.0509657859802246
7184,candidate_011,fc4_flux;cr1000xe_backbone,1.2304,calm,particle,0,1.0207685232162476
7184,candidate_011,fc4_flux;cr1000xe_backbone,1.2304,calm,particle,0,1.0646415948867798
7184,candidate_011,fc4_flux;cr1000xe_backbone,1.2304,calm,particle,0,1.0346262454986572
7184,candidate_011,fc4_flux;cr1000xe_backbone,1.2304,calm,particle,0,1.0773849487304688
7184,candidate_011,fc4_flux;cr1000xe_backbone,1.2304,calm,particle,0,1.0801441669464111
7184,candidate_011,fc4_flux;cr1000xe_backbone,1.2304,calm,particle,0,1.0743567943572998
7184,candidate_011,fc4_flux;cr1000xe_backbone,1.2304,calm,particle,0,1.0484378337860107
7184,candidate_011,fc4_flux;cr1000xe_backbone,1.2304,calm,thermal,0,1.000044584274292
7184,candidate_011,fc4_flux;cr1000xe_backbone,1.2304,calm,thermal,0,1.002414345741272
7184,candidate_011,fc4_flux;cr1000xe_backbone,1.2304,calm,thermal,0,1.0072568655014038
7184,candidate_011,fc4_flux;cr1000xe_backbone,1.2304,calm,thermal,0,1.032184362411499
7184,candidate_011,fc4_flux;cr1000xe_backbone,1.2304,calm,thermal,0,1.0685957670211792
7184,candidate_011,fc4_flux;cr1000xe_backbone,1.2304,calm,thermal,0,1.0769802331924438
7184,candidate_011,fc4_flux;cr1000xe_backbone,1.2304,calm,thermal,0,1.0955183506011963
7184,candidate_011,fc4_flux;cr1000xe_backbone,1.2304,calm,thermal,0,1.1137027740478516
7184,candidate_011,fc4_flux;cr1000xe_backbone,1.2304,calm,thermal,0,1.0907092094421387
7184,candidate_011,fc4_flux;cr1000xe_backbone,1.2304,calm,thermal,0,1.0880120992660522
7184,candidate_011,fc4_flux;cr1000xe_backbone,1.2304,calm,thermal,0,1.1091489791870117
7184,candidate_011,fc4_flux;cr1000xe_backbone,1.2304,calm,thermal,0,1.1461894512176514
7184,candidate_011,fc4_flux;cr1000xe_backbone,1.2304,calm,thermal,0,1.15553879737854
7184,candidate_011,fc4_flux;cr1000xe_backbone,1.2304,calm,thermal,0,1.1151660680770874
7184,candidate_011,fc4_flux;cr1000xe_backbone,1.2304,calm,thermal,0,1.0945478677749634
7184,candidate_011,fc4_flux;cr1000xe_backbone,1.2304,calm,thermal,0,1.016882300376892
7184,candidate_011,fc4_flux;cr1000xe_backbone,1.2304,calm,thermal,0,0.9723421931266785
7184,candidate_011,fc4_flux;cr1000xe_backbone,1.2304,calm,thermal,0,0.9510153532028198
7184,candidate_011,fc4_flux;cr1000xe_backbone,1.2304,calm,thermal,0,0.9524996876716614
7184,candidate_011,fc4_flux;cr1000xe_backbone,1.2304,calm,thermal,0,0.9495182633399963
7184,candidate_011,fc4_flux;cr1000xe_backbone,1.2304,calm,thermal,0,0.9808547496795654
7184,candidate_011,fc4_flux;cr1000xe_backbone,1.2304,calm,transport,0,0.9707577228546143
7184,candidate_011,fc4_flux;cr1000xe_backbone,1.2304,calm,transport,0,1.0039637088775635
7184,candidate_011,fc4_flux;cr1000xe_backbone,1.2304,calm,transport,0,1.0338510274887085
7184,candidate_011,fc4_flux;cr1000xe_backbone,1.2304,calm,transport,0,0.9680463671684265
7184,candidate_011,fc4_flux;cr1000xe_backbone,1.2304,calm,transport,0,0.9745303392410278
7184,candidate_011,fc4_flux;cr1000xe_backbone,1.2304,calm,transport,0,0.9506871104240417
7184,candidate_011,fc4_flux;cr1000xe_backbone,1.2304,calm,transport,0,0.9620055556297302
7184,candidate_011,fc4_flux;cr1000xe_backbone,1.2304,calm,transport,0,0.9667565822601318
7184,candidate_011,fc4_flux;cr1000xe_backbone,1.2304,calm,transport,0,0.9592207074165344
7184,candidate_011,fc4_flux;cr1000xe_backbone,1.2304,calm,transport,0,0.9638262987136841
7184,candidate_011,fc4_flux;cr1000xe_backbone,1.2304,calm,transport,0,0.9521734118461609
7184,candidate_011,fc4_flux;cr1000xe_backbone,1.2304,calm,transport,0,1.0022722482681274
7184,candidate_011,fc4_flux;cr1000xe_backbone,1.2304,calm,transport,0,0.98475182056427
7184,candidate_011,fc4_flux;cr1000xe_backbone,1.2304,calm,transport,0,1.0443660020828247
7184,candidate_011,fc4_flux;cr1000xe_backbone,1.2304,calm,transport,0,0.9757298231124878
7184,candidate_011,fc4_flux;cr1000xe_backbone,1.2304,calm,transport,0,0.9649847745895386
7184,candidate_011,fc4_flux;cr1000xe_backbone,1.2304,calm,transport,0,0.9413005709648132
7184,candidate_011,fc4_flux;cr1000xe_backbone,1.2304,calm,transport,0,0.9547776579856873
7184,candidate_011,fc4_flux;cr1000xe_backbone,1.2304,calm,transport,0,0.9427401423454285
7184,candidate_011,fc4_flux;cr1000xe_backbone,1.2304,calm,transport,0,0.9091886878013611
7184,candidate_011,fc4_flux;cr1000xe_backbone,1.2304,calm,transport,0,0.9659472107887268
7184,candidate_011,fc4_flux;cr1000xe_backbone,1.2304,calm,transport,0,0.9272534251213074
7184,candidate_011,fc4_flux;cr1000xe_backbone,1.2304,calm,transport,0,0.991891622543335
7184,candidate_011,fc4_flux;cr1000xe_backbone,1.2304,calm,transport,0,0.9962243437767029
7184,candidate_011,fc4_flux;cr1000xe_backbone,1.2304,calm,transport,0,0.9777724742889404
7184,candidate_011,fc4_flux;cr1000xe_backbone,1.2304,calm,transport,0,0.9449054002761841
7184,candidate_011,fc4_flux;cr1000xe_backbone,1.2304,calm,transport,0,0.9295522570610046
7184,candidate_011,fc4_flux;cr1000xe_backbone,1.2304,calm,transport,0,0.9374344944953918
7184,candidate_011,fc4_flux;cr1000xe_backbone,1.2304,calm,thermal,0,0.5047474503517151
7184,candidate_011,fc4_flux;cr1000xe_backbone,1.2304,calm,thermal,0,0.4814593493938446
7184,candidate_011,fc4_flux;cr1000xe_backbone,1.2304,particle,thermal,1,0.5342430472373962
7184,candidate_011,fc4_flux;cr1000xe_backbone,1.2304,particle,thermal,1,0.5414275527000427
7184,candidate_011,fc4_flux;cr1000xe_backbone,1.2304,particle,thermal,1,0.589771032333374
7184,candidate_011,fc4_flux;cr1000xe_backbone,1.2304,particle,thermal,1,0.5915424823760986
7184,candidate_011,fc4_flux;cr1000xe_backbone,1.2304,particle,thermal,1,0.9597931504249573
7184,candidate_011,fc4_flux;cr1000xe_backbone,1.2304,particle,thermal,1,1.2411270141601562
7184,candidate_011,fc4_flux;cr1000xe_backbone,1.2304,particle,thermal,1,1.516700029373169
7184,candidate_011,fc4_flux;cr1000xe_backbone,1.2304,particle,thermal,1,1.7445614337921143
7184,candidate_011,fc4_flux;cr1000xe_backbone,1.2304,particle,thermal,1,1.9543275833129883
7184,candidate_011,fc4_flux;cr1000xe_backbone,1.2304,particle,thermal,1,2.2695963382720947
7184,candidate_011,fc4_flux;cr1000xe_backbone,1.2304,particle,thermal,1,2.6028850078582764
7184,candidate_011,fc4_flux;cr1000xe_backbone,1.2304,particle,thermal,1,2.8927555084228516
7184,candidate_011,fc4_flux;cr1000xe_backbone,1.2304,particle,transport,1,2.913240909576416
7184,candidate_011,fc4_flux;cr1000xe_backbone,1.2304,particle,transport,1,2.9259915351867676
7184,candidate_011,fc4_flux;cr1000xe_backbone,1.2304,particle,transport,1,2.9443864822387695
7184,candidate_011,fc4_flux;cr1000xe_backbone,1.2304,particle,transport,1,2.951547145843506
7184,candidate_011,fc4_flux;cr1000xe_backbone,1.2304,particle,transport,1,2.9914960861206055
7184,candidate_011,fc4_flux;cr1000xe_backbone,1.2304,particle,transport,1,2.9582552909851074
7184,candidate_011,fc4_flux;cr1000xe_backbone,1.2304,particle,transport,1,2.954495668411255
7184,candidate_011,fc4_flux;cr1000xe_backbone,1.2304,particle,transport,1,2.920370578765869
7184,candidate_011,fc4_flux;cr1000xe_backbone,1.2304,particle,transport,1,2.9465134143829346
7184,candidate_011,fc4_flux;cr1000xe_backbone,1.2304,particle,transport,1,2.8886682987213135
7184,candidate_011,fc4_flux;cr1000xe_backbone,1.2304,particle,transport,1,2.8354580402374268
7184,candidate_011,fc4_flux;cr1000xe_backbone,1.2304,particle,transport,1,2.8526623249053955
7184,candidate_011,fc4_flux;cr1000xe_backbone,1.2304,particle,transport,1,3.0062103271484375
7184,candidate_011,fc4_flux;cr1000xe_backbone,1.2304,particle,transport,1,3.060786008834839
7184,candidate_011,fc4_flux;cr1000xe_backbone,1.2304,particle,transport,1,3.1222217082977295
7184,candidate_011,fc4_flux;cr1000xe_backbone,1.2304,particle,transport,1,3.140397310256958
7184,candidate_011,fc4_flux;cr1000xe_backbone,1.2304,particle,transport,1,3.267638921737671
7184,candidate_011,fc4_flux;cr1000xe_backbone,1.2304,particle,transport,1,3.2697808742523193
7184,candidate_011,fc4_flux;cr1000xe_backbone,1.2304,particle,transport,1,2.980879068374634
7184,candidate_011,fc4_flux;cr1000xe_backbone,1.2304,particle,transport,1,2.6037542819976807
7184,candidate_011,fc4_flux;cr1000xe_backbone,1.2304,particle,transport,1,2.2539052963256836
7184,candidate_011,fc4_flux;cr1000xe_backbone,1.2304,particle,transport,1,2.024467945098877
7184,candidate_011,fc4_flux;cr1000xe_backbone,1.2304,particle,transport,1,1.7311625480651855
7184,candidate_011,fc4_flux;cr1000xe_backbone,1.2304,particle,transport,1,1.523676872253418
7184,candidate_011,fc4_flux;cr1000xe_backbone,1.2304,particle,transport,1,1.3316776752471924
7184,candidate_011,fc4_flux;cr1000xe_backbone,1.2304,particle,transport,1,1.3059123754501343
7184,candidate_011,fc4_flux;cr1000xe_backbone,1.2304,particle,particle,1,1.1445777416229248
7184,candidate_011,fc4_flux;cr1000xe_backbone,1.2304,particle,particle,1,0.6508702635765076
7184,candidate_011,fc4_flux;cr1000xe_backbone,1.2304,particle,particle,1,0.7110041975975037
7184,candidate_011,fc4_flux;cr1000xe_backbone,1.2304,particle,particle,1,0.7510774731636047
7184,candidate_011,fc4_flux;cr1000xe_backbone,1.2304,particle,particle,1,0.778349757194519
7184,candidate_011,fc4_flux;cr1000xe_backbone,1.2304,particle,particle,1,0.7685160636901855
7184,candidate_011,fc4_flux;cr1000xe_backbone,1.2304,particle,particle,1,0.7528080940246582
7184,candidate_011,fc4_flux;cr1000xe_backbone,1.2304,particle,particle,1,0.6637848615646362
7184,candidate_011,fc4_flux;cr1000xe_backbone,1.2304,particle,particle,1,0.6874967813491821
7184,candidate_011,fc4_flux;cr1000xe_backbone,1.2304,particle,particle,1,0.7465669512748718
7184,candidate_011,fc4_flux;cr1000xe_backbone,1.2304,particle,particle,1,0.7872011661529541
7184,candidate_011,fc4_flux;cr1000xe_backbone,1.2304,particle,particle,1,0.9483960866928101
7184,candidate_011,fc4_flux;cr1000xe_backbone,1.2304,particle,particle,1,1.0024044513702393
7184,candidate_011,fc4_flux;cr1000xe_backbone,1.2304,particle,particle,1,1.0557458400726318
7184,candidate_011,fc4_flux;cr1000xe_backbone,1.2304,particle,particle,1,1.0122514963150024
7184,candidate_011,fc4_flux;cr1000xe_backbone,1.2304,particle,particle,1,1.0939526557922363
7184,candidate_011,fc4_flux;cr1000xe_backbone,1.2304,particle,particle,1,1.1592769622802734
7184,candidate_011,fc4_flux;cr1000xe_backbone,1.2304,calm,particle,0,0.960469126701355
7184,candidate_011,fc4_flux;cr1000xe_backbone,1.2304,calm,thermal,0,1.075117826461792
7184,candidate_011,fc4_flux;cr1000xe_backbone,1.2304,calm,thermal,0,0.8685488104820251
7184,candidate_011,fc4_flux;cr1000xe_backbone,1.2304,calm,thermal,0,0.8516270518302917
7184,candidate_011,fc4_flux;cr1000xe_backbone,1.2304,calm,thermal,0,0.8485923409461975
7184,candidate_011,fc4_flux;cr1000xe_backbone,1.2304,calm,thermal,0,0.7915632724761963
7184,candidate_011,fc4_flux;cr1000xe_backbone,1.2304,calm,thermal,0,0.8315351009368896
7184,candidate_011,fc4_flux;cr1000xe_backbone,1.2304,calm,thermal,0,0.8157275915145874
7184,candidate_011,fc4_flux;cr1000xe_backbone,1.2304,calm,thermal,0,0.7991122007369995
7184,candidate_011,fc4_flux;cr1000xe_backbone,1.2304,calm,thermal,0,0.8452240228652954
7184,candidate_011,fc4_flux;cr1000xe_backbone,1.2304,calm,thermal,0,0.8051121830940247
7184,candidate_011,fc4_flux;cr1000xe_backbone,1.2304,calm,thermal,0,0.8102982640266418
7184,candidate_011,fc4_flux;cr1000xe_backbone,1.2304,calm,thermal,0,0.6821513175964355
7184,candidate_011,fc4_flux;cr1000xe_backbone,1.2304,calm,thermal,0,0.6611263751983643
7184,candidate_011,fc4_flux;cr1000xe_backbone,1.2304,flux,thermal,2,0.5388951301574707
7184,candidate_011,fc4_flux;cr1000xe_backbone,1.2304,flux,thermal,2,0.9003699421882629
7184,candidate_011,fc4_flux;cr1000xe_backbone,1.2304,flux,thermal,2,1.2990132570266724
7184,candidate_011,fc4_flux;cr1000xe_backbone,1.2304,flux,thermal,2,1.6190543174743652
7184,candidate_011,fc4_flux;cr1000xe_backbone,1.2304,flux,thermal,2,1.9718981981277466
7184,candidate_011,fc4_flux;cr1000xe_backbone,1.2304,flux,thermal,2,2.2302911281585693
7184,candidate_011,fc4_flux;cr1000xe_backbone,1.2304,flux,thermal,2,2.4854211807250977
7184,candidate_011,fc4_flux;cr1000xe_backbone,1.2304,flux,thermal,2,2.7592577934265137
7184,candidate_011,fc4_flux;cr1000xe_backbone,1.2304,flux,thermal,2,3.060887336730957
7184,candidate_011,fc4_flux;cr1000xe_backbone,1.2304,flux,transport,2,3.0759756565093994
7184,candidate_011,fc4_flux;cr1000xe_backbone,1.2304,flux,transport,2,3.0401604175567627
7184,candidate_011,fc4_flux;cr1000xe_backbone,1.2304,flux,transport,2,3.081127405166626
7184,candidate_011,fc4_flux;cr1000xe_backbone,1.2304,flux,transport,2,3.0815799236297607
7184,candidate_011,fc4_flux;cr1000xe_backbone,1.2304,flux,transport,2,3.1755928993225098
7184,candidate_011,fc4_flux;cr1000xe_backbone,1.2304,flux,transport,2,3.129584550857544
7184,candidate_011,fc4_flux;cr1000xe_backbone,1.2304,flux,transport,2,3.0775668621063232
7184,candidate_011,fc4_flux;cr1000xe_backbone,1.2304,flux,transport,2,3.070951461791992
7184,candidate_011,fc4_flux;cr1000xe_backbone,1.2304,flux,transport,2,3.153129816055298
7184,candidate_011,fc4_flux;cr1000xe_backbone,1.2304,flux,transport,2,3.1085548400878906
7184,candidate_011,fc4_flux;cr1000xe_backbone,1.2304,flux,transport,2,3.059274435043335
7184,candidate_011,fc4_flux;cr1000xe_backbone,1.2304,flux,transport,2,3.0237159729003906
7184,candidate_011,fc4_flux;cr1000xe_backbone,1.2304,flux,transport,2,3.0980725288391113
7184,candidate_011,fc4_flux;cr1000xe_backbone,1.2304,flux,transport,2,3.0762698650360107
7184,candidate_011,fc4_flux;cr1000xe_backbone,1.2304,flux,transport,2,2.7048778533935547
7184,candidate_011,fc4_flux;cr1000xe_backbone,1.2304,flux,transport,2,2.359895944595337
7184,candidate_011,fc4_flux;cr1000xe_backbone,1.2304,flux,transport,2,2.082167148590088
7184,candidate_011,fc4_flux;cr1000xe_backbone,1.2304,flux,transport,2,1.7892727851867676
7184,candidate_011,fc4_flux;cr1000xe_backbone,1.2304,flux,transport,2,1.625097393989563
7184,candidate_011,fc4_flux;cr1000xe_backbone,1.2304,flux,transport,2,1.6294817924499512
7184,candidate_011,fc4_flux;cr1000xe_backbone,1.2304,flux,transport,2,1.6480371952056885
7184,candidate_011,fc4_flux;cr1000xe_backbone,1.2304,flux,transport,2,1.708176851272583
7184,candidate_011,fc4_flux;cr1000xe_backbone,1.2304,flux,particle,2,0.9847043752670288
7184,candidate_011,fc4_flux;cr1000xe_backbone,1.2304,flux,particle,2,1.1502736806869507
7184,candidate_011,fc4_flux;cr1000xe_backbone,1.2304,flux,particle,2,1.114321231842041
7184,candidate_011,fc4_flux;cr1000xe_backbone,1.2304,flux,particle,2,1.1529513597488403
7184,candidate_011,fc4_flux;cr1000xe_backbone,1.2304,calm,particle,0,0.9548273682594299
7184,candidate_011,fc4_flux;cr1000xe_backbone,1.2304,calm,particle,0,1.025260329246521
7184,candidate_011,fc4_flux;cr1000xe_backbone,1.2304,calm,particle,0,0.7871206402778625
7184,candidate_011,fc4_flux;cr1000xe_backbone,1.2304,calm,particle,0,0.8256441950798035
7184,candidate_011,fc4_flux;cr1000xe_backbone,1.2304,calm,particle,0,0.6625012159347534
7184,candidate_011,fc4_flux;cr1000xe_backbone,1.2304,calm,particle,0,0.7059295773506165
7184,candidate_011,fc4_flux;cr1000xe_backbone,1.2304,calm,particle,0,0.7428014278411865
7184,candidate_011,fc4_flux;cr1000xe_backbone,1.2304,calm,particle,0,0.6965600252151489
7184,candidate_011,fc4_flux;cr1000xe_backbone,1.2304,calm,particle,0,0.774843692779541
7184,candidate_011,fc4_flux;cr1000xe_backbone,1.2304,calm,particle,0,0.6798087358474731
7184,candidate_011,fc4_flux;cr1000xe_backbone,1.2304,calm,particle,0,0.725971519947052
7184,candidate_011,fc4_flux;cr1000xe_backbone,1.2304,calm,particle,0,0.6165628433227539
7184,candidate_011,fc4_flux;cr1000xe_backbone,1.2304,flux,particle,2,0.7858734726905823
7184,candidate_011,fc4_flux;cr1000xe_backbone,1.2304,flux,particle,2,0.7297024726867676
7184,candidate_011,fc4_flux;cr1000xe_backbone,1.2304,flux,particle,2,0.938845157623291
7184,candidate_011,fc4_flux;cr1000xe_backbone,1.2304,flux,particle,2,0.8887141942977905
7184,candidate_011,fc4_flux;cr1000xe_backbone,1.2304,flux,particle,2,0.9229727983474731
7184,candidate_011,fc4_flux;cr1000xe_backbone,1.2304,flux,particle,2,0.9190482497215271
7184,candidate_011,fc4_flux;cr1000xe_backbone,1.2304,flux,particle,2,0.9510614275932312
7184,candidate_011,fc4_flux;cr1000xe_backbone,1.2304,flux,particle,2,0.9303351640701294
7184,candidate_011,fc4_flux;cr1000xe_backbone,1.2304,flux,particle,2,0.9465815424919128
7184,candidate_011,fc4_flux;cr1000xe_backbone,1.2304,flux,particle,2,0.9609671831130981
7184,candidate_011,fc4_flux;cr1000xe_backbone,1.2304,flux,particle,2,0.9376741647720337
7184,candidate_011,fc4_flux;cr1000xe_backbone,1.2304,flux,particle,2,0.9329895973205566
7184,candidate_011,fc4_flux;cr1000xe_backbone,1.2304,flux,particle,2,0.9870201945304871
7184,candidate_011,fc4_flux;cr1000xe_backbone,1.2304,flux,particle,2,0.974217414855957
7184,candidate_011,fc4_flux;cr1000xe_backbone,1.2304,flux,particle,2,1.0104215145111084
7184,candidate_011,fc4_flux;cr1000xe_backbone,1.2304,flux,particle,2,0.9572462439537048
7184,candidate_011,fc4_flux;cr1000xe_backbone,1.2304,flux,thermal,2,0.9802080392837524
7184,candidate_011,fc4_flux;cr1000xe_backbone,1.2304,flux,thermal,2,0.9992963671684265
7184,candidate_011,fc4_flux;cr1000xe_backbone,1.2304,flux,thermal,2,0.9795907735824585
7184,candidate_011,fc4_flux;cr1000xe_backbone,1.2304,flux,thermal,2,0.9903092980384827
7184,candidate_011,fc4_flux;cr1000xe_backbone,1.2304,flux,thermal,2,0.9216339588165283
7184,candidate_011,fc4_flux;cr1000xe_backbone,1.2304,flux,thermal,2,0.9381726980209351
7184,candidate_011,fc4_flux;cr1000xe_backbone,1.2304,flux,thermal,2,0.8856129050254822
7184,candidate_011,fc4_flux;cr1000xe_backbone,1.2304,flux,thermal,2,0.919396162033081
7184,candidate_011,fc4_flux;cr1000xe_backbone,1.2304,flux,thermal,2,0.962590217590332
7184,candidate_011,fc4_flux;cr1000xe_backbone,1.2304,flux,thermal,2,0.9058398604393005
7184,candidate_011,fc4_flux;cr1000xe_backbone,1.2304,flux,thermal,2,0.9492003917694092
7184,candidate_011,fc4_flux;cr1000xe_backbone,1.2304,flux,thermal,2,0.9244096279144287
7184,candidate_011,fc4_flux;cr1000xe_backbone,1.2304,flux,thermal,2,0.9308581352233887
7184,candidate_011,fc4_flux;cr1000xe_backbone,1.2304,flux,thermal,2,0.9279108047485352
7184,candidate_011,fc4_flux;cr1000xe_backbone,1.2304,flux,thermal,2,0.9193251729011536
7184,candidate_011,fc4_flux;cr1000xe_backbone,1.2304,flux,thermal,2,0.9168434143066406
7184,candidate_011,fc4_flux;cr1000xe_backbone,1.2304,flux,thermal,2,0.8908278942108154
7184,candidate_011,fc4_flux;cr1000xe_backbone,1.2304,calm,thermal,0,0.8037362098693848
7184,candidate_011,fc4_flux;cr1000xe_backbone,1.2304,calm,thermal,0,0.7589235901832581
7184,candidate_011,fc4_flux;cr1000xe_backbone,1.2304,calm,thermal,0,0.6436731219291687
7184,candidate_011,fc4_flux;cr1000xe_backbone,1.2304,calm,thermal,0,0.6213861107826233
7184,candidate_011,fc4_flux;cr1000xe_backbone,1.2304,calm,thermal,0,0.9732996821403503
7184,candidate_011,fc4_flux;cr1000xe_backbone,1.2304,calm,thermal,0,1.268709421157837
7184,candidate_011,fc4_flux;cr1000xe_backbone,1.2304,calm,thermal,0,1.567780613899231
7184,candidate_011,fc4_flux;cr1000xe_backbone,1.2304,calm,thermal,0,1.8722552061080933
7184,candidate_011,fc4_flux;cr1000xe_backbone,1.2304,calm,thermal,0,2.1970090866088867
7184,candidate_011,fc4_flux;cr1000xe_backbone,1.2304,calm,thermal,0,2.51346755027771
7184,candidate_011,fc4_flux;cr1000xe_backbone,1.2304,calm,thermal,0,2.8154220581054688
7184,candidate_011,fc4_flux;cr1000xe_backbone,1.2304,calm,thermal,0,3.1671295166015625
7184,candidate_011,fc4_flux;cr1000xe_backbone,1.2304,thermal,transport,3,3.1671183109283447
7184,candidate_011,fc4_flux;cr1000xe_backbone,1.2304,thermal,transport,3,3.202009677886963
7184,candidate_011,fc4_flux;cr1000xe_backbone,1.2304,thermal,transport,3,3.272130012512207
7184,candidate_011,fc4_flux;cr1000xe_backbone,1.2304,thermal,transport,3,3.2642226219177246
7184,candidate_011,fc4_flux;cr1000xe_backbone,1.2304,thermal,transport,3,3.3007020950317383
7184,candidate_011,fc4_flux;cr1000xe_backbone,1.2304,thermal,transport,3,3.2398157119750977
7184,candidate_011,fc4_flux;cr1000xe_backbone,1.2304,thermal,transport,3,3.2797505855560303
7184,candidate_011,fc4_flux;cr1000xe_backbone,1.2304,thermal,transport,3,3.27547025680542
7184,candidate_011,fc4_flux;cr1000xe_backbone,1.2304,thermal,transport,3,3.3971073627471924
7184,candidate_011,fc4_flux;cr1000xe_backbone,1.2304,thermal,transport,3,3.347912311553955
7184,candidate_011,fc4_flux;cr1000xe_backbone,1.2304,thermal,transport,3,3.2878754138946533
7184,candidate_011,fc4_flux;cr1000xe_backbone,1.2304,thermal,transport,3,3.280951976776123
7184,candidate_011,fc4_flux;cr1000xe_backbone,1.2304,thermal,transport,3,2.9984548091888428
7184,candidate_011,fc4_flux;cr1000xe_backbone,1.2304,thermal,transport,3,2.7519798278808594
7184,candidate_011,fc4_flux;cr1000xe_backbone,1.2304,thermal,transport,3,2.4149107933044434
7184,candidate_011,fc4_flux;cr1000xe_backbone,1.2304,thermal,transport,3,2.0531039237976074
7184,candidate_011,fc4_flux;cr1000xe_backbone,1.2304,thermal,transport,3,1.792586326599121
7184,candidate_011,fc4_flux;cr1000xe_backbone,1.2304,thermal,transport,3,1.662871241569519
7184,candidate_011,fc4_flux;cr1000xe_backbone,1.2304,thermal,transport,3,1.4505102634429932
7184,candidate_011,fc4_flux;cr1000xe_backbone,1.2304,thermal,transport,3,1.3539115190505981
7184,candidate_011,fc4_flux;cr1000xe_backbone,1.2304,thermal,particle,3,1.2783617973327637
7184,candidate_011,fc4_flux;cr1000xe_backbone,1.2304,thermal,particle,3,1.2734105587005615
7184,candidate_011,fc4_flux;cr1000xe_backbone,1.2304,thermal,particle,3,1.3016420602798462
7184,candidate_011,fc4_flux;cr1000xe_backbone,1.2304,thermal,particle,3,1.040274977684021
7184,candidate_011,fc4_flux;cr1000xe_backbone,1.2304,thermal,particle,3,1.2006688117980957
7184,candidate_011,fc4_flux;cr1000xe_backbone,1.2304,thermal,particle,3,1.1657476425170898
7184,candidate_011,fc4_flux;cr1000xe_backbone,1.2304,thermal,particle,3,1.208927035331726
7184,candidate_011,fc4_flux;cr1000xe_backbone,1.2304,thermal,particle,3,1.1806408166885376
7184,candidate_011,fc4_flux;cr1000xe_backbone,1.2304,thermal,particle,3,1.3562018871307373
7184,candidate_011,fc4_flux;cr1000xe_backbone,1.2304,calm,particle,0,1.3309381008148193
7184,candidate_011,fc4_flux;cr1000xe_backbone,1.2304,calm,particle,0,1.155184030532837
7184,candidate_011,fc4_flux;cr1000xe_backbone,1.2304,calm,particle,0,1.0137745141983032
7184,candidate_011,fc4_flux;cr1000xe_backbone,1.2304,calm,particle,0,1.0231785774230957
7184,candidate_011,fc4_flux;cr1000xe_backbone,1.2304,calm,particle,0,1.0071041584014893
7184,candidate_011,fc4_flux;cr1000xe_backbone,1.2304,calm,particle,0,0.9194843769073486
7184,candidate_011,fc4_flux;cr1000xe_backbone,1.2304,calm,particle,0,0.844679057598114
7184,candidate_011,fc4_flux;cr1000xe_backbone,1.2304,calm,particle,0,0.9019114971160889
7184,candidate_011,fc4_flux;cr1000xe_backbone,1.2304,calm,particle,0,0.9081758260726929
7184,candidate_011,fc4_flux;cr1000xe_backbone,1.2304,calm,particle,0,0.8344832062721252
7184,candidate_011,fc4_flux;cr1000xe_backbone,1.2304,calm,particle,0,0.6824983358383179
7184,candidate_011,fc4_flux;cr1000xe_backbone,1.2304,calm,particle,0,0.6948719620704651
7184,candidate_011,fc4_flux;cr1000xe_backbone,1.2304,calm,particle,0,0.5707491040229797
7184,candidate_011,fc4_flux;cr1000xe_backbone,1.2304,calm,particle,0,0.5223133563995361
7184,candidate_011,fc4_flux;cr1000xe_backbone,1.2304,thermal,thermal,3,0.517377495765686
7184,candidate_011,fc4_flux;cr1000xe_backbone,1.2304,thermal,thermal,3,0.5142685770988464
7184,candidate_011,fc4_flux;cr1000xe_backbone,1.2304,thermal,thermal,3,0.5352930426597595
7184,candidate_011,fc4_flux;cr1000xe_backbone,1.2304,thermal,thermal,3,0.5256621837615967
7184,candidate_011,fc4_flux;cr1000xe_backbone,1.2304,thermal,thermal,3,0.5290785431861877
7184,candidate_011,fc4_flux;cr1000xe_backbone,1.2304,thermal,thermal,3,0.5110712647438049
7184,candidate_011,fc4_flux;cr1000xe_backbone,1.2304,thermal,thermal,3,0.4931890666484833
7184,candidate_011,fc4_flux;cr1000xe_backbone,1.2304,thermal,thermal,3,0.49823570251464844
7184,candidate_011,fc4_flux;cr1000xe_backbone,1.2304,thermal,thermal,3,0.4816531240940094
7184,candidate_011,fc4_flux;cr1000xe_backbone,1.2304,thermal,thermal,3,0.48066067695617676
7184,candidate_011,fc4_flux;cr1000xe_backbone,1.2304,thermal,thermal,3,0.5188481211662292
7184,candidate_011,fc4_flux;cr1000xe_backbone,1.2304,thermal,thermal,3,0.5375114679336548
7184,candidate_011,fc4_flux;cr1000xe_backbone,1.2304,thermal,thermal,3,0.543559730052948
7184,candidate_011,fc4_flux;cr1000xe_backbone,1.2304,thermal,thermal,3,0.48394665122032166
7184,candidate_011,fc4_flux;cr1000xe_backbone,1.2304,thermal,thermal,3,0.8258498311042786
7184,candidate_011,fc4_flux;cr1000xe_backbone,1.2304,thermal,thermal,3,1.0877481698989868
7184,candidate_011,fc4_flux;cr1000xe_backbone,1.2304,thermal,thermal,3,1.4276199340820312
7184,candidate_011,fc4_flux;cr1000xe_backbone,1.2304,thermal,thermal,3,1.7818338871002197
7184,candidate_011,fc4_flux;cr1000xe_backbone,1.2304,thermal,thermal,3,2.0802369117736816
7184,candidate_011,fc4_flux;cr1000xe_backbone,1.2304,thermal,thermal,3,2.4465079307556152
7184,candidate_011,fc4_flux;cr1000xe_backbone,1.2304,thermal,thermal,3,2.7651984691619873
7184,candidate_011,fc4_flux;cr1000xe_backbone,1.2304,thermal,thermal,3,3.0820374488830566
7184,candidate_011,fc4_flux;cr1000xe_backbone,1.2304,thermal,transport,3,3.1195614337921143
7184,candidate_011,fc4_flux;cr1000xe_backbone,1.2304,thermal,transport,3,3.153388500213623
7184,candidate_011,fc4_flux;cr1000xe_backbone,1.2304,thermal,transport,3,3.196607828140259
7184,candidate_011,fc4_flux;cr1000xe_backbone,1.2304,thermal,transport,3,3.2327213287353516
7184,candidate_011,fc4_flux;cr1000xe_backbone,1.2304,thermal,transport,3,3.347027540206909
7184,candidate_011,fc4_flux;cr1000xe_backbone,1.2304,thermal,transport,3,3.3391454219818115
7184,candidate_011,fc4_flux;cr1000xe_backbone,1.2304,thermal,transport,3,3.374269962310791
7184,candidate_011,fc4_flux;cr1000xe_backbone,1.2304,thermal,transport,3,3.302079677581787
7184,candidate_011,fc4_flux;cr1000xe_backbone,1.2304,thermal,transport,3,3.387561798095703
7184,candidate_011,fc4_flux;cr1000xe_backbone,1.2304,thermal,transport,3,3.373891830444336
7184,candidate_011,fc4_flux;cr1000xe_backbone,1.2304,thermal,transport,3,3.3971259593963623
7184,candidate_011,fc4_flux;cr1000xe_backbone,1.2304,thermal,transport,3,3.3499526977539062
7184,candidate_011,fc4_flux;cr1000xe_backbone,1.2304,thermal,transport,3,3.054269552230835
7184,candidate_011,fc4_flux;cr1000xe_backbone,1.2304,thermal,transport,3,2.7166502475738525
7184,candidate_011,fc4_flux;cr1000xe_backbone,1.2304,thermal,transport,3,2.4172613620758057
7184,candidate_011,fc4_flux;cr1000xe_backbone,1.2304,thermal,transport,3,2.088555335998535
7184,candidate_011,fc4_flux;cr1000xe_backbone,1.2304,thermal,transport,3,1.870729923248291
7184,candidate_011,fc4_flux;cr1000xe_backbone,1.2304,thermal,transport,3,1.6556681394577026
7184,candidate_011,fc4_flux;cr1000xe_backbone,1.2304,thermal,transport,3,1.449485182762146
7184,candidate_011,fc4_flux;cr1000xe_backbone,1.2304,thermal,transport,3,1.475587248802185
7184,candidate_011,fc4_flux;cr1000xe_backbone,1.2304,thermal,particle,3,1.4044790267944336
7184,candidate_011,fc4_flux;cr1000xe_backbone,1.2304,thermal,particle,3,0.9967229962348938
7184,candidate_011,fc4_flux;cr1000xe_backbone,1.2304,thermal,particle,3,1.1421290636062622
7184,candidate_011,fc4_flux;cr1000xe_backbone,1.2304,thermal,particle,3,0.8774797916412354
7184,candidate_011,fc4_flux;cr1000xe_backbone,1.2304,thermal,particle,3,0.8000736236572266
7184,candidate_011,fc4_flux;cr1000xe_backbone,1.2304,thermal,particle,3,0.9002036452293396
7184,candidate_011,fc4_flux;cr1000xe_backbone,1.2304,thermal,particle,3,0.9277545809745789
7184,candidate_011,fc4_flux;cr1000xe_backbone,1.2304,thermal,particle,3,0.9463372826576233
7184,candidate_012,met_station_core;fc4_flux;cr1000xe_backbone,1.9504,calm,particle,0,0.6632066965103149
7184,candidate_012,met_station_core;fc4_flux;cr1000xe_backbone,1.9504,calm,particle,0,0.5554018616676331
7184,candidate_012,met_station_core;fc4_flux;cr1000xe_backbone,1.9504,calm,particle,0,0.532206118106842
7184,candidate_012,met_station_core;fc4_flux;cr1000xe_backbone,1.9504,calm,particle,0,0.5357173085212708
7184,candidate_012,met_station_core;fc4_flux;cr1000xe_backbone,1.9504,calm,particle,0,0.545528769493103
7184,candidate_012,met_station_core;fc4_flux;cr1000xe_backbone,1.9504,calm,particle,0,0.4718888998031616
7184,candidate_012,met_station_core;fc4_flux;cr1000xe_backbone,1.9504,calm,particle,0,0.366010457277298
7184,candidate_012,met_station_core;fc4_flux;cr1000xe_backbone,1.9504,calm,particle,0,0.36175182461738586
7184,candidate_012,met_station_core;fc4_flux;cr1000xe_backbone,1.9504,calm,particle,0,0.30180925130844116
7184,candidate_012,met_station_core;fc4_flux;cr1000xe_backbone,1.9504,calm,particle,0,0.3306225836277008
7184,candidate_012,met_station_core;fc4_flux;cr1000xe_backbone,1.9504,calm,particle,0,0.2810620963573456
7184,candidate_012,met_station_core;fc4_flux;cr1000xe_backbone,1.9504,calm,particle,0,0.34613457322120667
7184,candidate_012,met_station_core;fc4_flux;cr1000xe_backbone,1.9504,calm,particle,0,0.29843777418136597
7184,candidate_012,met_station_core;fc4_flux;cr1000xe_backbone,1.9504,calm,particle,0,0.22933410108089447
7184,candidate_012,met_station_core;fc4_flux;cr1000xe_backbone,1.9504,calm,particle,0,0.2144206464290619
7184,candidate_012,met_station_core;fc4_flux;cr1000xe_backbone,1.9504,calm,particle,0,0.2094803750514984
7184,candidate_012,met_station_core;fc4_flux;cr1000xe_backbone,1.9504,calm,particle,0,0.23315833508968353
7184,candidate_012,met_station_core;fc4_flux;cr1000xe_backbone,1.9504,calm,particle,0,0.24621960520744324
7184,candidate_012,met_station_core;fc4_flux;cr1000xe_backbone,1.9504,calm,particle,0,0.27472904324531555
7184,candidate_012,met_station_core;fc4_flux;cr1000xe_backbone,1.9504,calm,particle,0,0.2995600700378418
7184,candidate_012,met_station_core;fc4_flux;cr1000xe_backbone,1.9504,calm,particle,0,0.41690507531166077
7184,candidate_012,met_station_core;fc4_flux;cr1000xe_backbone,1.9504,calm,thermal,0,0.43482303619384766
7184,candidate_012,met_station_core;fc4_flux;cr1000xe_backbone,1.9504,calm,thermal,0,0.43351927399635315
7184,candidate_012,met_station_core;fc4_flux;cr1000xe_backbone,1.9504,calm,thermal,0,0.45530396699905396
7184,candidate_012,met_station_core;fc4_flux;cr1000xe_backbone,1.9504,calm,thermal,0,0.4835766553878784
7184,candidate_012,met_station_core;fc4_flux;cr1000xe_backbone,1.9504,calm,thermal,0,0.4702863395214081
7184,candidate_012,met_station_core;fc4_flux;cr1000xe_backbone,1.9504,calm,thermal,0,0.4853842556476593
7184,candidate_012,met_station_core;fc4_flux;cr1000xe_backbone,1.9504,calm,thermal,0,0.44171154499053955
7184,candidate_012,met_station_core;fc4_flux;cr1000xe_backbone,1.9504,calm,thermal,0,0.3944184184074402
7184,candidate_012,met_station_core;fc4_flux;cr1000xe_backbone,1.9504,calm,thermal,0,0.38068434596061707
7184,candidate_012,met_station_core;fc4_flux;cr1000xe_backbone,1.9504,calm,thermal,0,0.3513390123844147
7184,candidate_012,met_station_core;fc4_flux;cr1000xe_backbone,1.9504,calm,thermal,0,0.3030030429363251
7184,candidate_012,met_station_core;fc4_flux;cr1000xe_backbone,1.9504,calm,thermal,0,0.3181988596916199
7184,candidate_012,met_station_core;fc4_flux;cr1000xe_backbone,1.9504,calm,thermal,0,0.3220348358154297
7184,candidate_012,met_station_core;fc4_flux;cr1000xe_backbone,1.9504,calm,thermal,0,0.30508744716644287
7184,candidate_012,met_station_core;fc4_flux;cr1000xe_backbone,1.9504,calm,thermal,0,0.30141469836235046
7184,candidate_012,met_station_core;fc4_flux;cr1000xe_backbone,1.9504,calm,thermal,0,0.3195975124835968
7184,candidate_012,met_station_core;fc4_flux;cr1000xe_backbone,1.9504,calm,thermal,0,0.3205184042453766
7184,candidate_012,met_station_core;fc4_flux;cr1000xe_backbone,1.9504,calm,thermal,0,0.3607500195503235
7184,candidate_012,met_station_core;fc4_flux;cr1000xe_backbone,1.9504,calm,thermal,0,0.3344746530056
7184,candidate_012,met_station_core;fc4_flux;cr1000xe_backbone,1.9504,calm,thermal,0,0.3010772168636322
7184,candidate_012,met_station_core;fc4_flux;cr1000xe_backbone,1.9504,calm,thermal,0,0.31874141097068787
7184,candidate_012,met_station_core;fc4_flux;cr1000xe_backbone,1.9504,calm,thermal,0,0.28701847791671753
7184,candidate_012,met_station_core;fc4_flux;cr1000xe_backbone,1.9504,calm,thermal,0,0.3193362057209015
7184,candidate_012,met_station_core;fc4_flux;cr1000xe_backbone,1.9504,calm,thermal,0,0.3490317761898041
7184,candidate_012,met_station_core;fc4_flux;cr1000xe_backbone,1.9504,calm,thermal,0,0.3782840073108673
7184,candidate_012,met_station_core;fc4_flux;cr1000xe_backbone,1.9504,calm,thermal,0,0.41234514117240906
7184,candidate_012,met_station_core;fc4_flux;cr1000xe_backbone,1.9504,calm,thermal,0,0.4275541305541992
7184,candidate_012,met_station_core;fc4_flux;cr1000xe_backbone,1.9504,calm,thermal,0,0.42572519183158875
7184,candidate_012,met_station_core;fc4_flux;cr1000xe_backbone,1.9504,calm,thermal,0,0.44907093048095703
7184,candidate_012,met_station_core;fc4_flux;cr1000xe_backbone,1.9504,calm,thermal,0,0.45025885105133057
7184,candidate_012,met_station_core;fc4_flux;cr1000xe_backbone,1.9504,calm,thermal,0,0.41104233264923096
7184,candidate_012,met_station_core;fc4_flux;cr1000xe_backbone,1.9504,calm,thermal,0,0.35972151160240173
7184,candidate_012,met_station_core;fc4_flux;cr1000xe_backbone,1.9504,calm,thermal,0,0.38954854011535645
7184,candidate_012,met_station_core;fc4_flux;cr1000xe_backbone,1.9504,calm,transport,0,0.35161447525024414
7184,candidate_012,met_station_core;fc4_flux;cr1000xe_backbone,1.9504,calm,transport,0,0.3023371398448944
7184,candidate_012,met_station_core;fc4_flux;cr1000xe_backbone,1.9504,calm,transport,0,0.2602553069591522
7184,candidate_012,met_station_core;fc4_flux;cr1000xe_backbone,1.9504,calm,transport,0,0.3022068738937378
7184,candidate_012,met_station_core;fc4_flux;cr1000xe_backbone,1.9504,calm,transport,0,0.285177618265152
7184,candidate_012,met_station_core;fc4_flux;cr1000xe_backbone,1.9504,calm,transport,0,0.28351491689682007
7184,candidate_012,met_station_core;fc4_flux;cr1000xe_backbone,1.9504,calm,transport,0,0.3776845335960388
7184,candidate_012,met_station_core;fc4_flux;cr1000xe_backbone,1.9504,calm,transport,0,0.3877154290676117
7184,candidate_012,met_station_core;fc4_flux;cr1000xe_backbone,1.9504,calm,transport,0,0.28786030411720276
7184,candidate_012,met_station_core;fc4_flux;cr1000xe_backbone,1.9504,calm,transport,0,0.3167553246021271
7184,candidate_012,met_station_core;fc4_flux;cr1000xe_backbone,1.9504,calm,transport,0,0.36409270763397217
7184,candidate_012,met_station_core;fc4_flux;cr1000xe_backbone,1.9504,calm,transport,0,0.34141242504119873
7184,candidate_012,met_station_core;fc4_flux;cr1000xe_backbone,1.9504,calm,transport,0,0.28697896003723145
7184,candidate_012,met_station_core;fc4_flux;cr1000xe_backbone,1.9504,calm,transport,0,0.35494574904441833
7184,candidate_012,met_station_core;fc4_flux;cr1000xe_backbone,1.9504,calm,transport,0,0.43026840686798096
7184,candidate_012,met_station_core;fc4_flux;cr1000xe_backbone,1.9504,calm,transport,0,0.4492015242576599
7184,candidate_012,met_station_core;fc4_flux;cr1000xe_backbone,1.9504,calm,transport,0,0.5095891356468201
7184,candidate_012,met_station_core;fc4_flux;cr1000xe_backbone,1.9504,calm,transport,0,0.5569486021995544
7184,candidate_012,met_station_core;fc4_flux;cr1000xe_backbone,1.9504,calm,transport,0,0.5483801960945129
7184,candidate_012,met_station_core;fc4_flux;cr1000xe_backbone,1.9504,calm,transport,0,0.5193222761154175
7184,candidate_012,met_station_core;fc4_flux;cr1000xe_backbone,1.9504,calm,transport,0,0.41631588339805603
7184,candidate_012,met_station_core;fc4_flux;cr1000xe_backbone,1.9504,calm,transport,0,0.4468693435192108
7184,candidate_012,met_station_core;fc4_flux;cr1000xe_backbone,1.9504,calm,transport,0,0.3847202658653259
7184,candidate_012,met_station_core;fc4_flux;cr1000xe_backbone,1.9504,calm,transport,0,0.3821077048778534
7184,candidate_012,met_station_core;fc4_flux;cr1000xe_backbone,1.9504,calm,transport,0,0.37260007858276367
7184,candidate_012,met_station_core;fc4_flux;cr1000xe_backbone,1.9504,calm,transport,0,0.3432902991771698
7184,candidate_012,met_station_core;fc4_flux;cr1000xe_backbone,1.9504,calm,transport,0,0.332836389541626
7184,candidate_012,met_station_core;fc4_flux;cr1000xe_backbone,1.9504,calm,transport,0,0.31970852613449097
7184,candidate_012,met_station_core;fc4_flux;cr1000xe_backbone,1.9504,calm,transport,0,0.2928331792354584
7184,candidate_012,met_station_core;fc4_flux;cr1000xe_backbone,1.9504,calm,transport,0,0.3229139447212219
7184,candidate_012,met_station_core;fc4_flux;cr1000xe_backbone,1.9504,calm,transport,0,0.300825297832489
7184,candidate_012,met_station_core;fc4_flux;cr1000xe_backbone,1.9504,calm,transport,0,0.31758567690849304
7184,candidate_012,met_station_core;fc4_flux;cr1000xe_backbone,1.9504,calm,transport,0,0.31911715865135193
7184,candidate_012,met_station_core;fc4_flux;cr1000xe_backbone,1.9504,calm,transport,0,0.347857266664505
7184,candidate_012,met_station_core;fc4_flux;cr1000xe_backbone,1.9504,calm,transport,0,0.330363392829895
7184,candidate_012,met_station_core;fc4_flux;cr1000xe_backbone,1.9504,calm,transport,0,0.320270836353302
7184,candidate_012,met_station_core;fc4_flux;cr1000xe_backbone,1.9504,calm,particle,0,0.31685835123062134
7184,candidate_012,met_station_core;fc4_flux;cr1000xe_backbone,1.9504,calm,particle,0,0.32359883189201355
7184,candidate_012,met_station_core;fc4_flux;cr1000xe_backbone,1.9504,calm,particle,0,0.3206973373889923
7184,candidate_012,met_station_core;fc4_flux;cr1000xe_backbone,1.9504,calm,particle,0,0.3594101667404175
7184,candidate_012,met_station_core;fc4_flux;cr1000xe_backbone,1.9504,calm,particle,0,0.37540245056152344
7184,candidate_012,met_station_core;fc4_flux;cr1000xe_backbone,1.9504,calm,particle,0,0.3884335458278656
7184,candidate_012,met_station_core;fc4_flux;cr1000xe_backbone,1.9504,calm,particle,0,0.41576024889945984
7184,candidate_012,met_station_core;fc4_flux;cr1000xe_backbone,1.9504,calm,particle,0,0.45473676919937134
7184,candidate_012,met_station_core;fc4_flux;cr1000xe_backbone,1.9504,calm,particle,0,0.43517884612083435
7184,candidate_012,met_station_core;fc4_flux;cr1000xe_backbone,1.9504,calm,particle,0,0.4160679578781128
7184,candidate_012,met_station_core;fc4_flux;cr1000xe_backbone,1.9504,calm,particle,0,0.3769921660423279
7184,candidate_012,met_station_core;fc4_flux;cr1000xe_backbone,1.9504,calm,particle,0,0.3362671136856079
7184,candidate_012,met_station_core;fc4_flux;cr1000xe_backbone,1.9504,calm,particle,0,0.3233167827129364
7184,candidate_012,met_station_core;fc4_flux;cr1000xe_backbone,1.9504,calm,particle,0,0.33873021602630615
7184,candidate_012,met_station_core;fc4_flux;cr1000xe_backbone,1.9504,calm,particle,0,0.3471096158027649
7184,candidate_012,met_station_core;fc4_flux;cr1000xe_backbone,1.9504,calm,particle,0,0.35890963673591614
7184,candidate_012,met_station_core;fc4_flux;cr1000xe_backbone,1.9504,calm,particle,0,0.3256089687347412
7184,candidate_012,met_station_core;fc4_flux;cr1000xe_backbone,1.9504,calm,particle,0,0.3297897279262543
7184,candidate_012,met_station_core;fc4_flux;cr1000xe_backbone,1.9504,calm,particle,0,0.3136688470840454
7184,candidate_012,met_station_core;fc4_flux;cr1000xe_backbone,1.9504,calm,particle,0,0.3050375282764435
7184,candidate_012,met_station_core;fc4_flux;cr1000xe_backbone,1.9504,calm,particle,0,0.2888958752155304
7184,candidate_012,met_station_core;fc4_flux;cr1000xe_backbone,1.9504,calm,particle,0,0.27514058351516724
7184,candidate_012,met_station_core;fc4_flux;cr1000xe_backbone,1.9504,calm,particle,0,0.26463860273361206
7184,candidate_012,met_station_core;fc4_flux;cr1000xe_backbone,1.9504,calm,particle,0,0.2600155472755432
7184,candidate_012,met_station_core;fc4_flux;cr1000xe_backbone,1.9504,calm,particle,0,0.31816229224205017
7184,candidate_012,met_station_core;fc4_flux;cr1000xe_backbone,1.9504,calm,particle,0,0.3014644980430603
7184,candidate_012,met_station_core;fc4_flux;cr1000xe_backbone,1.9504,calm,particle,0,0.34763094782829285
7184,candidate_012,met_station_core;fc4_flux;cr1000xe_backbone,1.9504,calm,particle,0,0.3779083788394928
7184,candidate_012,met_station_core;fc4_flux;cr1000xe_backbone,1.9504,calm,particle,0,0.37333574891090393
7184,candidate_012,met_station_core;fc4_flux;cr1000xe_backbone,1.9504,calm,particle,0,0.38508182764053345
7184,candidate_012,met_station_core;fc4_flux;cr1000xe_backbone,1.9504,calm,particle,0,0.43944013118743896
7184,candidate_012,met_station_core;fc4_flux;cr1000xe_backbone,1.9504,calm,particle,0,0.4391154944896698
7184,candidate_012,met_station_core;fc4_flux;cr1000xe_backbone,1.9504,calm,particle,0,0.42193061113357544
7184,candidate_012,met_station_core;fc4_flux;cr1000xe_backbone,1.9504,calm,particle,0,0.38415512442588806
7184,candidate_012,met_station_core;fc4_flux;cr1000xe_backbone,1.9504,calm,thermal,0,0.4043964445590973
7184,candidate_012,met_station_core;fc4_flux;cr1000xe_backbone,1.9504,calm,thermal,0,0.3592071235179901
7184,candidate_012,met_station_core;fc4_flux;cr1000xe_backbone,1.9504,calm,thermal,0,0.3325555622577667
7184,candidate_012,met_station_core;fc4_flux;cr1000xe_backbone,1.9504,calm,thermal,0,0.31795868277549744
7184,candidate_012,met_station_core;fc4_flux;cr1000xe_backbone,1.9504,calm,thermal,0,0.29001036286354065
7184,candidate_012,met_station_core;fc4_flux;cr1000xe_backbone,1.9504,calm,thermal,0,0.2825963497161865
7184,candidate_012,met_station_core;fc4_flux;cr1000xe_backbone,1.9504,calm,thermal,0,0.28419411182403564
7184,candidate_012,met_station_core;fc4_flux;cr1000xe_backbone,1.9504,calm,thermal,0,0.2833372950553894
7184,candidate_012,met_station_core;fc4_flux;cr1000xe_backbone,1.9504,calm,thermal,0,0.2766052186489105
7184,candidate_012,met_station_core;fc4_flux;cr1000xe_backbone,1.9504,calm,thermal,0,0.30303776264190674
7184,candidate_012,met_station_core;fc4_flux;cr1000xe_backbone,1.9504,calm,thermal,0,0.30307140946388245
7184,candidate_012,met_station_core;fc4_flux;cr1000xe_backbone,1.9504,calm,thermal,0,0.29324665665626526
7184,candidate_012,met_station_core;fc4_flux;cr1000xe_backbone,1.9504,calm,thermal,0,0.2888200283050537
7184,candidate_012,met_station_core;fc4_flux;cr1000xe_backbone,1.9504,calm,thermal,0,0.3074621558189392
7184,candidate_012,met_station_core;fc4_flux;cr1000xe_backbone,1.9504,calm,thermal,0,0.30021825432777405
7184,candidate_012,met_station_core;fc4_flux;cr1000xe_backbone,1.9504,calm,thermal,0,0.30844762921333313
7184,candidate_012,met_station_core;fc4_flux;cr1000xe_backbone,1.9504,calm,thermal,0,0.3168213367462158
7184,candidate_012,met_station_core;fc4_flux;cr1000xe_backbone,1.9504,calm,thermal,0,0.35410502552986145
7184,candidate_012,met_station_core;fc4_flux;cr1000xe_backbone,1.9504,calm,thermal,0,0.4198305308818817
7184,candidate_012,met_station_core;fc4_flux;cr1000xe_backbone,1.9504,calm,thermal,0,0.4009862244129181
7184,candidate_012,met_station_core;fc4_flux;cr1000xe_backbone,1.9504,calm,thermal,0,0.49750861525535583
7184,candidate_012,met_station_core;fc4_flux;cr1000xe_backbone,1.9504,calm,thermal,0,0.484112024307251
7184,candidate_012,met_station_core;fc4_flux;cr1000xe_backbone,1.9504,calm,thermal,0,0.40022021532058716
7184,candidate_012,met_station_core;fc4_flux;cr1000xe_backbone,1.9504,calm,thermal,0,0.370292991399765
7184,candidate_012,met_station_core;fc4_flux;cr1000xe_backbone,1.9504,calm,thermal,0,0.3442605435848236
7184,candidate_012,met_station_core;fc4_flux;cr1000xe_backbone,1.9504,calm,thermal,0,0.3280806541442871
7184,candidate_012,met_station_core;fc4_flux;cr1000xe_backbone,1.9504,calm,transport,0,0.31398245692253113
7184,candidate_012,met_station_core;fc4_flux;cr1000xe_backbone,1.9504,calm,transport,0,0.32127392292022705
7184,candidate_012,met_station_core;fc4_flux;cr1000xe_backbone,1.9504,calm,transport,0,0.3031257390975952
7184,candidate_012,met_station_core;fc4_flux;cr1000xe_backbone,1.9504,calm,transport,0,0.2774696350097656
7184,candidate_012,met_station_core;fc4_flux;cr1000xe_backbone,1.9504,calm,transport,0,0.29917463660240173
7184,candidate_012,met_station_core;fc4_flux;cr1000xe_backbone,1.9504,calm,transport,0,0.33902299404144287
7184,candidate_012,met_station_core;fc4_flux;cr1000xe_backbone,1.9504,calm,transport,0,0.3381868898868561
7184,candidate_012,met_station_core;fc4_flux;cr1000xe_backbone,1.9504,calm,transport,0,0.3823886215686798
7184,candidate_012,met_station_core;fc4_flux;cr1000xe_backbone,1.9504,calm,transport,0,0.3759419023990631
7184,candidate_012,met_station_core;fc4_flux;cr1000xe_backbone,1.9504,calm,transport,0,0.36978721618652344
7184,candidate_012,met_station_core;fc4_flux;cr1000xe_backbone,1.9504,calm,transport,0,0.38895469903945923
7184,candidate_012,met_station_core;fc4_flux;cr1000xe_backbone,1.9504,calm,transport,0,0.3850609064102173
7184,candidate_012,met_station_core;fc4_flux;cr1000xe_backbone,1.9504,calm,transport,0,0.35977163910865784
7184,candidate_012,met_station_core;fc4_flux;cr1000xe_backbone,1.9504,calm,transport,0,0.37298163771629333
7184,candidate_012,met_station_core;fc4_flux;cr1000xe_backbone,1.9504,calm,transport,0,0.39560768008232117
7184,candidate_012,met_station_core;fc4_flux;cr1000xe_backbone,1.9504,calm,transport,0,0.4558982849121094
7184,candidate_012,met_station_core;fc4_flux;cr1000xe_backbone,1.9504,calm,transport,0,0.4882396459579468
7184,candidate_012,met_station_core;fc4_flux;cr1000xe_backbone,1.9504,calm,transport,0,0.520884096622467
7184,candidate_012,met_station_core;fc4_flux;cr1000xe_backbone,1.9504,calm,transport,0,0.5165550708770752
7184,candidate_012,met_station_core;fc4_flux;cr1000xe_backbone,1.9504,calm,transport,0,0.5247375965118408
7184,candidate_012,met_station_core;fc4_flux;cr1000xe_backbone,1.9504,calm,transport,0,0.5069569945335388
7184,candidate_012,met_station_core;fc4_flux;cr1000xe_backbone,1.9504,calm,transport,0,0.4695841670036316
7184,candidate_012,met_station_core;fc4_flux;cr1000xe_backbone,1.9504,calm,transport,0,0.41737765073776245
7184,candidate_012,met_station_core;fc4_flux;cr1000xe_backbone,1.9504,calm,transport,0,0.3996637761592865
7184,candidate_012,met_station_core;fc4_flux;cr1000xe_backbone,1.9504,calm,transport,0,0.4052850604057312
7184,candidate_012,met_station_core;fc4_flux;cr1000xe_backbone,1.9504,calm,particle,0,0.3539014756679535
7184,candidate_012,met_station_core;fc4_flux;cr1000xe_backbone,1.9504,calm,particle,0,0.35376811027526855
7184,candidate_012,met_station_core;fc4_flux;cr1000xe_backbone,1.9504,calm,particle,0,0.315255731344223
7184,candidate_012,met_station_core;fc4_flux;cr1000xe_backbone,1.9504,calm,particle,0,0.33904653787612915
7184,candidate_012,met_station_core;fc4_flux;cr1000xe_backbone,1.9504,calm,particle,0,0.3397054970264435
7184,candidate_012,met_station_core;fc4_flux;cr1000xe_backbone,1.9504,calm,particle,0,0.36140328645706177
7184,candidate_012,met_station_core;fc4_flux;cr1000xe_backbone,1.9504,calm,particle,0,0.38673001527786255
7184,candidate_012,met_station_core;fc4_flux;cr1000xe_backbone,1.9504,calm,particle,0,0.35325074195861816
7184,candidate_012,met_station_core;fc4_flux;cr1000xe_backbone,1.9504,calm,particle,0,0.43303921818733215
7184,candidate_012,met_station_core;fc4_flux;cr1000xe_backbone,1.9504,calm,particle,0,0.4677755832672119
7184,candidate_012,met_station_core;fc4_flux;cr1000xe_backbone,1.9504,calm,particle,0,0.5585070848464966
7184,candidate_012,met_station_core;fc4_flux;cr1000xe_backbone,1.9504,calm,particle,0,0.5736522674560547
7184,candidate_012,met_station_core;fc4_flux;cr1000xe_backbone,1.9504,calm,particle,0,0.5259110331535339
7184,candidate_012,met_station_core;fc4_flux;cr1000xe_backbone,1.9504,calm,particle,0,0.4741142690181732
7184,candidate_012,met_station_core;fc4_flux;cr1000xe_backbone,1.9504,calm,particle,0,0.4684463143348694
7184,candidate_012,met_station_core;fc4_flux;cr1000xe_backbone,1.9504,calm,particle,0,0.5311170220375061
7184,candidate_012,met_station_core;fc4_flux;cr1000xe_backbone,1.9504,calm,particle,0,0.5773427486419678
7184,candidate_012,met_station_core;fc4_flux;cr1000xe_backbone,1.9504,calm,particle,0,0.6387354135513306
7184,candidate_012,met_station_core;fc4_flux;cr1000xe_backbone,1.9504,calm,particle,0,0.6995347738265991
7184,candidate_012,met_station_core;fc4_flux;cr1000xe_backbone,1.9504,calm,particle,0,0.6913141012191772
7184,candidate_012,met_station_core;fc4_flux;cr1000xe_backbone,1.9504,calm,particle,0,0.7396028637886047
7184,candidate_012,met_station_core;fc4_flux;cr1000xe_backbone,1.9504,calm,particle,0,0.7601310610771179
7184,candidate_012,met_station_core;fc4_flux;cr1000xe_backbone,1.9504,calm,particle,0,0.7352439761161804
7184,candidate_012,met_station_core;fc4_flux;cr1000xe_backbone,1.9504,calm,particle,0,0.7065560817718506
7184,candidate_012,met_station_core;fc4_flux;cr1000xe_backbone,1.9504,calm,particle,0,0.6138411164283752
7184,candidate_012,met_station_core;fc4_flux;cr1000xe_backbone,1.9504,calm,particle,0,0.5024139285087585
7184,candidate_012,met_station_core;fc4_flux;cr1000xe_backbone,1.9504,calm,particle,0,0.5197407603263855
7184,candidate_012,met_station_core;fc4_flux;cr1000xe_backbone,1.9504,calm,particle,0,0.5932732820510864
7184,candidate_012,met_station_core;fc4_flux;cr1000xe_backbone,1.9504,calm,particle,0,0.6391286849975586
7184,candidate_012,met_station_core;fc4_flux;cr1000xe_backbone,1.9504,calm,particle,0,0.8462117910385132
7184,candidate_012,met_station_core;fc4_flux;cr1000xe_backbone,1.9504,calm,particle,0,0.863898754119873
7184,candidate_012,met_station_core;fc4_flux;cr1000xe_backbone,1.9504,calm,particle,0,0.9146477580070496
7184,candidate_012,met_station_core;fc4_flux;cr1000xe_backbone,1.9504,calm,thermal,0,0.8961288928985596
7184,candidate_012,met_station_core;fc4_flux;cr1000xe_backbone,1.9504,calm,thermal,0,0.9812920093536377
7184,candidate_012,met_station_core;fc4_flux;cr1000xe_backbone,1.9504,calm,thermal,0,0.9087487459182739
7184,candidate_012,met_station_core;fc4_flux;cr1000xe_backbone,1.9504,calm,thermal,0,0.9382214546203613
7184,candidate_012,met_station_core;fc4_flux;cr1000xe_backbone,1.9504,calm,thermal,0,0.6917550563812256
7184,candidate_012,met_station_core;fc4_flux;cr1000xe_backbone,1.9504,calm,thermal,0,0.8513457179069519
7184,candidate_012,met_station_core;fc4_flux;cr1000xe_backbone,1.9504,calm,thermal,0,0.7938573956489563
7184,candidate_012,met_station_core;fc4_flux;cr1000xe_backbone,1.9504,calm,thermal,0,0.9169974327087402
7184,candidate_012,met_station_core;fc4_flux;cr1000xe_backbone,1.9504,calm,thermal,0,0.9278005361557007
7184,candidate_012,met_station_core;fc4_flux;cr1000xe_backbone,1.9504,calm,thermal,0,0.9824187159538269
7184,candidate_012,met_station_core;fc4_flux;cr1000xe_backbone,1.9504,calm,thermal,0,0.9734835624694824
7184,candidate_012,met_station_core;fc4_flux;cr1000xe_backbone,1.9504,calm,thermal,0,0.9407743811607361
7184,candidate_012,met_station_core;fc4_flux;cr1000xe_backbone,1.9504,calm,thermal,0,0.9128866791725159
7184,candidate_012,met_station_core;fc4_flux;cr1000xe_backbone,1.9504,calm,thermal,0,0.8368734121322632
7184,candidate_012,met_station_core;fc4_flux;cr1000xe_backbone,1.9504,calm,thermal,0,0.798926055431366
7184,candidate_012,met_station_core;fc4_flux;cr1000xe_backbone,1.9504,calm,thermal,0,0.7476093173027039
7184,candidate_012,met_station_core;fc4_flux;cr1000xe_backbone,1.9504,calm,thermal,0,0.7359474301338196
7184,candidate_012,met_station_core;fc4_flux;cr1000xe_backbone,1.9504,calm,thermal,0,0.6903039216995239
7184,candidate_012,met_station_core;fc4_flux;cr1000xe_backbone,1.9504,calm,thermal,0,0.7380887269973755
7184,candidate_012,met_station_core;fc4_flux;cr1000xe_backbone,1.9504,calm,thermal,0,0.7032949328422546
7184,candidate_012,met_station_core;fc4_flux;cr1000xe_backbone,1.9504,calm,thermal,0,0.6971225738525391
7184,candidate_012,met_station_core;fc4_flux;cr1000xe_backbone,1.9504,calm,transport,0,0.7322313785552979
7184,candidate_012,met_station_core;fc4_flux;cr1000xe_backbone,1.9504,calm,transport,0,0.7055804133415222
7184,candidate_012,met_station_core;fc4_flux;cr1000xe_backbone,1.9504,calm,transport,0,0.8144851326942444
7184,candidate_012,met_station_core;fc4_flux;cr1000xe_backbone,1.9504,calm,transport,0,0.7393280267715454
7184,candidate_012,met_station_core;fc4_flux;cr1000xe_backbone,1.9504,calm,transport,0,0.7520883679389954
7184,candidate_012,met_station_core;fc4_flux;cr1000xe_backbone,1.9504,calm,transport,0,0.6035408973693848
7184,candidate_012,met_station_core;fc4_flux;cr1000xe_backbone,1.9504,calm,transport,0,0.7424668669700623
7184,candidate_012,met_station_core;fc4_flux;cr1000xe_backbone,1.9504,calm,transport,0,0.6389376521110535
7184,candidate_012,met_station_core;fc4_flux;cr1000xe_backbone,1.9504,calm,transport,0,0.5866596102714539
7184,candidate_012,met_station_core;fc4_flux;cr1000xe_backbone,1.9504,calm,transport,0,0.5860354900360107
7184,candidate_012,met_station_core;fc4_flux;cr1000xe_backbone,1.9504,calm,transport,0,0.5761871337890625
7184,candidate_012,met_station_core;fc4_flux;cr1000xe_backbone,1.9504,calm,transport,0,0.5900629758834839
7184,candidate_012,met_station_core;fc4_flux;cr1000xe_backbone,1.9504,calm,transport,0,0.6165079474449158
7184,candidate_012,met_station_core;fc4_flux;cr1000xe_backbone,1.9504,calm,transport,0,0.7142188549041748
7184,candidate_012,met_station_core;fc4_flux;cr1000xe_backbone,1.9504,calm,transport,0,0.7179021239280701
7184,candidate_012,met_station_core;fc4_flux;cr1000xe_backbone,1.9504,calm,transport,0,0.8112749457359314
7184,candidate_012,met_station_core;fc4_flux;cr1000xe_backbone,1.9504,calm,transport,0,0.7796130776405334
7184,candidate_012,met_station_core;fc4_flux;cr1000xe_backbone,1.9504,calm,transport,0,0.8797076940536499
7184,candidate_012,met_station_core;fc4_flux;cr1000xe_backbone,1.9504,calm,transport,0,0.7471663951873779
7184,candidate_012,met_station_core;fc4_flux;cr1000xe_backbone,1.9504,calm,transport,0,0.7830658555030823
7184,candidate_012,met_station_core;fc4_flux;cr1000xe_backbone,1.9504,calm,transport,0,0.5565007328987122
7184,candidate_012,met_station_core;fc4_flux;cr1000xe_backbone,1.9504,calm,transport,0,0.49910300970077515
7184,candidate_012,met_station_core;fc4_flux;cr1000xe_backbone,1.9504,calm,transport,0,0.34029412269592285
7184,candidate_012,met_station_core;fc4_flux;cr1000xe_backbone,1.9504,calm,transport,0,0.39269015192985535
7184,candidate_012,met_station_core;fc4_flux;cr1000xe_backbone,1.9504,calm,transport,0,0.3864010274410248
7184,candidate_012,met_station_core;fc4_flux;cr1000xe_backbone,1.9504,calm,transport,0,0.4343145787715912
7184,candidate_012,met_station_core;fc4_flux;cr1000xe_backbone,1.9504,calm,transport,0,0.4919319152832031
7184,candidate_012,met_station_core;fc4_flux;cr1000xe_backbone,1.9504,calm,transport,0,0.48670679330825806
7184,candidate_012,met_station_core;fc4_flux;cr1000xe_backbone,1.9504,calm,thermal,0,0.38468584418296814
7184,candidate_012,met_station_core;fc4_flux;cr1000xe_backbone,1.9504,calm,thermal,0,0.32392171025276184
7184,candidate_012,met_station_core;fc4_flux;cr1000xe_backbone,1.9504,particle,thermal,1,0.3889693021774292
7184,candidate_012,met_station_core;fc4_flux;cr1000xe_backbone,1.9504,particle,thermal,1,0.38131675124168396
7184,candidate_012,met_station_core;fc4_flux;cr1000xe_backbone,1.9504,particle,thermal,1,0.3604380190372467
7184,candidate_012,met_station_core;fc4_flux;cr1000xe_backbone,1.9504,particle,thermal,1,0.43937787413597107
7184,candidate_012,met_station_core;fc4_flux;cr1000xe_backbone,1.9504,particle,thermal,1,0.8415952920913696
7184,candidate_012,met_station_core;fc4_flux;cr1000xe_backbone,1.9504,particle,thermal,1,1.1998488903045654
7184,candidate_012,met_station_core;fc4_flux;cr1000xe_backbone,1.9504,particle,thermal,1,1.756798267364502
7184,candidate_012,met_station_core;fc4_flux;cr1000xe_backbone,1.9504,particle,thermal,1,1.8947937488555908
7184,candidate_012,met_station_core;fc4_flux;cr1000xe_backbone,1.9504,particle,thermal,1,2.1199886798858643
7184,candidate_012,met_station_core;fc4_flux;cr1000xe_backbone,1.9504,particle,thermal,1,2.314683675765991
7184,candidate_012,met_station_core;fc4_flux;cr1000xe_backbone,1.9504,particle,thermal,1,2.622262954711914
7184,candidate_012,met_station_core;fc4_flux;cr1000xe_backbone,1.9504,particle,thermal,1,2.8947532176971436
7184,candidate_012,met_station_core;fc4_flux;cr1000xe_backbone,1.9504,particle,transport,1,2.7639217376708984
7184,candidate_012,met_station_core;fc4_flux;cr1000xe_backbone,1.9504,particle,transport,1,2.4885098934173584
7184,candidate_012,met_station_core;fc4_flux;cr1000xe_backbone,1.9504,particle,transport,1,1.8252586126327515
7184,candidate_012,met_station_core;fc4_flux;cr1000xe_backbone,1.9504,particle,transport,1,1.2753536701202393
7184,candidate_012,met_station_core;fc4_flux;cr1000xe_backbone,1.9504,particle,transport,1,1.0004339218139648
7184,candidate_012,met_station_core;fc4_flux;cr1000xe_backbone,1.9504,particle,transport,1,0.9471266269683838
7184,candidate_012,met_station_core;fc4_flux;cr1000xe_backbone,1.9504,particle,transport,1,0.8252338171005249
7184,candidate_012,met_station_core;fc4_flux;cr1000xe_backbone,1.9504,particle,transport,1,0.9639898538589478
7184,candidate_012,met_station_core;fc4_flux;cr1000xe_backbone,1.9504,particle,transport,1,1.2690024375915527
7184,candidate_012,met_station_core;fc4_flux;cr1000xe_backbone,1.9504,particle,transport,1,1.4568455219268799
7184,candidate_012,met_station_core;fc4_flux;cr1000xe_backbone,1.9504,particle,transport,1,1.6274408102035522
7184,candidate_012,met_station_core;fc4_flux;cr1000xe_backbone,1.9504,particle,transport,1,1.703055500984192
7184,candidate_012,met_station_core;fc4_flux;cr1000xe_backbone,1.9504,particle,transport,1,1.9949085712432861
7184,candidate_012,met_station_core;fc4_flux;cr1000xe_backbone,1.9504,particle,transport,1,2.0535879135131836
7184,candidate_012,met_station_core;fc4_flux;cr1000xe_backbone,1.9504,particle,transport,1,2.0406882762908936
7184,candidate_012,met_station_core;fc4_flux;cr1000xe_backbone,1.9504,particle,transport,1,2.100768566131592
7184,candidate_012,met_station_core;fc4_flux;cr1000xe_backbone,1.9504,particle,transport,1,2.452801465988159
7184,candidate_012,met_station_core;fc4_flux;cr1000xe_backbone,1.9504,particle,transport,1,2.3639304637908936
7184,candidate_012,met_station_core;fc4_flux;cr1000xe_backbone,1.9504,particle,transport,1,2.364288330078125
7184,candidate_012,met_station_core;fc4_flux;cr1000xe_backbone,1.9504,particle,transport,1,2.4233222007751465
7184,candidate_012,met_station_core;fc4_flux;cr1000xe_backbone,1.9504,particle,transport,1,2.460653066635132
7184,candidate_012,met_station_core;fc4_flux;cr1000xe_backbone,1.9504,particle,transport,1,2.5882327556610107
7184,candidate_012,met_station_core;fc4_flux;cr1000xe_backbone,1.9504,particle,transport,1,2.4518532752990723
7184,candidate_012,met_station_core;fc4_flux;cr1000xe_backbone,1.9504,particle,transport,1,2.461059093475342
7184,candidate_012,met_station_core;fc4_flux;cr1000xe_backbone,1.9504,particle,transport,1,2.407442808151245
7184,candidate_012,met_station_core;fc4_flux;cr1000xe_backbone,1.9504,particle,transport,1,2.409421682357788
7184,candidate_012,met_station_core;fc4_flux;cr1000xe_backbone,1.9504,particle,particle,1,1.1571614742279053
7184,candidate_012,met_station_core;fc4_flux;cr1000xe_backbone,1.9504,particle,particle,1,1.0670442581176758
7184,candidate_012,met_station_core;fc4_flux;cr1000xe_backbone,1.9504,particle,particle,1,0.8892261981964111
7184,candidate_012,met_station_core;fc4_flux;cr1000xe_backbone,1.9504,particle,particle,1,0.8508995771408081
7184,candidate_012,met_station_core;fc4_flux;cr1000xe_backbone,1.9504,particle,particle,1,0.6715891361236572
7184,candidate_012,met_station_core;fc4_flux;cr1000xe_backbone,1.9504,particle,particle,1,0.8642915487289429
7184,candidate_012,met_station_core;fc4_flux;cr1000xe_backbone,1.9504,particle,particle,1,0.6221741437911987
7184,candidate_012,met_station_core;fc4_flux;cr1000xe_backbone,1.9504,particle,particle,1,0.9480769038200378
7184,candidate_012,met_station_core;fc4_flux;cr1000xe_backbone,1.9504,particle,particle,1,0.7691940665245056
7184,candidate_012,met_station_core;fc4_flux;cr1000xe_backbone,1.9504,particle,particle,1,0.6601747870445251
7184,candidate_012,met_station_core;fc4_flux;cr1000xe_backbone,1.9504,particle,particle,1,0.690246045589447
7184,candidate_012,met_station_core;fc4_flux;cr1000xe_backbone,1.9504,particle,particle,1,0.8194273114204407
7184,candidate_012,met_station_core;fc4_flux;cr1000xe_backbone,1.9504,particle,particle,1,0.8602099418640137
7184,candidate_012,met_station_core;fc4_flux;cr1000xe_backbone,1.9504,particle,particle,1,0.8992807865142822
7184,candidate_012,met_station_core;fc4_flux;cr1000xe_backbone,1.9504,particle,particle,1,0.5694276690483093
7184,candidate_012,met_station_core;fc4_flux;cr1000xe_backbone,1.9504,particle,particle,1,0.5902659296989441
7184,candidate_012,met_station_core;fc4_flux;cr1000xe_backbone,1.9504,particle,particle,1,0.4829247295856476
7184,candidate_012,met_station_core;fc4_flux;cr1000xe_backbone,1.9504,calm,particle,0,0.3603473901748657
7184,candidate_012,met_station_core;fc4_flux;cr1000xe_backbone,1.9504,calm,thermal,0,0.2774605453014374
7184,candidate_012,met_station_core;fc4_flux;cr1000xe_backbone,1.9504,calm,thermal,0,0.3285093605518341
7184,candidate_012,met_station_core;fc4_flux;cr1000xe_backbone,1.9504,calm,thermal,0,0.2675398886203766
7184,candidate_012,met_station_core;fc4_flux;cr1000xe_backbone,1.9504,calm,thermal,0,0.27469319105148315
7184,candidate_012,met_station_core;fc4_flux;cr1000xe_backbone,1.9504,calm,thermal,0,0.2807912230491638
7184,candidate_012,met_station_core;fc4_flux;cr1000xe_backbone,1.9504,calm,thermal,0,0.3626619875431061
7184,candidate_012,met_station_core;fc4_flux;cr1000xe_backbone,1.9504,calm,thermal,0,0.358921617269516
7184,candidate_012,met_station_core;fc4_flux;cr1000xe_backbone,1.9504,calm,thermal,0,0.4019295871257782
7184,candidate_012,met_station_core;fc4_flux;cr1000xe_backbone,1.9504,calm,thermal,0,0.43079861998558044
7184,candidate_012,met_station_core;fc4_flux;cr1000xe_backbone,1.9504,calm,thermal,0,0.4880102276802063
7184,candidate_012,met_station_core;fc4_flux;cr1000xe_backbone,1.9504,calm,thermal,0,0.49162742495536804
7184,candidate_012,met_station_core;fc4_flux;cr1000xe_backbone,1.9504,calm,thermal,0,0.53041672706604
7184,candidate_012,met_station_core;fc4_flux;cr1000xe_backbone,1.9504,calm,thermal,0,0.6577348709106445
7184,candidate_012,met_station_core;fc4_flux;cr1000xe_backbone,1.9504,flux,thermal,2,0.8499740362167358
7184,candidate_012,met_station_core;fc4_flux;cr1000xe_backbone,1.9504,flux,thermal,2,0.9779508709907532
7184,candidate_012,met_station_core;fc4_flux;cr1000xe_backbone,1.9504,flux,thermal,2,1.3422037363052368
7184,candidate_012,met_station_core;fc4_flux;cr1000xe_backbone,1.9504,flux,thermal,2,1.5762608051300049
7184,candidate_012,met_station_core;fc4_flux;cr1000xe_backbone,1.9504,flux,thermal,2,1.819445013999939
7184,candidate_012,met_station_core;fc4_flux;cr1000xe_backbone,1.9504,flux,thermal,2,2.001723051071167
7184,candidate_012,met_station_core;fc4_flux;cr1000xe_backbone,1.9504,flux,thermal,2,2.1726300716400146
7184,candidate_012,met_station_core;fc4_flux;cr1000xe_backbone,1.9504,flux,thermal,2,2.440009593963623
7184,candidate_012,met_station_core;fc4_flux;cr1000xe_backbone,1.9504,flux,thermal,2,2.6602327823638916
7184,candidate_012,met_station_core;fc4_flux;cr1000xe_backbone,1.9504,flux,transport,2,2.675527334213257
7184,candidate_012,met_station_core;fc4_flux;cr1000xe_backbone,1.9504,flux,transport,2,2.697657346725464
7184,candidate_012,met_station_core;fc4_flux;cr1000xe_backbone,1.9504,flux,transport,2,2.716792106628418
7184,candidate_012,met_station_core;fc4_flux;cr1000xe_backbone,1.9504,flux,transport,2,2.7128078937530518
7184,candidate_012,met_station_core;fc4_flux;cr1000xe_backbone,1.9504,flux,transport,2,2.8044955730438232
7184,candidate_012,met_station_core;fc4_flux;cr1000xe_backbone,1.9504,flux,transport,2,2.78963041305542
7184,candidate_012,met_station_core;fc4_flux;cr1000xe_backbone,1.9504,flux,transport,2,2.6532204151153564
7184,candidate_012,met_station_core;fc4_flux;cr1000xe_backbone,1.9504,flux,transport,2,2.3631463050842285
7184,candidate_012,met_station_core;fc4_flux;cr1000xe_backbone,1.9504,flux,transport,2,1.8661227226257324
7184,candidate_012,met_station_core;fc4_flux;cr1000xe_backbone,1.9504,flux,transport,2,1.5519113540649414
7184,candidate_012,met_station_core;fc4_flux;cr1000xe_backbone,1.9504,flux,transport,2,0.9645950198173523
7184,candidate_012,met_station_core;fc4_flux;cr1000xe_backbone,1.9504,flux,transport,2,0.9255000352859497
7184,candidate_012,met_station_core;fc4_flux;cr1000xe_backbone,1.9504,flux,transport,2,1.452056884765625
7184,candidate_012,met_station_core;fc4_flux;cr1000xe_backbone,1.9504,flux,transport,2,1.3557448387145996
7184,candidate_012,met_station_core;fc4_flux;cr1000xe_backbone,1.9504,flux,transport,2,2.490135431289673
7184,candidate_012,met_station_core;fc4_flux;cr1000xe_backbone,1.9504,flux,transport,2,2.476579189300537
7184,candidate_012,met_station_core;fc4_flux;cr1000xe_backbone,1.9504,flux,transport,2,2.6759073734283447
7184,candidate_012,met_station_core;fc4_flux;cr1000xe_backbone,1.9504,flux,transport,2,2.3107006549835205
7184,candidate_012,met_station_core;fc4_flux;cr1000xe_backbone,1.9504,flux,transport,2,2.314370632171631
7184,candidate_012,met_station_core;fc4_flux;cr1000xe_backbone,1.9504,flux,transport,2,2.5727293491363525
7184,candidate_012,met_station_core;fc4_flux;cr1000xe_backbone,1.9504,flux,transport,2,2.8498706817626953
7184,candidate_012,met_station_core;fc4_flux;cr1000xe_backbone,1.9504,flux,transport,2,2.8965957164764404
7184,candidate_012,met_station_core;fc4_flux;cr1000xe_backbone,1.9504,flux,particle,2,2.4793612957000732
7184,candidate_012,met_station_core;fc4_flux;cr1000xe_backbone,1.9504,flux,particle,2,2.264500141143799
7184,candidate_012,met_station_core;fc4_flux;cr1000xe_backbone,1.9504,flux,particle,2,2.1859827041625977
7184,candidate_012,met_station_core;fc4_flux;cr1000xe_backbone,1.9504,flux,particle,2,2.0494370460510254
7184,candidate_012,met_station_core;fc4_flux;cr1000xe_backbone,1.9504,calm,particle,0,0.943282961845398
7184,candidate_012,met_station_core;fc4_flux;cr1000xe_backbone,1.9504,calm,particle,0,0.879438042640686
7184,candidate_012,met_station_core;fc4_flux;cr1000xe_backbone,1.9504,calm,particle,0,0.5522218346595764
7184,candidate_012,met_station_core;fc4_flux;cr1000xe_backbone,1.9504,calm,particle,0,0.556757926940918
7184,candidate_012,met_station_core;fc4_flux;cr1000xe_backbone,1.9504,calm,particle,0,0.31801116466522217
7184,candidate_012,met_station_core;fc4_flux;cr1000xe_backbone,1.9504,calm,particle,0,0.46965867280960083
7184,candidate_012,met_station_core;fc4_flux;cr1000xe_backbone,1.9504,calm,particle,0,0.49786219000816345
7184,candidate_012,met_station_core;fc4_flux;cr1000xe_backbone,1.9504,calm,particle,0,0.6146219372749329
7184,candidate_012,met_station_core;fc4_flux;cr1000xe_backbone,1.9504,calm,particle,0,0.6793026328086853
7184,candidate_012,met_station_core;fc4_flux;cr1000xe_backbone,1.9504,calm,particle,0,0.867047131061554
7184,candidate_012,met_station_core;fc4_flux;cr1000xe_backbone,1.9504,calm,particle,0,0.9242870211601257
7184,candidate_012,met_station_core;fc4_flux;cr1000xe_backbone,1.9504,calm,particle,0,1.0705487728118896
7184,candidate_012,met_station_core;fc4_flux;cr1000xe_backbone,1.9504,flux,particle,2,0.8677337765693665
7184,candidate_012,met_station_core;fc4_flux;cr1000xe_backbone,1.9504,flux,particle,2,0.8082617521286011
7184,candidate_012,met_station_core;fc4_flux;cr1000xe_backbone,1.9504,flux,particle,2,0.6858526468276978
7184,candidate_012,met_station_core;fc4_flux;cr1000xe_backbone,1.9504,flux,particle,2,0.699885904788971
7184,candidate_012,met_station_core;fc4_flux;cr1000xe_backbone,1.9504,flux,particle,2,0.6972044110298157
7184,candidate_012,met_station_core;fc4_flux;cr1000xe_backbone,1.9504,flux,particle,2,0.8143394589424133
7184,candidate_012,met_station_core;fc4_flux;cr1000xe_backbone,1.9504,flux,particle,2,1.2135192155838013
7184,candidate_012,met_station_core;fc4_flux;cr1000xe_backbone,1.9504,flux,particle,2,0.8659886121749878
7184,candidate_012,met_station_core;fc4_flux;cr1000xe_backbone,1.9504,flux,particle,2,0.9800196290016174
7184,candidate_012,met_station_core;fc4_flux;cr1000xe_backbone,1.9504,flux,particle,2,0.7141928672790527
7184,candidate_012,met_station_core;fc4_flux;cr1000xe_backbone,1.9504,flux,particle,2,0.9114272594451904
7184,candidate_012,met_station_core;fc4_flux;cr1000xe_backbone,1.9504,flux,particle,2,0.7181996703147888
7184,candidate_012,met_station_core;fc4_flux;cr1000xe_backbone,1.9504,flux,particle,2,0.636253833770752
7184,candidate_012,met_station_core;fc4_flux;cr1000xe_backbone,1.9504,flux,particle,2,0.6223309636116028
7184,candidate_012,met_station_core;fc4_flux;cr1000xe_backbone,1.9504,flux,particle,2,0.6040363907814026
7184,candidate_012,met_station_core;fc4_flux;cr1000xe_backbone,1.9504,flux,particle,2,0.5439901947975159
7184,candidate_012,met_station_core;fc4_flux;cr1000xe_backbone,1.9504,flux,thermal,2,0.48556360602378845
7184,candidate_012,met_station_core;fc4_flux;cr1000xe_backbone,1.9504,flux,thermal,2,0.6305277943611145
7184,candidate_012,met_station_core;fc4_flux;cr1000xe_backbone,1.9504,flux,thermal,2,0.5512068867683411
7184,candidate_012,met_station_core;fc4_flux;cr1000xe_backbone,1.9504,flux,thermal,2,0.5636640191078186
7184,candidate_012,met_station_core;fc4_flux;cr1000xe_backbone,1.9504,flux,thermal,2,0.432228684425354
7184,candidate_012,met_station_core;fc4_flux;cr1000xe_backbone,1.9504,flux,thermal,2,0.6079305410385132
7184,candidate_012,met_station_core;fc4_flux;cr1000xe_backbone,1.9504,flux,thermal,2,0.49923306703567505
7184,candidate_012,met_station_core;fc4_flux;cr1000xe_backbone,1.9504,flux,thermal,2,0.6846466660499573
7184,candidate_012,met_station_core;fc4_flux;cr1000xe_backbone,1.9504,flux,thermal,2,0.5584589838981628
7184,candidate_012,met_station_core;fc4_flux;cr1000xe_backbone,1.9504,flux,thermal,2,0.7277898192405701
7184,candidate_012,met_station_core;fc4_flux;cr1000xe_backbone,1.9504,flux,thermal,2,0.48192769289016724
7184,candidate_012,met_station_core;fc4_flux;cr1000xe_backbone,1.9504,flux,thermal,2,0.6601993441581726
7184,candidate_012,met_station_core;fc4_flux;cr1000xe_backbone,1.9504,flux,thermal,2,0.4185488522052765
7184,candidate_012,met_station_core;fc4_flux;cr1000xe_backbone,1.9504,flux,thermal,2,0.5683683156967163
7184,candidate_012,met_station_core;fc4_flux;cr1000xe_backbone,1.9504,flux,thermal,2,0.4825615882873535
7184,candidate_012,met_station_core;fc4_flux;cr1000xe_backbone,1.9504,flux,thermal,2,0.40578731894493103
7184,candidate_012,met_station_core;fc4_flux;cr1000xe_backbone,1.9504,flux,thermal,2,0.47465071082115173
7184,candidate_012,met_station_core;fc4_flux;cr1000xe_backbone,1.9504,calm,thermal,0,0.3015896677970886
7184,candidate_012,met_station_core;fc4_flux;cr1000xe_backbone,1.9504,calm,thermal,0,0.2847404181957245
7184,candidate_012,met_station_core;fc4_flux;cr1000xe_backbone,1.9504,calm,thermal,0,0.3503270149230957
7184,candidate_012,met_station_core;fc4_flux;cr1000xe_backbone,1.9504,calm,thermal,0,0.25168734788894653
7184,candidate_012,met_station_core;fc4_flux;cr1000xe_backbone,1.9504,calm,thermal,0,0.5308608412742615
7184,candidate_012,met_station_core;fc4_flux;cr1000xe_backbone,1.9504,calm,thermal,0,0.8050920367240906
7184,candidate_012,met_station_core;fc4_flux;cr1000xe_backbone,1.9504,calm,thermal,0,1.1218948364257812
7184,candidate_012,met_station_core;fc4_flux;cr1000xe_backbone,1.9504,calm,thermal,0,1.4284632205963135
7184,candidate_012,met_station_core;fc4_flux;cr1000xe_backbone,1.9504,calm,thermal,0,1.736429214477539
7184,candidate_012,met_station_core;fc4_flux;cr1000xe_backbone,1.9504,calm,thermal,0,2.018540143966675
7184,candidate_012,met_station_core;fc4_flux;cr1000xe_backbone,1.9504,calm,thermal,0,2.3251845836639404
7184,candidate_012,met_station_core;fc4_flux;cr1000xe_backbone,1.9504,calm,thermal,0,2.6308541297912598
7184,candidate_012,met_station_core;fc4_flux;cr1000xe_backbone,1.9504,thermal,transport,3,2.5912461280822754
7184,candidate_012,met_station_core;fc4_flux;cr1000xe_backbone,1.9504,thermal,transport,3,2.6015381813049316
7184,candidate_012,met_station_core;fc4_flux;cr1000xe_backbone,1.9504,thermal,transport,3,2.4987430572509766
7184,candidate_012,met_station_core;fc4_flux;cr1000xe_backbone,1.9504,thermal,transport,3,2.6088192462921143
7184,candidate_012,met_station_core;fc4_flux;cr1000xe_backbone,1.9504,thermal,transport,3,2.627131700515747
7184,candidate_012,met_station_core;fc4_flux;cr1000xe_backbone,1.9504,thermal,transport,3,2.4579038619995117
7184,candidate_012,met_station_core;fc4_flux;cr1000xe_backbone,1.9504,thermal,transport,3,2.6763954162597656
7184,candidate_012,met_station_core;fc4_flux;cr1000xe_backbone,1.9504,thermal,transport,3,2.693851947784424
7184,candidate_012,met_station_core;fc4_flux;cr1000xe_backbone,1.9504,thermal,transport,3,2.710012674331665
7184,candidate_012,met_station_core;fc4_flux;cr1000xe_backbone,1.9504,thermal,transport,3,2.944959878921509
7184,candidate_012,met_station_core;fc4_flux;cr1000xe_backbone,1.9504,thermal,transport,3,2.936426877975464
7184,candidate_012,met_station_core;fc4_flux;cr1000xe_backbone,1.9504,thermal,transport,3,2.9744579792022705
7184,candidate_012,met_station_core;fc4_flux;cr1000xe_backbone,1.9504,thermal,transport,3,2.8545427322387695
7184,candidate_012,met_station_core;fc4_flux;cr1000xe_backbone,1.9504,thermal,transport,3,2.6212286949157715
7184,candidate_012,met_station_core;fc4_flux;cr1000xe_backbone,1.9504,thermal,transport,3,2.446693181991577
7184,candidate_012,met_station_core;fc4_flux;cr1000xe_backbone,1.9504,thermal,transport,3,2.554924964904785
7184,candidate_012,met_station_core;fc4_flux;cr1000xe_backbone,1.9504,thermal,transport,3,2.6019093990325928
7184,candidate_012,met_station_core;fc4_flux;cr1000xe_backbone,1.9504,thermal,transport,3,2.119541645050049
7184,candidate_012,met_station_core;fc4_flux;cr1000xe_backbone,1.9504,thermal,transport,3,1.7056207656860352
7184,candidate_012,met_station_core;fc4_flux;cr1000xe_backbone,1.9504,thermal,transport,3,1.3691985607147217
7184,candidate_012,met_station_core;fc4_flux;cr1000xe_backbone,1.9504,thermal,particle,3,1.3377753496170044
7184,candidate_012,met_station_core;fc4_flux;cr1000xe_backbone,1.9504,thermal,particle,3,1.120194673538208
7184,candidate_012,met_station_core;fc4_flux;cr1000xe_backbone,1.9504,thermal,particle,3,1.2185724973678589
7184,candidate_012,met_station_core;fc4_flux;cr1000xe_backbone,1.9504,thermal,particle,3,1.1515018939971924
7184,candidate_012,met_station_core;fc4_flux;cr1000xe_backbone,1.9504,thermal,particle,3,0.6636955738067627
7184,candidate_012,met_station_core;fc4_flux;cr1000xe_backbone,1.9504,thermal,particle,3,0.7625524401664734
7184,candidate_012,met_station_core;fc4_flux;cr1000xe_backbone,1.9504,thermal,particle,3,0.670613706111908
7184,candidate_012,met_station_core;fc4_flux;cr1000xe_backbone,1.9504,thermal,particle,3,0.7095593214035034
7184,candidate_012,met_station_core;fc4_flux;cr1000xe_backbone,1.9504,thermal,particle,3,0.7131004333496094
7184,candidate_012,met_station_core;fc4_flux;cr1000xe_backbone,1.9504,calm,particle,0,0.5935079455375671
7184,candidate_012,met_station_core;fc4_flux;cr1000xe_backbone,1.9504,calm,particle,0,0.5467157959938049
7184,candidate_012,met_station_core;fc4_flux;cr1000xe_backbone,1.9504,calm,particle,0,0.46236640214920044
7184,candidate_012,met_station_core;fc4_flux;cr1000xe_backbone,1.9504,calm,particle,0,0.36559975147247314
7184,candidate_012,met_station_core;fc4_flux;cr1000xe_backbone,1.9504,calm,particle,0,0.37104204297065735
7184,candidate_012,met_station_core;fc4_flux;cr1000xe_backbone,1.9504,calm,particle,0,0.35924673080444336
7184,candidate_012,met_station_core;fc4_flux;cr1000xe_backbone,1.9504,calm,particle,0,0.3145848214626312
7184,candidate_012,met_station_core;fc4_flux;cr1000xe_backbone,1.9504,calm,particle,0,0.404236376285553
7184,candidate_012,met_station_core;fc4_flux;cr1000xe_backbone,1.9504,calm,particle,0,0.34044790267944336
7184,candidate_012,met_station_core;fc4_flux;cr1000xe_backbone,1.9504,calm,particle,0,0.3199445605278015
7184,candidate_012,met_station_core;fc4_flux;cr1000xe_backbone,1.9504,calm,particle,0,0.3367406725883484
7184,candidate_012,met_station_core;fc4_flux;cr1000xe_backbone,1.9504,calm,particle,0,0.3963255286216736
7184,candidate_012,met_station_core;fc4_flux;cr1000xe_backbone,1.9504,calm,particle,0,0.39314308762550354
7184,candidate_012,met_station_core;fc4_flux;cr1000xe_backbone,1.9504,calm,particle,0,0.5802240967750549
7184,candidate_012,met_station_core;fc4_flux;cr1000xe_backbone,1.9504,thermal,thermal,3,0.7199758291244507
7184,candidate_012,met_station_core;fc4_flux;cr1000xe_backbone,1.9504,thermal,thermal,3,0.6804765462875366
7184,candidate_012,met_station_core;fc4_flux;cr1000xe_backbone,1.9504,thermal,thermal,3,0.8227723836898804
7184,candidate_012,met_station_core;fc4_flux;cr1000xe_backbone,1.9504,thermal,thermal,3,0.9172422885894775
7184,candidate_012,met_station_core;fc4_flux;cr1000xe_backbone,1.9504,thermal,thermal,3,0.835493266582489
7184,candidate_012,met_station_core;fc4_flux;cr1000xe_backbone,1.9504,thermal,thermal,3,0.8624082207679749
7184,candidate_012,met_station_core;fc4_flux;cr1000xe_backbone,1.9504,thermal,thermal,3,0.9200918078422546
7184,candidate_012,met_station_core;fc4_flux;cr1000xe_backbone,1.9504,thermal,thermal,3,1.0048296451568604
7184,candidate_012,met_station_core;fc4_flux;cr1000xe_backbone,1.9504,thermal,thermal,3,0.7025465369224548
7184,candidate_012,met_station_core;fc4_flux;cr1000xe_backbone,1.9504,thermal,thermal,3,0.9831792116165161
7184,candidate_012,met_station_core;fc4_flux;cr1000xe_backbone,1.9504,thermal,thermal,3,0.9284762740135193
7184,candidate_012,met_station_core;fc4_flux;cr1000xe_backbone,1.9504,thermal,thermal,3,0.8421232104301453
7184,candidate_012,met_station_core;fc4_flux;cr1000xe_backbone,1.9504,thermal,thermal,3,0.7276710867881775
7184,candidate_012,met_station_core;fc4_flux;cr1000xe_backbone,1.9504,thermal,thermal,3,0.6688430309295654
7184,candidate_012,met_station_core;fc4_flux;cr1000xe_backbone,1.9504,thermal,thermal,3,0.8622908592224121
7184,candidate_012,met_station_core;fc4_flux;cr1000xe_backbone,1.9504,thermal,thermal,3,1.060495376586914
7184,candidate_012,met_station_core;fc4_flux;cr1000xe_backbone,1.9504,thermal,thermal,3,1.276700496673584
7184,candidate_012,met_station_core;fc4_flux;cr1000xe_backbone,1.9504,thermal,thermal,3,1.487262487411499
7184,candidate_012,met_station_core;fc4_flux;cr1000xe_backbone,1.9504,thermal,thermal,3,1.7900601625442505
7184,candidate_012,met_station_core;fc4_flux;cr1000xe_backbone,1.9504,thermal,thermal,3,2.076967716217041
7184,candidate_012,met_station_core;fc4_flux;cr1000xe_backbone,1.9504,thermal,thermal,3,2.343132734298706
7184,candidate_012,met_station_core;fc4_flux;cr1000xe_backbone,1.9504,thermal,thermal,3,2.6452527046203613
7184,candidate_012,met_station_core;fc4_flux;cr1000xe_backbone,1.9504,thermal,transport,3,2.6644515991210938
7184,candidate_012,met_station_core;fc4_flux;cr1000xe_backbone,1.9504,thermal,transport,3,2.676896095275879
7184,candidate_012,met_station_core;fc4_flux;cr1000xe_backbone,1.9504,thermal,transport,3,2.6666862964630127
7184,candidate_012,met_station_core;fc4_flux;cr1000xe_backbone,1.9504,thermal,transport,3,2.7075369358062744
7184,candidate_012,met_station_core;fc4_flux;cr1000xe_backbone,1.9504,thermal,transport,3,2.7402970790863037
7184,candidate_012,met_station_core;fc4_flux;cr1000xe_backbone,1.9504,thermal,transport,3,2.837466239929199
7184,candidate_012,met_station_core;fc4_flux;cr1000xe_backbone,1.9504,thermal,transport,3,2.709078788757324
7184,candidate_012,met_station_core;fc4_flux;cr1000xe_backbone,1.9504,thermal,transport,3,2.7384097576141357
7184,candidate_012,met_station_core;fc4_flux;cr1000xe_backbone,1.9504,thermal,transport,3,2.8163394927978516
7184,candidate_012,met_station_core;fc4_flux;cr1000xe_backbone,1.9504,thermal,transport,3,2.9047510623931885
7184,candidate_012,met_station_core;fc4_flux;cr1000xe_backbone,1.9504,thermal,transport,3,2.890042543411255
7184,candidate_012,met_station_core;fc4_flux;cr1000xe_backbone,1.9504,thermal,transport,3,2.912245750427246
7184,candidate_012,met_station_core;fc4_flux;cr1000xe_backbone,1.9504,thermal,transport,3,2.6525137424468994
7184,candidate_012,met_station_core;fc4_flux;cr1000xe_backbone,1.9504,thermal,transport,3,2.577458381652832
7184,candidate_012,met_station_core;fc4_flux;cr1000xe_backbone,1.9504,thermal,transport,3,2.390148401260376
7184,candidate_012,met_station_core;fc4_flux;cr1000xe_backbone,1.9504,thermal,transport,3,2.1566131114959717
7184,candidate_012,met_station_core;fc4_flux;cr1000xe_backbone,1.9504,thermal,transport,3,1.694677472114563
7184,candidate_012,met_station_core;fc4_flux;cr1000xe_backbone,1.9504,thermal,transport,3,1.6944793462753296
7184,candidate_012,met_station_core;fc4_flux;cr1000xe_backbone,1.9504,thermal,transport,3,1.576194167137146
7184,candidate_012,met_station_core;fc4_flux;cr1000xe_backbone,1.9504,thermal,transport,3,1.1861335039138794
7184,candidate_012,met_station_core;fc4_flux;cr1000xe_backbone,1.9504,thermal,particle,3,0.4424223005771637
7184,candidate_012,met_station_core;fc4_flux;cr1000xe_backbone,1.9504,thermal,particle,3,0.43818536400794983
7184,candidate_012,met_station_core;fc4_flux;cr1000xe_backbone,1.9504,thermal,particle,3,0.6047179698944092
7184,candidate_012,met_station_core;fc4_flux;cr1000xe_backbone,1.9504,thermal,particle,3,0.5870053768157959
7184,candidate_012,met_station_core;fc4_flux;cr1000xe_backbone,1.9504,thermal,particle,3,0.9377536773681641
7184,candidate_012,met_station_core;fc4_flux;cr1000xe_backbone,1.9504,thermal,particle,3,0.9986720681190491
7184,candidate_012,met_station_core;fc4_flux;cr1000xe_backbone,1.9504,thermal,particle,3,0.8348096013069153
7184,candidate_012,met_station_core;fc4_flux;cr1000xe_backbone,1.9504,thermal,particle,3,1.0604591369628906
7184,candidate_013,radiometer_basic;fc4_flux;cr1000xe_backbone,1.9104,calm,particle,0,1.0227590799331665
7184,candidate_013,radiometer_basic;fc4_flux;cr1000xe_backbone,1.9104,calm,particle,0,1.0286411046981812
7184,candidate_013,radiometer_basic;fc4_flux;cr1000xe_backbone,1.9104,calm,particle,0,1.001922845840454
7184,candidate_013,radiometer_basic;fc4_flux;cr1000xe_backbone,1.9104,calm,particle,0,0.9342001080513
7184,candidate_013,radiometer_basic;fc4_flux;cr1000xe_backbone,1.9104,calm,particle,0,0.8338080048561096
7184,candidate_013,radiometer_basic;fc4_flux;cr1000xe_backbone,1.9104,calm,particle,0,0.8313829898834229
7184,candidate_013,radiometer_basic;fc4_flux;cr1000xe_backbone,1.9104,calm,particle,0,0.7758952975273132
7184,candidate_013,radiometer_basic;fc4_flux;cr1000xe_backbone,1.9104,calm,particle,0,0.821458637714386
7184,candidate_013,radiometer_basic;fc4_flux;cr1000xe_backbone,1.9104,calm,particle,0,0.8162837028503418
7184,candidate_013,radiometer_basic;fc4_flux;cr1000xe_backbone,1.9104,calm,particle,0,0.7869308590888977
7184,candidate_013,radiometer_basic;fc4_flux;cr1000xe_backbone,1.9104,calm,particle,0,0.8359483480453491
7184,candidate_013,radiometer_basic;fc4_flux;cr1000xe_backbone,1.9104,calm,particle,0,0.8336395025253296
7184,candidate_013,radiometer_basic;fc4_flux;cr1000xe_backbone,1.9104,calm,particle,0,0.816436231136322
7184,candidate_013,radiometer_basic;fc4_flux;cr1000xe_backbone,1.9104,calm,particle,0,0.8481531143188477
7184,candidate_013,radiometer_basic;fc4_flux;cr1000xe_backbone,1.9104,calm,particle,0,0.7901301383972168
7184,candidate_013,radiometer_basic;fc4_flux;cr1000xe_backbone,1.9104,calm,particle,0,0.7385827898979187
7184,candidate_013,radiometer_basic;fc4_flux;cr1000xe_backbone,1.9104,calm,particle,0,0.7054365277290344
7184,candidate_013,radiometer_basic;fc4_flux;cr1000xe_backbone,1.9104,calm,particle,0,0.790833592414856
7184,candidate_013,radiometer_basic;fc4_flux;cr1000xe_backbone,1.9104,calm,particle,0,0.6798651218414307
7184,candidate_013,radiometer_basic;fc4_flux;cr1000xe_backbone,1.9104,calm,particle,0,0.6887778639793396
7184,candidate_013,radiometer_basic;fc4_flux;cr1000xe_backbone,1.9104,calm,particle,0,0.6723688840866089
7184,candidate_013,radiometer_basic;fc4_flux;cr1000xe_backbone,1.9104,calm,thermal,0,0.7572154402732849
7184,candidate_013,radiometer_basic;fc4_flux;cr1000xe_backbone,1.9104,calm,thermal,0,0.7969797253608704
7184,candidate_013,radiometer_basic;fc4_flux;cr1000xe_backbone,1.9104,calm,thermal,0,0.8053256273269653
7184,candidate_013,radiometer_basic;fc4_flux;cr1000xe_backbone,1.9104,calm,thermal,0,0.8277857899665833
7184,candidate_013,radiometer_basic;fc4_flux;cr1000xe_backbone,1.9104,calm,thermal,0,0.859352707862854
7184,candidate_013,radiometer_basic;fc4_flux;cr1000xe_backbone,1.9104,calm,thermal,0,0.782554566860199
7184,candidate_013,radiometer_basic;fc4_flux;cr1000xe_backbone,1.9104,calm,thermal,0,0.6894140839576721
7184,candidate_013,radiometer_basic;fc4_flux;cr1000xe_backbone,1.9104,calm,thermal,0,0.7265719771385193
7184,candidate_013,radiometer_basic;fc4_flux;cr1000xe_backbone,1.9104,calm,thermal,0,0.6490598917007446
7184,candidate_013,radiometer_basic;fc4_flux;cr1000xe_backbone,1.9104,calm,thermal,0,0.6506039500236511
7184,candidate_013,radiometer_basic;fc4_flux;cr1000xe_backbone,1.9104,calm,thermal,0,0.6403760313987732
7184,candidate_013,radiometer_basic;fc4_flux;cr1000xe_backbone,1.9104,calm,thermal,0,0.6863675713539124
7184,candidate_013,radiometer_basic;fc4_flux;cr1000xe_backbone,1.9104,calm,thermal,0,0.6919298768043518
7184,candidate_013,radiometer_basic;fc4_flux;cr1000xe_backbone,1.9104,calm,thermal,0,0.6941633820533752
7184,candidate_013,radiometer_basic;fc4_flux;cr1000xe_backbone,1.9104,calm,thermal,0,0.743020236492157
7184,candidate_013,radiometer_basic;fc4_flux;cr1000xe_backbone,1.9104,calm,thermal,0,0.7569597959518433
7184,candidate_013,radiometer_basic;fc4_flux;cr1000xe_backbone,1.9104,calm,thermal,0,0.8003657460212708
7184,candidate_013,radiometer_basic;fc4_flux;cr1000xe_backbone,1.9104,calm,thermal,0,0.7755990624427795
7184,candidate_013,radiometer_basic;fc4_flux;cr1000xe_backbone,1.9104,calm,thermal,0,0.7756222486495972
7184,candidate_013,radiometer_basic;fc4_flux;cr1000xe_backbone,1.9104,calm,thermal,0,0.837658703327179
7184,candidate_013,radiometer_basic;fc4_flux;cr1000xe_backbone,1.9104,calm,thermal,0,0.7814682722091675
7184,candidate_013,radiometer_basic;fc4_flux;cr1000xe_backbone,1.9104,calm,thermal,0,0.7711775302886963
7184,candidate_013,radiometer_basic;fc4_flux;cr1000xe_backbone,1.9104,calm,thermal,0,0.7303687334060669
7184,candidate_013,radiometer_basic;fc4_flux;cr1000xe_backbone,1.9104,calm,thermal,0,0.7538149952888489
7184,candidate_013,radiometer_basic;fc4_flux;cr1000xe_backbone,1.9104,calm,thermal,0,0.6634134650230408
7184,candidate_013,radiometer_basic;fc4_flux;cr1000xe_backbone,1.9104,calm,thermal,0,0.6798110008239746
7184,candidate_013,radiometer_basic;fc4_flux;cr1000xe_backbone,1.9104,calm,thermal,0,0.6412042379379272
7184,candidate_013,radiometer_basic;fc4_flux;cr1000xe_backbone,1.9104,calm,thermal,0,0.702593207359314
7184,candidate_013,radiometer_basic;fc4_flux;cr1000xe_backbone,1.9104,calm,thermal,0,0.6837709546089172
7184,candidate_013,radiometer_basic;fc4_flux;cr1000xe_backbone,1.9104,calm,thermal,0,0.6250146627426147
7184,candidate_013,radiometer_basic;fc4_flux;cr1000xe_backbone,1.9104,calm,thermal,0,0.6082011461257935
7184,candidate_013,radiometer_basic;fc4_flux;cr1000xe_backbone,1.9104,calm,thermal,0,0.6271984577178955
7184,candidate_013,radiometer_basic;fc4_flux;cr1000xe_backbone,1.9104,calm,thermal,0,0.5521879196166992
7184,candidate_013,radiometer_basic;fc4_flux;cr1000xe_backbone,1.9104,calm,transport,0,0.5465709567070007
7184,candidate_013,radiometer_basic;fc4_flux;cr1000xe_backbone,1.9104,calm,transport,0,0.5527077317237854
7184,candidate_013,radiometer_basic;fc4_flux;cr1000xe_backbone,1.9104,calm,transport,0,0.628572940826416
7184,candidate_013,radiometer_basic;fc4_flux;cr1000xe_backbone,1.9104,calm,transport,0,0.6688864231109619
7184,candidate_013,radiometer_basic;fc4_flux;cr1000xe_backbone,1.9104,calm,transport,0,0.6621602773666382
7184,candidate_013,radiometer_basic;fc4_flux;cr1000xe_backbone,1.9104,calm,transport,0,0.7025027275085449
7184,candidate_013,radiometer_basic;fc4_flux;cr1000xe_backbone,1.9104,calm,transport,0,0.6749948859214783
7184,candidate_013,radiometer_basic;fc4_flux;cr1000xe_backbone,1.9104,calm,transport,0,0.7192044258117676
7184,candidate_013,radiometer_basic;fc4_flux;cr1000xe_backbone,1.9104,calm,transport,0,0.7323663830757141
7184,candidate_013,radiometer_basic;fc4_flux;cr1000xe_backbone,1.9104,calm,transport,0,0.724454402923584
7184,candidate_013,radiometer_basic;fc4_flux;cr1000xe_backbone,1.9104,calm,transport,0,0.7566109299659729
7184,candidate_013,radiometer_basic;fc4_flux;cr1000xe_backbone,1.9104,calm,transport,0,0.7760516405105591
7184,candidate_013,radiometer_basic;fc4_flux;cr1000xe_backbone,1.9104,calm,transport,0,0.7495025396347046
7184,candidate_013,radiometer_basic;fc4_flux;cr1000xe_backbone,1.9104,calm,transport,0,0.7019068002700806
7184,candidate_013,radiometer_basic;fc4_flux;cr1000xe_backbone,1.9104,calm,transport,0,0.7204031348228455
7184,candidate_013,radiometer_basic;fc4_flux;cr1000xe_backbone,1.9104,calm,transport,0,0.6792308688163757
7184,candidate_013,radiometer_basic;fc4_flux;cr1000xe_backbone,1.9104,calm,transport,0,0.6976248025894165
7184,candidate_013,radiometer_basic;fc4_flux;cr1000xe_backbone,1.9104,calm,transport,0,0.6324370503425598
7184,candidate_013,radiometer_basic;fc4_flux;cr1000xe_backbone,1.9104,calm,transport,0,0.6059781908988953
7184,candidate_013,radiometer_basic;fc4_flux;cr1000xe_backbone,1.9104,calm,transport,0,0.6547979712486267
7184,candidate_013,radiometer_basic;fc4_flux;cr1000xe_backbone,1.9104,calm,transport,0,0.5906104445457458
7184,candidate_013,radiometer_basic;fc4_flux;cr1000xe_backbone,1.9104,calm,transport,0,0.6075413227081299
7184,candidate_013,radiometer_basic;fc4_flux;cr1000xe_backbone,1.9104,calm,transport,0,0.5617282390594482
7184,candidate_013,radiometer_basic;fc4_flux;cr1000xe_backbone,1.9104,calm,transport,0,0.5723181962966919
7184,candidate_013,radiometer_basic;fc4_flux;cr1000xe_backbone,1.9104,calm,transport,0,0.604926586151123
7184,candidate_013,radiometer_basic;fc4_flux;cr1000xe_backbone,1.9104,calm,transport,0,0.5831038951873779
7184,candidate_013,radiometer_basic;fc4_flux;cr1000xe_backbone,1.9104,calm,transport,0,0.6701681017875671
7184,candidate_013,radiometer_basic;fc4_flux;cr1000xe_backbone,1.9104,calm,transport,0,0.6725978851318359
7184,candidate_013,radiometer_basic;fc4_flux;cr1000xe_backbone,1.9104,calm,transport,0,0.7446433901786804
7184,candidate_013,radiometer_basic;fc4_flux;cr1000xe_backbone,1.9104,calm,transport,0,0.724895715713501
7184,candidate_013,radiometer_basic;fc4_flux;cr1000xe_backbone,1.9104,calm,transport,0,0.7395341396331787
7184,candidate_013,radiometer_basic;fc4_flux;cr1000xe_backbone,1.9104,calm,transport,0,0.771694540977478
7184,candidate_013,radiometer_basic;fc4_flux;cr1000xe_backbone,1.9104,calm,transport,0,0.7714443802833557
7184,candidate_013,radiometer_basic;fc4_flux;cr1000xe_backbone,1.9104,calm,transport,0,0.7252370119094849
7184,candidate_013,radiometer_basic;fc4_flux;cr1000xe_backbone,1.9104,calm,transport,0,0.6563606858253479
7184,candidate_013,radiometer_basic;fc4_flux;cr1000xe_backbone,1.9104,calm,transport,0,0.7677175402641296
7184,candidate_013,radiometer_basic;fc4_flux;cr1000xe_backbone,1.9104,calm,particle,0,0.6404790878295898
7184,candidate_013,radiometer_basic;fc4_flux;cr1000xe_backbone,1.9104,calm,particle,0,0.7396451830863953
7184,candidate_013,radiometer_basic;fc4_flux;cr1000xe_backbone,1.9104,calm,particle,0,0.6434391736984253
7184,candidate_013,radiometer_basic;fc4_flux;cr1000xe_backbone,1.9104,calm,particle,0,0.6751168370246887
7184,candidate_013,radiometer_basic;fc4_flux;cr1000xe_backbone,1.9104,calm,particle,0,0.7176442742347717
7184,candidate_013,radiometer_basic;fc4_flux;cr1000xe_backbone,1.9104,calm,particle,0,0.7761666178703308
7184,candidate_013,radiometer_basic;fc4_flux;cr1000xe_backbone,1.9104,calm,particle,0,0.8200331926345825
7184,candidate_013,radiometer_basic;fc4_flux;cr1000xe_backbone,1.9104,calm,particle,0,0.7398371696472168
7184,candidate_013,radiometer_basic;fc4_flux;cr1000xe_backbone,1.9104,calm,particle,0,0.7970021367073059
7184,candidate_013,radiometer_basic;fc4_flux;cr1000xe_backbone,1.9104,calm,particle,0,0.6415392756462097
7184,candidate_013,radiometer_basic;fc4_flux;cr1000xe_backbone,1.9104,calm,particle,0,0.721521258354187
7184,candidate_013,radiometer_basic;fc4_flux;cr1000xe_backbone,1.9104,calm,particle,0,0.5650222301483154
7184,candidate_013,radiometer_basic;fc4_flux;cr1000xe_backbone,1.9104,calm,particle,0,0.6567964553833008
7184,candidate_013,radiometer_basic;fc4_flux;cr1000xe_backbone,1.9104,calm,particle,0,0.5791912078857422
7184,candidate_013,radiometer_basic;fc4_flux;cr1000xe_backbone,1.9104,calm,particle,0,0.6220127940177917
7184,candidate_013,radiometer_basic;fc4_flux;cr1000xe_backbone,1.9104,calm,particle,0,0.6863827109336853
7184,candidate_013,radiometer_basic;fc4_flux;cr1000xe_backbone,1.9104,calm,particle,0,0.6475639343261719
7184,candidate_013,radiometer_basic;fc4_flux;cr1000xe_backbone,1.9104,calm,particle,0,0.7063872218132019
7184,candidate_013,radiometer_basic;fc4_flux;cr1000xe_backbone,1.9104,calm,particle,0,0.7310657501220703
7184,candidate_013,radiometer_basic;fc4_flux;cr1000xe_backbone,1.9104,calm,particle,0,0.7748464345932007
7184,candidate_013,radiometer_basic;fc4_flux;cr1000xe_backbone,1.9104,calm,particle,0,0.7774007320404053
7184,candidate_013,radiometer_basic;fc4_flux;cr1000xe_backbone,1.9104,calm,particle,0,0.8340926766395569
7184,candidate_013,radiometer_basic;fc4_flux;cr1000xe_backbone,1.9104,calm,particle,0,0.8586899042129517
7184,candidate_013,radiometer_basic;fc4_flux;cr1000xe_backbone,1.9104,calm,particle,0,0.9134036898612976
7184,candidate_013,radiometer_basic;fc4_flux;cr1000xe_backbone,1.9104,calm,particle,0,0.9097831845283508
7184,candidate_013,radiometer_basic;fc4_flux;cr1000xe_backbone,1.9104,calm,particle,0,0.9008549451828003
7184,candidate_013,radiometer_basic;fc4_flux;cr1000xe_backbone,1.9104,calm,particle,0,0.9204989671707153
7184,candidate_013,radiometer_basic;fc4_flux;cr1000xe_backbone,1.9104,calm,particle,0,0.9482154250144958
7184,candidate_013,radiometer_basic;fc4_flux;cr1000xe_backbone,1.9104,calm,particle,0,0.9878117442131042
7184,candidate_013,radiometer_basic;fc4_flux;cr1000xe_backbone,1.9104,calm,particle,0,0.8929795622825623
7184,candidate_013,radiometer_basic;fc4_flux;cr1000xe_backbone,1.9104,calm,particle,0,0.8562008142471313
7184,candidate_013,radiometer_basic;fc4_flux;cr1000xe_backbone,1.9104,calm,particle,0,0.8661372065544128
7184,candidate_013,radiometer_basic;fc4_flux;cr1000xe_backbone,1.9104,calm,particle,0,0.8658982515335083
7184,candidate_013,radiometer_basic;fc4_flux;cr1000xe_backbone,1.9104,calm,particle,0,0.8499599695205688
7184,candidate_013,radiometer_basic;fc4_flux;cr1000xe_backbone,1.9104,calm,thermal,0,0.8526231646537781
7184,candidate_013,radiometer_basic;fc4_flux;cr1000xe_backbone,1.9104,calm,thermal,0,0.8528465032577515
7184,candidate_013,radiometer_basic;fc4_flux;cr1000xe_backbone,1.9104,calm,thermal,0,0.865673303604126
7184,candidate_013,radiometer_basic;fc4_flux;cr1000xe_backbone,1.9104,calm,thermal,0,0.8746432662010193
7184,candidate_013,radiometer_basic;fc4_flux;cr1000xe_backbone,1.9104,calm,thermal,0,0.9037087559700012
7184,candidate_013,radiometer_basic;fc4_flux;cr1000xe_backbone,1.9104,calm,thermal,0,0.910293698310852
7184,candidate_013,radiometer_basic;fc4_flux;cr1000xe_backbone,1.9104,calm,thermal,0,0.9643024802207947
7184,candidate_013,radiometer_basic;fc4_flux;cr1000xe_backbone,1.9104,calm,thermal,0,0.9828726053237915
7184,candidate_013,radiometer_basic;fc4_flux;cr1000xe_backbone,1.9104,calm,thermal,0,1.0110323429107666
7184,candidate_013,radiometer_basic;fc4_flux;cr1000xe_backbone,1.9104,calm,thermal,0,1.0630334615707397
7184,candidate_013,radiometer_basic;fc4_flux;cr1000xe_backbone,1.9104,calm,thermal,0,1.1280896663665771
7184,candidate_013,radiometer_basic;fc4_flux;cr1000xe_backbone,1.9104,calm,thermal,0,1.0468014478683472
7184,candidate_013,radiometer_basic;fc4_flux;cr1000xe_backbone,1.9104,calm,thermal,0,1.0563098192214966
7184,candidate_013,radiometer_basic;fc4_flux;cr1000xe_backbone,1.9104,calm,thermal,0,1.0506298542022705
7184,candidate_013,radiometer_basic;fc4_flux;cr1000xe_backbone,1.9104,calm,thermal,0,1.036744475364685
7184,candidate_013,radiometer_basic;fc4_flux;cr1000xe_backbone,1.9104,calm,thermal,0,1.0150353908538818
7184,candidate_013,radiometer_basic;fc4_flux;cr1000xe_backbone,1.9104,calm,thermal,0,1.0126519203186035
7184,candidate_013,radiometer_basic;fc4_flux;cr1000xe_backbone,1.9104,calm,thermal,0,1.0213205814361572
7184,candidate_013,radiometer_basic;fc4_flux;cr1000xe_backbone,1.9104,calm,thermal,0,1.094038963317871
7184,candidate_013,radiometer_basic;fc4_flux;cr1000xe_backbone,1.9104,calm,thermal,0,1.1213035583496094
7184,candidate_013,radiometer_basic;fc4_flux;cr1000xe_backbone,1.9104,calm,thermal,0,1.0950287580490112
7184,candidate_013,radiometer_basic;fc4_flux;cr1000xe_backbone,1.9104,calm,thermal,0,1.105469822883606
7184,candidate_013,radiometer_basic;fc4_flux;cr1000xe_backbone,1.9104,calm,thermal,0,1.0689374208450317
7184,candidate_013,radiometer_basic;fc4_flux;cr1000xe_backbone,1.9104,calm,thermal,0,1.0235224962234497
7184,candidate_013,radiometer_basic;fc4_flux;cr1000xe_backbone,1.9104,calm,thermal,0,1.0434651374816895
7184,candidate_013,radiometer_basic;fc4_flux;cr1000xe_backbone,1.9104,calm,thermal,0,1.0410107374191284
7184,candidate_013,radiometer_basic;fc4_flux;cr1000xe_backbone,1.9104,calm,transport,0,0.953446626663208
7184,candidate_013,radiometer_basic;fc4_flux;cr1000xe_backbone,1.9104,calm,transport,0,0.9425574541091919
7184,candidate_013,radiometer_basic;fc4_flux;cr1000xe_backbone,1.9104,calm,transport,0,0.9501932859420776
7184,candidate_013,radiometer_basic;fc4_flux;cr1000xe_backbone,1.9104,calm,transport,0,1.000841498374939
7184,candidate_013,radiometer_basic;fc4_flux;cr1000xe_backbone,1.9104,calm,transport,0,1.0447295904159546
7184,candidate_013,radiometer_basic;fc4_flux;cr1000xe_backbone,1.9104,calm,transport,0,1.0614432096481323
7184,candidate_013,radiometer_basic;fc4_flux;cr1000xe_backbone,1.9104,calm,transport,0,1.0841386318206787
7184,candidate_013,radiometer_basic;fc4_flux;cr1000xe_backbone,1.9104,calm,transport,0,1.1511286497116089
7184,candidate_013,radiometer_basic;fc4_flux;cr1000xe_backbone,1.9104,calm,transport,0,1.1861844062805176
7184,candidate_013,radiometer_basic;fc4_flux;cr1000xe_backbone,1.9104,calm,transport,0,1.1444721221923828
7184,candidate_013,radiometer_basic;fc4_flux;cr1000xe_backbone,1.9104,calm,transport,0,1.1680551767349243
7184,candidate_013,radiometer_basic;fc4_flux;cr1000xe_backbone,1.9104,calm,transport,0,1.1541398763656616
7184,candidate_013,radiometer_basic;fc4_flux;cr1000xe_backbone,1.9104,calm,transport,0,1.0923033952713013
7184,candidate_013,radiometer_basic;fc4_flux;cr1000xe_backbone,1.9104,calm,transport,0,1.1195201873779297
7184,candidate_013,radiometer_basic;fc4_flux;cr1000xe_backbone,1.9104,calm,transport,0,1.1426647901535034
7184,candidate_013,radiometer_basic;fc4_flux;cr1000xe_backbone,1.9104,calm,transport,0,1.1395295858383179
7184,candidate_013,radiometer_basic;fc4_flux;cr1000xe_backbone,1.9104,calm,transport,0,1.111746072769165
7184,candidate_013,radiometer_basic;fc4_flux;cr1000xe_backbone,1.9104,calm,transport,0,1.1507725715637207
7184,candidate_013,radiometer_basic;fc4_flux;cr1000xe_backbone,1.9104,calm,transport,0,1.1086678504943848
7184,candidate_013,radiometer_basic;fc4_flux;cr1000xe_backbone,1.9104,calm,transport,0,1.123413324356079
7184,candidate_013,radiometer_basic;fc4_flux;cr1000xe_backbone,1.9104,calm,transport,0,1.0440905094146729
7184,candidate_013,radiometer_basic;fc4_flux;cr1000xe_backbone,1.9104,calm,transport,0,1.0983972549438477
7184,candidate_013,radiometer_basic;fc4_flux;cr1000xe_backbone,1.9104,calm,transport,0,0.9705931544303894
7184,candidate_013,radiometer_basic;fc4_flux;cr1000xe_backbone,1.9104,calm,transport,0,0.9693421125411987
7184,candidate_013,radiometer_basic;fc4_flux;cr1000xe_backbone,1.9104,calm,transport,0,0.9473833441734314
7184,candidate_013,radiometer_basic;fc4_flux;cr1000xe_backbone,1.9104,calm,particle,0,0.9612577557563782
7184,candidate_013,radiometer_basic;fc4_flux;cr1000xe_backbone,1.9104,calm,particle,0,1.0167264938354492
7184,candidate_013,radiometer_basic;fc4_flux;cr1000xe_backbone,1.9104,calm,particle,0,1.0569077730178833
7184,candidate_013,radiometer_basic;fc4_flux;cr1000xe_backbone,1.9104,calm,particle,0,1.0798676013946533
7184,candidate_013,radiometer_basic;fc4_flux;cr1000xe_backbone,1.9104,calm,particle,0,1.0970700979232788
7184,candidate_013,radiometer_basic;fc4_flux;cr1000xe_backbone,1.9104,calm,particle,0,1.1206833124160767
7184,candidate_013,radiometer_basic;fc4_flux;cr1000xe_backbone,1.9104,calm,particle,0,1.1839267015457153
7184,candidate_013,radiometer_basic;fc4_flux;cr1000xe_backbone,1.9104,calm,particle,0,1.1465126276016235
7184,candidate_013,radiometer_basic;fc4_flux;cr1000xe_backbone,1.9104,calm,particle,0,1.1531463861465454
7184,candidate_013,radiometer_basic;fc4_flux;cr1000xe_backbone,1.9104,calm,particle,0,1.1910581588745117
7184,candidate_013,radiometer_basic;fc4_flux;cr1000xe_backbone,1.9104,calm,particle,0,1.1150492429733276
7184,candidate_013,radiometer_basic;fc4_flux;cr1000xe_backbone,1.9104,calm,particle,0,1.0913572311401367
7184,candidate_013,radiometer_basic;fc4_flux;cr1000xe_backbone,1.9104,calm,particle,0,1.0966054201126099
7184,candidate_013,radiometer_basic;fc4_flux;cr1000xe_backbone,1.9104,calm,particle,0,1.0775595903396606
7184,candidate_013,radiometer_basic;fc4_flux;cr1000xe_backbone,1.9104,calm,particle,0,1.0893913507461548
7184,candidate_013,radiometer_basic;fc4_flux;cr1000xe_backbone,1.9104,calm,particle,0,1.0257079601287842
7184,candidate_013,radiometer_basic;fc4_flux;cr1000xe_backbone,1.9104,calm,particle,0,1.0347567796707153
7184,candidate_013,radiometer_basic;fc4_flux;cr1000xe_backbone,1.9104,calm,particle,0,0.9822428822517395
7184,candidate_013,radiometer_basic;fc4_flux;cr1000xe_backbone,1.9104,calm,particle,0,0.9636183977127075
7184,candidate_013,radiometer_basic;fc4_flux;cr1000xe_backbone,1.9104,calm,particle,0,0.9356574416160583
7184,candidate_013,radiometer_basic;fc4_flux;cr1000xe_backbone,1.9104,calm,particle,0,0.8745388388633728
7184,candidate_013,radiometer_basic;fc4_flux;cr1000xe_backbone,1.9104,calm,particle,0,0.8507765531539917
7184,candidate_013,radiometer_basic;fc4_flux;cr1000xe_backbone,1.9104,calm,particle,0,0.8323345184326172
7184,candidate_013,radiometer_basic;fc4_flux;cr1000xe_backbone,1.9104,calm,particle,0,0.859719455242157
7184,candidate_013,radiometer_basic;fc4_flux;cr1000xe_backbone,1.9104,calm,particle,0,0.8445603251457214
7184,candidate_013,radiometer_basic;fc4_flux;cr1000xe_backbone,1.9104,calm,particle,0,0.8934245705604553
7184,candidate_013,radiometer_basic;fc4_flux;cr1000xe_backbone,1.9104,calm,particle,0,0.9795023202896118
7184,candidate_013,radiometer_basic;fc4_flux;cr1000xe_backbone,1.9104,calm,particle,0,0.9856591820716858
7184,candidate_013,radiometer_basic;fc4_flux;cr1000xe_backbone,1.9104,calm,particle,0,1.0143544673919678
7184,candidate_013,radiometer_basic;fc4_flux;cr1000xe_backbone,1.9104,calm,particle,0,1.0201247930526733
7184,candidate_013,radiometer_basic;fc4_flux;cr1000xe_backbone,1.9104,calm,particle,0,1.1010925769805908
7184,candidate_013,radiometer_basic;fc4_flux;cr1000xe_backbone,1.9104,calm,particle,0,1.129158854484558
7184,candidate_013,radiometer_basic;fc4_flux;cr1000xe_backbone,1.9104,calm,thermal,0,1.0846554040908813
7184,candidate_013,radiometer_basic;fc4_flux;cr1000xe_backbone,1.9104,calm,thermal,0,1.1518406867980957
7184,candidate_013,radiometer_basic;fc4_flux;cr1000xe_backbone,1.9104,calm,thermal,0,1.1269571781158447
7184,candidate_013,radiometer_basic;fc4_flux;cr1000xe_backbone,1.9104,calm,thermal,0,1.141090989112854
7184,candidate_013,radiometer_basic;fc4_flux;cr1000xe_backbone,1.9104,calm,thermal,0,1.0817434787750244
7184,candidate_013,radiometer_basic;fc4_flux;cr1000xe_backbone,1.9104,calm,thermal,0,1.1442570686340332
7184,candidate_013,radiometer_basic;fc4_flux;cr1000xe_backbone,1.9104,calm,thermal,0,1.0839890241622925
7184,candidate_013,radiometer_basic;fc4_flux;cr1000xe_backbone,1.9104,calm,thermal,0,1.086729884147644
7184,candidate_013,radiometer_basic;fc4_flux;cr1000xe_backbone,1.9104,calm,thermal,0,1.0238386392593384
7184,candidate_013,radiometer_basic;fc4_flux;cr1000xe_backbone,1.9104,calm,thermal,0,1.0635106563568115
7184,candidate_013,radiometer_basic;fc4_flux;cr1000xe_backbone,1.9104,calm,thermal,0,1.0362616777420044
7184,candidate_013,radiometer_basic;fc4_flux;cr1000xe_backbone,1.9104,calm,thermal,0,1.0358161926269531
7184,candidate_013,radiometer_basic;fc4_flux;cr1000xe_backbone,1.9104,calm,thermal,0,1.0272401571273804
7184,candidate_013,radiometer_basic;fc4_flux;cr1000xe_backbone,1.9104,calm,thermal,0,1.00824773311615
7184,candidate_013,radiometer_basic;fc4_flux;cr1000xe_backbone,1.9104,calm,thermal,0,0.9180729389190674
7184,candidate_013,radiometer_basic;fc4_flux;cr1000xe_backbone,1.9104,calm,thermal,0,0.8794142007827759
7184,candidate_013,radiometer_basic;fc4_flux;cr1000xe_backbone,1.9104,calm,thermal,0,0.8485246896743774
7184,candidate_013,radiometer_basic;fc4_flux;cr1000xe_backbone,1.9104,calm,thermal,0,0.8959899544715881
7184,candidate_013,radiometer_basic;fc4_flux;cr1000xe_backbone,1.9104,calm,thermal,0,0.9583956599235535
7184,candidate_013,radiometer_basic;fc4_flux;cr1000xe_backbone,1.9104,calm,thermal,0,0.9870692491531372
7184,candidate_013,radiometer_basic;fc4_flux;cr1000xe_backbone,1.9104,calm,thermal,0,1.0398120880126953
7184,candidate_013,radiometer_basic;fc4_flux;cr1000xe_backbone,1.9104,calm,transport,0,1.027093768119812
7184,candidate_013,radiometer_basic;fc4_flux;cr1000xe_backbone,1.9104,calm,transport,0,1.0885546207427979
7184,candidate_013,radiometer_basic;fc4_flux;cr1000xe_backbone,1.9104,calm,transport,0,1.006435513496399
7184,candidate_013,radiometer_basic;fc4_flux;cr1000xe_backbone,1.9104,calm,transport,0,1.0308444499969482
7184,candidate_013,radiometer_basic;fc4_flux;cr1000xe_backbone,1.9104,calm,transport,0,0.9215099811553955
7184,candidate_013,radiometer_basic;fc4_flux;cr1000xe_backbone,1.9104,calm,transport,0,0.8736067414283752
7184,candidate_013,radiometer_basic;fc4_flux;cr1000xe_backbone,1.9104,calm,transport,0,0.9025058746337891
7184,candidate_013,radiometer_basic;fc4_flux;cr1000xe_backbone,1.9104,calm,transport,0,0.8341041803359985
7184,candidate_013,radiometer_basic;fc4_flux;cr1000xe_backbone,1.9104,calm,transport,0,0.9064605236053467
7184,candidate_013,radiometer_basic;fc4_flux;cr1000xe_backbone,1.9104,calm,transport,0,0.8923124074935913
7184,candidate_013,radiometer_basic;fc4_flux;cr1000xe_backbone,1.9104,calm,transport,0,0.9172434210777283
7184,candidate_013,radiometer_basic;fc4_flux;cr1000xe_backbone,1.9104,calm,transport,0,0.8945639133453369
7184,candidate_013,radiometer_basic;fc4_flux;cr1000xe_backbone,1.9104,calm,transport,0,0.9387868046760559
7184,candidate_013,radiometer_basic;fc4_flux;cr1000xe_backbone,1.9104,calm,transport,0,0.9796901345252991
7184,candidate_013,radiometer_basic;fc4_flux;cr1000xe_backbone,1.9104,calm,transport,0,0.9491204619407654
7184,candidate_013,radiometer_basic;fc4_flux;cr1000xe_backbone,1.9104,calm,transport,0,0.9529991745948792
7184,candidate_013,radiometer_basic;fc4_flux;cr1000xe_backbone,1.9104,calm,transport,0,0.9411755800247192
7184,candidate_013,radiometer_basic;fc4_flux;cr1000xe_backbone,1.9104,calm,transport,0,0.9323863387107849
7184,candidate_013,radiometer_basic;fc4_flux;cr1000xe_backbone,1.9104,calm,transport,0,0.8502573370933533
7184,candidate_013,radiometer_basic;fc4_flux;cr1000xe_backbone,1.9104,calm,transport,0,0.8228438496589661
7184,candidate_013,radiometer_basic;fc4_flux;cr1000xe_backbone,1.9104,calm,transport,0,0.8660268783569336
7184,candidate_013,radiometer_basic;fc4_flux;cr1000xe_backbone,1.9104,calm,transport,0,0.9480613470077515
7184,candidate_013,radiometer_basic;fc4_flux;cr1000xe_backbone,1.9104,calm,transport,0,0.941853940486908
7184,candidate_013,radiometer_basic;fc4_flux;cr1000xe_backbone,1.9104,calm,transport,0,0.9675824046134949
7184,candidate_013,radiometer_basic;fc4_flux;cr1000xe_backbone,1.9104,calm,transport,0,0.9463798999786377
7184,candidate_013,radiometer_basic;fc4_flux;cr1000xe_backbone,1.9104,calm,transport,0,1.0015265941619873
7184,candidate_013,radiometer_basic;fc4_flux;cr1000xe_backbone,1.9104,calm,transport,0,0.9411135911941528
7184,candidate_013,radiometer_basic;fc4_flux;cr1000xe_backbone,1.9104,calm,transport,0,1.0166536569595337
7184,candidate_013,radiometer_basic;fc4_flux;cr1000xe_backbone,1.9104,calm,thermal,0,0.4964292645454407
7184,candidate_013,radiometer_basic;fc4_flux;cr1000xe_backbone,1.9104,calm,thermal,0,0.459846556186676
7184,candidate_013,radiometer_basic;fc4_flux;cr1000xe_backbone,1.9104,particle,thermal,1,0.47434908151626587
7184,candidate_013,radiometer_basic;fc4_flux;cr1000xe_backbone,1.9104,particle,thermal,1,0.4766135513782501
7184,candidate_013,radiometer_basic;fc4_flux;cr1000xe_backbone,1.9104,particle,thermal,1,0.48011314868927
7184,candidate_013,radiometer_basic;fc4_flux;cr1000xe_backbone,1.9104,particle,thermal,1,0.5001009702682495
7184,candidate_013,radiometer_basic;fc4_flux;cr1000xe_backbone,1.9104,particle,thermal,1,0.8121775984764099
7184,candidate_013,radiometer_basic;fc4_flux;cr1000xe_backbone,1.9104,particle,thermal,1,1.1346831321716309
7184,candidate_013,radiometer_basic;fc4_flux;cr1000xe_backbone,1.9104,particle,thermal,1,1.3635495901107788
7184,candidate_013,radiometer_basic;fc4_flux;cr1000xe_backbone,1.9104,particle,thermal,1,1.698896050453186
7184,candidate_013,radiometer_basic;fc4_flux;cr1000xe_backbone,1.9104,particle,thermal,1,1.9391571283340454
7184,candidate_013,radiometer_basic;fc4_flux;cr1000xe_backbone,1.9104,particle,thermal,1,2.210458755493164
7184,candidate_013,radiometer_basic;fc4_flux;cr1000xe_backbone,1.9104,particle,thermal,1,2.4577603340148926
7184,candidate_013,radiometer_basic;fc4_flux;cr1000xe_backbone,1.9104,particle,thermal,1,2.723428249359131
7184,candidate_013,radiometer_basic;fc4_flux;cr1000xe_backbone,1.9104,particle,transport,1,2.7931928634643555
7184,candidate_013,radiometer_basic;fc4_flux;cr1000xe_backbone,1.9104,particle,transport,1,2.7699248790740967
7184,candidate_013,radiometer_basic;fc4_flux;cr1000xe_backbone,1.9104,particle,transport,1,2.8390605449676514
7184,candidate_013,radiometer_basic;fc4_flux;cr1000xe_backbone,1.9104,particle,transport,1,2.8261921405792236
7184,candidate_013,radiometer_basic;fc4_flux;cr1000xe_backbone,1.9104,particle,transport,1,2.8766703605651855
7184,candidate_013,radiometer_basic;fc4_flux;cr1000xe_backbone,1.9104,particle,transport,1,2.8152730464935303
7184,candidate_013,radiometer_basic;fc4_flux;cr1000xe_backbone,1.9104,particle,transport,1,2.888111114501953
7184,candidate_013,radiometer_basic;fc4_flux;cr1000xe_backbone,1.9104,particle,transport,1,2.8971328735351562
7184,candidate_013,radiometer_basic;fc4_flux;cr1000xe_backbone,1.9104,particle,transport,1,3.025939702987671
7184,candidate_013,radiometer_basic;fc4_flux;cr1000xe_backbone,1.9104,particle,transport,1,2.948460102081299
7184,candidate_013,radiometer_basic;fc4_flux;cr1000xe_backbone,1.9104,particle,transport,1,3.0064635276794434
7184,candidate_013,radiometer_basic;fc4_flux;cr1000xe_backbone,1.9104,particle,transport,1,2.9397456645965576
7184,candidate_013,radiometer_basic;fc4_flux;cr1000xe_backbone,1.9104,particle,transport,1,3.1218013763427734
7184,candidate_013,radiometer_basic;fc4_flux;cr1000xe_backbone,1.9104,particle,transport,1,3.125504970550537
7184,candidate_013,radiometer_basic;fc4_flux;cr1000xe_backbone,1.9104,particle,transport,1,3.2456977367401123
7184,candidate_013,radiometer_basic;fc4_flux;cr1000xe_backbone,1.9104,particle,transport,1,3.1909728050231934
7184,candidate_013,radiometer_basic;fc4_flux;cr1000xe_backbone,1.9104,particle,transport,1,3.1498091220855713
7184,candidate_013,radiometer_basic;fc4_flux;cr1000xe_backbone,1.9104,particle,transport,1,3.208178997039795
7184,candidate_013,radiometer_basic;fc4_flux;cr1000xe_backbone,1.9104,particle,transport,1,3.0125410556793213
7184,candidate_013,radiometer_basic;fc4_flux;cr1000xe_backbone,1.9104,particle,transport,1,2.665677309036255
7184,candidate_013,radiometer_basic;fc4_flux;cr1000xe_backbone,1.9104,particle,transport,1,2.317657232284546
7184,candidate_013,radiometer_basic;fc4_flux;cr1000xe_backbone,1.9104,particle,transport,1,2.166961908340454
7184,candidate_013,radiometer_basic;fc4_flux;cr1000xe_backbone,1.9104,particle,transport,1,1.8065115213394165
7184,candidate_013,radiometer_basic;fc4_flux;cr1000xe_backbone,1.9104,particle,transport,1,1.582755446434021
7184,candidate_013,radiometer_basic;fc4_flux;cr1000xe_backbone,1.9104,particle,transport,1,1.0121625661849976
7184,candidate_013,radiometer_basic;fc4_flux;cr1000xe_backbone,1.9104,particle,transport,1,0.797712504863739
7184,candidate_013,radiometer_basic;fc4_flux;cr1000xe_backbone,1.9104,particle,particle,1,0.7932780981063843
7184,candidate_013,radiometer_basic;fc4_flux;cr1000xe_backbone,1.9104,particle,particle,1,0.7900973558425903
7184,candidate_013,radiometer_basic;fc4_flux;cr1000xe_backbone,1.9104,particle,particle,1,0.6170265674591064
7184,candidate_013,radiometer_basic;fc4_flux;cr1000xe_backbone,1.9104,particle,particle,1,0.6443995833396912
7184,candidate_013,radiometer_basic;fc4_flux;cr1000xe_backbone,1.9104,particle,particle,1,0.6296610832214355
7184,candidate_013,radiometer_basic;fc4_flux;cr1000xe_backbone,1.9104,particle,particle,1,0.5652769804000854
7184,candidate_013,radiometer_basic;fc4_flux;cr1000xe_backbone,1.9104,particle,particle,1,0.5406919717788696
7184,candidate_013,radiometer_basic;fc4_flux;cr1000xe_backbone,1.9104,particle,particle,1,0.49772849678993225
7184,candidate_013,radiometer_basic;fc4_flux;cr1000xe_backbone,1.9104,particle,particle,1,0.522787868976593
7184,candidate_013,radiometer_basic;fc4_flux;cr1000xe_backbone,1.9104,particle,particle,1,0.6713265180587769
7184,candidate_013,radiometer_basic;fc4_flux;cr1000xe_backbone,1.9104,particle,particle,1,0.7569129467010498
7184,candidate_013,radiometer_basic;fc4_flux;cr1000xe_backbone,1.9104,particle,particle,1,0.8933573365211487
7184,candidate_013,radiometer_basic;fc4_flux;cr1000xe_backbone,1.9104,particle,particle,1,0.9575715065002441
7184,candidate_013,radiometer_basic;fc4_flux;cr1000xe_backbone,1.9104,particle,particle,1,1.0228512287139893
7184,candidate_013,radiometer_basic;fc4_flux;cr1000xe_backbone,1.9104,particle,particle,1,1.0606058835983276
7184,candidate_013,radiometer_basic;fc4_flux;cr1000xe_backbone,1.9104,particle,particle,1,1.0819320678710938
7184,candidate_013,radiometer_basic;fc4_flux;cr1000xe_backbone,1.9104,particle,particle,1,0.891366183757782
7184,candidate_013,radiometer_basic;fc4_flux;cr1000xe_backbone,1.9104,calm,particle,0,0.9714875817298889
7184,candidate_013,radiometer_basic;fc4_flux;cr1000xe_backbone,1.9104,calm,thermal,0,0.7392387986183167
7184,candidate_013,radiometer_basic;fc4_flux;cr1000xe_backbone,1.9104,calm,thermal,0,0.7164090871810913
7184,candidate_013,radiometer_basic;fc4_flux;cr1000xe_backbone,1.9104,calm,thermal,0,0.7385232448577881
7184,candidate_013,radiometer_basic;fc4_flux;cr1000xe_backbone,1.9104,calm,thermal,0,0.7677079439163208
7184,candidate_013,radiometer_basic;fc4_flux;cr1000xe_backbone,1.9104,calm,thermal,0,0.8037161231040955
7184,candidate_013,radiometer_basic;fc4_flux;cr1000xe_backbone,1.9104,calm,thermal,0,0.8471044898033142
7184,candidate_013,radiometer_basic;fc4_flux;cr1000xe_backbone,1.9104,calm,thermal,0,0.8076720833778381
7184,candidate_013,radiometer_basic;fc4_flux;cr1000xe_backbone,1.9104,calm,thermal,0,0.88522869348526
7184,candidate_013,radiometer_basic;fc4_flux;cr1000xe_backbone,1.9104,calm,thermal,0,0.8314294219017029
7184,candidate_013,radiometer_basic;fc4_flux;cr1000xe_backbone,1.9104,calm,thermal,0,0.771260142326355
7184,candidate_013,radiometer_basic;fc4_flux;cr1000xe_backbone,1.9104,calm,thermal,0,0.6749843955039978
7184,candidate_013,radiometer_basic;fc4_flux;cr1000xe_backbone,1.9104,calm,thermal,0,0.6727527379989624
7184,candidate_013,radiometer_basic;fc4_flux;cr1000xe_backbone,1.9104,calm,thermal,0,0.5941005349159241
7184,candidate_013,radiometer_basic;fc4_flux;cr1000xe_backbone,1.9104,flux,thermal,2,0.5091673731803894
7184,candidate_013,radiometer_basic;fc4_flux;cr1000xe_backbone,1.9104,flux,thermal,2,0.8100335597991943
7184,candidate_013,radiometer_basic;fc4_flux;cr1000xe_backbone,1.9104,flux,thermal,2,1.1013431549072266
7184,candidate_013,radiometer_basic;fc4_flux;cr1000xe_backbone,1.9104,flux,thermal,2,1.4589080810546875
7184,candidate_013,radiometer_basic;fc4_flux;cr1000xe_backbone,1.9104,flux,thermal,2,1.7315760850906372
7184,candidate_013,radiometer_basic;fc4_flux;cr1000xe_backbone,1.9104,flux,thermal,2,2.042781114578247
7184,candidate_013,radiometer_basic;fc4_flux;cr1000xe_backbone,1.9104,flux,thermal,2,2.323232889175415
7184,candidate_013,radiometer_basic;fc4_flux;cr1000xe_backbone,1.9104,flux,thermal,2,2.6621406078338623
7184,candidate_013,radiometer_basic;fc4_flux;cr1000xe_backbone,1.9104,flux,thermal,2,2.942425489425659
7184,candidate_013,radiometer_basic;fc4_flux;cr1000xe_backbone,1.9104,flux,transport,2,3.0605008602142334
7184,candidate_013,radiometer_basic;fc4_flux;cr1000xe_backbone,1.9104,flux,transport,2,3.0224361419677734
7184,candidate_013,radiometer_basic;fc4_flux;cr1000xe_backbone,1.9104,flux,transport,2,3.0565872192382812
7184,candidate_013,radiometer_basic;fc4_flux;cr1000xe_backbone,1.9104,flux,transport,2,3.0389270782470703
7184,candidate_013,radiometer_basic;fc4_flux;cr1000xe_backbone,1.9104,flux,transport,2,3.1045994758605957
7184,candidate_013,radiometer_basic;fc4_flux;cr1000xe_backbone,1.9104,flux,transport,2,3.07582426071167
7184,candidate_013,radiometer_basic;fc4_flux;cr1000xe_backbone,1.9104,flux,transport,2,3.063481092453003
7184,candidate_013,radiometer_basic;fc4_flux;cr1000xe_backbone,1.9104,flux,transport,2,3.084001064300537
7184,candidate_013,radiometer_basic;fc4_flux;cr1000xe_backbone,1.9104,flux,transport,2,3.182559013366699
7184,candidate_013,radiometer_basic;fc4_flux;cr1000xe_backbone,1.9104,flux,transport,2,3.174020290374756
7184,candidate_013,radiometer_basic;fc4_flux;cr1000xe_backbone,1.9104,flux,transport,2,3.1571857929229736
7184,candidate_013,radiometer_basic;fc4_flux;cr1000xe_backbone,1.9104,flux,transport,2,3.1416382789611816
7184,candidate_013,radiometer_basic;fc4_flux;cr1000xe_backbone,1.9104,flux,transport,2,3.2728400230407715
7184,candidate_013,radiometer_basic;fc4_flux;cr1000xe_backbone,1.9104,flux,transport,2,3.231416702270508
7184,candidate_013,radiometer_basic;fc4_flux;cr1000xe_backbone,1.9104,flux,transport,2,2.8627097606658936
7184,candidate_013,radiometer_basic;fc4_flux;cr1000xe_backbone,1.9104,flux,transport,2,2.4906585216522217
7184,candidate_013,radiometer_basic;fc4_flux;cr1000xe_backbone,1.9104,flux,transport,2,2.225465774536133
7184,candidate_013,radiometer_basic;fc4_flux;cr1000xe_backbone,1.9104,flux,transport,2,1.8704932928085327
7184,candidate_013,radiometer_basic;fc4_flux;cr1000xe_backbone,1.9104,flux,transport,2,1.6984833478927612
7184,candidate_013,radiometer_basic;fc4_flux;cr1000xe_backbone,1.9104,flux,transport,2,1.5427318811416626
7184,candidate_013,radiometer_basic;fc4_flux;cr1000xe_backbone,1.9104,flux,transport,2,1.4511287212371826
7184,candidate_013,radiometer_basic;fc4_flux;cr1000xe_backbone,1.9104,flux,transport,2,1.4759953022003174
7184,candidate_013,radiometer_basic;fc4_flux;cr1000xe_backbone,1.9104,flux,particle,2,0.9583981037139893
7184,candidate_013,radiometer_basic;fc4_flux;cr1000xe_backbone,1.9104,flux,particle,2,1.130410075187683
7184,candidate_013,radiometer_basic;fc4_flux;cr1000xe_backbone,1.9104,flux,particle,2,1.2604596614837646
7184,candidate_013,radiometer_basic;fc4_flux;cr1000xe_backbone,1.9104,flux,particle,2,1.3458033800125122
7184,candidate_013,radiometer_basic;fc4_flux;cr1000xe_backbone,1.9104,calm,particle,0,1.3053083419799805
7184,candidate_013,radiometer_basic;fc4_flux;cr1000xe_backbone,1.9104,calm,particle,0,1.2065374851226807
7184,candidate_013,radiometer_basic;fc4_flux;cr1000xe_backbone,1.9104,calm,particle,0,1.0890542268753052
7184,candidate_013,radiometer_basic;fc4_flux;cr1000xe_backbone,1.9104,calm,particle,0,1.0461848974227905
7184,candidate_013,radiometer_basic;fc4_flux;cr1000xe_backbone,1.9104,calm,particle,0,0.8404244184494019
7184,candidate_013,radiometer_basic;fc4_flux;cr1000xe_backbone,1.9104,calm,particle,0,0.810640275478363
7184,candidate_013,radiometer_basic;fc4_flux;cr1000xe_backbone,1.9104,calm,particle,0,0.6802334785461426
7184,candidate_013,radiometer_basic;fc4_flux;cr1000xe_backbone,1.9104,calm,particle,0,0.6705760955810547
7184,candidate_013,radiometer_basic;fc4_flux;cr1000xe_backbone,1.9104,calm,particle,0,0.6344917416572571
7184,candidate_013,radiometer_basic;fc4_flux;cr1000xe_backbone,1.9104,calm,particle,0,0.7273530960083008
7184,candidate_013,radiometer_basic;fc4_flux;cr1000xe_backbone,1.9104,calm,particle,0,0.724307656288147
7184,candidate_013,radiometer_basic;fc4_flux;cr1000xe_backbone,1.9104,calm,particle,0,0.8227441906929016
7184,candidate_013,radiometer_basic;fc4_flux;cr1000xe_backbone,1.9104,flux,particle,2,0.7870634198188782
7184,candidate_013,radiometer_basic;fc4_flux;cr1000xe_backbone,1.9104,flux,particle,2,0.7236500978469849
7184,candidate_013,radiometer_basic;fc4_flux;cr1000xe_backbone,1.9104,flux,particle,2,0.8423973321914673
7184,candidate_013,radiometer_basic;fc4_flux;cr1000xe_backbone,1.9104,flux,particle,2,0.8484022617340088
7184,candidate_013,radiometer_basic;fc4_flux;cr1000xe_backbone,1.9104,flux,particle,2,0.9101614356040955
7184,candidate_013,radiometer_basic;fc4_flux;cr1000xe_backbone,1.9104,flux,particle,2,0.8350371718406677
7184,candidate_013,radiometer_basic;fc4_flux;cr1000xe_backbone,1.9104,flux,particle,2,0.9231618642807007
7184,candidate_013,radiometer_basic;fc4_flux;cr1000xe_backbone,1.9104,flux,particle,2,0.8955382108688354
7184,candidate_013,radiometer_basic;fc4_flux;cr1000xe_backbone,1.9104,flux,particle,2,0.8966498374938965
7184,candidate_013,radiometer_basic;fc4_flux;cr1000xe_backbone,1.9104,flux,particle,2,0.8695170283317566
7184,candidate_013,radiometer_basic;fc4_flux;cr1000xe_backbone,1.9104,flux,particle,2,0.8372716903686523
7184,candidate_013,radiometer_basic;fc4_flux;cr1000xe_backbone,1.9104,flux,particle,2,0.8373895287513733
7184,candidate_013,radiometer_basic;fc4_flux;cr1000xe_backbone,1.9104,flux,particle,2,0.8714084029197693
7184,candidate_013,radiometer_basic;fc4_flux;cr1000xe_backbone,1.9104,flux,particle,2,0.8511680364608765
7184,candidate_013,radiometer_basic;fc4_flux;cr1000xe_backbone,1.9104,flux,particle,2,0.823427677154541
7184,candidate_013,radiometer_basic;fc4_flux;cr1000xe_backbone,1.9104,flux,particle,2,0.7996552586555481
7184,candidate_013,radiometer_basic;fc4_flux;cr1000xe_backbone,1.9104,flux,thermal,2,0.8030193448066711
7184,candidate_013,radiometer_basic;fc4_flux;cr1000xe_backbone,1.9104,flux,thermal,2,0.8712928295135498
7184,candidate_013,radiometer_basic;fc4_flux;cr1000xe_backbone,1.9104,flux,thermal,2,0.8847535848617554
7184,candidate_013,radiometer_basic;fc4_flux;cr1000xe_backbone,1.9104,flux,thermal,2,0.898665189743042
7184,candidate_013,radiometer_basic;fc4_flux;cr1000xe_backbone,1.9104,flux,thermal,2,0.792288064956665
7184,candidate_013,radiometer_basic;fc4_flux;cr1000xe_backbone,1.9104,flux,thermal,2,0.8119892477989197
7184,candidate_013,radiometer_basic;fc4_flux;cr1000xe_backbone,1.9104,flux,thermal,2,0.7361873984336853
7184,candidate_013,radiometer_basic;fc4_flux;cr1000xe_backbone,1.9104,flux,thermal,2,0.8165227174758911
7184,candidate_013,radiometer_basic;fc4_flux;cr1000xe_backbone,1.9104,flux,thermal,2,0.8286882638931274
7184,candidate_013,radiometer_basic;fc4_flux;cr1000xe_backbone,1.9104,flux,thermal,2,0.8350260257720947
7184,candidate_013,radiometer_basic;fc4_flux;cr1000xe_backbone,1.9104,flux,thermal,2,0.8282074928283691
7184,candidate_013,radiometer_basic;fc4_flux;cr1000xe_backbone,1.9104,flux,thermal,2,0.851823091506958
7184,candidate_013,radiometer_basic;fc4_flux;cr1000xe_backbone,1.9104,flux,thermal,2,0.8207218647003174
7184,candidate_013,radiometer_basic;fc4_flux;cr1000xe_backbone,1.9104,flux,thermal,2,0.8036994338035583
7184,candidate_013,radiometer_basic;fc4_flux;cr1000xe_backbone,1.9104,flux,thermal,2,0.8074888586997986
7184,candidate_013,radiometer_basic;fc4_flux;cr1000xe_backbone,1.9104,flux,thermal,2,0.8396750092506409
7184,candidate_013,radiometer_basic;fc4_flux;cr1000xe_backbone,1.9104,flux,thermal,2,0.7902059555053711
7184,candidate_013,radiometer_basic;fc4_flux;cr1000xe_backbone,1.9104,calm,thermal,0,0.7370977401733398
7184,candidate_013,radiometer_basic;fc4_flux;cr1000xe_backbone,1.9104,calm,thermal,0,0.6622502207756042
7184,candidate_013,radiometer_basic;fc4_flux;cr1000xe_backbone,1.9104,calm,thermal,0,0.5545359253883362
7184,candidate_013,radiometer_basic;fc4_flux;cr1000xe_backbone,1.9104,calm,thermal,0,0.6316165328025818
7184,candidate_013,radiometer_basic;fc4_flux;cr1000xe_backbone,1.9104,calm,thermal,0,0.9036559462547302
7184,candidate_013,radiometer_basic;fc4_flux;cr1000xe_backbone,1.9104,calm,thermal,0,1.1872334480285645
7184,candidate_013,radiometer_basic;fc4_flux;cr1000xe_backbone,1.9104,calm,thermal,0,1.5205602645874023
7184,candidate_013,radiometer_basic;fc4_flux;cr1000xe_backbone,1.9104,calm,thermal,0,1.9006407260894775
7184,candidate_013,radiometer_basic;fc4_flux;cr1000xe_backbone,1.9104,calm,thermal,0,2.1876516342163086
7184,candidate_013,radiometer_basic;fc4_flux;cr1000xe_backbone,1.9104,calm,thermal,0,2.484973192214966
7184,candidate_013,radiometer_basic;fc4_flux;cr1000xe_backbone,1.9104,calm,thermal,0,2.7278788089752197
7184,candidate_013,radiometer_basic;fc4_flux;cr1000xe_backbone,1.9104,calm,thermal,0,3.058109998703003
7184,candidate_013,radiometer_basic;fc4_flux;cr1000xe_backbone,1.9104,thermal,transport,3,3.1587307453155518
7184,candidate_013,radiometer_basic;fc4_flux;cr1000xe_backbone,1.9104,thermal,transport,3,3.168431043624878
7184,candidate_013,radiometer_basic;fc4_flux;cr1000xe_backbone,1.9104,thermal,transport,3,3.14697003364563
7184,candidate_013,radiometer_basic;fc4_flux;cr1000xe_backbone,1.9104,thermal,transport,3,3.1231133937835693
7184,candidate_013,radiometer_basic;fc4_flux;cr1000xe_backbone,1.9104,thermal,transport,3,3.1604676246643066
7184,candidate_013,radiometer_basic;fc4_flux;cr1000xe_backbone,1.9104,thermal,transport,3,3.1372804641723633
7184,candidate_013,radiometer_basic;fc4_flux;cr1000xe_backbone,1.9104,thermal,transport,3,3.0612189769744873
7184,candidate_013,radiometer_basic;fc4_flux;cr1000xe_backbone,1.9104,thermal,transport,3,3.059659004211426
7184,candidate_013,radiometer_basic;fc4_flux;cr1000xe_backbone,1.9104,thermal,transport,3,3.223078966140747
7184,candidate_013,radiometer_basic;fc4_flux;cr1000xe_backbone,1.9104,thermal,transport,3,3.123762369155884
7184,candidate_013,radiometer_basic;fc4_flux;cr1000xe_backbone,1.9104,thermal,transport,3,3.1747450828552246
7184,candidate_013,radiometer_basic;fc4_flux;cr1000xe_backbone,1.9104,thermal,transport,3,3.2155847549438477
7184,candidate_013,radiometer_basic;fc4_flux;cr1000xe_backbone,1.9104,thermal,transport,3,2.9778406620025635
7184,candidate_013,radiometer_basic;fc4_flux;cr1000xe_backbone,1.9104,thermal,transport,3,2.6324965953826904
7184,candidate_013,radiometer_basic;fc4_flux;cr1000xe_backbone,1.9104,thermal,transport,3,2.452704668045044
7184,candidate_013,radiometer_basic;fc4_flux;cr1000xe_backbone,1.9104,thermal,transport,3,2.0884153842926025
7184,candidate_013,radiometer_basic;fc4_flux;cr1000xe_backbone,1.9104,thermal,transport,3,1.9211336374282837
7184,candidate_013,radiometer_basic;fc4_flux;cr1000xe_backbone,1.9104,thermal,transport,3,1.4631469249725342
7184,candidate_013,radiometer_basic;fc4_flux;cr1000xe_backbone,1.9104,thermal,transport,3,1.2443166971206665
7184,candidate_013,radiometer_basic;fc4_flux;cr1000xe_backbone,1.9104,thermal,transport,3,1.2216578722000122
7184,candidate_013,radiometer_basic;fc4_flux;cr1000xe_backbone,1.9104,thermal,particle,3,1.1073933839797974
7184,candidate_013,radiometer_basic;fc4_flux;cr1000xe_backbone,1.9104,thermal,particle,3,1.2051746845245361
7184,candidate_013,radiometer_basic;fc4_flux;cr1000xe_backbone,1.9104,thermal,particle,3,1.2135868072509766
7184,candidate_013,radiometer_basic;fc4_flux;cr1000xe_backbone,1.9104,thermal,particle,3,1.0161066055297852
7184,candidate_013,radiometer_basic;fc4_flux;cr1000xe_backbone,1.9104,thermal,particle,3,1.2168298959732056
7184,candidate_013,radiometer_basic;fc4_flux;cr1000xe_backbone,1.9104,thermal,particle,3,1.2671788930892944
7184,candidate_013,radiometer_basic;fc4_flux;cr1000xe_backbone,1.9104,thermal,particle,3,1.2622846364974976
7184,candidate_013,radiometer_basic;fc4_flux;cr1000xe_backbone,1.9104,thermal,particle,3,1.265609860420227
7184,candidate_013,radiometer_basic;fc4_flux;cr1000xe_backbone,1.9104,thermal,particle,3,1.4407601356506348
7184,candidate_013,radiometer_basic;fc4_flux;cr1000xe_backbone,1.9104,calm,particle,0,1.4127583503723145
7184,candidate_013,radiometer_basic;fc4_flux;cr1000xe_backbone,1.9104,calm,particle,0,1.347826600074768
7184,candidate_013,radiometer_basic;fc4_flux;cr1000xe_backbone,1.9104,calm,particle,0,1.242861032485962
7184,candidate_013,radiometer_basic;fc4_flux;cr1000xe_backbone,1.9104,calm,particle,0,1.1115444898605347
7184,candidate_013,radiometer_basic;fc4_flux;cr1000xe_backbone,1.9104,calm,particle,0,1.1666864156723022
7184,candidate_013,radiometer_basic;fc4_flux;cr1000xe_backbone,1.9104,calm,particle,0,1.08296537399292
7184,candidate_013,radiometer_basic;fc4_flux;cr1000xe_backbone,1.9104,calm,particle,0,0.9598421454429626
7184,candidate_013,radiometer_basic;fc4_flux;cr1000xe_backbone,1.9104,calm,particle,0,0.8188632726669312
7184,candidate_013,radiometer_basic;fc4_flux;cr1000xe_backbone,1.9104,calm,particle,0,0.7942712306976318
7184,candidate_013,radiometer_basic;fc4_flux;cr1000xe_backbone,1.9104,calm,particle,0,0.7217429280281067
7184,candidate_013,radiometer_basic;fc4_flux;cr1000xe_backbone,1.9104,calm,particle,0,0.5705392956733704
7184,candidate_013,radiometer_basic;fc4_flux;cr1000xe_backbone,1.9104,calm,particle,0,0.6459342241287231
7184,candidate_013,radiometer_basic;fc4_flux;cr1000xe_backbone,1.9104,calm,particle,0,0.546421468257904
7184,candidate_013,radiometer_basic;fc4_flux;cr1000xe_backbone,1.9104,calm,particle,0,0.47112753987312317
7184,candidate_013,radiometer_basic;fc4_flux;cr1000xe_backbone,1.9104,thermal,thermal,3,0.39987534284591675
7184,candidate_013,radiometer_basic;fc4_flux;cr1000xe_backbone,1.9104,thermal,thermal,3,0.4081117808818817
7184,candidate_013,radiometer_basic;fc4_flux;cr1000xe_backbone,1.9104,thermal,thermal,3,0.4970056116580963
7184,candidate_013,radiometer_basic;fc4_flux;cr1000xe_backbone,1.9104,thermal,thermal,3,0.4113638997077942
7184,candidate_013,radiometer_basic;fc4_flux;cr1000xe_backbone,1.9104,thermal,thermal,3,0.4162394404411316
7184,candidate_013,radiometer_basic;fc4_flux;cr1000xe_backbone,1.9104,thermal,thermal,3,0.37549787759780884
7184,candidate_013,radiometer_basic;fc4_flux;cr1000xe_backbone,1.9104,thermal,thermal,3,0.36913642287254333
7184,candidate_013,radiometer_basic;fc4_flux;cr1000xe_backbone,1.9104,thermal,thermal,3,0.3612329959869385
7184,candidate_013,radiometer_basic;fc4_flux;cr1000xe_backbone,1.9104,thermal,thermal,3,0.4065515697002411
7184,candidate_013,radiometer_basic;fc4_flux;cr1000xe_backbone,1.9104,thermal,thermal,3,0.3613279461860657
7184,candidate_013,radiometer_basic;fc4_flux;cr1000xe_backbone,1.9104,thermal,thermal,3,0.4582258462905884
7184,candidate_013,radiometer_basic;fc4_flux;cr1000xe_backbone,1.9104,thermal,thermal,3,0.40084028244018555
7184,candidate_013,radiometer_basic;fc4_flux;cr1000xe_backbone,1.9104,thermal,thermal,3,0.531790554523468
7184,candidate_013,radiometer_basic;fc4_flux;cr1000xe_backbone,1.9104,thermal,thermal,3,0.4901539385318756
7184,candidate_013,radiometer_basic;fc4_flux;cr1000xe_backbone,1.9104,thermal,thermal,3,0.8094998002052307
7184,candidate_013,radiometer_basic;fc4_flux;cr1000xe_backbone,1.9104,thermal,thermal,3,1.0927057266235352
7184,candidate_013,radiometer_basic;fc4_flux;cr1000xe_backbone,1.9104,thermal,thermal,3,1.3774726390838623
7184,candidate_013,radiometer_basic;fc4_flux;cr1000xe_backbone,1.9104,thermal,thermal,3,1.759521484375
7184,candidate_013,radiometer_basic;fc4_flux;cr1000xe_backbone,1.9104,thermal,thermal,3,2.0360636711120605
7184,candidate_013,radiometer_basic;fc4_flux;cr1000xe_backbone,1.9104,thermal,thermal,3,2.461820363998413
7184,candidate_013,radiometer_basic;fc4_flux;cr1000xe_backbone,1.9104,thermal,thermal,3,2.7289164066314697
7184,candidate_013,radiometer_basic;fc4_flux;cr1000xe_backbone,1.9104,thermal,thermal,3,3.1399292945861816
7184,candidate_013,radiometer_basic;fc4_flux;cr1000xe_backbone,1.9104,thermal,transport,3,3.0270183086395264
7184,candidate_013,radiometer_basic;fc4_flux;cr1000xe_backbone,1.9104,thermal,transport,3,2.971289873123169
7184,candidate_013,radiometer_basic;fc4_flux;cr1000xe_backbone,1.9104,thermal,transport,3,2.9467227458953857
7184,candidate_013,radiometer_basic;fc4_flux;cr1000xe_backbone,1.9104,thermal,transport,3,3.0509095191955566
7184,candidate_013,radiometer_basic;fc4_flux;cr1000xe_backbone,1.9104,thermal,transport,3,3.0476276874542236
7184,candidate_013,radiometer_basic;fc4_flux;cr1000xe_backbone,1.9104,thermal,transport,3,3.094618558883667
7184,candidate_013,radiometer_basic;fc4_flux;cr1000xe_backbone,1.9104,thermal,transport,3,3.116262197494507
7184,candidate_013,radiometer_basic;fc4_flux;cr1000xe_backbone,1.9104,thermal,transport,3,3.1888859272003174
7184,candidate_013,radiometer_basic;fc4_flux;cr1000xe_backbone,1.9104,thermal,transport,3,3.162496328353882
7184,candidate_013,radiometer_basic;fc4_flux;cr1000xe_backbone,1.9104,thermal,transport,3,3.1445817947387695
7184,candidate_013,radiometer_basic;fc4_flux;cr1000xe_backbone,1.9104,thermal,transport,3,3.19193172454834
7184,candidate_013,radiometer_basic;fc4_flux;cr1000xe_backbone,1.9104,thermal,transport,3,3.2785959243774414
7184,candidate_013,radiometer_basic;fc4_flux;cr1000xe_backbone,1.9104,thermal,transport,3,3.079577922821045
7184,candidate_013,radiometer_basic;fc4_flux;cr1000xe_backbone,1.9104,thermal,transport,3,2.6783430576324463
7184,candidate_013,radiometer_basic;fc4_flux;cr1000xe_backbone,1.9104,thermal,transport,3,2.389662027359009
7184,candidate_013,radiometer_basic;fc4_flux;cr1000xe_backbone,1.9104,thermal,transport,3,2.066624879837036
7184,candidate_013,radiometer_basic;fc4_flux;cr1000xe_backbone,1.9104,thermal,transport,3,1.8045588731765747
7184,candidate_013,radiometer_basic;fc4_flux;cr1000xe_backbone,1.9104,thermal,transport,3,1.5161653757095337
7184,candidate_013,radiometer_basic;fc4_flux;cr1000xe_backbone,1.9104,thermal,transport,3,1.4151206016540527
7184,candidate_013,radiometer_basic;fc4_flux;cr1000xe_backbone,1.9104,thermal,transport,3,1.2377557754516602
7184,candidate_013,radiometer_basic;fc4_flux;cr1000xe_backbone,1.9104,thermal,particle,3,1.1925361156463623
7184,candidate_013,radiometer_basic;fc4_flux;cr1000xe_backbone,1.9104,thermal,particle,3,0.7905068397521973
7184,candidate_013,radiometer_basic;fc4_flux;cr1000xe_backbone,1.9104,thermal,particle,3,0.8354271650314331
7184,candidate_013,radiometer_basic;fc4_flux;cr1000xe_backbone,1.9104,thermal,particle,3,0.9435838460922241
7184,candidate_013,radiometer_basic;fc4_flux;cr1000xe_backbone,1.9104,thermal,particle,3,0.9477058053016663
7184,candidate_013,radiometer_basic;fc4_flux;cr1000xe_backbone,1.9104,thermal,particle,3,0.8808965086936951
7184,candidate_013,radiometer_basic;fc4_flux;cr1000xe_backbone,1.9104,thermal,particle,3,0.873865008354187
7184,candidate_013,radiometer_basic;fc4_flux;cr1000xe_backbone,1.9104,thermal,particle,3,1.046953558921814
7184,candidate_014,surface_temp_ir;fc4_flux;cr1000xe_backbone,1.9904,calm,particle,0,1.0109184980392456
7184,candidate_014,surface_temp_ir;fc4_flux;cr1000xe_backbone,1.9904,calm,particle,0,0.9987103343009949
7184,candidate_014,surface_temp_ir;fc4_flux;cr1000xe_backbone,1.9904,calm,particle,0,1.0153534412384033
7184,candidate_014,surface_temp_ir;fc4_flux;cr1000xe_backbone,1.9904,calm,particle,0,1.0157175064086914
7184,candidate_014,surface_temp_ir;fc4_flux;cr1000xe_backbone,1.9904,calm,particle,0,0.9990898370742798
7184,candidate_014,surface_temp_ir;fc4_flux;cr1000xe_backbone,1.9904,calm,particle,0,0.8933623433113098
7184,candidate_014,surface_temp_ir;fc4_flux;cr1000xe_backbone,1.9904,calm,particle,0,0.8947919607162476
7184,candidate_014,surface_temp_ir;fc4_flux;cr1000xe_backbone,1.9904,calm,particle,0,0.864486575126648
7184,candidate_014,surface_temp_ir;fc4_flux;cr1000xe_backbone,1.9904,calm,particle,0,0.8766400814056396
7184,candidate_014,surface_temp_ir;fc4_flux;cr1000xe_backbone,1.9904,calm,particle,0,0.8235896229743958
7184,candidate_014,surface_temp_ir;fc4_flux;cr1000xe_backbone,1.9904,calm,particle,0,0.8351783752441406
7184,candidate_014,surface_temp_ir;fc4_flux;cr1000xe_backbone,1.9904,calm,particle,0,0.7713783979415894
7184,candidate_014,surface_temp_ir;fc4_flux;cr1000xe_backbone,1.9904,calm,particle,0,0.7418938279151917
7184,candidate_014,surface_temp_ir;fc4_flux;cr1000xe_backbone,1.9904,calm,particle,0,0.7289312481880188
7184,candidate_014,surface_temp_ir;fc4_flux;cr1000xe_backbone,1.9904,calm,particle,0,0.7395573258399963
7184,candidate_014,surface_temp_ir;fc4_flux;cr1000xe_backbone,1.9904,calm,particle,0,0.7861849665641785
7184,candidate_014,surface_temp_ir;fc4_flux;cr1000xe_backbone,1.9904,calm,particle,0,0.7194428443908691
7184,candidate_014,surface_temp_ir;fc4_flux;cr1000xe_backbone,1.9904,calm,particle,0,0.7342284917831421
7184,candidate_014,surface_temp_ir;fc4_flux;cr1000xe_backbone,1.9904,calm,particle,0,0.6278910636901855
7184,candidate_014,surface_temp_ir;fc4_flux;cr1000xe_backbone,1.9904,calm,particle,0,0.6036248803138733
7184,candidate_014,surface_temp_ir;fc4_flux;cr1000xe_backbone,1.9904,calm,particle,0,0.5661519169807434
7184,candidate_014,surface_temp_ir;fc4_flux;cr1000xe_backbone,1.9904,calm,thermal,0,0.5928958058357239
7184,candidate_014,surface_temp_ir;fc4_flux;cr1000xe_backbone,1.9904,calm,thermal,0,0.607292115688324
7184,candidate_014,surface_temp_ir;fc4_flux;cr1000xe_backbone,1.9904,calm,thermal,0,0.607527494430542
7184,candidate_014,surface_temp_ir;fc4_flux;cr1000xe_backbone,1.9904,calm,thermal,0,0.6253178715705872
7184,candidate_014,surface_temp_ir;fc4_flux;cr1000xe_backbone,1.9904,calm,thermal,0,0.6468051671981812
7184,candidate_014,surface_temp_ir;fc4_flux;cr1000xe_backbone,1.9904,calm,thermal,0,0.7095595002174377
7184,candidate_014,surface_temp_ir;fc4_flux;cr1000xe_backbone,1.9904,calm,thermal,0,0.6930666565895081
7184,candidate_014,surface_temp_ir;fc4_flux;cr1000xe_backbone,1.9904,calm,thermal,0,0.7149354219436646
7184,candidate_014,surface_temp_ir;fc4_flux;cr1000xe_backbone,1.9904,calm,thermal,0,0.6626700758934021
7184,candidate_014,surface_temp_ir;fc4_flux;cr1000xe_backbone,1.9904,calm,thermal,0,0.6599761247634888
7184,candidate_014,surface_temp_ir;fc4_flux;cr1000xe_backbone,1.9904,calm,thermal,0,0.5465720891952515
7184,candidate_014,surface_temp_ir;fc4_flux;cr1000xe_backbone,1.9904,calm,thermal,0,0.5507153868675232
7184,candidate_014,surface_temp_ir;fc4_flux;cr1000xe_backbone,1.9904,calm,thermal,0,0.6422944068908691
7184,candidate_014,surface_temp_ir;fc4_flux;cr1000xe_backbone,1.9904,calm,thermal,0,0.6106151938438416
7184,candidate_014,surface_temp_ir;fc4_flux;cr1000xe_backbone,1.9904,calm,thermal,0,0.6289135217666626
7184,candidate_014,surface_temp_ir;fc4_flux;cr1000xe_backbone,1.9904,calm,thermal,0,0.5597835183143616
7184,candidate_014,surface_temp_ir;fc4_flux;cr1000xe_backbone,1.9904,calm,thermal,0,0.648000180721283
7184,candidate_014,surface_temp_ir;fc4_flux;cr1000xe_backbone,1.9904,calm,thermal,0,0.5735763311386108
7184,candidate_014,surface_temp_ir;fc4_flux;cr1000xe_backbone,1.9904,calm,thermal,0,0.5588402152061462
7184,candidate_014,surface_temp_ir;fc4_flux;cr1000xe_backbone,1.9904,calm,thermal,0,0.6326012015342712
7184,candidate_014,surface_temp_ir;fc4_flux;cr1000xe_backbone,1.9904,calm,thermal,0,0.6351991891860962
7184,candidate_014,surface_temp_ir;fc4_flux;cr1000xe_backbone,1.9904,calm,thermal,0,0.6793227195739746
7184,candidate_014,surface_temp_ir;fc4_flux;cr1000xe_backbone,1.9904,calm,thermal,0,0.6601065993309021
7184,candidate_014,surface_temp_ir;fc4_flux;cr1000xe_backbone,1.9904,calm,thermal,0,0.7724573016166687
7184,candidate_014,surface_temp_ir;fc4_flux;cr1000xe_backbone,1.9904,calm,thermal,0,0.7483711838722229
7184,candidate_014,surface_temp_ir;fc4_flux;cr1000xe_backbone,1.9904,calm,thermal,0,0.7705101370811462
7184,candidate_014,surface_temp_ir;fc4_flux;cr1000xe_backbone,1.9904,calm,thermal,0,0.7606577277183533
7184,candidate_014,surface_temp_ir;fc4_flux;cr1000xe_backbone,1.9904,calm,thermal,0,0.7071033716201782
7184,candidate_014,surface_temp_ir;fc4_flux;cr1000xe_backbone,1.9904,calm,thermal,0,0.7221621870994568
7184,candidate_014,surface_temp_ir;fc4_flux;cr1000xe_backbone,1.9904,calm,thermal,0,0.7001205086708069
7184,candidate_014,surface_temp_ir;fc4_flux;cr1000xe_backbone,1.9904,calm,thermal,0,0.7582170963287354
7184,candidate_014,surface_temp_ir;fc4_flux;cr1000xe_backbone,1.9904,calm,thermal,0,0.7010350823402405
7184,candidate_014,surface_temp_ir;fc4_flux;cr1000xe_backbone,1.9904,calm,thermal,0,0.5991666913032532
7184,candidate_014,surface_temp_ir;fc4_flux;cr1000xe_backbone,1.9904,calm,transport,0,0.5161267518997192
7184,candidate_014,surface_temp_ir;fc4_flux;cr1000xe_backbone,1.9904,calm,transport,0,0.476806640625
7184,candidate_014,surface_temp_ir;fc4_flux;cr1000xe_backbone,1.9904,calm,transport,0,0.48622798919677734
7184,candidate_014,surface_temp_ir;fc4_flux;cr1000xe_backbone,1.9904,calm,transport,0,0.5187274813652039
7184,candidate_014,surface_temp_ir;fc4_flux;cr1000xe_backbone,1.9904,calm,transport,0,0.5238584280014038
7184,candidate_014,surface_temp_ir;fc4_flux;cr1000xe_backbone,1.9904,calm,transport,0,0.5567590594291687
7184,candidate_014,surface_temp_ir;fc4_flux;cr1000xe_backbone,1.9904,calm,transport,0,0.5133989453315735
7184,candidate_014,surface_temp_ir;fc4_flux;cr1000xe_backbone,1.9904,calm,transport,0,0.5462249517440796
7184,candidate_014,surface_temp_ir;fc4_flux;cr1000xe_backbone,1.9904,calm,transport,0,0.5032197833061218
7184,candidate_014,surface_temp_ir;fc4_flux;cr1000xe_backbone,1.9904,calm,transport,0,0.4828644394874573
7184,candidate_014,surface_temp_ir;fc4_flux;cr1000xe_backbone,1.9904,calm,transport,0,0.5108820199966431
7184,candidate_014,surface_temp_ir;fc4_flux;cr1000xe_backbone,1.9904,calm,transport,0,0.5265845060348511
7184,candidate_014,surface_temp_ir;fc4_flux;cr1000xe_backbone,1.9904,calm,transport,0,0.5836993455886841
7184,candidate_014,surface_temp_ir;fc4_flux;cr1000xe_backbone,1.9904,calm,transport,0,0.5744709968566895
7184,candidate_014,surface_temp_ir;fc4_flux;cr1000xe_backbone,1.9904,calm,transport,0,0.6670058369636536
7184,candidate_014,surface_temp_ir;fc4_flux;cr1000xe_backbone,1.9904,calm,transport,0,0.6352198123931885
7184,candidate_014,surface_temp_ir;fc4_flux;cr1000xe_backbone,1.9904,calm,transport,0,0.6546703577041626
7184,candidate_014,surface_temp_ir;fc4_flux;cr1000xe_backbone,1.9904,calm,transport,0,0.6605837345123291
7184,candidate_014,surface_temp_ir;fc4_flux;cr1000xe_backbone,1.9904,calm,transport,0,0.6746701598167419
7184,candidate_014,surface_temp_ir;fc4_flux;cr1000xe_backbone,1.9904,calm,transport,0,0.7414705753326416
7184,candidate_014,surface_temp_ir;fc4_flux;cr1000xe_backbone,1.9904,calm,transport,0,0.648642361164093
7184,candidate_014,surface_temp_ir;fc4_flux;cr1000xe_backbone,1.9904,calm,transport,0,0.6568969488143921
7184,candidate_014,surface_temp_ir;fc4_flux;cr1000xe_backbone,1.9904,calm,transport,0,0.5789309144020081
7184,candidate_014,surface_temp_ir;fc4_flux;cr1000xe_backbone,1.9904,calm,transport,0,0.5997286438941956
7184,candidate_014,surface_temp_ir;fc4_flux;cr1000xe_backbone,1.9904,calm,transport,0,0.6166844964027405
7184,candidate_014,surface_temp_ir;fc4_flux;cr1000xe_backbone,1.9904,calm,transport,0,0.6094731688499451
7184,candidate_014,surface_temp_ir;fc4_flux;cr1000xe_backbone,1.9904,calm,transport,0,0.5764345526695251
7184,candidate_014,surface_temp_ir;fc4_flux;cr1000xe_backbone,1.9904,calm,transport,0,0.5912224650382996
7184,candidate_014,surface_temp_ir;fc4_flux;cr1000xe_backbone,1.9904,calm,transport,0,0.6905118227005005
7184,candidate_014,surface_temp_ir;fc4_flux;cr1000xe_backbone,1.9904,calm,transport,0,0.6960402727127075
7184,candidate_014,surface_temp_ir;fc4_flux;cr1000xe_backbone,1.9904,calm,transport,0,0.7114359736442566
7184,candidate_014,surface_temp_ir;fc4_flux;cr1000xe_backbone,1.9904,calm,transport,0,0.6980705261230469
7184,candidate_014,surface_temp_ir;fc4_flux;cr1000xe_backbone,1.9904,calm,transport,0,0.7204561829566956
7184,candidate_014,surface_temp_ir;fc4_flux;cr1000xe_backbone,1.9904,calm,transport,0,0.7411632537841797
7184,candidate_014,surface_temp_ir;fc4_flux;cr1000xe_backbone,1.9904,calm,transport,0,0.6523799896240234
7184,candidate_014,surface_temp_ir;fc4_flux;cr1000xe_backbone,1.9904,calm,transport,0,0.7868205308914185
7184,candidate_014,surface_temp_ir;fc4_flux;cr1000xe_backbone,1.9904,calm,particle,0,0.6785386800765991
7184,candidate_014,surface_temp_ir;fc4_flux;cr1000xe_backbone,1.9904,calm,particle,0,0.7126381397247314
7184,candidate_014,surface_temp_ir;fc4_flux;cr1000xe_backbone,1.9904,calm,particle,0,0.633541464805603
7184,candidate_014,surface_temp_ir;fc4_flux;cr1000xe_backbone,1.9904,calm,particle,0,0.7036144733428955
7184,candidate_014,surface_temp_ir;fc4_flux;cr1000xe_backbone,1.9904,calm,particle,0,0.6419708132743835
7184,candidate_014,surface_temp_ir;fc4_flux;cr1000xe_backbone,1.9904,calm,particle,0,0.6290851831436157
7184,candidate_014,surface_temp_ir;fc4_flux;cr1000xe_backbone,1.9904,calm,particle,0,0.7448136806488037
7184,candidate_014,surface_temp_ir;fc4_flux;cr1000xe_backbone,1.9904,calm,particle,0,0.7425191402435303
7184,candidate_014,surface_temp_ir;fc4_flux;cr1000xe_backbone,1.9904,calm,particle,0,0.8038425445556641
7184,candidate_014,surface_temp_ir;fc4_flux;cr1000xe_backbone,1.9904,calm,particle,0,0.7048422694206238
7184,candidate_014,surface_temp_ir;fc4_flux;cr1000xe_backbone,1.9904,calm,particle,0,0.7703120112419128
7184,candidate_014,surface_temp_ir;fc4_flux;cr1000xe_backbone,1.9904,calm,particle,0,0.6252965331077576
7184,candidate_014,surface_temp_ir;fc4_flux;cr1000xe_backbone,1.9904,calm,particle,0,0.607414186000824
7184,candidate_014,surface_temp_ir;fc4_flux;cr1000xe_backbone,1.9904,calm,particle,0,0.6265669465065002
7184,candidate_014,surface_temp_ir;fc4_flux;cr1000xe_backbone,1.9904,calm,particle,0,0.5833298563957214
7184,candidate_014,surface_temp_ir;fc4_flux;cr1000xe_backbone,1.9904,calm,particle,0,0.6900280117988586
7184,candidate_014,surface_temp_ir;fc4_flux;cr1000xe_backbone,1.9904,calm,particle,0,0.5778825283050537
7184,candidate_014,surface_temp_ir;fc4_flux;cr1000xe_backbone,1.9904,calm,particle,0,0.682684063911438
7184,candidate_014,surface_temp_ir;fc4_flux;cr1000xe_backbone,1.9904,calm,particle,0,0.551762580871582
7184,candidate_014,surface_temp_ir;fc4_flux;cr1000xe_backbone,1.9904,calm,particle,0,0.6149770021438599
7184,candidate_014,surface_temp_ir;fc4_flux;cr1000xe_backbone,1.9904,calm,particle,0,0.5678827166557312
7184,candidate_014,surface_temp_ir;fc4_flux;cr1000xe_backbone,1.9904,calm,particle,0,0.589320182800293
7184,candidate_014,surface_temp_ir;fc4_flux;cr1000xe_backbone,1.9904,calm,particle,0,0.6192930340766907
7184,candidate_014,surface_temp_ir;fc4_flux;cr1000xe_backbone,1.9904,calm,particle,0,0.6167163848876953
7184,candidate_014,surface_temp_ir;fc4_flux;cr1000xe_backbone,1.9904,calm,particle,0,0.6934037804603577
7184,candidate_014,surface_temp_ir;fc4_flux;cr1000xe_backbone,1.9904,calm,particle,0,0.7110912799835205
7184,candidate_014,surface_temp_ir;fc4_flux;cr1000xe_backbone,1.9904,calm,particle,0,0.7827063798904419
7184,candidate_014,surface_temp_ir;fc4_flux;cr1000xe_backbone,1.9904,calm,particle,0,0.8684976696968079
7184,candidate_014,surface_temp_ir;fc4_flux;cr1000xe_backbone,1.9904,calm,particle,0,0.929154634475708
7184,candidate_014,surface_temp_ir;fc4_flux;cr1000xe_backbone,1.9904,calm,particle,0,0.9904677271842957
7184,candidate_014,surface_temp_ir;fc4_flux;cr1000xe_backbone,1.9904,calm,particle,0,0.9432622194290161
7184,candidate_014,surface_temp_ir;fc4_flux;cr1000xe_backbone,1.9904,calm,particle,0,0.9824230074882507
7184,candidate_014,surface_temp_ir;fc4_flux;cr1000xe_backbone,1.9904,calm,particle,0,0.9088907241821289
7184,candidate_014,surface_temp_ir;fc4_flux;cr1000xe_backbone,1.9904,calm,particle,0,0.9251739382743835
7184,candidate_014,surface_temp_ir;fc4_flux;cr1000xe_backbone,1.9904,calm,thermal,0,0.9239073991775513
7184,candidate_014,surface_temp_ir;fc4_flux;cr1000xe_backbone,1.9904,calm,thermal,0,0.9527000784873962
7184,candidate_014,surface_temp_ir;fc4_flux;cr1000xe_backbone,1.9904,calm,thermal,0,0.9546703696250916
7184,candidate_014,surface_temp_ir;fc4_flux;cr1000xe_backbone,1.9904,calm,thermal,0,0.973738968372345
7184,candidate_014,surface_temp_ir;fc4_flux;cr1000xe_backbone,1.9904,calm,thermal,0,0.9919440746307373
7184,candidate_014,surface_temp_ir;fc4_flux;cr1000xe_backbone,1.9904,calm,thermal,0,0.9938803315162659
7184,candidate_014,surface_temp_ir;fc4_flux;cr1000xe_backbone,1.9904,calm,thermal,0,0.9118717312812805
7184,candidate_014,surface_temp_ir;fc4_flux;cr1000xe_backbone,1.9904,calm,thermal,0,0.8747044205665588
7184,candidate_014,surface_temp_ir;fc4_flux;cr1000xe_backbone,1.9904,calm,thermal,0,0.8867064118385315
7184,candidate_014,surface_temp_ir;fc4_flux;cr1000xe_backbone,1.9904,calm,thermal,0,0.8997730016708374
7184,candidate_014,surface_temp_ir;fc4_flux;cr1000xe_backbone,1.9904,calm,thermal,0,0.9183942675590515
7184,candidate_014,surface_temp_ir;fc4_flux;cr1000xe_backbone,1.9904,calm,thermal,0,0.9675337076187134
7184,candidate_014,surface_temp_ir;fc4_flux;cr1000xe_backbone,1.9904,calm,thermal,0,1.0161595344543457
7184,candidate_014,surface_temp_ir;fc4_flux;cr1000xe_backbone,1.9904,calm,thermal,0,1.0224671363830566
7184,candidate_014,surface_temp_ir;fc4_flux;cr1000xe_backbone,1.9904,calm,thermal,0,1.080081582069397
7184,candidate_014,surface_temp_ir;fc4_flux;cr1000xe_backbone,1.9904,calm,thermal,0,0.9853208661079407
7184,candidate_014,surface_temp_ir;fc4_flux;cr1000xe_backbone,1.9904,calm,thermal,0,0.9616543054580688
7184,candidate_014,surface_temp_ir;fc4_flux;cr1000xe_backbone,1.9904,calm,thermal,0,0.9384181499481201
7184,candidate_014,surface_temp_ir;fc4_flux;cr1000xe_backbone,1.9904,calm,thermal,0,0.9498425126075745
7184,candidate_014,surface_temp_ir;fc4_flux;cr1000xe_backbone,1.9904,calm,thermal,0,0.9305515885353088
7184,candidate_014,surface_temp_ir;fc4_flux;cr1000xe_backbone,1.9904,calm,thermal,0,0.9250171184539795
7184,candidate_014,surface_temp_ir;fc4_flux;cr1000xe_backbone,1.9904,calm,thermal,0,0.9175519347190857
7184,candidate_014,surface_temp_ir;fc4_flux;cr1000xe_backbone,1.9904,calm,thermal,0,0.9162411093711853
7184,candidate_014,surface_temp_ir;fc4_flux;cr1000xe_backbone,1.9904,calm,thermal,0,0.8981444239616394
7184,candidate_014,surface_temp_ir;fc4_flux;cr1000xe_backbone,1.9904,calm,thermal,0,0.873522162437439
7184,candidate_014,surface_temp_ir;fc4_flux;cr1000xe_backbone,1.9904,calm,thermal,0,0.9164658188819885
7184,candidate_014,surface_temp_ir;fc4_flux;cr1000xe_backbone,1.9904,calm,transport,0,0.8850444555282593
7184,candidate_014,surface_temp_ir;fc4_flux;cr1000xe_backbone,1.9904,calm,transport,0,0.8947609663009644
7184,candidate_014,surface_temp_ir;fc4_flux;cr1000xe_backbone,1.9904,calm,transport,0,0.8214003443717957
7184,candidate_014,surface_temp_ir;fc4_flux;cr1000xe_backbone,1.9904,calm,transport,0,0.8417547941207886
7184,candidate_014,surface_temp_ir;fc4_flux;cr1000xe_backbone,1.9904,calm,transport,0,0.7935356497764587
7184,candidate_014,surface_temp_ir;fc4_flux;cr1000xe_backbone,1.9904,calm,transport,0,0.7846115827560425
7184,candidate_014,surface_temp_ir;fc4_flux;cr1000xe_backbone,1.9904,calm,transport,0,0.7800257802009583
7184,candidate_014,surface_temp_ir;fc4_flux;cr1000xe_backbone,1.9904,calm,transport,0,0.7970020174980164
7184,candidate_014,surface_temp_ir;fc4_flux;cr1000xe_backbone,1.9904,calm,transport,0,0.7868227958679199
7184,candidate_014,surface_temp_ir;fc4_flux;cr1000xe_backbone,1.9904,calm,transport,0,0.7815033793449402
7184,candidate_014,surface_temp_ir;fc4_flux;cr1000xe_backbone,1.9904,calm,transport,0,0.7923567891120911
7184,candidate_014,surface_temp_ir;fc4_flux;cr1000xe_backbone,1.9904,calm,transport,0,0.804523229598999
7184,candidate_014,surface_temp_ir;fc4_flux;cr1000xe_backbone,1.9904,calm,transport,0,0.8138715028762817
7184,candidate_014,surface_temp_ir;fc4_flux;cr1000xe_backbone,1.9904,calm,transport,0,0.8290195465087891
7184,candidate_014,surface_temp_ir;fc4_flux;cr1000xe_backbone,1.9904,calm,transport,0,0.8563905358314514
7184,candidate_014,surface_temp_ir;fc4_flux;cr1000xe_backbone,1.9904,calm,transport,0,0.8860001564025879
7184,candidate_014,surface_temp_ir;fc4_flux;cr1000xe_backbone,1.9904,calm,transport,0,0.8986585736274719
7184,candidate_014,surface_temp_ir;fc4_flux;cr1000xe_backbone,1.9904,calm,transport,0,0.987756073474884
7184,candidate_014,surface_temp_ir;fc4_flux;cr1000xe_backbone,1.9904,calm,transport,0,0.983640193939209
7184,candidate_014,surface_temp_ir;fc4_flux;cr1000xe_backbone,1.9904,calm,transport,0,1.0184106826782227
7184,candidate_014,surface_temp_ir;fc4_flux;cr1000xe_backbone,1.9904,calm,transport,0,0.9586260914802551
7184,candidate_014,surface_temp_ir;fc4_flux;cr1000xe_backbone,1.9904,calm,transport,0,1.023864984512329
7184,candidate_014,surface_temp_ir;fc4_flux;cr1000xe_backbone,1.9904,calm,transport,0,0.9481837749481201
7184,candidate_014,surface_temp_ir;fc4_flux;cr1000xe_backbone,1.9904,calm,transport,0,0.947395920753479
7184,candidate_014,surface_temp_ir;fc4_flux;cr1000xe_backbone,1.9904,calm,transport,0,0.8580512404441833
7184,candidate_014,surface_temp_ir;fc4_flux;cr1000xe_backbone,1.9904,calm,particle,0,0.851395845413208
7184,candidate_014,surface_temp_ir;fc4_flux;cr1000xe_backbone,1.9904,calm,particle,0,0.8119171261787415
7184,candidate_014,surface_temp_ir;fc4_flux;cr1000xe_backbone,1.9904,calm,particle,0,0.7998611330986023
7184,candidate_014,surface_temp_ir;fc4_flux;cr1000xe_backbone,1.9904,calm,particle,0,0.7846292853355408
7184,candidate_014,surface_temp_ir;fc4_flux;cr1000xe_backbone,1.9904,calm,particle,0,0.800122082233429
7184,candidate_014,surface_temp_ir;fc4_flux;cr1000xe_backbone,1.9904,calm,particle,0,0.7834119200706482
7184,candidate_014,surface_temp_ir;fc4_flux;cr1000xe_backbone,1.9904,calm,particle,0,0.7782134413719177
7184,candidate_014,surface_temp_ir;fc4_flux;cr1000xe_backbone,1.9904,calm,particle,0,0.7749069929122925
7184,candidate_014,surface_temp_ir;fc4_flux;cr1000xe_backbone,1.9904,calm,particle,0,0.7962750196456909
7184,candidate_014,surface_temp_ir;fc4_flux;cr1000xe_backbone,1.9904,calm,particle,0,0.7852797508239746
7184,candidate_014,surface_temp_ir;fc4_flux;cr1000xe_backbone,1.9904,calm,particle,0,0.782886803150177
7184,candidate_014,surface_temp_ir;fc4_flux;cr1000xe_backbone,1.9904,calm,particle,0,0.7697266340255737
7184,candidate_014,surface_temp_ir;fc4_flux;cr1000xe_backbone,1.9904,calm,particle,0,0.85285884141922
7184,candidate_014,surface_temp_ir;fc4_flux;cr1000xe_backbone,1.9904,calm,particle,0,0.8248032331466675
7184,candidate_014,surface_temp_ir;fc4_flux;cr1000xe_backbone,1.9904,calm,particle,0,0.8723557591438293
7184,candidate_014,surface_temp_ir;fc4_flux;cr1000xe_backbone,1.9904,calm,particle,0,0.8131619691848755
7184,candidate_014,surface_temp_ir;fc4_flux;cr1000xe_backbone,1.9904,calm,particle,0,0.8560666441917419
7184,candidate_014,surface_temp_ir;fc4_flux;cr1000xe_backbone,1.9904,calm,particle,0,0.8802134394645691
7184,candidate_014,surface_temp_ir;fc4_flux;cr1000xe_backbone,1.9904,calm,particle,0,0.8365522027015686
7184,candidate_014,surface_temp_ir;fc4_flux;cr1000xe_backbone,1.9904,calm,particle,0,0.9242451190948486
7184,candidate_014,surface_temp_ir;fc4_flux;cr1000xe_backbone,1.9904,calm,particle,0,0.822679340839386
7184,candidate_014,surface_temp_ir;fc4_flux;cr1000xe_backbone,1.9904,calm,particle,0,0.8641166090965271
7184,candidate_014,surface_temp_ir;fc4_flux;cr1000xe_backbone,1.9904,calm,particle,0,0.7577831745147705
7184,candidate_014,surface_temp_ir;fc4_flux;cr1000xe_backbone,1.9904,calm,particle,0,0.7865310907363892
7184,candidate_014,surface_temp_ir;fc4_flux;cr1000xe_backbone,1.9904,calm,particle,0,0.7621245384216309
7184,candidate_014,surface_temp_ir;fc4_flux;cr1000xe_backbone,1.9904,calm,particle,0,0.7599287033081055
7184,candidate_014,surface_temp_ir;fc4_flux;cr1000xe_backbone,1.9904,calm,particle,0,0.7954909205436707
7184,candidate_014,surface_temp_ir;fc4_flux;cr1000xe_backbone,1.9904,calm,particle,0,0.7804459929466248
7184,candidate_014,surface_temp_ir;fc4_flux;cr1000xe_backbone,1.9904,calm,particle,0,0.8120022416114807
7184,candidate_014,surface_temp_ir;fc4_flux;cr1000xe_backbone,1.9904,calm,particle,0,0.7582018971443176
7184,candidate_014,surface_temp_ir;fc4_flux;cr1000xe_backbone,1.9904,calm,particle,0,0.7965240478515625
7184,candidate_014,surface_temp_ir;fc4_flux;cr1000xe_backbone,1.9904,calm,particle,0,0.792486846446991
7184,candidate_014,surface_temp_ir;fc4_flux;cr1000xe_backbone,1.9904,calm,thermal,0,0.7939659357070923
7184,candidate_014,surface_temp_ir;fc4_flux;cr1000xe_backbone,1.9904,calm,thermal,0,0.8537185192108154
7184,candidate_014,surface_temp_ir;fc4_flux;cr1000xe_backbone,1.9904,calm,thermal,0,0.8146412372589111
7184,candidate_014,surface_temp_ir;fc4_flux;cr1000xe_backbone,1.9904,calm,thermal,0,0.8740277886390686
7184,candidate_014,surface_temp_ir;fc4_flux;cr1000xe_backbone,1.9904,calm,thermal,0,0.8114223480224609
7184,candidate_014,surface_temp_ir;fc4_flux;cr1000xe_backbone,1.9904,calm,thermal,0,0.9219407439231873
7184,candidate_014,surface_temp_ir;fc4_flux;cr1000xe_backbone,1.9904,calm,thermal,0,0.8677910566329956
7184,candidate_014,surface_temp_ir;fc4_flux;cr1000xe_backbone,1.9904,calm,thermal,0,0.9267280697822571
7184,candidate_014,surface_temp_ir;fc4_flux;cr1000xe_backbone,1.9904,calm,thermal,0,0.8726786971092224
7184,candidate_014,surface_temp_ir;fc4_flux;cr1000xe_backbone,1.9904,calm,thermal,0,0.8924524784088135
7184,candidate_014,surface_temp_ir;fc4_flux;cr1000xe_backbone,1.9904,calm,thermal,0,0.8720721006393433
7184,candidate_014,surface_temp_ir;fc4_flux;cr1000xe_backbone,1.9904,calm,thermal,0,0.8568885326385498
7184,candidate_014,surface_temp_ir;fc4_flux;cr1000xe_backbone,1.9904,calm,thermal,0,0.8517016172409058
7184,candidate_014,surface_temp_ir;fc4_flux;cr1000xe_backbone,1.9904,calm,thermal,0,0.874870240688324
7184,candidate_014,surface_temp_ir;fc4_flux;cr1000xe_backbone,1.9904,calm,thermal,0,0.8304290771484375
7184,candidate_014,surface_temp_ir;fc4_flux;cr1000xe_backbone,1.9904,calm,thermal,0,0.846518337726593
7184,candidate_014,surface_temp_ir;fc4_flux;cr1000xe_backbone,1.9904,calm,thermal,0,0.7978920936584473
7184,candidate_014,surface_temp_ir;fc4_flux;cr1000xe_backbone,1.9904,calm,thermal,0,0.8058706521987915
7184,candidate_014,surface_temp_ir;fc4_flux;cr1000xe_backbone,1.9904,calm,thermal,0,0.7602454423904419
7184,candidate_014,surface_temp_ir;fc4_flux;cr1000xe_backbone,1.9904,calm,thermal,0,0.7522677183151245
7184,candidate_014,surface_temp_ir;fc4_flux;cr1000xe_backbone,1.9904,calm,thermal,0,0.7896443009376526
7184,candidate_014,surface_temp_ir;fc4_flux;cr1000xe_backbone,1.9904,calm,transport,0,0.7568798065185547
7184,candidate_014,surface_temp_ir;fc4_flux;cr1000xe_backbone,1.9904,calm,transport,0,0.7723294496536255
7184,candidate_014,surface_temp_ir;fc4_flux;cr1000xe_backbone,1.9904,calm,transport,0,0.6908622980117798
7184,candidate_014,surface_temp_ir;fc4_flux;cr1000xe_backbone,1.9904,calm,transport,0,0.7845871448516846
7184,candidate_014,surface_temp_ir;fc4_flux;cr1000xe_backbone,1.9904,calm,transport,0,0.7459846138954163
7184,candidate_014,surface_temp_ir;fc4_flux;cr1000xe_backbone,1.9904,calm,transport,0,0.747384250164032
7184,candidate_014,surface_temp_ir;fc4_flux;cr1000xe_backbone,1.9904,calm,transport,0,0.8057432770729065
7184,candidate_014,surface_temp_ir;fc4_flux;cr1000xe_backbone,1.9904,calm,transport,0,0.732878565788269
7184,candidate_014,surface_temp_ir;fc4_flux;cr1000xe_backbone,1.9904,calm,transport,0,0.7679758071899414
7184,candidate_014,surface_temp_ir;fc4_flux;cr1000xe_backbone,1.9904,calm,transport,0,0.7021437883377075
7184,candidate_014,surface_temp_ir;fc4_flux;cr1000xe_backbone,1.9904,calm,transport,0,0.7532467842102051
7184,candidate_014,surface_temp_ir;fc4_flux;cr1000xe_backbone,1.9904,calm,transport,0,0.7662171721458435
7184,candidate_014,surface_temp_ir;fc4_flux;cr1000xe_backbone,1.9904,calm,transport,0,0.7535186409950256
7184,candidate_014,surface_temp_ir;fc4_flux;cr1000xe_backbone,1.9904,calm,transport,0,0.7481280565261841
7184,candidate_014,surface_temp_ir;fc4_flux;cr1000xe_backbone,1.9904,calm,transport,0,0.7599135637283325
7184,candidate_014,surface_temp_ir;fc4_flux;cr1000xe_backbone,1.9904,calm,transport,0,0.7324853539466858
7184,candidate_014,surface_temp_ir;fc4_flux;cr1000xe_backbone,1.9904,calm,transport,0,0.7243296504020691
7184,candidate_014,surface_temp_ir;fc4_flux;cr1000xe_backbone,1.9904,calm,transport,0,0.6863304972648621
7184,candidate_014,surface_temp_ir;fc4_flux;cr1000xe_backbone,1.9904,calm,transport,0,0.7272271513938904
7184,candidate_014,surface_temp_ir;fc4_flux;cr1000xe_backbone,1.9904,calm,transport,0,0.7058817744255066
7184,candidate_014,surface_temp_ir;fc4_flux;cr1000xe_backbone,1.9904,calm,transport,0,0.7450971603393555
7184,candidate_014,surface_temp_ir;fc4_flux;cr1000xe_backbone,1.9904,calm,transport,0,0.7491628527641296
7184,candidate_014,surface_temp_ir;fc4_flux;cr1000xe_backbone,1.9904,calm,transport,0,0.7721251845359802
7184,candidate_014,surface_temp_ir;fc4_flux;cr1000xe_backbone,1.9904,calm,transport,0,0.746126651763916
7184,candidate_014,surface_temp_ir;fc4_flux;cr1000xe_backbone,1.9904,calm,transport,0,0.7082865238189697
7184,candidate_014,surface_temp_ir;fc4_flux;cr1000xe_backbone,1.9904,calm,transport,0,0.7899433970451355
7184,candidate_014,surface_temp_ir;fc4_flux;cr1000xe_backbone,1.9904,calm,transport,0,0.7288364768028259
7184,candidate_014,surface_temp_ir;fc4_flux;cr1000xe_backbone,1.9904,calm,transport,0,0.84632807970047
7184,candidate_014,surface_temp_ir;fc4_flux;cr1000xe_backbone,1.9904,calm,thermal,0,0.5047474503517151
7184,candidate_014,surface_temp_ir;fc4_flux;cr1000xe_backbone,1.9904,calm,thermal,0,0.6691669821739197
7184,candidate_014,surface_temp_ir;fc4_flux;cr1000xe_backbone,1.9904,particle,thermal,1,0.7060881853103638
7184,candidate_014,surface_temp_ir;fc4_flux;cr1000xe_backbone,1.9904,particle,thermal,1,0.5505645871162415
7184,candidate_014,surface_temp_ir;fc4_flux;cr1000xe_backbone,1.9904,particle,thermal,1,0.5655418038368225
7184,candidate_014,surface_temp_ir;fc4_flux;cr1000xe_backbone,1.9904,particle,thermal,1,0.5373308658599854
7184,candidate_014,surface_temp_ir;fc4_flux;cr1000xe_backbone,1.9904,particle,thermal,1,0.8012004494667053
7184,candidate_014,surface_temp_ir;fc4_flux;cr1000xe_backbone,1.9904,particle,thermal,1,1.1341487169265747
7184,candidate_014,surface_temp_ir;fc4_flux;cr1000xe_backbone,1.9904,particle,thermal,1,1.4164870977401733
7184,candidate_014,surface_temp_ir;fc4_flux;cr1000xe_backbone,1.9904,particle,thermal,1,1.7487107515335083
7184,candidate_014,surface_temp_ir;fc4_flux;cr1000xe_backbone,1.9904,particle,thermal,1,2.0541393756866455
7184,candidate_014,surface_temp_ir;fc4_flux;cr1000xe_backbone,1.9904,particle,thermal,1,2.356893301010132
7184,candidate_014,surface_temp_ir;fc4_flux;cr1000xe_backbone,1.9904,particle,thermal,1,2.5887317657470703
7184,candidate_014,surface_temp_ir;fc4_flux;cr1000xe_backbone,1.9904,particle,thermal,1,2.850217580795288
7184,candidate_014,surface_temp_ir;fc4_flux;cr1000xe_backbone,1.9904,particle,transport,1,2.859689235687256
7184,candidate_014,surface_temp_ir;fc4_flux;cr1000xe_backbone,1.9904,particle,transport,1,2.9325175285339355
7184,candidate_014,surface_temp_ir;fc4_flux;cr1000xe_backbone,1.9904,particle,transport,1,2.9724972248077393
7184,candidate_014,surface_temp_ir;fc4_flux;cr1000xe_backbone,1.9904,particle,transport,1,2.94521164894104
7184,candidate_014,surface_temp_ir;fc4_flux;cr1000xe_backbone,1.9904,particle,transport,1,2.950813055038452
7184,candidate_014,surface_temp_ir;fc4_flux;cr1000xe_backbone,1.9904,particle,transport,1,2.9803104400634766
7184,candidate_014,surface_temp_ir;fc4_flux;cr1000xe_backbone,1.9904,particle,transport,1,2.909203290939331
7184,candidate_014,surface_temp_ir;fc4_flux;cr1000xe_backbone,1.9904,particle,transport,1,2.8917343616485596
7184,candidate_014,surface_temp_ir;fc4_flux;cr1000xe_backbone,1.9904,particle,transport,1,2.9153590202331543
7184,candidate_014,surface_temp_ir;fc4_flux;cr1000xe_backbone,1.9904,particle,transport,1,2.8993749618530273
7184,candidate_014,surface_temp_ir;fc4_flux;cr1000xe_backbone,1.9904,particle,transport,1,2.8853707313537598
7184,candidate_014,surface_temp_ir;fc4_flux;cr1000xe_backbone,1.9904,particle,transport,1,2.9008119106292725
7184,candidate_014,surface_temp_ir;fc4_flux;cr1000xe_backbone,1.9904,particle,transport,1,2.9588370323181152
7184,candidate_014,surface_temp_ir;fc4_flux;cr1000xe_backbone,1.9904,particle,transport,1,2.907627582550049
7184,candidate_014,surface_temp_ir;fc4_flux;cr1000xe_backbone,1.9904,particle,transport,1,2.9981491565704346
7184,candidate_014,surface_temp_ir;fc4_flux;cr1000xe_backbone,1.9904,particle,transport,1,2.978911876678467
7184,candidate_014,surface_temp_ir;fc4_flux;cr1000xe_backbone,1.9904,particle,transport,1,3.0626134872436523
7184,candidate_014,surface_temp_ir;fc4_flux;cr1000xe_backbone,1.9904,particle,transport,1,3.0557620525360107
7184,candidate_014,surface_temp_ir;fc4_flux;cr1000xe_backbone,1.9904,particle,transport,1,2.7777507305145264
7184,candidate_014,surface_temp_ir;fc4_flux;cr1000xe_backbone,1.9904,particle,transport,1,2.4107987880706787
7184,candidate_014,surface_temp_ir;fc4_flux;cr1000xe_backbone,1.9904,particle,transport,1,2.1236233711242676
7184,candidate_014,surface_temp_ir;fc4_flux;cr1000xe_backbone,1.9904,particle,transport,1,1.8590792417526245
7184,candidate_014,surface_temp_ir;fc4_flux;cr1000xe_backbone,1.9904,particle,transport,1,1.578014612197876
7184,candidate_014,surface_temp_ir;fc4_flux;cr1000xe_backbone,1.9904,particle,transport,1,1.3391025066375732
7184,candidate_014,surface_temp_ir;fc4_flux;cr1000xe_backbone,1.9904,particle,transport,1,1.2804388999938965
7184,candidate_014,surface_temp_ir;fc4_flux;cr1000xe_backbone,1.9904,particle,transport,1,1.321754813194275
7184,candidate_014,surface_temp_ir;fc4_flux;cr1000xe_backbone,1.9904,particle,particle,1,1.1801788806915283
7184,candidate_014,surface_temp_ir;fc4_flux;cr1000xe_backbone,1.9904,particle,particle,1,1.2468279600143433
7184,candidate_014,surface_temp_ir;fc4_flux;cr1000xe_backbone,1.9904,particle,particle,1,1.2329221963882446
7184,candidate_014,surface_temp_ir;fc4_flux;cr1000xe_backbone,1.9904,particle,particle,1,0.6516693830490112
7184,candidate_014,surface_temp_ir;fc4_flux;cr1000xe_backbone,1.9904,particle,particle,1,0.5940583944320679
7184,candidate_014,surface_temp_ir;fc4_flux;cr1000xe_backbone,1.9904,particle,particle,1,0.6562965512275696
7184,candidate_014,surface_temp_ir;fc4_flux;cr1000xe_backbone,1.9904,particle,particle,1,0.7673774361610413
7184,candidate_014,surface_temp_ir;fc4_flux;cr1000xe_backbone,1.9904,particle,particle,1,0.540246844291687
7184,candidate_014,surface_temp_ir;fc4_flux;cr1000xe_backbone,1.9904,particle,particle,1,0.6011204123497009
7184,candidate_014,surface_temp_ir;fc4_flux;cr1000xe_backbone,1.9904,particle,particle,1,0.599230945110321
7184,candidate_014,surface_temp_ir;fc4_flux;cr1000xe_backbone,1.9904,particle,particle,1,0.7261159420013428
7184,candidate_014,surface_temp_ir;fc4_flux;cr1000xe_backbone,1.9904,particle,particle,1,0.793229877948761
7184,candidate_014,surface_temp_ir;fc4_flux;cr1000xe_backbone,1.9904,particle,particle,1,0.8896103501319885
7184,candidate_014,surface_temp_ir;fc4_flux;cr1000xe_backbone,1.9904,particle,particle,1,0.8855749368667603
7184,candidate_014,surface_temp_ir;fc4_flux;cr1000xe_backbone,1.9904,particle,particle,1,0.994626522064209
7184,candidate_014,surface_temp_ir;fc4_flux;cr1000xe_backbone,1.9904,particle,particle,1,0.8379422426223755
7184,candidate_014,surface_temp_ir;fc4_flux;cr1000xe_backbone,1.9904,particle,particle,1,0.9764187932014465
7184,candidate_014,surface_temp_ir;fc4_flux;cr1000xe_backbone,1.9904,calm,particle,0,0.9893016219139099
7184,candidate_014,surface_temp_ir;fc4_flux;cr1000xe_backbone,1.9904,calm,thermal,0,1.0684170722961426
7184,candidate_014,surface_temp_ir;fc4_flux;cr1000xe_backbone,1.9904,calm,thermal,0,0.9246460199356079
7184,candidate_014,surface_temp_ir;fc4_flux;cr1000xe_backbone,1.9904,calm,thermal,0,0.9870729446411133
7184,candidate_014,surface_temp_ir;fc4_flux;cr1000xe_backbone,1.9904,calm,thermal,0,0.9433488249778748
7184,candidate_014,surface_temp_ir;fc4_flux;cr1000xe_backbone,1.9904,calm,thermal,0,0.9134101867675781
7184,candidate_014,surface_temp_ir;fc4_flux;cr1000xe_backbone,1.9904,calm,thermal,0,0.9000450968742371
7184,candidate_014,surface_temp_ir;fc4_flux;cr1000xe_backbone,1.9904,calm,thermal,0,0.8471212387084961
7184,candidate_014,surface_temp_ir;fc4_flux;cr1000xe_backbone,1.9904,calm,thermal,0,0.7693610191345215
7184,candidate_014,surface_temp_ir;fc4_flux;cr1000xe_backbone,1.9904,calm,thermal,0,0.7438669204711914
7184,candidate_014,surface_temp_ir;fc4_flux;cr1000xe_backbone,1.9904,calm,thermal,0,0.7314192056655884
7184,candidate_014,surface_temp_ir;fc4_flux;cr1000xe_backbone,1.9904,calm,thermal,0,0.7671384811401367
7184,candidate_014,surface_temp_ir;fc4_flux;cr1000xe_backbone,1.9904,calm,thermal,0,0.7484908699989319
7184,candidate_014,surface_temp_ir;fc4_flux;cr1000xe_backbone,1.9904,calm,thermal,0,0.8712036609649658
7184,candidate_014,surface_temp_ir;fc4_flux;cr1000xe_backbone,1.9904,flux,thermal,2,0.4700663089752197
7184,candidate_014,surface_temp_ir;fc4_flux;cr1000xe_backbone,1.9904,flux,thermal,2,0.7873669266700745
7184,candidate_014,surface_temp_ir;fc4_flux;cr1000xe_backbone,1.9904,flux,thermal,2,1.189435601234436
7184,candidate_014,surface_temp_ir;fc4_flux;cr1000xe_backbone,1.9904,flux,thermal,2,1.5549674034118652
7184,candidate_014,surface_temp_ir;fc4_flux;cr1000xe_backbone,1.9904,flux,thermal,2,1.924098014831543
7184,candidate_014,surface_temp_ir;fc4_flux;cr1000xe_backbone,1.9904,flux,thermal,2,2.203509569168091
7184,candidate_014,surface_temp_ir;fc4_flux;cr1000xe_backbone,1.9904,flux,thermal,2,2.532348394393921
7184,candidate_014,surface_temp_ir;fc4_flux;cr1000xe_backbone,1.9904,flux,thermal,2,2.814136028289795
7184,candidate_014,surface_temp_ir;fc4_flux;cr1000xe_backbone,1.9904,flux,thermal,2,3.158717155456543
7184,candidate_014,surface_temp_ir;fc4_flux;cr1000xe_backbone,1.9904,flux,transport,2,3.0789787769317627
7184,candidate_014,surface_temp_ir;fc4_flux;cr1000xe_backbone,1.9904,flux,transport,2,3.061342239379883
7184,candidate_014,surface_temp_ir;fc4_flux;cr1000xe_backbone,1.9904,flux,transport,2,3.108332395553589
7184,candidate_014,surface_temp_ir;fc4_flux;cr1000xe_backbone,1.9904,flux,transport,2,3.1057045459747314
7184,candidate_014,surface_temp_ir;fc4_flux;cr1000xe_backbone,1.9904,flux,transport,2,3.063215494155884
7184,candidate_014,surface_temp_ir;fc4_flux;cr1000xe_backbone,1.9904,flux,transport,2,2.9698402881622314
7184,candidate_014,surface_temp_ir;fc4_flux;cr1000xe_backbone,1.9904,flux,transport,2,2.902519464492798
7184,candidate_014,surface_temp_ir;fc4_flux;cr1000xe_backbone,1.9904,flux,transport,2,2.902643918991089
7184,candidate_014,surface_temp_ir;fc4_flux;cr1000xe_backbone,1.9904,flux,transport,2,2.9071614742279053
7184,candidate_014,surface_temp_ir;fc4_flux;cr1000xe_backbone,1.9904,flux,transport,2,2.855445623397827
7184,candidate_014,surface_temp_ir;fc4_flux;cr1000xe_backbone,1.9904,flux,transport,2,2.757697582244873
7184,candidate_014,surface_temp_ir;fc4_flux;cr1000xe_backbone,1.9904,flux,transport,2,2.7378902435302734
7184,candidate_014,surface_temp_ir;fc4_flux;cr1000xe_backbone,1.9904,flux,transport,2,2.8247363567352295
7184,candidate_014,surface_temp_ir;fc4_flux;cr1000xe_backbone,1.9904,flux,transport,2,2.834374189376831
7184,candidate_014,surface_temp_ir;fc4_flux;cr1000xe_backbone,1.9904,flux,transport,2,2.6082797050476074
7184,candidate_014,surface_temp_ir;fc4_flux;cr1000xe_backbone,1.9904,flux,transport,2,2.3987622261047363
7184,candidate_014,surface_temp_ir;fc4_flux;cr1000xe_backbone,1.9904,flux,transport,2,2.042679786682129
7184,candidate_014,surface_temp_ir;fc4_flux;cr1000xe_backbone,1.9904,flux,transport,2,1.78536856174469
7184,candidate_014,surface_temp_ir;fc4_flux;cr1000xe_backbone,1.9904,flux,transport,2,1.6938458681106567
7184,candidate_014,surface_temp_ir;fc4_flux;cr1000xe_backbone,1.9904,flux,transport,2,1.6344419717788696
7184,candidate_014,surface_temp_ir;fc4_flux;cr1000xe_backbone,1.9904,flux,transport,2,1.7828959226608276
7184,candidate_014,surface_temp_ir;fc4_flux;cr1000xe_backbone,1.9904,flux,transport,2,1.725455641746521
7184,candidate_014,surface_temp_ir;fc4_flux;cr1000xe_backbone,1.9904,flux,particle,2,0.7261328101158142
7184,candidate_014,surface_temp_ir;fc4_flux;cr1000xe_backbone,1.9904,flux,particle,2,0.925037145614624
7184,candidate_014,surface_temp_ir;fc4_flux;cr1000xe_backbone,1.9904,flux,particle,2,0.8642033934593201
7184,candidate_014,surface_temp_ir;fc4_flux;cr1000xe_backbone,1.9904,flux,particle,2,0.8500888347625732
7184,candidate_014,surface_temp_ir;fc4_flux;cr1000xe_backbone,1.9904,calm,particle,0,0.5691401362419128
7184,candidate_014,surface_temp_ir;fc4_flux;cr1000xe_backbone,1.9904,calm,particle,0,0.6424381136894226
7184,candidate_014,surface_temp_ir;fc4_flux;cr1000xe_backbone,1.9904,calm,particle,0,0.5562317371368408
7184,candidate_014,surface_temp_ir;fc4_flux;cr1000xe_backbone,1.9904,calm,particle,0,0.49703723192214966
7184,candidate_014,surface_temp_ir;fc4_flux;cr1000xe_backbone,1.9904,calm,particle,0,0.43000173568725586
7184,candidate_014,surface_temp_ir;fc4_flux;cr1000xe_backbone,1.9904,calm,particle,0,0.48989421129226685
7184,candidate_014,surface_temp_ir;fc4_flux;cr1000xe_backbone,1.9904,calm,particle,0,0.5533964037895203
7184,candidate_014,surface_temp_ir;fc4_flux;cr1000xe_backbone,1.9904,calm,particle,0,0.5815061330795288
7184,candidate_014,surface_temp_ir;fc4_flux;cr1000xe_backbone,1.9904,calm,particle,0,0.7102622985839844
7184,candidate_014,surface_temp_ir;fc4_flux;cr1000xe_backbone,1.9904,calm,particle,0,0.727648913860321
7184,candidate_014,surface_temp_ir;fc4_flux;cr1000xe_backbone,1.9904,calm,particle,0,0.6985004544258118
7184,candidate_014,surface_temp_ir;fc4_flux;cr1000xe_backbone,1.9904,calm,particle,0,0.6640546917915344
7184,candidate_014,surface_temp_ir;fc4_flux;cr1000xe_backbone,1.9904,flux,particle,2,0.6726568341255188
7184,candidate_014,surface_temp_ir;fc4_flux;cr1000xe_backbone,1.9904,flux,particle,2,0.6199225783348083
7184,candidate_014,surface_temp_ir;fc4_flux;cr1000xe_backbone,1.9904,flux,particle,2,0.6879212856292725
7184,candidate_014,surface_temp_ir;fc4_flux;cr1000xe_backbone,1.9904,flux,particle,2,0.7180374264717102
7184,candidate_014,surface_temp_ir;fc4_flux;cr1000xe_backbone,1.9904,flux,particle,2,0.7595406174659729
7184,candidate_014,surface_temp_ir;fc4_flux;cr1000xe_backbone,1.9904,flux,particle,2,0.7542522549629211
7184,candidate_014,surface_temp_ir;fc4_flux;cr1000xe_backbone,1.9904,flux,particle,2,0.8688710927963257
7184,candidate_014,surface_temp_ir;fc4_flux;cr1000xe_backbone,1.9904,flux,particle,2,0.8649115562438965
7184,candidate_014,surface_temp_ir;fc4_flux;cr1000xe_backbone,1.9904,flux,particle,2,0.8453781604766846
7184,candidate_014,surface_temp_ir;fc4_flux;cr1000xe_backbone,1.9904,flux,particle,2,0.8939090371131897
7184,candidate_014,surface_temp_ir;fc4_flux;cr1000xe_backbone,1.9904,flux,particle,2,0.8896710276603699
7184,candidate_014,surface_temp_ir;fc4_flux;cr1000xe_backbone,1.9904,flux,particle,2,0.9179434180259705
7184,candidate_014,surface_temp_ir;fc4_flux;cr1000xe_backbone,1.9904,flux,particle,2,0.955474317073822
7184,candidate_014,surface_temp_ir;fc4_flux;cr1000xe_backbone,1.9904,flux,particle,2,0.9544402360916138
7184,candidate_014,surface_temp_ir;fc4_flux;cr1000xe_backbone,1.9904,flux,particle,2,1.0356132984161377
7184,candidate_014,surface_temp_ir;fc4_flux;cr1000xe_backbone,1.9904,flux,particle,2,0.9781959056854248
7184,candidate_014,surface_temp_ir;fc4_flux;cr1000xe_backbone,1.9904,flux,thermal,2,0.6637251973152161
7184,candidate_014,surface_temp_ir;fc4_flux;cr1000xe_backbone,1.9904,flux,thermal,2,0.6426404714584351
7184,candidate_014,surface_temp_ir;fc4_flux;cr1000xe_backbone,1.9904,flux,thermal,2,0.6588110327720642
7184,candidate_014,surface_temp_ir;fc4_flux;cr1000xe_backbone,1.9904,flux,thermal,2,0.7138643860816956
7184,candidate_014,surface_temp_ir;fc4_flux;cr1000xe_backbone,1.9904,flux,thermal,2,0.7248914837837219
7184,candidate_014,surface_temp_ir;fc4_flux;cr1000xe_backbone,1.9904,flux,thermal,2,0.7707171440124512
7184,candidate_014,surface_temp_ir;fc4_flux;cr1000xe_backbone,1.9904,flux,thermal,2,0.6828716993331909
7184,candidate_014,surface_temp_ir;fc4_flux;cr1000xe_backbone,1.9904,flux,thermal,2,0.7424994707107544
7184,candidate_014,surface_temp_ir;fc4_flux;cr1000xe_backbone,1.9904,flux,thermal,2,0.7359398603439331
7184,candidate_014,surface_temp_ir;fc4_flux;cr1000xe_backbone,1.9904,flux,thermal,2,0.6747694611549377
7184,candidate_014,surface_temp_ir;fc4_flux;cr1000xe_backbone,1.9904,flux,thermal,2,0.7537841796875
7184,candidate_014,surface_temp_ir;fc4_flux;cr1000xe_backbone,1.9904,flux,thermal,2,0.7733519673347473
7184,candidate_014,surface_temp_ir;fc4_flux;cr1000xe_backbone,1.9904,flux,thermal,2,0.8161931037902832
7184,candidate_014,surface_temp_ir;fc4_flux;cr1000xe_backbone,1.9904,flux,thermal,2,0.8347629904747009
7184,candidate_014,surface_temp_ir;fc4_flux;cr1000xe_backbone,1.9904,flux,thermal,2,0.8343870639801025
7184,candidate_014,surface_temp_ir;fc4_flux;cr1000xe_backbone,1.9904,flux,thermal,2,0.8568251132965088
7184,candidate_014,surface_temp_ir;fc4_flux;cr1000xe_backbone,1.9904,flux,thermal,2,0.8242419958114624
7184,candidate_014,surface_temp_ir;fc4_flux;cr1000xe_backbone,1.9904,calm,thermal,0,0.7201520800590515
7184,candidate_014,surface_temp_ir;fc4_flux;cr1000xe_backbone,1.9904,calm,thermal,0,0.6377140879631042
7184,candidate_014,surface_temp_ir;fc4_flux;cr1000xe_backbone,1.9904,calm,thermal,0,0.6588665843009949
7184,candidate_014,surface_temp_ir;fc4_flux;cr1000xe_backbone,1.9904,calm,thermal,0,0.6733459234237671
7184,candidate_014,surface_temp_ir;fc4_flux;cr1000xe_backbone,1.9904,calm,thermal,0,0.9251506328582764
7184,candidate_014,surface_temp_ir;fc4_flux;cr1000xe_backbone,1.9904,calm,thermal,0,1.1651884317398071
7184,candidate_014,surface_temp_ir;fc4_flux;cr1000xe_backbone,1.9904,calm,thermal,0,1.5023669004440308
7184,candidate_014,surface_temp_ir;fc4_flux;cr1000xe_backbone,1.9904,calm,thermal,0,1.7181205749511719
7184,candidate_014,surface_temp_ir;fc4_flux;cr1000xe_backbone,1.9904,calm,thermal,0,1.9697718620300293
7184,candidate_014,surface_temp_ir;fc4_flux;cr1000xe_backbone,1.9904,calm,thermal,0,2.212775707244873
7184,candidate_014,surface_temp_ir;fc4_flux;cr1000xe_backbone,1.9904,calm,thermal,0,2.528738260269165
7184,candidate_014,surface_temp_ir;fc4_flux;cr1000xe_backbone,1.9904,calm,thermal,0,2.843015432357788
7184,candidate_014,surface_temp_ir;fc4_flux;cr1000xe_backbone,1.9904,thermal,transport,3,2.8335769176483154
7184,candidate_014,surface_temp_ir;fc4_flux;cr1000xe_backbone,1.9904,thermal,transport,3,2.88808274269104
7184,candidate_014,surface_temp_ir;fc4_flux;cr1000xe_backbone,1.9904,thermal,transport,3,3.0131571292877197
7184,candidate_014,surface_temp_ir;fc4_flux;cr1000xe_backbone,1.9904,thermal,transport,3,3.0883407592773438
7184,candidate_014,surface_temp_ir;fc4_flux;cr1000xe_backbone,1.9904,thermal,transport,3,3.1280324459075928
7184,candidate_014,surface_temp_ir;fc4_flux;cr1000xe_backbone,1.9904,thermal,transport,3,3.1966564655303955
7184,candidate_014,surface_temp_ir;fc4_flux;cr1000xe_backbone,1.9904,thermal,transport,3,3.168677568435669
7184,candidate_014,surface_temp_ir;fc4_flux;cr1000xe_backbone,1.9904,thermal,transport,3,3.1616291999816895
7184,candidate_014,surface_temp_ir;fc4_flux;cr1000xe_backbone,1.9904,thermal,transport,3,3.20365047454834
7184,candidate_014,surface_temp_ir;fc4_flux;cr1000xe_backbone,1.9904,thermal,transport,3,3.316545248031616
7184,candidate_014,surface_temp_ir;fc4_flux;cr1000xe_backbone,1.9904,thermal,transport,3,3.2160112857818604
7184,candidate_014,surface_temp_ir;fc4_flux;cr1000xe_backbone,1.9904,thermal,transport,3,3.191272258758545
7184,candidate_014,surface_temp_ir;fc4_flux;cr1000xe_backbone,1.9904,thermal,transport,3,2.8653833866119385
7184,candidate_014,surface_temp_ir;fc4_flux;cr1000xe_backbone,1.9904,thermal,transport,3,2.629779815673828
7184,candidate_014,surface_temp_ir;fc4_flux;cr1000xe_backbone,1.9904,thermal,transport,3,2.3387153148651123
7184,candidate_014,surface_temp_ir;fc4_flux;cr1000xe_backbone,1.9904,thermal,transport,3,1.949570655822754
7184,candidate_014,surface_temp_ir;fc4_flux;cr1000xe_backbone,1.9904,thermal,transport,3,1.7564789056777954
7184,candidate_014,surface_temp_ir;fc4_flux;cr1000xe_backbone,1.9904,thermal,transport,3,1.5496517419815063
7184,candidate_014,surface_temp_ir;fc4_flux;cr1000xe_backbone,1.9904,thermal,transport,3,1.3895585536956787
7184,candidate_014,surface_temp_ir;fc4_flux;cr1000xe_backbone,1.9904,thermal,transport,3,1.4468282461166382
7184,candidate_014,surface_temp_ir;fc4_flux;cr1000xe_backbone,1.9904,thermal,particle,3,0.6377270817756653
7184,candidate_014,surface_temp_ir;fc4_flux;cr1000xe_backbone,1.9904,thermal,particle,3,0.7013850808143616
7184,candidate_014,surface_temp_ir;fc4_flux;cr1000xe_backbone,1.9904,thermal,particle,3,0.8553850054740906
7184,candidate_014,surface_temp_ir;fc4_flux;cr1000xe_backbone,1.9904,thermal,particle,3,0.9841065406799316
7184,candidate_014,surface_temp_ir;fc4_flux;cr1000xe_backbone,1.9904,thermal,particle,3,0.9459657073020935
7184,candidate_014,surface_temp_ir;fc4_flux;cr1000xe_backbone,1.9904,thermal,particle,3,0.9470571279525757
7184,candidate_014,surface_temp_ir;fc4_flux;cr1000xe_backbone,1.9904,thermal,particle,3,0.9384400248527527
7184,candidate_014,surface_temp_ir;fc4_flux;cr1000xe_backbone,1.9904,thermal,particle,3,0.9125868082046509
7184,candidate_014,surface_temp_ir;fc4_flux;cr1000xe_backbone,1.9904,thermal,particle,3,0.7768672704696655
7184,candidate_014,surface_temp_ir;fc4_flux;cr1000xe_backbone,1.9904,calm,particle,0,0.7145146727561951
7184,candidate_014,surface_temp_ir;fc4_flux;cr1000xe_backbone,1.9904,calm,particle,0,0.7442393898963928
7184,candidate_014,surface_temp_ir;fc4_flux;cr1000xe_backbone,1.9904,calm,particle,0,0.8432328701019287
7184,candidate_014,surface_temp_ir;fc4_flux;cr1000xe_backbone,1.9904,calm,particle,0,0.687186062335968
7184,candidate_014,surface_temp_ir;fc4_flux;cr1000xe_backbone,1.9904,calm,particle,0,0.863757312297821
7184,candidate_014,surface_temp_ir;fc4_flux;cr1000xe_backbone,1.9904,calm,particle,0,0.7879630327224731
7184,candidate_014,surface_temp_ir;fc4_flux;cr1000xe_backbone,1.9904,calm,particle,0,0.8975445628166199
7184,candidate_014,surface_temp_ir;fc4_flux;cr1000xe_backbone,1.9904,calm,particle,0,0.5676642060279846
7184,candidate_014,surface_temp_ir;fc4_flux;cr1000xe_backbone,1.9904,calm,particle,0,0.6862760782241821
7184,candidate_014,surface_temp_ir;fc4_flux;cr1000xe_backbone,1.9904,calm,particle,0,0.6264733076095581
7184,candidate_014,surface_temp_ir;fc4_flux;cr1000xe_backbone,1.9904,calm,particle,0,0.6559959053993225
7184,candidate_014,surface_temp_ir;fc4_flux;cr1000xe_backbone,1.9904,calm,particle,0,0.6983115077018738
7184,candidate_014,surface_temp_ir;fc4_flux;cr1000xe_backbone,1.9904,calm,particle,0,0.6552613377571106
7184,candidate_014,surface_temp_ir;fc4_flux;cr1000xe_backbone,1.9904,calm,particle,0,0.6741486191749573
7184,candidate_014,surface_temp_ir;fc4_flux;cr1000xe_backbone,1.9904,thermal,thermal,3,0.4514079988002777
7184,candidate_014,surface_temp_ir;fc4_flux;cr1000xe_backbone,1.9904,thermal,thermal,3,0.4310307204723358
7184,candidate_014,surface_temp_ir;fc4_flux;cr1000xe_backbone,1.9904,thermal,thermal,3,0.46111437678337097
7184,candidate_014,surface_temp_ir;fc4_flux;cr1000xe_backbone,1.9904,thermal,thermal,3,0.4323727488517761
7184,candidate_014,surface_temp_ir;fc4_flux;cr1000xe_backbone,1.9904,thermal,thermal,3,0.41198933124542236
7184,candidate_014,surface_temp_ir;fc4_flux;cr1000xe_backbone,1.9904,thermal,thermal,3,0.4244439899921417
7184,candidate_014,surface_temp_ir;fc4_flux;cr1000xe_backbone,1.9904,thermal,thermal,3,0.4518449902534485
7184,candidate_014,surface_temp_ir;fc4_flux;cr1000xe_backbone,1.9904,thermal,thermal,3,0.46921786665916443
7184,candidate_014,surface_temp_ir;fc4_flux;cr1000xe_backbone,1.9904,thermal,thermal,3,0.5253705382347107
7184,candidate_014,surface_temp_ir;fc4_flux;cr1000xe_backbone,1.9904,thermal,thermal,3,0.4847724437713623
7184,candidate_014,surface_temp_ir;fc4_flux;cr1000xe_backbone,1.9904,thermal,thermal,3,0.4012347459793091
7184,candidate_014,surface_temp_ir;fc4_flux;cr1000xe_backbone,1.9904,thermal,thermal,3,0.391977995634079
7184,candidate_014,surface_temp_ir;fc4_flux;cr1000xe_backbone,1.9904,thermal,thermal,3,0.48864996433258057
7184,candidate_014,surface_temp_ir;fc4_flux;cr1000xe_backbone,1.9904,thermal,thermal,3,0.42878958582878113
7184,candidate_014,surface_temp_ir;fc4_flux;cr1000xe_backbone,1.9904,thermal,thermal,3,0.6991367340087891
7184,candidate_014,surface_temp_ir;fc4_flux;cr1000xe_backbone,1.9904,thermal,thermal,3,1.0298408269882202
7184,candidate_014,surface_temp_ir;fc4_flux;cr1000xe_backbone,1.9904,thermal,thermal,3,1.3615870475769043
7184,candidate_014,surface_temp_ir;fc4_flux;cr1000xe_backbone,1.9904,thermal,thermal,3,1.7133487462997437
7184,candidate_014,surface_temp_ir;fc4_flux;cr1000xe_backbone,1.9904,thermal,thermal,3,2.0429046154022217
7184,candidate_014,surface_temp_ir;fc4_flux;cr1000xe_backbone,1.9904,thermal,thermal,3,2.3864362239837646
7184,candidate_014,surface_temp_ir;fc4_flux;cr1000xe_backbone,1.9904,thermal,thermal,3,2.720872402191162
7184,candidate_014,surface_temp_ir;fc4_flux;cr1000xe_backbone,1.9904,thermal,thermal,3,3.0547168254852295
7184,candidate_014,surface_temp_ir;fc4_flux;cr1000xe_backbone,1.9904,thermal,transport,3,2.9851865768432617
7184,candidate_014,surface_temp_ir;fc4_flux;cr1000xe_backbone,1.9904,thermal,transport,3,3.0386998653411865
7184,candidate_014,surface_temp_ir;fc4_flux;cr1000xe_backbone,1.9904,thermal,transport,3,3.0849549770355225
7184,candidate_014,surface_temp_ir;fc4_flux;cr1000xe_backbone,1.9904,thermal,transport,3,3.145723819732666
7184,candidate_014,surface_temp_ir;fc4_flux;cr1000xe_backbone,1.9904,thermal,transport,3,3.126821279525757
7184,candidate_014,surface_temp_ir;fc4_flux;cr1000xe_backbone,1.9904,thermal,transport,3,3.142213821411133
7184,candidate_014,surface_temp_ir;fc4_flux;cr1000xe_backbone,1.9904,thermal,transport,3,3.194918632507324
7184,candidate_014,surface_temp_ir;fc4_flux;cr1000xe_backbone,1.9904,thermal,transport,3,3.1626780033111572
7184,candidate_014,surface_temp_ir;fc4_flux;cr1000xe_backbone,1.9904,thermal,transport,3,3.086247682571411
7184,candidate_014,surface_temp_ir;fc4_flux;cr1000xe_backbone,1.9904,thermal,transport,3,3.0878474712371826
7184,candidate_014,surface_temp_ir;fc4_flux;cr1000xe_backbone,1.9904,thermal,transport,3,3.21803879737854
7184,candidate_014,surface_temp_ir;fc4_flux;cr1000xe_backbone,1.9904,thermal,transport,3,3.19096302986145
7184,candidate_014,surface_temp_ir;fc4_flux;cr1000xe_backbone,1.9904,thermal,transport,3,2.984635829925537
7184,candidate_014,surface_temp_ir;fc4_flux;cr1000xe_backbone,1.9904,thermal,transport,3,2.758375644683838
7184,candidate_014,surface_temp_ir;fc4_flux;cr1000xe_backbone,1.9904,thermal,transport,3,2.4359054565429688
7184,candidate_014,surface_temp_ir;fc4_flux;cr1000xe_backbone,1.9904,thermal,transport,3,2.294605016708374
7184,candidate_014,surface_temp_ir;fc4_flux;cr1000xe_backbone,1.9904,thermal,transport,3,1.993786096572876
7184,candidate_014,surface_temp_ir;fc4_flux;cr1000xe_backbone,1.9904,thermal,transport,3,1.719763159751892
7184,candidate_014,surface_temp_ir;fc4_flux;cr1000xe_backbone,1.9904,thermal,transport,3,1.7138071060180664
7184,candidate_014,surface_temp_ir;fc4_flux;cr1000xe_backbone,1.9904,thermal,transport,3,1.7908241748809814
7184,candidate_014,surface_temp_ir;fc4_flux;cr1000xe_backbone,1.9904,thermal,particle,3,1.8225057125091553
7184,candidate_014,surface_temp_ir;fc4_flux;cr1000xe_backbone,1.9904,thermal,particle,3,0.666647732257843
7184,candidate_014,surface_temp_ir;fc4_flux;cr1000xe_backbone,1.9904,thermal,particle,3,0.6909330487251282
7184,candidate_014,surface_temp_ir;fc4_flux;cr1000xe_backbone,1.9904,thermal,particle,3,0.7570348381996155
7184,candidate_014,surface_temp_ir;fc4_flux;cr1000xe_backbone,1.9904,thermal,particle,3,0.8364851474761963
7184,candidate_014,surface_temp_ir;fc4_flux;cr1000xe_backbone,1.9904,thermal,particle,3,0.9298508167266846
7184,candidate_014,surface_temp_ir;fc4_flux;cr1000xe_backbone,1.9904,thermal,particle,3,0.9273850917816162
7184,candidate_014,surface_temp_ir;fc4_flux;cr1000xe_backbone,1.9904,thermal,particle,3,0.8479346036911011
7184,candidate_015,laser_disdrometer;fc4_flux;cr1000xe_backbone,2.1104,calm,particle,0,1.0109184980392456
7184,candidate_015,laser_disdrometer;fc4_flux;cr1000xe_backbone,2.1104,calm,particle,0,1.0148125886917114
7184,candidate_015,laser_disdrometer;fc4_flux;cr1000xe_backbone,2.1104,calm,particle,0,1.005542278289795
7184,candidate_015,laser_disdrometer;fc4_flux;cr1000xe_backbone,2.1104,calm,particle,0,1.072210431098938
7184,candidate_015,laser_disdrometer;fc4_flux;cr1000xe_backbone,2.1104,calm,particle,0,1.0310713052749634
7184,candidate_015,laser_disdrometer;fc4_flux;cr1000xe_backbone,2.1104,calm,particle,0,0.9913241863250732
7184,candidate_015,laser_disdrometer;fc4_flux;cr1000xe_backbone,2.1104,calm,particle,0,0.9254385232925415
7184,candidate_015,laser_disdrometer;fc4_flux;cr1000xe_backbone,2.1104,calm,particle,0,0.8744900226593018
7184,candidate_015,laser_disdrometer;fc4_flux;cr1000xe_backbone,2.1104,calm,particle,0,0.9846204519271851
7184,candidate_015,laser_disdrometer;fc4_flux;cr1000xe_backbone,2.1104,calm,particle,0,1.0135900974273682
7184,candidate_015,laser_disdrometer;fc4_flux;cr1000xe_backbone,2.1104,calm,particle,0,0.9909358620643616
7184,candidate_015,laser_disdrometer;fc4_flux;cr1000xe_backbone,2.1104,calm,particle,0,0.9847773313522339
7184,candidate_015,laser_disdrometer;fc4_flux;cr1000xe_backbone,2.1104,calm,particle,0,1.1157958507537842
7184,candidate_015,laser_disdrometer;fc4_flux;cr1000xe_backbone,2.1104,calm,particle,0,0.927804708480835
7184,candidate_015,laser_disdrometer;fc4_flux;cr1000xe_backbone,2.1104,calm,particle,0,0.9781969785690308
7184,candidate_015,laser_disdrometer;fc4_flux;cr1000xe_backbone,2.1104,calm,particle,0,0.9187975525856018
7184,candidate_015,laser_disdrometer;fc4_flux;cr1000xe_backbone,2.1104,calm,particle,0,0.8047744035720825
7184,candidate_015,laser_disdrometer;fc4_flux;cr1000xe_backbone,2.1104,calm,particle,0,0.9249392151832581
7184,candidate_015,laser_disdrometer;fc4_flux;cr1000xe_backbone,2.1104,calm,particle,0,0.8342927098274231
7184,candidate_015,laser_disdrometer;fc4_flux;cr1000xe_backbone,2.1104,calm,particle,0,0.8483248353004456
7184,candidate_015,laser_disdrometer;fc4_flux;cr1000xe_backbone,2.1104,calm,particle,0,0.9385930895805359
7184,candidate_015,laser_disdrometer;fc4_flux;cr1000xe_backbone,2.1104,calm,thermal,0,0.9492716789245605
7184,candidate_015,laser_disdrometer;fc4_flux;cr1000xe_backbone,2.1104,calm,thermal,0,0.9514757394790649
7184,candidate_015,laser_disdrometer;fc4_flux;cr1000xe_backbone,2.1104,calm,thermal,0,0.8859925270080566
7184,candidate_015,laser_disdrometer;fc4_flux;cr1000xe_backbone,2.1104,calm,thermal,0,0.9533261060714722
7184,candidate_015,laser_disdrometer;fc4_flux;cr1000xe_backbone,2.1104,calm,thermal,0,0.9484265446662903
7184,candidate_015,laser_disdrometer;fc4_flux;cr1000xe_backbone,2.1104,calm,thermal,0,1.0819131135940552
7184,candidate_015,laser_disdrometer;fc4_flux;cr1000xe_backbone,2.1104,calm,thermal,0,1.021610975265503
7184,candidate_015,laser_disdrometer;fc4_flux;cr1000xe_backbone,2.1104,calm,thermal,0,0.9955514073371887
7184,candidate_015,laser_disdrometer;fc4_flux;cr1000xe_backbone,2.1104,calm,thermal,0,0.937999963760376
7184,candidate_015,laser_disdrometer;fc4_flux;cr1000xe_backbone,2.1104,calm,thermal,0,0.9447426199913025
7184,candidate_015,laser_disdrometer;fc4_flux;cr1000xe_backbone,2.1104,calm,thermal,0,0.9087938666343689
7184,candidate_015,laser_disdrometer;fc4_flux;cr1000xe_backbone,2.1104,calm,thermal,0,0.811374306678772
7184,candidate_015,laser_disdrometer;fc4_flux;cr1000xe_backbone,2.1104,calm,thermal,0,0.8780152201652527
7184,candidate_015,laser_disdrometer;fc4_flux;cr1000xe_backbone,2.1104,calm,thermal,0,0.7994424104690552
7184,candidate_015,laser_disdrometer;fc4_flux;cr1000xe_backbone,2.1104,calm,thermal,0,0.8342838287353516
7184,candidate_015,laser_disdrometer;fc4_flux;cr1000xe_backbone,2.1104,calm,thermal,0,0.7498247623443604
7184,candidate_015,laser_disdrometer;fc4_flux;cr1000xe_backbone,2.1104,calm,thermal,0,0.8890312314033508
7184,candidate_015,laser_disdrometer;fc4_flux;cr1000xe_backbone,2.1104,calm,thermal,0,0.9225544333457947
7184,candidate_015,laser_disdrometer;fc4_flux;cr1000xe_backbone,2.1104,calm,thermal,0,0.8667716979980469
7184,candidate_015,laser_disdrometer;fc4_flux;cr1000xe_backbone,2.1104,calm,thermal,0,0.8306046724319458
7184,candidate_015,laser_disdrometer;fc4_flux;cr1000xe_backbone,2.1104,calm,thermal,0,0.8596305847167969
7184,candidate_015,laser_disdrometer;fc4_flux;cr1000xe_backbone,2.1104,calm,thermal,0,0.9083877205848694
7184,candidate_015,laser_disdrometer;fc4_flux;cr1000xe_backbone,2.1104,calm,thermal,0,1.036751389503479
7184,candidate_015,laser_disdrometer;fc4_flux;cr1000xe_backbone,2.1104,calm,thermal,0,0.913345456123352
7184,candidate_015,laser_disdrometer;fc4_flux;cr1000xe_backbone,2.1104,calm,thermal,0,0.9569297432899475
7184,candidate_015,laser_disdrometer;fc4_flux;cr1000xe_backbone,2.1104,calm,thermal,0,0.9860908389091492
7184,candidate_015,laser_disdrometer;fc4_flux;cr1000xe_backbone,2.1104,calm,thermal,0,0.9761568903923035
7184,candidate_015,laser_disdrometer;fc4_flux;cr1000xe_backbone,2.1104,calm,thermal,0,0.9530999064445496
7184,candidate_015,laser_disdrometer;fc4_flux;cr1000xe_backbone,2.1104,calm,thermal,0,0.955612301826477
7184,candidate_015,laser_disdrometer;fc4_flux;cr1000xe_backbone,2.1104,calm,thermal,0,0.828380286693573
7184,candidate_015,laser_disdrometer;fc4_flux;cr1000xe_backbone,2.1104,calm,thermal,0,0.8073797821998596
7184,candidate_015,laser_disdrometer;fc4_flux;cr1000xe_backbone,2.1104,calm,thermal,0,0.8726934194564819
7184,candidate_015,laser_disdrometer;fc4_flux;cr1000xe_backbone,2.1104,calm,thermal,0,0.8980410099029541
7184,candidate_015,laser_disdrometer;fc4_flux;cr1000xe_backbone,2.1104,calm,transport,0,0.7631797194480896
7184,candidate_015,laser_disdrometer;fc4_flux;cr1000xe_backbone,2.1104,calm,transport,0,0.692258358001709
7184,candidate_015,laser_disdrometer;fc4_flux;cr1000xe_backbone,2.1104,calm,transport,0,0.7374383807182312
7184,candidate_015,laser_disdrometer;fc4_flux;cr1000xe_backbone,2.1104,calm,transport,0,0.7376242876052856
7184,candidate_015,laser_disdrometer;fc4_flux;cr1000xe_backbone,2.1104,calm,transport,0,0.7295109033584595
7184,candidate_015,laser_disdrometer;fc4_flux;cr1000xe_backbone,2.1104,calm,transport,0,0.7268611788749695
7184,candidate_015,laser_disdrometer;fc4_flux;cr1000xe_backbone,2.1104,calm,transport,0,0.6804020404815674
7184,candidate_015,laser_disdrometer;fc4_flux;cr1000xe_backbone,2.1104,calm,transport,0,0.689682126045227
7184,candidate_015,laser_disdrometer;fc4_flux;cr1000xe_backbone,2.1104,calm,transport,0,0.7562111020088196
7184,candidate_015,laser_disdrometer;fc4_flux;cr1000xe_backbone,2.1104,calm,transport,0,0.9300490617752075
7184,candidate_015,laser_disdrometer;fc4_flux;cr1000xe_backbone,2.1104,calm,transport,0,0.8300998210906982
7184,candidate_015,laser_disdrometer;fc4_flux;cr1000xe_backbone,2.1104,calm,transport,0,0.8252357244491577
7184,candidate_015,laser_disdrometer;fc4_flux;cr1000xe_backbone,2.1104,calm,transport,0,0.7735949158668518
7184,candidate_015,laser_disdrometer;fc4_flux;cr1000xe_backbone,2.1104,calm,transport,0,0.8201102614402771
7184,candidate_015,laser_disdrometer;fc4_flux;cr1000xe_backbone,2.1104,calm,transport,0,0.8979433178901672
7184,candidate_015,laser_disdrometer;fc4_flux;cr1000xe_backbone,2.1104,calm,transport,0,0.8707617521286011
7184,candidate_015,laser_disdrometer;fc4_flux;cr1000xe_backbone,2.1104,calm,transport,0,0.8645861148834229
7184,candidate_015,laser_disdrometer;fc4_flux;cr1000xe_backbone,2.1104,calm,transport,0,1.0128693580627441
7184,candidate_015,laser_disdrometer;fc4_flux;cr1000xe_backbone,2.1104,calm,transport,0,1.056106448173523
7184,candidate_015,laser_disdrometer;fc4_flux;cr1000xe_backbone,2.1104,calm,transport,0,0.9183504581451416
7184,candidate_015,laser_disdrometer;fc4_flux;cr1000xe_backbone,2.1104,calm,transport,0,0.9228646755218506
7184,candidate_015,laser_disdrometer;fc4_flux;cr1000xe_backbone,2.1104,calm,transport,0,0.7647128701210022
7184,candidate_015,laser_disdrometer;fc4_flux;cr1000xe_backbone,2.1104,calm,transport,0,0.784124493598938
7184,candidate_015,laser_disdrometer;fc4_flux;cr1000xe_backbone,2.1104,calm,transport,0,0.7581984996795654
7184,candidate_015,laser_disdrometer;fc4_flux;cr1000xe_backbone,2.1104,calm,transport,0,0.7458608746528625
7184,candidate_015,laser_disdrometer;fc4_flux;cr1000xe_backbone,2.1104,calm,transport,0,0.7446961402893066
7184,candidate_015,laser_disdrometer;fc4_flux;cr1000xe_backbone,2.1104,calm,transport,0,0.7217912673950195
7184,candidate_015,laser_disdrometer;fc4_flux;cr1000xe_backbone,2.1104,calm,transport,0,0.6807959675788879
7184,candidate_015,laser_disdrometer;fc4_flux;cr1000xe_backbone,2.1104,calm,transport,0,0.658339262008667
7184,candidate_015,laser_disdrometer;fc4_flux;cr1000xe_backbone,2.1104,calm,transport,0,0.6677181720733643
7184,candidate_015,laser_disdrometer;fc4_flux;cr1000xe_backbone,2.1104,calm,transport,0,0.6811770796775818
7184,candidate_015,laser_disdrometer;fc4_flux;cr1000xe_backbone,2.1104,calm,transport,0,0.6522879600524902
7184,candidate_015,laser_disdrometer;fc4_flux;cr1000xe_backbone,2.1104,calm,transport,0,0.6598312854766846
7184,candidate_015,laser_disdrometer;fc4_flux;cr1000xe_backbone,2.1104,calm,transport,0,0.6421145796775818
7184,candidate_015,laser_disdrometer;fc4_flux;cr1000xe_backbone,2.1104,calm,transport,0,0.628135085105896
7184,candidate_015,laser_disdrometer;fc4_flux;cr1000xe_backbone,2.1104,calm,transport,0,0.6756206154823303
7184,candidate_015,laser_disdrometer;fc4_flux;cr1000xe_backbone,2.1104,calm,particle,0,0.6395521759986877
7184,candidate_015,laser_disdrometer;fc4_flux;cr1000xe_backbone,2.1104,calm,particle,0,0.6862260699272156
7184,candidate_015,laser_disdrometer;fc4_flux;cr1000xe_backbone,2.1104,calm,particle,0,0.7120136022567749
7184,candidate_015,laser_disdrometer;fc4_flux;cr1000xe_backbone,2.1104,calm,particle,0,0.717982292175293
7184,candidate_015,laser_disdrometer;fc4_flux;cr1000xe_backbone,2.1104,calm,particle,0,0.7417432069778442
7184,candidate_015,laser_disdrometer;fc4_flux;cr1000xe_backbone,2.1104,calm,particle,0,0.7826815247535706
7184,candidate_015,laser_disdrometer;fc4_flux;cr1000xe_backbone,2.1104,calm,particle,0,0.875245988368988
7184,candidate_015,laser_disdrometer;fc4_flux;cr1000xe_backbone,2.1104,calm,particle,0,0.8340034484863281
7184,candidate_015,laser_disdrometer;fc4_flux;cr1000xe_backbone,2.1104,calm,particle,0,0.866853654384613
7184,candidate_015,laser_disdrometer;fc4_flux;cr1000xe_backbone,2.1104,calm,particle,0,0.7436037063598633
7184,candidate_015,laser_disdrometer;fc4_flux;cr1000xe_backbone,2.1104,calm,particle,0,0.7873154878616333
7184,candidate_015,laser_disdrometer;fc4_flux;cr1000xe_backbone,2.1104,calm,particle,0,0.7205337285995483
7184,candidate_015,laser_disdrometer;fc4_flux;cr1000xe_backbone,2.1104,calm,particle,0,0.7381771206855774
7184,candidate_015,laser_disdrometer;fc4_flux;cr1000xe_backbone,2.1104,calm,particle,0,0.6919053792953491
7184,candidate_015,laser_disdrometer;fc4_flux;cr1000xe_backbone,2.1104,calm,particle,0,0.7052421569824219
7184,candidate_015,laser_disdrometer;fc4_flux;cr1000xe_backbone,2.1104,calm,particle,0,0.6561778783798218
7184,candidate_015,laser_disdrometer;fc4_flux;cr1000xe_backbone,2.1104,calm,particle,0,0.6970625519752502
7184,candidate_015,laser_disdrometer;fc4_flux;cr1000xe_backbone,2.1104,calm,particle,0,0.8691043257713318
7184,candidate_015,laser_disdrometer;fc4_flux;cr1000xe_backbone,2.1104,calm,particle,0,0.8079438209533691
7184,candidate_015,laser_disdrometer;fc4_flux;cr1000xe_backbone,2.1104,calm,particle,0,0.7820833921432495
7184,candidate_015,laser_disdrometer;fc4_flux;cr1000xe_backbone,2.1104,calm,particle,0,0.7293001413345337
7184,candidate_015,laser_disdrometer;fc4_flux;cr1000xe_backbone,2.1104,calm,particle,0,0.8752041459083557
7184,candidate_015,laser_disdrometer;fc4_flux;cr1000xe_backbone,2.1104,calm,particle,0,0.7345311045646667
7184,candidate_015,laser_disdrometer;fc4_flux;cr1000xe_backbone,2.1104,calm,particle,0,0.7094650864601135
7184,candidate_015,laser_disdrometer;fc4_flux;cr1000xe_backbone,2.1104,calm,particle,0,0.7373849749565125
7184,candidate_015,laser_disdrometer;fc4_flux;cr1000xe_backbone,2.1104,calm,particle,0,0.7877944707870483
7184,candidate_015,laser_disdrometer;fc4_flux;cr1000xe_backbone,2.1104,calm,particle,0,0.8682170510292053
7184,candidate_015,laser_disdrometer;fc4_flux;cr1000xe_backbone,2.1104,calm,particle,0,0.9090080857276917
7184,candidate_015,laser_disdrometer;fc4_flux;cr1000xe_backbone,2.1104,calm,particle,0,0.8262148499488831
7184,candidate_015,laser_disdrometer;fc4_flux;cr1000xe_backbone,2.1104,calm,particle,0,0.8714630603790283
7184,candidate_015,laser_disdrometer;fc4_flux;cr1000xe_backbone,2.1104,calm,particle,0,0.8766106963157654
7184,candidate_015,laser_disdrometer;fc4_flux;cr1000xe_backbone,2.1104,calm,particle,0,0.9067862033843994
7184,candidate_015,laser_disdrometer;fc4_flux;cr1000xe_backbone,2.1104,calm,particle,0,0.8956551551818848
7184,candidate_015,laser_disdrometer;fc4_flux;cr1000xe_backbone,2.1104,calm,particle,0,0.8974252343177795
7184,candidate_015,laser_disdrometer;fc4_flux;cr1000xe_backbone,2.1104,calm,thermal,0,0.9012167453765869
7184,candidate_015,laser_disdrometer;fc4_flux;cr1000xe_backbone,2.1104,calm,thermal,0,0.8790782690048218
7184,candidate_015,laser_disdrometer;fc4_flux;cr1000xe_backbone,2.1104,calm,thermal,0,0.8491105437278748
7184,candidate_015,laser_disdrometer;fc4_flux;cr1000xe_backbone,2.1104,calm,thermal,0,0.840573787689209
7184,candidate_015,laser_disdrometer;fc4_flux;cr1000xe_backbone,2.1104,calm,thermal,0,0.8592031598091125
7184,candidate_015,laser_disdrometer;fc4_flux;cr1000xe_backbone,2.1104,calm,thermal,0,0.8662354946136475
7184,candidate_015,laser_disdrometer;fc4_flux;cr1000xe_backbone,2.1104,calm,thermal,0,0.846152126789093
7184,candidate_015,laser_disdrometer;fc4_flux;cr1000xe_backbone,2.1104,calm,thermal,0,0.8602622747421265
7184,candidate_015,laser_disdrometer;fc4_flux;cr1000xe_backbone,2.1104,calm,thermal,0,0.8507751822471619
7184,candidate_015,laser_disdrometer;fc4_flux;cr1000xe_backbone,2.1104,calm,thermal,0,0.8538287281990051
7184,candidate_015,laser_disdrometer;fc4_flux;cr1000xe_backbone,2.1104,calm,thermal,0,0.8629996180534363
7184,candidate_015,laser_disdrometer;fc4_flux;cr1000xe_backbone,2.1104,calm,thermal,0,0.8860356211662292
7184,candidate_015,laser_disdrometer;fc4_flux;cr1000xe_backbone,2.1104,calm,thermal,0,0.9275919795036316
7184,candidate_015,laser_disdrometer;fc4_flux;cr1000xe_backbone,2.1104,calm,thermal,0,0.9949107766151428
7184,candidate_015,laser_disdrometer;fc4_flux;cr1000xe_backbone,2.1104,calm,thermal,0,0.9881275296211243
7184,candidate_015,laser_disdrometer;fc4_flux;cr1000xe_backbone,2.1104,calm,thermal,0,1.022344946861267
7184,candidate_015,laser_disdrometer;fc4_flux;cr1000xe_backbone,2.1104,calm,thermal,0,1.0343194007873535
7184,candidate_015,laser_disdrometer;fc4_flux;cr1000xe_backbone,2.1104,calm,thermal,0,1.0483288764953613
7184,candidate_015,laser_disdrometer;fc4_flux;cr1000xe_backbone,2.1104,calm,thermal,0,1.146388053894043
7184,candidate_015,laser_disdrometer;fc4_flux;cr1000xe_backbone,2.1104,calm,thermal,0,1.1380047798156738
7184,candidate_015,laser_disdrometer;fc4_flux;cr1000xe_backbone,2.1104,calm,thermal,0,1.1102454662322998
7184,candidate_015,laser_disdrometer;fc4_flux;cr1000xe_backbone,2.1104,calm,thermal,0,1.0985430479049683
7184,candidate_015,laser_disdrometer;fc4_flux;cr1000xe_backbone,2.1104,calm,thermal,0,1.1631051301956177
7184,candidate_015,laser_disdrometer;fc4_flux;cr1000xe_backbone,2.1104,calm,thermal,0,1.1796084642410278
7184,candidate_015,laser_disdrometer;fc4_flux;cr1000xe_backbone,2.1104,calm,thermal,0,1.1549893617630005
7184,candidate_015,laser_disdrometer;fc4_flux;cr1000xe_backbone,2.1104,calm,thermal,0,1.1835097074508667
7184,candidate_015,laser_disdrometer;fc4_flux;cr1000xe_backbone,2.1104,calm,transport,0,1.2947587966918945
7184,candidate_015,laser_disdrometer;fc4_flux;cr1000xe_backbone,2.1104,calm,transport,0,1.2905057668685913
7184,candidate_015,laser_disdrometer;fc4_flux;cr1000xe_backbone,2.1104,calm,transport,0,1.335160255432129
7184,candidate_015,laser_disdrometer;fc4_flux;cr1000xe_backbone,2.1104,calm,transport,0,1.2496269941329956
7184,candidate_015,laser_disdrometer;fc4_flux;cr1000xe_backbone,2.1104,calm,transport,0,1.2050414085388184
7184,candidate_015,laser_disdrometer;fc4_flux;cr1000xe_backbone,2.1104,calm,transport,0,1.1112232208251953
7184,candidate_015,laser_disdrometer;fc4_flux;cr1000xe_backbone,2.1104,calm,transport,0,1.2144324779510498
7184,candidate_015,laser_disdrometer;fc4_flux;cr1000xe_backbone,2.1104,calm,transport,0,1.101549744606018
7184,candidate_015,laser_disdrometer;fc4_flux;cr1000xe_backbone,2.1104,calm,transport,0,1.129328966140747
7184,candidate_015,laser_disdrometer;fc4_flux;cr1000xe_backbone,2.1104,calm,transport,0,1.047129511833191
7184,candidate_015,laser_disdrometer;fc4_flux;cr1000xe_backbone,2.1104,calm,transport,0,1.0109995603561401
7184,candidate_015,laser_disdrometer;fc4_flux;cr1000xe_backbone,2.1104,calm,transport,0,1.0447664260864258
7184,candidate_015,laser_disdrometer;fc4_flux;cr1000xe_backbone,2.1104,calm,transport,0,1.0612472295761108
7184,candidate_015,laser_disdrometer;fc4_flux;cr1000xe_backbone,2.1104,calm,transport,0,1.0442969799041748
7184,candidate_015,laser_disdrometer;fc4_flux;cr1000xe_backbone,2.1104,calm,transport,0,1.0370359420776367
7184,candidate_015,laser_disdrometer;fc4_flux;cr1000xe_backbone,2.1104,calm,transport,0,1.1199010610580444
7184,candidate_015,laser_disdrometer;fc4_flux;cr1000xe_backbone,2.1104,calm,transport,0,1.1520816087722778
7184,candidate_015,laser_disdrometer;fc4_flux;cr1000xe_backbone,2.1104,calm,transport,0,1.2343870401382446
7184,candidate_015,laser_disdrometer;fc4_flux;cr1000xe_backbone,2.1104,calm,transport,0,1.3037043809890747
7184,candidate_015,laser_disdrometer;fc4_flux;cr1000xe_backbone,2.1104,calm,transport,0,1.2692221403121948
7184,candidate_015,laser_disdrometer;fc4_flux;cr1000xe_backbone,2.1104,calm,transport,0,1.249510407447815
7184,candidate_015,laser_disdrometer;fc4_flux;cr1000xe_backbone,2.1104,calm,transport,0,1.388480305671692
7184,candidate_015,laser_disdrometer;fc4_flux;cr1000xe_backbone,2.1104,calm,transport,0,1.2937543392181396
7184,candidate_015,laser_disdrometer;fc4_flux;cr1000xe_backbone,2.1104,calm,transport,0,1.2867789268493652
7184,candidate_015,laser_disdrometer;fc4_flux;cr1000xe_backbone,2.1104,calm,transport,0,1.1912510395050049
7184,candidate_015,laser_disdrometer;fc4_flux;cr1000xe_backbone,2.1104,calm,particle,0,1.203415870666504
7184,candidate_015,laser_disdrometer;fc4_flux;cr1000xe_backbone,2.1104,calm,particle,0,1.1706064939498901
7184,candidate_015,laser_disdrometer;fc4_flux;cr1000xe_backbone,2.1104,calm,particle,0,1.172985315322876
7184,candidate_015,laser_disdrometer;fc4_flux;cr1000xe_backbone,2.1104,calm,particle,0,1.0988059043884277
7184,candidate_015,laser_disdrometer;fc4_flux;cr1000xe_backbone,2.1104,calm,particle,0,1.1411725282669067
7184,candidate_015,laser_disdrometer;fc4_flux;cr1000xe_backbone,2.1104,calm,particle,0,1.1459829807281494
7184,candidate_015,laser_disdrometer;fc4_flux;cr1000xe_backbone,2.1104,calm,particle,0,1.2132648229599
7184,candidate_015,laser_disdrometer;fc4_flux;cr1000xe_backbone,2.1104,calm,particle,0,1.0807691812515259
7184,candidate_015,laser_disdrometer;fc4_flux;cr1000xe_backbone,2.1104,calm,particle,0,1.0185896158218384
7184,candidate_015,laser_disdrometer;fc4_flux;cr1000xe_backbone,2.1104,calm,particle,0,1.0017043352127075
7184,candidate_015,laser_disdrometer;fc4_flux;cr1000xe_backbone,2.1104,calm,particle,0,1.2169435024261475
7184,candidate_015,laser_disdrometer;fc4_flux;cr1000xe_backbone,2.1104,calm,particle,0,1.133255124092102
7184,candidate_015,laser_disdrometer;fc4_flux;cr1000xe_backbone,2.1104,calm,particle,0,1.0879548788070679
7184,candidate_015,laser_disdrometer;fc4_flux;cr1000xe_backbone,2.1104,calm,particle,0,1.137251615524292
7184,candidate_015,laser_disdrometer;fc4_flux;cr1000xe_backbone,2.1104,calm,particle,0,1.2333835363388062
7184,candidate_015,laser_disdrometer;fc4_flux;cr1000xe_backbone,2.1104,calm,particle,0,1.287901759147644
7184,candidate_015,laser_disdrometer;fc4_flux;cr1000xe_backbone,2.1104,calm,particle,0,1.2364749908447266
7184,candidate_015,laser_disdrometer;fc4_flux;cr1000xe_backbone,2.1104,calm,particle,0,1.3090174198150635
7184,candidate_015,laser_disdrometer;fc4_flux;cr1000xe_backbone,2.1104,calm,particle,0,1.2728281021118164
7184,candidate_015,laser_disdrometer;fc4_flux;cr1000xe_backbone,2.1104,calm,particle,0,1.2371668815612793
7184,candidate_015,laser_disdrometer;fc4_flux;cr1000xe_backbone,2.1104,calm,particle,0,1.1769471168518066
7184,candidate_015,laser_disdrometer;fc4_flux;cr1000xe_backbone,2.1104,calm,particle,0,1.1174037456512451
7184,candidate_015,laser_disdrometer;fc4_flux;cr1000xe_backbone,2.1104,calm,particle,0,1.169250249862671
7184,candidate_015,laser_disdrometer;fc4_flux;cr1000xe_backbone,2.1104,calm,particle,0,1.023454189300537
7184,candidate_015,laser_disdrometer;fc4_flux;cr1000xe_backbone,2.1104,calm,particle,0,1.022956371307373
7184,candidate_015,laser_disdrometer;fc4_flux;cr1000xe_backbone,2.1104,calm,particle,0,0.8941415548324585
7184,candidate_015,laser_disdrometer;fc4_flux;cr1000xe_backbone,2.1104,calm,particle,0,0.9037628769874573
7184,candidate_015,laser_disdrometer;fc4_flux;cr1000xe_backbone,2.1104,calm,particle,0,0.8981557488441467
7184,candidate_015,laser_disdrometer;fc4_flux;cr1000xe_backbone,2.1104,calm,particle,0,1.0425870418548584
7184,candidate_015,laser_disdrometer;fc4_flux;cr1000xe_backbone,2.1104,calm,particle,0,1.0627950429916382
7184,candidate_015,laser_disdrometer;fc4_flux;cr1000xe_backbone,2.1104,calm,particle,0,1.0400246381759644
7184,candidate_015,laser_disdrometer;fc4_flux;cr1000xe_backbone,2.1104,calm,particle,0,1.0151865482330322
7184,candidate_015,laser_disdrometer;fc4_flux;cr1000xe_backbone,2.1104,calm,thermal,0,1.0925538539886475
7184,candidate_015,laser_disdrometer;fc4_flux;cr1000xe_backbone,2.1104,calm,thermal,0,1.180455207824707
7184,candidate_015,laser_disdrometer;fc4_flux;cr1000xe_backbone,2.1104,calm,thermal,0,1.1986112594604492
7184,candidate_015,laser_disdrometer;fc4_flux;cr1000xe_backbone,2.1104,calm,thermal,0,1.163177251815796
7184,candidate_015,laser_disdrometer;fc4_flux;cr1000xe_backbone,2.1104,calm,thermal,0,1.0432013273239136
7184,candidate_015,laser_disdrometer;fc4_flux;cr1000xe_backbone,2.1104,calm,thermal,0,1.1291366815567017
7184,candidate_015,laser_disdrometer;fc4_flux;cr1000xe_backbone,2.1104,calm,thermal,0,1.1031596660614014
7184,candidate_015,laser_disdrometer;fc4_flux;cr1000xe_backbone,2.1104,calm,thermal,0,1.1906507015228271
7184,candidate_015,laser_disdrometer;fc4_flux;cr1000xe_backbone,2.1104,calm,thermal,0,1.1581699848175049
7184,candidate_015,laser_disdrometer;fc4_flux;cr1000xe_backbone,2.1104,calm,thermal,0,1.118811011314392
7184,candidate_015,laser_disdrometer;fc4_flux;cr1000xe_backbone,2.1104,calm,thermal,0,1.0670957565307617
7184,candidate_015,laser_disdrometer;fc4_flux;cr1000xe_backbone,2.1104,calm,thermal,0,1.059022068977356
7184,candidate_015,laser_disdrometer;fc4_flux;cr1000xe_backbone,2.1104,calm,thermal,0,1.047411322593689
7184,candidate_015,laser_disdrometer;fc4_flux;cr1000xe_backbone,2.1104,calm,thermal,0,1.0268943309783936
7184,candidate_015,laser_disdrometer;fc4_flux;cr1000xe_backbone,2.1104,calm,thermal,0,1.0953630208969116
7184,candidate_015,laser_disdrometer;fc4_flux;cr1000xe_backbone,2.1104,calm,thermal,0,1.0867242813110352
7184,candidate_015,laser_disdrometer;fc4_flux;cr1000xe_backbone,2.1104,calm,thermal,0,1.1126834154129028
7184,candidate_015,laser_disdrometer;fc4_flux;cr1000xe_backbone,2.1104,calm,thermal,0,1.0616775751113892
7184,candidate_015,laser_disdrometer;fc4_flux;cr1000xe_backbone,2.1104,calm,thermal,0,1.1778054237365723
7184,candidate_015,laser_disdrometer;fc4_flux;cr1000xe_backbone,2.1104,calm,thermal,0,1.295638084411621
7184,candidate_015,laser_disdrometer;fc4_flux;cr1000xe_backbone,2.1104,calm,thermal,0,1.2802598476409912
7184,candidate_015,laser_disdrometer;fc4_flux;cr1000xe_backbone,2.1104,calm,transport,0,1.1703213453292847
7184,candidate_015,laser_disdrometer;fc4_flux;cr1000xe_backbone,2.1104,calm,transport,0,0.9839997887611389
7184,candidate_015,laser_disdrometer;fc4_flux;cr1000xe_backbone,2.1104,calm,transport,0,0.986306369304657
7184,candidate_015,laser_disdrometer;fc4_flux;cr1000xe_backbone,2.1104,calm,transport,0,0.9752936959266663
7184,candidate_015,laser_disdrometer;fc4_flux;cr1000xe_backbone,2.1104,calm,transport,0,1.1173944473266602
7184,candidate_015,laser_disdrometer;fc4_flux;cr1000xe_backbone,2.1104,calm,transport,0,1.0724347829818726
7184,candidate_015,laser_disdrometer;fc4_flux;cr1000xe_backbone,2.1104,calm,transport,0,1.0520459413528442
7184,candidate_015,laser_disdrometer;fc4_flux;cr1000xe_backbone,2.1104,calm,transport,0,1.0105654001235962
7184,candidate_015,laser_disdrometer;fc4_flux;cr1000xe_backbone,2.1104,calm,transport,0,0.9841114282608032
7184,candidate_015,laser_disdrometer;fc4_flux;cr1000xe_backbone,2.1104,calm,transport,0,0.9721341133117676
7184,candidate_015,laser_disdrometer;fc4_flux;cr1000xe_backbone,2.1104,calm,transport,0,0.9684094786643982
7184,candidate_015,laser_disdrometer;fc4_flux;cr1000xe_backbone,2.1104,calm,transport,0,0.9162591695785522
7184,candidate_015,laser_disdrometer;fc4_flux;cr1000xe_backbone,2.1104,calm,transport,0,0.9006440043449402
7184,candidate_015,laser_disdrometer;fc4_flux;cr1000xe_backbone,2.1104,calm,transport,0,0.9022025465965271
7184,candidate_015,laser_disdrometer;fc4_flux;cr1000xe_backbone,2.1104,calm,transport,0,0.9582383036613464
7184,candidate_015,laser_disdrometer;fc4_flux;cr1000xe_backbone,2.1104,calm,transport,0,1.0231513977050781
7184,candidate_015,laser_disdrometer;fc4_flux;cr1000xe_backbone,2.1104,calm,transport,0,1.0118072032928467
7184,candidate_015,laser_disdrometer;fc4_flux;cr1000xe_backbone,2.1104,calm,transport,0,0.994700014591217
7184,candidate_015,laser_disdrometer;fc4_flux;cr1000xe_backbone,2.1104,calm,transport,0,0.9087392091751099
7184,candidate_015,laser_disdrometer;fc4_flux;cr1000xe_backbone,2.1104,calm,transport,0,0.9114624261856079
7184,candidate_015,laser_disdrometer;fc4_flux;cr1000xe_backbone,2.1104,calm,transport,0,0.9392681121826172
7184,candidate_015,laser_disdrometer;fc4_flux;cr1000xe_backbone,2.1104,calm,transport,0,0.9250153303146362
7184,candidate_015,laser_disdrometer;fc4_flux;cr1000xe_backbone,2.1104,calm,transport,0,0.9402942657470703
7184,candidate_015,laser_disdrometer;fc4_flux;cr1000xe_backbone,2.1104,calm,transport,0,0.9737337827682495
7184,candidate_015,laser_disdrometer;fc4_flux;cr1000xe_backbone,2.1104,calm,transport,0,0.9335602521896362
7184,candidate_015,laser_disdrometer;fc4_flux;cr1000xe_backbone,2.1104,calm,transport,0,0.9517719149589539
7184,candidate_015,laser_disdrometer;fc4_flux;cr1000xe_backbone,2.1104,calm,transport,0,0.91789710521698
7184,candidate_015,laser_disdrometer;fc4_flux;cr1000xe_backbone,2.1104,calm,transport,0,1.1584382057189941
7184,candidate_015,laser_disdrometer;fc4_flux;cr1000xe_backbone,2.1104,calm,thermal,0,0.5047474503517151
7184,candidate_015,laser_disdrometer;fc4_flux;cr1000xe_backbone,2.1104,calm,thermal,0,0.4814593493938446
7184,candidate_015,laser_disdrometer;fc4_flux;cr1000xe_backbone,2.1104,particle,thermal,1,0.4641622304916382
7184,candidate_015,laser_disdrometer;fc4_flux;cr1000xe_backbone,2.1104,particle,thermal,1,0.49952253699302673
7184,candidate_015,laser_disdrometer;fc4_flux;cr1000xe_backbone,2.1104,particle,thermal,1,0.567285418510437
7184,candidate_015,laser_disdrometer;fc4_flux;cr1000xe_backbone,2.1104,particle,thermal,1,0.6377636194229126
7184,candidate_015,laser_disdrometer;fc4_flux;cr1000xe_backbone,2.1104,particle,thermal,1,0.9444275498390198
7184,candidate_015,laser_disdrometer;fc4_flux;cr1000xe_backbone,2.1104,particle,thermal,1,1.2958424091339111
7184,candidate_015,laser_disdrometer;fc4_flux;cr1000xe_backbone,2.1104,particle,thermal,1,1.6061906814575195
7184,candidate_015,laser_disdrometer;fc4_flux;cr1000xe_backbone,2.1104,particle,thermal,1,1.956928014755249
7184,candidate_015,laser_disdrometer;fc4_flux;cr1000xe_backbone,2.1104,particle,thermal,1,2.2759594917297363
7184,candidate_015,laser_disdrometer;fc4_flux;cr1000xe_backbone,2.1104,particle,thermal,1,2.575697422027588
7184,candidate_015,laser_disdrometer;fc4_flux;cr1000xe_backbone,2.1104,particle,thermal,1,2.923494577407837
7184,candidate_015,laser_disdrometer;fc4_flux;cr1000xe_backbone,2.1104,particle,thermal,1,3.227592706680298
7184,candidate_015,laser_disdrometer;fc4_flux;cr1000xe_backbone,2.1104,particle,transport,1,3.2379441261291504
7184,candidate_015,laser_disdrometer;fc4_flux;cr1000xe_backbone,2.1104,particle,transport,1,3.144864559173584
7184,candidate_015,laser_disdrometer;fc4_flux;cr1000xe_backbone,2.1104,particle,transport,1,3.132786273956299
7184,candidate_015,laser_disdrometer;fc4_flux;cr1000xe_backbone,2.1104,particle,transport,1,3.207486391067505
7184,candidate_015,laser_disdrometer;fc4_flux;cr1000xe_backbone,2.1104,particle,transport,1,3.2151570320129395
7184,candidate_015,laser_disdrometer;fc4_flux;cr1000xe_backbone,2.1104,particle,transport,1,3.249238967895508
7184,candidate_015,laser_disdrometer;fc4_flux;cr1000xe_backbone,2.1104,particle,transport,1,3.271160125732422
7184,candidate_015,laser_disdrometer;fc4_flux;cr1000xe_backbone,2.1104,particle,transport,1,3.266348123550415
7184,candidate_015,laser_disdrometer;fc4_flux;cr1000xe_backbone,2.1104,particle,transport,1,3.2778115272521973
7184,candidate_015,laser_disdrometer;fc4_flux;cr1000xe_backbone,2.1104,particle,transport,1,3.2868988513946533
7184,candidate_015,laser_disdrometer;fc4_flux;cr1000xe_backbone,2.1104,particle,transport,1,3.2932546138763428
7184,candidate_015,laser_disdrometer;fc4_flux;cr1000xe_backbone,2.1104,particle,transport,1,3.2753729820251465
7184,candidate_015,laser_disdrometer;fc4_flux;cr1000xe_backbone,2.1104,particle,transport,1,3.306415319442749
7184,candidate_015,laser_disdrometer;fc4_flux;cr1000xe_backbone,2.1104,particle,transport,1,3.3571016788482666
7184,candidate_015,laser_disdrometer;fc4_flux;cr1000xe_backbone,2.1104,particle,transport,1,3.3117403984069824
7184,candidate_015,laser_disdrometer;fc4_flux;cr1000xe_backbone,2.1104,particle,transport,1,3.2709708213806152
7184,candidate_015,laser_disdrometer;fc4_flux;cr1000xe_backbone,2.1104,particle,transport,1,3.248947858810425
7184,candidate_015,laser_disdrometer;fc4_flux;cr1000xe_backbone,2.1104,particle,transport,1,3.3047573566436768
7184,candidate_015,laser_disdrometer;fc4_flux;cr1000xe_backbone,2.1104,particle,transport,1,3.0285983085632324
7184,candidate_015,laser_disdrometer;fc4_flux;cr1000xe_backbone,2.1104,particle,transport,1,2.7922184467315674
7184,candidate_015,laser_disdrometer;fc4_flux;cr1000xe_backbone,2.1104,particle,transport,1,2.481525182723999
7184,candidate_015,laser_disdrometer;fc4_flux;cr1000xe_backbone,2.1104,particle,transport,1,2.161076784133911
7184,candidate_015,laser_disdrometer;fc4_flux;cr1000xe_backbone,2.1104,particle,transport,1,1.9225168228149414
7184,candidate_015,laser_disdrometer;fc4_flux;cr1000xe_backbone,2.1104,particle,transport,1,1.783290982246399
7184,candidate_015,laser_disdrometer;fc4_flux;cr1000xe_backbone,2.1104,particle,transport,1,1.7045907974243164
7184,candidate_015,laser_disdrometer;fc4_flux;cr1000xe_backbone,2.1104,particle,transport,1,1.6749041080474854
7184,candidate_015,laser_disdrometer;fc4_flux;cr1000xe_backbone,2.1104,particle,particle,1,1.0637707710266113
7184,candidate_015,laser_disdrometer;fc4_flux;cr1000xe_backbone,2.1104,particle,particle,1,1.1317118406295776
7184,candidate_015,laser_disdrometer;fc4_flux;cr1000xe_backbone,2.1104,particle,particle,1,1.05454421043396
7184,candidate_015,laser_disdrometer;fc4_flux;cr1000xe_backbone,2.1104,particle,particle,1,0.9418346285820007
7184,candidate_015,laser_disdrometer;fc4_flux;cr1000xe_backbone,2.1104,particle,particle,1,1.199999451637268
7184,candidate_015,laser_disdrometer;fc4_flux;cr1000xe_backbone,2.1104,particle,particle,1,1.2717193365097046
7184,candidate_015,laser_disdrometer;fc4_flux;cr1000xe_backbone,2.1104,particle,particle,1,1.1189296245574951
7184,candidate_015,laser_disdrometer;fc4_flux;cr1000xe_backbone,2.1104,particle,particle,1,1.1699421405792236
7184,candidate_015,laser_disdrometer;fc4_flux;cr1000xe_backbone,2.1104,particle,particle,1,1.0700011253356934
7184,candidate_015,laser_disdrometer;fc4_flux;cr1000xe_backbone,2.1104,particle,particle,1,1.1063162088394165
7184,candidate_015,laser_disdrometer;fc4_flux;cr1000xe_backbone,2.1104,particle,particle,1,1.2450599670410156
7184,candidate_015,laser_disdrometer;fc4_flux;cr1000xe_backbone,2.1104,particle,particle,1,1.3510501384735107
7184,candidate_015,laser_disdrometer;fc4_flux;cr1000xe_backbone,2.1104,particle,particle,1,1.4003937244415283
7184,candidate_015,laser_disdrometer;fc4_flux;cr1000xe_backbone,2.1104,particle,particle,1,1.381289005279541
7184,candidate_015,laser_disdrometer;fc4_flux;cr1000xe_backbone,2.1104,particle,particle,1,1.4615354537963867
7184,candidate_015,laser_disdrometer;fc4_flux;cr1000xe_backbone,2.1104,particle,particle,1,1.5231037139892578
7184,candidate_015,laser_disdrometer;fc4_flux;cr1000xe_backbone,2.1104,particle,particle,1,1.428741693496704
7184,candidate_015,laser_disdrometer;fc4_flux;cr1000xe_backbone,2.1104,calm,particle,0,1.2060896158218384
7184,candidate_015,laser_disdrometer;fc4_flux;cr1000xe_backbone,2.1104,calm,thermal,0,0.9390252232551575
7184,candidate_015,laser_disdrometer;fc4_flux;cr1000xe_backbone,2.1104,calm,thermal,0,0.8676776885986328
7184,candidate_015,laser_disdrometer;fc4_flux;cr1000xe_backbone,2.1104,calm,thermal,0,0.7861717343330383
7184,candidate_015,laser_disdrometer;fc4_flux;cr1000xe_backbone,2.1104,calm,thermal,0,0.8292189836502075
7184,candidate_015,laser_disdrometer;fc4_flux;cr1000xe_backbone,2.1104,calm,thermal,0,0.9103124737739563
7184,candidate_015,laser_disdrometer;fc4_flux;cr1000xe_backbone,2.1104,calm,thermal,0,0.976386308670044
7184,candidate_015,laser_disdrometer;fc4_flux;cr1000xe_backbone,2.1104,calm,thermal,0,0.8875985741615295
7184,candidate_015,laser_disdrometer;fc4_flux;cr1000xe_backbone,2.1104,calm,thermal,0,0.9540774822235107
7184,candidate_015,laser_disdrometer;fc4_flux;cr1000xe_backbone,2.1104,calm,thermal,0,0.8037118315696716
7184,candidate_015,laser_disdrometer;fc4_flux;cr1000xe_backbone,2.1104,calm,thermal,0,0.8671762347221375
7184,candidate_015,laser_disdrometer;fc4_flux;cr1000xe_backbone,2.1104,calm,thermal,0,0.839637815952301
7184,candidate_015,laser_disdrometer;fc4_flux;cr1000xe_backbone,2.1104,calm,thermal,0,0.8512123227119446
7184,candidate_015,laser_disdrometer;fc4_flux;cr1000xe_backbone,2.1104,calm,thermal,0,0.7818342447280884
7184,candidate_015,laser_disdrometer;fc4_flux;cr1000xe_backbone,2.1104,flux,thermal,2,0.6382908821105957
7184,candidate_015,laser_disdrometer;fc4_flux;cr1000xe_backbone,2.1104,flux,thermal,2,0.984266996383667
7184,candidate_015,laser_disdrometer;fc4_flux;cr1000xe_backbone,2.1104,flux,thermal,2,1.322311282157898
7184,candidate_015,laser_disdrometer;fc4_flux;cr1000xe_backbone,2.1104,flux,thermal,2,1.6338586807250977
7184,candidate_015,laser_disdrometer;fc4_flux;cr1000xe_backbone,2.1104,flux,thermal,2,1.9520668983459473
7184,candidate_015,laser_disdrometer;fc4_flux;cr1000xe_backbone,2.1104,flux,thermal,2,2.405620574951172
7184,candidate_015,laser_disdrometer;fc4_flux;cr1000xe_backbone,2.1104,flux,thermal,2,2.6101250648498535
7184,candidate_015,laser_disdrometer;fc4_flux;cr1000xe_backbone,2.1104,flux,thermal,2,2.9173717498779297
7184,candidate_015,laser_disdrometer;fc4_flux;cr1000xe_backbone,2.1104,flux,thermal,2,3.219120979309082
7184,candidate_015,laser_disdrometer;fc4_flux;cr1000xe_backbone,2.1104,flux,transport,2,3.2443501949310303
7184,candidate_015,laser_disdrometer;fc4_flux;cr1000xe_backbone,2.1104,flux,transport,2,3.172898769378662
7184,candidate_015,laser_disdrometer;fc4_flux;cr1000xe_backbone,2.1104,flux,transport,2,3.2402923107147217
7184,candidate_015,laser_disdrometer;fc4_flux;cr1000xe_backbone,2.1104,flux,transport,2,3.295808792114258
7184,candidate_015,laser_disdrometer;fc4_flux;cr1000xe_backbone,2.1104,flux,transport,2,3.4511241912841797
7184,candidate_015,laser_disdrometer;fc4_flux;cr1000xe_backbone,2.1104,flux,transport,2,3.344491720199585
7184,candidate_015,laser_disdrometer;fc4_flux;cr1000xe_backbone,2.1104,flux,transport,2,3.3870859146118164
7184,candidate_015,laser_disdrometer;fc4_flux;cr1000xe_backbone,2.1104,flux,transport,2,3.3373544216156006
7184,candidate_015,laser_disdrometer;fc4_flux;cr1000xe_backbone,2.1104,flux,transport,2,3.402317523956299
7184,candidate_015,laser_disdrometer;fc4_flux;cr1000xe_backbone,2.1104,flux,transport,2,3.412452220916748
7184,candidate_015,laser_disdrometer;fc4_flux;cr1000xe_backbone,2.1104,flux,transport,2,3.3440651893615723
7184,candidate_015,laser_disdrometer;fc4_flux;cr1000xe_backbone,2.1104,flux,transport,2,3.310215950012207
7184,candidate_015,laser_disdrometer;fc4_flux;cr1000xe_backbone,2.1104,flux,transport,2,3.4118235111236572
7184,candidate_015,laser_disdrometer;fc4_flux;cr1000xe_backbone,2.1104,flux,transport,2,3.3959949016571045
7184,candidate_015,laser_disdrometer;fc4_flux;cr1000xe_backbone,2.1104,flux,transport,2,2.9554214477539062
7184,candidate_015,laser_disdrometer;fc4_flux;cr1000xe_backbone,2.1104,flux,transport,2,2.63962721824646
7184,candidate_015,laser_disdrometer;fc4_flux;cr1000xe_backbone,2.1104,flux,transport,2,2.317326784133911
7184,candidate_015,laser_disdrometer;fc4_flux;cr1000xe_backbone,2.1104,flux,transport,2,1.9949628114700317
7184,candidate_015,laser_disdrometer;fc4_flux;cr1000xe_backbone,2.1104,flux,transport,2,1.821427822113037
7184,candidate_015,laser_disdrometer;fc4_flux;cr1000xe_backbone,2.1104,flux,transport,2,1.7542568445205688
7184,candidate_015,laser_disdrometer;fc4_flux;cr1000xe_backbone,2.1104,flux,transport,2,1.797091007232666
7184,candidate_015,laser_disdrometer;fc4_flux;cr1000xe_backbone,2.1104,flux,transport,2,1.7587170600891113
7184,candidate_015,laser_disdrometer;fc4_flux;cr1000xe_backbone,2.1104,flux,particle,2,1.081565260887146
7184,candidate_015,laser_disdrometer;fc4_flux;cr1000xe_backbone,2.1104,flux,particle,2,1.2271547317504883
7184,candidate_015,laser_disdrometer;fc4_flux;cr1000xe_backbone,2.1104,flux,particle,2,1.2893627882003784
7184,candidate_015,laser_disdrometer;fc4_flux;cr1000xe_backbone,2.1104,flux,particle,2,1.3986058235168457
7184,candidate_015,laser_disdrometer;fc4_flux;cr1000xe_backbone,2.1104,calm,particle,0,1.4535977840423584
7184,candidate_015,laser_disdrometer;fc4_flux;cr1000xe_backbone,2.1104,calm,particle,0,1.4498603343963623
7184,candidate_015,laser_disdrometer;fc4_flux;cr1000xe_backbone,2.1104,calm,particle,0,0.9826661944389343
7184,candidate_015,laser_disdrometer;fc4_flux;cr1000xe_backbone,2.1104,calm,particle,0,0.8930683135986328
7184,candidate_015,laser_disdrometer;fc4_flux;cr1000xe_backbone,2.1104,calm,particle,0,0.735716700553894
7184,candidate_015,laser_disdrometer;fc4_flux;cr1000xe_backbone,2.1104,calm,particle,0,0.7532573938369751
7184,candidate_015,laser_disdrometer;fc4_flux;cr1000xe_backbone,2.1104,calm,particle,0,0.8078591823577881
7184,candidate_015,laser_disdrometer;fc4_flux;cr1000xe_backbone,2.1104,calm,particle,0,0.7673782110214233
7184,candidate_015,laser_disdrometer;fc4_flux;cr1000xe_backbone,2.1104,calm,particle,0,0.7620385885238647
7184,candidate_015,laser_disdrometer;fc4_flux;cr1000xe_backbone,2.1104,calm,particle,0,0.8668765425682068
7184,candidate_015,laser_disdrometer;fc4_flux;cr1000xe_backbone,2.1104,calm,particle,0,0.8242793679237366
7184,candidate_015,laser_disdrometer;fc4_flux;cr1000xe_backbone,2.1104,calm,particle,0,0.7875733375549316
7184,candidate_015,laser_disdrometer;fc4_flux;cr1000xe_backbone,2.1104,flux,particle,2,0.7131853699684143
7184,candidate_015,laser_disdrometer;fc4_flux;cr1000xe_backbone,2.1104,flux,particle,2,0.7866173386573792
7184,candidate_015,laser_disdrometer;fc4_flux;cr1000xe_backbone,2.1104,flux,particle,2,0.6736826300621033
7184,candidate_015,laser_disdrometer;fc4_flux;cr1000xe_backbone,2.1104,flux,particle,2,0.6495576500892639
7184,candidate_015,laser_disdrometer;fc4_flux;cr1000xe_backbone,2.1104,flux,particle,2,0.8095276951789856
7184,candidate_015,laser_disdrometer;fc4_flux;cr1000xe_backbone,2.1104,flux,particle,2,0.7744454741477966
7184,candidate_015,laser_disdrometer;fc4_flux;cr1000xe_backbone,2.1104,flux,particle,2,0.7270184755325317
7184,candidate_015,laser_disdrometer;fc4_flux;cr1000xe_backbone,2.1104,flux,particle,2,0.7474826574325562
7184,candidate_015,laser_disdrometer;fc4_flux;cr1000xe_backbone,2.1104,flux,particle,2,0.7767214775085449
7184,candidate_015,laser_disdrometer;fc4_flux;cr1000xe_backbone,2.1104,flux,particle,2,0.8877332210540771
7184,candidate_015,laser_disdrometer;fc4_flux;cr1000xe_backbone,2.1104,flux,particle,2,0.9643834233283997
7184,candidate_015,laser_disdrometer;fc4_flux;cr1000xe_backbone,2.1104,flux,particle,2,0.9988425374031067
7184,candidate_015,laser_disdrometer;fc4_flux;cr1000xe_backbone,2.1104,flux,particle,2,1.0431631803512573
7184,candidate_015,laser_disdrometer;fc4_flux;cr1000xe_backbone,2.1104,flux,particle,2,0.9283906817436218
7184,candidate_015,laser_disdrometer;fc4_flux;cr1000xe_backbone,2.1104,flux,particle,2,0.9447761178016663
7184,candidate_015,laser_disdrometer;fc4_flux;cr1000xe_backbone,2.1104,flux,particle,2,1.0677272081375122
7184,candidate_015,laser_disdrometer;fc4_flux;cr1000xe_backbone,2.1104,flux,thermal,2,0.9304014444351196
7184,candidate_015,laser_disdrometer;fc4_flux;cr1000xe_backbone,2.1104,flux,thermal,2,1.0592360496520996
7184,candidate_015,laser_disdrometer;fc4_flux;cr1000xe_backbone,2.1104,flux,thermal,2,1.0505801439285278
7184,candidate_015,laser_disdrometer;fc4_flux;cr1000xe_backbone,2.1104,flux,thermal,2,0.9125719666481018
7184,candidate_015,laser_disdrometer;fc4_flux;cr1000xe_backbone,2.1104,flux,thermal,2,0.7381908297538757
7184,candidate_015,laser_disdrometer;fc4_flux;cr1000xe_backbone,2.1104,flux,thermal,2,0.7259910702705383
7184,candidate_015,laser_disdrometer;fc4_flux;cr1000xe_backbone,2.1104,flux,thermal,2,0.813826322555542
7184,candidate_015,laser_disdrometer;fc4_flux;cr1000xe_backbone,2.1104,flux,thermal,2,0.8285468816757202
7184,candidate_015,laser_disdrometer;fc4_flux;cr1000xe_backbone,2.1104,flux,thermal,2,0.930688202381134
7184,candidate_015,laser_disdrometer;fc4_flux;cr1000xe_backbone,2.1104,flux,thermal,2,0.9859311580657959
7184,candidate_015,laser_disdrometer;fc4_flux;cr1000xe_backbone,2.1104,flux,thermal,2,1.118177890777588
7184,candidate_015,laser_disdrometer;fc4_flux;cr1000xe_backbone,2.1104,flux,thermal,2,0.9662799835205078
7184,candidate_015,laser_disdrometer;fc4_flux;cr1000xe_backbone,2.1104,flux,thermal,2,1.0399967432022095
7184,candidate_015,laser_disdrometer;fc4_flux;cr1000xe_backbone,2.1104,flux,thermal,2,1.034757375717163
7184,candidate_015,laser_disdrometer;fc4_flux;cr1000xe_backbone,2.1104,flux,thermal,2,1.1235921382904053
7184,candidate_015,laser_disdrometer;fc4_flux;cr1000xe_backbone,2.1104,flux,thermal,2,1.1321595907211304
7184,candidate_015,laser_disdrometer;fc4_flux;cr1000xe_backbone,2.1104,flux,thermal,2,1.1597756147384644
7184,candidate_015,laser_disdrometer;fc4_flux;cr1000xe_backbone,2.1104,calm,thermal,0,1.116988182067871
7184,candidate_015,laser_disdrometer;fc4_flux;cr1000xe_backbone,2.1104,calm,thermal,0,1.066056489944458
7184,candidate_015,laser_disdrometer;fc4_flux;cr1000xe_backbone,2.1104,calm,thermal,0,0.9067007303237915
7184,candidate_015,laser_disdrometer;fc4_flux;cr1000xe_backbone,2.1104,calm,thermal,0,0.8786640167236328
7184,candidate_015,laser_disdrometer;fc4_flux;cr1000xe_backbone,2.1104,calm,thermal,0,1.1339421272277832
7184,candidate_015,laser_disdrometer;fc4_flux;cr1000xe_backbone,2.1104,calm,thermal,0,1.399509072303772
7184,candidate_015,laser_disdrometer;fc4_flux;cr1000xe_backbone,2.1104,calm,thermal,0,1.6940889358520508
7184,candidate_015,laser_disdrometer;fc4_flux;cr1000xe_backbone,2.1104,calm,thermal,0,1.9777578115463257
7184,candidate_015,laser_disdrometer;fc4_flux;cr1000xe_backbone,2.1104,calm,thermal,0,2.202545404434204
7184,candidate_015,laser_disdrometer;fc4_flux;cr1000xe_backbone,2.1104,calm,thermal,0,2.453494071960449
7184,candidate_015,laser_disdrometer;fc4_flux;cr1000xe_backbone,2.1104,calm,thermal,0,2.7925643920898438
7184,candidate_015,laser_disdrometer;fc4_flux;cr1000xe_backbone,2.1104,calm,thermal,0,3.0906972885131836
7184,candidate_015,laser_disdrometer;fc4_flux;cr1000xe_backbone,2.1104,thermal,transport,3,3.090684413909912
7184,candidate_015,laser_disdrometer;fc4_flux;cr1000xe_backbone,2.1104,thermal,transport,3,3.091918706893921
7184,candidate_015,laser_disdrometer;fc4_flux;cr1000xe_backbone,2.1104,thermal,transport,3,3.122213840484619
7184,candidate_015,laser_disdrometer;fc4_flux;cr1000xe_backbone,2.1104,thermal,transport,3,3.1947007179260254
7184,candidate_015,laser_disdrometer;fc4_flux;cr1000xe_backbone,2.1104,thermal,transport,3,3.2582366466522217
7184,candidate_015,laser_disdrometer;fc4_flux;cr1000xe_backbone,2.1104,thermal,transport,3,3.319769859313965
7184,candidate_015,laser_disdrometer;fc4_flux;cr1000xe_backbone,2.1104,thermal,transport,3,3.2250688076019287
7184,candidate_015,laser_disdrometer;fc4_flux;cr1000xe_backbone,2.1104,thermal,transport,3,3.242757558822632
7184,candidate_015,laser_disdrometer;fc4_flux;cr1000xe_backbone,2.1104,thermal,transport,3,3.2958991527557373
7184,candidate_015,laser_disdrometer;fc4_flux;cr1000xe_backbone,2.1104,thermal,transport,3,3.5202062129974365
7184,candidate_015,laser_disdrometer;fc4_flux;cr1000xe_backbone,2.1104,thermal,transport,3,3.4571449756622314
7184,candidate_015,laser_disdrometer;fc4_flux;cr1000xe_backbone,2.1104,thermal,transport,3,3.4924027919769287
7184,candidate_015,laser_disdrometer;fc4_flux;cr1000xe_backbone,2.1104,thermal,transport,3,3.166032075881958
7184,candidate_015,laser_disdrometer;fc4_flux;cr1000xe_backbone,2.1104,thermal,transport,3,2.880035400390625
7184,candidate_015,laser_disdrometer;fc4_flux;cr1000xe_backbone,2.1104,thermal,transport,3,2.463388204574585
7184,candidate_015,laser_disdrometer;fc4_flux;cr1000xe_backbone,2.1104,thermal,transport,3,2.173076629638672
7184,candidate_015,laser_disdrometer;fc4_flux;cr1000xe_backbone,2.1104,thermal,transport,3,2.0008890628814697
7184,candidate_015,laser_disdrometer;fc4_flux;cr1000xe_backbone,2.1104,thermal,transport,3,1.7362807989120483
7184,candidate_015,laser_disdrometer;fc4_flux;cr1000xe_backbone,2.1104,thermal,transport,3,1.8248199224472046
7184,candidate_015,laser_disdrometer;fc4_flux;cr1000xe_backbone,2.1104,thermal,transport,3,1.866375207901001
7184,candidate_015,laser_disdrometer;fc4_flux;cr1000xe_backbone,2.1104,thermal,particle,3,1.9093517065048218
7184,candidate_015,laser_disdrometer;fc4_flux;cr1000xe_backbone,2.1104,thermal,particle,3,0.9265834093093872
7184,candidate_015,laser_disdrometer;fc4_flux;cr1000xe_backbone,2.1104,thermal,particle,3,0.9728102087974548
7184,candidate_015,laser_disdrometer;fc4_flux;cr1000xe_backbone,2.1104,thermal,particle,3,1.0823112726211548
7184,candidate_015,laser_disdrometer;fc4_flux;cr1000xe_backbone,2.1104,thermal,particle,3,1.2355231046676636
7184,candidate_015,laser_disdrometer;fc4_flux;cr1000xe_backbone,2.1104,thermal,particle,3,1.4263203144073486
7184,candidate_015,laser_disdrometer;fc4_flux;cr1000xe_backbone,2.1104,thermal,particle,3,1.4807498455047607
7184,candidate_015,laser_disdrometer;fc4_flux;cr1000xe_backbone,2.1104,thermal,particle,3,1.311782717704773
7184,candidate_015,laser_disdrometer;fc4_flux;cr1000xe_backbone,2.1104,thermal,particle,3,1.3084601163864136
7184,candidate_015,laser_disdrometer;fc4_flux;cr1000xe_backbone,2.1104,calm,particle,0,1.127815842628479
7184,candidate_015,laser_disdrometer;fc4_flux;cr1000xe_backbone,2.1104,calm,particle,0,1.1367403268814087
7184,candidate_015,laser_disdrometer;fc4_flux;cr1000xe_backbone,2.1104,calm,particle,0,1.0542670488357544
7184,candidate_015,laser_disdrometer;fc4_flux;cr1000xe_backbone,2.1104,calm,particle,0,0.9628496170043945
7184,candidate_015,laser_disdrometer;fc4_flux;cr1000xe_backbone,2.1104,calm,particle,0,0.8560996651649475
7184,candidate_015,laser_disdrometer;fc4_flux;cr1000xe_backbone,2.1104,calm,particle,0,0.8546428084373474
7184,candidate_015,laser_disdrometer;fc4_flux;cr1000xe_backbone,2.1104,calm,particle,0,0.857488751411438
7184,candidate_015,laser_disdrometer;fc4_flux;cr1000xe_backbone,2.1104,calm,particle,0,0.8429524302482605
7184,candidate_015,laser_disdrometer;fc4_flux;cr1000xe_backbone,2.1104,calm,particle,0,0.8220357298851013
7184,candidate_015,laser_disdrometer;fc4_flux;cr1000xe_backbone,2.1104,calm,particle,0,0.6971405744552612
7184,candidate_015,laser_disdrometer;fc4_flux;cr1000xe_backbone,2.1104,calm,particle,0,0.587032675743103
7184,candidate_015,laser_disdrometer;fc4_flux;cr1000xe_backbone,2.1104,calm,particle,0,0.5987576842308044
7184,candidate_015,laser_disdrometer;fc4_flux;cr1000xe_backbone,2.1104,calm,particle,0,0.5413468480110168
7184,candidate_015,laser_disdrometer;fc4_flux;cr1000xe_backbone,2.1104,calm,particle,0,0.5516362190246582
7184,candidate_015,laser_disdrometer;fc4_flux;cr1000xe_backbone,2.1104,thermal,thermal,3,0.5571277737617493
7184,candidate_015,laser_disdrometer;fc4_flux;cr1000xe_backbone,2.1104,thermal,thermal,3,0.5328417420387268
7184,candidate_015,laser_disdrometer;fc4_flux;cr1000xe_backbone,2.1104,thermal,thermal,3,0.6157517433166504
7184,candidate_015,laser_disdrometer;fc4_flux;cr1000xe_backbone,2.1104,thermal,thermal,3,0.6609145998954773
7184,candidate_015,laser_disdrometer;fc4_flux;cr1000xe_backbone,2.1104,thermal,thermal,3,0.6480979919433594
7184,candidate_015,laser_disdrometer;fc4_flux;cr1000xe_backbone,2.1104,thermal,thermal,3,0.6154444813728333
7184,candidate_015,laser_disdrometer;fc4_flux;cr1000xe_backbone,2.1104,thermal,thermal,3,0.643276035785675
7184,candidate_015,laser_disdrometer;fc4_flux;cr1000xe_backbone,2.1104,thermal,thermal,3,0.7230021953582764
7184,candidate_015,laser_disdrometer;fc4_flux;cr1000xe_backbone,2.1104,thermal,thermal,3,0.6757825613021851
7184,candidate_015,laser_disdrometer;fc4_flux;cr1000xe_backbone,2.1104,thermal,thermal,3,0.7554611563682556
7184,candidate_015,laser_disdrometer;fc4_flux;cr1000xe_backbone,2.1104,thermal,thermal,3,0.5782024264335632
7184,candidate_015,laser_disdrometer;fc4_flux;cr1000xe_backbone,2.1104,thermal,thermal,3,0.7651553750038147
7184,candidate_015,laser_disdrometer;fc4_flux;cr1000xe_backbone,2.1104,thermal,thermal,3,0.6961479783058167
7184,candidate_015,laser_disdrometer;fc4_flux;cr1000xe_backbone,2.1104,thermal,thermal,3,0.8313506841659546
7184,candidate_015,laser_disdrometer;fc4_flux;cr1000xe_backbone,2.1104,thermal,thermal,3,1.020690679550171
7184,candidate_015,laser_disdrometer;fc4_flux;cr1000xe_backbone,2.1104,thermal,thermal,3,1.4239224195480347
7184,candidate_015,laser_disdrometer;fc4_flux;cr1000xe_backbone,2.1104,thermal,thermal,3,1.6006325483322144
7184,candidate_015,laser_disdrometer;fc4_flux;cr1000xe_backbone,2.1104,thermal,thermal,3,1.9936891794204712
7184,candidate_015,laser_disdrometer;fc4_flux;cr1000xe_backbone,2.1104,thermal,thermal,3,2.388122320175171
7184,candidate_015,laser_disdrometer;fc4_flux;cr1000xe_backbone,2.1104,thermal,thermal,3,2.7338218688964844
7184,candidate_015,laser_disdrometer;fc4_flux;cr1000xe_backbone,2.1104,thermal,thermal,3,2.996612787246704
7184,candidate_015,laser_disdrometer;fc4_flux;cr1000xe_backbone,2.1104,thermal,thermal,3,3.295755386352539
7184,candidate_015,laser_disdrometer;fc4_flux;cr1000xe_backbone,2.1104,thermal,transport,3,3.243281602859497
7184,candidate_015,laser_disdrometer;fc4_flux;cr1000xe_backbone,2.1104,thermal,transport,3,3.2254133224487305
7184,candidate_015,laser_disdrometer;fc4_flux;cr1000xe_backbone,2.1104,thermal,transport,3,3.2919721603393555
7184,candidate_015,laser_disdrometer;fc4_flux;cr1000xe_backbone,2.1104,thermal,transport,3,3.262235641479492
7184,candidate_015,laser_disdrometer;fc4_flux;cr1000xe_backbone,2.1104,thermal,transport,3,3.3691680431365967
7184,candidate_015,laser_disdrometer;fc4_flux;cr1000xe_backbone,2.1104,thermal,transport,3,3.324782609939575
7184,candidate_015,laser_disdrometer;fc4_flux;cr1000xe_backbone,2.1104,thermal,transport,3,3.3629841804504395
7184,candidate_015,laser_disdrometer;fc4_flux;cr1000xe_backbone,2.1104,thermal,transport,3,3.380831480026245
7184,candidate_015,laser_disdrometer;fc4_flux;cr1000xe_backbone,2.1104,thermal,transport,3,3.4580023288726807
7184,candidate_015,laser_disdrometer;fc4_flux;cr1000xe_backbone,2.1104,thermal,transport,3,3.4238078594207764
7184,candidate_015,laser_disdrometer;fc4_flux;cr1000xe_backbone,2.1104,thermal,transport,3,3.4493906497955322
7184,candidate_015,laser_disdrometer;fc4_flux;cr1000xe_backbone,2.1104,thermal,transport,3,3.4577462673187256
7184,candidate_015,laser_disdrometer;fc4_flux;cr1000xe_backbone,2.1104,thermal,transport,3,3.12829852104187
7184,candidate_015,laser_disdrometer;fc4_flux;cr1000xe_backbone,2.1104,thermal,transport,3,2.810419797897339
7184,candidate_015,laser_disdrometer;fc4_flux;cr1000xe_backbone,2.1104,thermal,transport,3,2.459221839904785
7184,candidate_015,laser_disdrometer;fc4_flux;cr1000xe_backbone,2.1104,thermal,transport,3,2.3157262802124023
7184,candidate_015,laser_disdrometer;fc4_flux;cr1000xe_backbone,2.1104,thermal,transport,3,2.024230718612671
7184,candidate_015,laser_disdrometer;fc4_flux;cr1000xe_backbone,2.1104,thermal,transport,3,1.8066377639770508
7184,candidate_015,laser_disdrometer;fc4_flux;cr1000xe_backbone,2.1104,thermal,transport,3,1.675187110900879
7184,candidate_015,laser_disdrometer;fc4_flux;cr1000xe_backbone,2.1104,thermal,transport,3,1.6720870733261108
7184,candidate_015,laser_disdrometer;fc4_flux;cr1000xe_backbone,2.1104,thermal,particle,3,1.4250564575195312
7184,candidate_015,laser_disdrometer;fc4_flux;cr1000xe_backbone,2.1104,thermal,particle,3,0.9257026314735413
7184,candidate_015,laser_disdrometer;fc4_flux;cr1000xe_backbone,2.1104,thermal,particle,3,1.1711041927337646
7184,candidate_015,laser_disdrometer;fc4_flux;cr1000xe_backbone,2.1104,thermal,particle,3,1.016528606414795
7184,candidate_015,laser_disdrometer;fc4_flux;cr1000xe_backbone,2.1104,thermal,particle,3,1.2289116382598877
7184,candidate_015,laser_disdrometer;fc4_flux;cr1000xe_backbone,2.1104,thermal,particle,3,1.276300072669983
7184,candidate_015,laser_disdrometer;fc4_flux;cr1000xe_backbone,2.1104,thermal,particle,3,1.2503607273101807
7184,candidate_015,laser_disdrometer;fc4_flux;cr1000xe_backbone,2.1104,thermal,particle,3,1.0467034578323364
