START 2026-06-23T02:57:24+08:00 host=LAB113 pwd=/home/zhangzhuyu/_code/microclimate_demo/rl_sensor_scheduling_framework
DATE_TAG=20260623b
BATCH_START 2026-06-23T02:57:24+08:00 seeds=117 118 119 120 121 122
mechanism_ablation_start date=2026-06-23T02:57:24+08:00 seeds=117 118 119 120 121 122 router_conf=0.5
mechanism_ablation_variant_train_start variant=no_imitation_guide date=2026-06-23T02:57:24+08:00
mechanism_ablation_variant_train_done variant=no_imitation_guide date=2026-06-23T03:18:18+08:00
mechanism_ablation_collect_start label=no_imitation_guide date=2026-06-23T03:18:18+08:00
scenebal1_router_reaudit_start date=2026-06-23T03:18:18+08:00 seeds=117 118 119 120 121 122 router_conf=0.5 eval_dir=eval_router_conf05_mechablation_20260623b
reports/aggregate/mechanism_ablation_no_imitation_guide_117_118_119_120_121_122_macro_20260623b/metpair_seed_summary.csv
reports/aggregate/mechanism_ablation_no_imitation_guide_117_118_119_120_121_122_macro_20260623b/metpair_claim_summary.json
{
  "complete_seeds": 6,
  "seed_gate_pass_count": 6,
  "learned_gate_pass_count": 6,
  "replay_gate_pass_count": 6,
  "behavior_gate_pass_count": 6,
  "learned_macro_positive_count": 6,
  "replay_macro_positive_count": 6,
  "macro_seed_positive_count": 6,
  "learned_macro_gate_count": 6,
  "replay_macro_gate_count": 6,
  "macro_seed_gate_count": 6,
  "mean_learned_margin_abs": 0.12987826161035324,
  "median_learned_margin_abs": 0.10254325716960011,
  "mean_replay_margin_abs_vs_static_reference": 0.09045252492311799,
  "median_replay_margin_abs_vs_static_reference": 0.09306865324106184,
  "mean_learned_macro_margin_abs": 0.08469432753285862,
  "median_learned_macro_margin_abs": 0.09177661836646867,
  "mean_learned_macro_margin_abs_vs_macro_static_reference": 0.07390072821165439,
  "median_learned_macro_margin_abs_vs_macro_static_reference": 0.07907217243203435,
  "mean_replay_macro_margin_abs_vs_static_reference": 0.08248250339132397,
  "median_replay_macro_margin_abs_vs_static_reference": 0.08376080995681778,
  "one_sided_sign_test_p_seed_gate": 0.015625,
  "one_sided_sign_test_p_macro_seed_positive": 0.015625,
  "one_sided_sign_test_p_macro_seed_gate": 0.015625,
  "claim_strength": "moderate_multiseed",
  "reason": ">=5 complete seeds with at least 80% full gate passes",
  "macro_claim_strength": "moderate_macro_multiseed",
  "macro_reason": ">=5 complete seeds with at least 80% macro gate passes"
}
 seed  complete  router_custom_ppo_loss  selected_static_loss                         macro_score_column  learned_margin_abs_vs_selected_static  replay_margin_abs_vs_static_reference  learned_macro_margin_abs_vs_selected_static  learned_macro_margin_abs_vs_macro_static_reference  replay_macro_margin_abs_vs_static_reference  macro_seed_positive_pass  macro_seed_gate_pass  behavior_gate_pass  seed_gate_pass
  117      True                1.229085              1.295552 oracle_loss_macro_subtype_event_staticnorm                               0.066467                               0.051954                                     0.050204                                            0.041808                                     0.040789                      True                  True                True            True
  118      True                1.476684              1.500854 oracle_loss_macro_subtype_event_staticnorm                               0.024170                               0.071071                                     0.034585                                            0.035999                                     0.057850                      True                  True                True            True
  119      True                1.553270              1.787479 oracle_loss_macro_subtype_event_staticnorm                               0.234209                               0.113309                                     0.101008                                            0.102266                                     0.107052                      True                  True                True            True
  120      True                1.297402              1.390370 oracle_loss_macro_subtype_event_staticnorm                               0.092968                               0.091985                                     0.082545                                            0.082631                                     0.083254                      True                  True                True            True
  121      True                1.492955              1.605074 oracle_loss_macro_subtype_event_staticnorm                               0.112119                               0.120244                                     0.134122                                            0.075513                                     0.084268                      True                  True                True            True
  122      True                1.366354              1.615692 oracle_loss_macro_subtype_event_staticnorm                               0.249338                               0.094152                                     0.105702                                            0.105187                                     0.121682                      True                  True                True            True
reports/aggregate/mechanism_ablation_no_imitation_guide_117_118_119_120_121_122_raw_macro_20260623b/metpair_seed_summary.csv
reports/aggregate/mechanism_ablation_no_imitation_guide_117_118_119_120_121_122_raw_macro_20260623b/metpair_claim_summary.json
{
  "complete_seeds": 6,
  "seed_gate_pass_count": 6,
  "learned_gate_pass_count": 6,
  "replay_gate_pass_count": 6,
  "behavior_gate_pass_count": 6,
  "learned_macro_positive_count": 5,
  "replay_macro_positive_count": 6,
  "macro_seed_positive_count": 5,
  "learned_macro_gate_count": 0,
  "replay_macro_gate_count": 6,
  "macro_seed_gate_count": 0,
  "mean_learned_margin_abs": 0.12987826161035324,
  "median_learned_margin_abs": 0.10254325716960011,
  "mean_replay_margin_abs_vs_static_reference": 0.09045252492311799,
  "median_replay_margin_abs_vs_static_reference": 0.09306865324106184,
  "mean_learned_macro_margin_abs": 0.2301828023478242,
  "median_learned_macro_margin_abs": 0.09646758482075612,
  "mean_learned_macro_margin_abs_vs_macro_static_reference": -1.1288776790215838,
  "median_learned_macro_margin_abs_vs_macro_static_reference": -1.0959078924225456,
  "mean_replay_macro_margin_abs_vs_static_reference": 0.08248250339132397,
  "median_replay_macro_margin_abs_vs_static_reference": 0.08376080995681778,
  "one_sided_sign_test_p_seed_gate": 0.015625,
  "one_sided_sign_test_p_macro_seed_positive": 0.109375,
  "one_sided_sign_test_p_macro_seed_gate": 1.0,
  "claim_strength": "moderate_multiseed",
  "reason": ">=5 complete seeds with at least 80% full gate passes",
  "macro_claim_strength": "macro_not_supported",
  "macro_reason": "macro seed-level gates are not consistently positive"
}
 seed  complete  router_custom_ppo_loss  selected_static_loss              macro_score_column  learned_margin_abs_vs_selected_static  replay_margin_abs_vs_static_reference  learned_macro_margin_abs_vs_selected_static  learned_macro_margin_abs_vs_macro_static_reference  replay_macro_margin_abs_vs_static_reference  macro_seed_positive_pass  macro_seed_gate_pass  behavior_gate_pass  seed_gate_pass
  117      True                1.229085              1.295552 oracle_loss_macro_subtype_event                               0.066467                               0.051954                                     0.080565                                           -1.313395                                     0.040789                      True                 False                True            True
  118      True                1.476684              1.500854 oracle_loss_macro_subtype_event                               0.024170                               0.071071                                    -0.023541                                           -1.041171                                     0.057850                     False                 False                True            True
  119      True                1.553270              1.787479 oracle_loss_macro_subtype_event                               0.234209                               0.113309                                     0.443476                                           -0.995451                                     0.107052                      True                 False                True            True
  120      True                1.297402              1.390370 oracle_loss_macro_subtype_event                               0.092968                               0.091985                                     0.084610                                           -1.150645                                     0.083254                      True                 False                True            True
  121      True                1.492955              1.605074 oracle_loss_macro_subtype_event                               0.112119                               0.120244                                     0.108325                                           -1.338132                                     0.084268                      True                 False                True            True
  122      True                1.366354              1.615692 oracle_loss_macro_subtype_event                               0.249338                               0.094152                                     0.687662                                           -0.934473                                     0.121682                      True                 False                True            True
reports/aggregate/mechanism_ablation_no_imitation_guide_117_118_119_120_121_122_oldclaim_20260623b/oldclaim_seed_summary.csv
reports/aggregate/mechanism_ablation_no_imitation_guide_117_118_119_120_121_122_oldclaim_20260623b/oldclaim_summary.json
{
  "complete_seeds": 6,
  "old_claim_step_gate_count": 6,
  "old_claim_macro_gate_count": 6,
  "behavior_eval_dirs": [
    "eval_router_conf05_mechablation_20260623b"
  ],
  "step_static_gate_count": 6,
  "step_rule_dynamic_gate_count": 6,
  "step_operational_gate_count": 6,
  "macro_static_gate_count": 6,
  "macro_rule_dynamic_gate_count": 6,
  "macro_operational_gate_count": 6,
  "replay_gate_count": 6,
  "replay_macro_gate_count": 6,
  "learned_replay_static_gate_count": 6,
  "learned_replay_macro_static_gate_count": 6,
  "learned_true_static_step_gate_count": 6,
  "learned_true_static_macro_gate_count": 6,
  "behavior_gate_count": 6,
  "mean_step_margin_vs_best_operational_baseline": 0.12987826161035324,
  "median_step_margin_vs_best_operational_baseline": 0.10254325716960011,
  "mean_macro_margin_vs_best_operational_baseline": 0.0819298369463133,
  "median_macro_margin_vs_best_operational_baseline": 0.09177661836646867,
  "one_sided_sign_test_p_old_claim_step_gate": 0.015625,
  "one_sided_sign_test_p_old_claim_macro_gate": 0.015625,
  "one_sided_sign_test_p_learned_true_static_step_gate": 0.015625,
  "one_sided_sign_test_p_learned_true_static_macro_gate": 0.015625,
  "claim_strength": "moderate_old_claim_step",
  "reason": ">=5 complete seeds with at least 80% old-claim step gates",
  "macro_claim_strength": "moderate_old_claim_macro",
  "macro_reason": ">=5 complete seeds with at least 80% old-claim macro gates"
}
 seed  complete  custom_ppo_loss  best_static_loss best_rule_dynamic_policy  best_rule_dynamic_loss  step_margin_vs_best_operational_baseline  step_margin_vs_replay_static_reference  macro_margin_vs_best_operational_baseline  macro_margin_vs_replay_static_reference  old_claim_step_gate_pass  old_claim_macro_gate_pass  learned_true_static_step_gate_pass  learned_true_static_macro_gate_pass
  117      True         1.229085          1.295552              round_robin                1.354809                                  0.066467                                0.054828                                   0.050204                                 0.041808                      True                       True                                True                                 True
  118      True         1.476684          1.500854                   random                1.697160                                  0.024170                                0.023017                                   0.034585                                 0.035999                      True                       True                                True                                 True
  119      True         1.553270          1.787479                      aoi                1.818091                                  0.234209                                0.101755                                   0.101008                                 0.102266                      True                       True                                True                                 True
  120      True         1.297402          1.390370              round_robin                1.564303                                  0.092968                                0.092835                                   0.082545                                 0.082631                      True                       True                                True                                 True
  121      True         1.492955          1.605074                      aoi                1.758595                                  0.112119                                0.103946                                   0.117535                                 0.075513                      True                       True                                True                                 True
  122      True         1.366354          1.615692                      aoi                1.628448                                  0.249338                                0.074694                                   0.105702                                 0.105187                      True                       True                                True                                 True
reports/aggregate/mechanism_ablation_no_imitation_guide_117_118_119_120_121_122_decision_audit_20260623b.json
reports/aggregate/mechanism_ablation_no_imitation_guide_117_118_119_120_121_122_decision_audit_20260623b.md
{
  "decision": "upgrade_allseed_strict",
  "rationale": "all pre-registered gates including strict true-static step pass",
  "recommendation": {
    "next_layer": "claim_update",
    "next_action": "Upgrade the final specialist-budget claim only after confirming every pre-registered aggregate and artifact is present.",
    "protocol_report": "reports/aggregate/pdppo_next_layer_pivot_designs_20260621.md"
  },
  "gates": {
    "complete_seeds": 6,
    "step_operational_gate_count": 6,
    "macro_operational_gate_count": 6,
    "replay_step_gate_count": 6,
    "replay_macro_gate_count": 6,
    "behavior_gate_count": 6,
    "true_static_macro_gate_count": 6,
    "true_static_step_strict_gate_count": 6,
    "true_static_step_positive_count": 6,
    "old_claim_step_gate_count": 6,
    "old_claim_macro_gate_count": 6
  },
  "failures": {
    "step_operational_fail_seeds": [],
    "macro_operational_fail_seeds": [],
    "replay_step_fail_seeds": [],
    "replay_macro_fail_seeds": [],
    "behavior_fail_seeds": [],
    "true_static_step_sign_fail_seeds": [],
    "true_static_step_strict_fail_seeds": [],
    "true_static_macro_fail_seeds": []
  }
}
scenebal1_router_reaudit_done date=2026-06-23T03:19:52+08:00 oldclaim_dir=reports/aggregate/mechanism_ablation_no_imitation_guide_117_118_119_120_121_122_oldclaim_20260623b decision=reports/aggregate/mechanism_ablation_no_imitation_guide_117_118_119_120_121_122_decision_audit_20260623b.json
mechanism_ablation_collect_done label=no_imitation_guide date=2026-06-23T03:19:52+08:00
mechanism_ablation_variant_train_start variant=no_regime_aux_path date=2026-06-23T03:19:52+08:00
mechanism_ablation_variant_train_done variant=no_regime_aux_path date=2026-06-23T03:38:59+08:00
mechanism_ablation_collect_start label=no_regime_aux_path date=2026-06-23T03:38:59+08:00
scenebal1_router_reaudit_start date=2026-06-23T03:38:59+08:00 seeds=117 118 119 120 121 122 router_conf=0.5 eval_dir=eval_router_conf05_mechablation_20260623b
reports/aggregate/mechanism_ablation_no_regime_aux_path_117_118_119_120_121_122_macro_20260623b/metpair_seed_summary.csv
reports/aggregate/mechanism_ablation_no_regime_aux_path_117_118_119_120_121_122_macro_20260623b/metpair_claim_summary.json
{
  "complete_seeds": 6,
  "seed_gate_pass_count": 6,
  "learned_gate_pass_count": 6,
  "replay_gate_pass_count": 6,
  "behavior_gate_pass_count": 6,
  "learned_macro_positive_count": 6,
  "replay_macro_positive_count": 6,
  "macro_seed_positive_count": 6,
  "learned_macro_gate_count": 6,
  "replay_macro_gate_count": 6,
  "macro_seed_gate_count": 6,
  "mean_learned_margin_abs": 0.14479590996696357,
  "median_learned_margin_abs": 0.13184280862469688,
  "mean_replay_margin_abs_vs_static_reference": 0.10568194864955179,
  "median_replay_margin_abs_vs_static_reference": 0.11189982888754457,
  "mean_learned_macro_margin_abs": 0.09847504530713465,
  "median_learned_macro_margin_abs": 0.11355710445573358,
  "mean_learned_macro_margin_abs_vs_macro_static_reference": 0.08748971240788712,
  "median_learned_macro_margin_abs_vs_macro_static_reference": 0.09559543612818877,
  "mean_replay_macro_margin_abs_vs_static_reference": 0.09426788759548016,
  "median_replay_macro_margin_abs_vs_static_reference": 0.09913803995298492,
  "one_sided_sign_test_p_seed_gate": 0.015625,
  "one_sided_sign_test_p_macro_seed_positive": 0.015625,
  "one_sided_sign_test_p_macro_seed_gate": 0.015625,
  "claim_strength": "moderate_multiseed",
  "reason": ">=5 complete seeds with at least 80% full gate passes",
  "macro_claim_strength": "moderate_macro_multiseed",
  "macro_reason": ">=5 complete seeds with at least 80% macro gate passes"
}
 seed  complete  router_custom_ppo_loss  selected_static_loss                         macro_score_column  learned_margin_abs_vs_selected_static  replay_margin_abs_vs_static_reference  learned_macro_margin_abs_vs_selected_static  learned_macro_margin_abs_vs_macro_static_reference  replay_macro_margin_abs_vs_static_reference  macro_seed_positive_pass  macro_seed_gate_pass  behavior_gate_pass  seed_gate_pass
  117      True                1.254068              1.306321 oracle_loss_macro_subtype_event_staticnorm                               0.052253                               0.058031                                     0.031755                                            0.026534                                     0.040014                      True                  True                True            True
  118      True                1.416254              1.547733 oracle_loss_macro_subtype_event_staticnorm                               0.131480                               0.127925                                     0.085097                                            0.084587                                     0.085544                      True                  True                True            True
  119      True                1.548039              1.785172 oracle_loss_macro_subtype_event_staticnorm                               0.237134                               0.119228                                     0.105527                                            0.106604                                     0.112733                      True                  True                True            True
  120      True                1.311478              1.443684 oracle_loss_macro_subtype_event_staticnorm                               0.132206                               0.138969                                     0.123750                                            0.109573                                     0.115297                      True                  True                True            True
  121      True                1.506505              1.584200 oracle_loss_macro_subtype_event_staticnorm                               0.077696                               0.085367                                     0.123134                                            0.073880                                     0.078743                      True                  True                True            True
  122      True                1.389540              1.627548 oracle_loss_macro_subtype_event_staticnorm                               0.238008                               0.104571                                     0.121587                                            0.123761                                     0.133277                      True                  True                True            True
reports/aggregate/mechanism_ablation_no_regime_aux_path_117_118_119_120_121_122_raw_macro_20260623b/metpair_seed_summary.csv
reports/aggregate/mechanism_ablation_no_regime_aux_path_117_118_119_120_121_122_raw_macro_20260623b/metpair_claim_summary.json
{
  "complete_seeds": 6,
  "seed_gate_pass_count": 6,
  "learned_gate_pass_count": 6,
  "replay_gate_pass_count": 6,
  "behavior_gate_pass_count": 6,
  "learned_macro_positive_count": 5,
  "replay_macro_positive_count": 6,
  "macro_seed_positive_count": 5,
  "learned_macro_gate_count": 0,
  "replay_macro_gate_count": 6,
  "macro_seed_gate_count": 0,
  "mean_learned_margin_abs": 0.14479590996696357,
  "median_learned_margin_abs": 0.13184280862469688,
  "mean_replay_margin_abs_vs_static_reference": 0.10568194864955179,
  "median_replay_margin_abs_vs_static_reference": 0.11189982888754457,
  "mean_learned_macro_margin_abs": 0.22760375198262692,
  "median_learned_macro_margin_abs": 0.10773321608763553,
  "mean_learned_macro_margin_abs_vs_macro_static_reference": -1.1260154377430895,
  "median_learned_macro_margin_abs_vs_macro_static_reference": -1.0842270897567012,
  "mean_replay_macro_margin_abs_vs_static_reference": 0.09426788759548016,
  "median_replay_macro_margin_abs_vs_static_reference": 0.09913803995298492,
  "one_sided_sign_test_p_seed_gate": 0.015625,
  "one_sided_sign_test_p_macro_seed_positive": 0.109375,
  "one_sided_sign_test_p_macro_seed_gate": 1.0,
  "claim_strength": "moderate_multiseed",
  "reason": ">=5 complete seeds with at least 80% full gate passes",
  "macro_claim_strength": "macro_not_supported",
  "macro_reason": "macro seed-level gates are not consistently positive"
}
 seed  complete  router_custom_ppo_loss  selected_static_loss              macro_score_column  learned_margin_abs_vs_selected_static  replay_margin_abs_vs_static_reference  learned_macro_margin_abs_vs_selected_static  learned_macro_margin_abs_vs_macro_static_reference  replay_macro_margin_abs_vs_static_reference  macro_seed_positive_pass  macro_seed_gate_pass  behavior_gate_pass  seed_gate_pass
  117      True                1.254068              1.306321 oracle_loss_macro_subtype_event                               0.052253                               0.058031                                    -0.012276                                           -1.360443                                     0.040014                     False                 False                True            True
  118      True                1.416254              1.547733 oracle_loss_macro_subtype_event                               0.131480                               0.127925                                     0.114842                                           -0.926846                                     0.085544                      True                 False                True            True
  119      True                1.548039              1.785172 oracle_loss_macro_subtype_event                               0.237134                               0.119228                                     0.439773                                           -0.982237                                     0.112733                      True                 False                True            True
  120      True                1.311478              1.443684 oracle_loss_macro_subtype_event                               0.132206                               0.138969                                     0.100625                                           -1.186218                                     0.115297                      True                 False                True            True
  121      True                1.506505              1.584200 oracle_loss_macro_subtype_event                               0.077696                               0.085367                                     0.052148                                           -1.339389                                     0.078743                      True                 False                True            True
  122      True                1.389540              1.627548 oracle_loss_macro_subtype_event                               0.238008                               0.104571                                     0.670512                                           -0.960961                                     0.133277                      True                 False                True            True
reports/aggregate/mechanism_ablation_no_regime_aux_path_117_118_119_120_121_122_oldclaim_20260623b/oldclaim_seed_summary.csv
reports/aggregate/mechanism_ablation_no_regime_aux_path_117_118_119_120_121_122_oldclaim_20260623b/oldclaim_summary.json
{
  "complete_seeds": 6,
  "old_claim_step_gate_count": 6,
  "old_claim_macro_gate_count": 6,
  "behavior_eval_dirs": [
    "eval_router_conf05_mechablation_20260623b"
  ],
  "step_static_gate_count": 6,
  "step_rule_dynamic_gate_count": 6,
  "step_operational_gate_count": 6,
  "macro_static_gate_count": 6,
  "macro_rule_dynamic_gate_count": 6,
  "macro_operational_gate_count": 6,
  "replay_gate_count": 6,
  "replay_macro_gate_count": 6,
  "learned_replay_static_gate_count": 6,
  "learned_replay_macro_static_gate_count": 6,
  "learned_true_static_step_gate_count": 6,
  "learned_true_static_macro_gate_count": 6,
  "behavior_gate_count": 6,
  "mean_step_margin_vs_best_operational_baseline": 0.14479590996696357,
  "median_step_margin_vs_best_operational_baseline": 0.13184280862469688,
  "mean_macro_margin_vs_best_operational_baseline": 0.09847504530713465,
  "median_macro_margin_vs_best_operational_baseline": 0.11355710445573358,
  "one_sided_sign_test_p_old_claim_step_gate": 0.015625,
  "one_sided_sign_test_p_old_claim_macro_gate": 0.015625,
  "one_sided_sign_test_p_learned_true_static_step_gate": 0.015625,
  "one_sided_sign_test_p_learned_true_static_macro_gate": 0.015625,
  "claim_strength": "moderate_old_claim_step",
  "reason": ">=5 complete seeds with at least 80% old-claim step gates",
  "macro_claim_strength": "moderate_old_claim_macro",
  "macro_reason": ">=5 complete seeds with at least 80% old-claim macro gates"
}
 seed  complete  custom_ppo_loss  best_static_loss best_rule_dynamic_policy  best_rule_dynamic_loss  step_margin_vs_best_operational_baseline  step_margin_vs_replay_static_reference  macro_margin_vs_best_operational_baseline  macro_margin_vs_replay_static_reference  old_claim_step_gate_pass  old_claim_macro_gate_pass  learned_true_static_step_gate_pass  learned_true_static_macro_gate_pass
  117      True         1.254068          1.306321              round_robin                1.366885                                  0.052253                                0.045003                                   0.031755                                 0.026534                      True                       True                                True                                 True
  118      True         1.416254          1.547733                   random                1.677320                                  0.131480                                0.126495                                   0.085097                                 0.084587                      True                       True                                True                                 True
  119      True         1.548039          1.785172                      aoi                1.828064                                  0.237134                                0.102155                                   0.105527                                 0.106604                      True                       True                                True                                 True
  120      True         1.311478          1.443684              round_robin                1.556655                                  0.132206                                0.128937                                   0.123750                                 0.109573                      True                       True                                True                                 True
  121      True         1.506505          1.584200                      aoi                1.759238                                  0.077696                                0.064330                                   0.123134                                 0.073880                      True                       True                                True                                 True
  122      True         1.389540          1.627548                      aoi                1.672628                                  0.238008                                0.077548                                   0.121587                                 0.123761                      True                       True                                True                                 True
reports/aggregate/mechanism_ablation_no_regime_aux_path_117_118_119_120_121_122_decision_audit_20260623b.json
reports/aggregate/mechanism_ablation_no_regime_aux_path_117_118_119_120_121_122_decision_audit_20260623b.md
{
  "decision": "upgrade_allseed_strict",
  "rationale": "all pre-registered gates including strict true-static step pass",
  "recommendation": {
    "next_layer": "claim_update",
    "next_action": "Upgrade the final specialist-budget claim only after confirming every pre-registered aggregate and artifact is present.",
    "protocol_report": "reports/aggregate/pdppo_next_layer_pivot_designs_20260621.md"
  },
  "gates": {
    "complete_seeds": 6,
    "step_operational_gate_count": 6,
    "macro_operational_gate_count": 6,
    "replay_step_gate_count": 6,
    "replay_macro_gate_count": 6,
    "behavior_gate_count": 6,
    "true_static_macro_gate_count": 6,
    "true_static_step_strict_gate_count": 6,
    "true_static_step_positive_count": 6,
    "old_claim_step_gate_count": 6,
    "old_claim_macro_gate_count": 6
  },
  "failures": {
    "step_operational_fail_seeds": [],
    "macro_operational_fail_seeds": [],
    "replay_step_fail_seeds": [],
    "replay_macro_fail_seeds": [],
    "behavior_fail_seeds": [],
    "true_static_step_sign_fail_seeds": [],
    "true_static_step_strict_fail_seeds": [],
    "true_static_macro_fail_seeds": []
  }
}
scenebal1_router_reaudit_done date=2026-06-23T03:40:32+08:00 oldclaim_dir=reports/aggregate/mechanism_ablation_no_regime_aux_path_117_118_119_120_121_122_oldclaim_20260623b decision=reports/aggregate/mechanism_ablation_no_regime_aux_path_117_118_119_120_121_122_decision_audit_20260623b.json
mechanism_ablation_collect_done label=no_regime_aux_path date=2026-06-23T03:40:32+08:00
mechanism_ablation_variant_train_start variant=no_staticnorm_train date=2026-06-23T03:40:32+08:00
mechanism_ablation_variant_train_done variant=no_staticnorm_train date=2026-06-23T04:01:29+08:00
mechanism_ablation_collect_start label=no_staticnorm_train date=2026-06-23T04:01:29+08:00
scenebal1_router_reaudit_start date=2026-06-23T04:01:29+08:00 seeds=117 118 119 120 121 122 router_conf=0.5 eval_dir=eval_router_conf05_mechablation_20260623b
reports/aggregate/mechanism_ablation_no_staticnorm_train_117_118_119_120_121_122_macro_20260623b/metpair_seed_summary.csv
reports/aggregate/mechanism_ablation_no_staticnorm_train_117_118_119_120_121_122_macro_20260623b/metpair_claim_summary.json
{
  "complete_seeds": 6,
  "seed_gate_pass_count": 6,
  "learned_gate_pass_count": 6,
  "replay_gate_pass_count": 6,
  "behavior_gate_pass_count": 6,
  "learned_macro_positive_count": 6,
  "replay_macro_positive_count": 6,
  "macro_seed_positive_count": 6,
  "learned_macro_gate_count": 6,
  "replay_macro_gate_count": 6,
  "macro_seed_gate_count": 6,
  "mean_learned_margin_abs": 0.13886033915726634,
  "median_learned_margin_abs": 0.12303842847518354,
  "mean_replay_margin_abs_vs_static_reference": 0.09583327962703454,
  "median_replay_margin_abs_vs_static_reference": 0.09327622660453017,
  "mean_learned_macro_margin_abs": 0.08717616810651309,
  "median_learned_macro_margin_abs": 0.10008191485093593,
  "mean_learned_macro_margin_abs_vs_macro_static_reference": 0.0801224658320137,
  "median_learned_macro_margin_abs_vs_macro_static_reference": 0.08669159451600239,
  "mean_replay_macro_margin_abs_vs_static_reference": 0.08246002767563405,
  "median_replay_macro_margin_abs_vs_static_reference": 0.0909397467794924,
  "one_sided_sign_test_p_seed_gate": 0.015625,
  "one_sided_sign_test_p_macro_seed_positive": 0.015625,
  "one_sided_sign_test_p_macro_seed_gate": 0.015625,
  "claim_strength": "moderate_multiseed",
  "reason": ">=5 complete seeds with at least 80% full gate passes",
  "macro_claim_strength": "moderate_macro_multiseed",
  "macro_reason": ">=5 complete seeds with at least 80% macro gate passes"
}
 seed  complete  router_custom_ppo_loss  selected_static_loss                         macro_score_column  learned_margin_abs_vs_selected_static  replay_margin_abs_vs_static_reference  learned_macro_margin_abs_vs_selected_static  learned_macro_margin_abs_vs_macro_static_reference  replay_macro_margin_abs_vs_static_reference  macro_seed_positive_pass  macro_seed_gate_pass  behavior_gate_pass  seed_gate_pass
  117      True                1.254807              1.306070 oracle_loss_macro_subtype_event_staticnorm                               0.051263                               0.044373                                     0.038287                                            0.032303                                     0.035109                      True                  True                True            True
  118      True                1.420509              1.495593 oracle_loss_macro_subtype_event_staticnorm                               0.075084                               0.074430                                     0.052076                                            0.055899                                     0.056922                      True                  True                True            True
  119      True                1.543360              1.771145 oracle_loss_macro_subtype_event_staticnorm                               0.227785                               0.125583                                     0.097419                                            0.098565                                     0.101677                      True                  True                True            True
  120      True                1.273777              1.419001 oracle_loss_macro_subtype_event_staticnorm                               0.145224                               0.144061                                     0.118924                                            0.120524                                     0.119171                      True                  True                True            True
  121      True                1.462076              1.562929 oracle_loss_macro_subtype_event_staticnorm                               0.100853                               0.095841                                     0.113606                                            0.074818                                     0.082194                      True                  True                True            True
  122      True                1.366745              1.599698 oracle_loss_macro_subtype_event_staticnorm                               0.232953                               0.090711                                     0.102745                                            0.098625                                     0.099686                      True                  True                True            True
reports/aggregate/mechanism_ablation_no_staticnorm_train_117_118_119_120_121_122_raw_macro_20260623b/metpair_seed_summary.csv
reports/aggregate/mechanism_ablation_no_staticnorm_train_117_118_119_120_121_122_raw_macro_20260623b/metpair_claim_summary.json
{
  "complete_seeds": 6,
  "seed_gate_pass_count": 6,
  "learned_gate_pass_count": 6,
  "replay_gate_pass_count": 6,
  "behavior_gate_pass_count": 6,
  "learned_macro_positive_count": 6,
  "replay_macro_positive_count": 6,
  "macro_seed_positive_count": 6,
  "learned_macro_gate_count": 0,
  "replay_macro_gate_count": 6,
  "macro_seed_gate_count": 0,
  "mean_learned_margin_abs": 0.13886033915726634,
  "median_learned_margin_abs": 0.12303842847518354,
  "mean_replay_margin_abs_vs_static_reference": 0.09583327962703454,
  "median_replay_margin_abs_vs_static_reference": 0.09327622660453017,
  "mean_learned_macro_margin_abs": 0.2308456584548556,
  "median_learned_macro_margin_abs": 0.11531030319565261,
  "mean_learned_macro_margin_abs_vs_macro_static_reference": -1.0994017877630984,
  "median_learned_macro_margin_abs_vs_macro_static_reference": -1.0500002900262881,
  "mean_replay_macro_margin_abs_vs_static_reference": 0.08246002767563405,
  "median_replay_macro_margin_abs_vs_static_reference": 0.0909397467794924,
  "one_sided_sign_test_p_seed_gate": 0.015625,
  "one_sided_sign_test_p_macro_seed_positive": 0.015625,
  "one_sided_sign_test_p_macro_seed_gate": 1.0,
  "claim_strength": "moderate_multiseed",
  "reason": ">=5 complete seeds with at least 80% full gate passes",
  "macro_claim_strength": "macro_not_supported",
  "macro_reason": "macro seed-level gates are not consistently positive"
}
 seed  complete  router_custom_ppo_loss  selected_static_loss              macro_score_column  learned_margin_abs_vs_selected_static  replay_margin_abs_vs_static_reference  learned_macro_margin_abs_vs_selected_static  learned_macro_margin_abs_vs_macro_static_reference  replay_macro_margin_abs_vs_static_reference  macro_seed_positive_pass  macro_seed_gate_pass  behavior_gate_pass  seed_gate_pass
  117      True                1.254807              1.306070 oracle_loss_macro_subtype_event                               0.051263                               0.044373                                     0.030319                                           -1.340924                                     0.035109                      True                 False                True            True
  118      True                1.420509              1.495593 oracle_loss_macro_subtype_event                               0.075084                               0.074430                                     0.064816                                           -0.951468                                     0.056922                      True                 False                True            True
  119      True                1.543360              1.771145 oracle_loss_macro_subtype_event                               0.227785                               0.125583                                     0.429017                                           -0.988702                                     0.101677                      True                 False                True            True
  120      True                1.273777              1.419001 oracle_loss_macro_subtype_event                               0.145224                               0.144061                                     0.131453                                           -1.111299                                     0.119171                      True                 False                True            True
  121      True                1.462076              1.562929 oracle_loss_macro_subtype_event                               0.100853                               0.095841                                     0.099168                                           -1.262724                                     0.082194                      True                 False                True            True
  122      True                1.366745              1.599698 oracle_loss_macro_subtype_event                               0.232953                               0.090711                                     0.630301                                           -0.941294                                     0.099686                      True                 False                True            True
reports/aggregate/mechanism_ablation_no_staticnorm_train_117_118_119_120_121_122_oldclaim_20260623b/oldclaim_seed_summary.csv
reports/aggregate/mechanism_ablation_no_staticnorm_train_117_118_119_120_121_122_oldclaim_20260623b/oldclaim_summary.json
{
  "complete_seeds": 6,
  "old_claim_step_gate_count": 6,
  "old_claim_macro_gate_count": 6,
  "behavior_eval_dirs": [
    "eval_router_conf05_mechablation_20260623b"
  ],
  "step_static_gate_count": 6,
  "step_rule_dynamic_gate_count": 6,
  "step_operational_gate_count": 6,
  "macro_static_gate_count": 6,
  "macro_rule_dynamic_gate_count": 6,
  "macro_operational_gate_count": 6,
  "replay_gate_count": 6,
  "replay_macro_gate_count": 6,
  "learned_replay_static_gate_count": 6,
  "learned_replay_macro_static_gate_count": 6,
  "learned_true_static_step_gate_count": 6,
  "learned_true_static_macro_gate_count": 6,
  "behavior_gate_count": 6,
  "mean_step_margin_vs_best_operational_baseline": 0.13886033915726634,
  "median_step_margin_vs_best_operational_baseline": 0.12303842847518354,
  "mean_macro_margin_vs_best_operational_baseline": 0.08717616810651309,
  "median_macro_margin_vs_best_operational_baseline": 0.10008191485093593,
  "one_sided_sign_test_p_old_claim_step_gate": 0.015625,
  "one_sided_sign_test_p_old_claim_macro_gate": 0.015625,
  "one_sided_sign_test_p_learned_true_static_step_gate": 0.015625,
  "one_sided_sign_test_p_learned_true_static_macro_gate": 0.015625,
  "claim_strength": "moderate_old_claim_step",
  "reason": ">=5 complete seeds with at least 80% old-claim step gates",
  "macro_claim_strength": "moderate_old_claim_macro",
  "macro_reason": ">=5 complete seeds with at least 80% old-claim macro gates"
}
 seed  complete  custom_ppo_loss  best_static_loss best_rule_dynamic_policy  best_rule_dynamic_loss  step_margin_vs_best_operational_baseline  step_margin_vs_replay_static_reference  macro_margin_vs_best_operational_baseline  macro_margin_vs_replay_static_reference  old_claim_step_gate_pass  old_claim_macro_gate_pass  learned_true_static_step_gate_pass  learned_true_static_macro_gate_pass
  117      True         1.254807          1.306070                      aoi                1.365030                                  0.051263                                0.041319                                   0.038287                                 0.032303                      True                       True                                True                                 True
  118      True         1.420509          1.495593                   random                1.683166                                  0.075084                                0.076281                                   0.052076                                 0.055899                      True                       True                                True                                 True
  119      True         1.543360          1.771145                      aoi                1.812155                                  0.227785                                0.119104                                   0.097419                                 0.098565                      True                       True                                True                                 True
  120      True         1.273777          1.419001              round_robin                1.534491                                  0.145224                                0.147318                                   0.118924                                 0.120524                      True                       True                                True                                 True
  121      True         1.462076          1.562929                      aoi                1.739573                                  0.100853                                0.089588                                   0.113606                                 0.074818                      True                       True                                True                                 True
  122      True         1.366745          1.599698              round_robin                1.634383                                  0.232953                                0.084648                                   0.102745                                 0.098625                      True                       True                                True                                 True
reports/aggregate/mechanism_ablation_no_staticnorm_train_117_118_119_120_121_122_decision_audit_20260623b.json
reports/aggregate/mechanism_ablation_no_staticnorm_train_117_118_119_120_121_122_decision_audit_20260623b.md
{
  "decision": "upgrade_allseed_strict",
  "rationale": "all pre-registered gates including strict true-static step pass",
  "recommendation": {
    "next_layer": "claim_update",
    "next_action": "Upgrade the final specialist-budget claim only after confirming every pre-registered aggregate and artifact is present.",
    "protocol_report": "reports/aggregate/pdppo_next_layer_pivot_designs_20260621.md"
  },
  "gates": {
    "complete_seeds": 6,
    "step_operational_gate_count": 6,
    "macro_operational_gate_count": 6,
    "replay_step_gate_count": 6,
    "replay_macro_gate_count": 6,
    "behavior_gate_count": 6,
    "true_static_macro_gate_count": 6,
    "true_static_step_strict_gate_count": 6,
    "true_static_step_positive_count": 6,
    "old_claim_step_gate_count": 6,
    "old_claim_macro_gate_count": 6
  },
  "failures": {
    "step_operational_fail_seeds": [],
    "macro_operational_fail_seeds": [],
    "replay_step_fail_seeds": [],
    "replay_macro_fail_seeds": [],
    "behavior_fail_seeds": [],
    "true_static_step_sign_fail_seeds": [],
    "true_static_step_strict_fail_seeds": [],
    "true_static_macro_fail_seeds": []
  }
}
scenebal1_router_reaudit_done date=2026-06-23T04:03:05+08:00 oldclaim_dir=reports/aggregate/mechanism_ablation_no_staticnorm_train_117_118_119_120_121_122_oldclaim_20260623b decision=reports/aggregate/mechanism_ablation_no_staticnorm_train_117_118_119_120_121_122_decision_audit_20260623b.json
mechanism_ablation_collect_done label=no_staticnorm_train date=2026-06-23T04:03:05+08:00
mechanism_ablation_collect_start label=full_reference date=2026-06-23T04:03:05+08:00
scenebal1_router_reaudit_start date=2026-06-23T04:03:05+08:00 seeds=117 118 119 120 121 122 router_conf=0.5 eval_dir=eval_router_conf05_mechablation_20260623b
reports/aggregate/mechanism_ablation_full_reference_117_118_119_120_121_122_macro_20260623b/metpair_seed_summary.csv
reports/aggregate/mechanism_ablation_full_reference_117_118_119_120_121_122_macro_20260623b/metpair_claim_summary.json
{
  "complete_seeds": 6,
  "seed_gate_pass_count": 6,
  "learned_gate_pass_count": 6,
  "replay_gate_pass_count": 6,
  "behavior_gate_pass_count": 6,
  "learned_macro_positive_count": 6,
  "replay_macro_positive_count": 6,
  "macro_seed_positive_count": 6,
  "learned_macro_gate_count": 6,
  "replay_macro_gate_count": 6,
  "macro_seed_gate_count": 6,
  "mean_learned_margin_abs": 0.12876196225821934,
  "median_learned_margin_abs": 0.08907818472903262,
  "mean_replay_margin_abs_vs_static_reference": 0.07622809620909266,
  "median_replay_margin_abs_vs_static_reference": 0.07926937033892045,
  "mean_learned_macro_margin_abs": 0.08563464972764268,
  "median_learned_macro_margin_abs": 0.09585765270860536,
  "mean_learned_macro_margin_abs_vs_macro_static_reference": 0.07400941030703252,
  "median_learned_macro_margin_abs_vs_macro_static_reference": 0.07236761434173444,
  "mean_replay_macro_margin_abs_vs_static_reference": 0.07853150346947883,
  "median_replay_macro_margin_abs_vs_static_reference": 0.08450699190120026,
  "one_sided_sign_test_p_seed_gate": 0.015625,
  "one_sided_sign_test_p_macro_seed_positive": 0.015625,
  "one_sided_sign_test_p_macro_seed_gate": 0.015625,
  "claim_strength": "moderate_multiseed",
  "reason": ">=5 complete seeds with at least 80% full gate passes",
  "macro_claim_strength": "moderate_macro_multiseed",
  "macro_reason": ">=5 complete seeds with at least 80% macro gate passes"
}
 seed  complete  router_custom_ppo_loss  selected_static_loss                         macro_score_column  learned_margin_abs_vs_selected_static  replay_margin_abs_vs_static_reference  learned_macro_margin_abs_vs_selected_static  learned_macro_margin_abs_vs_macro_static_reference  replay_macro_margin_abs_vs_static_reference  macro_seed_positive_pass  macro_seed_gate_pass  behavior_gate_pass  seed_gate_pass
  117      True                1.240080              1.284286 oracle_loss_macro_subtype_event_staticnorm                               0.044206                               0.029075                                     0.033985                                            0.023601                                     0.022158                      True                  True                True            True
  118      True                1.425456              1.499433 oracle_loss_macro_subtype_event_staticnorm                               0.073977                               0.077689                                     0.057988                                            0.059282                                     0.062881                      True                  True                True            True
  119      True                1.546240              1.773967 oracle_loss_macro_subtype_event_staticnorm                               0.227727                               0.100713                                     0.092860                                            0.080451                                     0.098857                      True                  True                True            True
  120      True                1.307702              1.410184 oracle_loss_macro_subtype_event_staticnorm                               0.102482                               0.099124                                     0.098855                                            0.096705                                     0.096478                      True                  True                True            True
  121      True                1.500917              1.576591 oracle_loss_macro_subtype_event_staticnorm                               0.075674                               0.069918                                     0.102128                                            0.064285                                     0.072536                      True                  True                True            True
  122      True                1.352790              1.601295 oracle_loss_macro_subtype_event_staticnorm                               0.248505                               0.080850                                     0.127991                                            0.119734                                     0.118278                      True                  True                True            True
reports/aggregate/mechanism_ablation_full_reference_117_118_119_120_121_122_raw_macro_20260623b/metpair_seed_summary.csv
reports/aggregate/mechanism_ablation_full_reference_117_118_119_120_121_122_raw_macro_20260623b/metpair_claim_summary.json
{
  "complete_seeds": 6,
  "seed_gate_pass_count": 6,
  "learned_gate_pass_count": 6,
  "replay_gate_pass_count": 6,
  "behavior_gate_pass_count": 6,
  "learned_macro_positive_count": 6,
  "replay_macro_positive_count": 6,
  "macro_seed_positive_count": 6,
  "learned_macro_gate_count": 0,
  "replay_macro_gate_count": 6,
  "macro_seed_gate_count": 0,
  "mean_learned_margin_abs": 0.12876196225821934,
  "median_learned_margin_abs": 0.08907818472903262,
  "mean_replay_margin_abs_vs_static_reference": 0.07622809620909266,
  "median_replay_margin_abs_vs_static_reference": 0.07926937033892045,
  "mean_learned_macro_margin_abs": 0.2165781945575486,
  "median_learned_macro_margin_abs": 0.07423018368593248,
  "mean_learned_macro_margin_abs_vs_macro_static_reference": -1.1123653518038734,
  "median_learned_macro_margin_abs_vs_macro_static_reference": -1.0944604853273026,
  "mean_replay_macro_margin_abs_vs_static_reference": 0.07853150346947883,
  "median_replay_macro_margin_abs_vs_static_reference": 0.08450699190120026,
  "one_sided_sign_test_p_seed_gate": 0.015625,
  "one_sided_sign_test_p_macro_seed_positive": 0.015625,
  "one_sided_sign_test_p_macro_seed_gate": 1.0,
  "claim_strength": "moderate_multiseed",
  "reason": ">=5 complete seeds with at least 80% full gate passes",
  "macro_claim_strength": "macro_not_supported",
  "macro_reason": "macro seed-level gates are not consistently positive"
}
 seed  complete  router_custom_ppo_loss  selected_static_loss              macro_score_column  learned_margin_abs_vs_selected_static  replay_margin_abs_vs_static_reference  learned_macro_margin_abs_vs_selected_static  learned_macro_margin_abs_vs_macro_static_reference  replay_macro_margin_abs_vs_static_reference  macro_seed_positive_pass  macro_seed_gate_pass  behavior_gate_pass  seed_gate_pass
  117      True                1.240080              1.284286 oracle_loss_macro_subtype_event                               0.044206                               0.029075                                     0.007722                                           -1.302007                                     0.022158                      True                 False                True            True
  118      True                1.425456              1.499433 oracle_loss_macro_subtype_event                               0.073977                               0.077689                                     0.054389                                           -0.957124                                     0.062881                      True                 False                True            True
  119      True                1.546240              1.773967 oracle_loss_macro_subtype_event                               0.227727                               0.100713                                     0.419180                                           -0.987629                                     0.098857                      True                 False                True            True
  120      True                1.307702              1.410184 oracle_loss_macro_subtype_event                               0.102482                               0.099124                                     0.072622                                           -1.201292                                     0.096478                      True                 False                True            True
  121      True                1.500917              1.576591 oracle_loss_macro_subtype_event                               0.075674                               0.069918                                     0.075838                                           -1.318058                                     0.072536                      True                 False                True            True
  122      True                1.352790              1.601295 oracle_loss_macro_subtype_event                               0.248505                               0.080850                                     0.669719                                           -0.908082                                     0.118278                      True                 False                True            True
reports/aggregate/mechanism_ablation_full_reference_117_118_119_120_121_122_oldclaim_20260623b/oldclaim_seed_summary.csv
reports/aggregate/mechanism_ablation_full_reference_117_118_119_120_121_122_oldclaim_20260623b/oldclaim_summary.json
{
  "complete_seeds": 6,
  "old_claim_step_gate_count": 6,
  "old_claim_macro_gate_count": 6,
  "behavior_eval_dirs": [
    "eval_router_conf05_mechablation_20260623b"
  ],
  "step_static_gate_count": 6,
  "step_rule_dynamic_gate_count": 6,
  "step_operational_gate_count": 6,
  "macro_static_gate_count": 6,
  "macro_rule_dynamic_gate_count": 6,
  "macro_operational_gate_count": 6,
  "replay_gate_count": 6,
  "replay_macro_gate_count": 6,
  "learned_replay_static_gate_count": 6,
  "learned_replay_macro_static_gate_count": 6,
  "learned_true_static_step_gate_count": 6,
  "learned_true_static_macro_gate_count": 6,
  "behavior_gate_count": 6,
  "mean_step_margin_vs_best_operational_baseline": 0.12876196225821934,
  "median_step_margin_vs_best_operational_baseline": 0.08907818472903262,
  "mean_macro_margin_vs_best_operational_baseline": 0.08563464972764268,
  "median_macro_margin_vs_best_operational_baseline": 0.09585765270860536,
  "one_sided_sign_test_p_old_claim_step_gate": 0.015625,
  "one_sided_sign_test_p_old_claim_macro_gate": 0.015625,
  "one_sided_sign_test_p_learned_true_static_step_gate": 0.015625,
  "one_sided_sign_test_p_learned_true_static_macro_gate": 0.015625,
  "claim_strength": "moderate_old_claim_step",
  "reason": ">=5 complete seeds with at least 80% old-claim step gates",
  "macro_claim_strength": "moderate_old_claim_macro",
  "macro_reason": ">=5 complete seeds with at least 80% old-claim macro gates"
}
 seed  complete  custom_ppo_loss  best_static_loss best_rule_dynamic_policy  best_rule_dynamic_loss  step_margin_vs_best_operational_baseline  step_margin_vs_replay_static_reference  macro_margin_vs_best_operational_baseline  macro_margin_vs_replay_static_reference  old_claim_step_gate_pass  old_claim_macro_gate_pass  learned_true_static_step_gate_pass  learned_true_static_macro_gate_pass
  117      True         1.240080          1.284286              round_robin                1.361847                                  0.044206                                0.028498                                   0.033985                                 0.023601                      True                       True                                True                                 True
  118      True         1.425456          1.499433                   random                1.687536                                  0.073977                                0.072346                                   0.057988                                 0.059282                      True                       True                                True                                 True
  119      True         1.546240          1.773967                      aoi                1.831366                                  0.227727                                0.071490                                   0.092860                                 0.080451                      True                       True                                True                                 True
  120      True         1.307702          1.410184              round_robin                1.558649                                  0.102482                                0.100144                                   0.098855                                 0.096705                      True                       True                                True                                 True
  121      True         1.500917          1.576591                      aoi                1.776799                                  0.075674                                0.063636                                   0.102128                                 0.064285                      True                       True                                True                                 True
  122      True         1.352790          1.601295              round_robin                1.626218                                  0.248505                                0.077386                                   0.127991                                 0.119734                      True                       True                                True                                 True
reports/aggregate/mechanism_ablation_full_reference_117_118_119_120_121_122_decision_audit_20260623b.json
reports/aggregate/mechanism_ablation_full_reference_117_118_119_120_121_122_decision_audit_20260623b.md
{
  "decision": "upgrade_allseed_strict",
  "rationale": "all pre-registered gates including strict true-static step pass",
  "recommendation": {
    "next_layer": "claim_update",
    "next_action": "Upgrade the final specialist-budget claim only after confirming every pre-registered aggregate and artifact is present.",
    "protocol_report": "reports/aggregate/pdppo_next_layer_pivot_designs_20260621.md"
  },
  "gates": {
    "complete_seeds": 6,
    "step_operational_gate_count": 6,
    "macro_operational_gate_count": 6,
    "replay_step_gate_count": 6,
    "replay_macro_gate_count": 6,
    "behavior_gate_count": 6,
    "true_static_macro_gate_count": 6,
    "true_static_step_strict_gate_count": 6,
    "true_static_step_positive_count": 6,
    "old_claim_step_gate_count": 6,
    "old_claim_macro_gate_count": 6
  },
  "failures": {
    "step_operational_fail_seeds": [],
    "macro_operational_fail_seeds": [],
    "replay_step_fail_seeds": [],
    "replay_macro_fail_seeds": [],
    "behavior_fail_seeds": [],
    "true_static_step_sign_fail_seeds": [],
    "true_static_step_strict_fail_seeds": [],
    "true_static_macro_fail_seeds": []
  }
}
scenebal1_router_reaudit_done date=2026-06-23T04:04:43+08:00 oldclaim_dir=reports/aggregate/mechanism_ablation_full_reference_117_118_119_120_121_122_oldclaim_20260623b decision=reports/aggregate/mechanism_ablation_full_reference_117_118_119_120_121_122_decision_audit_20260623b.json
mechanism_ablation_collect_done label=full_reference date=2026-06-23T04:04:43+08:00
wrote reports/aggregate/mechanism_ablation_pilot_117_118_119_120_121_122_20260623b/mechanism_ablation_summary.csv
wrote reports/aggregate/mechanism_ablation_pilot_117_118_119_120_121_122_20260623b/mechanism_ablation_summary.json
wrote reports/aggregate/mechanism_ablation_pilot_117_118_119_120_121_122_20260623b/mechanism_ablation_summary.md
mechanism_ablation_done date=2026-06-23T04:04:43+08:00 out_dir=reports/aggregate/mechanism_ablation_pilot_117_118_119_120_121_122_20260623b
BATCH_DONE 2026-06-23T04:04:43+08:00 seeds=117 118 119 120 121 122
BATCH_START 2026-06-23T04:04:43+08:00 seeds=123 124 125 126 127 128
mechanism_ablation_start date=2026-06-23T04:04:43+08:00 seeds=123 124 125 126 127 128 router_conf=0.5
mechanism_ablation_variant_train_start variant=no_imitation_guide date=2026-06-23T04:04:43+08:00
mechanism_ablation_variant_train_done variant=no_imitation_guide date=2026-06-23T04:25:37+08:00
mechanism_ablation_collect_start label=no_imitation_guide date=2026-06-23T04:25:37+08:00
scenebal1_router_reaudit_start date=2026-06-23T04:25:37+08:00 seeds=123 124 125 126 127 128 router_conf=0.5 eval_dir=eval_router_conf05_mechablation_20260623b
reports/aggregate/mechanism_ablation_no_imitation_guide_123_124_125_126_127_128_macro_20260623b/metpair_seed_summary.csv
reports/aggregate/mechanism_ablation_no_imitation_guide_123_124_125_126_127_128_macro_20260623b/metpair_claim_summary.json
{
  "complete_seeds": 6,
  "seed_gate_pass_count": 6,
  "learned_gate_pass_count": 6,
  "replay_gate_pass_count": 6,
  "behavior_gate_pass_count": 6,
  "learned_macro_positive_count": 6,
  "replay_macro_positive_count": 6,
  "macro_seed_positive_count": 6,
  "learned_macro_gate_count": 6,
  "replay_macro_gate_count": 6,
  "macro_seed_gate_count": 6,
  "mean_learned_margin_abs": 0.09265004935271774,
  "median_learned_margin_abs": 0.08472060186636543,
  "mean_replay_margin_abs_vs_static_reference": 0.09302299650600314,
  "median_replay_margin_abs_vs_static_reference": 0.1019381861351576,
  "mean_learned_macro_margin_abs": 0.0750494795879353,
  "median_learned_macro_margin_abs": 0.07287621514244319,
  "mean_learned_macro_margin_abs_vs_macro_static_reference": 0.06365663262759948,
  "median_learned_macro_margin_abs_vs_macro_static_reference": 0.06955665251484078,
  "mean_replay_macro_margin_abs_vs_static_reference": 0.07621955815796426,
  "median_replay_macro_margin_abs_vs_static_reference": 0.0828142237047822,
  "one_sided_sign_test_p_seed_gate": 0.015625,
  "one_sided_sign_test_p_macro_seed_positive": 0.015625,
  "one_sided_sign_test_p_macro_seed_gate": 0.015625,
  "claim_strength": "moderate_multiseed",
  "reason": ">=5 complete seeds with at least 80% full gate passes",
  "macro_claim_strength": "moderate_macro_multiseed",
  "macro_reason": ">=5 complete seeds with at least 80% macro gate passes"
}
 seed  complete  router_custom_ppo_loss  selected_static_loss                         macro_score_column  learned_margin_abs_vs_selected_static  replay_margin_abs_vs_static_reference  learned_macro_margin_abs_vs_selected_static  learned_macro_margin_abs_vs_macro_static_reference  replay_macro_margin_abs_vs_static_reference  macro_seed_positive_pass  macro_seed_gate_pass  behavior_gate_pass  seed_gate_pass
  123      True                1.347431              1.410518 oracle_loss_macro_subtype_event_staticnorm                               0.063087                               0.103216                                     0.059844                                            0.061246                                     0.087716                      True                  True                True            True
  124      True                1.390796              1.572748 oracle_loss_macro_subtype_event_staticnorm                               0.181953                               0.100948                                     0.092561                                            0.078064                                     0.090791                      True                  True                True            True
  125      True                1.164145              1.289761 oracle_loss_macro_subtype_event_staticnorm                               0.125615                               0.129090                                     0.124610                                            0.084875                                     0.084521                      True                  True                True            True
  126      True                1.624764              1.640568 oracle_loss_macro_subtype_event_staticnorm                               0.015804                               0.043558                                     0.040166                                            0.036527                                     0.050863                      True                  True                True            True
  127      True                1.376400              1.440203 oracle_loss_macro_subtype_event_staticnorm                               0.063803                               0.078397                                     0.047208                                            0.043361                                     0.062319                      True                  True                True            True
  128      True                1.468378              1.574016 oracle_loss_macro_subtype_event_staticnorm                               0.105638                               0.102929                                     0.085908                                            0.077867                                     0.081108                      True                  True                True            True
reports/aggregate/mechanism_ablation_no_imitation_guide_123_124_125_126_127_128_raw_macro_20260623b/metpair_seed_summary.csv
reports/aggregate/mechanism_ablation_no_imitation_guide_123_124_125_126_127_128_raw_macro_20260623b/metpair_claim_summary.json
{
  "complete_seeds": 6,
  "seed_gate_pass_count": 6,
  "learned_gate_pass_count": 6,
  "replay_gate_pass_count": 6,
  "behavior_gate_pass_count": 6,
  "learned_macro_positive_count": 5,
  "replay_macro_positive_count": 6,
  "macro_seed_positive_count": 5,
  "learned_macro_gate_count": 0,
  "replay_macro_gate_count": 6,
  "macro_seed_gate_count": 0,
  "mean_learned_margin_abs": 0.09265004935271774,
  "median_learned_margin_abs": 0.08472060186636543,
  "mean_replay_margin_abs_vs_static_reference": 0.09302299650600314,
  "median_replay_margin_abs_vs_static_reference": 0.1019381861351576,
  "mean_learned_macro_margin_abs": 0.20790989064383505,
  "median_learned_macro_margin_abs": 0.07851540957957359,
  "mean_learned_macro_margin_abs_vs_macro_static_reference": -1.1017565564717422,
  "median_learned_macro_margin_abs_vs_macro_static_reference": -1.0600319474093456,
  "mean_replay_macro_margin_abs_vs_static_reference": 0.07621955815796426,
  "median_replay_macro_margin_abs_vs_static_reference": 0.0828142237047822,
  "one_sided_sign_test_p_seed_gate": 0.015625,
  "one_sided_sign_test_p_macro_seed_positive": 0.109375,
  "one_sided_sign_test_p_macro_seed_gate": 1.0,
  "claim_strength": "moderate_multiseed",
  "reason": ">=5 complete seeds with at least 80% full gate passes",
  "macro_claim_strength": "macro_not_supported",
  "macro_reason": "macro seed-level gates are not consistently positive"
}
 seed  complete  router_custom_ppo_loss  selected_static_loss              macro_score_column  learned_margin_abs_vs_selected_static  replay_margin_abs_vs_static_reference  learned_macro_margin_abs_vs_selected_static  learned_macro_margin_abs_vs_macro_static_reference  replay_macro_margin_abs_vs_static_reference  macro_seed_positive_pass  macro_seed_gate_pass  behavior_gate_pass  seed_gate_pass
  123      True                1.347431              1.410518 oracle_loss_macro_subtype_event                               0.063087                               0.103216                                    -0.048964                                           -1.122433                                     0.087716                     False                 False                True            True
  124      True                1.390796              1.572748 oracle_loss_macro_subtype_event                               0.181953                               0.100948                                     0.527989                                           -1.350459                                     0.090791                      True                 False                True            True
  125      True                1.164145              1.289761 oracle_loss_macro_subtype_event                               0.125615                               0.129090                                     0.611078                                           -0.850931                                     0.084521                      True                 False                True            True
  126      True                1.624764              1.640568 oracle_loss_macro_subtype_event                               0.015804                               0.043558                                     0.000325                                           -1.295986                                     0.050863                      True                 False                True            True
  127      True                1.376400              1.440203 oracle_loss_macro_subtype_event                               0.063803                               0.078397                                     0.019485                                           -0.993099                                     0.062319                      True                 False                True            True
  128      True                1.468378              1.574016 oracle_loss_macro_subtype_event                               0.105638                               0.102929                                     0.137546                                           -0.997630                                     0.081108                      True                 False                True            True
reports/aggregate/mechanism_ablation_no_imitation_guide_123_124_125_126_127_128_oldclaim_20260623b/oldclaim_seed_summary.csv
reports/aggregate/mechanism_ablation_no_imitation_guide_123_124_125_126_127_128_oldclaim_20260623b/oldclaim_summary.json
{
  "complete_seeds": 6,
  "old_claim_step_gate_count": 6,
  "old_claim_macro_gate_count": 6,
  "behavior_eval_dirs": [
    "eval_router_conf05_mechablation_20260623b"
  ],
  "step_static_gate_count": 6,
  "step_rule_dynamic_gate_count": 6,
  "step_operational_gate_count": 6,
  "macro_static_gate_count": 6,
  "macro_rule_dynamic_gate_count": 6,
  "macro_operational_gate_count": 6,
  "replay_gate_count": 6,
  "replay_macro_gate_count": 6,
  "learned_replay_static_gate_count": 6,
  "learned_replay_macro_static_gate_count": 6,
  "learned_true_static_step_gate_count": 6,
  "learned_true_static_macro_gate_count": 6,
  "behavior_gate_count": 6,
  "mean_step_margin_vs_best_operational_baseline": 0.09265004935271774,
  "median_step_margin_vs_best_operational_baseline": 0.08472060186636543,
  "mean_macro_margin_vs_best_operational_baseline": 0.0750494795879353,
  "median_macro_margin_vs_best_operational_baseline": 0.07287621514244319,
  "one_sided_sign_test_p_old_claim_step_gate": 0.015625,
  "one_sided_sign_test_p_old_claim_macro_gate": 0.015625,
  "one_sided_sign_test_p_learned_true_static_step_gate": 0.015625,
  "one_sided_sign_test_p_learned_true_static_macro_gate": 0.015625,
  "claim_strength": "moderate_old_claim_step",
  "reason": ">=5 complete seeds with at least 80% old-claim step gates",
  "macro_claim_strength": "moderate_old_claim_macro",
  "macro_reason": ">=5 complete seeds with at least 80% old-claim macro gates"
}
 seed  complete  custom_ppo_loss  best_static_loss best_rule_dynamic_policy  best_rule_dynamic_loss  step_margin_vs_best_operational_baseline  step_margin_vs_replay_static_reference  macro_margin_vs_best_operational_baseline  macro_margin_vs_replay_static_reference  old_claim_step_gate_pass  old_claim_macro_gate_pass  learned_true_static_step_gate_pass  learned_true_static_macro_gate_pass
  123      True         1.347431          1.410518              round_robin                1.506035                                  0.063087                                0.066139                                   0.059844                                 0.061246                      True                       True                                True                                 True
  124      True         1.390796          1.572748                      aoi                1.647936                                  0.181953                                0.079367                                   0.092561                                 0.078064                      True                       True                                True                                 True
  125      True         1.164145          1.289761                      aoi                1.337940                                  0.125615                                0.122820                                   0.124610                                 0.084875                      True                       True                                True                                 True
  126      True         1.624764          1.640568              round_robin                1.918447                                  0.015804                                0.013522                                   0.040166                                 0.036527                      True                       True                                True                                 True
  127      True         1.376400          1.440203                      aoi                1.532780                                  0.063803                                0.059766                                   0.047208                                 0.043361                      True                       True                                True                                 True
  128      True         1.468378          1.574016                      aoi                1.755235                                  0.105638                                0.096869                                   0.085908                                 0.077867                      True                       True                                True                                 True
reports/aggregate/mechanism_ablation_no_imitation_guide_123_124_125_126_127_128_decision_audit_20260623b.json
reports/aggregate/mechanism_ablation_no_imitation_guide_123_124_125_126_127_128_decision_audit_20260623b.md
{
  "decision": "upgrade_allseed_strict",
  "rationale": "all pre-registered gates including strict true-static step pass",
  "recommendation": {
    "next_layer": "claim_update",
    "next_action": "Upgrade the final specialist-budget claim only after confirming every pre-registered aggregate and artifact is present.",
    "protocol_report": "reports/aggregate/pdppo_next_layer_pivot_designs_20260621.md"
  },
  "gates": {
    "complete_seeds": 6,
    "step_operational_gate_count": 6,
    "macro_operational_gate_count": 6,
    "replay_step_gate_count": 6,
    "replay_macro_gate_count": 6,
    "behavior_gate_count": 6,
    "true_static_macro_gate_count": 6,
    "true_static_step_strict_gate_count": 6,
    "true_static_step_positive_count": 6,
    "old_claim_step_gate_count": 6,
    "old_claim_macro_gate_count": 6
  },
  "failures": {
    "step_operational_fail_seeds": [],
    "macro_operational_fail_seeds": [],
    "replay_step_fail_seeds": [],
    "replay_macro_fail_seeds": [],
    "behavior_fail_seeds": [],
    "true_static_step_sign_fail_seeds": [],
    "true_static_step_strict_fail_seeds": [],
    "true_static_macro_fail_seeds": []
  }
}
scenebal1_router_reaudit_done date=2026-06-23T04:27:12+08:00 oldclaim_dir=reports/aggregate/mechanism_ablation_no_imitation_guide_123_124_125_126_127_128_oldclaim_20260623b decision=reports/aggregate/mechanism_ablation_no_imitation_guide_123_124_125_126_127_128_decision_audit_20260623b.json
mechanism_ablation_collect_done label=no_imitation_guide date=2026-06-23T04:27:12+08:00
mechanism_ablation_variant_train_start variant=no_regime_aux_path date=2026-06-23T04:27:12+08:00
mechanism_ablation_variant_train_done variant=no_regime_aux_path date=2026-06-23T04:46:06+08:00
mechanism_ablation_collect_start label=no_regime_aux_path date=2026-06-23T04:46:06+08:00
scenebal1_router_reaudit_start date=2026-06-23T04:46:06+08:00 seeds=123 124 125 126 127 128 router_conf=0.5 eval_dir=eval_router_conf05_mechablation_20260623b
reports/aggregate/mechanism_ablation_no_regime_aux_path_123_124_125_126_127_128_macro_20260623b/metpair_seed_summary.csv
reports/aggregate/mechanism_ablation_no_regime_aux_path_123_124_125_126_127_128_macro_20260623b/metpair_claim_summary.json
{
  "complete_seeds": 6,
  "seed_gate_pass_count": 5,
  "learned_gate_pass_count": 5,
  "replay_gate_pass_count": 6,
  "behavior_gate_pass_count": 6,
  "learned_macro_positive_count": 6,
  "replay_macro_positive_count": 6,
  "macro_seed_positive_count": 6,
  "learned_macro_gate_count": 6,
  "replay_macro_gate_count": 6,
  "macro_seed_gate_count": 6,
  "mean_learned_margin_abs": 0.06446553918522113,
  "median_learned_margin_abs": 0.08232335528214207,
  "mean_replay_margin_abs_vs_static_reference": 0.0895065867636428,
  "median_replay_margin_abs_vs_static_reference": 0.08820643441572429,
  "mean_learned_macro_margin_abs": 0.0613916740159323,
  "median_learned_macro_margin_abs": 0.06969848327444028,
  "mean_learned_macro_margin_abs_vs_macro_static_reference": 0.05487702288990487,
  "median_learned_macro_margin_abs_vs_macro_static_reference": 0.05404027896527569,
  "mean_replay_macro_margin_abs_vs_static_reference": 0.07517574267669798,
  "median_replay_macro_margin_abs_vs_static_reference": 0.07554762135563436,
  "one_sided_sign_test_p_seed_gate": 0.109375,
  "one_sided_sign_test_p_macro_seed_positive": 0.015625,
  "one_sided_sign_test_p_macro_seed_gate": 0.015625,
  "claim_strength": "moderate_multiseed",
  "reason": ">=5 complete seeds with at least 80% full gate passes",
  "macro_claim_strength": "moderate_macro_multiseed",
  "macro_reason": ">=5 complete seeds with at least 80% macro gate passes"
}
 seed  complete  router_custom_ppo_loss  selected_static_loss                         macro_score_column  learned_margin_abs_vs_selected_static  replay_margin_abs_vs_static_reference  learned_macro_margin_abs_vs_selected_static  learned_macro_margin_abs_vs_macro_static_reference  replay_macro_margin_abs_vs_static_reference  macro_seed_positive_pass  macro_seed_gate_pass  behavior_gate_pass  seed_gate_pass
  123      True                1.303093              1.411976 oracle_loss_macro_subtype_event_staticnorm                               0.108882                               0.129094                                     0.093390                                            0.099372                                     0.105806                      True                  True                True            True
  124      True                1.414316              1.565058 oracle_loss_macro_subtype_event_staticnorm                               0.150743                               0.082545                                     0.077669                                            0.068534                                     0.078963                      True                  True                True            True
  125      True                1.238032              1.302965 oracle_loss_macro_subtype_event_staticnorm                               0.064933                               0.093867                                     0.062091                                            0.039546                                     0.072132                      True                  True                True            True
  126      True                1.609294              1.630179 oracle_loss_macro_subtype_event_staticnorm                               0.020885                               0.047901                                     0.035126                                            0.033942                                     0.045074                      True                  True                True            True
  127      True                1.365389              1.465103 oracle_loss_macro_subtype_event_staticnorm                               0.099714                               0.110504                                     0.077306                                            0.075824                                     0.084467                      True                  True                True            True
  128      True                1.613227              1.554863 oracle_loss_macro_subtype_event_staticnorm                              -0.058364                               0.073128                                     0.022768                                            0.012045                                     0.064613                      True                  True                True           False
reports/aggregate/mechanism_ablation_no_regime_aux_path_123_124_125_126_127_128_raw_macro_20260623b/metpair_seed_summary.csv
reports/aggregate/mechanism_ablation_no_regime_aux_path_123_124_125_126_127_128_raw_macro_20260623b/metpair_claim_summary.json
{
  "complete_seeds": 6,
  "seed_gate_pass_count": 5,
  "learned_gate_pass_count": 5,
  "replay_gate_pass_count": 6,
  "behavior_gate_pass_count": 6,
  "learned_macro_positive_count": 5,
  "replay_macro_positive_count": 6,
  "macro_seed_positive_count": 5,
  "learned_macro_gate_count": 0,
  "replay_macro_gate_count": 6,
  "macro_seed_gate_count": 0,
  "mean_learned_margin_abs": 0.06446553918522113,
  "median_learned_margin_abs": 0.08232335528214207,
  "mean_replay_margin_abs_vs_static_reference": 0.0895065867636428,
  "median_replay_margin_abs_vs_static_reference": 0.08820643441572429,
  "mean_learned_macro_margin_abs": 0.13649063190237234,
  "median_learned_macro_margin_abs": 0.07922339719875449,
  "mean_learned_macro_margin_abs_vs_macro_static_reference": -1.1697215211813228,
  "median_learned_macro_margin_abs_vs_macro_static_reference": -1.1697699192739863,
  "mean_replay_macro_margin_abs_vs_static_reference": 0.07517574267669798,
  "median_replay_macro_margin_abs_vs_static_reference": 0.07554762135563436,
  "one_sided_sign_test_p_seed_gate": 0.109375,
  "one_sided_sign_test_p_macro_seed_positive": 0.109375,
  "one_sided_sign_test_p_macro_seed_gate": 1.0,
  "claim_strength": "moderate_multiseed",
  "reason": ">=5 complete seeds with at least 80% full gate passes",
  "macro_claim_strength": "macro_not_supported",
  "macro_reason": "macro seed-level gates are not consistently positive"
}
 seed  complete  router_custom_ppo_loss  selected_static_loss              macro_score_column  learned_margin_abs_vs_selected_static  replay_margin_abs_vs_static_reference  learned_macro_margin_abs_vs_selected_static  learned_macro_margin_abs_vs_macro_static_reference  replay_macro_margin_abs_vs_static_reference  macro_seed_positive_pass  macro_seed_gate_pass  behavior_gate_pass  seed_gate_pass
  123      True                1.303093              1.411976 oracle_loss_macro_subtype_event                               0.108882                               0.129094                                     0.049971                                           -1.039614                                     0.105806                      True                 False                True            True
  124      True                1.414316              1.565058 oracle_loss_macro_subtype_event                               0.150743                               0.082545                                     0.434583                                           -1.431101                                     0.078963                      True                 False                True            True
  125      True                1.238032              1.302965 oracle_loss_macro_subtype_event                               0.064933                               0.093867                                     0.375254                                           -1.084988                                     0.072132                      True                 False                True            True
  126      True                1.609294              1.630179 oracle_loss_macro_subtype_event                               0.020885                               0.047901                                     0.020352                                           -1.265093                                     0.045074                      True                 False                True            True
  127      True                1.365389              1.465103 oracle_loss_macro_subtype_event                               0.099714                               0.110504                                     0.108476                                           -0.942982                                     0.084467                      True                 False                True            True
  128      True                1.613227              1.554863 oracle_loss_macro_subtype_event                              -0.058364                               0.073128                                    -0.169691                                           -1.254552                                     0.064613                     False                 False                True           False
reports/aggregate/mechanism_ablation_no_regime_aux_path_123_124_125_126_127_128_oldclaim_20260623b/oldclaim_seed_summary.csv
reports/aggregate/mechanism_ablation_no_regime_aux_path_123_124_125_126_127_128_oldclaim_20260623b/oldclaim_summary.json
{
  "complete_seeds": 6,
  "old_claim_step_gate_count": 5,
  "old_claim_macro_gate_count": 6,
  "behavior_eval_dirs": [
    "eval_router_conf05_mechablation_20260623b"
  ],
  "step_static_gate_count": 5,
  "step_rule_dynamic_gate_count": 6,
  "step_operational_gate_count": 5,
  "macro_static_gate_count": 6,
  "macro_rule_dynamic_gate_count": 6,
  "macro_operational_gate_count": 6,
  "replay_gate_count": 6,
  "replay_macro_gate_count": 6,
  "learned_replay_static_gate_count": 5,
  "learned_replay_macro_static_gate_count": 6,
  "learned_true_static_step_gate_count": 5,
  "learned_true_static_macro_gate_count": 6,
  "behavior_gate_count": 6,
  "mean_step_margin_vs_best_operational_baseline": 0.06446553918522113,
  "median_step_margin_vs_best_operational_baseline": 0.08232335528214207,
  "mean_macro_margin_vs_best_operational_baseline": 0.0613916740159323,
  "median_macro_margin_vs_best_operational_baseline": 0.06969848327444028,
  "one_sided_sign_test_p_old_claim_step_gate": 0.109375,
  "one_sided_sign_test_p_old_claim_macro_gate": 0.015625,
  "one_sided_sign_test_p_learned_true_static_step_gate": 0.109375,
  "one_sided_sign_test_p_learned_true_static_macro_gate": 0.015625,
  "claim_strength": "moderate_old_claim_step",
  "reason": ">=5 complete seeds with at least 80% old-claim step gates",
  "macro_claim_strength": "moderate_old_claim_macro",
  "macro_reason": ">=5 complete seeds with at least 80% old-claim macro gates"
}
 seed  complete  custom_ppo_loss  best_static_loss best_rule_dynamic_policy  best_rule_dynamic_loss  step_margin_vs_best_operational_baseline  step_margin_vs_replay_static_reference  macro_margin_vs_best_operational_baseline  macro_margin_vs_replay_static_reference  old_claim_step_gate_pass  old_claim_macro_gate_pass  learned_true_static_step_gate_pass  learned_true_static_macro_gate_pass
  123      True         1.303093          1.411976                   random                1.486694                                  0.108882                                0.118737                                   0.093390                                 0.099372                      True                       True                                True                                 True
  124      True         1.414316          1.565058              round_robin                1.615551                                  0.150743                                0.059836                                   0.077669                                 0.068534                      True                       True                                True                                 True
  125      True         1.238032          1.302965                      aoi                1.352783                                  0.064933                                0.064094                                   0.062091                                 0.039546                      True                       True                                True                                 True
  126      True         1.609294          1.630179              round_robin                1.907595                                  0.020885                                0.019718                                   0.035126                                 0.033942                      True                       True                                True                                 True
  127      True         1.365389          1.465103              round_robin                1.539981                                  0.099714                                0.097692                                   0.077306                                 0.075824                      True                       True                                True                                 True
  128      True         1.613227          1.554863                      aoi                1.768108                                 -0.058364                               -0.062265                                   0.022768                                 0.012045                     False                       True                               False                                 True
reports/aggregate/mechanism_ablation_no_regime_aux_path_123_124_125_126_127_128_decision_audit_20260623b.json
reports/aggregate/mechanism_ablation_no_regime_aux_path_123_124_125_126_127_128_decision_audit_20260623b.md
{
  "decision": "pivot_true_static_step_sign_failure",
  "rationale": "PPO loses in sign to true fixed static on at least one seed",
  "recommendation": {
    "next_layer": "simulator/data generation",
    "next_action": "Start a bounded simulator/data-balance pilot on failing seeds plus a clean control seed while preserving PPO and the met-plus-one-specialist sensing premise.",
    "protocol_report": "reports/aggregate/pdppo_next_layer_pivot_designs_20260621.md"
  },
  "gates": {
    "complete_seeds": 6,
    "step_operational_gate_count": 5,
    "macro_operational_gate_count": 6,
    "replay_step_gate_count": 6,
    "replay_macro_gate_count": 6,
    "behavior_gate_count": 6,
    "true_static_macro_gate_count": 6,
    "true_static_step_strict_gate_count": 5,
    "true_static_step_positive_count": 5,
    "old_claim_step_gate_count": 5,
    "old_claim_macro_gate_count": 6
  },
  "failures": {
    "step_operational_fail_seeds": [
      128
    ],
    "macro_operational_fail_seeds": [],
    "replay_step_fail_seeds": [],
    "replay_macro_fail_seeds": [],
    "behavior_fail_seeds": [],
    "true_static_step_sign_fail_seeds": [
      128
    ],
    "true_static_step_strict_fail_seeds": [
      128
    ],
    "true_static_macro_fail_seeds": []
  }
}
scenebal1_router_reaudit_done date=2026-06-23T04:47:37+08:00 oldclaim_dir=reports/aggregate/mechanism_ablation_no_regime_aux_path_123_124_125_126_127_128_oldclaim_20260623b decision=reports/aggregate/mechanism_ablation_no_regime_aux_path_123_124_125_126_127_128_decision_audit_20260623b.json
mechanism_ablation_collect_done label=no_regime_aux_path date=2026-06-23T04:47:37+08:00
mechanism_ablation_variant_train_start variant=no_staticnorm_train date=2026-06-23T04:47:37+08:00
mechanism_ablation_variant_train_done variant=no_staticnorm_train date=2026-06-23T05:08:33+08:00
mechanism_ablation_collect_start label=no_staticnorm_train date=2026-06-23T05:08:33+08:00
scenebal1_router_reaudit_start date=2026-06-23T05:08:33+08:00 seeds=123 124 125 126 127 128 router_conf=0.5 eval_dir=eval_router_conf05_mechablation_20260623b
reports/aggregate/mechanism_ablation_no_staticnorm_train_123_124_125_126_127_128_macro_20260623b/metpair_seed_summary.csv
reports/aggregate/mechanism_ablation_no_staticnorm_train_123_124_125_126_127_128_macro_20260623b/metpair_claim_summary.json
{
  "complete_seeds": 6,
  "seed_gate_pass_count": 6,
  "learned_gate_pass_count": 6,
  "replay_gate_pass_count": 6,
  "behavior_gate_pass_count": 6,
  "learned_macro_positive_count": 6,
  "replay_macro_positive_count": 6,
  "macro_seed_positive_count": 6,
  "learned_macro_gate_count": 6,
  "replay_macro_gate_count": 6,
  "macro_seed_gate_count": 6,
  "mean_learned_margin_abs": 0.09061168155312771,
  "median_learned_margin_abs": 0.07247856485673765,
  "mean_replay_margin_abs_vs_static_reference": 0.08552529657292023,
  "median_replay_margin_abs_vs_static_reference": 0.09561596448997989,
  "mean_learned_macro_margin_abs": 0.06623415467181502,
  "median_learned_macro_margin_abs": 0.0709648517947718,
  "mean_learned_macro_margin_abs_vs_macro_static_reference": 0.06164317245944919,
  "median_learned_macro_margin_abs_vs_macro_static_reference": 0.06876024232277467,
  "mean_replay_macro_margin_abs_vs_static_reference": 0.06936502492589651,
  "median_replay_macro_margin_abs_vs_static_reference": 0.06931967969935471,
  "one_sided_sign_test_p_seed_gate": 0.015625,
  "one_sided_sign_test_p_macro_seed_positive": 0.015625,
  "one_sided_sign_test_p_macro_seed_gate": 0.015625,
  "claim_strength": "moderate_multiseed",
  "reason": ">=5 complete seeds with at least 80% full gate passes",
  "macro_claim_strength": "moderate_macro_multiseed",
  "macro_reason": ">=5 complete seeds with at least 80% macro gate passes"
}
 seed  complete  router_custom_ppo_loss  selected_static_loss                         macro_score_column  learned_margin_abs_vs_selected_static  replay_margin_abs_vs_static_reference  learned_macro_margin_abs_vs_selected_static  learned_macro_margin_abs_vs_macro_static_reference  replay_macro_margin_abs_vs_static_reference  macro_seed_positive_pass  macro_seed_gate_pass  behavior_gate_pass  seed_gate_pass
  123      True                1.341544              1.415676 oracle_loss_macro_subtype_event_staticnorm                               0.074131                               0.105959                                     0.071176                                            0.073966                                     0.092613                      True                  True                True            True
  124      True                1.382528              1.570162 oracle_loss_macro_subtype_event_staticnorm                               0.187634                               0.099715                                     0.093516                                            0.081904                                     0.091095                      True                  True                True            True
  125      True                1.233192              1.301928 oracle_loss_macro_subtype_event_staticnorm                               0.068736                               0.091517                                     0.028209                                            0.028947                                     0.043157                      True                  True                True            True
  126      True                1.589922              1.627276 oracle_loss_macro_subtype_event_staticnorm                               0.037354                               0.039010                                     0.055156                                            0.047522                                     0.050686                      True                  True                True            True
  127      True                1.343058              1.448048 oracle_loss_macro_subtype_event_staticnorm                               0.104990                               0.104027                                     0.070754                                            0.067709                                     0.068679                      True                  True                True            True
  128      True                1.486230              1.557056 oracle_loss_macro_subtype_event_staticnorm                               0.070826                               0.072924                                     0.078595                                            0.069811                                     0.069960                      True                  True                True            True
reports/aggregate/mechanism_ablation_no_staticnorm_train_123_124_125_126_127_128_raw_macro_20260623b/metpair_seed_summary.csv
reports/aggregate/mechanism_ablation_no_staticnorm_train_123_124_125_126_127_128_raw_macro_20260623b/metpair_claim_summary.json
{
  "complete_seeds": 6,
  "seed_gate_pass_count": 6,
  "learned_gate_pass_count": 6,
  "replay_gate_pass_count": 6,
  "behavior_gate_pass_count": 6,
  "learned_macro_positive_count": 5,
  "replay_macro_positive_count": 6,
  "macro_seed_positive_count": 5,
  "learned_macro_gate_count": 0,
  "replay_macro_gate_count": 6,
  "macro_seed_gate_count": 0,
  "mean_learned_margin_abs": 0.09061168155312771,
  "median_learned_margin_abs": 0.07247856485673765,
  "mean_replay_margin_abs_vs_static_reference": 0.08552529657292023,
  "median_replay_margin_abs_vs_static_reference": 0.09561596448997989,
  "mean_learned_macro_margin_abs": 0.12627952357381542,
  "median_learned_macro_margin_abs": 0.06420335199713922,
  "mean_learned_macro_margin_abs_vs_macro_static_reference": -1.1048989083820764,
  "median_learned_macro_margin_abs_vs_macro_static_reference": -1.0818383192671324,
  "mean_replay_macro_margin_abs_vs_static_reference": 0.06936502492589651,
  "median_replay_macro_margin_abs_vs_static_reference": 0.06931967969935471,
  "one_sided_sign_test_p_seed_gate": 0.015625,
  "one_sided_sign_test_p_macro_seed_positive": 0.109375,
  "one_sided_sign_test_p_macro_seed_gate": 1.0,
  "claim_strength": "moderate_multiseed",
  "reason": ">=5 complete seeds with at least 80% full gate passes",
  "macro_claim_strength": "macro_not_supported",
  "macro_reason": "macro seed-level gates are not consistently positive"
}
 seed  complete  router_custom_ppo_loss  selected_static_loss              macro_score_column  learned_margin_abs_vs_selected_static  replay_margin_abs_vs_static_reference  learned_macro_margin_abs_vs_selected_static  learned_macro_margin_abs_vs_macro_static_reference  replay_macro_margin_abs_vs_static_reference  macro_seed_positive_pass  macro_seed_gate_pass  behavior_gate_pass  seed_gate_pass
  123      True                1.341544              1.415676 oracle_loss_macro_subtype_event                               0.074131                               0.105959                                    -0.033392                                           -1.146222                                     0.092613                     False                 False                True            True
  124      True                1.382528              1.570162 oracle_loss_macro_subtype_event                               0.187634                               0.099715                                     0.557347                                           -1.319096                                     0.091095                      True                 False                True            True
  125      True                1.233192              1.301928 oracle_loss_macro_subtype_event                               0.068736                               0.091517                                     0.008223                                           -1.017455                                     0.043157                      True                 False                True            True
  126      True                1.589922              1.627276 oracle_loss_macro_subtype_event                               0.037354                               0.039010                                     0.034434                                           -1.248206                                     0.050686                      True                 False                True            True
  127      True                1.343058              1.448048 oracle_loss_macro_subtype_event                               0.104990                               0.104027                                     0.097092                                           -0.906798                                     0.068679                      True                 False                True            True
  128      True                1.486230              1.557056 oracle_loss_macro_subtype_event                               0.070826                               0.072924                                     0.093973                                           -0.991616                                     0.069960                      True                 False                True            True
reports/aggregate/mechanism_ablation_no_staticnorm_train_123_124_125_126_127_128_oldclaim_20260623b/oldclaim_seed_summary.csv
reports/aggregate/mechanism_ablation_no_staticnorm_train_123_124_125_126_127_128_oldclaim_20260623b/oldclaim_summary.json
{
  "complete_seeds": 6,
  "old_claim_step_gate_count": 6,
  "old_claim_macro_gate_count": 6,
  "behavior_eval_dirs": [
    "eval_router_conf05_mechablation_20260623b"
  ],
  "step_static_gate_count": 6,
  "step_rule_dynamic_gate_count": 6,
  "step_operational_gate_count": 6,
  "macro_static_gate_count": 6,
  "macro_rule_dynamic_gate_count": 6,
  "macro_operational_gate_count": 6,
  "replay_gate_count": 6,
  "replay_macro_gate_count": 6,
  "learned_replay_static_gate_count": 6,
  "learned_replay_macro_static_gate_count": 6,
  "learned_true_static_step_gate_count": 6,
  "learned_true_static_macro_gate_count": 6,
  "behavior_gate_count": 6,
  "mean_step_margin_vs_best_operational_baseline": 0.09061168155312771,
  "median_step_margin_vs_best_operational_baseline": 0.07247856485673765,
  "mean_macro_margin_vs_best_operational_baseline": 0.06623415467181502,
  "median_macro_margin_vs_best_operational_baseline": 0.0709648517947718,
  "one_sided_sign_test_p_old_claim_step_gate": 0.015625,
  "one_sided_sign_test_p_old_claim_macro_gate": 0.015625,
  "one_sided_sign_test_p_learned_true_static_step_gate": 0.015625,
  "one_sided_sign_test_p_learned_true_static_macro_gate": 0.015625,
  "claim_strength": "moderate_old_claim_step",
  "reason": ">=5 complete seeds with at least 80% old-claim step gates",
  "macro_claim_strength": "moderate_old_claim_macro",
  "macro_reason": ">=5 complete seeds with at least 80% old-claim macro gates"
}
 seed  complete  custom_ppo_loss  best_static_loss best_rule_dynamic_policy  best_rule_dynamic_loss  step_margin_vs_best_operational_baseline  step_margin_vs_replay_static_reference  macro_margin_vs_best_operational_baseline  macro_margin_vs_replay_static_reference  old_claim_step_gate_pass  old_claim_macro_gate_pass  learned_true_static_step_gate_pass  learned_true_static_macro_gate_pass
  123      True         1.341544          1.415676              round_robin                1.497130                                  0.074131                                0.079203                                   0.071176                                 0.073966                      True                       True                                True                                 True
  124      True         1.382528          1.570162              round_robin                1.608013                                  0.187634                                0.089746                                   0.093516                                 0.081904                      True                       True                                True                                 True
  125      True         1.233192          1.301928              round_robin                1.352890                                  0.068736                                0.067761                                   0.028209                                 0.028947                      True                       True                                True                                 True
  126      True         1.589922          1.627276              round_robin                1.942585                                  0.037354                                0.027885                                   0.055156                                 0.047522                      True                       True                                True                                 True
  127      True         1.343058          1.448048                      aoi                1.526928                                  0.104990                                0.100796                                   0.070754                                 0.067709                      True                       True                                True                                 True
  128      True         1.486230          1.557056                      aoi                1.771040                                  0.070826                                0.069271                                   0.078595                                 0.069811                      True                       True                                True                                 True
reports/aggregate/mechanism_ablation_no_staticnorm_train_123_124_125_126_127_128_decision_audit_20260623b.json
reports/aggregate/mechanism_ablation_no_staticnorm_train_123_124_125_126_127_128_decision_audit_20260623b.md
{
  "decision": "upgrade_allseed_strict",
  "rationale": "all pre-registered gates including strict true-static step pass",
  "recommendation": {
    "next_layer": "claim_update",
    "next_action": "Upgrade the final specialist-budget claim only after confirming every pre-registered aggregate and artifact is present.",
    "protocol_report": "reports/aggregate/pdppo_next_layer_pivot_designs_20260621.md"
  },
  "gates": {
    "complete_seeds": 6,
    "step_operational_gate_count": 6,
    "macro_operational_gate_count": 6,
    "replay_step_gate_count": 6,
    "replay_macro_gate_count": 6,
    "behavior_gate_count": 6,
    "true_static_macro_gate_count": 6,
    "true_static_step_strict_gate_count": 6,
    "true_static_step_positive_count": 6,
    "old_claim_step_gate_count": 6,
    "old_claim_macro_gate_count": 6
  },
  "failures": {
    "step_operational_fail_seeds": [],
    "macro_operational_fail_seeds": [],
    "replay_step_fail_seeds": [],
    "replay_macro_fail_seeds": [],
    "behavior_fail_seeds": [],
    "true_static_step_sign_fail_seeds": [],
    "true_static_step_strict_fail_seeds": [],
    "true_static_macro_fail_seeds": []
  }
}
scenebal1_router_reaudit_done date=2026-06-23T05:10:08+08:00 oldclaim_dir=reports/aggregate/mechanism_ablation_no_staticnorm_train_123_124_125_126_127_128_oldclaim_20260623b decision=reports/aggregate/mechanism_ablation_no_staticnorm_train_123_124_125_126_127_128_decision_audit_20260623b.json
mechanism_ablation_collect_done label=no_staticnorm_train date=2026-06-23T05:10:08+08:00
mechanism_ablation_collect_start label=full_reference date=2026-06-23T05:10:08+08:00
scenebal1_router_reaudit_start date=2026-06-23T05:10:08+08:00 seeds=123 124 125 126 127 128 router_conf=0.5 eval_dir=eval_router_conf05_mechablation_20260623b
reports/aggregate/mechanism_ablation_full_reference_123_124_125_126_127_128_macro_20260623b/metpair_seed_summary.csv
reports/aggregate/mechanism_ablation_full_reference_123_124_125_126_127_128_macro_20260623b/metpair_claim_summary.json
{
  "complete_seeds": 6,
  "seed_gate_pass_count": 6,
  "learned_gate_pass_count": 6,
  "replay_gate_pass_count": 6,
  "behavior_gate_pass_count": 6,
  "learned_macro_positive_count": 6,
  "replay_macro_positive_count": 6,
  "macro_seed_positive_count": 6,
  "learned_macro_gate_count": 6,
  "replay_macro_gate_count": 6,
  "macro_seed_gate_count": 6,
  "mean_learned_margin_abs": 0.09655622518956379,
  "median_learned_margin_abs": 0.09122855658847584,
  "mean_replay_margin_abs_vs_static_reference": 0.08660248102387413,
  "median_replay_margin_abs_vs_static_reference": 0.09154519409025852,
  "mean_learned_macro_margin_abs": 0.07610552152359651,
  "median_learned_macro_margin_abs": 0.07850835892756247,
  "mean_learned_macro_margin_abs_vs_macro_static_reference": 0.06385763985547249,
  "median_learned_macro_margin_abs_vs_macro_static_reference": 0.05937612786832053,
  "mean_replay_macro_margin_abs_vs_static_reference": 0.06954931923754669,
  "median_replay_macro_margin_abs_vs_static_reference": 0.06465469606632146,
  "one_sided_sign_test_p_seed_gate": 0.015625,
  "one_sided_sign_test_p_macro_seed_positive": 0.015625,
  "one_sided_sign_test_p_macro_seed_gate": 0.015625,
  "claim_strength": "moderate_multiseed",
  "reason": ">=5 complete seeds with at least 80% full gate passes",
  "macro_claim_strength": "moderate_macro_multiseed",
  "macro_reason": ">=5 complete seeds with at least 80% macro gate passes"
}
 seed  complete  router_custom_ppo_loss  selected_static_loss                         macro_score_column  learned_margin_abs_vs_selected_static  replay_margin_abs_vs_static_reference  learned_macro_margin_abs_vs_selected_static  learned_macro_margin_abs_vs_macro_static_reference  replay_macro_margin_abs_vs_static_reference  macro_seed_positive_pass  macro_seed_gate_pass  behavior_gate_pass  seed_gate_pass
  123      True                1.303559              1.404986 oracle_loss_macro_subtype_event_staticnorm                               0.101427                               0.107977                                     0.092039                                            0.093323                                     0.094096                      True                  True                True            True
  124      True                1.370659              1.562029 oracle_loss_macro_subtype_event_staticnorm                               0.191370                               0.099931                                     0.098261                                            0.079914                                     0.084629                      True                  True                True            True
  125      True                1.199128              1.300433 oracle_loss_macro_subtype_event_staticnorm                               0.101305                               0.109040                                     0.093039                                            0.049079                                     0.065541                      True                  True                True            True
  126      True                1.615862              1.665635 oracle_loss_macro_subtype_event_staticnorm                               0.049773                               0.057735                                     0.064978                                            0.060286                                     0.063768                      True                  True                True            True
  127      True                1.345055              1.426208 oracle_loss_macro_subtype_event_staticnorm                               0.081153                               0.083160                                     0.059617                                            0.058467                                     0.059420                      True                  True                True            True
  128      True                1.475099              1.529410 oracle_loss_macro_subtype_event_staticnorm                               0.054310                               0.061774                                     0.048699                                            0.042077                                     0.049841                      True                  True                True            True
reports/aggregate/mechanism_ablation_full_reference_123_124_125_126_127_128_raw_macro_20260623b/metpair_seed_summary.csv
reports/aggregate/mechanism_ablation_full_reference_123_124_125_126_127_128_raw_macro_20260623b/metpair_claim_summary.json
{
  "complete_seeds": 6,
  "seed_gate_pass_count": 6,
  "learned_gate_pass_count": 6,
  "replay_gate_pass_count": 6,
  "behavior_gate_pass_count": 6,
  "learned_macro_positive_count": 6,
  "replay_macro_positive_count": 6,
  "macro_seed_positive_count": 6,
  "learned_macro_gate_count": 0,
  "replay_macro_gate_count": 6,
  "macro_seed_gate_count": 0,
  "mean_learned_margin_abs": 0.09655622518956379,
  "median_learned_margin_abs": 0.09122855658847584,
  "mean_replay_margin_abs_vs_static_reference": 0.08660248102387413,
  "median_replay_margin_abs_vs_static_reference": 0.09154519409025852,
  "mean_learned_macro_margin_abs": 0.21929809429734093,
  "median_learned_macro_margin_abs": 0.06607632391962481,
  "mean_learned_macro_margin_abs_vs_macro_static_reference": -1.0762601652343393,
  "median_learned_macro_margin_abs_vs_macro_static_reference": -1.0064757124807207,
  "mean_replay_macro_margin_abs_vs_static_reference": 0.06954931923754669,
  "median_replay_macro_margin_abs_vs_static_reference": 0.06465469606632146,
  "one_sided_sign_test_p_seed_gate": 0.015625,
  "one_sided_sign_test_p_macro_seed_positive": 0.015625,
  "one_sided_sign_test_p_macro_seed_gate": 1.0,
  "claim_strength": "moderate_multiseed",
  "reason": ">=5 complete seeds with at least 80% full gate passes",
  "macro_claim_strength": "macro_not_supported",
  "macro_reason": "macro seed-level gates are not consistently positive"
}
 seed  complete  router_custom_ppo_loss  selected_static_loss              macro_score_column  learned_margin_abs_vs_selected_static  replay_margin_abs_vs_static_reference  learned_macro_margin_abs_vs_selected_static  learned_macro_margin_abs_vs_macro_static_reference  replay_macro_margin_abs_vs_static_reference  macro_seed_positive_pass  macro_seed_gate_pass  behavior_gate_pass  seed_gate_pass
  123      True                1.303559              1.404986 oracle_loss_macro_subtype_event                               0.101427                               0.107977                                     0.037141                                           -1.036721                                     0.094096                      True                 False                True            True
  124      True                1.370659              1.562029 oracle_loss_macro_subtype_event                               0.191370                               0.099931                                     0.539186                                           -1.321037                                     0.084629                      True                 False                True            True
  125      True                1.199128              1.300433 oracle_loss_macro_subtype_event                               0.101305                               0.109040                                     0.551387                                           -0.932384                                     0.065541                      True                 False                True            True
  126      True                1.615862              1.665635 oracle_loss_macro_subtype_event                               0.049773                               0.057735                                     0.060011                                           -1.271117                                     0.063768                      True                 False                True            True
  127      True                1.345055              1.426208 oracle_loss_macro_subtype_event                               0.081153                               0.083160                                     0.072141                                           -0.920072                                     0.059420                      True                 False                True            True
  128      True                1.475099              1.529410 oracle_loss_macro_subtype_event                               0.054310                               0.061774                                     0.055922                                           -0.976231                                     0.049841                      True                 False                True            True
reports/aggregate/mechanism_ablation_full_reference_123_124_125_126_127_128_oldclaim_20260623b/oldclaim_seed_summary.csv
reports/aggregate/mechanism_ablation_full_reference_123_124_125_126_127_128_oldclaim_20260623b/oldclaim_summary.json
{
  "complete_seeds": 6,
  "old_claim_step_gate_count": 6,
  "old_claim_macro_gate_count": 6,
  "behavior_eval_dirs": [
    "eval_router_conf05_mechablation_20260623b"
  ],
  "step_static_gate_count": 6,
  "step_rule_dynamic_gate_count": 6,
  "step_operational_gate_count": 6,
  "macro_static_gate_count": 6,
  "macro_rule_dynamic_gate_count": 6,
  "macro_operational_gate_count": 6,
  "replay_gate_count": 6,
  "replay_macro_gate_count": 6,
  "learned_replay_static_gate_count": 6,
  "learned_replay_macro_static_gate_count": 6,
  "learned_true_static_step_gate_count": 6,
  "learned_true_static_macro_gate_count": 6,
  "behavior_gate_count": 6,
  "mean_step_margin_vs_best_operational_baseline": 0.09655622518956379,
  "median_step_margin_vs_best_operational_baseline": 0.09122855658847584,
  "mean_macro_margin_vs_best_operational_baseline": 0.07610552152359651,
  "median_macro_margin_vs_best_operational_baseline": 0.07850835892756247,
  "one_sided_sign_test_p_old_claim_step_gate": 0.015625,
  "one_sided_sign_test_p_old_claim_macro_gate": 0.015625,
  "one_sided_sign_test_p_learned_true_static_step_gate": 0.015625,
  "one_sided_sign_test_p_learned_true_static_macro_gate": 0.015625,
  "claim_strength": "moderate_old_claim_step",
  "reason": ">=5 complete seeds with at least 80% old-claim step gates",
  "macro_claim_strength": "moderate_old_claim_macro",
  "macro_reason": ">=5 complete seeds with at least 80% old-claim macro gates"
}
 seed  complete  custom_ppo_loss  best_static_loss best_rule_dynamic_policy  best_rule_dynamic_loss  step_margin_vs_best_operational_baseline  step_margin_vs_replay_static_reference  macro_margin_vs_best_operational_baseline  macro_margin_vs_replay_static_reference  old_claim_step_gate_pass  old_claim_macro_gate_pass  learned_true_static_step_gate_pass  learned_true_static_macro_gate_pass
  123      True         1.303559          1.404986                   random                1.498609                                  0.101427                                0.105145                                   0.092039                                 0.093323                      True                       True                                True                                 True
  124      True         1.370659          1.562029              round_robin                1.600775                                  0.191370                                0.087903                                   0.098261                                 0.079914                      True                       True                                True                                 True
  125      True         1.199128          1.300433              round_robin                1.343032                                  0.101305                                0.098775                                   0.093039                                 0.049079                      True                       True                                True                                 True
  126      True         1.615862          1.665635              round_robin                1.966973                                  0.049773                                0.048874                                   0.064978                                 0.060286                      True                       True                                True                                 True
  127      True         1.345055          1.426208              round_robin                1.542996                                  0.081153                                0.079565                                   0.059617                                 0.058467                      True                       True                                True                                 True
  128      True         1.475099          1.529410                      aoi                1.773506                                  0.054310                                0.053172                                   0.048699                                 0.042077                      True                       True                                True                                 True
reports/aggregate/mechanism_ablation_full_reference_123_124_125_126_127_128_decision_audit_20260623b.json
reports/aggregate/mechanism_ablation_full_reference_123_124_125_126_127_128_decision_audit_20260623b.md
{
  "decision": "upgrade_allseed_strict",
  "rationale": "all pre-registered gates including strict true-static step pass",
  "recommendation": {
    "next_layer": "claim_update",
    "next_action": "Upgrade the final specialist-budget claim only after confirming every pre-registered aggregate and artifact is present.",
    "protocol_report": "reports/aggregate/pdppo_next_layer_pivot_designs_20260621.md"
  },
  "gates": {
    "complete_seeds": 6,
    "step_operational_gate_count": 6,
    "macro_operational_gate_count": 6,
    "replay_step_gate_count": 6,
    "replay_macro_gate_count": 6,
    "behavior_gate_count": 6,
    "true_static_macro_gate_count": 6,
    "true_static_step_strict_gate_count": 6,
    "true_static_step_positive_count": 6,
    "old_claim_step_gate_count": 6,
    "old_claim_macro_gate_count": 6
  },
  "failures": {
    "step_operational_fail_seeds": [],
    "macro_operational_fail_seeds": [],
    "replay_step_fail_seeds": [],
    "replay_macro_fail_seeds": [],
    "behavior_fail_seeds": [],
    "true_static_step_sign_fail_seeds": [],
    "true_static_step_strict_fail_seeds": [],
    "true_static_macro_fail_seeds": []
  }
}
scenebal1_router_reaudit_done date=2026-06-23T05:11:43+08:00 oldclaim_dir=reports/aggregate/mechanism_ablation_full_reference_123_124_125_126_127_128_oldclaim_20260623b decision=reports/aggregate/mechanism_ablation_full_reference_123_124_125_126_127_128_decision_audit_20260623b.json
mechanism_ablation_collect_done label=full_reference date=2026-06-23T05:11:43+08:00
wrote reports/aggregate/mechanism_ablation_pilot_123_124_125_126_127_128_20260623b/mechanism_ablation_summary.csv
wrote reports/aggregate/mechanism_ablation_pilot_123_124_125_126_127_128_20260623b/mechanism_ablation_summary.json
wrote reports/aggregate/mechanism_ablation_pilot_123_124_125_126_127_128_20260623b/mechanism_ablation_summary.md
mechanism_ablation_done date=2026-06-23T05:11:44+08:00 out_dir=reports/aggregate/mechanism_ablation_pilot_123_124_125_126_127_128_20260623b
BATCH_DONE 2026-06-23T05:11:44+08:00 seeds=123 124 125 126 127 128
BATCH_START 2026-06-23T05:11:44+08:00 seeds=129 130 131 132 133 134
mechanism_ablation_start date=2026-06-23T05:11:44+08:00 seeds=129 130 131 132 133 134 router_conf=0.5
mechanism_ablation_variant_train_start variant=no_imitation_guide date=2026-06-23T05:11:44+08:00
mechanism_ablation_variant_train_done variant=no_imitation_guide date=2026-06-23T05:32:52+08:00
mechanism_ablation_collect_start label=no_imitation_guide date=2026-06-23T05:32:52+08:00
scenebal1_router_reaudit_start date=2026-06-23T05:32:52+08:00 seeds=129 130 131 132 133 134 router_conf=0.5 eval_dir=eval_router_conf05_mechablation_20260623b
reports/aggregate/mechanism_ablation_no_imitation_guide_129_130_131_132_133_134_macro_20260623b/metpair_seed_summary.csv
reports/aggregate/mechanism_ablation_no_imitation_guide_129_130_131_132_133_134_macro_20260623b/metpair_claim_summary.json
{
  "complete_seeds": 6,
  "seed_gate_pass_count": 6,
  "learned_gate_pass_count": 6,
  "replay_gate_pass_count": 6,
  "behavior_gate_pass_count": 6,
  "learned_macro_positive_count": 6,
  "replay_macro_positive_count": 6,
  "macro_seed_positive_count": 6,
  "learned_macro_gate_count": 6,
  "replay_macro_gate_count": 6,
  "macro_seed_gate_count": 6,
  "mean_learned_margin_abs": 0.15726869602660073,
  "median_learned_margin_abs": 0.15444967561415968,
  "mean_replay_margin_abs_vs_static_reference": 0.09315639803761162,
  "median_replay_margin_abs_vs_static_reference": 0.08279341752836444,
  "mean_learned_macro_margin_abs": 0.08272977996315939,
  "median_learned_macro_margin_abs": 0.07842360359412415,
  "mean_learned_macro_margin_abs_vs_macro_static_reference": 0.06490285726652922,
  "median_learned_macro_margin_abs_vs_macro_static_reference": 0.06589710637217622,
  "mean_replay_macro_margin_abs_vs_static_reference": 0.07759288544544057,
  "median_replay_macro_margin_abs_vs_static_reference": 0.07069970743347753,
  "one_sided_sign_test_p_seed_gate": 0.015625,
  "one_sided_sign_test_p_macro_seed_positive": 0.015625,
  "one_sided_sign_test_p_macro_seed_gate": 0.015625,
  "claim_strength": "moderate_multiseed",
  "reason": ">=5 complete seeds with at least 80% full gate passes",
  "macro_claim_strength": "moderate_macro_multiseed",
  "macro_reason": ">=5 complete seeds with at least 80% macro gate passes"
}
 seed  complete  router_custom_ppo_loss  selected_static_loss                         macro_score_column  learned_margin_abs_vs_selected_static  replay_margin_abs_vs_static_reference  learned_macro_margin_abs_vs_selected_static  learned_macro_margin_abs_vs_macro_static_reference  replay_macro_margin_abs_vs_static_reference  macro_seed_positive_pass  macro_seed_gate_pass  behavior_gate_pass  seed_gate_pass
  129      True                1.467628              1.643964 oracle_loss_macro_subtype_event_staticnorm                               0.176336                               0.122964                                     0.063007                                            0.024467                                     0.045190                      True                  True                True            True
  130      True                1.443052              1.689054 oracle_loss_macro_subtype_event_staticnorm                               0.246002                               0.080769                                     0.080643                                            0.077715                                     0.105574                      True                  True                True            True
  131      True                1.472286              1.513859 oracle_loss_macro_subtype_event_staticnorm                               0.041573                               0.069512                                     0.076204                                            0.066423                                     0.069652                      True                  True                True            True
  132      True                1.268493              1.401055 oracle_loss_macro_subtype_event_staticnorm                               0.132563                               0.122751                                     0.067280                                            0.065371                                     0.068333                      True                  True                True            True
  133      True                1.492903              1.768529 oracle_loss_macro_subtype_event_staticnorm                               0.275626                               0.078124                                     0.089989                                            0.060344                                     0.071747                      True                  True                True            True
  134      True                1.532214              1.603726 oracle_loss_macro_subtype_event_staticnorm                               0.071512                               0.084818                                     0.119255                                            0.095097                                     0.105061                      True                  True                True            True
reports/aggregate/mechanism_ablation_no_imitation_guide_129_130_131_132_133_134_raw_macro_20260623b/metpair_seed_summary.csv
reports/aggregate/mechanism_ablation_no_imitation_guide_129_130_131_132_133_134_raw_macro_20260623b/metpair_claim_summary.json
{
  "complete_seeds": 6,
  "seed_gate_pass_count": 6,
  "learned_gate_pass_count": 6,
  "replay_gate_pass_count": 6,
  "behavior_gate_pass_count": 6,
  "learned_macro_positive_count": 6,
  "replay_macro_positive_count": 6,
  "macro_seed_positive_count": 6,
  "learned_macro_gate_count": 0,
  "replay_macro_gate_count": 6,
  "macro_seed_gate_count": 0,
  "mean_learned_margin_abs": 0.15726869602660073,
  "median_learned_margin_abs": 0.15444967561415968,
  "mean_replay_margin_abs_vs_static_reference": 0.09315639803761162,
  "median_replay_margin_abs_vs_static_reference": 0.08279341752836444,
  "mean_learned_macro_margin_abs": 0.2777596267066467,
  "median_learned_macro_margin_abs": 0.2619472913624856,
  "mean_learned_macro_margin_abs_vs_macro_static_reference": -1.1863516015001594,
  "median_learned_macro_margin_abs_vs_macro_static_reference": -1.23314360344091,
  "mean_replay_macro_margin_abs_vs_static_reference": 0.07759288544544057,
  "median_replay_macro_margin_abs_vs_static_reference": 0.07069970743347753,
  "one_sided_sign_test_p_seed_gate": 0.015625,
  "one_sided_sign_test_p_macro_seed_positive": 0.015625,
  "one_sided_sign_test_p_macro_seed_gate": 1.0,
  "claim_strength": "moderate_multiseed",
  "reason": ">=5 complete seeds with at least 80% full gate passes",
  "macro_claim_strength": "macro_not_supported",
  "macro_reason": "macro seed-level gates are not consistently positive"
}
 seed  complete  router_custom_ppo_loss  selected_static_loss              macro_score_column  learned_margin_abs_vs_selected_static  replay_margin_abs_vs_static_reference  learned_macro_margin_abs_vs_selected_static  learned_macro_margin_abs_vs_macro_static_reference  replay_macro_margin_abs_vs_static_reference  macro_seed_positive_pass  macro_seed_gate_pass  behavior_gate_pass  seed_gate_pass
  129      True                1.467628              1.643964 oracle_loss_macro_subtype_event                               0.176336                               0.122964                                     0.067247                                           -1.288018                                     0.045190                      True                 False                True            True
  130      True                1.443052              1.689054 oracle_loss_macro_subtype_event                               0.246002                               0.080769                                     0.524743                                           -1.134937                                     0.105574                      True                 False                True            True
  131      True                1.472286              1.513859 oracle_loss_macro_subtype_event                               0.041573                               0.069512                                     0.021163                                           -1.304668                                     0.069652                      True                 False                True            True
  132      True                1.268493              1.401055 oracle_loss_macro_subtype_event                               0.132563                               0.122751                                     0.456648                                           -1.256979                                     0.068333                      True                 False                True            True
  133      True                1.492903              1.768529 oracle_loss_macro_subtype_event                               0.275626                               0.078124                                     0.533902                                           -1.209308                                     0.071747                      True                 False                True            True
  134      True                1.532214              1.603726 oracle_loss_macro_subtype_event                               0.071512                               0.084818                                     0.062855                                           -0.924200                                     0.105061                      True                 False                True            True
reports/aggregate/mechanism_ablation_no_imitation_guide_129_130_131_132_133_134_oldclaim_20260623b/oldclaim_seed_summary.csv
reports/aggregate/mechanism_ablation_no_imitation_guide_129_130_131_132_133_134_oldclaim_20260623b/oldclaim_summary.json
{
  "complete_seeds": 6,
  "old_claim_step_gate_count": 6,
  "old_claim_macro_gate_count": 6,
  "behavior_eval_dirs": [
    "eval_router_conf05_mechablation_20260623b"
  ],
  "step_static_gate_count": 6,
  "step_rule_dynamic_gate_count": 6,
  "step_operational_gate_count": 6,
  "macro_static_gate_count": 6,
  "macro_rule_dynamic_gate_count": 6,
  "macro_operational_gate_count": 6,
  "replay_gate_count": 6,
  "replay_macro_gate_count": 6,
  "learned_replay_static_gate_count": 6,
  "learned_replay_macro_static_gate_count": 6,
  "learned_true_static_step_gate_count": 6,
  "learned_true_static_macro_gate_count": 6,
  "behavior_gate_count": 6,
  "mean_step_margin_vs_best_operational_baseline": 0.14824866245718724,
  "median_step_margin_vs_best_operational_baseline": 0.12738957490591918,
  "mean_macro_margin_vs_best_operational_baseline": 0.0805322400740572,
  "median_macro_margin_vs_best_operational_baseline": 0.07842360359412415,
  "one_sided_sign_test_p_old_claim_step_gate": 0.015625,
  "one_sided_sign_test_p_old_claim_macro_gate": 0.015625,
  "one_sided_sign_test_p_learned_true_static_step_gate": 0.015625,
  "one_sided_sign_test_p_learned_true_static_macro_gate": 0.015625,
  "claim_strength": "moderate_old_claim_step",
  "reason": ">=5 complete seeds with at least 80% old-claim step gates",
  "macro_claim_strength": "moderate_old_claim_macro",
  "macro_reason": ">=5 complete seeds with at least 80% old-claim macro gates"
}
 seed  complete  custom_ppo_loss  best_static_loss best_rule_dynamic_policy  best_rule_dynamic_loss  step_margin_vs_best_operational_baseline  step_margin_vs_replay_static_reference  macro_margin_vs_best_operational_baseline  macro_margin_vs_replay_static_reference  old_claim_step_gate_pass  old_claim_macro_gate_pass  learned_true_static_step_gate_pass  learned_true_static_macro_gate_pass
  129      True         1.467628          1.643964                      aoi                1.589844                                  0.122216                                0.083191                                   0.049821                                 0.024467                      True                       True                                True                                 True
  130      True         1.443052          1.689054                   random                1.729650                                  0.246002                                0.049527                                   0.080643                                 0.077715                      True                       True                                True                                 True
  131      True         1.472286          1.513859              round_robin                1.661721                                  0.041573                                0.063472                                   0.076204                                 0.066423                      True                       True                                True                                 True
  132      True         1.268493          1.401055              round_robin                1.442347                                  0.132563                                0.121728                                   0.067280                                 0.065371                      True                       True                                True                                 True
  133      True         1.492903          1.768529                      aoi                1.779330                                  0.275626                                0.058271                                   0.089989                                 0.060344                      True                       True                                True                                 True
  134      True         1.532214          1.603726                      aoi                1.838582                                  0.071512                                0.077678                                   0.119255                                 0.095097                      True                       True                                True                                 True
reports/aggregate/mechanism_ablation_no_imitation_guide_129_130_131_132_133_134_decision_audit_20260623b.json
reports/aggregate/mechanism_ablation_no_imitation_guide_129_130_131_132_133_134_decision_audit_20260623b.md
{
  "decision": "upgrade_allseed_strict",
  "rationale": "all pre-registered gates including strict true-static step pass",
  "recommendation": {
    "next_layer": "claim_update",
    "next_action": "Upgrade the final specialist-budget claim only after confirming every pre-registered aggregate and artifact is present.",
    "protocol_report": "reports/aggregate/pdppo_next_layer_pivot_designs_20260621.md"
  },
  "gates": {
    "complete_seeds": 6,
    "step_operational_gate_count": 6,
    "macro_operational_gate_count": 6,
    "replay_step_gate_count": 6,
    "replay_macro_gate_count": 6,
    "behavior_gate_count": 6,
    "true_static_macro_gate_count": 6,
    "true_static_step_strict_gate_count": 6,
    "true_static_step_positive_count": 6,
    "old_claim_step_gate_count": 6,
    "old_claim_macro_gate_count": 6
  },
  "failures": {
    "step_operational_fail_seeds": [],
    "macro_operational_fail_seeds": [],
    "replay_step_fail_seeds": [],
    "replay_macro_fail_seeds": [],
    "behavior_fail_seeds": [],
    "true_static_step_sign_fail_seeds": [],
    "true_static_step_strict_fail_seeds": [],
    "true_static_macro_fail_seeds": []
  }
}
scenebal1_router_reaudit_done date=2026-06-23T05:34:28+08:00 oldclaim_dir=reports/aggregate/mechanism_ablation_no_imitation_guide_129_130_131_132_133_134_oldclaim_20260623b decision=reports/aggregate/mechanism_ablation_no_imitation_guide_129_130_131_132_133_134_decision_audit_20260623b.json
mechanism_ablation_collect_done label=no_imitation_guide date=2026-06-23T05:34:28+08:00
mechanism_ablation_variant_train_start variant=no_regime_aux_path date=2026-06-23T05:34:28+08:00
mechanism_ablation_variant_train_done variant=no_regime_aux_path date=2026-06-23T05:53:29+08:00
mechanism_ablation_collect_start label=no_regime_aux_path date=2026-06-23T05:53:29+08:00
scenebal1_router_reaudit_start date=2026-06-23T05:53:29+08:00 seeds=129 130 131 132 133 134 router_conf=0.5 eval_dir=eval_router_conf05_mechablation_20260623b
reports/aggregate/mechanism_ablation_no_regime_aux_path_129_130_131_132_133_134_macro_20260623b/metpair_seed_summary.csv
reports/aggregate/mechanism_ablation_no_regime_aux_path_129_130_131_132_133_134_macro_20260623b/metpair_claim_summary.json
{
  "complete_seeds": 6,
  "seed_gate_pass_count": 6,
  "learned_gate_pass_count": 6,
  "replay_gate_pass_count": 6,
  "behavior_gate_pass_count": 6,
  "learned_macro_positive_count": 6,
  "replay_macro_positive_count": 6,
  "macro_seed_positive_count": 6,
  "learned_macro_gate_count": 6,
  "replay_macro_gate_count": 6,
  "macro_seed_gate_count": 6,
  "mean_learned_margin_abs": 0.17581213495312417,
  "median_learned_margin_abs": 0.19447393340487906,
  "mean_replay_margin_abs_vs_static_reference": 0.09240071417245115,
  "median_replay_margin_abs_vs_static_reference": 0.0884897977662149,
  "mean_learned_macro_margin_abs": 0.08126305484999415,
  "median_learned_macro_margin_abs": 0.0807549540509952,
  "mean_learned_macro_margin_abs_vs_macro_static_reference": 0.06765392042623618,
  "median_learned_macro_margin_abs_vs_macro_static_reference": 0.06849794701778605,
  "mean_replay_macro_margin_abs_vs_static_reference": 0.08234416876406035,
  "median_replay_macro_margin_abs_vs_static_reference": 0.0743237885773364,
  "one_sided_sign_test_p_seed_gate": 0.015625,
  "one_sided_sign_test_p_macro_seed_positive": 0.015625,
  "one_sided_sign_test_p_macro_seed_gate": 0.015625,
  "claim_strength": "moderate_multiseed",
  "reason": ">=5 complete seeds with at least 80% full gate passes",
  "macro_claim_strength": "moderate_macro_multiseed",
  "macro_reason": ">=5 complete seeds with at least 80% macro gate passes"
}
 seed  complete  router_custom_ppo_loss  selected_static_loss                         macro_score_column  learned_margin_abs_vs_selected_static  replay_margin_abs_vs_static_reference  learned_macro_margin_abs_vs_selected_static  learned_macro_margin_abs_vs_macro_static_reference  replay_macro_margin_abs_vs_static_reference  macro_seed_positive_pass  macro_seed_gate_pass  behavior_gate_pass  seed_gate_pass
  129      True                1.459046              1.629018 oracle_loss_macro_subtype_event_staticnorm                               0.169972                               0.143046                                     0.066409                                            0.020781                                     0.051669                      True                  True                True            True
  130      True                1.451525              1.695667 oracle_loss_macro_subtype_event_staticnorm                               0.244142                               0.087886                                     0.099675                                            0.093909                                     0.109431                      True                  True                True            True
  131      True                1.509259              1.543722 oracle_loss_macro_subtype_event_staticnorm                               0.034463                               0.078368                                     0.058612                                            0.065905                                     0.075980                      True                  True                True            True
  132      True                1.266059              1.352728 oracle_loss_macro_subtype_event_staticnorm                               0.086669                               0.089094                                     0.089101                                            0.071091                                     0.072668                      True                  True                True            True
  133      True                1.526787              1.745762 oracle_loss_macro_subtype_event_staticnorm                               0.218976                               0.063043                                     0.072409                                            0.049948                                     0.057837                      True                  True                True            True
  134      True                1.557562              1.858213 oracle_loss_macro_subtype_event_staticnorm                               0.300651                               0.092968                                     0.101372                                            0.104289                                     0.126481                      True                  True                True            True
reports/aggregate/mechanism_ablation_no_regime_aux_path_129_130_131_132_133_134_raw_macro_20260623b/metpair_seed_summary.csv
reports/aggregate/mechanism_ablation_no_regime_aux_path_129_130_131_132_133_134_raw_macro_20260623b/metpair_claim_summary.json
{
  "complete_seeds": 6,
  "seed_gate_pass_count": 6,
  "learned_gate_pass_count": 6,
  "replay_gate_pass_count": 6,
  "behavior_gate_pass_count": 6,
  "learned_macro_positive_count": 6,
  "replay_macro_positive_count": 6,
  "macro_seed_positive_count": 6,
  "learned_macro_gate_count": 0,
  "replay_macro_gate_count": 6,
  "macro_seed_gate_count": 0,
  "mean_learned_margin_abs": 0.17581213495312417,
  "median_learned_margin_abs": 0.19447393340487906,
  "mean_replay_margin_abs_vs_static_reference": 0.09240071417245115,
  "median_replay_margin_abs_vs_static_reference": 0.0884897977662149,
  "mean_learned_macro_margin_abs": 0.26301487051276407,
  "median_learned_macro_margin_abs": 0.24925100890835816,
  "mean_learned_macro_margin_abs_vs_macro_static_reference": -1.220879025977733,
  "median_learned_macro_margin_abs_vs_macro_static_reference": -1.246626338393763,
  "mean_replay_macro_margin_abs_vs_static_reference": 0.08234416876406035,
  "median_replay_macro_margin_abs_vs_static_reference": 0.0743237885773364,
  "one_sided_sign_test_p_seed_gate": 0.015625,
  "one_sided_sign_test_p_macro_seed_positive": 0.015625,
  "one_sided_sign_test_p_macro_seed_gate": 1.0,
  "claim_strength": "moderate_multiseed",
  "reason": ">=5 complete seeds with at least 80% full gate passes",
  "macro_claim_strength": "macro_not_supported",
  "macro_reason": "macro seed-level gates are not consistently positive"
}
 seed  complete  router_custom_ppo_loss  selected_static_loss              macro_score_column  learned_margin_abs_vs_selected_static  replay_margin_abs_vs_static_reference  learned_macro_margin_abs_vs_selected_static  learned_macro_margin_abs_vs_macro_static_reference  replay_macro_margin_abs_vs_static_reference  macro_seed_positive_pass  macro_seed_gate_pass  behavior_gate_pass  seed_gate_pass
  129      True                1.459046              1.629018 oracle_loss_macro_subtype_event                               0.169972                               0.143046                                     0.024227                                           -1.304197                                     0.051669                      True                 False                True            True
  130      True                1.451525              1.695667 oracle_loss_macro_subtype_event                               0.244142                               0.087886                                     0.496130                                           -1.172421                                     0.109431                      True                 False                True            True
  131      True                1.509259              1.543722 oracle_loss_macro_subtype_event                               0.034463                               0.078368                                     0.016237                                           -1.352121                                     0.075980                      True                 False                True            True
  132      True                1.266059              1.352728 oracle_loss_macro_subtype_event                               0.086669                               0.089094                                     0.058546                                           -1.245244                                     0.072668                      True                 False                True            True
  133      True                1.526787              1.745762 oracle_loss_macro_subtype_event                               0.218976                               0.063043                                     0.439956                                           -1.248009                                     0.057837                      True                 False                True            True
  134      True                1.557562              1.858213 oracle_loss_macro_subtype_event                               0.300651                               0.092968                                     0.542994                                           -1.003283                                     0.126481                      True                 False                True            True
reports/aggregate/mechanism_ablation_no_regime_aux_path_129_130_131_132_133_134_oldclaim_20260623b/oldclaim_seed_summary.csv
reports/aggregate/mechanism_ablation_no_regime_aux_path_129_130_131_132_133_134_oldclaim_20260623b/oldclaim_summary.json
{
  "complete_seeds": 6,
  "old_claim_step_gate_count": 6,
  "old_claim_macro_gate_count": 6,
  "behavior_eval_dirs": [
    "eval_router_conf05_mechablation_20260623b"
  ],
  "step_static_gate_count": 6,
  "step_rule_dynamic_gate_count": 6,
  "step_operational_gate_count": 6,
  "macro_static_gate_count": 6,
  "macro_rule_dynamic_gate_count": 6,
  "macro_operational_gate_count": 6,
  "replay_gate_count": 6,
  "replay_macro_gate_count": 6,
  "learned_replay_static_gate_count": 6,
  "learned_replay_macro_static_gate_count": 6,
  "learned_true_static_step_gate_count": 6,
  "learned_true_static_macro_gate_count": 6,
  "behavior_gate_count": 6,
  "mean_step_margin_vs_best_operational_baseline": 0.16868558533777409,
  "median_step_margin_vs_best_operational_baseline": 0.17599069689595126,
  "mean_macro_margin_vs_best_operational_baseline": 0.07898847133260768,
  "median_macro_margin_vs_best_operational_baseline": 0.0807549540509952,
  "one_sided_sign_test_p_old_claim_step_gate": 0.015625,
  "one_sided_sign_test_p_old_claim_macro_gate": 0.015625,
  "one_sided_sign_test_p_learned_true_static_step_gate": 0.015625,
  "one_sided_sign_test_p_learned_true_static_macro_gate": 0.015625,
  "claim_strength": "moderate_old_claim_step",
  "reason": ">=5 complete seeds with at least 80% old-claim step gates",
  "macro_claim_strength": "moderate_old_claim_macro",
  "macro_reason": ">=5 complete seeds with at least 80% old-claim macro gates"
}
 seed  complete  custom_ppo_loss  best_static_loss best_rule_dynamic_policy  best_rule_dynamic_loss  step_margin_vs_best_operational_baseline  step_margin_vs_replay_static_reference  macro_margin_vs_best_operational_baseline  macro_margin_vs_replay_static_reference  old_claim_step_gate_pass  old_claim_macro_gate_pass  learned_true_static_step_gate_pass  learned_true_static_macro_gate_pass
  129      True         1.459046          1.629018              round_robin                1.592051                                  0.133006                                0.074164                                   0.052761                                 0.020781                      True                       True                                True                                 True
  130      True         1.451525          1.695667                   random                1.718422                                  0.244142                                0.046658                                   0.099675                                 0.093909                      True                       True                                True                                 True
  131      True         1.509259          1.543722                   random                1.668959                                  0.034463                                0.061415                                   0.058612                                 0.065905                      True                       True                                True                                 True
  132      True         1.266059          1.352728              round_robin                1.445093                                  0.086669                                0.084204                                   0.089101                                 0.071091                      True                       True                                True                                 True
  133      True         1.526787          1.745762                   random                1.761176                                  0.218976                                0.035639                                   0.072409                                 0.049948                      True                       True                                True                                 True
  134      True         1.557562          1.858213                      aoi                1.852420                                  0.294858                                0.042956                                   0.101372                                 0.104289                      True                       True                                True                                 True
reports/aggregate/mechanism_ablation_no_regime_aux_path_129_130_131_132_133_134_decision_audit_20260623b.json
reports/aggregate/mechanism_ablation_no_regime_aux_path_129_130_131_132_133_134_decision_audit_20260623b.md
{
  "decision": "upgrade_allseed_strict",
  "rationale": "all pre-registered gates including strict true-static step pass",
  "recommendation": {
    "next_layer": "claim_update",
    "next_action": "Upgrade the final specialist-budget claim only after confirming every pre-registered aggregate and artifact is present.",
    "protocol_report": "reports/aggregate/pdppo_next_layer_pivot_designs_20260621.md"
  },
  "gates": {
    "complete_seeds": 6,
    "step_operational_gate_count": 6,
    "macro_operational_gate_count": 6,
    "replay_step_gate_count": 6,
    "replay_macro_gate_count": 6,
    "behavior_gate_count": 6,
    "true_static_macro_gate_count": 6,
    "true_static_step_strict_gate_count": 6,
    "true_static_step_positive_count": 6,
    "old_claim_step_gate_count": 6,
    "old_claim_macro_gate_count": 6
  },
  "failures": {
    "step_operational_fail_seeds": [],
    "macro_operational_fail_seeds": [],
    "replay_step_fail_seeds": [],
    "replay_macro_fail_seeds": [],
    "behavior_fail_seeds": [],
    "true_static_step_sign_fail_seeds": [],
    "true_static_step_strict_fail_seeds": [],
    "true_static_macro_fail_seeds": []
  }
}
scenebal1_router_reaudit_done date=2026-06-23T05:55:01+08:00 oldclaim_dir=reports/aggregate/mechanism_ablation_no_regime_aux_path_129_130_131_132_133_134_oldclaim_20260623b decision=reports/aggregate/mechanism_ablation_no_regime_aux_path_129_130_131_132_133_134_decision_audit_20260623b.json
mechanism_ablation_collect_done label=no_regime_aux_path date=2026-06-23T05:55:01+08:00
mechanism_ablation_variant_train_start variant=no_staticnorm_train date=2026-06-23T05:55:01+08:00
mechanism_ablation_variant_train_done variant=no_staticnorm_train date=2026-06-23T06:16:00+08:00
mechanism_ablation_collect_start label=no_staticnorm_train date=2026-06-23T06:16:00+08:00
scenebal1_router_reaudit_start date=2026-06-23T06:16:00+08:00 seeds=129 130 131 132 133 134 router_conf=0.5 eval_dir=eval_router_conf05_mechablation_20260623b
reports/aggregate/mechanism_ablation_no_staticnorm_train_129_130_131_132_133_134_macro_20260623b/metpair_seed_summary.csv
reports/aggregate/mechanism_ablation_no_staticnorm_train_129_130_131_132_133_134_macro_20260623b/metpair_claim_summary.json
{
  "complete_seeds": 6,
  "seed_gate_pass_count": 6,
  "learned_gate_pass_count": 6,
  "replay_gate_pass_count": 6,
  "behavior_gate_pass_count": 6,
  "learned_macro_positive_count": 6,
  "replay_macro_positive_count": 6,
  "macro_seed_positive_count": 6,
  "learned_macro_gate_count": 6,
  "replay_macro_gate_count": 6,
  "macro_seed_gate_count": 6,
  "mean_learned_margin_abs": 0.16663675562540436,
  "median_learned_margin_abs": 0.1809210970643561,
  "mean_replay_margin_abs_vs_static_reference": 0.08387384884485982,
  "median_replay_margin_abs_vs_static_reference": 0.0861361270569887,
  "mean_learned_macro_margin_abs": 0.07203985883797948,
  "median_learned_macro_margin_abs": 0.07652788663546278,
  "mean_learned_macro_margin_abs_vs_macro_static_reference": 0.06430995805032462,
  "median_learned_macro_margin_abs_vs_macro_static_reference": 0.0646872043130855,
  "mean_replay_macro_margin_abs_vs_static_reference": 0.07006059256885466,
  "median_replay_macro_margin_abs_vs_static_reference": 0.06841245599685497,
  "one_sided_sign_test_p_seed_gate": 0.015625,
  "one_sided_sign_test_p_macro_seed_positive": 0.015625,
  "one_sided_sign_test_p_macro_seed_gate": 0.015625,
  "claim_strength": "moderate_multiseed",
  "reason": ">=5 complete seeds with at least 80% full gate passes",
  "macro_claim_strength": "moderate_macro_multiseed",
  "macro_reason": ">=5 complete seeds with at least 80% macro gate passes"
}
 seed  complete  router_custom_ppo_loss  selected_static_loss                         macro_score_column  learned_margin_abs_vs_selected_static  replay_margin_abs_vs_static_reference  learned_macro_margin_abs_vs_selected_static  learned_macro_margin_abs_vs_macro_static_reference  replay_macro_margin_abs_vs_static_reference  macro_seed_positive_pass  macro_seed_gate_pass  behavior_gate_pass  seed_gate_pass
  129      True                1.429317              1.535681 oracle_loss_macro_subtype_event_staticnorm                               0.106364                               0.107758                                     0.024188                                            0.022539                                     0.027743                      True                  True                True            True
  130      True                1.430018              1.685496 oracle_loss_macro_subtype_event_staticnorm                               0.255479                               0.096051                                     0.104232                                            0.102755                                     0.108169                      True                  True                True            True
  131      True                1.474269              1.517298 oracle_loss_macro_subtype_event_staticnorm                               0.043029                               0.060025                                     0.065078                                            0.064587                                     0.066902                      True                  True                True            True
  132      True                1.293387              1.345203 oracle_loss_macro_subtype_event_staticnorm                               0.051817                               0.088116                                     0.077959                                            0.054977                                     0.069923                      True                  True                True            True
  133      True                1.473368              1.736890 oracle_loss_macro_subtype_event_staticnorm                               0.263523                               0.067137                                     0.085685                                            0.064788                                     0.063528                      True                  True                True            True
  134      True                1.555837              1.835447 oracle_loss_macro_subtype_event_staticnorm                               0.279610                               0.084156                                     0.075097                                            0.076214                                     0.084098                      True                  True                True            True
reports/aggregate/mechanism_ablation_no_staticnorm_train_129_130_131_132_133_134_raw_macro_20260623b/metpair_seed_summary.csv
reports/aggregate/mechanism_ablation_no_staticnorm_train_129_130_131_132_133_134_raw_macro_20260623b/metpair_claim_summary.json
{
  "complete_seeds": 6,
  "seed_gate_pass_count": 6,
  "learned_gate_pass_count": 6,
  "replay_gate_pass_count": 6,
  "behavior_gate_pass_count": 6,
  "learned_macro_positive_count": 5,
  "replay_macro_positive_count": 6,
  "macro_seed_positive_count": 5,
  "learned_macro_gate_count": 0,
  "replay_macro_gate_count": 6,
  "macro_seed_gate_count": 0,
  "mean_learned_margin_abs": 0.16663675562540436,
  "median_learned_margin_abs": 0.1809210970643561,
  "mean_replay_margin_abs_vs_static_reference": 0.08387384884485982,
  "median_replay_margin_abs_vs_static_reference": 0.0861361270569887,
  "mean_learned_macro_margin_abs": 0.26235183273936713,
  "median_learned_macro_margin_abs": 0.2869190548964292,
  "mean_learned_macro_margin_abs_vs_macro_static_reference": -1.1913827903084353,
  "median_learned_macro_margin_abs_vs_macro_static_reference": -1.165538886132455,
  "mean_replay_macro_margin_abs_vs_static_reference": 0.07006059256885466,
  "median_replay_macro_margin_abs_vs_static_reference": 0.06841245599685497,
  "one_sided_sign_test_p_seed_gate": 0.015625,
  "one_sided_sign_test_p_macro_seed_positive": 0.109375,
  "one_sided_sign_test_p_macro_seed_gate": 1.0,
  "claim_strength": "moderate_multiseed",
  "reason": ">=5 complete seeds with at least 80% full gate passes",
  "macro_claim_strength": "macro_not_supported",
  "macro_reason": "macro seed-level gates are not consistently positive"
}
 seed  complete  router_custom_ppo_loss  selected_static_loss              macro_score_column  learned_margin_abs_vs_selected_static  replay_margin_abs_vs_static_reference  learned_macro_margin_abs_vs_selected_static  learned_macro_margin_abs_vs_macro_static_reference  replay_macro_margin_abs_vs_static_reference  macro_seed_positive_pass  macro_seed_gate_pass  behavior_gate_pass  seed_gate_pass
  129      True                1.429317              1.535681 oracle_loss_macro_subtype_event                               0.106364                               0.107758                                     0.056536                                           -1.166168                                     0.027743                      True                 False                True            True
  130      True                1.430018              1.685496 oracle_loss_macro_subtype_event                               0.255479                               0.096051                                     0.520312                                           -1.136177                                     0.108169                      True                 False                True            True
  131      True                1.474269              1.517298 oracle_loss_macro_subtype_event                               0.043029                               0.060025                                     0.031635                                           -1.294345                                     0.066902                      True                 False                True            True
  132      True                1.293387              1.345203 oracle_loss_macro_subtype_event                               0.051817                               0.088116                                    -0.079140                                           -1.374896                                     0.069923                     False                 False                True            True
  133      True                1.473368              1.736890 oracle_loss_macro_subtype_event                               0.263523                               0.067137                                     0.527466                                           -1.164910                                     0.063528                      True                 False                True            True
  134      True                1.555837              1.835447 oracle_loss_macro_subtype_event                               0.279610                               0.084156                                     0.517302                                           -1.011801                                     0.084098                      True                 False                True            True
reports/aggregate/mechanism_ablation_no_staticnorm_train_129_130_131_132_133_134_oldclaim_20260623b/oldclaim_seed_summary.csv
reports/aggregate/mechanism_ablation_no_staticnorm_train_129_130_131_132_133_134_oldclaim_20260623b/oldclaim_summary.json
{
  "complete_seeds": 6,
  "old_claim_step_gate_count": 6,
  "old_claim_macro_gate_count": 6,
  "behavior_eval_dirs": [
    "eval_router_conf05_mechablation_20260623b"
  ],
  "step_static_gate_count": 6,
  "step_rule_dynamic_gate_count": 6,
  "step_operational_gate_count": 6,
  "macro_static_gate_count": 6,
  "macro_rule_dynamic_gate_count": 6,
  "macro_operational_gate_count": 6,
  "replay_gate_count": 6,
  "replay_macro_gate_count": 6,
  "learned_replay_static_gate_count": 6,
  "learned_replay_macro_static_gate_count": 6,
  "learned_true_static_step_gate_count": 6,
  "learned_true_static_macro_gate_count": 6,
  "behavior_gate_count": 6,
  "mean_step_margin_vs_best_operational_baseline": 0.16663675562540436,
  "median_step_margin_vs_best_operational_baseline": 0.1809210970643561,
  "mean_macro_margin_vs_best_operational_baseline": 0.07203985883797948,
  "median_macro_margin_vs_best_operational_baseline": 0.07652788663546278,
  "one_sided_sign_test_p_old_claim_step_gate": 0.015625,
  "one_sided_sign_test_p_old_claim_macro_gate": 0.015625,
  "one_sided_sign_test_p_learned_true_static_step_gate": 0.015625,
  "one_sided_sign_test_p_learned_true_static_macro_gate": 0.015625,
  "claim_strength": "moderate_old_claim_step",
  "reason": ">=5 complete seeds with at least 80% old-claim step gates",
  "macro_claim_strength": "moderate_old_claim_macro",
  "macro_reason": ">=5 complete seeds with at least 80% old-claim macro gates"
}
 seed  complete  custom_ppo_loss  best_static_loss best_rule_dynamic_policy  best_rule_dynamic_loss  step_margin_vs_best_operational_baseline  step_margin_vs_replay_static_reference  macro_margin_vs_best_operational_baseline  macro_margin_vs_replay_static_reference  old_claim_step_gate_pass  old_claim_macro_gate_pass  learned_true_static_step_gate_pass  learned_true_static_macro_gate_pass
  129      True         1.429317          1.535681              round_robin                1.600641                                  0.106364                                0.103005                                   0.024188                                 0.022539                      True                       True                                True                                 True
  130      True         1.430018          1.685496                   random                1.715519                                  0.255479                                0.087420                                   0.104232                                 0.102755                      True                       True                                True                                 True
  131      True         1.474269          1.517298              round_robin                1.653915                                  0.043029                                0.055165                                   0.065078                                 0.064587                      True                       True                                True                                 True
  132      True         1.293387          1.345203              round_robin                1.458929                                  0.051817                                0.057000                                   0.077959                                 0.054977                      True                       True                                True                                 True
  133      True         1.473368          1.736890                   random                1.755828                                  0.263523                                0.064098                                   0.085685                                 0.064788                      True                       True                                True                                 True
  134      True         1.555837          1.835447                      aoi                1.840472                                  0.279610                                0.076451                                   0.075097                                 0.076214                      True                       True                                True                                 True
reports/aggregate/mechanism_ablation_no_staticnorm_train_129_130_131_132_133_134_decision_audit_20260623b.json
reports/aggregate/mechanism_ablation_no_staticnorm_train_129_130_131_132_133_134_decision_audit_20260623b.md
{
  "decision": "upgrade_allseed_strict",
  "rationale": "all pre-registered gates including strict true-static step pass",
  "recommendation": {
    "next_layer": "claim_update",
    "next_action": "Upgrade the final specialist-budget claim only after confirming every pre-registered aggregate and artifact is present.",
    "protocol_report": "reports/aggregate/pdppo_next_layer_pivot_designs_20260621.md"
  },
  "gates": {
    "complete_seeds": 6,
    "step_operational_gate_count": 6,
    "macro_operational_gate_count": 6,
    "replay_step_gate_count": 6,
    "replay_macro_gate_count": 6,
    "behavior_gate_count": 6,
    "true_static_macro_gate_count": 6,
    "true_static_step_strict_gate_count": 6,
    "true_static_step_positive_count": 6,
    "old_claim_step_gate_count": 6,
    "old_claim_macro_gate_count": 6
  },
  "failures": {
    "step_operational_fail_seeds": [],
    "macro_operational_fail_seeds": [],
    "replay_step_fail_seeds": [],
    "replay_macro_fail_seeds": [],
    "behavior_fail_seeds": [],
    "true_static_step_sign_fail_seeds": [],
    "true_static_step_strict_fail_seeds": [],
    "true_static_macro_fail_seeds": []
  }
}
scenebal1_router_reaudit_done date=2026-06-23T06:17:35+08:00 oldclaim_dir=reports/aggregate/mechanism_ablation_no_staticnorm_train_129_130_131_132_133_134_oldclaim_20260623b decision=reports/aggregate/mechanism_ablation_no_staticnorm_train_129_130_131_132_133_134_decision_audit_20260623b.json
mechanism_ablation_collect_done label=no_staticnorm_train date=2026-06-23T06:17:35+08:00
mechanism_ablation_collect_start label=full_reference date=2026-06-23T06:17:35+08:00
scenebal1_router_reaudit_start date=2026-06-23T06:17:35+08:00 seeds=129 130 131 132 133 134 router_conf=0.5 eval_dir=eval_router_conf05_mechablation_20260623b
reports/aggregate/mechanism_ablation_full_reference_129_130_131_132_133_134_macro_20260623b/metpair_seed_summary.csv
reports/aggregate/mechanism_ablation_full_reference_129_130_131_132_133_134_macro_20260623b/metpair_claim_summary.json
{
  "complete_seeds": 6,
  "seed_gate_pass_count": 6,
  "learned_gate_pass_count": 6,
  "replay_gate_pass_count": 6,
  "behavior_gate_pass_count": 6,
  "learned_macro_positive_count": 6,
  "replay_macro_positive_count": 6,
  "macro_seed_positive_count": 6,
  "learned_macro_gate_count": 6,
  "replay_macro_gate_count": 6,
  "macro_seed_gate_count": 6,
  "mean_learned_margin_abs": 0.18443195818508684,
  "median_learned_margin_abs": 0.20216486765275488,
  "mean_replay_margin_abs_vs_static_reference": 0.10168743054775102,
  "median_replay_margin_abs_vs_static_reference": 0.10364158313404914,
  "mean_learned_macro_margin_abs": 0.08456657281200179,
  "median_learned_macro_margin_abs": 0.08739638482776124,
  "mean_learned_macro_margin_abs_vs_macro_static_reference": 0.07426102830513744,
  "median_learned_macro_margin_abs_vs_macro_static_reference": 0.07800421237210065,
  "mean_replay_macro_margin_abs_vs_static_reference": 0.081524000041779,
  "median_replay_macro_margin_abs_vs_static_reference": 0.08038747136435387,
  "one_sided_sign_test_p_seed_gate": 0.015625,
  "one_sided_sign_test_p_macro_seed_positive": 0.015625,
  "one_sided_sign_test_p_macro_seed_gate": 0.015625,
  "claim_strength": "moderate_multiseed",
  "reason": ">=5 complete seeds with at least 80% full gate passes",
  "macro_claim_strength": "moderate_macro_multiseed",
  "macro_reason": ">=5 complete seeds with at least 80% macro gate passes"
}
 seed  complete  router_custom_ppo_loss  selected_static_loss                         macro_score_column  learned_margin_abs_vs_selected_static  replay_margin_abs_vs_static_reference  learned_macro_margin_abs_vs_selected_static  learned_macro_margin_abs_vs_macro_static_reference  replay_macro_margin_abs_vs_static_reference  macro_seed_positive_pass  macro_seed_gate_pass  behavior_gate_pass  seed_gate_pass
  129      True                1.421708              1.569518 oracle_loss_macro_subtype_event_staticnorm                               0.147810                               0.143798                                     0.064360                                            0.049318                                     0.062542                      True                  True                True            True
  130      True                1.422421              1.678941 oracle_loss_macro_subtype_event_staticnorm                               0.256520                               0.085124                                     0.089281                                            0.087733                                     0.096269                      True                  True                True            True
  131      True                1.491821              1.523266 oracle_loss_macro_subtype_event_staticnorm                               0.031445                               0.063167                                     0.054502                                            0.066386                                     0.075291                      True                  True                True            True
  132      True                1.266469              1.376008 oracle_loss_macro_subtype_event_staticnorm                               0.109538                               0.110754                                     0.124464                                            0.072793                                     0.072696                      True                  True                True            True
  133      True                1.482023              1.748864 oracle_loss_macro_subtype_event_staticnorm                               0.266841                               0.103929                                     0.087490                                            0.083215                                     0.085484                      True                  True                True            True
  134      True                1.542216              1.836653 oracle_loss_macro_subtype_event_staticnorm                               0.294437                               0.103354                                     0.087303                                            0.086121                                     0.096862                      True                  True                True            True
reports/aggregate/mechanism_ablation_full_reference_129_130_131_132_133_134_raw_macro_20260623b/metpair_seed_summary.csv
reports/aggregate/mechanism_ablation_full_reference_129_130_131_132_133_134_raw_macro_20260623b/metpair_claim_summary.json
{
  "complete_seeds": 6,
  "seed_gate_pass_count": 6,
  "learned_gate_pass_count": 6,
  "replay_gate_pass_count": 6,
  "behavior_gate_pass_count": 6,
  "learned_macro_positive_count": 6,
  "replay_macro_positive_count": 6,
  "macro_seed_positive_count": 6,
  "learned_macro_gate_count": 0,
  "replay_macro_gate_count": 6,
  "macro_seed_gate_count": 0,
  "mean_learned_margin_abs": 0.18443195818508684,
  "median_learned_margin_abs": 0.20216486765275488,
  "mean_replay_margin_abs_vs_static_reference": 0.10168743054775102,
  "median_replay_margin_abs_vs_static_reference": 0.10364158313404914,
  "mean_learned_macro_margin_abs": 0.295878249803686,
  "median_learned_macro_margin_abs": 0.30640345897011567,
  "mean_learned_macro_margin_abs_vs_macro_static_reference": -1.1788391005993308,
  "median_learned_macro_margin_abs_vs_macro_static_reference": -1.1848258496045294,
  "mean_replay_macro_margin_abs_vs_static_reference": 0.081524000041779,
  "median_replay_macro_margin_abs_vs_static_reference": 0.08038747136435387,
  "one_sided_sign_test_p_seed_gate": 0.015625,
  "one_sided_sign_test_p_macro_seed_positive": 0.015625,
  "one_sided_sign_test_p_macro_seed_gate": 1.0,
  "claim_strength": "moderate_multiseed",
  "reason": ">=5 complete seeds with at least 80% full gate passes",
  "macro_claim_strength": "macro_not_supported",
  "macro_reason": "macro seed-level gates are not consistently positive"
}
 seed  complete  router_custom_ppo_loss  selected_static_loss              macro_score_column  learned_margin_abs_vs_selected_static  replay_margin_abs_vs_static_reference  learned_macro_margin_abs_vs_selected_static  learned_macro_margin_abs_vs_macro_static_reference  replay_macro_margin_abs_vs_static_reference  macro_seed_positive_pass  macro_seed_gate_pass  behavior_gate_pass  seed_gate_pass
  129      True                1.421708              1.569518 oracle_loss_macro_subtype_event                               0.147810                               0.143798                                     0.071011                                           -1.182977                                     0.062542                      True                 False                True            True
  130      True                1.422421              1.678941 oracle_loss_macro_subtype_event                               0.256520                               0.085124                                     0.541425                                           -1.122787                                     0.096269                      True                 False                True            True
  131      True                1.491821              1.523266 oracle_loss_macro_subtype_event                               0.031445                               0.063167                                     0.021000                                           -1.311177                                     0.075291                      True                 False                True            True
  132      True                1.266469              1.376008 oracle_loss_macro_subtype_event                               0.109538                               0.110754                                     0.085424                                           -1.283251                                     0.072696                      True                 False                True            True
  133      True                1.482023              1.748864 oracle_loss_macro_subtype_event                               0.266841                               0.103929                                     0.527382                                           -1.186675                                     0.085484                      True                 False                True            True
  134      True                1.542216              1.836653 oracle_loss_macro_subtype_event                               0.294437                               0.103354                                     0.529027                                           -0.986168                                     0.096862                      True                 False                True            True
reports/aggregate/mechanism_ablation_full_reference_129_130_131_132_133_134_oldclaim_20260623b/oldclaim_seed_summary.csv
reports/aggregate/mechanism_ablation_full_reference_129_130_131_132_133_134_oldclaim_20260623b/oldclaim_summary.json
{
  "complete_seeds": 6,
  "old_claim_step_gate_count": 6,
  "old_claim_macro_gate_count": 6,
  "behavior_eval_dirs": [
    "eval_router_conf05_mechablation_20260623b"
  ],
  "step_static_gate_count": 6,
  "step_rule_dynamic_gate_count": 6,
  "step_operational_gate_count": 6,
  "macro_static_gate_count": 6,
  "macro_rule_dynamic_gate_count": 6,
  "macro_operational_gate_count": 6,
  "replay_gate_count": 6,
  "replay_macro_gate_count": 6,
  "learned_replay_static_gate_count": 6,
  "learned_replay_macro_static_gate_count": 6,
  "learned_true_static_step_gate_count": 6,
  "learned_true_static_macro_gate_count": 6,
  "behavior_gate_count": 6,
  "mean_step_margin_vs_best_operational_baseline": 0.18443195818508684,
  "median_step_margin_vs_best_operational_baseline": 0.20216486765275488,
  "mean_macro_margin_vs_best_operational_baseline": 0.08456657281200179,
  "median_macro_margin_vs_best_operational_baseline": 0.08739638482776124,
  "one_sided_sign_test_p_old_claim_step_gate": 0.015625,
  "one_sided_sign_test_p_old_claim_macro_gate": 0.015625,
  "one_sided_sign_test_p_learned_true_static_step_gate": 0.015625,
  "one_sided_sign_test_p_learned_true_static_macro_gate": 0.015625,
  "claim_strength": "moderate_old_claim_step",
  "reason": ">=5 complete seeds with at least 80% old-claim step gates",
  "macro_claim_strength": "moderate_old_claim_macro",
  "macro_reason": ">=5 complete seeds with at least 80% old-claim macro gates"
}
 seed  complete  custom_ppo_loss  best_static_loss best_rule_dynamic_policy  best_rule_dynamic_loss  step_margin_vs_best_operational_baseline  step_margin_vs_replay_static_reference  macro_margin_vs_best_operational_baseline  macro_margin_vs_replay_static_reference  old_claim_step_gate_pass  old_claim_macro_gate_pass  learned_true_static_step_gate_pass  learned_true_static_macro_gate_pass
  129      True         1.421708          1.569518              round_robin                1.586695                                  0.147810                                0.119145                                   0.064360                                 0.049318                      True                       True                                True                                 True
  130      True         1.422421          1.678941                   random                1.704903                                  0.256520                                0.077466                                   0.089281                                 0.087733                      True                       True                                True                                 True
  131      True         1.491821          1.523266                   random                1.672562                                  0.031445                                0.047888                                   0.054502                                 0.066386                      True                       True                                True                                 True
  132      True         1.266469          1.376008              round_robin                1.441259                                  0.109538                                0.111594                                   0.124464                                 0.072793                      True                       True                                True                                 True
  133      True         1.482023          1.748864                   random                1.762968                                  0.266841                                0.099107                                   0.087490                                 0.083215                      True                       True                                True                                 True
  134      True         1.542216          1.836653                      aoi                1.851128                                  0.294437                                0.084520                                   0.087303                                 0.086121                      True                       True                                True                                 True
reports/aggregate/mechanism_ablation_full_reference_129_130_131_132_133_134_decision_audit_20260623b.json
reports/aggregate/mechanism_ablation_full_reference_129_130_131_132_133_134_decision_audit_20260623b.md
{
  "decision": "upgrade_allseed_strict",
  "rationale": "all pre-registered gates including strict true-static step pass",
  "recommendation": {
    "next_layer": "claim_update",
    "next_action": "Upgrade the final specialist-budget claim only after confirming every pre-registered aggregate and artifact is present.",
    "protocol_report": "reports/aggregate/pdppo_next_layer_pivot_designs_20260621.md"
  },
  "gates": {
    "complete_seeds": 6,
    "step_operational_gate_count": 6,
    "macro_operational_gate_count": 6,
    "replay_step_gate_count": 6,
    "replay_macro_gate_count": 6,
    "behavior_gate_count": 6,
    "true_static_macro_gate_count": 6,
    "true_static_step_strict_gate_count": 6,
    "true_static_step_positive_count": 6,
    "old_claim_step_gate_count": 6,
    "old_claim_macro_gate_count": 6
  },
  "failures": {
    "step_operational_fail_seeds": [],
    "macro_operational_fail_seeds": [],
    "replay_step_fail_seeds": [],
    "replay_macro_fail_seeds": [],
    "behavior_fail_seeds": [],
    "true_static_step_sign_fail_seeds": [],
    "true_static_step_strict_fail_seeds": [],
    "true_static_macro_fail_seeds": []
  }
}
scenebal1_router_reaudit_done date=2026-06-23T06:19:10+08:00 oldclaim_dir=reports/aggregate/mechanism_ablation_full_reference_129_130_131_132_133_134_oldclaim_20260623b decision=reports/aggregate/mechanism_ablation_full_reference_129_130_131_132_133_134_decision_audit_20260623b.json
mechanism_ablation_collect_done label=full_reference date=2026-06-23T06:19:10+08:00
wrote reports/aggregate/mechanism_ablation_pilot_129_130_131_132_133_134_20260623b/mechanism_ablation_summary.csv
wrote reports/aggregate/mechanism_ablation_pilot_129_130_131_132_133_134_20260623b/mechanism_ablation_summary.json
wrote reports/aggregate/mechanism_ablation_pilot_129_130_131_132_133_134_20260623b/mechanism_ablation_summary.md
mechanism_ablation_done date=2026-06-23T06:19:10+08:00 out_dir=reports/aggregate/mechanism_ablation_pilot_129_130_131_132_133_134_20260623b
BATCH_DONE 2026-06-23T06:19:10+08:00 seeds=129 130 131 132 133 134
BATCH_START 2026-06-23T06:19:10+08:00 seeds=135 136 137 138 139 140
mechanism_ablation_start date=2026-06-23T06:19:10+08:00 seeds=135 136 137 138 139 140 router_conf=0.5
mechanism_ablation_variant_train_start variant=no_imitation_guide date=2026-06-23T06:19:10+08:00
mechanism_ablation_variant_train_done variant=no_imitation_guide date=2026-06-23T06:40:00+08:00
mechanism_ablation_collect_start label=no_imitation_guide date=2026-06-23T06:40:00+08:00
scenebal1_router_reaudit_start date=2026-06-23T06:40:00+08:00 seeds=135 136 137 138 139 140 router_conf=0.5 eval_dir=eval_router_conf05_mechablation_20260623b
reports/aggregate/mechanism_ablation_no_imitation_guide_135_136_137_138_139_140_macro_20260623b/metpair_seed_summary.csv
reports/aggregate/mechanism_ablation_no_imitation_guide_135_136_137_138_139_140_macro_20260623b/metpair_claim_summary.json
{
  "complete_seeds": 6,
  "seed_gate_pass_count": 6,
  "learned_gate_pass_count": 6,
  "replay_gate_pass_count": 6,
  "behavior_gate_pass_count": 6,
  "learned_macro_positive_count": 6,
  "replay_macro_positive_count": 6,
  "macro_seed_positive_count": 6,
  "learned_macro_gate_count": 6,
  "replay_macro_gate_count": 6,
  "macro_seed_gate_count": 6,
  "mean_learned_margin_abs": 0.15879680126295173,
  "median_learned_margin_abs": 0.0914432648710316,
  "mean_replay_margin_abs_vs_static_reference": 0.08565989630119475,
  "median_replay_margin_abs_vs_static_reference": 0.07489594658295573,
  "mean_learned_macro_margin_abs": 0.07910862713518067,
  "median_learned_macro_margin_abs": 0.08539949578587441,
  "mean_learned_macro_margin_abs_vs_macro_static_reference": 0.07331176851823595,
  "median_learned_macro_margin_abs_vs_macro_static_reference": 0.07763261583755765,
  "mean_replay_macro_margin_abs_vs_static_reference": 0.08451327813273563,
  "median_replay_macro_margin_abs_vs_static_reference": 0.08397886078490585,
  "one_sided_sign_test_p_seed_gate": 0.015625,
  "one_sided_sign_test_p_macro_seed_positive": 0.015625,
  "one_sided_sign_test_p_macro_seed_gate": 0.015625,
  "claim_strength": "moderate_multiseed",
  "reason": ">=5 complete seeds with at least 80% full gate passes",
  "macro_claim_strength": "moderate_macro_multiseed",
  "macro_reason": ">=5 complete seeds with at least 80% macro gate passes"
}
 seed  complete  router_custom_ppo_loss  selected_static_loss                         macro_score_column  learned_margin_abs_vs_selected_static  replay_margin_abs_vs_static_reference  learned_macro_margin_abs_vs_selected_static  learned_macro_margin_abs_vs_macro_static_reference  replay_macro_margin_abs_vs_static_reference  macro_seed_positive_pass  macro_seed_gate_pass  behavior_gate_pass  seed_gate_pass
  135      True                1.148392              1.201556 oracle_loss_macro_subtype_event_staticnorm                               0.053164                               0.062799                                     0.044741                                            0.044903                                     0.052784                      True                  True                True            True
  136      True                1.455781              1.494457 oracle_loss_macro_subtype_event_staticnorm                               0.038676                               0.076144                                     0.060893                                            0.065032                                     0.079167                      True                  True                True            True
  137      True                1.811015              2.202672 oracle_loss_macro_subtype_event_staticnorm                               0.391657                               0.059992                                     0.103205                                            0.080127                                     0.115387                      True                  True                True            True
  138      True                1.321816              1.422368 oracle_loss_macro_subtype_event_staticnorm                               0.100551                               0.104838                                     0.078390                                            0.075138                                     0.079511                      True                  True                True            True
  139      True                1.496206              1.782603 oracle_loss_macro_subtype_event_staticnorm                               0.286397                               0.136539                                     0.095014                                            0.086151                                     0.091783                      True                  True                True            True
  140      True                1.279413              1.361748 oracle_loss_macro_subtype_event_staticnorm                               0.082335                               0.073648                                     0.092409                                            0.088520                                     0.088447                      True                  True                True            True
reports/aggregate/mechanism_ablation_no_imitation_guide_135_136_137_138_139_140_raw_macro_20260623b/metpair_seed_summary.csv
reports/aggregate/mechanism_ablation_no_imitation_guide_135_136_137_138_139_140_raw_macro_20260623b/metpair_claim_summary.json
{
  "complete_seeds": 6,
  "seed_gate_pass_count": 6,
  "learned_gate_pass_count": 6,
  "replay_gate_pass_count": 6,
  "behavior_gate_pass_count": 6,
  "learned_macro_positive_count": 6,
  "replay_macro_positive_count": 6,
  "macro_seed_positive_count": 6,
  "learned_macro_gate_count": 0,
  "replay_macro_gate_count": 6,
  "macro_seed_gate_count": 0,
  "mean_learned_margin_abs": 0.15879680126295173,
  "median_learned_margin_abs": 0.0914432648710316,
  "mean_replay_margin_abs_vs_static_reference": 0.08565989630119475,
  "median_replay_margin_abs_vs_static_reference": 0.07489594658295573,
  "mean_learned_macro_margin_abs": 0.20868600953530902,
  "median_learned_macro_margin_abs": 0.08164244399763876,
  "mean_learned_macro_margin_abs_vs_macro_static_reference": -1.2346035906595036,
  "median_learned_macro_margin_abs_vs_macro_static_reference": -1.2049503054666157,
  "mean_replay_macro_margin_abs_vs_static_reference": 0.08451327813273563,
  "median_replay_macro_margin_abs_vs_static_reference": 0.08397886078490585,
  "one_sided_sign_test_p_seed_gate": 0.015625,
  "one_sided_sign_test_p_macro_seed_positive": 0.015625,
  "one_sided_sign_test_p_macro_seed_gate": 1.0,
  "claim_strength": "moderate_multiseed",
  "reason": ">=5 complete seeds with at least 80% full gate passes",
  "macro_claim_strength": "macro_not_supported",
  "macro_reason": "macro seed-level gates are not consistently positive"
}
 seed  complete  router_custom_ppo_loss  selected_static_loss              macro_score_column  learned_margin_abs_vs_selected_static  replay_margin_abs_vs_static_reference  learned_macro_margin_abs_vs_selected_static  learned_macro_margin_abs_vs_macro_static_reference  replay_macro_margin_abs_vs_static_reference  macro_seed_positive_pass  macro_seed_gate_pass  behavior_gate_pass  seed_gate_pass
  135      True                1.148392              1.201556 oracle_loss_macro_subtype_event                               0.053164                               0.062799                                     0.017558                                           -1.324579                                     0.052784                      True                 False                True            True
  136      True                1.455781              1.494457 oracle_loss_macro_subtype_event                               0.038676                               0.076144                                     0.022822                                           -1.469551                                     0.079167                      True                 False                True            True
  137      True                1.811015              2.202672 oracle_loss_macro_subtype_event                               0.391657                               0.059992                                     0.528072                                           -1.185696                                     0.115387                      True                 False                True            True
  138      True                1.321816              1.422368 oracle_loss_macro_subtype_event                               0.100551                               0.104838                                     0.104262                                           -1.224205                                     0.079511                      True                 False                True            True
  139      True                1.496206              1.782603 oracle_loss_macro_subtype_event                               0.286397                               0.136539                                     0.520379                                           -1.116125                                     0.091783                      True                 False                True            True
  140      True                1.279413              1.361748 oracle_loss_macro_subtype_event                               0.082335                               0.073648                                     0.059023                                           -1.087465                                     0.088447                      True                 False                True            True
reports/aggregate/mechanism_ablation_no_imitation_guide_135_136_137_138_139_140_oldclaim_20260623b/oldclaim_seed_summary.csv
reports/aggregate/mechanism_ablation_no_imitation_guide_135_136_137_138_139_140_oldclaim_20260623b/oldclaim_summary.json
{
  "complete_seeds": 6,
  "old_claim_step_gate_count": 6,
  "old_claim_macro_gate_count": 6,
  "behavior_eval_dirs": [
    "eval_router_conf05_mechablation_20260623b"
  ],
  "step_static_gate_count": 6,
  "step_rule_dynamic_gate_count": 6,
  "step_operational_gate_count": 6,
  "macro_static_gate_count": 6,
  "macro_rule_dynamic_gate_count": 6,
  "macro_operational_gate_count": 6,
  "replay_gate_count": 6,
  "replay_macro_gate_count": 6,
  "learned_replay_static_gate_count": 5,
  "learned_replay_macro_static_gate_count": 6,
  "learned_true_static_step_gate_count": 5,
  "learned_true_static_macro_gate_count": 6,
  "behavior_gate_count": 6,
  "mean_step_margin_vs_best_operational_baseline": 0.15184291106318895,
  "median_step_margin_vs_best_operational_baseline": 0.0914432648710316,
  "mean_macro_margin_vs_best_operational_baseline": 0.07910862713518067,
  "median_macro_margin_vs_best_operational_baseline": 0.08539949578587441,
  "one_sided_sign_test_p_old_claim_step_gate": 0.015625,
  "one_sided_sign_test_p_old_claim_macro_gate": 0.015625,
  "one_sided_sign_test_p_learned_true_static_step_gate": 0.109375,
  "one_sided_sign_test_p_learned_true_static_macro_gate": 0.015625,
  "claim_strength": "moderate_old_claim_step",
  "reason": ">=5 complete seeds with at least 80% old-claim step gates",
  "macro_claim_strength": "moderate_old_claim_macro",
  "macro_reason": ">=5 complete seeds with at least 80% old-claim macro gates"
}
 seed  complete  custom_ppo_loss  best_static_loss best_rule_dynamic_policy  best_rule_dynamic_loss  step_margin_vs_best_operational_baseline  step_margin_vs_replay_static_reference  macro_margin_vs_best_operational_baseline  macro_margin_vs_replay_static_reference  old_claim_step_gate_pass  old_claim_macro_gate_pass  learned_true_static_step_gate_pass  learned_true_static_macro_gate_pass
  135      True         1.148392          1.201556              round_robin                1.328343                                  0.053164                                0.052418                                   0.044741                                 0.044903                      True                       True                                True                                 True
  136      True         1.455781          1.494457                   random                1.624171                                  0.038676                                0.041662                                   0.060893                                 0.065032                      True                       True                                True                                 True
  137      True         1.811015          2.193586              round_robin                2.160949                                  0.349933                               -0.001478                                   0.103205                                 0.080127                      True                       True                               False                                 True
  138      True         1.321816          1.422368                   random                1.520299                                  0.100551                                0.092049                                   0.078390                                 0.075138                      True                       True                                True                                 True
  139      True         1.496206          1.782603                      aoi                1.783518                                  0.286397                                0.118253                                   0.095014                                 0.086151                      True                       True                                True                                 True
  140      True         1.279413          1.361748              round_robin                1.494937                                  0.082335                                0.078771                                   0.092409                                 0.088520                      True                       True                                True                                 True
reports/aggregate/mechanism_ablation_no_imitation_guide_135_136_137_138_139_140_decision_audit_20260623b.json
reports/aggregate/mechanism_ablation_no_imitation_guide_135_136_137_138_139_140_decision_audit_20260623b.md
{
  "decision": "pivot_true_static_step_sign_failure",
  "rationale": "PPO loses in sign to true fixed static on at least one seed",
  "recommendation": {
    "next_layer": "simulator/data generation",
    "next_action": "Start a bounded simulator/data-balance pilot on failing seeds plus a clean control seed while preserving PPO and the met-plus-one-specialist sensing premise.",
    "protocol_report": "reports/aggregate/pdppo_next_layer_pivot_designs_20260621.md"
  },
  "gates": {
    "complete_seeds": 6,
    "step_operational_gate_count": 6,
    "macro_operational_gate_count": 6,
    "replay_step_gate_count": 6,
    "replay_macro_gate_count": 6,
    "behavior_gate_count": 6,
    "true_static_macro_gate_count": 6,
    "true_static_step_strict_gate_count": 5,
    "true_static_step_positive_count": 5,
    "old_claim_step_gate_count": 6,
    "old_claim_macro_gate_count": 6
  },
  "failures": {
    "step_operational_fail_seeds": [],
    "macro_operational_fail_seeds": [],
    "replay_step_fail_seeds": [],
    "replay_macro_fail_seeds": [],
    "behavior_fail_seeds": [],
    "true_static_step_sign_fail_seeds": [
      137
    ],
    "true_static_step_strict_fail_seeds": [
      137
    ],
    "true_static_macro_fail_seeds": []
  }
}
scenebal1_router_reaudit_done date=2026-06-23T06:41:35+08:00 oldclaim_dir=reports/aggregate/mechanism_ablation_no_imitation_guide_135_136_137_138_139_140_oldclaim_20260623b decision=reports/aggregate/mechanism_ablation_no_imitation_guide_135_136_137_138_139_140_decision_audit_20260623b.json
mechanism_ablation_collect_done label=no_imitation_guide date=2026-06-23T06:41:35+08:00
mechanism_ablation_variant_train_start variant=no_regime_aux_path date=2026-06-23T06:41:35+08:00
mechanism_ablation_variant_train_done variant=no_regime_aux_path date=2026-06-23T07:00:27+08:00
mechanism_ablation_collect_start label=no_regime_aux_path date=2026-06-23T07:00:27+08:00
scenebal1_router_reaudit_start date=2026-06-23T07:00:27+08:00 seeds=135 136 137 138 139 140 router_conf=0.5 eval_dir=eval_router_conf05_mechablation_20260623b
reports/aggregate/mechanism_ablation_no_regime_aux_path_135_136_137_138_139_140_macro_20260623b/metpair_seed_summary.csv
reports/aggregate/mechanism_ablation_no_regime_aux_path_135_136_137_138_139_140_macro_20260623b/metpair_claim_summary.json
{
  "complete_seeds": 6,
  "seed_gate_pass_count": 5,
  "learned_gate_pass_count": 5,
  "replay_gate_pass_count": 6,
  "behavior_gate_pass_count": 6,
  "learned_macro_positive_count": 6,
  "replay_macro_positive_count": 6,
  "macro_seed_positive_count": 6,
  "learned_macro_gate_count": 6,
  "replay_macro_gate_count": 6,
  "macro_seed_gate_count": 6,
  "mean_learned_margin_abs": 0.13102596367502883,
  "median_learned_margin_abs": 0.10906341670283837,
  "mean_replay_margin_abs_vs_static_reference": 0.10006798932734758,
  "median_replay_margin_abs_vs_static_reference": 0.10287149705459342,
  "mean_learned_macro_margin_abs": 0.0834914264553867,
  "median_learned_macro_margin_abs": 0.09360980194645885,
  "mean_learned_macro_margin_abs_vs_macro_static_reference": 0.056083222716203605,
  "median_learned_macro_margin_abs_vs_macro_static_reference": 0.05917920310294478,
  "mean_replay_macro_margin_abs_vs_static_reference": 0.0933356908869009,
  "median_replay_macro_margin_abs_vs_static_reference": 0.0889083758117013,
  "one_sided_sign_test_p_seed_gate": 0.109375,
  "one_sided_sign_test_p_macro_seed_positive": 0.015625,
  "one_sided_sign_test_p_macro_seed_gate": 0.015625,
  "claim_strength": "moderate_multiseed",
  "reason": ">=5 complete seeds with at least 80% full gate passes",
  "macro_claim_strength": "moderate_macro_multiseed",
  "macro_reason": ">=5 complete seeds with at least 80% macro gate passes"
}
 seed  complete  router_custom_ppo_loss  selected_static_loss                         macro_score_column  learned_margin_abs_vs_selected_static  replay_margin_abs_vs_static_reference  learned_macro_margin_abs_vs_selected_static  learned_macro_margin_abs_vs_macro_static_reference  replay_macro_margin_abs_vs_static_reference  macro_seed_positive_pass  macro_seed_gate_pass  behavior_gate_pass  seed_gate_pass
  135      True                1.177228              1.300867 oracle_loss_macro_subtype_event_staticnorm                               0.123639                               0.060482                                     0.118071                                            0.009481                                     0.046096                      True                  True                True            True
  136      True                1.568303              1.503526 oracle_loss_macro_subtype_event_staticnorm                              -0.064777                               0.097636                                     0.030835                                            0.031844                                     0.091347                      True                  True                True           False
  137      True                1.827424              2.183949 oracle_loss_macro_subtype_event_staticnorm                               0.356524                               0.085242                                     0.108343                                            0.088601                                     0.128656                      True                  True                True            True
  138      True                1.412559              1.458815 oracle_loss_macro_subtype_event_staticnorm                               0.046256                               0.108107                                     0.051618                                            0.046867                                     0.085187                      True                  True                True            True
  139      True                1.541119              1.771145 oracle_loss_macro_subtype_event_staticnorm                               0.230026                               0.119373                                     0.078877                                            0.071491                                     0.086470                      True                  True                True            True
  140      True                1.318284              1.412772 oracle_loss_macro_subtype_event_staticnorm                               0.094488                               0.129568                                     0.113205                                            0.088215                                     0.122258                      True                  True                True            True
reports/aggregate/mechanism_ablation_no_regime_aux_path_135_136_137_138_139_140_raw_macro_20260623b/metpair_seed_summary.csv
reports/aggregate/mechanism_ablation_no_regime_aux_path_135_136_137_138_139_140_raw_macro_20260623b/metpair_claim_summary.json
{
  "complete_seeds": 6,
  "seed_gate_pass_count": 5,
  "learned_gate_pass_count": 5,
  "replay_gate_pass_count": 6,
  "behavior_gate_pass_count": 6,
  "learned_macro_positive_count": 4,
  "replay_macro_positive_count": 6,
  "macro_seed_positive_count": 4,
  "learned_macro_gate_count": 0,
  "replay_macro_gate_count": 6,
  "macro_seed_gate_count": 0,
  "mean_learned_margin_abs": 0.13102596367502883,
  "median_learned_margin_abs": 0.10906341670283837,
  "mean_replay_margin_abs_vs_static_reference": 0.10006798932734758,
  "median_replay_margin_abs_vs_static_reference": 0.10287149705459342,
  "mean_learned_macro_margin_abs": 0.17102878268486243,
  "median_learned_macro_margin_abs": 0.21443970282176572,
  "mean_learned_macro_margin_abs_vs_macro_static_reference": -1.3748181176295085,
  "median_learned_macro_margin_abs_vs_macro_static_reference": -1.339574841050166,
  "mean_replay_macro_margin_abs_vs_static_reference": 0.0933356908869009,
  "median_replay_macro_margin_abs_vs_static_reference": 0.0889083758117013,
  "one_sided_sign_test_p_seed_gate": 0.109375,
  "one_sided_sign_test_p_macro_seed_positive": 0.34375,
  "one_sided_sign_test_p_macro_seed_gate": 1.0,
  "claim_strength": "moderate_multiseed",
  "reason": ">=5 complete seeds with at least 80% full gate passes",
  "macro_claim_strength": "macro_not_supported",
  "macro_reason": "macro seed-level gates are not consistently positive"
}
 seed  complete  router_custom_ppo_loss  selected_static_loss              macro_score_column  learned_margin_abs_vs_selected_static  replay_margin_abs_vs_static_reference  learned_macro_margin_abs_vs_selected_static  learned_macro_margin_abs_vs_macro_static_reference  replay_macro_margin_abs_vs_static_reference  macro_seed_positive_pass  macro_seed_gate_pass  behavior_gate_pass  seed_gate_pass
  135      True                1.177228              1.300867 oracle_loss_macro_subtype_event                               0.123639                               0.060482                                     0.402104                                           -1.473190                                     0.046096                      True                 False                True            True
  136      True                1.568303              1.503526 oracle_loss_macro_subtype_event                              -0.064777                               0.097636                                    -0.213215                                           -1.713378                                     0.091347                     False                 False                True           False
  137      True                1.827424              2.183949 oracle_loss_macro_subtype_event                               0.356524                               0.085242                                     0.474079                                           -1.221617                                     0.128656                      True                 False                True            True
  138      True                1.412559              1.458815 oracle_loss_macro_subtype_event                               0.046256                               0.108107                                    -0.086216                                           -1.457533                                     0.085187                     False                 False                True            True
  139      True                1.541119              1.771145 oracle_loss_macro_subtype_event                               0.230026                               0.119373                                     0.422645                                           -1.198054                                     0.086470                      True                 False                True            True
  140      True                1.318284              1.412772 oracle_loss_macro_subtype_event                               0.094488                               0.129568                                     0.026775                                           -1.185136                                     0.122258                      True                 False                True            True
reports/aggregate/mechanism_ablation_no_regime_aux_path_135_136_137_138_139_140_oldclaim_20260623b/oldclaim_seed_summary.csv
reports/aggregate/mechanism_ablation_no_regime_aux_path_135_136_137_138_139_140_oldclaim_20260623b/oldclaim_summary.json
{
  "complete_seeds": 6,
  "old_claim_step_gate_count": 5,
  "old_claim_macro_gate_count": 6,
  "behavior_eval_dirs": [
    "eval_router_conf05_mechablation_20260623b"
  ],
  "step_static_gate_count": 5,
  "step_rule_dynamic_gate_count": 6,
  "step_operational_gate_count": 5,
  "macro_static_gate_count": 6,
  "macro_rule_dynamic_gate_count": 6,
  "macro_operational_gate_count": 6,
  "replay_gate_count": 6,
  "replay_macro_gate_count": 6,
  "learned_replay_static_gate_count": 4,
  "learned_replay_macro_static_gate_count": 6,
  "learned_true_static_step_gate_count": 4,
  "learned_true_static_macro_gate_count": 6,
  "behavior_gate_count": 6,
  "mean_step_margin_vs_best_operational_baseline": 0.121090545188963,
  "median_step_margin_vs_best_operational_baseline": 0.09834152924031514,
  "mean_macro_margin_vs_best_operational_baseline": 0.07866356379375357,
  "median_macro_margin_vs_best_operational_baseline": 0.0839903492124413,
  "one_sided_sign_test_p_old_claim_step_gate": 0.109375,
  "one_sided_sign_test_p_old_claim_macro_gate": 0.015625,
  "one_sided_sign_test_p_learned_true_static_step_gate": 0.34375,
  "one_sided_sign_test_p_learned_true_static_macro_gate": 0.015625,
  "claim_strength": "moderate_old_claim_step",
  "reason": ">=5 complete seeds with at least 80% old-claim step gates",
  "macro_claim_strength": "moderate_old_claim_macro",
  "macro_reason": ">=5 complete seeds with at least 80% old-claim macro gates"
}
 seed  complete  custom_ppo_loss  best_static_loss best_rule_dynamic_policy  best_rule_dynamic_loss  step_margin_vs_best_operational_baseline  step_margin_vs_replay_static_reference  macro_margin_vs_best_operational_baseline  macro_margin_vs_replay_static_reference  old_claim_step_gate_pass  old_claim_macro_gate_pass  learned_true_static_step_gate_pass  learned_true_static_macro_gate_pass
  135      True         1.177228          1.279423                   random                1.297617                                  0.102195                                0.007524                                   0.089104                                 0.009481                      True                       True                                True                                 True
  136      True         1.568303          1.503526              round_robin                1.626553                                 -0.064777                               -0.065645                                   0.030835                                 0.031844                     False                       True                               False                                 True
  137      True         1.827424          2.183949              round_robin                2.145780                                  0.318355                               -0.051565                                   0.108343                                 0.088601                      True                       True                               False                                 True
  138      True         1.412559          1.458815                   random                1.540233                                  0.046256                                0.037046                                   0.051618                                 0.046867                      True                       True                                True                                 True
  139      True         1.541119          1.771145                      aoi                1.783691                                  0.230026                                0.063874                                   0.078877                                 0.071491                      True                       True                                True                                 True
  140      True         1.318284          1.412772              round_robin                1.511027                                  0.094488                                0.086513                                   0.113205                                 0.088215                      True                       True                                True                                 True
reports/aggregate/mechanism_ablation_no_regime_aux_path_135_136_137_138_139_140_decision_audit_20260623b.json
reports/aggregate/mechanism_ablation_no_regime_aux_path_135_136_137_138_139_140_decision_audit_20260623b.md
{
  "decision": "pivot_true_static_step_sign_failure",
  "rationale": "PPO loses in sign to true fixed static on at least one seed",
  "recommendation": {
    "next_layer": "simulator/data generation",
    "next_action": "Start a bounded simulator/data-balance pilot on failing seeds plus a clean control seed while preserving PPO and the met-plus-one-specialist sensing premise.",
    "protocol_report": "reports/aggregate/pdppo_next_layer_pivot_designs_20260621.md"
  },
  "gates": {
    "complete_seeds": 6,
    "step_operational_gate_count": 5,
    "macro_operational_gate_count": 6,
    "replay_step_gate_count": 6,
    "replay_macro_gate_count": 6,
    "behavior_gate_count": 6,
    "true_static_macro_gate_count": 6,
    "true_static_step_strict_gate_count": 4,
    "true_static_step_positive_count": 4,
    "old_claim_step_gate_count": 5,
    "old_claim_macro_gate_count": 6
  },
  "failures": {
    "step_operational_fail_seeds": [
      136
    ],
    "macro_operational_fail_seeds": [],
    "replay_step_fail_seeds": [],
    "replay_macro_fail_seeds": [],
    "behavior_fail_seeds": [],
    "true_static_step_sign_fail_seeds": [
      136,
      137
    ],
    "true_static_step_strict_fail_seeds": [
      136,
      137
    ],
    "true_static_macro_fail_seeds": []
  }
}
scenebal1_router_reaudit_done date=2026-06-23T07:02:01+08:00 oldclaim_dir=reports/aggregate/mechanism_ablation_no_regime_aux_path_135_136_137_138_139_140_oldclaim_20260623b decision=reports/aggregate/mechanism_ablation_no_regime_aux_path_135_136_137_138_139_140_decision_audit_20260623b.json
mechanism_ablation_collect_done label=no_regime_aux_path date=2026-06-23T07:02:01+08:00
mechanism_ablation_variant_train_start variant=no_staticnorm_train date=2026-06-23T07:02:01+08:00
mechanism_ablation_variant_train_done variant=no_staticnorm_train date=2026-06-23T07:23:25+08:00
mechanism_ablation_collect_start label=no_staticnorm_train date=2026-06-23T07:23:25+08:00
scenebal1_router_reaudit_start date=2026-06-23T07:23:25+08:00 seeds=135 136 137 138 139 140 router_conf=0.5 eval_dir=eval_router_conf05_mechablation_20260623b
reports/aggregate/mechanism_ablation_no_staticnorm_train_135_136_137_138_139_140_macro_20260623b/metpair_seed_summary.csv
reports/aggregate/mechanism_ablation_no_staticnorm_train_135_136_137_138_139_140_macro_20260623b/metpair_claim_summary.json
{
  "complete_seeds": 6,
  "seed_gate_pass_count": 6,
  "learned_gate_pass_count": 6,
  "replay_gate_pass_count": 6,
  "behavior_gate_pass_count": 6,
  "learned_macro_positive_count": 6,
  "replay_macro_positive_count": 6,
  "macro_seed_positive_count": 6,
  "learned_macro_gate_count": 6,
  "replay_macro_gate_count": 6,
  "macro_seed_gate_count": 6,
  "mean_learned_margin_abs": 0.181552011799719,
  "median_learned_margin_abs": 0.12762034200591177,
  "mean_replay_margin_abs_vs_static_reference": 0.08498895931666084,
  "median_replay_margin_abs_vs_static_reference": 0.0831466940117025,
  "mean_learned_macro_margin_abs": 0.07876746621152424,
  "median_learned_macro_margin_abs": 0.07345264381018529,
  "mean_learned_macro_margin_abs_vs_macro_static_reference": 0.07525473694158086,
  "median_learned_macro_margin_abs_vs_macro_static_reference": 0.07795326212836734,
  "mean_replay_macro_margin_abs_vs_static_reference": 0.08177681145001926,
  "median_replay_macro_margin_abs_vs_static_reference": 0.07843474309187182,
  "one_sided_sign_test_p_seed_gate": 0.015625,
  "one_sided_sign_test_p_macro_seed_positive": 0.015625,
  "one_sided_sign_test_p_macro_seed_gate": 0.015625,
  "claim_strength": "moderate_multiseed",
  "reason": ">=5 complete seeds with at least 80% full gate passes",
  "macro_claim_strength": "moderate_macro_multiseed",
  "macro_reason": ">=5 complete seeds with at least 80% macro gate passes"
}
 seed  complete  router_custom_ppo_loss  selected_static_loss                         macro_score_column  learned_margin_abs_vs_selected_static  replay_margin_abs_vs_static_reference  learned_macro_margin_abs_vs_selected_static  learned_macro_margin_abs_vs_macro_static_reference  replay_macro_margin_abs_vs_static_reference  macro_seed_positive_pass  macro_seed_gate_pass  behavior_gate_pass  seed_gate_pass
  135      True                1.160939              1.219458 oracle_loss_macro_subtype_event_staticnorm                               0.058518                               0.057273                                     0.044635                                            0.046877                                     0.052557                      True                  True                True            True
  136      True                1.430375              1.475001 oracle_loss_macro_subtype_event_staticnorm                               0.044626                               0.063930                                     0.052185                                            0.051135                                     0.057693                      True                  True                True            True
  137      True                1.751687              2.189923 oracle_loss_macro_subtype_event_staticnorm                               0.438236                               0.073297                                     0.131818                                            0.107898                                     0.119708                      True                  True                True            True
  138      True                1.327471              1.411087 oracle_loss_macro_subtype_event_staticnorm                               0.083616                               0.092997                                     0.061577                                            0.072335                                     0.073664                      True                  True                True            True
  139      True                1.489745              1.782436 oracle_loss_macro_subtype_event_staticnorm                               0.292691                               0.109469                                     0.097061                                            0.083571                                     0.083206                      True                  True                True            True
  140      True                1.286192              1.457816 oracle_loss_macro_subtype_event_staticnorm                               0.171624                               0.112970                                     0.085328                                            0.089711                                     0.103834                      True                  True                True            True
reports/aggregate/mechanism_ablation_no_staticnorm_train_135_136_137_138_139_140_raw_macro_20260623b/metpair_seed_summary.csv
reports/aggregate/mechanism_ablation_no_staticnorm_train_135_136_137_138_139_140_raw_macro_20260623b/metpair_claim_summary.json
{
  "complete_seeds": 6,
  "seed_gate_pass_count": 6,
  "learned_gate_pass_count": 6,
  "replay_gate_pass_count": 6,
  "behavior_gate_pass_count": 6,
  "learned_macro_positive_count": 6,
  "replay_macro_positive_count": 6,
  "macro_seed_positive_count": 6,
  "learned_macro_gate_count": 0,
  "replay_macro_gate_count": 6,
  "macro_seed_gate_count": 0,
  "mean_learned_margin_abs": 0.181552011799719,
  "median_learned_margin_abs": 0.12762034200591177,
  "mean_replay_margin_abs_vs_static_reference": 0.08498895931666084,
  "median_replay_margin_abs_vs_static_reference": 0.0831466940117025,
  "mean_learned_macro_margin_abs": 0.32131836817191106,
  "median_learned_macro_margin_abs": 0.30855809015930435,
  "mean_learned_macro_margin_abs_vs_macro_static_reference": -1.2105438580508991,
  "median_learned_macro_margin_abs_vs_macro_static_reference": -1.1694480781265004,
  "mean_replay_macro_margin_abs_vs_static_reference": 0.08177681145001926,
  "median_replay_macro_margin_abs_vs_static_reference": 0.07843474309187182,
  "one_sided_sign_test_p_seed_gate": 0.015625,
  "one_sided_sign_test_p_macro_seed_positive": 0.015625,
  "one_sided_sign_test_p_macro_seed_gate": 1.0,
  "claim_strength": "moderate_multiseed",
  "reason": ">=5 complete seeds with at least 80% full gate passes",
  "macro_claim_strength": "macro_not_supported",
  "macro_reason": "macro seed-level gates are not consistently positive"
}
 seed  complete  router_custom_ppo_loss  selected_static_loss              macro_score_column  learned_margin_abs_vs_selected_static  replay_margin_abs_vs_static_reference  learned_macro_margin_abs_vs_selected_static  learned_macro_margin_abs_vs_macro_static_reference  replay_macro_margin_abs_vs_static_reference  macro_seed_positive_pass  macro_seed_gate_pass  behavior_gate_pass  seed_gate_pass
  135      True                1.160939              1.219458 oracle_loss_macro_subtype_event                               0.058518                               0.057273                                     0.063361                                           -1.292888                                     0.052557                      True                 False                True            True
  136      True                1.430375              1.475001 oracle_loss_macro_subtype_event                               0.044626                               0.063930                                     0.044326                                           -1.442098                                     0.057693                      True                 False                True            True
  137      True                1.751687              2.189923 oracle_loss_macro_subtype_event                               0.438236                               0.073297                                     0.593493                                           -1.105424                                     0.119708                      True                 False                True            True
  138      True                1.327471              1.411087 oracle_loss_macro_subtype_event                               0.083616                               0.092997                                     0.080201                                           -1.233472                                     0.073664                      True                 False                True            True
  139      True                1.489745              1.782436 oracle_loss_macro_subtype_event                               0.292691                               0.109469                                     0.536915                                           -1.105153                                     0.083206                      True                 False                True            True
  140      True                1.286192              1.457816 oracle_loss_macro_subtype_event                               0.171624                               0.112970                                     0.609614                                           -1.084228                                     0.103834                      True                 False                True            True
reports/aggregate/mechanism_ablation_no_staticnorm_train_135_136_137_138_139_140_oldclaim_20260623b/oldclaim_seed_summary.csv
reports/aggregate/mechanism_ablation_no_staticnorm_train_135_136_137_138_139_140_oldclaim_20260623b/oldclaim_summary.json
{
  "complete_seeds": 6,
  "old_claim_step_gate_count": 6,
  "old_claim_macro_gate_count": 6,
  "behavior_eval_dirs": [
    "eval_router_conf05_mechablation_20260623b"
  ],
  "step_static_gate_count": 6,
  "step_rule_dynamic_gate_count": 6,
  "step_operational_gate_count": 6,
  "macro_static_gate_count": 6,
  "macro_rule_dynamic_gate_count": 6,
  "macro_operational_gate_count": 6,
  "replay_gate_count": 6,
  "replay_macro_gate_count": 6,
  "learned_replay_static_gate_count": 6,
  "learned_replay_macro_static_gate_count": 6,
  "learned_true_static_step_gate_count": 6,
  "learned_true_static_macro_gate_count": 6,
  "behavior_gate_count": 6,
  "mean_step_margin_vs_best_operational_baseline": 0.17154713960743107,
  "median_step_margin_vs_best_operational_baseline": 0.12762034200591177,
  "mean_macro_margin_vs_best_operational_baseline": 0.07876746621152424,
  "median_macro_margin_vs_best_operational_baseline": 0.07345264381018529,
  "one_sided_sign_test_p_old_claim_step_gate": 0.015625,
  "one_sided_sign_test_p_old_claim_macro_gate": 0.015625,
  "one_sided_sign_test_p_learned_true_static_step_gate": 0.015625,
  "one_sided_sign_test_p_learned_true_static_macro_gate": 0.015625,
  "claim_strength": "moderate_old_claim_step",
  "reason": ">=5 complete seeds with at least 80% old-claim step gates",
  "macro_claim_strength": "moderate_old_claim_macro",
  "macro_reason": ">=5 complete seeds with at least 80% old-claim macro gates"
}
 seed  complete  custom_ppo_loss  best_static_loss best_rule_dynamic_policy  best_rule_dynamic_loss  step_margin_vs_best_operational_baseline  step_margin_vs_replay_static_reference  macro_margin_vs_best_operational_baseline  macro_margin_vs_replay_static_reference  old_claim_step_gate_pass  old_claim_macro_gate_pass  learned_true_static_step_gate_pass  learned_true_static_macro_gate_pass
  135      True         1.160939          1.219458                   random                1.361042                                  0.058518                                0.057476                                   0.044635                                 0.046877                      True                       True                                True                                 True
  136      True         1.430375          1.475001              round_robin                1.622157                                  0.044626                                0.045251                                   0.052185                                 0.051135                      True                       True                                True                                 True
  137      True         1.751687          2.172859              round_robin                2.129894                                  0.378207                                0.046553                                   0.131818                                 0.107898                      True                       True                                True                                 True
  138      True         1.327471          1.411087                   random                1.515146                                  0.083616                                0.089208                                   0.061577                                 0.072335                      True                       True                                True                                 True
  139      True         1.489745          1.782436                      aoi                1.782678                                  0.292691                                0.107745                                   0.097061                                 0.083571                      True                       True                                True                                 True
  140      True         1.286192          1.457816              round_robin                1.505956                                  0.171624                                0.096824                                   0.085328                                 0.089711                      True                       True                                True                                 True
reports/aggregate/mechanism_ablation_no_staticnorm_train_135_136_137_138_139_140_decision_audit_20260623b.json
reports/aggregate/mechanism_ablation_no_staticnorm_train_135_136_137_138_139_140_decision_audit_20260623b.md
{
  "decision": "upgrade_allseed_strict",
  "rationale": "all pre-registered gates including strict true-static step pass",
  "recommendation": {
    "next_layer": "claim_update",
    "next_action": "Upgrade the final specialist-budget claim only after confirming every pre-registered aggregate and artifact is present.",
    "protocol_report": "reports/aggregate/pdppo_next_layer_pivot_designs_20260621.md"
  },
  "gates": {
    "complete_seeds": 6,
    "step_operational_gate_count": 6,
    "macro_operational_gate_count": 6,
    "replay_step_gate_count": 6,
    "replay_macro_gate_count": 6,
    "behavior_gate_count": 6,
    "true_static_macro_gate_count": 6,
    "true_static_step_strict_gate_count": 6,
    "true_static_step_positive_count": 6,
    "old_claim_step_gate_count": 6,
    "old_claim_macro_gate_count": 6
  },
  "failures": {
    "step_operational_fail_seeds": [],
    "macro_operational_fail_seeds": [],
    "replay_step_fail_seeds": [],
    "replay_macro_fail_seeds": [],
    "behavior_fail_seeds": [],
    "true_static_step_sign_fail_seeds": [],
    "true_static_step_strict_fail_seeds": [],
    "true_static_macro_fail_seeds": []
  }
}
scenebal1_router_reaudit_done date=2026-06-23T07:25:00+08:00 oldclaim_dir=reports/aggregate/mechanism_ablation_no_staticnorm_train_135_136_137_138_139_140_oldclaim_20260623b decision=reports/aggregate/mechanism_ablation_no_staticnorm_train_135_136_137_138_139_140_decision_audit_20260623b.json
mechanism_ablation_collect_done label=no_staticnorm_train date=2026-06-23T07:25:00+08:00
mechanism_ablation_collect_start label=full_reference date=2026-06-23T07:25:00+08:00
scenebal1_router_reaudit_start date=2026-06-23T07:25:00+08:00 seeds=135 136 137 138 139 140 router_conf=0.5 eval_dir=eval_router_conf05_mechablation_20260623b
reports/aggregate/mechanism_ablation_full_reference_135_136_137_138_139_140_macro_20260623b/metpair_seed_summary.csv
reports/aggregate/mechanism_ablation_full_reference_135_136_137_138_139_140_macro_20260623b/metpair_claim_summary.json
{
  "complete_seeds": 6,
  "seed_gate_pass_count": 6,
  "learned_gate_pass_count": 6,
  "replay_gate_pass_count": 6,
  "behavior_gate_pass_count": 6,
  "learned_macro_positive_count": 6,
  "replay_macro_positive_count": 6,
  "macro_seed_positive_count": 6,
  "learned_macro_gate_count": 6,
  "replay_macro_gate_count": 6,
  "macro_seed_gate_count": 6,
  "mean_learned_margin_abs": 0.202575667580959,
  "median_learned_margin_abs": 0.16746852800633882,
  "mean_replay_margin_abs_vs_static_reference": 0.0846209149023404,
  "median_replay_margin_abs_vs_static_reference": 0.07608832445203007,
  "mean_learned_macro_margin_abs": 0.09618209409687871,
  "median_learned_macro_margin_abs": 0.08349887700823438,
  "mean_learned_macro_margin_abs_vs_macro_static_reference": 0.07183424927024712,
  "median_learned_macro_margin_abs_vs_macro_static_reference": 0.0650221017218286,
  "mean_replay_macro_margin_abs_vs_static_reference": 0.07977575222453887,
  "median_replay_macro_margin_abs_vs_static_reference": 0.07200948822221248,
  "one_sided_sign_test_p_seed_gate": 0.015625,
  "one_sided_sign_test_p_macro_seed_positive": 0.015625,
  "one_sided_sign_test_p_macro_seed_gate": 0.015625,
  "claim_strength": "moderate_multiseed",
  "reason": ">=5 complete seeds with at least 80% full gate passes",
  "macro_claim_strength": "moderate_macro_multiseed",
  "macro_reason": ">=5 complete seeds with at least 80% macro gate passes"
}
 seed  complete  router_custom_ppo_loss  selected_static_loss                         macro_score_column  learned_margin_abs_vs_selected_static  replay_margin_abs_vs_static_reference  learned_macro_margin_abs_vs_selected_static  learned_macro_margin_abs_vs_macro_static_reference  replay_macro_margin_abs_vs_static_reference  macro_seed_positive_pass  macro_seed_gate_pass  behavior_gate_pass  seed_gate_pass
  135      True                1.140324              1.295357 oracle_loss_macro_subtype_event_staticnorm                               0.155033                               0.063617                                     0.141447                                            0.054562                                     0.059201                      True                  True                True            True
  136      True                1.439227              1.492666 oracle_loss_macro_subtype_event_staticnorm                               0.053440                               0.076756                                     0.059897                                            0.061902                                     0.071953                      True                  True                True            True
  137      True                1.714758              2.181578 oracle_loss_macro_subtype_event_staticnorm                               0.466820                               0.075421                                     0.145350                                            0.115938                                     0.131619                      True                  True                True            True
  138      True                1.334947              1.427692 oracle_loss_macro_subtype_event_staticnorm                               0.092745                               0.096213                                     0.063401                                            0.068559                                     0.072066                      True                  True                True            True
  139      True                1.513250              1.780763 oracle_loss_macro_subtype_event_staticnorm                               0.267512                               0.136055                                     0.077753                                            0.068127                                     0.087637                      True                  True                True            True
  140      True                1.295100              1.475003 oracle_loss_macro_subtype_event_staticnorm                               0.179904                               0.059663                                     0.089245                                            0.061917                                     0.056179                      True                  True                True            True
reports/aggregate/mechanism_ablation_full_reference_135_136_137_138_139_140_raw_macro_20260623b/metpair_seed_summary.csv
reports/aggregate/mechanism_ablation_full_reference_135_136_137_138_139_140_raw_macro_20260623b/metpair_claim_summary.json
{
  "complete_seeds": 6,
  "seed_gate_pass_count": 6,
  "learned_gate_pass_count": 6,
  "replay_gate_pass_count": 6,
  "behavior_gate_pass_count": 6,
  "learned_macro_positive_count": 6,
  "replay_macro_positive_count": 6,
  "macro_seed_positive_count": 6,
  "learned_macro_gate_count": 0,
  "replay_macro_gate_count": 6,
  "macro_seed_gate_count": 0,
  "mean_learned_margin_abs": 0.202575667580959,
  "median_learned_margin_abs": 0.16746852800633882,
  "mean_replay_margin_abs_vs_static_reference": 0.0846209149023404,
  "median_replay_margin_abs_vs_static_reference": 0.07608832445203007,
  "mean_learned_macro_margin_abs": 0.4108887086741941,
  "median_learned_macro_margin_abs": 0.5469110289022987,
  "mean_learned_macro_margin_abs_vs_macro_static_reference": -1.2104805053606063,
  "median_learned_macro_margin_abs_vs_macro_static_reference": -1.1961963703729017,
  "mean_replay_macro_margin_abs_vs_static_reference": 0.07977575222453887,
  "median_replay_macro_margin_abs_vs_static_reference": 0.07200948822221248,
  "one_sided_sign_test_p_seed_gate": 0.015625,
  "one_sided_sign_test_p_macro_seed_positive": 0.015625,
  "one_sided_sign_test_p_macro_seed_gate": 1.0,
  "claim_strength": "moderate_multiseed",
  "reason": ">=5 complete seeds with at least 80% full gate passes",
  "macro_claim_strength": "macro_not_supported",
  "macro_reason": "macro seed-level gates are not consistently positive"
}
 seed  complete  router_custom_ppo_loss  selected_static_loss              macro_score_column  learned_margin_abs_vs_selected_static  replay_margin_abs_vs_static_reference  learned_macro_margin_abs_vs_selected_static  learned_macro_margin_abs_vs_macro_static_reference  replay_macro_margin_abs_vs_static_reference  macro_seed_positive_pass  macro_seed_gate_pass  behavior_gate_pass  seed_gate_pass
  135      True                1.140324              1.295357 oracle_loss_macro_subtype_event                               0.155033                               0.063617                                     0.589199                                           -1.285917                                     0.059201                      True                 False                True            True
  136      True                1.439227              1.492666 oracle_loss_macro_subtype_event                               0.053440                               0.076756                                     0.057824                                           -1.428823                                     0.071953                      True                 False                True            True
  137      True                1.714758              2.181578 oracle_loss_macro_subtype_event                               0.466820                               0.075421                                     0.633647                                           -1.051908                                     0.131619                      True                 False                True            True
  138      True                1.334947              1.427692 oracle_loss_macro_subtype_event                               0.092745                               0.096213                                     0.090565                                           -1.243116                                     0.072066                      True                 False                True            True
  139      True                1.513250              1.780763 oracle_loss_macro_subtype_event                               0.267512                               0.136055                                     0.504623                                           -1.149276                                     0.087637                      True                 False                True            True
  140      True                1.295100              1.475003 oracle_loss_macro_subtype_event                               0.179904                               0.059663                                     0.589474                                           -1.103842                                     0.056179                      True                 False                True            True
reports/aggregate/mechanism_ablation_full_reference_135_136_137_138_139_140_oldclaim_20260623b/oldclaim_seed_summary.csv
reports/aggregate/mechanism_ablation_full_reference_135_136_137_138_139_140_oldclaim_20260623b/oldclaim_summary.json
{
  "complete_seeds": 6,
  "old_claim_step_gate_count": 6,
  "old_claim_macro_gate_count": 6,
  "behavior_eval_dirs": [
    "eval_router_conf05_mechablation_20260623b"
  ],
  "step_static_gate_count": 6,
  "step_rule_dynamic_gate_count": 6,
  "step_operational_gate_count": 6,
  "macro_static_gate_count": 6,
  "macro_rule_dynamic_gate_count": 6,
  "macro_operational_gate_count": 6,
  "replay_gate_count": 6,
  "replay_macro_gate_count": 6,
  "learned_replay_static_gate_count": 6,
  "learned_replay_macro_static_gate_count": 6,
  "learned_true_static_step_gate_count": 6,
  "learned_true_static_macro_gate_count": 6,
  "behavior_gate_count": 6,
  "mean_step_margin_vs_best_operational_baseline": 0.1877648041273308,
  "median_step_margin_vs_best_operational_baseline": 0.15344538845829458,
  "mean_macro_margin_vs_best_operational_baseline": 0.09013048986894961,
  "median_macro_margin_vs_best_operational_baseline": 0.08349887700823438,
  "one_sided_sign_test_p_old_claim_step_gate": 0.015625,
  "one_sided_sign_test_p_old_claim_macro_gate": 0.015625,
  "one_sided_sign_test_p_learned_true_static_step_gate": 0.015625,
  "one_sided_sign_test_p_learned_true_static_macro_gate": 0.015625,
  "claim_strength": "moderate_old_claim_step",
  "reason": ">=5 complete seeds with at least 80% old-claim step gates",
  "macro_claim_strength": "moderate_old_claim_macro",
  "macro_reason": ">=5 complete seeds with at least 80% old-claim macro gates"
}
 seed  complete  custom_ppo_loss  best_static_loss best_rule_dynamic_policy  best_rule_dynamic_loss  step_margin_vs_best_operational_baseline  step_margin_vs_replay_static_reference  macro_margin_vs_best_operational_baseline  macro_margin_vs_replay_static_reference  old_claim_step_gate_pass  old_claim_macro_gate_pass  learned_true_static_step_gate_pass  learned_true_static_macro_gate_pass
  135      True         1.140324          1.267311              round_robin                1.289855                                  0.126987                                0.058862                                   0.105137                                 0.054562                      True                       True                                True                                 True
  136      True         1.439227          1.492666              round_robin                1.656633                                  0.053440                                0.054923                                   0.059897                                 0.061902                      True                       True                                True                                 True
  137      True         1.714758          2.181578              round_robin                2.120759                                  0.406001                                0.067484                                   0.145350                                 0.115938                      True                       True                                True                                 True
  138      True         1.334947          1.427692                   random                1.521642                                  0.092745                                0.092036                                   0.063401                                 0.068559                      True                       True                                True                                 True
  139      True         1.513250          1.780763                      aoi                1.786075                                  0.267512                                0.077770                                   0.077753                                 0.068127                      True                       True                                True                                 True
  140      True         1.295100          1.475003              round_robin                1.520211                                  0.179904                                0.067890                                   0.089245                                 0.061917                      True                       True                                True                                 True
reports/aggregate/mechanism_ablation_full_reference_135_136_137_138_139_140_decision_audit_20260623b.json
reports/aggregate/mechanism_ablation_full_reference_135_136_137_138_139_140_decision_audit_20260623b.md
{
  "decision": "upgrade_allseed_strict",
  "rationale": "all pre-registered gates including strict true-static step pass",
  "recommendation": {
    "next_layer": "claim_update",
    "next_action": "Upgrade the final specialist-budget claim only after confirming every pre-registered aggregate and artifact is present.",
    "protocol_report": "reports/aggregate/pdppo_next_layer_pivot_designs_20260621.md"
  },
  "gates": {
    "complete_seeds": 6,
    "step_operational_gate_count": 6,
    "macro_operational_gate_count": 6,
    "replay_step_gate_count": 6,
    "replay_macro_gate_count": 6,
    "behavior_gate_count": 6,
    "true_static_macro_gate_count": 6,
    "true_static_step_strict_gate_count": 6,
    "true_static_step_positive_count": 6,
    "old_claim_step_gate_count": 6,
    "old_claim_macro_gate_count": 6
  },
  "failures": {
    "step_operational_fail_seeds": [],
    "macro_operational_fail_seeds": [],
    "replay_step_fail_seeds": [],
    "replay_macro_fail_seeds": [],
    "behavior_fail_seeds": [],
    "true_static_step_sign_fail_seeds": [],
    "true_static_step_strict_fail_seeds": [],
    "true_static_macro_fail_seeds": []
  }
}
scenebal1_router_reaudit_done date=2026-06-23T07:26:35+08:00 oldclaim_dir=reports/aggregate/mechanism_ablation_full_reference_135_136_137_138_139_140_oldclaim_20260623b decision=reports/aggregate/mechanism_ablation_full_reference_135_136_137_138_139_140_decision_audit_20260623b.json
mechanism_ablation_collect_done label=full_reference date=2026-06-23T07:26:35+08:00
wrote reports/aggregate/mechanism_ablation_pilot_135_136_137_138_139_140_20260623b/mechanism_ablation_summary.csv
wrote reports/aggregate/mechanism_ablation_pilot_135_136_137_138_139_140_20260623b/mechanism_ablation_summary.json
wrote reports/aggregate/mechanism_ablation_pilot_135_136_137_138_139_140_20260623b/mechanism_ablation_summary.md
mechanism_ablation_done date=2026-06-23T07:26:35+08:00 out_dir=reports/aggregate/mechanism_ablation_pilot_135_136_137_138_139_140_20260623b
BATCH_DONE 2026-06-23T07:26:35+08:00 seeds=135 136 137 138 139 140
COLLECT24_START 2026-06-23T07:26:35+08:00 label=no_imitation_guide
scenebal1_router_reaudit_start date=2026-06-23T07:26:35+08:00 seeds=117 118 119 120 121 122 123 124 125 126 127 128 129 130 131 132 133 134 135 136 137 138 139 140 router_conf=0.5 eval_dir=eval_router_conf05_mechablation_20260623b
reports/aggregate/mechanism_ablation_no_imitation_guide_117_118_119_120_121_122_123_124_125_126_127_128_129_130_131_132_133_134_135_136_137_138_139_140_macro_20260623b/metpair_seed_summary.csv
reports/aggregate/mechanism_ablation_no_imitation_guide_117_118_119_120_121_122_123_124_125_126_127_128_129_130_131_132_133_134_135_136_137_138_139_140_macro_20260623b/metpair_claim_summary.json
{
  "complete_seeds": 24,
  "seed_gate_pass_count": 24,
  "learned_gate_pass_count": 24,
  "replay_gate_pass_count": 24,
  "behavior_gate_pass_count": 24,
  "learned_macro_positive_count": 24,
  "replay_macro_positive_count": 24,
  "macro_seed_positive_count": 24,
  "learned_macro_gate_count": 24,
  "replay_macro_gate_count": 24,
  "macro_seed_gate_count": 24,
  "mean_learned_margin_abs": 0.13464845206315587,
  "median_learned_margin_abs": 0.10309452753904214,
  "mean_replay_margin_abs_vs_static_reference": 0.09057295394198188,
  "median_replay_margin_abs_vs_static_reference": 0.08840158518137287,
  "mean_learned_macro_margin_abs": 0.08039555355478349,
  "median_learned_macro_margin_abs": 0.08159413734365545,
  "mean_learned_macro_margin_abs_vs_macro_static_reference": 0.06894299665600477,
  "median_learned_macro_margin_abs_vs_macro_static_reference": 0.07532536064182105,
  "mean_replay_macro_margin_abs_vs_static_reference": 0.08020205628186611,
  "median_replay_macro_margin_abs_vs_static_reference": 0.0821807189542883,
  "one_sided_sign_test_p_seed_gate": 5.960464477539063e-08,
  "one_sided_sign_test_p_macro_seed_positive": 5.960464477539063e-08,
  "one_sided_sign_test_p_macro_seed_gate": 5.960464477539063e-08,
  "claim_strength": "strong_multiseed",
  "reason": ">=10 complete seeds with at least 80% full gate passes",
  "macro_claim_strength": "strong_macro_multiseed",
  "macro_reason": ">=10 complete seeds with at least 80% macro gate passes"
}
 seed  complete  router_custom_ppo_loss  selected_static_loss                         macro_score_column  learned_margin_abs_vs_selected_static  replay_margin_abs_vs_static_reference  learned_macro_margin_abs_vs_selected_static  learned_macro_margin_abs_vs_macro_static_reference  replay_macro_margin_abs_vs_static_reference  macro_seed_positive_pass  macro_seed_gate_pass  behavior_gate_pass  seed_gate_pass
  117      True                1.229085              1.295552 oracle_loss_macro_subtype_event_staticnorm                               0.066467                               0.051954                                     0.050204                                            0.041808                                     0.040789                      True                  True                True            True
  118      True                1.476684              1.500854 oracle_loss_macro_subtype_event_staticnorm                               0.024170                               0.071071                                     0.034585                                            0.035999                                     0.057850                      True                  True                True            True
  119      True                1.553270              1.787479 oracle_loss_macro_subtype_event_staticnorm                               0.234209                               0.113309                                     0.101008                                            0.102266                                     0.107052                      True                  True                True            True
  120      True                1.297402              1.390370 oracle_loss_macro_subtype_event_staticnorm                               0.092968                               0.091985                                     0.082545                                            0.082631                                     0.083254                      True                  True                True            True
  121      True                1.492955              1.605074 oracle_loss_macro_subtype_event_staticnorm                               0.112119                               0.120244                                     0.134122                                            0.075513                                     0.084268                      True                  True                True            True
  122      True                1.366354              1.615692 oracle_loss_macro_subtype_event_staticnorm                               0.249338                               0.094152                                     0.105702                                            0.105187                                     0.121682                      True                  True                True            True
  123      True                1.347431              1.410518 oracle_loss_macro_subtype_event_staticnorm                               0.063087                               0.103216                                     0.059844                                            0.061246                                     0.087716                      True                  True                True            True
  124      True                1.390796              1.572748 oracle_loss_macro_subtype_event_staticnorm                               0.181953                               0.100948                                     0.092561                                            0.078064                                     0.090791                      True                  True                True            True
  125      True                1.164145              1.289761 oracle_loss_macro_subtype_event_staticnorm                               0.125615                               0.129090                                     0.124610                                            0.084875                                     0.084521                      True                  True                True            True
  126      True                1.624764              1.640568 oracle_loss_macro_subtype_event_staticnorm                               0.015804                               0.043558                                     0.040166                                            0.036527                                     0.050863                      True                  True                True            True
  127      True                1.376400              1.440203 oracle_loss_macro_subtype_event_staticnorm                               0.063803                               0.078397                                     0.047208                                            0.043361                                     0.062319                      True                  True                True            True
  128      True                1.468378              1.574016 oracle_loss_macro_subtype_event_staticnorm                               0.105638                               0.102929                                     0.085908                                            0.077867                                     0.081108                      True                  True                True            True
  129      True                1.467628              1.643964 oracle_loss_macro_subtype_event_staticnorm                               0.176336                               0.122964                                     0.063007                                            0.024467                                     0.045190                      True                  True                True            True
  130      True                1.443052              1.689054 oracle_loss_macro_subtype_event_staticnorm                               0.246002                               0.080769                                     0.080643                                            0.077715                                     0.105574                      True                  True                True            True
  131      True                1.472286              1.513859 oracle_loss_macro_subtype_event_staticnorm                               0.041573                               0.069512                                     0.076204                                            0.066423                                     0.069652                      True                  True                True            True
  132      True                1.268493              1.401055 oracle_loss_macro_subtype_event_staticnorm                               0.132563                               0.122751                                     0.067280                                            0.065371                                     0.068333                      True                  True                True            True
  133      True                1.492903              1.768529 oracle_loss_macro_subtype_event_staticnorm                               0.275626                               0.078124                                     0.089989                                            0.060344                                     0.071747                      True                  True                True            True
  134      True                1.532214              1.603726 oracle_loss_macro_subtype_event_staticnorm                               0.071512                               0.084818                                     0.119255                                            0.095097                                     0.105061                      True                  True                True            True
  135      True                1.148392              1.201556 oracle_loss_macro_subtype_event_staticnorm                               0.053164                               0.062799                                     0.044741                                            0.044903                                     0.052784                      True                  True                True            True
  136      True                1.455781              1.494457 oracle_loss_macro_subtype_event_staticnorm                               0.038676                               0.076144                                     0.060893                                            0.065032                                     0.079167                      True                  True                True            True
  137      True                1.811015              2.202672 oracle_loss_macro_subtype_event_staticnorm                               0.391657                               0.059992                                     0.103205                                            0.080127                                     0.115387                      True                  True                True            True
  138      True                1.321816              1.422368 oracle_loss_macro_subtype_event_staticnorm                               0.100551                               0.104838                                     0.078390                                            0.075138                                     0.079511                      True                  True                True            True
  139      True                1.496206              1.782603 oracle_loss_macro_subtype_event_staticnorm                               0.286397                               0.136539                                     0.095014                                            0.086151                                     0.091783                      True                  True                True            True
  140      True                1.279413              1.361748 oracle_loss_macro_subtype_event_staticnorm                               0.082335                               0.073648                                     0.092409                                            0.088520                                     0.088447                      True                  True                True            True
reports/aggregate/mechanism_ablation_no_imitation_guide_117_118_119_120_121_122_123_124_125_126_127_128_129_130_131_132_133_134_135_136_137_138_139_140_raw_macro_20260623b/metpair_seed_summary.csv
reports/aggregate/mechanism_ablation_no_imitation_guide_117_118_119_120_121_122_123_124_125_126_127_128_129_130_131_132_133_134_135_136_137_138_139_140_raw_macro_20260623b/metpair_claim_summary.json
{
  "complete_seeds": 24,
  "seed_gate_pass_count": 24,
  "learned_gate_pass_count": 24,
  "replay_gate_pass_count": 24,
  "behavior_gate_pass_count": 24,
  "learned_macro_positive_count": 22,
  "replay_macro_positive_count": 24,
  "macro_seed_positive_count": 22,
  "learned_macro_gate_count": 0,
  "replay_macro_gate_count": 24,
  "macro_seed_gate_count": 0,
  "mean_learned_margin_abs": 0.13464845206315587,
  "median_learned_margin_abs": 0.10309452753904214,
  "mean_replay_margin_abs_vs_static_reference": 0.09057295394198188,
  "median_replay_margin_abs_vs_static_reference": 0.08840158518137287,
  "mean_learned_macro_margin_abs": 0.23113458230840375,
  "median_learned_macro_margin_abs": 0.0944361003521923,
  "mean_learned_macro_margin_abs_vs_macro_static_reference": -1.1628973569132472,
  "median_learned_macro_margin_abs_vs_macro_static_reference": -1.1681701035549183,
  "mean_replay_macro_margin_abs_vs_static_reference": 0.08020205628186611,
  "median_replay_macro_margin_abs_vs_static_reference": 0.0821807189542883,
  "one_sided_sign_test_p_seed_gate": 5.960464477539063e-08,
  "one_sided_sign_test_p_macro_seed_positive": 1.7940998077392578e-05,
  "one_sided_sign_test_p_macro_seed_gate": 1.0,
  "claim_strength": "strong_multiseed",
  "reason": ">=10 complete seeds with at least 80% full gate passes",
  "macro_claim_strength": "macro_not_supported",
  "macro_reason": "macro seed-level gates are not consistently positive"
}
 seed  complete  router_custom_ppo_loss  selected_static_loss              macro_score_column  learned_margin_abs_vs_selected_static  replay_margin_abs_vs_static_reference  learned_macro_margin_abs_vs_selected_static  learned_macro_margin_abs_vs_macro_static_reference  replay_macro_margin_abs_vs_static_reference  macro_seed_positive_pass  macro_seed_gate_pass  behavior_gate_pass  seed_gate_pass
  117      True                1.229085              1.295552 oracle_loss_macro_subtype_event                               0.066467                               0.051954                                     0.080565                                           -1.313395                                     0.040789                      True                 False                True            True
  118      True                1.476684              1.500854 oracle_loss_macro_subtype_event                               0.024170                               0.071071                                    -0.023541                                           -1.041171                                     0.057850                     False                 False                True            True
  119      True                1.553270              1.787479 oracle_loss_macro_subtype_event                               0.234209                               0.113309                                     0.443476                                           -0.995451                                     0.107052                      True                 False                True            True
  120      True                1.297402              1.390370 oracle_loss_macro_subtype_event                               0.092968                               0.091985                                     0.084610                                           -1.150645                                     0.083254                      True                 False                True            True
  121      True                1.492955              1.605074 oracle_loss_macro_subtype_event                               0.112119                               0.120244                                     0.108325                                           -1.338132                                     0.084268                      True                 False                True            True
  122      True                1.366354              1.615692 oracle_loss_macro_subtype_event                               0.249338                               0.094152                                     0.687662                                           -0.934473                                     0.121682                      True                 False                True            True
  123      True                1.347431              1.410518 oracle_loss_macro_subtype_event                               0.063087                               0.103216                                    -0.048964                                           -1.122433                                     0.087716                     False                 False                True            True
  124      True                1.390796              1.572748 oracle_loss_macro_subtype_event                               0.181953                               0.100948                                     0.527989                                           -1.350459                                     0.090791                      True                 False                True            True
  125      True                1.164145              1.289761 oracle_loss_macro_subtype_event                               0.125615                               0.129090                                     0.611078                                           -0.850931                                     0.084521                      True                 False                True            True
  126      True                1.624764              1.640568 oracle_loss_macro_subtype_event                               0.015804                               0.043558                                     0.000325                                           -1.295986                                     0.050863                      True                 False                True            True
  127      True                1.376400              1.440203 oracle_loss_macro_subtype_event                               0.063803                               0.078397                                     0.019485                                           -0.993099                                     0.062319                      True                 False                True            True
  128      True                1.468378              1.574016 oracle_loss_macro_subtype_event                               0.105638                               0.102929                                     0.137546                                           -0.997630                                     0.081108                      True                 False                True            True
  129      True                1.467628              1.643964 oracle_loss_macro_subtype_event                               0.176336                               0.122964                                     0.067247                                           -1.288018                                     0.045190                      True                 False                True            True
  130      True                1.443052              1.689054 oracle_loss_macro_subtype_event                               0.246002                               0.080769                                     0.524743                                           -1.134937                                     0.105574                      True                 False                True            True
  131      True                1.472286              1.513859 oracle_loss_macro_subtype_event                               0.041573                               0.069512                                     0.021163                                           -1.304668                                     0.069652                      True                 False                True            True
  132      True                1.268493              1.401055 oracle_loss_macro_subtype_event                               0.132563                               0.122751                                     0.456648                                           -1.256979                                     0.068333                      True                 False                True            True
  133      True                1.492903              1.768529 oracle_loss_macro_subtype_event                               0.275626                               0.078124                                     0.533902                                           -1.209308                                     0.071747                      True                 False                True            True
  134      True                1.532214              1.603726 oracle_loss_macro_subtype_event                               0.071512                               0.084818                                     0.062855                                           -0.924200                                     0.105061                      True                 False                True            True
  135      True                1.148392              1.201556 oracle_loss_macro_subtype_event                               0.053164                               0.062799                                     0.017558                                           -1.324579                                     0.052784                      True                 False                True            True
  136      True                1.455781              1.494457 oracle_loss_macro_subtype_event                               0.038676                               0.076144                                     0.022822                                           -1.469551                                     0.079167                      True                 False                True            True
  137      True                1.811015              2.202672 oracle_loss_macro_subtype_event                               0.391657                               0.059992                                     0.528072                                           -1.185696                                     0.115387                      True                 False                True            True
  138      True                1.321816              1.422368 oracle_loss_macro_subtype_event                               0.100551                               0.104838                                     0.104262                                           -1.224205                                     0.079511                      True                 False                True            True
  139      True                1.496206              1.782603 oracle_loss_macro_subtype_event                               0.286397                               0.136539                                     0.520379                                           -1.116125                                     0.091783                      True                 False                True            True
  140      True                1.279413              1.361748 oracle_loss_macro_subtype_event                               0.082335                               0.073648                                     0.059023                                           -1.087465                                     0.088447                      True                 False                True            True
reports/aggregate/mechanism_ablation_no_imitation_guide_117_118_119_120_121_122_123_124_125_126_127_128_129_130_131_132_133_134_135_136_137_138_139_140_oldclaim_20260623b/oldclaim_seed_summary.csv
reports/aggregate/mechanism_ablation_no_imitation_guide_117_118_119_120_121_122_123_124_125_126_127_128_129_130_131_132_133_134_135_136_137_138_139_140_oldclaim_20260623b/oldclaim_summary.json
{
  "complete_seeds": 24,
  "old_claim_step_gate_count": 24,
  "old_claim_macro_gate_count": 24,
  "behavior_eval_dirs": [
    "eval_router_conf05_mechablation_20260623b"
  ],
  "step_static_gate_count": 24,
  "step_rule_dynamic_gate_count": 24,
  "step_operational_gate_count": 24,
  "macro_static_gate_count": 24,
  "macro_rule_dynamic_gate_count": 24,
  "macro_operational_gate_count": 24,
  "replay_gate_count": 24,
  "replay_macro_gate_count": 24,
  "learned_replay_static_gate_count": 23,
  "learned_replay_macro_static_gate_count": 24,
  "learned_true_static_step_gate_count": 23,
  "learned_true_static_macro_gate_count": 24,
  "behavior_gate_count": 24,
  "mean_step_margin_vs_best_operational_baseline": 0.1306549711208618,
  "median_step_margin_vs_best_operational_baseline": 0.10309452753904214,
  "mean_macro_margin_vs_best_operational_baseline": 0.07915504593587162,
  "median_macro_margin_vs_best_operational_baseline": 0.08159413734365545,
  "one_sided_sign_test_p_old_claim_step_gate": 5.960464477539063e-08,
  "one_sided_sign_test_p_old_claim_macro_gate": 5.960464477539063e-08,
  "one_sided_sign_test_p_learned_true_static_step_gate": 1.4901161193847656e-06,
  "one_sided_sign_test_p_learned_true_static_macro_gate": 5.960464477539063e-08,
  "claim_strength": "strong_old_claim_step",
  "reason": ">=10 complete seeds with at least 80% old-claim step gates",
  "macro_claim_strength": "strong_old_claim_macro",
  "macro_reason": ">=10 complete seeds with at least 80% old-claim macro gates"
}
 seed  complete  custom_ppo_loss  best_static_loss best_rule_dynamic_policy  best_rule_dynamic_loss  step_margin_vs_best_operational_baseline  step_margin_vs_replay_static_reference  macro_margin_vs_best_operational_baseline  macro_margin_vs_replay_static_reference  old_claim_step_gate_pass  old_claim_macro_gate_pass  learned_true_static_step_gate_pass  learned_true_static_macro_gate_pass
  117      True         1.229085          1.295552              round_robin                1.354809                                  0.066467                                0.054828                                   0.050204                                 0.041808                      True                       True                                True                                 True
  118      True         1.476684          1.500854                   random                1.697160                                  0.024170                                0.023017                                   0.034585                                 0.035999                      True                       True                                True                                 True
  119      True         1.553270          1.787479                      aoi                1.818091                                  0.234209                                0.101755                                   0.101008                                 0.102266                      True                       True                                True                                 True
  120      True         1.297402          1.390370              round_robin                1.564303                                  0.092968                                0.092835                                   0.082545                                 0.082631                      True                       True                                True                                 True
  121      True         1.492955          1.605074                      aoi                1.758595                                  0.112119                                0.103946                                   0.117535                                 0.075513                      True                       True                                True                                 True
  122      True         1.366354          1.615692                      aoi                1.628448                                  0.249338                                0.074694                                   0.105702                                 0.105187                      True                       True                                True                                 True
  123      True         1.347431          1.410518              round_robin                1.506035                                  0.063087                                0.066139                                   0.059844                                 0.061246                      True                       True                                True                                 True
  124      True         1.390796          1.572748                      aoi                1.647936                                  0.181953                                0.079367                                   0.092561                                 0.078064                      True                       True                                True                                 True
  125      True         1.164145          1.289761                      aoi                1.337940                                  0.125615                                0.122820                                   0.124610                                 0.084875                      True                       True                                True                                 True
  126      True         1.624764          1.640568              round_robin                1.918447                                  0.015804                                0.013522                                   0.040166                                 0.036527                      True                       True                                True                                 True
  127      True         1.376400          1.440203                      aoi                1.532780                                  0.063803                                0.059766                                   0.047208                                 0.043361                      True                       True                                True                                 True
  128      True         1.468378          1.574016                      aoi                1.755235                                  0.105638                                0.096869                                   0.085908                                 0.077867                      True                       True                                True                                 True
  129      True         1.467628          1.643964                      aoi                1.589844                                  0.122216                                0.083191                                   0.049821                                 0.024467                      True                       True                                True                                 True
  130      True         1.443052          1.689054                   random                1.729650                                  0.246002                                0.049527                                   0.080643                                 0.077715                      True                       True                                True                                 True
  131      True         1.472286          1.513859              round_robin                1.661721                                  0.041573                                0.063472                                   0.076204                                 0.066423                      True                       True                                True                                 True
  132      True         1.268493          1.401055              round_robin                1.442347                                  0.132563                                0.121728                                   0.067280                                 0.065371                      True                       True                                True                                 True
  133      True         1.492903          1.768529                      aoi                1.779330                                  0.275626                                0.058271                                   0.089989                                 0.060344                      True                       True                                True                                 True
  134      True         1.532214          1.603726                      aoi                1.838582                                  0.071512                                0.077678                                   0.119255                                 0.095097                      True                       True                                True                                 True
  135      True         1.148392          1.201556              round_robin                1.328343                                  0.053164                                0.052418                                   0.044741                                 0.044903                      True                       True                                True                                 True
  136      True         1.455781          1.494457                   random                1.624171                                  0.038676                                0.041662                                   0.060893                                 0.065032                      True                       True                                True                                 True
  137      True         1.811015          2.193586              round_robin                2.160949                                  0.349933                               -0.001478                                   0.103205                                 0.080127                      True                       True                               False                                 True
  138      True         1.321816          1.422368                   random                1.520299                                  0.100551                                0.092049                                   0.078390                                 0.075138                      True                       True                                True                                 True
  139      True         1.496206          1.782603                      aoi                1.783518                                  0.286397                                0.118253                                   0.095014                                 0.086151                      True                       True                                True                                 True
  140      True         1.279413          1.361748              round_robin                1.494937                                  0.082335                                0.078771                                   0.092409                                 0.088520                      True                       True                                True                                 True
reports/aggregate/mechanism_ablation_no_imitation_guide_117_118_119_120_121_122_123_124_125_126_127_128_129_130_131_132_133_134_135_136_137_138_139_140_decision_audit_20260623b.json
reports/aggregate/mechanism_ablation_no_imitation_guide_117_118_119_120_121_122_123_124_125_126_127_128_129_130_131_132_133_134_135_136_137_138_139_140_decision_audit_20260623b.md
{
  "decision": "pivot_true_static_step_sign_failure",
  "rationale": "PPO loses in sign to true fixed static on at least one seed",
  "recommendation": {
    "next_layer": "simulator/data generation",
    "next_action": "Start a bounded simulator/data-balance pilot on failing seeds plus a clean control seed while preserving PPO and the met-plus-one-specialist sensing premise.",
    "protocol_report": "reports/aggregate/pdppo_next_layer_pivot_designs_20260621.md"
  },
  "gates": {
    "complete_seeds": 24,
    "step_operational_gate_count": 24,
    "macro_operational_gate_count": 24,
    "replay_step_gate_count": 24,
    "replay_macro_gate_count": 24,
    "behavior_gate_count": 24,
    "true_static_macro_gate_count": 24,
    "true_static_step_strict_gate_count": 23,
    "true_static_step_positive_count": 23,
    "old_claim_step_gate_count": 24,
    "old_claim_macro_gate_count": 24
  },
  "failures": {
    "step_operational_fail_seeds": [],
    "macro_operational_fail_seeds": [],
    "replay_step_fail_seeds": [],
    "replay_macro_fail_seeds": [],
    "behavior_fail_seeds": [],
    "true_static_step_sign_fail_seeds": [
      137
    ],
    "true_static_step_strict_fail_seeds": [
      137
    ],
    "true_static_macro_fail_seeds": []
  }
}
scenebal1_router_reaudit_done date=2026-06-23T07:27:33+08:00 oldclaim_dir=reports/aggregate/mechanism_ablation_no_imitation_guide_117_118_119_120_121_122_123_124_125_126_127_128_129_130_131_132_133_134_135_136_137_138_139_140_oldclaim_20260623b decision=reports/aggregate/mechanism_ablation_no_imitation_guide_117_118_119_120_121_122_123_124_125_126_127_128_129_130_131_132_133_134_135_136_137_138_139_140_decision_audit_20260623b.json
COLLECT24_DONE 2026-06-23T07:27:33+08:00 label=no_imitation_guide
COLLECT24_START 2026-06-23T07:27:33+08:00 label=no_regime_aux_path
scenebal1_router_reaudit_start date=2026-06-23T07:27:33+08:00 seeds=117 118 119 120 121 122 123 124 125 126 127 128 129 130 131 132 133 134 135 136 137 138 139 140 router_conf=0.5 eval_dir=eval_router_conf05_mechablation_20260623b
reports/aggregate/mechanism_ablation_no_regime_aux_path_117_118_119_120_121_122_123_124_125_126_127_128_129_130_131_132_133_134_135_136_137_138_139_140_macro_20260623b/metpair_seed_summary.csv
reports/aggregate/mechanism_ablation_no_regime_aux_path_117_118_119_120_121_122_123_124_125_126_127_128_129_130_131_132_133_134_135_136_137_138_139_140_macro_20260623b/metpair_claim_summary.json
{
  "complete_seeds": 24,
  "seed_gate_pass_count": 22,
  "learned_gate_pass_count": 22,
  "replay_gate_pass_count": 24,
  "behavior_gate_pass_count": 24,
  "learned_macro_positive_count": 24,
  "replay_macro_positive_count": 24,
  "macro_seed_positive_count": 24,
  "learned_macro_gate_count": 24,
  "replay_macro_gate_count": 24,
  "macro_seed_gate_count": 24,
  "mean_learned_margin_abs": 0.12902488694508443,
  "median_learned_margin_abs": 0.11626061053652847,
  "mean_replay_margin_abs_vs_static_reference": 0.09691430972824833,
  "median_replay_margin_abs_vs_static_reference": 0.09341767168621118,
  "mean_learned_macro_margin_abs": 0.08115530015711195,
  "median_learned_macro_margin_abs": 0.08198700789347407,
  "mean_learned_macro_margin_abs_vs_macro_static_reference": 0.06652596961005795,
  "median_learned_macro_margin_abs_vs_macro_static_reference": 0.0712910644438065,
  "mean_replay_macro_margin_abs_vs_static_reference": 0.08628087248078485,
  "median_replay_macro_margin_abs_vs_static_reference": 0.08482704772614247,
  "one_sided_sign_test_p_seed_gate": 1.7940998077392578e-05,
  "one_sided_sign_test_p_macro_seed_positive": 5.960464477539063e-08,
  "one_sided_sign_test_p_macro_seed_gate": 5.960464477539063e-08,
  "claim_strength": "strong_multiseed",
  "reason": ">=10 complete seeds with at least 80% full gate passes",
  "macro_claim_strength": "strong_macro_multiseed",
  "macro_reason": ">=10 complete seeds with at least 80% macro gate passes"
}
 seed  complete  router_custom_ppo_loss  selected_static_loss                         macro_score_column  learned_margin_abs_vs_selected_static  replay_margin_abs_vs_static_reference  learned_macro_margin_abs_vs_selected_static  learned_macro_margin_abs_vs_macro_static_reference  replay_macro_margin_abs_vs_static_reference  macro_seed_positive_pass  macro_seed_gate_pass  behavior_gate_pass  seed_gate_pass
  117      True                1.254068              1.306321 oracle_loss_macro_subtype_event_staticnorm                               0.052253                               0.058031                                     0.031755                                            0.026534                                     0.040014                      True                  True                True            True
  118      True                1.416254              1.547733 oracle_loss_macro_subtype_event_staticnorm                               0.131480                               0.127925                                     0.085097                                            0.084587                                     0.085544                      True                  True                True            True
  119      True                1.548039              1.785172 oracle_loss_macro_subtype_event_staticnorm                               0.237134                               0.119228                                     0.105527                                            0.106604                                     0.112733                      True                  True                True            True
  120      True                1.311478              1.443684 oracle_loss_macro_subtype_event_staticnorm                               0.132206                               0.138969                                     0.123750                                            0.109573                                     0.115297                      True                  True                True            True
  121      True                1.506505              1.584200 oracle_loss_macro_subtype_event_staticnorm                               0.077696                               0.085367                                     0.123134                                            0.073880                                     0.078743                      True                  True                True            True
  122      True                1.389540              1.627548 oracle_loss_macro_subtype_event_staticnorm                               0.238008                               0.104571                                     0.121587                                            0.123761                                     0.133277                      True                  True                True            True
  123      True                1.303093              1.411976 oracle_loss_macro_subtype_event_staticnorm                               0.108882                               0.129094                                     0.093390                                            0.099372                                     0.105806                      True                  True                True            True
  124      True                1.414316              1.565058 oracle_loss_macro_subtype_event_staticnorm                               0.150743                               0.082545                                     0.077669                                            0.068534                                     0.078963                      True                  True                True            True
  125      True                1.238032              1.302965 oracle_loss_macro_subtype_event_staticnorm                               0.064933                               0.093867                                     0.062091                                            0.039546                                     0.072132                      True                  True                True            True
  126      True                1.609294              1.630179 oracle_loss_macro_subtype_event_staticnorm                               0.020885                               0.047901                                     0.035126                                            0.033942                                     0.045074                      True                  True                True            True
  127      True                1.365389              1.465103 oracle_loss_macro_subtype_event_staticnorm                               0.099714                               0.110504                                     0.077306                                            0.075824                                     0.084467                      True                  True                True            True
  128      True                1.613227              1.554863 oracle_loss_macro_subtype_event_staticnorm                              -0.058364                               0.073128                                     0.022768                                            0.012045                                     0.064613                      True                  True                True           False
  129      True                1.459046              1.629018 oracle_loss_macro_subtype_event_staticnorm                               0.169972                               0.143046                                     0.066409                                            0.020781                                     0.051669                      True                  True                True            True
  130      True                1.451525              1.695667 oracle_loss_macro_subtype_event_staticnorm                               0.244142                               0.087886                                     0.099675                                            0.093909                                     0.109431                      True                  True                True            True
  131      True                1.509259              1.543722 oracle_loss_macro_subtype_event_staticnorm                               0.034463                               0.078368                                     0.058612                                            0.065905                                     0.075980                      True                  True                True            True
  132      True                1.266059              1.352728 oracle_loss_macro_subtype_event_staticnorm                               0.086669                               0.089094                                     0.089101                                            0.071091                                     0.072668                      True                  True                True            True
  133      True                1.526787              1.745762 oracle_loss_macro_subtype_event_staticnorm                               0.218976                               0.063043                                     0.072409                                            0.049948                                     0.057837                      True                  True                True            True
  134      True                1.557562              1.858213 oracle_loss_macro_subtype_event_staticnorm                               0.300651                               0.092968                                     0.101372                                            0.104289                                     0.126481                      True                  True                True            True
  135      True                1.177228              1.300867 oracle_loss_macro_subtype_event_staticnorm                               0.123639                               0.060482                                     0.118071                                            0.009481                                     0.046096                      True                  True                True            True
  136      True                1.568303              1.503526 oracle_loss_macro_subtype_event_staticnorm                              -0.064777                               0.097636                                     0.030835                                            0.031844                                     0.091347                      True                  True                True           False
  137      True                1.827424              2.183949 oracle_loss_macro_subtype_event_staticnorm                               0.356524                               0.085242                                     0.108343                                            0.088601                                     0.128656                      True                  True                True            True
  138      True                1.412559              1.458815 oracle_loss_macro_subtype_event_staticnorm                               0.046256                               0.108107                                     0.051618                                            0.046867                                     0.085187                      True                  True                True            True
  139      True                1.541119              1.771145 oracle_loss_macro_subtype_event_staticnorm                               0.230026                               0.119373                                     0.078877                                            0.071491                                     0.086470                      True                  True                True            True
  140      True                1.318284              1.412772 oracle_loss_macro_subtype_event_staticnorm                               0.094488                               0.129568                                     0.113205                                            0.088215                                     0.122258                      True                  True                True            True
reports/aggregate/mechanism_ablation_no_regime_aux_path_117_118_119_120_121_122_123_124_125_126_127_128_129_130_131_132_133_134_135_136_137_138_139_140_raw_macro_20260623b/metpair_seed_summary.csv
reports/aggregate/mechanism_ablation_no_regime_aux_path_117_118_119_120_121_122_123_124_125_126_127_128_129_130_131_132_133_134_135_136_137_138_139_140_raw_macro_20260623b/metpair_claim_summary.json
{
  "complete_seeds": 24,
  "seed_gate_pass_count": 22,
  "learned_gate_pass_count": 22,
  "replay_gate_pass_count": 24,
  "behavior_gate_pass_count": 24,
  "learned_macro_positive_count": 20,
  "replay_macro_positive_count": 24,
  "macro_seed_positive_count": 20,
  "learned_macro_gate_count": 0,
  "replay_macro_gate_count": 24,
  "macro_seed_gate_count": 0,
  "mean_learned_margin_abs": 0.12902488694508443,
  "median_learned_margin_abs": 0.11626061053652847,
  "mean_replay_margin_abs_vs_static_reference": 0.09691430972824833,
  "median_replay_margin_abs_vs_static_reference": 0.09341767168621118,
  "mean_learned_macro_margin_abs": 0.1995345092706564,
  "median_learned_macro_margin_abs": 0.1045501450084958,
  "mean_learned_macro_margin_abs_vs_macro_static_reference": -1.2228585256329134,
  "median_learned_macro_margin_abs_vs_macro_static_reference": -1.233430518574747,
  "mean_replay_macro_margin_abs_vs_static_reference": 0.08628087248078485,
  "median_replay_macro_margin_abs_vs_static_reference": 0.08482704772614247,
  "one_sided_sign_test_p_seed_gate": 1.7940998077392578e-05,
  "one_sided_sign_test_p_macro_seed_positive": 0.000771939754486084,
  "one_sided_sign_test_p_macro_seed_gate": 1.0,
  "claim_strength": "strong_multiseed",
  "reason": ">=10 complete seeds with at least 80% full gate passes",
  "macro_claim_strength": "macro_not_supported",
  "macro_reason": "macro seed-level gates are not consistently positive"
}
 seed  complete  router_custom_ppo_loss  selected_static_loss              macro_score_column  learned_margin_abs_vs_selected_static  replay_margin_abs_vs_static_reference  learned_macro_margin_abs_vs_selected_static  learned_macro_margin_abs_vs_macro_static_reference  replay_macro_margin_abs_vs_static_reference  macro_seed_positive_pass  macro_seed_gate_pass  behavior_gate_pass  seed_gate_pass
  117      True                1.254068              1.306321 oracle_loss_macro_subtype_event                               0.052253                               0.058031                                    -0.012276                                           -1.360443                                     0.040014                     False                 False                True            True
  118      True                1.416254              1.547733 oracle_loss_macro_subtype_event                               0.131480                               0.127925                                     0.114842                                           -0.926846                                     0.085544                      True                 False                True            True
  119      True                1.548039              1.785172 oracle_loss_macro_subtype_event                               0.237134                               0.119228                                     0.439773                                           -0.982237                                     0.112733                      True                 False                True            True
  120      True                1.311478              1.443684 oracle_loss_macro_subtype_event                               0.132206                               0.138969                                     0.100625                                           -1.186218                                     0.115297                      True                 False                True            True
  121      True                1.506505              1.584200 oracle_loss_macro_subtype_event                               0.077696                               0.085367                                     0.052148                                           -1.339389                                     0.078743                      True                 False                True            True
  122      True                1.389540              1.627548 oracle_loss_macro_subtype_event                               0.238008                               0.104571                                     0.670512                                           -0.960961                                     0.133277                      True                 False                True            True
  123      True                1.303093              1.411976 oracle_loss_macro_subtype_event                               0.108882                               0.129094                                     0.049971                                           -1.039614                                     0.105806                      True                 False                True            True
  124      True                1.414316              1.565058 oracle_loss_macro_subtype_event                               0.150743                               0.082545                                     0.434583                                           -1.431101                                     0.078963                      True                 False                True            True
  125      True                1.238032              1.302965 oracle_loss_macro_subtype_event                               0.064933                               0.093867                                     0.375254                                           -1.084988                                     0.072132                      True                 False                True            True
  126      True                1.609294              1.630179 oracle_loss_macro_subtype_event                               0.020885                               0.047901                                     0.020352                                           -1.265093                                     0.045074                      True                 False                True            True
  127      True                1.365389              1.465103 oracle_loss_macro_subtype_event                               0.099714                               0.110504                                     0.108476                                           -0.942982                                     0.084467                      True                 False                True            True
  128      True                1.613227              1.554863 oracle_loss_macro_subtype_event                              -0.058364                               0.073128                                    -0.169691                                           -1.254552                                     0.064613                     False                 False                True           False
  129      True                1.459046              1.629018 oracle_loss_macro_subtype_event                               0.169972                               0.143046                                     0.024227                                           -1.304197                                     0.051669                      True                 False                True            True
  130      True                1.451525              1.695667 oracle_loss_macro_subtype_event                               0.244142                               0.087886                                     0.496130                                           -1.172421                                     0.109431                      True                 False                True            True
  131      True                1.509259              1.543722 oracle_loss_macro_subtype_event                               0.034463                               0.078368                                     0.016237                                           -1.352121                                     0.075980                      True                 False                True            True
  132      True                1.266059              1.352728 oracle_loss_macro_subtype_event                               0.086669                               0.089094                                     0.058546                                           -1.245244                                     0.072668                      True                 False                True            True
  133      True                1.526787              1.745762 oracle_loss_macro_subtype_event                               0.218976                               0.063043                                     0.439956                                           -1.248009                                     0.057837                      True                 False                True            True
  134      True                1.557562              1.858213 oracle_loss_macro_subtype_event                               0.300651                               0.092968                                     0.542994                                           -1.003283                                     0.126481                      True                 False                True            True
  135      True                1.177228              1.300867 oracle_loss_macro_subtype_event                               0.123639                               0.060482                                     0.402104                                           -1.473190                                     0.046096                      True                 False                True            True
  136      True                1.568303              1.503526 oracle_loss_macro_subtype_event                              -0.064777                               0.097636                                    -0.213215                                           -1.713378                                     0.091347                     False                 False                True           False
  137      True                1.827424              2.183949 oracle_loss_macro_subtype_event                               0.356524                               0.085242                                     0.474079                                           -1.221617                                     0.128656                      True                 False                True            True
  138      True                1.412559              1.458815 oracle_loss_macro_subtype_event                               0.046256                               0.108107                                    -0.086216                                           -1.457533                                     0.085187                     False                 False                True            True
  139      True                1.541119              1.771145 oracle_loss_macro_subtype_event                               0.230026                               0.119373                                     0.422645                                           -1.198054                                     0.086470                      True                 False                True            True
  140      True                1.318284              1.412772 oracle_loss_macro_subtype_event                               0.094488                               0.129568                                     0.026775                                           -1.185136                                     0.122258                      True                 False                True            True
reports/aggregate/mechanism_ablation_no_regime_aux_path_117_118_119_120_121_122_123_124_125_126_127_128_129_130_131_132_133_134_135_136_137_138_139_140_oldclaim_20260623b/oldclaim_seed_summary.csv
reports/aggregate/mechanism_ablation_no_regime_aux_path_117_118_119_120_121_122_123_124_125_126_127_128_129_130_131_132_133_134_135_136_137_138_139_140_oldclaim_20260623b/oldclaim_summary.json
{
  "complete_seeds": 24,
  "old_claim_step_gate_count": 22,
  "old_claim_macro_gate_count": 24,
  "behavior_eval_dirs": [
    "eval_router_conf05_mechablation_20260623b"
  ],
  "step_static_gate_count": 22,
  "step_rule_dynamic_gate_count": 24,
  "step_operational_gate_count": 22,
  "macro_static_gate_count": 24,
  "macro_rule_dynamic_gate_count": 24,
  "macro_operational_gate_count": 24,
  "replay_gate_count": 24,
  "replay_macro_gate_count": 24,
  "learned_replay_static_gate_count": 21,
  "learned_replay_macro_static_gate_count": 24,
  "learned_true_static_step_gate_count": 21,
  "learned_true_static_macro_gate_count": 24,
  "behavior_gate_count": 24,
  "mean_step_margin_vs_best_operational_baseline": 0.12475939491973044,
  "median_step_margin_vs_best_operational_baseline": 0.10553872307400525,
  "mean_macro_margin_vs_best_operational_baseline": 0.07937968861235706,
  "median_macro_margin_vs_best_operational_baseline": 0.08198700789347407,
  "one_sided_sign_test_p_old_claim_step_gate": 1.7940998077392578e-05,
  "one_sided_sign_test_p_old_claim_macro_gate": 5.960464477539063e-08,
  "one_sided_sign_test_p_learned_true_static_step_gate": 0.0001385807991027832,
  "one_sided_sign_test_p_learned_true_static_macro_gate": 5.960464477539063e-08,
  "claim_strength": "strong_old_claim_step",
  "reason": ">=10 complete seeds with at least 80% old-claim step gates",
  "macro_claim_strength": "strong_old_claim_macro",
  "macro_reason": ">=10 complete seeds with at least 80% old-claim macro gates"
}
 seed  complete  custom_ppo_loss  best_static_loss best_rule_dynamic_policy  best_rule_dynamic_loss  step_margin_vs_best_operational_baseline  step_margin_vs_replay_static_reference  macro_margin_vs_best_operational_baseline  macro_margin_vs_replay_static_reference  old_claim_step_gate_pass  old_claim_macro_gate_pass  learned_true_static_step_gate_pass  learned_true_static_macro_gate_pass
  117      True         1.254068          1.306321              round_robin                1.366885                                  0.052253                                0.045003                                   0.031755                                 0.026534                      True                       True                                True                                 True
  118      True         1.416254          1.547733                   random                1.677320                                  0.131480                                0.126495                                   0.085097                                 0.084587                      True                       True                                True                                 True
  119      True         1.548039          1.785172                      aoi                1.828064                                  0.237134                                0.102155                                   0.105527                                 0.106604                      True                       True                                True                                 True
  120      True         1.311478          1.443684              round_robin                1.556655                                  0.132206                                0.128937                                   0.123750                                 0.109573                      True                       True                                True                                 True
  121      True         1.506505          1.584200                      aoi                1.759238                                  0.077696                                0.064330                                   0.123134                                 0.073880                      True                       True                                True                                 True
  122      True         1.389540          1.627548                      aoi                1.672628                                  0.238008                                0.077548                                   0.121587                                 0.123761                      True                       True                                True                                 True
  123      True         1.303093          1.411976                   random                1.486694                                  0.108882                                0.118737                                   0.093390                                 0.099372                      True                       True                                True                                 True
  124      True         1.414316          1.565058              round_robin                1.615551                                  0.150743                                0.059836                                   0.077669                                 0.068534                      True                       True                                True                                 True
  125      True         1.238032          1.302965                      aoi                1.352783                                  0.064933                                0.064094                                   0.062091                                 0.039546                      True                       True                                True                                 True
  126      True         1.609294          1.630179              round_robin                1.907595                                  0.020885                                0.019718                                   0.035126                                 0.033942                      True                       True                                True                                 True
  127      True         1.365389          1.465103              round_robin                1.539981                                  0.099714                                0.097692                                   0.077306                                 0.075824                      True                       True                                True                                 True
  128      True         1.613227          1.554863                      aoi                1.768108                                 -0.058364                               -0.062265                                   0.022768                                 0.012045                     False                       True                               False                                 True
  129      True         1.459046          1.629018              round_robin                1.592051                                  0.133006                                0.074164                                   0.052761                                 0.020781                      True                       True                                True                                 True
  130      True         1.451525          1.695667                   random                1.718422                                  0.244142                                0.046658                                   0.099675                                 0.093909                      True                       True                                True                                 True
  131      True         1.509259          1.543722                   random                1.668959                                  0.034463                                0.061415                                   0.058612                                 0.065905                      True                       True                                True                                 True
  132      True         1.266059          1.352728              round_robin                1.445093                                  0.086669                                0.084204                                   0.089101                                 0.071091                      True                       True                                True                                 True
  133      True         1.526787          1.745762                   random                1.761176                                  0.218976                                0.035639                                   0.072409                                 0.049948                      True                       True                                True                                 True
  134      True         1.557562          1.858213                      aoi                1.852420                                  0.294858                                0.042956                                   0.101372                                 0.104289                      True                       True                                True                                 True
  135      True         1.177228          1.279423                   random                1.297617                                  0.102195                                0.007524                                   0.089104                                 0.009481                      True                       True                                True                                 True
  136      True         1.568303          1.503526              round_robin                1.626553                                 -0.064777                               -0.065645                                   0.030835                                 0.031844                     False                       True                               False                                 True
  137      True         1.827424          2.183949              round_robin                2.145780                                  0.318355                               -0.051565                                   0.108343                                 0.088601                      True                       True                               False                                 True
  138      True         1.412559          1.458815                   random                1.540233                                  0.046256                                0.037046                                   0.051618                                 0.046867                      True                       True                                True                                 True
  139      True         1.541119          1.771145                      aoi                1.783691                                  0.230026                                0.063874                                   0.078877                                 0.071491                      True                       True                                True                                 True
  140      True         1.318284          1.412772              round_robin                1.511027                                  0.094488                                0.086513                                   0.113205                                 0.088215                      True                       True                                True                                 True
reports/aggregate/mechanism_ablation_no_regime_aux_path_117_118_119_120_121_122_123_124_125_126_127_128_129_130_131_132_133_134_135_136_137_138_139_140_decision_audit_20260623b.json
reports/aggregate/mechanism_ablation_no_regime_aux_path_117_118_119_120_121_122_123_124_125_126_127_128_129_130_131_132_133_134_135_136_137_138_139_140_decision_audit_20260623b.md
{
  "decision": "pivot_true_static_step_sign_failure",
  "rationale": "PPO loses in sign to true fixed static on at least one seed",
  "recommendation": {
    "next_layer": "simulator/data generation",
    "next_action": "Start a bounded simulator/data-balance pilot on failing seeds plus a clean control seed while preserving PPO and the met-plus-one-specialist sensing premise.",
    "protocol_report": "reports/aggregate/pdppo_next_layer_pivot_designs_20260621.md"
  },
  "gates": {
    "complete_seeds": 24,
    "step_operational_gate_count": 22,
    "macro_operational_gate_count": 24,
    "replay_step_gate_count": 24,
    "replay_macro_gate_count": 24,
    "behavior_gate_count": 24,
    "true_static_macro_gate_count": 24,
    "true_static_step_strict_gate_count": 21,
    "true_static_step_positive_count": 21,
    "old_claim_step_gate_count": 22,
    "old_claim_macro_gate_count": 24
  },
  "failures": {
    "step_operational_fail_seeds": [
      128,
      136
    ],
    "macro_operational_fail_seeds": [],
    "replay_step_fail_seeds": [],
    "replay_macro_fail_seeds": [],
    "behavior_fail_seeds": [],
    "true_static_step_sign_fail_seeds": [
      128,
      136,
      137
    ],
    "true_static_step_strict_fail_seeds": [
      128,
      136,
      137
    ],
    "true_static_macro_fail_seeds": []
  }
}
scenebal1_router_reaudit_done date=2026-06-23T07:28:31+08:00 oldclaim_dir=reports/aggregate/mechanism_ablation_no_regime_aux_path_117_118_119_120_121_122_123_124_125_126_127_128_129_130_131_132_133_134_135_136_137_138_139_140_oldclaim_20260623b decision=reports/aggregate/mechanism_ablation_no_regime_aux_path_117_118_119_120_121_122_123_124_125_126_127_128_129_130_131_132_133_134_135_136_137_138_139_140_decision_audit_20260623b.json
COLLECT24_DONE 2026-06-23T07:28:31+08:00 label=no_regime_aux_path
COLLECT24_START 2026-06-23T07:28:31+08:00 label=no_staticnorm_train
scenebal1_router_reaudit_start date=2026-06-23T07:28:31+08:00 seeds=117 118 119 120 121 122 123 124 125 126 127 128 129 130 131 132 133 134 135 136 137 138 139 140 router_conf=0.5 eval_dir=eval_router_conf05_mechablation_20260623b
reports/aggregate/mechanism_ablation_no_staticnorm_train_117_118_119_120_121_122_123_124_125_126_127_128_129_130_131_132_133_134_135_136_137_138_139_140_macro_20260623b/metpair_seed_summary.csv
reports/aggregate/mechanism_ablation_no_staticnorm_train_117_118_119_120_121_122_123_124_125_126_127_128_129_130_131_132_133_134_135_136_137_138_139_140_macro_20260623b/metpair_claim_summary.json
{
  "complete_seeds": 24,
  "seed_gate_pass_count": 24,
  "learned_gate_pass_count": 24,
  "replay_gate_pass_count": 24,
  "behavior_gate_pass_count": 24,
  "learned_macro_positive_count": 24,
  "replay_macro_positive_count": 24,
  "macro_seed_positive_count": 24,
  "learned_macro_gate_count": 24,
  "replay_macro_gate_count": 24,
  "macro_seed_gate_count": 24,
  "mean_learned_margin_abs": 0.14441519703387934,
  "median_learned_margin_abs": 0.1029215175265108,
  "mean_replay_margin_abs_vs_static_reference": 0.08755534609036886,
  "median_replay_margin_abs_vs_static_reference": 0.09111403445035648,
  "mean_learned_macro_margin_abs": 0.07605441195695796,
  "median_learned_macro_margin_abs": 0.07652788663546278,
  "mean_learned_macro_margin_abs_vs_macro_static_reference": 0.0703325833208421,
  "median_learned_macro_margin_abs_vs_macro_static_reference": 0.07107315462114633,
  "mean_replay_macro_margin_abs_vs_static_reference": 0.07591561415510112,
  "median_replay_macro_margin_abs_vs_static_reference": 0.07181198362067032,
  "one_sided_sign_test_p_seed_gate": 5.960464477539063e-08,
  "one_sided_sign_test_p_macro_seed_positive": 5.960464477539063e-08,
  "one_sided_sign_test_p_macro_seed_gate": 5.960464477539063e-08,
  "claim_strength": "strong_multiseed",
  "reason": ">=10 complete seeds with at least 80% full gate passes",
  "macro_claim_strength": "strong_macro_multiseed",
  "macro_reason": ">=10 complete seeds with at least 80% macro gate passes"
}
 seed  complete  router_custom_ppo_loss  selected_static_loss                         macro_score_column  learned_margin_abs_vs_selected_static  replay_margin_abs_vs_static_reference  learned_macro_margin_abs_vs_selected_static  learned_macro_margin_abs_vs_macro_static_reference  replay_macro_margin_abs_vs_static_reference  macro_seed_positive_pass  macro_seed_gate_pass  behavior_gate_pass  seed_gate_pass
  117      True                1.254807              1.306070 oracle_loss_macro_subtype_event_staticnorm                               0.051263                               0.044373                                     0.038287                                            0.032303                                     0.035109                      True                  True                True            True
  118      True                1.420509              1.495593 oracle_loss_macro_subtype_event_staticnorm                               0.075084                               0.074430                                     0.052076                                            0.055899                                     0.056922                      True                  True                True            True
  119      True                1.543360              1.771145 oracle_loss_macro_subtype_event_staticnorm                               0.227785                               0.125583                                     0.097419                                            0.098565                                     0.101677                      True                  True                True            True
  120      True                1.273777              1.419001 oracle_loss_macro_subtype_event_staticnorm                               0.145224                               0.144061                                     0.118924                                            0.120524                                     0.119171                      True                  True                True            True
  121      True                1.462076              1.562929 oracle_loss_macro_subtype_event_staticnorm                               0.100853                               0.095841                                     0.113606                                            0.074818                                     0.082194                      True                  True                True            True
  122      True                1.366745              1.599698 oracle_loss_macro_subtype_event_staticnorm                               0.232953                               0.090711                                     0.102745                                            0.098625                                     0.099686                      True                  True                True            True
  123      True                1.341544              1.415676 oracle_loss_macro_subtype_event_staticnorm                               0.074131                               0.105959                                     0.071176                                            0.073966                                     0.092613                      True                  True                True            True
  124      True                1.382528              1.570162 oracle_loss_macro_subtype_event_staticnorm                               0.187634                               0.099715                                     0.093516                                            0.081904                                     0.091095                      True                  True                True            True
  125      True                1.233192              1.301928 oracle_loss_macro_subtype_event_staticnorm                               0.068736                               0.091517                                     0.028209                                            0.028947                                     0.043157                      True                  True                True            True
  126      True                1.589922              1.627276 oracle_loss_macro_subtype_event_staticnorm                               0.037354                               0.039010                                     0.055156                                            0.047522                                     0.050686                      True                  True                True            True
  127      True                1.343058              1.448048 oracle_loss_macro_subtype_event_staticnorm                               0.104990                               0.104027                                     0.070754                                            0.067709                                     0.068679                      True                  True                True            True
  128      True                1.486230              1.557056 oracle_loss_macro_subtype_event_staticnorm                               0.070826                               0.072924                                     0.078595                                            0.069811                                     0.069960                      True                  True                True            True
  129      True                1.429317              1.535681 oracle_loss_macro_subtype_event_staticnorm                               0.106364                               0.107758                                     0.024188                                            0.022539                                     0.027743                      True                  True                True            True
  130      True                1.430018              1.685496 oracle_loss_macro_subtype_event_staticnorm                               0.255479                               0.096051                                     0.104232                                            0.102755                                     0.108169                      True                  True                True            True
  131      True                1.474269              1.517298 oracle_loss_macro_subtype_event_staticnorm                               0.043029                               0.060025                                     0.065078                                            0.064587                                     0.066902                      True                  True                True            True
  132      True                1.293387              1.345203 oracle_loss_macro_subtype_event_staticnorm                               0.051817                               0.088116                                     0.077959                                            0.054977                                     0.069923                      True                  True                True            True
  133      True                1.473368              1.736890 oracle_loss_macro_subtype_event_staticnorm                               0.263523                               0.067137                                     0.085685                                            0.064788                                     0.063528                      True                  True                True            True
  134      True                1.555837              1.835447 oracle_loss_macro_subtype_event_staticnorm                               0.279610                               0.084156                                     0.075097                                            0.076214                                     0.084098                      True                  True                True            True
  135      True                1.160939              1.219458 oracle_loss_macro_subtype_event_staticnorm                               0.058518                               0.057273                                     0.044635                                            0.046877                                     0.052557                      True                  True                True            True
  136      True                1.430375              1.475001 oracle_loss_macro_subtype_event_staticnorm                               0.044626                               0.063930                                     0.052185                                            0.051135                                     0.057693                      True                  True                True            True
  137      True                1.751687              2.189923 oracle_loss_macro_subtype_event_staticnorm                               0.438236                               0.073297                                     0.131818                                            0.107898                                     0.119708                      True                  True                True            True
  138      True                1.327471              1.411087 oracle_loss_macro_subtype_event_staticnorm                               0.083616                               0.092997                                     0.061577                                            0.072335                                     0.073664                      True                  True                True            True
  139      True                1.489745              1.782436 oracle_loss_macro_subtype_event_staticnorm                               0.292691                               0.109469                                     0.097061                                            0.083571                                     0.083206                      True                  True                True            True
  140      True                1.286192              1.457816 oracle_loss_macro_subtype_event_staticnorm                               0.171624                               0.112970                                     0.085328                                            0.089711                                     0.103834                      True                  True                True            True
reports/aggregate/mechanism_ablation_no_staticnorm_train_117_118_119_120_121_122_123_124_125_126_127_128_129_130_131_132_133_134_135_136_137_138_139_140_raw_macro_20260623b/metpair_seed_summary.csv
reports/aggregate/mechanism_ablation_no_staticnorm_train_117_118_119_120_121_122_123_124_125_126_127_128_129_130_131_132_133_134_135_136_137_138_139_140_raw_macro_20260623b/metpair_claim_summary.json
{
  "complete_seeds": 24,
  "seed_gate_pass_count": 24,
  "learned_gate_pass_count": 24,
  "replay_gate_pass_count": 24,
  "behavior_gate_pass_count": 24,
  "learned_macro_positive_count": 22,
  "replay_macro_positive_count": 24,
  "macro_seed_positive_count": 22,
  "learned_macro_gate_count": 0,
  "replay_macro_gate_count": 24,
  "macro_seed_gate_count": 0,
  "mean_learned_margin_abs": 0.14441519703387934,
  "median_learned_margin_abs": 0.1029215175265108,
  "mean_replay_margin_abs_vs_static_reference": 0.08755534609036886,
  "median_replay_margin_abs_vs_static_reference": 0.09111403445035648,
  "mean_learned_macro_margin_abs": 0.2351988457349873,
  "median_learned_macro_margin_abs": 0.09553216033865375,
  "mean_learned_macro_margin_abs_vs_macro_static_reference": -1.1515568361261275,
  "median_learned_macro_margin_abs_vs_macro_static_reference": -1.1411994744085994,
  "mean_replay_macro_margin_abs_vs_static_reference": 0.07591561415510112,
  "median_replay_macro_margin_abs_vs_static_reference": 0.07181198362067032,
  "one_sided_sign_test_p_seed_gate": 5.960464477539063e-08,
  "one_sided_sign_test_p_macro_seed_positive": 1.7940998077392578e-05,
  "one_sided_sign_test_p_macro_seed_gate": 1.0,
  "claim_strength": "strong_multiseed",
  "reason": ">=10 complete seeds with at least 80% full gate passes",
  "macro_claim_strength": "macro_not_supported",
  "macro_reason": "macro seed-level gates are not consistently positive"
}
 seed  complete  router_custom_ppo_loss  selected_static_loss              macro_score_column  learned_margin_abs_vs_selected_static  replay_margin_abs_vs_static_reference  learned_macro_margin_abs_vs_selected_static  learned_macro_margin_abs_vs_macro_static_reference  replay_macro_margin_abs_vs_static_reference  macro_seed_positive_pass  macro_seed_gate_pass  behavior_gate_pass  seed_gate_pass
  117      True                1.254807              1.306070 oracle_loss_macro_subtype_event                               0.051263                               0.044373                                     0.030319                                           -1.340924                                     0.035109                      True                 False                True            True
  118      True                1.420509              1.495593 oracle_loss_macro_subtype_event                               0.075084                               0.074430                                     0.064816                                           -0.951468                                     0.056922                      True                 False                True            True
  119      True                1.543360              1.771145 oracle_loss_macro_subtype_event                               0.227785                               0.125583                                     0.429017                                           -0.988702                                     0.101677                      True                 False                True            True
  120      True                1.273777              1.419001 oracle_loss_macro_subtype_event                               0.145224                               0.144061                                     0.131453                                           -1.111299                                     0.119171                      True                 False                True            True
  121      True                1.462076              1.562929 oracle_loss_macro_subtype_event                               0.100853                               0.095841                                     0.099168                                           -1.262724                                     0.082194                      True                 False                True            True
  122      True                1.366745              1.599698 oracle_loss_macro_subtype_event                               0.232953                               0.090711                                     0.630301                                           -0.941294                                     0.099686                      True                 False                True            True
  123      True                1.341544              1.415676 oracle_loss_macro_subtype_event                               0.074131                               0.105959                                    -0.033392                                           -1.146222                                     0.092613                     False                 False                True            True
  124      True                1.382528              1.570162 oracle_loss_macro_subtype_event                               0.187634                               0.099715                                     0.557347                                           -1.319096                                     0.091095                      True                 False                True            True
  125      True                1.233192              1.301928 oracle_loss_macro_subtype_event                               0.068736                               0.091517                                     0.008223                                           -1.017455                                     0.043157                      True                 False                True            True
  126      True                1.589922              1.627276 oracle_loss_macro_subtype_event                               0.037354                               0.039010                                     0.034434                                           -1.248206                                     0.050686                      True                 False                True            True
  127      True                1.343058              1.448048 oracle_loss_macro_subtype_event                               0.104990                               0.104027                                     0.097092                                           -0.906798                                     0.068679                      True                 False                True            True
  128      True                1.486230              1.557056 oracle_loss_macro_subtype_event                               0.070826                               0.072924                                     0.093973                                           -0.991616                                     0.069960                      True                 False                True            True
  129      True                1.429317              1.535681 oracle_loss_macro_subtype_event                               0.106364                               0.107758                                     0.056536                                           -1.166168                                     0.027743                      True                 False                True            True
  130      True                1.430018              1.685496 oracle_loss_macro_subtype_event                               0.255479                               0.096051                                     0.520312                                           -1.136177                                     0.108169                      True                 False                True            True
  131      True                1.474269              1.517298 oracle_loss_macro_subtype_event                               0.043029                               0.060025                                     0.031635                                           -1.294345                                     0.066902                      True                 False                True            True
  132      True                1.293387              1.345203 oracle_loss_macro_subtype_event                               0.051817                               0.088116                                    -0.079140                                           -1.374896                                     0.069923                     False                 False                True            True
  133      True                1.473368              1.736890 oracle_loss_macro_subtype_event                               0.263523                               0.067137                                     0.527466                                           -1.164910                                     0.063528                      True                 False                True            True
  134      True                1.555837              1.835447 oracle_loss_macro_subtype_event                               0.279610                               0.084156                                     0.517302                                           -1.011801                                     0.084098                      True                 False                True            True
  135      True                1.160939              1.219458 oracle_loss_macro_subtype_event                               0.058518                               0.057273                                     0.063361                                           -1.292888                                     0.052557                      True                 False                True            True
  136      True                1.430375              1.475001 oracle_loss_macro_subtype_event                               0.044626                               0.063930                                     0.044326                                           -1.442098                                     0.057693                      True                 False                True            True
  137      True                1.751687              2.189923 oracle_loss_macro_subtype_event                               0.438236                               0.073297                                     0.593493                                           -1.105424                                     0.119708                      True                 False                True            True
  138      True                1.327471              1.411087 oracle_loss_macro_subtype_event                               0.083616                               0.092997                                     0.080201                                           -1.233472                                     0.073664                      True                 False                True            True
  139      True                1.489745              1.782436 oracle_loss_macro_subtype_event                               0.292691                               0.109469                                     0.536915                                           -1.105153                                     0.083206                      True                 False                True            True
  140      True                1.286192              1.457816 oracle_loss_macro_subtype_event                               0.171624                               0.112970                                     0.609614                                           -1.084228                                     0.103834                      True                 False                True            True
reports/aggregate/mechanism_ablation_no_staticnorm_train_117_118_119_120_121_122_123_124_125_126_127_128_129_130_131_132_133_134_135_136_137_138_139_140_oldclaim_20260623b/oldclaim_seed_summary.csv
reports/aggregate/mechanism_ablation_no_staticnorm_train_117_118_119_120_121_122_123_124_125_126_127_128_129_130_131_132_133_134_135_136_137_138_139_140_oldclaim_20260623b/oldclaim_summary.json
{
  "complete_seeds": 24,
  "old_claim_step_gate_count": 24,
  "old_claim_macro_gate_count": 24,
  "behavior_eval_dirs": [
    "eval_router_conf05_mechablation_20260623b"
  ],
  "step_static_gate_count": 24,
  "step_rule_dynamic_gate_count": 24,
  "step_operational_gate_count": 24,
  "macro_static_gate_count": 24,
  "macro_rule_dynamic_gate_count": 24,
  "macro_operational_gate_count": 24,
  "replay_gate_count": 24,
  "replay_macro_gate_count": 24,
  "learned_replay_static_gate_count": 24,
  "learned_replay_macro_static_gate_count": 24,
  "learned_true_static_step_gate_count": 24,
  "learned_true_static_macro_gate_count": 24,
  "behavior_gate_count": 24,
  "mean_step_margin_vs_best_operational_baseline": 0.14191397898580738,
  "median_step_margin_vs_best_operational_baseline": 0.1029215175265108,
  "mean_macro_margin_vs_best_operational_baseline": 0.07605441195695796,
  "median_macro_margin_vs_best_operational_baseline": 0.07652788663546278,
  "one_sided_sign_test_p_old_claim_step_gate": 5.960464477539063e-08,
  "one_sided_sign_test_p_old_claim_macro_gate": 5.960464477539063e-08,
  "one_sided_sign_test_p_learned_true_static_step_gate": 5.960464477539063e-08,
  "one_sided_sign_test_p_learned_true_static_macro_gate": 5.960464477539063e-08,
  "claim_strength": "strong_old_claim_step",
  "reason": ">=10 complete seeds with at least 80% old-claim step gates",
  "macro_claim_strength": "strong_old_claim_macro",
  "macro_reason": ">=10 complete seeds with at least 80% old-claim macro gates"
}
 seed  complete  custom_ppo_loss  best_static_loss best_rule_dynamic_policy  best_rule_dynamic_loss  step_margin_vs_best_operational_baseline  step_margin_vs_replay_static_reference  macro_margin_vs_best_operational_baseline  macro_margin_vs_replay_static_reference  old_claim_step_gate_pass  old_claim_macro_gate_pass  learned_true_static_step_gate_pass  learned_true_static_macro_gate_pass
  117      True         1.254807          1.306070                      aoi                1.365030                                  0.051263                                0.041319                                   0.038287                                 0.032303                      True                       True                                True                                 True
  118      True         1.420509          1.495593                   random                1.683166                                  0.075084                                0.076281                                   0.052076                                 0.055899                      True                       True                                True                                 True
  119      True         1.543360          1.771145                      aoi                1.812155                                  0.227785                                0.119104                                   0.097419                                 0.098565                      True                       True                                True                                 True
  120      True         1.273777          1.419001              round_robin                1.534491                                  0.145224                                0.147318                                   0.118924                                 0.120524                      True                       True                                True                                 True
  121      True         1.462076          1.562929                      aoi                1.739573                                  0.100853                                0.089588                                   0.113606                                 0.074818                      True                       True                                True                                 True
  122      True         1.366745          1.599698              round_robin                1.634383                                  0.232953                                0.084648                                   0.102745                                 0.098625                      True                       True                                True                                 True
  123      True         1.341544          1.415676              round_robin                1.497130                                  0.074131                                0.079203                                   0.071176                                 0.073966                      True                       True                                True                                 True
  124      True         1.382528          1.570162              round_robin                1.608013                                  0.187634                                0.089746                                   0.093516                                 0.081904                      True                       True                                True                                 True
  125      True         1.233192          1.301928              round_robin                1.352890                                  0.068736                                0.067761                                   0.028209                                 0.028947                      True                       True                                True                                 True
  126      True         1.589922          1.627276              round_robin                1.942585                                  0.037354                                0.027885                                   0.055156                                 0.047522                      True                       True                                True                                 True
  127      True         1.343058          1.448048                      aoi                1.526928                                  0.104990                                0.100796                                   0.070754                                 0.067709                      True                       True                                True                                 True
  128      True         1.486230          1.557056                      aoi                1.771040                                  0.070826                                0.069271                                   0.078595                                 0.069811                      True                       True                                True                                 True
  129      True         1.429317          1.535681              round_robin                1.600641                                  0.106364                                0.103005                                   0.024188                                 0.022539                      True                       True                                True                                 True
  130      True         1.430018          1.685496                   random                1.715519                                  0.255479                                0.087420                                   0.104232                                 0.102755                      True                       True                                True                                 True
  131      True         1.474269          1.517298              round_robin                1.653915                                  0.043029                                0.055165                                   0.065078                                 0.064587                      True                       True                                True                                 True
  132      True         1.293387          1.345203              round_robin                1.458929                                  0.051817                                0.057000                                   0.077959                                 0.054977                      True                       True                                True                                 True
  133      True         1.473368          1.736890                   random                1.755828                                  0.263523                                0.064098                                   0.085685                                 0.064788                      True                       True                                True                                 True
  134      True         1.555837          1.835447                      aoi                1.840472                                  0.279610                                0.076451                                   0.075097                                 0.076214                      True                       True                                True                                 True
  135      True         1.160939          1.219458                   random                1.361042                                  0.058518                                0.057476                                   0.044635                                 0.046877                      True                       True                                True                                 True
  136      True         1.430375          1.475001              round_robin                1.622157                                  0.044626                                0.045251                                   0.052185                                 0.051135                      True                       True                                True                                 True
  137      True         1.751687          2.172859              round_robin                2.129894                                  0.378207                                0.046553                                   0.131818                                 0.107898                      True                       True                                True                                 True
  138      True         1.327471          1.411087                   random                1.515146                                  0.083616                                0.089208                                   0.061577                                 0.072335                      True                       True                                True                                 True
  139      True         1.489745          1.782436                      aoi                1.782678                                  0.292691                                0.107745                                   0.097061                                 0.083571                      True                       True                                True                                 True
  140      True         1.286192          1.457816              round_robin                1.505956                                  0.171624                                0.096824                                   0.085328                                 0.089711                      True                       True                                True                                 True
reports/aggregate/mechanism_ablation_no_staticnorm_train_117_118_119_120_121_122_123_124_125_126_127_128_129_130_131_132_133_134_135_136_137_138_139_140_decision_audit_20260623b.json
reports/aggregate/mechanism_ablation_no_staticnorm_train_117_118_119_120_121_122_123_124_125_126_127_128_129_130_131_132_133_134_135_136_137_138_139_140_decision_audit_20260623b.md
{
  "decision": "upgrade_allseed_strict",
  "rationale": "all pre-registered gates including strict true-static step pass",
  "recommendation": {
    "next_layer": "claim_update",
    "next_action": "Upgrade the final specialist-budget claim only after confirming every pre-registered aggregate and artifact is present.",
    "protocol_report": "reports/aggregate/pdppo_next_layer_pivot_designs_20260621.md"
  },
  "gates": {
    "complete_seeds": 24,
    "step_operational_gate_count": 24,
    "macro_operational_gate_count": 24,
    "replay_step_gate_count": 24,
    "replay_macro_gate_count": 24,
    "behavior_gate_count": 24,
    "true_static_macro_gate_count": 24,
    "true_static_step_strict_gate_count": 24,
    "true_static_step_positive_count": 24,
    "old_claim_step_gate_count": 24,
    "old_claim_macro_gate_count": 24
  },
  "failures": {
    "step_operational_fail_seeds": [],
    "macro_operational_fail_seeds": [],
    "replay_step_fail_seeds": [],
    "replay_macro_fail_seeds": [],
    "behavior_fail_seeds": [],
    "true_static_step_sign_fail_seeds": [],
    "true_static_step_strict_fail_seeds": [],
    "true_static_macro_fail_seeds": []
  }
}
scenebal1_router_reaudit_done date=2026-06-23T07:29:28+08:00 oldclaim_dir=reports/aggregate/mechanism_ablation_no_staticnorm_train_117_118_119_120_121_122_123_124_125_126_127_128_129_130_131_132_133_134_135_136_137_138_139_140_oldclaim_20260623b decision=reports/aggregate/mechanism_ablation_no_staticnorm_train_117_118_119_120_121_122_123_124_125_126_127_128_129_130_131_132_133_134_135_136_137_138_139_140_decision_audit_20260623b.json
COLLECT24_DONE 2026-06-23T07:29:28+08:00 label=no_staticnorm_train
COLLECT24_START 2026-06-23T07:29:28+08:00 label=full_reference
scenebal1_router_reaudit_start date=2026-06-23T07:29:28+08:00 seeds=117 118 119 120 121 122 123 124 125 126 127 128 129 130 131 132 133 134 135 136 137 138 139 140 router_conf=0.5 eval_dir=eval_router_conf05_mechablation_20260623b
reports/aggregate/mechanism_ablation_full_reference_117_118_119_120_121_122_123_124_125_126_127_128_129_130_131_132_133_134_135_136_137_138_139_140_macro_20260623b/metpair_seed_summary.csv
reports/aggregate/mechanism_ablation_full_reference_117_118_119_120_121_122_123_124_125_126_127_128_129_130_131_132_133_134_135_136_137_138_139_140_macro_20260623b/metpair_claim_summary.json
{
  "complete_seeds": 24,
  "seed_gate_pass_count": 24,
  "learned_gate_pass_count": 24,
  "replay_gate_pass_count": 24,
  "behavior_gate_pass_count": 24,
  "learned_macro_positive_count": 24,
  "replay_macro_positive_count": 24,
  "macro_seed_positive_count": 24,
  "learned_macro_gate_count": 24,
  "replay_macro_gate_count": 24,
  "macro_seed_gate_count": 24,
  "mean_learned_margin_abs": 0.15308145330345724,
  "median_learned_margin_abs": 0.10601020728631727,
  "mean_replay_margin_abs_vs_static_reference": 0.08728473067076455,
  "median_replay_margin_abs_vs_static_reference": 0.0841416904122525,
  "mean_learned_macro_margin_abs": 0.08562220954002991,
  "median_learned_macro_margin_abs": 0.08836713879481956,
  "mean_learned_macro_margin_abs_vs_macro_static_reference": 0.0709905819344724,
  "median_learned_macro_margin_abs_vs_macro_static_reference": 0.06725642379320701,
  "mean_replay_macro_margin_abs_vs_static_reference": 0.07734514374333584,
  "median_replay_macro_margin_abs_vs_static_reference": 0.07261587652006896,
  "one_sided_sign_test_p_seed_gate": 5.960464477539063e-08,
  "one_sided_sign_test_p_macro_seed_positive": 5.960464477539063e-08,
  "one_sided_sign_test_p_macro_seed_gate": 5.960464477539063e-08,
  "claim_strength": "strong_multiseed",
  "reason": ">=10 complete seeds with at least 80% full gate passes",
  "macro_claim_strength": "strong_macro_multiseed",
  "macro_reason": ">=10 complete seeds with at least 80% macro gate passes"
}
 seed  complete  router_custom_ppo_loss  selected_static_loss                         macro_score_column  learned_margin_abs_vs_selected_static  replay_margin_abs_vs_static_reference  learned_macro_margin_abs_vs_selected_static  learned_macro_margin_abs_vs_macro_static_reference  replay_macro_margin_abs_vs_static_reference  macro_seed_positive_pass  macro_seed_gate_pass  behavior_gate_pass  seed_gate_pass
  117      True                1.240080              1.284286 oracle_loss_macro_subtype_event_staticnorm                               0.044206                               0.029075                                     0.033985                                            0.023601                                     0.022158                      True                  True                True            True
  118      True                1.425456              1.499433 oracle_loss_macro_subtype_event_staticnorm                               0.073977                               0.077689                                     0.057988                                            0.059282                                     0.062881                      True                  True                True            True
  119      True                1.546240              1.773967 oracle_loss_macro_subtype_event_staticnorm                               0.227727                               0.100713                                     0.092860                                            0.080451                                     0.098857                      True                  True                True            True
  120      True                1.307702              1.410184 oracle_loss_macro_subtype_event_staticnorm                               0.102482                               0.099124                                     0.098855                                            0.096705                                     0.096478                      True                  True                True            True
  121      True                1.500917              1.576591 oracle_loss_macro_subtype_event_staticnorm                               0.075674                               0.069918                                     0.102128                                            0.064285                                     0.072536                      True                  True                True            True
  122      True                1.352790              1.601295 oracle_loss_macro_subtype_event_staticnorm                               0.248505                               0.080850                                     0.127991                                            0.119734                                     0.118278                      True                  True                True            True
  123      True                1.303559              1.404986 oracle_loss_macro_subtype_event_staticnorm                               0.101427                               0.107977                                     0.092039                                            0.093323                                     0.094096                      True                  True                True            True
  124      True                1.370659              1.562029 oracle_loss_macro_subtype_event_staticnorm                               0.191370                               0.099931                                     0.098261                                            0.079914                                     0.084629                      True                  True                True            True
  125      True                1.199128              1.300433 oracle_loss_macro_subtype_event_staticnorm                               0.101305                               0.109040                                     0.093039                                            0.049079                                     0.065541                      True                  True                True            True
  126      True                1.615862              1.665635 oracle_loss_macro_subtype_event_staticnorm                               0.049773                               0.057735                                     0.064978                                            0.060286                                     0.063768                      True                  True                True            True
  127      True                1.345055              1.426208 oracle_loss_macro_subtype_event_staticnorm                               0.081153                               0.083160                                     0.059617                                            0.058467                                     0.059420                      True                  True                True            True
  128      True                1.475099              1.529410 oracle_loss_macro_subtype_event_staticnorm                               0.054310                               0.061774                                     0.048699                                            0.042077                                     0.049841                      True                  True                True            True
  129      True                1.421708              1.569518 oracle_loss_macro_subtype_event_staticnorm                               0.147810                               0.143798                                     0.064360                                            0.049318                                     0.062542                      True                  True                True            True
  130      True                1.422421              1.678941 oracle_loss_macro_subtype_event_staticnorm                               0.256520                               0.085124                                     0.089281                                            0.087733                                     0.096269                      True                  True                True            True
  131      True                1.491821              1.523266 oracle_loss_macro_subtype_event_staticnorm                               0.031445                               0.063167                                     0.054502                                            0.066386                                     0.075291                      True                  True                True            True
  132      True                1.266469              1.376008 oracle_loss_macro_subtype_event_staticnorm                               0.109538                               0.110754                                     0.124464                                            0.072793                                     0.072696                      True                  True                True            True
  133      True                1.482023              1.748864 oracle_loss_macro_subtype_event_staticnorm                               0.266841                               0.103929                                     0.087490                                            0.083215                                     0.085484                      True                  True                True            True
  134      True                1.542216              1.836653 oracle_loss_macro_subtype_event_staticnorm                               0.294437                               0.103354                                     0.087303                                            0.086121                                     0.096862                      True                  True                True            True
  135      True                1.140324              1.295357 oracle_loss_macro_subtype_event_staticnorm                               0.155033                               0.063617                                     0.141447                                            0.054562                                     0.059201                      True                  True                True            True
  136      True                1.439227              1.492666 oracle_loss_macro_subtype_event_staticnorm                               0.053440                               0.076756                                     0.059897                                            0.061902                                     0.071953                      True                  True                True            True
  137      True                1.714758              2.181578 oracle_loss_macro_subtype_event_staticnorm                               0.466820                               0.075421                                     0.145350                                            0.115938                                     0.131619                      True                  True                True            True
  138      True                1.334947              1.427692 oracle_loss_macro_subtype_event_staticnorm                               0.092745                               0.096213                                     0.063401                                            0.068559                                     0.072066                      True                  True                True            True
  139      True                1.513250              1.780763 oracle_loss_macro_subtype_event_staticnorm                               0.267512                               0.136055                                     0.077753                                            0.068127                                     0.087637                      True                  True                True            True
  140      True                1.295100              1.475003 oracle_loss_macro_subtype_event_staticnorm                               0.179904                               0.059663                                     0.089245                                            0.061917                                     0.056179                      True                  True                True            True
reports/aggregate/mechanism_ablation_full_reference_117_118_119_120_121_122_123_124_125_126_127_128_129_130_131_132_133_134_135_136_137_138_139_140_raw_macro_20260623b/metpair_seed_summary.csv
reports/aggregate/mechanism_ablation_full_reference_117_118_119_120_121_122_123_124_125_126_127_128_129_130_131_132_133_134_135_136_137_138_139_140_raw_macro_20260623b/metpair_claim_summary.json
{
  "complete_seeds": 24,
  "seed_gate_pass_count": 24,
  "learned_gate_pass_count": 24,
  "replay_gate_pass_count": 24,
  "behavior_gate_pass_count": 24,
  "learned_macro_positive_count": 24,
  "replay_macro_positive_count": 24,
  "macro_seed_positive_count": 24,
  "learned_macro_gate_count": 0,
  "replay_macro_gate_count": 24,
  "macro_seed_gate_count": 0,
  "mean_learned_margin_abs": 0.15308145330345724,
  "median_learned_margin_abs": 0.10601020728631727,
  "mean_replay_margin_abs_vs_static_reference": 0.08728473067076455,
  "median_replay_margin_abs_vs_static_reference": 0.0841416904122525,
  "mean_learned_macro_margin_abs": 0.28566081183319236,
  "median_learned_macro_margin_abs": 0.08799497001795809,
  "mean_learned_macro_margin_abs_vs_macro_static_reference": -1.1444862807495373,
  "median_learned_macro_margin_abs_vs_macro_static_reference": -1.166126544106132,
  "mean_replay_macro_margin_abs_vs_static_reference": 0.07734514374333584,
  "median_replay_macro_margin_abs_vs_static_reference": 0.07261587652006896,
  "one_sided_sign_test_p_seed_gate": 5.960464477539063e-08,
  "one_sided_sign_test_p_macro_seed_positive": 5.960464477539063e-08,
  "one_sided_sign_test_p_macro_seed_gate": 1.0,
  "claim_strength": "strong_multiseed",
  "reason": ">=10 complete seeds with at least 80% full gate passes",
  "macro_claim_strength": "macro_not_supported",
  "macro_reason": "macro seed-level gates are not consistently positive"
}
 seed  complete  router_custom_ppo_loss  selected_static_loss              macro_score_column  learned_margin_abs_vs_selected_static  replay_margin_abs_vs_static_reference  learned_macro_margin_abs_vs_selected_static  learned_macro_margin_abs_vs_macro_static_reference  replay_macro_margin_abs_vs_static_reference  macro_seed_positive_pass  macro_seed_gate_pass  behavior_gate_pass  seed_gate_pass
  117      True                1.240080              1.284286 oracle_loss_macro_subtype_event                               0.044206                               0.029075                                     0.007722                                           -1.302007                                     0.022158                      True                 False                True            True
  118      True                1.425456              1.499433 oracle_loss_macro_subtype_event                               0.073977                               0.077689                                     0.054389                                           -0.957124                                     0.062881                      True                 False                True            True
  119      True                1.546240              1.773967 oracle_loss_macro_subtype_event                               0.227727                               0.100713                                     0.419180                                           -0.987629                                     0.098857                      True                 False                True            True
  120      True                1.307702              1.410184 oracle_loss_macro_subtype_event                               0.102482                               0.099124                                     0.072622                                           -1.201292                                     0.096478                      True                 False                True            True
  121      True                1.500917              1.576591 oracle_loss_macro_subtype_event                               0.075674                               0.069918                                     0.075838                                           -1.318058                                     0.072536                      True                 False                True            True
  122      True                1.352790              1.601295 oracle_loss_macro_subtype_event                               0.248505                               0.080850                                     0.669719                                           -0.908082                                     0.118278                      True                 False                True            True
  123      True                1.303559              1.404986 oracle_loss_macro_subtype_event                               0.101427                               0.107977                                     0.037141                                           -1.036721                                     0.094096                      True                 False                True            True
  124      True                1.370659              1.562029 oracle_loss_macro_subtype_event                               0.191370                               0.099931                                     0.539186                                           -1.321037                                     0.084629                      True                 False                True            True
  125      True                1.199128              1.300433 oracle_loss_macro_subtype_event                               0.101305                               0.109040                                     0.551387                                           -0.932384                                     0.065541                      True                 False                True            True
  126      True                1.615862              1.665635 oracle_loss_macro_subtype_event                               0.049773                               0.057735                                     0.060011                                           -1.271117                                     0.063768                      True                 False                True            True
  127      True                1.345055              1.426208 oracle_loss_macro_subtype_event                               0.081153                               0.083160                                     0.072141                                           -0.920072                                     0.059420                      True                 False                True            True
  128      True                1.475099              1.529410 oracle_loss_macro_subtype_event                               0.054310                               0.061774                                     0.055922                                           -0.976231                                     0.049841                      True                 False                True            True
  129      True                1.421708              1.569518 oracle_loss_macro_subtype_event                               0.147810                               0.143798                                     0.071011                                           -1.182977                                     0.062542                      True                 False                True            True
  130      True                1.422421              1.678941 oracle_loss_macro_subtype_event                               0.256520                               0.085124                                     0.541425                                           -1.122787                                     0.096269                      True                 False                True            True
  131      True                1.491821              1.523266 oracle_loss_macro_subtype_event                               0.031445                               0.063167                                     0.021000                                           -1.311177                                     0.075291                      True                 False                True            True
  132      True                1.266469              1.376008 oracle_loss_macro_subtype_event                               0.109538                               0.110754                                     0.085424                                           -1.283251                                     0.072696                      True                 False                True            True
  133      True                1.482023              1.748864 oracle_loss_macro_subtype_event                               0.266841                               0.103929                                     0.527382                                           -1.186675                                     0.085484                      True                 False                True            True
  134      True                1.542216              1.836653 oracle_loss_macro_subtype_event                               0.294437                               0.103354                                     0.529027                                           -0.986168                                     0.096862                      True                 False                True            True
  135      True                1.140324              1.295357 oracle_loss_macro_subtype_event                               0.155033                               0.063617                                     0.589199                                           -1.285917                                     0.059201                      True                 False                True            True
  136      True                1.439227              1.492666 oracle_loss_macro_subtype_event                               0.053440                               0.076756                                     0.057824                                           -1.428823                                     0.071953                      True                 False                True            True
  137      True                1.714758              2.181578 oracle_loss_macro_subtype_event                               0.466820                               0.075421                                     0.633647                                           -1.051908                                     0.131619                      True                 False                True            True
  138      True                1.334947              1.427692 oracle_loss_macro_subtype_event                               0.092745                               0.096213                                     0.090565                                           -1.243116                                     0.072066                      True                 False                True            True
  139      True                1.513250              1.780763 oracle_loss_macro_subtype_event                               0.267512                               0.136055                                     0.504623                                           -1.149276                                     0.087637                      True                 False                True            True
  140      True                1.295100              1.475003 oracle_loss_macro_subtype_event                               0.179904                               0.059663                                     0.589474                                           -1.103842                                     0.056179                      True                 False                True            True
reports/aggregate/mechanism_ablation_full_reference_117_118_119_120_121_122_123_124_125_126_127_128_129_130_131_132_133_134_135_136_137_138_139_140_oldclaim_20260623b/oldclaim_seed_summary.csv
reports/aggregate/mechanism_ablation_full_reference_117_118_119_120_121_122_123_124_125_126_127_128_129_130_131_132_133_134_135_136_137_138_139_140_oldclaim_20260623b/oldclaim_summary.json
{
  "complete_seeds": 24,
  "old_claim_step_gate_count": 24,
  "old_claim_macro_gate_count": 24,
  "behavior_eval_dirs": [
    "eval_router_conf05_mechablation_20260623b"
  ],
  "step_static_gate_count": 24,
  "step_rule_dynamic_gate_count": 24,
  "step_operational_gate_count": 24,
  "macro_static_gate_count": 24,
  "macro_rule_dynamic_gate_count": 24,
  "macro_operational_gate_count": 24,
  "replay_gate_count": 24,
  "replay_macro_gate_count": 24,
  "learned_replay_static_gate_count": 24,
  "learned_replay_macro_static_gate_count": 24,
  "learned_true_static_step_gate_count": 24,
  "learned_true_static_macro_gate_count": 24,
  "behavior_gate_count": 24,
  "mean_step_margin_vs_best_operational_baseline": 0.14937873744005017,
  "median_step_margin_vs_best_operational_baseline": 0.10601020728631727,
  "mean_macro_margin_vs_best_operational_baseline": 0.08410930848304765,
  "median_macro_margin_vs_best_operational_baseline": 0.08836713879481956,
  "one_sided_sign_test_p_old_claim_step_gate": 5.960464477539063e-08,
  "one_sided_sign_test_p_old_claim_macro_gate": 5.960464477539063e-08,
  "one_sided_sign_test_p_learned_true_static_step_gate": 5.960464477539063e-08,
  "one_sided_sign_test_p_learned_true_static_macro_gate": 5.960464477539063e-08,
  "claim_strength": "strong_old_claim_step",
  "reason": ">=10 complete seeds with at least 80% old-claim step gates",
  "macro_claim_strength": "strong_old_claim_macro",
  "macro_reason": ">=10 complete seeds with at least 80% old-claim macro gates"
}
 seed  complete  custom_ppo_loss  best_static_loss best_rule_dynamic_policy  best_rule_dynamic_loss  step_margin_vs_best_operational_baseline  step_margin_vs_replay_static_reference  macro_margin_vs_best_operational_baseline  macro_margin_vs_replay_static_reference  old_claim_step_gate_pass  old_claim_macro_gate_pass  learned_true_static_step_gate_pass  learned_true_static_macro_gate_pass
  117      True         1.240080          1.284286              round_robin                1.361847                                  0.044206                                0.028498                                   0.033985                                 0.023601                      True                       True                                True                                 True
  118      True         1.425456          1.499433                   random                1.687536                                  0.073977                                0.072346                                   0.057988                                 0.059282                      True                       True                                True                                 True
  119      True         1.546240          1.773967                      aoi                1.831366                                  0.227727                                0.071490                                   0.092860                                 0.080451                      True                       True                                True                                 True
  120      True         1.307702          1.410184              round_robin                1.558649                                  0.102482                                0.100144                                   0.098855                                 0.096705                      True                       True                                True                                 True
  121      True         1.500917          1.576591                      aoi                1.776799                                  0.075674                                0.063636                                   0.102128                                 0.064285                      True                       True                                True                                 True
  122      True         1.352790          1.601295              round_robin                1.626218                                  0.248505                                0.077386                                   0.127991                                 0.119734                      True                       True                                True                                 True
  123      True         1.303559          1.404986                   random                1.498609                                  0.101427                                0.105145                                   0.092039                                 0.093323                      True                       True                                True                                 True
  124      True         1.370659          1.562029              round_robin                1.600775                                  0.191370                                0.087903                                   0.098261                                 0.079914                      True                       True                                True                                 True
  125      True         1.199128          1.300433              round_robin                1.343032                                  0.101305                                0.098775                                   0.093039                                 0.049079                      True                       True                                True                                 True
  126      True         1.615862          1.665635              round_robin                1.966973                                  0.049773                                0.048874                                   0.064978                                 0.060286                      True                       True                                True                                 True
  127      True         1.345055          1.426208              round_robin                1.542996                                  0.081153                                0.079565                                   0.059617                                 0.058467                      True                       True                                True                                 True
  128      True         1.475099          1.529410                      aoi                1.773506                                  0.054310                                0.053172                                   0.048699                                 0.042077                      True                       True                                True                                 True
  129      True         1.421708          1.569518              round_robin                1.586695                                  0.147810                                0.119145                                   0.064360                                 0.049318                      True                       True                                True                                 True
  130      True         1.422421          1.678941                   random                1.704903                                  0.256520                                0.077466                                   0.089281                                 0.087733                      True                       True                                True                                 True
  131      True         1.491821          1.523266                   random                1.672562                                  0.031445                                0.047888                                   0.054502                                 0.066386                      True                       True                                True                                 True
  132      True         1.266469          1.376008              round_robin                1.441259                                  0.109538                                0.111594                                   0.124464                                 0.072793                      True                       True                                True                                 True
  133      True         1.482023          1.748864                   random                1.762968                                  0.266841                                0.099107                                   0.087490                                 0.083215                      True                       True                                True                                 True
  134      True         1.542216          1.836653                      aoi                1.851128                                  0.294437                                0.084520                                   0.087303                                 0.086121                      True                       True                                True                                 True
  135      True         1.140324          1.267311              round_robin                1.289855                                  0.126987                                0.058862                                   0.105137                                 0.054562                      True                       True                                True                                 True
  136      True         1.439227          1.492666              round_robin                1.656633                                  0.053440                                0.054923                                   0.059897                                 0.061902                      True                       True                                True                                 True
  137      True         1.714758          2.181578              round_robin                2.120759                                  0.406001                                0.067484                                   0.145350                                 0.115938                      True                       True                                True                                 True
  138      True         1.334947          1.427692                   random                1.521642                                  0.092745                                0.092036                                   0.063401                                 0.068559                      True                       True                                True                                 True
  139      True         1.513250          1.780763                      aoi                1.786075                                  0.267512                                0.077770                                   0.077753                                 0.068127                      True                       True                                True                                 True
  140      True         1.295100          1.475003              round_robin                1.520211                                  0.179904                                0.067890                                   0.089245                                 0.061917                      True                       True                                True                                 True
reports/aggregate/mechanism_ablation_full_reference_117_118_119_120_121_122_123_124_125_126_127_128_129_130_131_132_133_134_135_136_137_138_139_140_decision_audit_20260623b.json
reports/aggregate/mechanism_ablation_full_reference_117_118_119_120_121_122_123_124_125_126_127_128_129_130_131_132_133_134_135_136_137_138_139_140_decision_audit_20260623b.md
{
  "decision": "upgrade_allseed_strict",
  "rationale": "all pre-registered gates including strict true-static step pass",
  "recommendation": {
    "next_layer": "claim_update",
    "next_action": "Upgrade the final specialist-budget claim only after confirming every pre-registered aggregate and artifact is present.",
    "protocol_report": "reports/aggregate/pdppo_next_layer_pivot_designs_20260621.md"
  },
  "gates": {
    "complete_seeds": 24,
    "step_operational_gate_count": 24,
    "macro_operational_gate_count": 24,
    "replay_step_gate_count": 24,
    "replay_macro_gate_count": 24,
    "behavior_gate_count": 24,
    "true_static_macro_gate_count": 24,
    "true_static_step_strict_gate_count": 24,
    "true_static_step_positive_count": 24,
    "old_claim_step_gate_count": 24,
    "old_claim_macro_gate_count": 24
  },
  "failures": {
    "step_operational_fail_seeds": [],
    "macro_operational_fail_seeds": [],
    "replay_step_fail_seeds": [],
    "replay_macro_fail_seeds": [],
    "behavior_fail_seeds": [],
    "true_static_step_sign_fail_seeds": [],
    "true_static_step_strict_fail_seeds": [],
    "true_static_macro_fail_seeds": []
  }
}
scenebal1_router_reaudit_done date=2026-06-23T07:30:26+08:00 oldclaim_dir=reports/aggregate/mechanism_ablation_full_reference_117_118_119_120_121_122_123_124_125_126_127_128_129_130_131_132_133_134_135_136_137_138_139_140_oldclaim_20260623b decision=reports/aggregate/mechanism_ablation_full_reference_117_118_119_120_121_122_123_124_125_126_127_128_129_130_131_132_133_134_135_136_137_138_139_140_decision_audit_20260623b.json
COLLECT24_DONE 2026-06-23T07:30:26+08:00 label=full_reference
wrote reports/aggregate/mechanism_ablation_24seed_117_118_119_120_121_122_123_124_125_126_127_128_129_130_131_132_133_134_135_136_137_138_139_140_20260623b/mechanism_ablation_summary.csv
wrote reports/aggregate/mechanism_ablation_24seed_117_118_119_120_121_122_123_124_125_126_127_128_129_130_131_132_133_134_135_136_137_138_139_140_20260623b/mechanism_ablation_summary.json
wrote reports/aggregate/mechanism_ablation_24seed_117_118_119_120_121_122_123_124_125_126_127_128_129_130_131_132_133_134_135_136_137_138_139_140_20260623b/mechanism_ablation_summary.md
DONE 2026-06-23T07:30:26+08:00 out_dir=reports/aggregate/mechanism_ablation_24seed_117_118_119_120_121_122_123_124_125_126_127_128_129_130_131_132_133_134_135_136_137_138_139_140_20260623b
